OFF
# face-rotation BFS net; polygonal faces are preserved
# the cell decomposition is listed below as comments
1590 1440 0
-1.9999999999999982 1.00007107205675e-15 -4.181540550352055
-3.414213562373093 0.8164965809277268 -3.026840011972803
-4.414213562373093 0.23914631173810064 -1.3938468501173507
-4.414213562373093 -1.393846850117351 -0.23914631173809905
-3.4142135623730936 -3.1258976576862283 -0.23914631173809905
-1.9999999999999984 -3.942394238613954 -1.3938468501173507
-0.9999999999999982 -3.365043969424328 -3.026840011972803
-0.9999999999999982 -1.732050807568876 -4.181540550352055
-0.7071067811865467 0.7464522479153889 4.519744507803583
-2.414213562373094 1.3938468501173522 3.7032479268758562
-3.8284271247461885 0.5773502691896257 2.548547388496605
-4.121320343559641 -1.2247448713915887 1.7320508075688794
-3.1213203435596415 -2.9567956789604657 1.7320508075688794
-1.414213562373094 -3.6041902811624285 2.548547388496605
1.1792034397339492e-15 -2.7876937002347026 3.7032479268758562
0.29289321881345354 -0.9855985596534881 4.519744507803583
-0.707106781186546 4.0124385716262925 2.2103434310450787
-2.4142135623730936 3.026840011972804 2.548547388496605
-3.8284271247461885 2.210343431045078 1.393846850117353
-4.121320343559641 2.0412414523193156 -0.5773502691896248
-3.1213203435596406 2.618591721508942 -2.2103434310450774
-1.4142135623730931 3.60419028116243 -2.548547388496603
2.0673818594340745e-15 4.420686862090156 -1.3938468501173513
0.292893218813454 4.589788840815919 0.5773502691896266
3.121320343559643 -2.6185917215089396 2.210343431045079
1.414213562373096 -3.6041902811624285 2.548547388496605
1.4147173085365154e-15 -4.420686862090155 1.393846850117353
-0.292893218813451 -4.589788840815917 -0.5773502691896248
0.707106781186549 -4.012438571626292 -2.210343431045077
2.414213562373095 -3.026840011972802 -2.5485473884966026
3.8284271247461903 -2.210343431045076 -1.393846850117351
4.121320343559643 -2.0412414523193134 0.5773502691896268
3.1213203435596437 2.9567956789604675 -1.732050807568877
1.414213562373097 3.6041902811624302 -2.548547388496603
2.3028957282366407e-15 2.7876937002347044 -3.7032479268758545
-0.29289321881345054 0.9855985596534896 -4.519744507803581
0.707106781186549 -0.7464522479153871 -4.519744507803581
2.4142135623730967 -1.3938468501173502 -3.7032479268758545
3.828427124746191 -0.5773502691896241 -2.548547388496603
4.121320343559644 1.2247448713915907 -1.732050807568877
3.414213562373096 3.12589765768623 0.23914631173810122
2.0000000000000013 3.942394238613956 1.3938468501173527
1.0000000000000018 3.3650439694243297 3.026840011972805
1.0000000000000013 1.7320508075688776 4.181540550352057
2.000000000000001 9.718803214940665e-16 4.181540550352057
3.414213562373096 -0.8164965809277248 3.026840011972806
4.414213562373096 -0.23914631173809883 1.393846850117353
4.414213562373096 1.3938468501173533 0.23914631173810122
-8.771236166328249 -2.5952436105048275 -1.9381779040691702
-7.495093791412854 -3.3980631846621367 -0.6240464911978507
-5.690355937288489 -2.9004283527185444 0.07971543724603447
-5.690355937288488 1.04196588589541 -2.70797826298867
-7.4950937914128515 0.544331053951818 -3.411740191432555
-8.771236166328249 -0.9622504486493757 -3.0928784424484217
-7.771236166328253 -2.017893341315202 4.79191003477949
-6.909307353785952 -3.059859227210611 3.318347747416105
-5.397462718475038 -2.7313263739927818 2.0509125565530124
-4.690355937288491 1.6193161550850357 4.02210967585999
-6.202200572599404 1.2907833018672066 5.289544866723083
-7.4783429475148 -0.21579820073398714 5.608406615707217
-7.77123616632825 5.190487221009656 -0.3051847422137186
-6.909307353785948 4.148521335114247 -1.778747029577103
-5.397462718475035 2.844061026476625 -1.891481682060944
-4.69035593728849 3.2523093169404875 2.8674091374807382
-6.202200572599402 4.556769625578109 2.980143789964579
-7.478342947514799 5.359589199735419 1.66601237709326
-11.087818655763531 -1.2110678646211714 4.200882758819446
-9.575974020452618 -2.515528173258794 4.0881481063356055
-8.714045207910315 -3.5574940591542035 2.61458581897222
-9.006938426723767 -3.7265960378799665 0.6433886996652424
-10.283080801639162 -2.923776463722657 -0.6707427132060775
-11.794925436950075 -1.6193161550850341 -0.5580080607222362
-12.656854249492378 -0.5773502691896251 0.9155542266411487
-12.363961030678926 -0.40824829046386224 2.886751345948127
-11.087818655763527 4.364319535848233 0.2584885202054896
-9.575974020452616 4.692852389066063 -1.0089466706576031
-8.714045207910312 3.650886503170655 -2.4825089580209885
-9.006938426723764 1.8487913625894399 -3.2990055389487134
-10.283080801639162 0.3422098599882469 -2.9801437899645817
-11.794925436950074 0.013677006770417277 -1.712708599101488
-12.656854249492376 1.0556428926658268 -0.2391463117381032
-12.363961030678924 2.857738033247042 0.577350269189623
-10.794925436950075 4.533421514573997 2.229685639512468
-8.990187582825712 5.031056346517589 2.9334475679563528
-7.714045207910316 4.228236772360281 4.247578980827672
-7.714045207910317 2.5952436105048284 5.402279519206925
-8.990187582825714 1.0886621079036352 5.721141268191058
-10.794925436950077 0.5910272759600428 5.017379339747173
-12.071067811865474 1.3938468501173524 3.703247926875853
-12.071067811865472 3.0268400119728045 2.5485473884966012
-3.2761423749153957 -6.763107154086465 -3.4117401914325525
-1.942809041582062 -5.448975741215149 -2.707978262988669
-5.357022603955157 -3.4777786219081683 0.07971543724603514
-6.69035593728849 -4.791910034779487 -0.6240464911978485
-6.633164978870553 -6.298491537380681 -1.9381779040691667
-5.218951416497458 -7.114988118308407 -3.092878442448418
-1.9832491561019425 -6.016654906171075 5.289544866723085
-0.9428090415820614 -4.871625472025521 4.022109675859991
-5.064129385141704 -3.3086766431824053 2.0509125565530133
-6.104569499661585 -4.453706077327961 3.318347747416107
-5.633164978870553 -5.721141268191054 4.791910034779493
-3.9260581976840054 -6.368535870393017 5.608406615707219
0.6094757082487305 -9.325331549353486 -0.3051847422137146
0.1380711874576992 -8.057896358490392 -1.7787470295771004
-0.23570226039551478 -6.09637034341711 -1.8914816820609426
0.47140452079103357 -5.688122052953246 2.8674091374807387
0.8451779686442471 -7.649648068026528 2.9801437899645813
0.9023689270621835 -9.15622957062772 1.666012377093263
-6.82842712474619 -10.672482177462612 0.9155542266411554
-7.29983164553722 -9.405046986599517 -0.5580080607222304
-7.673605093390433 -7.443520971526236 -0.6707427132060728
-7.730796051808372 -5.936939468925042 0.6433886996652457
-7.437902832994918 -5.767837490199279 2.6145858189722233
-6.966498312203887 -7.035272681062372 4.088148106335609
-6.592724864350673 -8.996798696135652 4.200882758819452
-6.535533905932737 -10.503380198736847 2.886751345948133
-1.764297739604484 -11.784492396370359 0.2584885202054956
-0.7238576250846029 -10.639462962224803 -1.0089466706575982
-1.1952621458756347 -9.37202777136171 -2.482508958020984
-2.902368927062182 -8.724633169159748 -3.29900553894871
-4.845177968644245 -9.07651413338169 -2.9801437899645755
-5.885618083164125 -10.221543567527243 -1.7127085991014819
-5.414213562373094 -11.488978758390337 -0.2391463117380963
-3.707106781186547 -12.1363733605923 0.5773502691896298
-1.4714045207910313 -11.615390417644596 2.2296856395124736
-0.13807118745769786 -10.301259004773277 2.9334475679563576
-0.19526214587563429 -8.794677502172082 4.247578980827676
-1.609475708248729 -7.9781809212443555 5.402279519206927
-3.552284749830792 -8.330061885466298 5.721141268191061
-4.885618083164125 -9.644193298337616 5.017379339747178
-4.82842712474619 -11.15077480093881 3.7032479268758602
-3.4142135623730945 -11.967271381866539 2.5485473884966074
-3.2761423749153944 -0.9622504486493737 -7.5135653045385755
-1.9428090415820611 -0.7367811436816902 -6.040003017175191
-5.357022603955157 1.2344159756252862 -3.2523093169404866
-6.690355937288489 1.0089466706576027 -4.725871604303872
-6.633164978870553 0.2721655269759098 -6.584334071127008
-5.2189514164974575 -0.544331053951816 -7.73903460950626
-1.9832491561019414 6.992582361590872 -3.9093750233761457
-0.9428090415820609 5.415956525977342 -3.252309316940486
-5.064129385141703 3.0365111162065004 -2.4358127360127604
-6.104569499661584 4.613136951820032 -3.092878442448419
-5.6331649788705525 6.424903196634943 -3.7966403708923036
-3.9260581976840045 7.410501756288432 -4.134844328343829
0.6094757082487328 2.8207129154725137 -8.893735147885511
0.13807118745770097 1.0089466706576031 -8.189973219441628
-0.235702260395513 0.24881741597179774 -6.378206974626716
0.4714045207910349 4.599459945049615 -4.407009855319737
0.8451779686442502 5.359589199735421 -6.218776100134649
0.9023689270621857 4.622808056053729 -8.077238566957785
-6.828427124746186 4.420686862090157 -9.756927950821463
-7.299831645537219 2.6089206172752473 -9.053166022377578
-7.673605093390433 1.8487913625894414 -7.241399777562667
-7.730796051808369 2.5855725062711334 -5.382937310739531
-7.437902832994917 4.387667646852349 -4.566440729811806
-6.9664983122038855 6.199433891667258 -5.270202658255689
-6.592724864350671 6.959563146353064 -7.0819689030706
-6.535533905932734 6.222782002671373 -8.940431369893735
-1.7642977396044806 4.171869446118362 -11.024363141684557
-0.7238576250846003 2.5952436105048307 -10.367297435248895
-1.195262145875632 0.7834773656899197 -9.663535506805012
-2.90236892706218 -0.2021211939635692 -9.325331549353487
-4.845177968644243 0.2157982007339898 -9.55080085432117
-5.885618083164124 1.792424036347521 -10.20786656075683
-5.414213562373091 3.6041902811624316 -10.911628489200716
-3.707106781186544 4.58978884081592 -11.24983244665224
-1.471404520791028 5.9739645866995765 -10.207866560756829
-0.13807118745769476 6.19943389166726 -8.734304273393445
-0.19526214587563162 6.936215035348953 -6.875841806570309
-1.609475708248727 7.752711616276678 -5.721141268191056
-3.5522847498307897 8.170631010974237 -5.94661057315874
-4.885618083164123 7.945161706006553 -7.4201728605221255
-4.828427124746186 7.2083805623248605 -9.278635327345262
-3.4142135623730914 6.391883981397136 -10.433335865724512
-2.47140452079103 -2.356097298766726 -7.5135653045385755
-1.6094757082487283 -1.3141314128713164 -6.040003017175191
-1.6094757082487288 -5.256525651485272 -3.252309316940486
-2.4714045207910305 -6.298491537380681 -4.725871604303871
-3.0808802290397606 -5.880572142683122 -6.5843340711270075
-3.0808802290397597 -4.2475789808276705 -7.739034609506259
5.0641293851417055 -5.213835332013767 -3.9093750233761457
4.218951416497461 -3.5244748439163938 -3.252309316940486
0.09763107293781914 -5.903920253687234 -2.4358127360127595
0.9428090415820647 -7.593280741784607 -3.0928784424484186
2.74754689570643 -8.090915573728198 -3.7966403708923027
4.454653676892976 -7.105317014074709 -4.134844328343828
5.064129385141707 -1.9478490083028621 -6.21877610013465
4.218951416497461 -1.8914816820609417 -4.407009855319739
0.09763107293781936 -0.3285328532178271 -6.378206974626716
0.9428090415820656 -0.3849001794597484 -8.189973219441626
2.7475468957064297 -0.8825350114033399 -8.893735147885511
4.454653676892977 -1.5299296136053027 -8.077238566957785
0.41421356237309626 -8.123934788966007 -9.75692795082146
-1.3905242917512686 -7.626299957022415 -9.053166022377576
-2.235702260395515 -7.569932630780494 -7.241399777562666
-1.6262265521467851 -7.9878520254780545 -5.38293731073953
0.08088022903976277 -8.635246627680015 -4.566440729811804
1.8856180831641276 -9.132881459623608 -5.270202658255688
2.730796051808374 -9.189248785865528 -7.081968903070599
2.121320343559644 -8.77132939116797 -8.940431369893734
0.4142135623730965 -6.490941627110555 -10.911628489200712
-1.3905242917512681 -5.993306795166963 -10.207866560756827
-2.235702260395514 -4.30394630706959 -9.55080085432117
-1.6262265521467838 -2.4124646250086466 -9.325331549353486
0.08088022903976366 -1.4268660653551577 -9.663535506805012
1.8856180831641285 -1.9245008972987496 -10.367297435248895
2.7307960518083743 -3.613861385396122 -11.024363141684557
2.1213203435596446 -5.5053430674570665 -11.249832446652238
4.437902832994922 -4.261255987598085 -10.207866560756829
5.299831645537221 -3.2192901017026756 -8.734304273393443
5.909307353785952 -3.6372094964002346 -6.875841806570308
5.9093073537859535 -5.270202658255687 -5.721141268191056
5.299831645537223 -7.16168434031663 -5.946610573158739
4.437902832994922 -8.20365022621204 -7.420172860522124
3.828427124746192 -7.785730831514481 -9.27863532734526
3.828427124746193 -6.152737669659029 -10.433335865724512
-0.9428090415820625 0.38490017945975286 8.18997321944163
-0.0976310729378167 0.32853285321783154 6.378206974626719
-4.2189514164974575 1.8914816820609448 4.407009855319741
-5.064129385141705 1.9478490083028666 6.218776100134652
-4.454653676892974 1.5299296136053084 8.077238566957789
-2.7475468957064275 0.8825350114033457 8.893735147885515
-0.9428090415820607 7.593280741784609 3.092878442448419
-0.09763107293781514 5.903920253687237 2.4358127360127604
-4.2189514164974575 3.524474843916396 3.2523093169404884
-5.064129385141705 5.213835332013769 3.9093750233761466
-4.454653676892973 7.105317014074714 4.134844328343829
-2.7475468957064253 8.090915573728203 3.796640370892302
3.0808802290397637 4.247578980827674 7.739034609506261
2.471404520791033 2.35609729876673 7.513565304538578
1.6094757082487314 1.3141314128713195 6.040003017175193
1.6094757082487328 5.256525651485274 3.2523093169404866
2.4714045207910345 6.298491537380684 4.7258716043038715
3.0808802290397637 5.880572142683125 6.5843340711270075
-3.828427124746189 6.152737669659036 10.433335865724512
-4.437902832994919 4.2612559875980915 10.20786656075683
-5.299831645537221 3.2192901017026814 8.734304273393446
-5.909307353785951 3.6372094964002395 6.87584180657031
-5.90930735378595 5.270202658255691 5.721141268191057
-5.299831645537219 7.1616843403166355 5.946610573158739
-4.437902832994917 8.203650226212046 7.420172860522124
-3.8284271247461876 7.7857308315144875 9.27863532734526
1.3905242917512721 5.993306795166969 10.207866560756829
2.2357022603955174 4.303946307069596 9.55080085432117
1.6262265521467874 2.412464625008652 9.32533154935349
-0.08088022903976055 1.4268660653551635 9.663535506805015
-1.8856180831641258 1.9245008972987563 10.367297435248899
-2.7307960518083716 3.613861385396129 11.024363141684557
-2.12132034355964 5.505343067457073 11.249832446652238
-0.4142135623730929 6.490941627110562 10.911628489200712
1.3905242917512726 7.62629995702242 9.053166022377576
2.235702260395519 7.569932630780499 7.241399777562666
1.6262265521467882 7.987852025478057 5.38293731073953
-0.080880229039759 8.63524662768002 4.566440729811804
-1.8856180831641238 9.132881459623613 5.270202658255687
-2.73079605180837 9.189248785865534 7.081968903070599
-2.1213203435596397 8.771329391167976 8.940431369893734
-0.4142135623730925 8.123934788966013 9.75692795082146
-8.410942756648327 -1.7677406244978293 -6.681503316274776
-8.621997749605178 -0.6194874889410431 -5.0576281589329355
-8.621997749605182 -4.561881727554999 -2.2699344586982337
-8.410942756648332 -5.7101348631117865 -3.893809616040076
-8.261704339925263 -5.367371903403453 -5.85855933252459
-8.26170433992526 -3.734378741548001 -7.013259870903839
-15.084547850038764 -3.2179548008570995 -1.086773707337978
-13.783758207684702 -1.7411688120824849 -0.7303337408592308
-10.133842384916093 -4.890414580772829 -1.0024992678351405
-11.434632027270156 -6.3672005695474425 -1.3589392343138895
-13.423464798004787 -6.489053226544895 -1.5312649144508836
-14.935309433315696 -5.184592917907271 -1.418530261967042
-15.08454785003876 0.048031522853805075 -3.3961747840964804
-13.7837582076847 -0.10817565022703235 -1.8850342792384809
-10.13384238491609 0.684972819696581 -4.944893506449092
-11.43463202727015 0.841179992777418 -6.456034011307091
-13.423464798004778 0.7193273357799672 -6.6283596914440865
-14.935309433315691 0.390794482562137 -5.360924500580994
-14.513199447401995 -7.481099189020843 -4.666280576650725
-13.212409805047935 -7.63730636210168 -3.155140071792726
-11.223577034313305 -7.515453705104229 -2.982814391655731
-9.711732399002393 -7.186920851886402 -4.2502495825188245
-9.562493982279324 -6.844157892178068 -6.214999299003338
-10.863283624633386 -6.687950719097232 -7.7261398038613365
-12.852116395368014 -6.809803376094683 -7.898465483998333
-14.363961030678926 -7.138336229312511 -6.631030293135239
-14.513199447401991 -1.905711788551435 -8.608674815264678
-13.21240980504793 -0.42892579977681944 -8.252234848785928
-11.2235770343133 -0.3070731427793696 -8.079909168648932
-9.711732399002388 -1.6115334514169921 -8.192643821132776
-9.562493982279321 -3.5781715684671638 -8.52440037576184
-10.863283624633382 -5.054957557241779 -8.880840342240589
-12.852116395368013 -5.1768102142392305 -9.053166022377582
-14.363961030678924 -3.872349905601607 -8.94043136989374
-16.025044082712903 -2.2342446417692647 -7.341239624401584
-16.236099075669753 -1.085991506212478 -5.717364467059743
-16.38533749239282 -1.4287544659208105 -3.752614750575229
-16.385337492392825 -3.0617476277762634 -2.5979142121959775
-16.236099075669756 -5.028385744826434 -2.9296707668250415
-16.025044082712906 -6.17663888038322 -4.553545924166882
-15.875805665989837 -5.833875920674888 -6.518295640651395
-15.875805665989837 -4.200882758819436 -7.672996179030647
-0.13807118745770008 -1.008946670657601 8.189973219441628
0.23570226039551567 -0.24881741597179552 6.378206974626718
-0.47140452079103223 -4.599459945049613 4.40700985531974
-0.845177968644248 -5.359589199735419 6.21877610013465
-0.9023689270621853 -4.622808056053726 8.077238566957785
-0.6094757082487332 -2.820712915472512 8.893735147885511
6.104569499661585 -4.613136951820031 3.092878442448423
5.064129385141705 -3.0365111162064995 2.435812736012764
0.9428090415820631 -5.4159565259773395 3.2523093169404875
1.9832491561019432 -6.992582361590871 3.9093750233761475
3.9260581976840068 -7.410501756288429 4.134844328343831
5.6331649788705525 -6.42490319663494 3.7966403708923067
6.690355937288491 -1.0089466706576014 4.725871604303876
5.3570226039551585 -1.2344159756252848 3.2523093169404897
1.9428090415820631 0.7367811436816929 6.040003017175192
3.2761423749153957 0.9622504486493755 7.513565304538579
5.218951416497459 0.5443310539518169 7.7390346095062625
6.633164978870554 -0.2721655269759089 6.584334071127011
3.4142135623730905 -6.391883981397133 10.433335865724514
1.4714045207910276 -5.973964586699574 10.20786656075683
0.13807118745769476 -6.199433891667258 8.734304273393445
0.19526214587563206 -6.936215035348949 6.8758418065703095
1.6094757082487277 -7.752711616276675 5.721141268191058
3.55228474983079 -8.170631010974233 5.946610573158742
4.885618083164124 -7.945161706006551 7.420172860522128
4.828427124746186 -7.208380562324859 9.278635327345263
3.707106781186543 -4.589788840815919 11.24983244665224
1.7642977396044803 -4.171869446118359 11.024363141684557
0.7238576250846007 -2.5952436105048284 10.367297435248897
1.195262145875633 -0.7834773656899174 9.663535506805013
2.902368927062181 0.20212119396357098 9.32533154935349
4.8451779686442435 -0.21579820073398803 9.550800854321173
5.885618083164124 -1.7924240363475192 10.207866560756832
5.414213562373091 -3.60419028116243 10.911628489200716
7.29983164553722 -2.6089206172752455 9.053166022377582
7.673605093390433 -1.8487913625894399 7.241399777562671
7.730796051808371 -2.5855725062711326 5.382937310739535
7.437902832994918 -4.387667646852347 4.566440729811809
6.9664983122038855 -6.199433891667257 5.270202658255693
6.592724864350672 -6.959563146353062 7.081968903070602
6.535533905932733 -6.222782002671371 8.940431369893737
6.828427124746187 -4.420686862090156 9.756927950821463
-6.077609423315004 -0.42058999638870764 9.02203520770543
-6.776819780960942 0.445826507958476 7.360581832868975
-7.483926562147488 -3.904816021119341 5.389384713561996
-6.78471620450155 -4.771232525466524 7.050838088398452
-6.08319303794769 -4.1096078167740595 8.80301330556021
-5.790299819134238 -2.307512676192846 9.619509886487936
-14.044107735518889 -2.6172564206633666 5.915479758486585
-12.938580239040462 -1.2532050843725913 4.957788312094017
-9.288664416271853 -4.402450853062932 4.685622785118111
-10.39419191275028 -5.766502189353707 5.643314231510679
-12.244953496027211 -5.808639409105126 6.40021978478525
-13.756798131338124 -4.504179100467505 6.512954437269091
-13.458321297891985 0.9869338604990618 7.54847292034204
-12.645687020227012 0.5488900562086227 5.774284893021744
-8.288664416271855 1.7502868165960987 7.473316485352816
-9.10129869393683 2.1883306208865374 9.247504512673114
-10.95206027721376 2.1461934011351174 10.004410065947685
-12.756798131338126 1.6485585691915254 9.3006481375038
-12.358377416046249 -6.237012109161871 9.835861186942001
-11.545743138381274 -6.67505591345231 8.061673159621705
-9.694981555104341 -6.63291869370089 7.304767606347134
-7.890243700979977 -6.1352838617573 8.00852953479102
-7.188720534426116 -5.473659153064835 9.76070475195278
-8.00135481209109 -5.035615348774396 11.534892779273076
-9.852116395368023 -5.077752568525817 12.291798332547646
-11.656854249492387 -5.575387400469408 11.588036404103761
-11.35837741604625 -0.08427443950284097 12.62355488717671
-10.252849919567822 1.2797768967879346 11.66586344078414
-8.402088336290891 1.3219141165393538 10.908957887509569
-6.89024370097998 0.017453807901731455 10.796223235025726
-6.602934096799213 -1.869468871902407 11.393697913808232
-7.708461593277639 -3.2335202081931813 12.351389360200802
-9.559223176554571 -3.2756574279446014 13.108294913475374
-11.071067811865484 -1.9711971193069795 13.221029565959213
-13.163115270170614 -0.5819092714464327 11.919792958732824
-13.862325627816553 0.2845072329007503 10.258339583896369
-14.563848794370413 -0.3771174757917133 8.50616436673461
-14.856742013183865 -2.179212616372928 7.689667785806883
-14.569432409003099 -4.066135296177066 8.287142464589389
-13.87022205135716 -4.93255180052425 9.948595839425844
-13.1686988848033 -4.270927091831785 11.700771056587602
-12.875805665989848 -2.468831951250571 12.517267637515328
-0.13807118745769742 8.057896358490394 1.7787470295771033
0.23570226039551656 6.096370343417112 1.8914816820609455
-0.47140452079103046 5.68812205295325 -2.8674091374807364
-0.8451779686442453 7.649648068026531 -2.980143789964579
-0.9023689270621817 9.156229570627724 -1.66601237709326
-0.6094757082487297 9.325331549353486 0.3051847422137177
6.1045694996615865 4.453706077327967 -3.3183477474161043
5.064129385141706 3.3086766431824097 -2.050912556553011
0.9428090415820645 4.871625472025523 -4.022109675859989
1.9832491561019456 6.0166549061710795 -5.289544866723082
3.9260581976840085 6.368535870393022 -5.608406615707215
5.633164978870555 5.721141268191059 -4.79191003477949
6.6903559372884915 4.791910034779493 0.6240464911978509
5.3570226039551585 3.4777786219081737 -0.07971543724603314
1.9428090415820645 5.448975741215149 2.7079782629886715
3.2761423749153975 6.763107154086469 3.411740191432556
5.218951416497461 7.1149881183084105 3.0928784424484217
6.633164978870555 6.298491537380685 1.93817790406917
3.414213562373095 11.967271381866542 -2.548547388496603
1.4714045207910316 11.6153904176446 -2.2296856395124696
0.1380711874576992 10.30125900477328 -2.9334475679563536
0.19526214587563562 8.794677502172087 -4.247578980827672
1.6094757082487308 7.978180921244362 -5.402279519206924
3.552284749830794 8.330061885466304 -5.721141268191058
4.885618083164127 9.644193298337623 -5.0173793397471735
4.82842712474619 11.150774800938816 -3.7032479268758554
3.707106781186547 12.136373360592305 -0.5773502691896256
1.7642977396044837 11.78449239637036 -0.2584885202054916
0.7238576250846029 10.639462962224805 1.008946670657602
1.1952621458756352 9.372027771361712 2.482508958020988
2.9023689270621826 8.72463316915975 3.2990055389487134
4.845177968644246 9.076514133381693 2.98014378996458
5.885618083164127 10.221543567527249 1.712708599101486
5.414213562373094 11.488978758390342 0.23914631173810053
7.299831645537222 9.405046986599523 0.5580080607222344
7.673605093390435 7.443520971526242 0.6707427132060761
7.7307960518083725 5.936939468925048 -0.6433886996652425
7.437902832994921 5.767837490199285 -2.6145858189722198
6.966498312203889 7.035272681062379 -4.0881481063356055
6.592724864350675 8.99679869613566 -4.200882758819447
6.535533905932738 10.503380198736853 -2.886751345948129
6.828427124746188 10.672482177462616 -0.9155542266411512
-6.077609423314999 8.646253032759292 2.610809017840903
-6.7768197809609365 6.791014267347388 2.873856540303201
-7.483926562147483 6.382765976883526 -1.8850342792384818
-6.784716204501544 8.23800474229543 -2.148081801700779
-6.083193037947684 9.669429809907395 -0.9402376384908379
-5.790299819134232 9.838531788633158 1.0309594808161404
-14.044107735518885 6.449586608484626 -0.4957464313779373
-12.938580239040459 5.0919826750163155 0.4710630195282447
-9.288664416271846 5.885131144939933 -2.5887962076823667
-10.394191912750273 7.242735078408244 -3.55560565858855
-12.244953496027206 7.970398217576323 -3.343031159265794
-13.756798131338117 7.641865364358493 -2.075595968402701
-13.458321297891981 6.787790565936151 3.4466478072360185
-12.645687020227006 5.261084653742077 2.4422601388352225
-8.28866441627185 6.462481414129556 4.141291731166294
-9.101298693936824 7.989187326323631 5.145679399567089
-10.952060277213757 8.716850465491708 5.358253898889845
-12.75679813133812 8.219215633548117 4.65449197044596
-12.358377416046242 11.3523428951823 -2.6016910133272955
-11.545743138381267 9.825636982988227 -3.606078681728092
-9.694981555104334 9.097973843820148 -3.8186531810508466
-7.890243700979971 9.595608675763742 -3.114891252606961
-7.1887205344261105 11.027033743375707 -1.9070470893970204
-8.001354812091085 12.553739655569782 -0.9026594209962241
-9.852116395368016 13.281402794737861 -0.6900849216734691
-11.656854249492381 12.783767962794267 -1.3938468501173547
-11.358377416046245 11.929693164371924 4.128396925521366
-10.252849919567819 10.572089230903615 5.095206376427548
-8.402088336290888 9.844426091735533 4.882631877104792
-6.8902437009799735 10.172958944953365 3.6151966862416995
-6.602934096799206 11.365237700827231 2.035347149216936
-7.708461593277633 12.722841634295543 1.068537698310754
-9.559223176554564 13.450504773463624 1.2811121976335091
-11.071067811865479 13.121971920245791 2.548547388496602
-13.16311527017061 11.43205833242833 3.42463499707748
-13.862325627816547 9.576819567016429 3.6876825195397775
-14.563848794370408 8.145394499404462 2.4798383563298363
-14.856742013183858 7.976292520678701 0.5086412370228585
-14.569432409003092 9.168571276552566 -1.071208300001905
-13.870222051357155 11.023810041964468 -1.3342558224642023
-13.168698884803295 12.455235109576435 -0.1264116592542609
-12.875805665989843 12.624337088302198 1.8447854600527172
6.90930735378595 -4.148521335114246 1.778747029577104
5.397462718475039 -2.8440610264766226 1.8914816820609457
4.6903559372884915 -3.2523093169404858 -2.8674091374807364
6.202200572599404 -4.556769625578108 -2.980143789964578
7.4783429475147996 -5.359589199735418 -1.6660123770932591
7.771236166328252 -5.190487221009656 0.3051847422137186
6.9093073537859535 3.0598592272106133 -3.3183477474161043
5.39746271847504 2.7313263739927836 -2.050912556553011
4.690355937288492 -1.6193161550850337 -4.022109675859989
6.202200572599406 -1.2907833018672044 -5.289544866723082
7.478342947514801 0.21579820073398892 -5.608406615707215
7.771236166328254 2.0178933413152036 -4.791910034779489
7.495093791412859 3.3980631846621385 0.6240464911978514
5.690355937288492 2.9004283527185466 -0.07971543724603292
5.690355937288491 -1.0419658858954084 2.7079782629886715
7.495093791412856 -0.5443310539518165 3.4117401914325565
8.771236166328253 0.9622504486493768 3.092878442448423
8.771236166328253 2.595243610504829 1.9381779040691707
12.071067811865476 -3.026840011972803 -2.548547388496602
10.794925436950077 -4.5334215145739964 -2.229685639512468
8.990187582825712 -5.031056346517589 -2.9334475679563523
7.714045207910317 -4.228236772360279 -4.247578980827672
7.714045207910317 -2.595243610504827 -5.402279519206923
8.990187582825714 -1.0886621079036338 -5.721141268191058
10.794925436950079 -0.5910272759600419 -5.017379339747173
12.071067811865474 -1.3938468501173515 -3.7032479268758536
12.363961030678926 -2.857738033247041 -0.5773502691896241
11.08781865576353 -4.364319535848234 -0.25848852020548996
9.575974020452616 -4.692852389066062 1.0089466706576031
8.714045207910315 -3.6508865031706543 2.4825089580209885
9.006938426723767 -1.848791362589439 3.2990055389487147
10.283080801639166 -0.34220985998824577 2.9801437899645813
11.794925436950077 -0.0136770067704165 1.7127085991014876
12.65685424949238 -1.0556428926658261 0.23914631173810208
12.363961030678928 0.4082482904638629 -2.886751345948128
11.087818655763531 1.211067864621173 -4.200882758819446
9.57597402045262 2.5155281732587955 -4.088148106335605
8.714045207910319 3.5574940591542044 -2.6145858189722198
9.00693842672377 3.7265960378799674 -0.6433886996652418
10.283080801639166 2.9237764637226586 0.6707427132060773
11.794925436950077 1.6193161550850357 0.5580080607222355
12.65685424949238 0.5773502691896257 -0.9155542266411499
4.449070062260289 -9.58649067125012 2.6108090178409045
2.492780982504934 -9.264405220854755 2.873856540303203
1.7856742013183853 -9.67265351131862 -1.8850342792384782
3.7419632810737413 -9.994738961713985 -2.1480818017007772
5.332375336516492 -10.102914611941019 -0.940237638490837
5.625268555329944 -9.933812633215258 1.0309594808161409
-1.4365480209038326 -15.387347376687217 -0.4957464313779306
-2.0595037673258583 -13.751130513420533 0.4710630195282514
0.45234086798505224 -10.986784924189939 -2.5887962076823623
1.0752966144070775 -12.623001787456623 -3.5556056585885445
0.7800905866857031 -14.589639904506795 -3.343031159265789
-0.2603495278341774 -15.734669338652353 -2.075595968402695
-0.8507615832769266 -15.049143419235689 3.4466478072360247
-1.7666105485124053 -13.58202853469477 2.442260138835229
1.4523408679850531 -10.409434655000313 4.141291731166297
2.3681898332205313 -11.876549539541234 5.1456793995670935
2.072983805499156 -13.843187656591406 5.358253898889848
0.7396504721658237 -15.157319069462725 4.654491970445965
3.6522286316765378 -16.37884023944308 -2.601691013327291
2.736379666441059 -14.91172535490216 -3.6060786817280874
3.0315856941624344 -12.945087237851988 -3.818653181050843
4.364919027495766 -11.630955824980669 -3.114891252606959
5.955331082938517 -11.739131475207703 -1.907047089397019
6.871180048173995 -13.206246359748624 -0.9026594209962234
6.5759740204526205 -15.172884476798796 -0.6900849216734676
5.242640687119289 -16.487015889670115 -1.3938468501173515
4.652228631676538 -15.801489970253455 4.1283969255213675
4.029272885254513 -14.16527310698677 5.09520637642755
4.324478912975889 -12.198634989936597 4.882631877104794
5.364919027495766 -11.05360555579104 3.6151966862417
6.541117520565422 -11.400927517756177 2.0353471492169364
7.164073266987447 -13.03714438102286 1.0685376983107542
6.868867239266073 -15.003782498073033 1.2811121976335098
5.828427124746195 -16.14881193221859 2.548547388496604
3.318895298343206 -17.115621383124772 3.424634997077484
1.362606218587848 -16.79353593272941 3.6876825195397824
-0.22780583685490274 -16.685360282502373 2.4798383563298425
-0.5206990556683557 -16.854462261228136 0.5086412370228648
0.6554994374012999 -17.201784223193272 -1.0712083000018988
2.6117885171566577 -17.523869673588635 -1.3342558224641978
4.202200572599409 -17.632045323815674 -0.126411659254258
4.495093791412861 -17.46294334508991 1.8447854600527203
-15.071067811865476 -1.9711971193069748 4.857948465255102
-13.363961030678928 -0.9855985596534873 4.519744507803578
-14.071067811865472 -1.3938468501173504 -0.23914631173810363
-15.77817459305202 -2.379445409770838 0.09905764571342068
-16.77817459305202 -2.9567956789604626 1.7320508075688728
-16.48528137423857 -2.7876937002346995 3.70324792687585
-15.071067811865468 5.237183443017884 -0.23914631173810585
-13.363961030678922 4.5897888408159195 0.5773502691896217
-14.07106781186547 0.23914631173810208 -1.3938468501173555
-15.778174593052018 0.8865409139400662 -2.210343431045084
-16.778174593052018 2.6185917215089436 -2.210343431045084
-16.485281374238564 4.420686862090159 -1.3938468501173578
-14.485281374238566 5.57538740046941 3.70324792687585
-13.07106781186547 4.758890819541683 2.5485473884965995
-13.071067811865474 0.8164965809277276 5.336241088731304
-14.48528137423857 1.6329931618554545 6.490941627110555
-15.48528137423857 3.365043969424332 6.490941627110553
-15.485281374238568 4.9980371312797836 5.336241088731302
-20.899494936611664 0.23914631173810674 2.0702547650203944
-19.899494936611664 -1.4929044958307711 2.0702547650203957
-18.485281374238568 -2.3094010767584994 0.9155542266411452
-17.485281374238568 -1.7320508075688734 -0.7174389352143065
-17.485281374238568 -0.09905764571342157 -1.8721394735935588
-18.485281374238564 1.6329931618554563 -1.8721394735935597
-19.89949493661166 2.4494897427831837 -0.7174389352143087
-20.89949493661166 1.8721394735935584 0.9155542266411423
-20.606601717798213 0.4082482904638691 4.041451884327373
-19.606601717798213 -1.3238025171050085 4.041451884327374
-17.899494936611667 -1.9711971193069726 4.857948465255101
-16.48528137423857 -1.1547005383792481 6.012649003634353
-16.192388155425117 0.647394602201967 6.829145584562079
-17.192388155425117 2.3794454097708444 6.829145584562079
-18.899494936611664 3.026840011972809 6.012649003634351
-20.31370849898476 2.210343431045084 4.857948465255099
-20.60660171779821 3.6742346141747726 1.7320508075688683
-19.606601717798206 4.251584883364399 0.09905764571341713
-17.89949493661166 5.237183443017886 -0.2391463117381072
-16.485281374238564 6.053680023945612 0.9155542266411449
-16.192388155425114 6.222782002671374 2.886751345948123
-17.192388155425114 5.6454317334817485 4.5197445078035745
-18.899494936611664 4.659833173828261 4.857948465255099
-20.313708498984756 3.8433365929005356 3.7032479268758465
-9.242640687119284 -12.066329027579965 4.8579484652551095
-7.535533905932738 -11.080730467926475 4.519744507803585
-8.242640687119284 -11.488978758390337 -0.23914631173809697
-9.94974746830583 -12.474577318043824 0.09905764571342734
-10.94974746830583 -13.051927587233452 1.7320508075688794
-10.65685424949238 -12.88282560850769 3.703247926875857
-2.999999999999999 -15.670519308742394 -0.23914631173809786
-2.707106781186546 -13.868424168161178 0.5773502691896291
-6.828427124746189 -12.305475339318063 -1.3938468501173489
-7.121320343559641 -14.107570479899277 -2.210343431045076
-6.121320343559641 -15.839621287468155 -2.210343431045077
-4.414213562373094 -16.48701588967012 -1.3938468501173502
-2.414213562373095 -15.332315351290868 3.703247926875858
-2.414213562373095 -13.699322189435417 2.548547388496607
-5.828427124746191 -11.728125070128439 5.336241088731311
-5.828427124746191 -13.361118231983891 6.490941627110562
-4.82842712474619 -15.093169039552768 6.490941627110561
-3.414213562373096 -15.909665620480494 5.33624108873131
-7.828427124746188 -18.458213008977097 -0.7174389352143011
-7.828427124746188 -16.825219847121645 -1.8721394735935526
-8.828427124746188 -15.093169039552766 -1.8721394735935508
-10.242640687119284 -14.27667245862504 -0.7174389352142994
-11.242640687119282 -14.854022727814666 0.915554226641152
-11.242640687119282 -16.48701588967012 2.070254765020403
-10.242640687119284 -18.219066697238997 2.070254765020402
-8.828427124746188 -19.035563278166723 0.9155542266411505
-6.82842712474619 -17.88086273978747 6.012649003634358
-6.535533905932738 -16.07876759920626 6.829145584562086
-7.535533905932738 -14.34671679163738 6.829145584562086
-9.242640687119284 -13.699322189435417 6.01264900363436
-10.65685424949238 -14.515818770363142 4.857948465255108
-10.94974746830583 -16.31791391094436 4.041451884327381
-9.94974746830583 -18.049964718513234 4.04145188432738
-8.242640687119284 -18.697359320715197 4.857948465255106
-7.121320343559641 -19.682957880368686 1.7320508075688765
-6.12132034355964 -19.10560761117906 0.09905764571342468
-4.414213562373094 -18.12000905152557 -0.23914631173809964
-2.999999999999999 -17.303512470597845 0.9155542266411529
-2.707106781186547 -17.13441049187208 2.886751345948131
-3.707106781186548 -17.711760761061708 4.5197445078035825
-5.414213562373094 -18.697359320715197 4.857948465255107
-6.82842712474619 -19.513855901642923 3.7032479268758545
4.449070062260292 5.656991238281099 -8.167960409283083
2.4927809825049354 5.79763300402586 -7.7766128270008705
1.7856742013183873 1.4469904749480427 -9.74780994630785
3.741963281073744 1.3063487092032822 -10.139157528590061
5.332375336516495 2.4811736571754133 -9.83853178863315
5.625268555329948 4.283268797756628 -9.022035207705423
-1.43654802090383 4.661721574393917 -14.672579043164063
-2.0595037673258556 5.02783264510636 -12.807669173518464
0.45234086798505535 1.2215211699803592 -11.221372233671236
1.075296614407079 0.8554100992679157 -13.086282103316835
0.7800905866857057 1.7113732982559138 -14.869588135150742
-0.26034952783417387 3.2879991338694454 -15.526653841586402
-0.8507615832769253 8.265911855556347 -13.03958588130861
-1.7666105485124026 6.829927785687575 -11.991172592590738
1.4523408679850556 7.37425883963939 -8.433678533436531
2.368189833220533 8.810242909508162 -9.482091822154404
2.072983805499158 9.66620610849616 -11.265397853988311
0.7396504721658259 9.440736803528477 -12.738960141351699
3.65222863167654 3.0067156023799244 -16.30934900615083
2.7363796664410627 1.5707315325111528 -15.260935717432956
3.0315856941624366 0.7147683335231552 -13.477629685599048
4.364919027495768 0.9402376384908377 -12.00406739823566
5.955331082938519 2.11506258646297 -11.703441658278749
6.871180048173997 3.5510466563317413 -12.751854946996621
6.575974020452621 4.407009855319739 -14.535160978830529
5.24264068711929 4.1815405503520555 -16.00872326619392
4.6522286316765395 9.159453272038956 -13.521655305916124
4.029272885254515 9.5255643427514 -11.656745436270525
4.32447891297589 8.669601143763401 -9.873439404436617
5.36491902749577 7.092975308149871 -9.216373698000957
6.541117520565425 5.7192528676254 -10.070448496423296
7.16407326698745 5.353141796912956 -11.935358366068895
6.868867239266074 6.209104995900954 -13.718664397902803
5.828427124746196 7.785730831514486 -14.375730104338464
3.3188952983432074 8.933983967071274 -14.99521759327951
1.3626062185878496 9.074625732816035 -14.603870010997298
-0.22780583685490097 7.899800784843902 -14.90449575095421
-0.5206990556683531 6.097705644262688 -15.720992331881936
0.6554994374013032 4.723983203738217 -16.575067130304276
2.61178851715666 4.583341437993456 -16.966414712586488
4.202200572599411 5.758166385965587 -16.665788972629578
4.495093791412864 7.560261526546802 -15.84929239170185
-9.24264068711928 8.602227412442215 -9.756927950821467
-7.535533905932736 7.954832810240251 -8.940431369893737
-8.242640687119282 3.6041902811624333 -10.911628489200716
-9.94974746830583 4.251584883364398 -11.728125070128444
-10.94974746830583 5.983635690933275 -11.728125070128446
-10.656854249492376 7.78573083151449 -10.911628489200718
-2.9999999999999956 4.998037131279784 -14.85402272781467
-2.7071067811865435 5.167139110005546 -12.88282560850769
-6.828427124746188 2.7876937002347075 -12.066329027579968
-7.121320343559638 2.6185917215089445 -14.037526146886945
-6.1213203435596375 3.1959419906985707 -15.670519308742398
-4.41421356237309 4.181540550352059 -16.008723266193922
-2.4142135623730905 8.602227412442215 -13.221029565959217
-2.4142135623730905 6.96923425058676 -12.066329027579965
-5.828427124746187 8.940431369893739 -9.278635327345263
-5.828427124746186 10.573424531749192 -10.433335865724516
-4.8284271247461845 11.150774800938816 -12.066329027579966
-3.414213562373089 10.33427822001109 -13.221029565959217
-7.828427124746184 5.476329754755986 -17.641716428049374
-7.8284271247461845 3.843336592900534 -16.487015889670126
-8.828427124746186 3.2659863237109086 -14.854022727814673
-10.24264068711928 4.082482904638636 -13.699322189435422
-11.24264068711928 5.814533712207513 -13.699322189435422
-11.24264068711928 7.447526874062966 -14.854022727814675
-10.242640687119279 8.02487714325259 -16.487015889670126
-8.828427124746183 7.208380562324864 -17.641716428049378
-6.8284271247461845 11.62906742441502 -14.854022727814671
-6.535533905932732 11.79816940314078 -12.882825608507693
-7.535533905932734 11.220819133951155 -11.249832446652242
-9.24264068711928 10.235220574297667 -10.91162848920072
-10.656854249492376 9.418723993369943 -12.06632902757997
-10.949747468305826 9.24962201464418 -14.037526146886949
-9.949747468305826 9.826972283833806 -15.6705193087424
-8.242640687119279 10.812570843487293 -16.008723266193922
-7.121320343559636 8.193979121978353 -17.9799203855009
-6.121320343559636 6.461928314409475 -17.9799203855009
-4.41421356237309 5.814533712207512 -17.163423804573174
-2.999999999999994 6.631030293135237 -16.008723266193922
-2.7071067811865417 8.433125433716452 -15.192226685266194
-3.7071067811865412 10.165176241285328 -15.192226685266196
-5.414213562373088 10.812570843487293 -16.008723266193922
-6.828427124746184 9.996074262559567 -17.163423804573174
6.476030138606876 6.8272571839964264 5.4736591530648315
4.487197367872248 6.949109840993878 5.645984833201827
4.48719736787225 3.006715602379926 8.433678533436535
6.476030138606879 2.8848629453824737 8.261352853299538
7.882347277439364 3.9534006436932283 7.323003615374358
7.882347277439363 5.5863938055486795 6.168303076995105
2.7452340867985066 7.076074599968227 13.471182282776585
1.601579284708123 7.141559930723757 11.83174171809867
3.642019399228004 3.0630829286218466 10.245444778251445
4.785674201318389 2.997597597866318 11.88488534292936
4.9967291942752405 4.145850733423108 13.508760500271201
4.151551225630993 5.83521122152048 14.165826206706859
2.7452340867985052 10.342060923679128 11.161781206018079
1.601579284708122 8.774553092579207 10.677041179719415
3.6420193992280017 8.63847032909125 6.303050539637485
4.785674201318385 10.205978160191172 6.787790565936147
4.996729194275237 11.354231295747962 8.411665723277988
4.151551225630992 11.410598621989884 10.223431968092896
8.129216767100253 5.591505907525577 13.821174846432868
6.98556196500987 4.023998076425656 13.336434820134205
6.774506972053018 2.8757449408688665 11.712559662792366
7.619684940697262 2.8193776146269443 9.900793417977454
9.026002079529748 3.887915312937699 8.962444180052275
10.169656881620131 5.45542314403762 9.447184206350936
10.380711874576981 6.603676279594409 11.071059363692775
9.53553390593274 6.660043605836331 12.882825608507687
8.12921676710025 11.16689330799498 9.878780607818907
6.985561965009866 11.23237863875051 8.239340043140992
6.774506972053014 10.084125503193722 6.615464885799152
7.61968494069726 8.394765015096347 5.958399179363494
9.026002079529746 7.153901636648601 6.653043103293768
10.16965688162013 7.088416305893071 8.292483667971682
10.380711874576981 8.236669441449859 9.916358825313523
9.535533905932738 9.926029929547234 10.57342453174918
7.284038798456004 11.223260634236903 11.690546852633817
5.295206027721376 11.345113291234355 11.862872532770814
3.88888888888889 10.2765755929236 12.801221770695994
3.88888888888889 8.643582431068149 13.955922309075246
5.2952060277213775 7.402719052620402 14.65056623300552
7.284038798456007 7.280866395622949 14.478240552868526
8.690355937288492 8.349404093933703 13.539891314943345
8.69035593728849 9.982397255789156 12.385190776564091
2.82842712474619 -12.305475339318063 -9.75692795082146
3.1213203435596437 -10.503380198736847 -8.940431369893734
-0.9999999999999991 -8.940431369893732 -10.91162848920071
-1.292893218813453 -10.742526510474947 -11.728125070128435
-0.2928932188134534 -12.474577318043824 -11.728125070128435
1.4142135623730943 -13.121971920245787 -10.91162848920071
2.8284271247461907 -5.097094776993203 -14.854022727814666
3.1213203435596446 -4.9279927982674385 -12.882825608507689
-0.9999999999999991 -7.30743820803828 -12.066329027579961
-1.292893218813453 -7.476540186764042 -14.037526146886938
-0.292893218813453 -6.899189917574416 -15.67051930874239
1.414213562373095 -5.913591357920928 -16.00872326619392
6.242640687119287 -6.39188398139713 -13.221029565959215
4.8284271247461925 -5.575387400469403 -12.066329027579965
4.828427124746192 -9.51778163908336 -9.27863532734526
6.242640687119287 -10.334278220011086 -10.433335865724512
7.242640687119286 -9.75692795082146 -12.066329027579965
7.2426406871192865 -8.123934788966007 -13.221029565959215
0.8284271247461881 -9.517781639083358 -17.641716428049367
-0.5857864376269064 -8.701285058155632 -16.487015889670115
-1.5857864376269069 -9.278635327345258 -14.854022727814664
-1.5857864376269069 -10.91162848920071 -13.699322189435414
-0.5857864376269073 -12.643679296769587 -13.699322189435412
0.8284271247461876 -13.460175877697313 -14.854022727814664
1.8284271247461872 -12.882825608507687 -16.48701588967012
1.8284271247461872 -11.249832446652235 -17.641716428049367
6.656854249492379 -11.728125070128439 -14.854022727814668
6.949747468305833 -11.559023091402675 -12.88282560850769
5.949747468305834 -12.136373360592302 -11.249832446652238
4.242640687119285 -13.12197192024579 -10.911628489200712
2.828427124746189 -13.938468501173514 -12.066329027579963
2.5355339059327355 -14.107570479899278 -14.03752614688694
3.535533905932735 -13.530220210709652 -15.670519308742392
5.242640687119283 -12.544621651056165 -16.00872326619392
6.656854249492379 -10.095131908272986 -16.00872326619392
6.949747468305833 -8.29303676769177 -15.192226685266194
5.9497474683058345 -6.560985960122893 -15.192226685266192
4.242640687119286 -5.913591357920929 -16.00872326619392
2.8284271247461894 -6.730087938848655 -17.16342380457317
2.535533905932736 -8.53218307942987 -17.979920385500893
3.5355339059327355 -10.264233886998747 -17.979920385500897
5.242640687119283 -10.911628489200712 -17.16342380457317
-6.24264068711928 10.334278220011093 10.433335865724512
-4.828427124746187 9.517781639083365 9.27863532734526
-4.828427124746188 5.5753874004694115 12.066329027579966
-6.242640687119281 6.391883981397141 13.221029565959219
-7.242640687119281 8.123934788966018 13.221029565959217
-7.24264068711928 9.75692795082147 12.066329027579965
1.2928932188134556 7.476540186764053 14.037526146886941
1.0000000000000036 7.307438208038288 12.066329027579963
-3.1213203435596397 4.927992798267448 12.882825608507693
-2.828427124746187 5.097094776993215 14.85402272781467
-1.4142135623730914 5.913591357920941 16.008723266193922
0.292893218813457 6.899189917574429 15.670519308742392
1.2928932188134574 10.742526510474956 11.728125070128435
1.000000000000004 8.940431369893739 10.91162848920071
-3.1213203435596384 10.503380198736853 8.940431369893734
-2.828427124746185 12.30547533931807 9.756927950821456
-1.4142135623730892 13.121971920245796 10.911628489200709
0.29289321881345876 12.474577318043833 11.728125070128433
-2.5355339059327324 8.532183079429885 17.979920385500897
-2.828427124746186 6.730087938848669 17.16342380457317
-4.242640687119281 5.913591357920941 16.008723266193922
-5.949747468305828 6.560985960122904 15.192226685266196
-6.949747468305828 8.293036767691783 15.192226685266194
-6.656854249492374 10.095131908272998 16.00872326619392
-5.2426406871192786 10.911628489200726 17.163423804573167
-3.5355339059327306 10.264233886998763 17.979920385500893
-2.535533905932731 14.107570479899291 14.037526146886936
-2.8284271247461836 13.938468501173524 12.06632902757996
-4.24264068711928 13.121971920245798 10.911628489200709
-5.9497474683058265 12.136373360592309 11.249832446652237
-6.9497474683058265 11.559023091402686 12.882825608507687
-6.656854249492373 11.728125070128451 14.854022727814666
-5.242640687119277 12.544621651056179 16.008723266193915
-3.53553390593273 13.530220210709665 15.670519308742389
-1.8284271247461836 11.24983244665225 17.641716428049367
-0.8284271247461841 9.517781639083372 17.64171642804937
0.58578643762691 8.701285058155644 16.48701588967012
1.5857864376269095 9.278635327345269 14.854022727814664
1.5857864376269104 10.91162848920072 13.699322189435412
0.5857864376269108 12.643679296769598 13.69932218943541
-0.8284271247461827 13.460175877697326 14.85402272781466
-1.8284271247461832 12.882825608507702 16.487015889670115
5.828427124746185 -10.57342453174919 10.433335865724516
5.828427124746186 -8.940431369893737 9.278635327345265
2.4142135623730914 -6.9692342505867595 12.066329027579966
2.4142135623730905 -8.602227412442211 13.221029565959219
3.414213562373089 -10.33427822001109 13.221029565959219
4.828427124746185 -11.150774800938814 12.066329027579968
7.1213203435596375 -2.61859172150894 14.037526146886945
6.828427124746186 -2.787693700234704 12.066329027579968
2.7071067811865426 -5.167139110005544 12.882825608507693
2.999999999999995 -4.998037131279782 14.85402272781467
4.4142135623730905 -4.1815405503520555 16.008723266193922
6.1213203435596375 -3.195941990698566 15.670519308742396
9.949747468305828 -4.251584883364393 11.728125070128442
8.24264068711928 -3.6041902811624302 10.911628489200716
7.535533905932733 -7.954832810240248 8.94043136989374
9.242640687119282 -8.602227412442211 9.756927950821467
10.656854249492376 -7.785730831514486 10.911628489200718
10.94974746830583 -5.98363569093327 11.728125070128444
6.121320343559637 -6.46192831440947 17.9799203855009
4.414213562373089 -5.814533712207507 17.163423804573174
2.9999999999999947 -6.631030293135233 16.008723266193922
2.7071067811865417 -8.433125433716448 15.192226685266196
3.7071067811865412 -10.165176241285327 15.192226685266197
5.41421356237309 -10.81257084348729 16.008723266193922
6.8284271247461845 -9.996074262559564 17.163423804573174
7.121320343559637 -8.193979121978348 17.9799203855009
10.949747468305828 -9.249622014644174 14.037526146886947
10.656854249492376 -9.418723993369937 12.06632902757997
9.242640687119282 -10.235220574297664 10.911628489200718
7.535533905932733 -11.220819133951153 11.249832446652242
6.535533905932732 -11.798169403140777 12.882825608507693
6.8284271247461845 -11.629067424415014 14.854022727814671
8.24264068711928 -10.812570843487288 16.008723266193922
9.949747468305828 -9.8269722838338 15.670519308742398
11.24264068711928 -7.44752687406296 14.854022727814671
11.24264068711928 -5.814533712207508 13.69932218943542
10.242640687119282 -4.08248290463863 13.69932218943542
8.828427124746186 -3.265986323710905 14.854022727814671
7.8284271247461845 -3.84333659290053 16.487015889670122
7.8284271247461845 -5.476329754755982 17.641716428049374
8.828427124746185 -7.208380562324859 17.641716428049374
10.24264068711928 -8.024877143252585 16.487015889670122
5.828427124746191 13.361118231983895 -6.490941627110558
5.828427124746191 11.728125070128442 -5.336241088731307
2.414213562373096 13.69932218943542 -2.5485473884966034
2.4142135623730967 15.332315351290873 -3.703247926875855
3.414213562373097 15.9096656204805 -5.336241088731308
4.828427124746192 15.093169039552773 -6.490941627110558
7.121320343559642 14.107570479899284 2.2103434310450787
6.82842712474619 12.305475339318068 1.3938468501173515
2.707106781186548 13.868424168161184 -0.5773502691896253
3.0000000000000018 15.6705193087424 0.23914631173810053
4.414213562373097 16.487015889670126 1.3938468501173524
6.121320343559643 15.83962128746816 2.2103434310450787
9.949747468305832 12.474577318043831 -0.09905764571342468
8.242640687119284 11.488978758390342 0.23914631173810097
7.535533905932737 11.080730467926479 -4.519744507803581
9.242640687119284 12.066329027579968 -4.857948465255106
10.65685424949238 12.882825608507694 -3.703247926875855
10.949747468305832 13.051927587233456 -1.732050807568877
6.121320343559644 19.105607611179067 -0.09905764571342424
4.414213562373097 18.120009051525578 0.23914631173810097
3.0000000000000018 17.303512470597852 -0.9155542266411505
2.707106781186549 17.13441049187209 -2.886751345948128
3.7071067811865492 17.711760761061715 -4.51974450780358
5.414213562373097 18.697359320715204 -4.857948465255106
6.828427124746192 19.51385590164293 -3.703247926875854
7.121320343559645 19.68295788036869 -1.7320508075688763
10.949747468305834 16.317913910944362 -4.04145188432738
10.65685424949238 14.515818770363145 -4.857948465255106
9.242640687119284 13.69932218943542 -6.012649003634357
7.535533905932738 14.346716791637384 -6.8291455845620845
6.535533905932739 16.078767599206262 -6.829145584562084
6.828427124746191 17.880862739787474 -6.012649003634357
8.242640687119287 18.697359320715204 -4.857948465255106
9.949747468305834 18.049964718513237 -4.04145188432738
11.242640687119284 16.487015889670126 -2.070254765020402
11.242640687119286 14.854022727814671 -0.9155542266411505
10.242640687119284 14.276672458625045 0.7174389352143016
8.82842712474619 15.093169039552773 1.8721394735935535
7.828427124746191 16.82521984712165 1.8721394735935526
7.828427124746191 18.4582130089771 0.7174389352143025
8.828427124746192 19.035563278166727 -0.9155542266411503
10.242640687119286 18.219066697239 -2.0702547650204015
14.48528137423857 -1.6329931618554545 -6.490941627110557
13.071067811865474 -0.816496580927727 -5.336241088731306
13.07106781186547 -4.758890819541681 -2.548547388496601
14.485281374238564 -5.575387400469409 -3.703247926875852
15.485281374238566 -4.998037131279785 -5.336241088731303
15.485281374238568 -3.365043969424332 -6.490941627110557
15.77817459305202 -0.8865409139400663 2.210343431045082
14.071067811865472 -0.2391463117381014 1.3938468501173542
13.363961030678922 -4.589788840815919 -0.5773502691896231
15.071067811865468 -5.237183443017883 0.23914631173810452
16.485281374238564 -4.420686862090159 1.3938468501173564
16.778174593052018 -2.6185917215089436 2.2103434310450827
15.778174593052023 2.3794454097708377 -0.09905764571342246
14.071067811865474 1.3938468501173502 0.2391463117381023
13.363961030678928 0.9855985596534875 -4.51974450780358
15.071067811865477 1.9711971193069746 -4.857948465255104
16.48528137423857 2.787693700234699 -3.7032479268758527
16.778174593052025 2.956795678960462 -1.7320508075688745
19.60660171779821 -4.2515848833644 -0.09905764571341891
17.89949493661166 -5.237183443017885 0.2391463117381054
16.485281374238564 -6.05368002394561 -0.9155542266411465
16.192388155425114 -6.222782002671373 -2.8867513459481247
17.192388155425114 -5.6454317334817485 -4.519744507803576
18.899494936611664 -4.659833173828261 -4.857948465255101
20.31370849898476 -3.843336592900537 -3.703247926875849
20.60660171779821 -3.674234614174775 -1.7320508075688708
19.606601717798217 1.323802517105007 -4.041451884327376
17.899494936611667 1.9711971193069724 -4.857948465255103
16.48528137423857 1.154700538379247 -6.012649003634355
16.192388155425117 -0.6473946022019673 -6.829145584562083
17.192388155425117 -2.3794454097708457 -6.829145584562081
18.899494936611664 -3.0268400119728103 -6.012649003634353
20.31370849898476 -2.210343431045085 -4.857948465255101
20.606601717798213 -0.4082482904638707 -4.041451884327376
19.899494936611667 1.49290449583077 -2.070254765020398
18.48528137423857 2.3094010767584976 -0.9155542266411474
17.48528137423857 1.7320508075688728 0.7174389352143047
17.485281374238568 0.09905764571342113 1.8721394735935575
18.485281374238568 -1.6329931618554572 1.8721394735935575
19.89949493661166 -2.4494897427831845 0.7174389352143069
20.899494936611664 -1.8721394735935597 -0.9155542266411454
20.899494936611667 -0.2391463117381083 -2.070254765020397
-23.98037516565142 2.1773242158072788 -1.1023391146740646
-22.175637311527055 2.674959047750869 -0.3985771862301788
-22.175637311527062 -1.2674351908630852 2.3891165140045274
-23.980375165651427 -1.7650700228066758 1.6853545855606409
-25.25651754056682 -0.9622504486493648 0.37122317268932026
-25.25651754056682 0.6707427132060877 -0.7834773656899321
-22.687481946837977 2.923776463722668 7.598945943481574
-21.175637311527062 3.252309316940495 6.331510752618483
-21.88274409271361 -1.0983332121373226 4.360313633311505
-23.394588728024523 -1.4268660653551497 5.6277488241745965
-24.256517540566826 -0.38490017945973864 7.101311111537981
-23.96362432175337 1.4171949611214762 7.917807692465707
-22.68748194683797 6.189762787433572 5.28954486672307
-21.17563731152706 4.885302478795946 5.1768102142392305
-21.8827440927136 4.477054188332083 0.4179193946975479
-23.394588728024512 5.781514496969708 0.5306540471813874
-24.25651754056681 6.823480382865119 2.004216334544771
-23.96362432175336 6.992582361590882 3.9754134538517496
-27.573100030002102 0.4219252972342953 6.510283835577933
-26.06125539469119 -0.8825350114033284 6.397549183094094
-25.19932658214889 -1.9245008972987399 4.92398689573071
-25.49221980096234 -2.093602876024503 2.9527897764237325
-26.768362175877733 -1.2907833018671915 1.6386583635524123
-28.280206811188645 0.013677006770432598 1.7513930160362514
-29.142135623730947 1.055642892665844 3.224955303399635
-28.849242404917497 1.2247448713916067 5.196152422706613
-27.57310003000209 5.997312697703702 2.5678895969639757
-26.061255394691177 6.325845550921528 1.3004544061008847
-25.199326582148874 5.283879665026118 -0.17310788126249887
-25.492219800962328 3.4817845244449037 -0.9896044621902256
-26.76836217587773 1.9752030218437118 -0.670742713206093
-28.28020681118864 1.6466701686258842 0.5966924776569993
-29.142135623730944 2.6886360545212957 2.0702547650203833
-28.84924240491749 4.49073119510251 2.8867513459481082
-27.28020681118864 6.166414676429465 4.539086716270955
-25.475468957064276 6.664049508373054 5.242848644714841
-24.19932658214888 5.861229934215744 6.556980057586161
-24.199326582148885 4.228236772360292 7.711680595965413
-25.475468957064283 2.7216552697591005 8.030542344949545
-27.28020681118865 2.2240204378155104 7.32678041650566
-28.556349186104043 3.0268400119728214 6.012649003634339
-28.55634918610404 4.659833173828273 4.857948465255087
-5.392611401853327 -3.1134256444950634 0.053746907075353456
-5.099718183039875 -2.944323665769301 2.0249440263823315
-5.392611401853326 1.0884816181127346 -2.9174502122316244
-5.099718183039872 2.8905767586939497 -2.1009536313038986
-1.7536529680886423 -5.214379275798963 -2.917450212231625
-0.04654618690209478 -5.861773878000925 -2.1009536313038986
-4.34606521495123 1.6927053408400365 4.125897657686231
-4.34606521495123 3.325698502695488 2.9711971193069795
-8.386817946959194 -4.557313569363304 -1.988218978820058
-9.898662582270108 -4.885846422581133 -0.720783787956965
-1.7536529680886423 -1.012472013191163 -5.8886473315386025
-0.04654618690209433 -0.026873453537674286 -6.226851288990129
-0.707106781186546 -4.61015555307166 4.125897657686232
0.7071067811865493 -5.426652133999386 2.971197119306979
-8.386817946959194 -0.35540630675550494 -4.959416098127038
-9.898662582270106 0.9490540018821176 -4.846681445643197
-7.340271760057101 -3.953089846636002 5.055128891097797
-9.145009614181467 -4.4507246785795935 4.351366962653912
0.046546186902097775 0.026873453537676506 6.226851288990131
1.7536529680886455 1.012472013191165 5.888647331538604
-0.7071067811865451 5.426652133999388 -2.971197119306977
0.7071067811865501 4.610155553071662 -4.125897657686228
-4.501199863795072 -7.085494245604163 -4.9594160981270345
-4.127426415941858 -9.047020260677446 -4.846681445643192
-6.586618791968457 0.6839391599733357 7.156082522401697
-8.09846342727937 1.9883994686109583 7.268817174885538
-7.3402717600570995 6.083717840435048 -2.0419658858954106
-9.145009614181463 5.586083008491455 -2.745727814339296
0.046546186902097664 5.861773878000927 2.1009536313039003
1.7536529680886455 5.214379275798965 2.917450212231626
4.346065214951232 -3.325698502695486 -2.9711971193069755
4.346065214951234 -1.6927053408400345 -4.125897657686228
-4.50119986379507 -2.313950923080416 -8.333406738208964
-4.127426415941856 -1.5538216683946107 -10.145172983023876
-2.70100070880433 -6.046148778875319 7.156082522401698
-2.3272272609511164 -8.0076747939486 7.268817174885539
-6.586618791968458 6.518839584436586 3.0301848647154666
-8.09846342727937 6.190306731218756 4.297620055578559
1.5985183192448036 -9.398720735108487 -2.041965885895409
0.26518498591146883 -10.712852147979804 -2.745727814339292
5.099718183039876 -2.890576758693948 2.1009536313039003
5.392611401853328 -1.0884816181127328 2.9174502122316257
-13.78883867206434 -1.52929761840848 -0.4307026252892758
-13.788838672064339 0.10369554344697196 -1.5854031636685273
-1.8451779686442449 -0.7804959669415452 9.541854183663574
-0.983249156101943 0.26146991895386545 11.015416471026958
-2.701000708804329 8.762202230719472 -3.315002894673439
-2.3272272609511147 9.522331485405278 -5.126769139488351
2.352171287333449 -8.963598991106947 3.0301848647154705
1.3117311728135668 -10.108628425252501 4.297620055578564
-8.218829923520957 -11.176835769488761 -0.4307026252892679
-6.804616361147862 -11.993332350416487 -1.58540316366852
1.598518319244806 1.2077230118785107 -9.541854183663569
0.26518498591147266 0.9822537069108273 -11.015416471026953
-13.035185703975701 -1.0941758744069408 4.641448125321603
-12.742292485162247 0.7079192661742741 5.457944706249329
5.099718183039877 2.944323665769303 -2.0249440263823297
5.392611401853329 3.1134256444950656 -0.05374690707535201
-1.8451779686442433 9.2563117201295 2.44475940667036
-0.9832491561019412 10.29827760602491 3.9183216940337435
6.237789370497573 -6.72023634482406 -3.3150028946734373
7.0829673391418195 -6.776603671065981 -5.126769139488348
-7.465176955432313 -10.74171402548722 4.641448125321611
-5.758070174245766 -11.389108627689183 5.457944706249337
2.3521712873334506 5.844752018487849 -7.440900552359668
1.3117311728135694 7.4213778541013795 -8.097966258795328
-8.218829923520955 3.319541593807067 -10.681189361514917
-6.80461636114786 2.5030450128793413 -11.83588989989417
4.254540214395631 2.7411779680173813 8.333406738208964
3.4093622457513857 2.797545294259303 10.145172983023876
-13.0351857039757 4.740724550056309 0.5155504676353725
-12.742292485162247 4.909826528782071 2.48674758694235
7.093612110657658 -6.2261268554140345 2.4447594066703653
8.426945443990991 -6.00065755044635 3.91832169403375
-16.3192245024317 -4.48579165624661 -0.155020911714693
-17.620014144785763 -4.329584483165773 -1.6661614165726921
6.237789370497575 -0.8853359203608087 -7.440900552359668
7.082967339141821 -2.574696408458182 -8.097966258795328
-7.465176955432311 7.956570600416403 -8.580235730211017
-5.758070174245763 8.942169160069891 -8.918439687662543
4.254540214395632 6.9430852306251785 5.362209618901987
3.4093622457513857 8.632445718722552 6.019275325337646
-1.2346076126044743 -8.777486300056394 -10.681189361514912
-1.2346076126044743 -7.144493138200941 -11.835889899894164
-4.865110570435399 5.255812365097473 11.88963680696952
-3.158003789248851 4.60841776289551 12.706133387897246
-2.4120049592945336 -13.65916423771885 0.515550467635381
-2.1191117404810815 -13.490062258993087 2.486747586942359
-15.46340176227162 -3.991682166836586 5.604741389629107
-16.276036039936592 -3.553638362546147 7.378929416949404
7.093612110657659 4.380316891572968 -5.055128891097798
8.426945443990993 5.694448304444286 -4.3513669626539135
-16.319224502431698 1.3491087682166418 -4.280918569400918
-17.62001414478576 -0.12767722055797404 -4.637358535879668
8.140158297559756 0.21299729177651838 5.362209618901991
9.180598412079636 -1.363628543837013 6.0192753253376505
3.1580037892488537 -10.443318187358752 -8.580235730211015
4.865110570435402 -9.457719627705265 -8.91843968766254
-4.865110570435397 9.457719627705272 8.918439687662541
-3.158003789248849 10.44331818735876 8.580235730211015
2.1191117404810766 -6.841215528765994 11.88963680696952
2.412004959294529 -5.039120388184778 12.706133387897248
-2.41200495929453 5.039120388184779 -12.706133387897248
-2.1191117404810775 6.841215528765995 -11.889636806969522
-15.463401762271616 6.614761580150413 -1.8951469081390497
-16.276036039936592 8.141467492344487 -0.8907592397382535
8.140158297559754 4.984540614300268 1.9882189788200584
9.180598412079636 6.129570048445824 0.720783787956965
-15.565097114298753 -8.588651891398417 -5.957341500787652
-17.076941749609663 -7.284191582760793 -5.844606848303808
-14.416855575369526 2.447441980353964 8.522191601860738
-15.522383071847951 1.0833906440631884 9.479883048253306
3.1580037892488546 -4.6084177628955025 -12.706133387897246
4.8651105704354025 -5.255812365097466 -11.889636806969518
5.758070174245762 -8.942169160069891 8.918439687662541
7.46517695543231 -7.956570600416403 8.580235730211017
2.119111740481082 13.490062258993092 -2.4867475869423536
2.4120049592945345 13.659164237718855 -0.5155504676353756
1.2346076126044787 7.144493138200948 11.835889899894166
1.234607612604479 8.777486300056399 10.681189361514914
-2.0031493127482554 -16.699079545127486 -1.8951469081390435
-1.0873003475127776 -18.166194429668405 -0.8907592397382478
-14.416855575369521 7.218985302877706 5.148200961778806
-15.522383071847946 8.576589236346017 4.181391510872624
-15.565097114298748 -2.7537514669351637 -10.08323915847388
-17.07694174960966 -3.082284320152993 -8.815803967610785
-12.965030729301846 -7.087502864109561 11.541333917085908
-14.47687536461276 -5.783042555471939 11.65406856956975
6.804616361147859 -2.50304501287934 11.835889899894168
8.218829923520955 -3.3195415938070663 10.681189361514917
5.758070174245764 11.389108627689192 -5.457944706249332
7.465176955432311 10.741714025487228 -4.641448125321606
12.742292485162245 -4.90982652878207 -2.486747586942352
13.035185703975698 -4.740724550056307 -0.5155504676353743
-2.0031493127482527 3.7795982082560458 -16.37575881729063
-1.087300347512776 5.215582278124817 -17.424172106008506
-0.9566031258461573 -16.094855822400177 5.148200961778812
-0.333647379424133 -17.731072685666863 4.181391510872631
-11.918484542399753 -0.6483787169190118 14.458784129317536
-13.723222396524118 -1.1460135488626033 13.75502220087365
-12.965030729301843 13.24377492364952 -2.8350504768259635
-14.476875364612756 12.915242070431688 -1.5676152859628698
6.804616361147862 11.993332350416493 1.5854031636685233
8.218829923520957 11.176835769488767 0.4307026252892717
12.742292485162245 -0.7079192661742731 -5.4579447062493305
13.0351857039757 1.0941758744069412 -4.641448125321604
-21.877892776091898 -1.4804324826396034 2.3631479838338456
-21.584999557278447 -1.3113305039138414 4.334345103140824
2.7164470646499073 6.5044584472132625 15.387539838470571
3.8601018667402904 8.071966278313184 15.872279864769233
-0.9566031258461559 10.218722355446598 -13.458308605059006
-0.33364737942413086 9.852611284734154 -15.323218474704605
-11.918484542399746 13.847998646376821 4.208297393091895
-13.723222396524111 13.350363814433228 3.5045354646480096
4.986930161232884 -17.849933434246033 -2.835050476825959
3.946490046713005 -18.99496286839159 -1.5676152859628656
13.788838672064344 -0.10369554344697096 1.5854031636685257
13.788838672064344 1.5292976184084808 0.43070262528927333
-21.8778927760919 2.721474779968193 -0.6080491354731328
-21.584999557278447 4.5235699205494075 0.20844744545459376
2.716447064649903 12.33935887167651 11.261642180784335
3.8601018667402873 12.273873540920981 12.90108274546225
4.986930161232885 3.2770665885222923 -17.774095459053786
3.946490046713005 4.853692424135824 -18.43116116548945
6.03347634813498 -17.24570971151873 4.208297393091895
4.7001430148016485 -18.55984112439005 3.5045354646480114
-8.582080092834833 -20.30754831535173 -0.6080491354731233
-6.874973311648285 -20.954942917553694 0.20844744545460336
-20.8313465891898 3.325698502695494 6.435298734444722
-20.8313465891898 4.958691664550946 5.280598196065472
9.822809448286831 6.069062796671439 14.771797404476054
8.977631479642586 7.758423284768812 15.428863110911713
-8.582080092834827 6.195908549133701 -19.348823209235924
-6.8749733116482785 7.181507108787189 -19.68702716668745
-7.535533905932739 -19.70332459262443 6.43529873444473
-6.121320343559644 -20.519821173552156 5.28059819606548
6.033476348134981 9.716190735712845 -14.85664524682216
4.7001430148016485 9.490721430745161 -16.330207534185543
-2.781880937844087 9.544655092621053 19.687027166687443
-1.0747741566575395 10.53025365227454 19.348823209235913
9.82280944828683 11.903963221134687 10.645899746789823
8.977631479642584 11.960330547376607 12.457665991604735
-7.5355339059327315 12.635032696324252 -16.431372997004296
-6.121320343559636 11.818536115396526 -17.586073535383548
-2.7818809378440856 15.379555517084299 15.561129509001207
-1.0747741566575384 14.732160914882336 16.37762608992893
7.174492339697419 -12.84348014177885 -16.431372997004296
7.174492339697419 -11.210486979923397 -17.586073535383548
11.928145307786062 -10.09895732101881 15.56112950900122
12.221038526599514 -8.296862180437595 16.377626089928945
11.928145307786068 18.03749270532207 -4.334345103140832
12.22103852659952 18.206594684047833 -2.3631479838338536
-5.414213562373092 -3.1258976576862283 -0.23914631173809697
-5.414213562373094 0.8164965809277258 -3.0268400119728027
-1.9999999999999973 -5.097094776993206 -3.0268400119728014
-6.828427124746186 -5.097094776993207 -3.0268400119728
-6.828427124746188 -3.942394238613955 -1.393846850117348
-7.828427124746188 -3.3650439694243297 -3.0268400119728005
-1.9999999999999982 -1.1547005383792508 -5.814533712207506
-6.828427124746188 -1.1547005383792524 -5.814533712207505
-6.828427124746188 -4.440892098500626e-16 -4.181540550352054
-7.828427124746188 -1.732050807568878 -4.181540550352053
-4.414213562373092 -5.336241088731306 -5.8145337122075045
-3.4142135623730923 -5.913591357920932 -4.181540550352053
-5.414213562373092 -5.913591357920932 -4.181540550352052
-4.414213562373093 -3.7032479268758545 -6.969234250586757
-3.414213562373093 -1.9711971193069775 -6.969234250586758
-5.414213562373094 -1.971197119306978 -6.969234250586757
-5.035533905932735 -2.9072668561037522 2.3094010767585016
-4.328427124746188 1.443375672974065 4.280598196065481
-0.9142135623730949 -4.470215684946867 4.280598196065482
-5.535533905932739 -4.350642529077818 5.67444504618283
-6.035533905932736 -3.4846171252933784 3.9423942386139537
-6.535533905932739 -2.61859172150894 5.6744450461828295
-0.20710678118654835 -0.11957315586904982 6.25179531537246
-4.828427124746192 2.220446049250313e-16 7.645642165489809
-5.32842712474619 0.8660254037844393 5.913591357920932
-6.242640687119286 -0.8164965809277256 6.4909416271105576
-2.4142135623730967 -4.1815405503520555 7.645642165489811
-1.914213562373096 -5.047565954136493 5.913591357920933
-3.8284271247461916 -4.998037131279782 6.490941627110558
-2.1213203435596455 -2.379445409770841 8.462138746417537
-1.207106781186549 -0.6969234250586758 7.884788477227911
-3.121320343559645 -0.6473946022019634 8.462138746417537
-5.035533905932735 3.1464131678418545 -1.9711971193069773
-4.328427124746188 3.554661458305718 2.787693700234705
-0.9142135623730923 5.525858577612695 -2.7876937002347035
-5.535533905932734 6.8001322718609964 -2.2103434310450782
-6.035533905932734 4.878463975410732 -1.9711971193069777
-6.535533905932735 6.222782002671371 -0.5773502691896262
-0.20710678118654569 5.934106868076558 1.9711971193069784
-4.828427124746188 7.2083805623248605 2.548547388496604
-5.328427124746188 5.286712265874595 2.7876937002347044
-6.242640687119284 6.391883981397133 1.393846850117352
-2.4142135623730914 8.602227412442213 -1.3938468501173529
-1.9142135623730918 7.2579093851815735 -2.7876937002347044
-3.8284271247461863 7.785730831514486 -2.548547388496604
-2.1213203435596397 8.771329391167974 0.5773502691896252
-1.2071067811865452 7.666157675645435 1.9711971193069777
-3.12132034355964 8.193979121978348 2.210343431045078
0.2071067811865479 -5.9341068680765545 -1.9711971193069768
0.9142135623730954 -5.525858577612692 2.787693700234705
4.32842712474619 -3.5546614583057146 -2.787693700234703
3.1213203435596424 -8.193979121978344 -2.210343431045078
1.2071067811865472 -7.666157675645431 -1.9711971193069775
2.121320343559642 -8.77132939116797 -0.5773502691896258
5.035533905932738 -3.146413167841853 1.9711971193069786
3.82842712474619 -7.785730831514482 2.548547388496604
1.9142135623730951 -7.25790938518157 2.7876937002347044
2.414213562373094 -8.60222741244221 1.393846850117352
6.242640687119284 -6.3918839813971315 -1.3938468501173524
5.32842712474619 -5.286712265874592 -2.787693700234704
4.828427124746189 -7.208380562324857 -2.548547388496604
6.535533905932736 -6.222782002671369 0.5773502691896255
6.035533905932736 -4.878463975410731 1.971197119306978
5.535533905932736 -6.800132271860995 2.2103434310450782
-10.116414134972494 -4.911483190648539 -0.5249888454844269
-9.40930735378595 -4.503234900184675 4.233901974057255
-13.766329957741107 -1.762237421958198 -0.2528233185085198
-13.363961030678924 -6.560985960122894 0.0990576457134229
-11.392556509887893 -6.418064693249731 -0.20612709650029348
-12.087818655763527 -7.363805534280205 1.413189058584742
-13.05922317655456 -1.3539891314943344 4.5060675010331614
-12.656854249492378 -6.152737669659031 4.857948465255104
-10.685449728701347 -6.009816402785868 4.552763723041388
-11.794925436950077 -7.194703555554441 3.3843861778917197
-15.737734478532138 -4.214559765589863 1.6853545855606484
-15.042472332656503 -3.2688189245593913 0.06603843047561275
-14.875805665989837 -5.256525651485273 0.21179229819726353
-15.444841259718686 -4.0454577868641 3.656551704867626
-14.335365551469957 -2.8605706340955277 4.824929250017295
-14.168698884803291 -4.848277361021409 4.970683117738945
0.20710678118654924 0.11957315586905093 -6.251795315372457
0.9142135623730967 4.4702156849468695 -4.28059819606548
4.328427124746192 -1.4433756729740626 -4.280598196065481
3.1213203435596433 0.6473946022019645 -8.462138746417535
1.207106781186549 0.6969234250586769 -7.884788477227909
2.1213203435596433 2.379445409770841 -8.462138746417535
5.035533905932739 2.9072668561037553 -2.309401076758503
3.828427124746191 4.998037131279782 -6.490941627110558
1.914213562373097 5.047565954136495 -5.913591357920932
2.4142135623730967 4.1815405503520555 -7.645642165489809
6.242640687119286 0.8164965809277277 -6.490941627110558
5.328427124746191 -0.8660254037844368 -5.913591357920933
4.82842712474619 1.5543122344752192e-15 -7.645642165489809
6.535533905932738 2.6185917215089427 -5.674445046182832
6.0355339059327395 3.4846171252933806 -3.9423942386139554
5.535533905932739 4.3506425290778195 -5.674445046182832
-10.116414134972498 1.142196833297069 -4.805587041549909
-9.40930735378595 5.4928393623748875 -2.8343899222429307
-13.766329957741108 0.3490483633734547 -1.7457278143392962
-13.363961030678926 2.2803877640574157 -6.152737669659036
-11.392556509887894 1.9450164074543792 -6.119718454421227
-12.087818655763531 3.78696926665861 -6.471599418643169
-13.05922317655456 4.699690892451273 0.2254693049676817
-12.65685424949238 6.631030293135234 -4.181540550352058
-10.685449728701347 6.295658936532197 -4.148521335114251
-11.794925436950077 5.5890644072398254 -5.655102837715444
-15.737734478532142 2.9938207967349957 -3.411740191432557
-15.042472332656505 1.1518679375307643 -3.059859227210615
-14.875805665989839 1.9518549108395866 -4.885302478795943
-15.444841259718688 4.795915937316211 -2.595243610504831
-14.335365551469959 5.502510466608582 -1.088662107903637
-14.168698884803291 6.302497439917404 -2.9141053594889654
2.0000000000000004 1.1547005383792521 5.81453371220751
2.0000000000000004 5.097094776993207 3.0268400119728045
5.414213562373096 -0.8164965809277245 3.0268400119728054
5.414213562373095 1.9711971193069795 6.969234250586761
3.4142135623730954 1.9711971193069786 6.969234250586761
4.414213562373095 3.703247926875856 6.969234250586761
5.414213562373095 3.125897657686231 0.23914631173810097
5.414213562373096 5.913591357920933 4.181540550352056
3.414213562373096 5.913591357920934 4.181540550352056
4.414213562373096 5.336241088731308 5.814533712207508
7.82842712474619 1.7320508075688796 4.181540550352057
6.82842712474619 2.220446049250313e-15 4.181540550352057
6.828427124746191 1.1547005383792537 5.81453371220751
7.82842712474619 3.365043969424332 3.026840011972805
6.828427124746192 3.9423942386139577 1.3938468501173529
6.82842712474619 5.097094776993209 3.026840011972805
-4.069035593728849 -9.332170052738693 -4.805587041549903
0.05228474983079323 -10.895118881581807 -2.834389922242925
-6.580880229039762 -12.096515641969285 -1.7457278143392918
-4.707106781186545 -12.713723629781926 -6.1527376696590315
-4.011844635310911 -10.838751555339886 -6.119718454421221
-2.7642977396044826 -12.361842665559983 -6.471599418643164
-2.4595598854801186 -13.659464470812399 0.22546930496768658
-0.5857864376269029 -14.27667245862504 -4.181540550352054
0.10947570824873143 -12.401700384183 -4.148521335114245
-1.0571909584179346 -13.009237267761947 -5.655102837715439
-5.276142374915395 -15.126188254790575 -3.411740191432553
-6.523689270621824 -13.603097144570478 -3.059859227210611
-5.747546895706426 -13.858753063927482 -4.885302478795938
-3.5690355937288474 -15.773582856992538 -2.595243610504827
-2.402368927062181 -15.166045973413592 -1.0886621079036327
-1.6262265521467842 -15.421701892770596 -2.91410535948896
-8.32352091615905 2.1773242158072703 7.260741986030061
-8.323520916159048 6.119718454421225 4.473048285795356
-12.680543520114204 0.975927455419793 5.561710393698987
-11.07106781186548 3.60419028116243 9.27863532734526
-9.185449728701354 3.21929010170268 8.734304273393445
-9.794925436950084 5.1107717837636235 8.959773578361126
-12.680543520114202 4.918321694033747 2.774016693464282
-11.071067811865479 7.546584519776383 6.490941627110555
-9.18544972870135 7.161684340316635 5.94661057315874
-9.794925436950082 6.743764945619075 7.805073039981874
-14.15194804090524 3.9093750233761457 7.2607419860300535
-13.542472332656509 2.0178933413152023 7.035272681062372
-12.875805665989844 3.1065554492188374 8.574873398901374
-14.15194804090524 5.542368185231598 6.106041447650801
-13.542472332656505 5.960287579929156 4.247578980827666
-12.875805665989843 7.04894968783279 5.7871796986666695
-4.069035593728847 -1.4200275619699485 -10.400316650486703
0.05228474983079634 0.9594178478008911 -11.216813231414429
-6.58088022903976 2.386283913156051 -11.986613590333931
-4.707106781186545 -1.5629488288431128 -14.037526146886941
-4.0118446353109105 -2.1568087056516423 -12.258779117309839
-2.7642977396044817 -1.9808682235406714 -13.812056841919256
-2.4595598854801155 4.76572932292689 -12.803110171261658
-0.5857864376269011 0.8164965809277276 -14.854022727814668
0.1094757082487332 0.22263670411919811 -13.075275698237565
-1.0571909584179338 -0.995269663887183 -14.150260799370782
-5.276142374915393 1.8254432515853283 -15.398353781766485
-6.523689270621823 1.6495027694743578 -13.845076057157067
-5.747546895706425 0.013677006770418165 -14.694591853322601
-3.5690355937288456 2.811041811238817 -15.73655773921801
-2.402368927062179 4.028948179245198 -14.661572638084792
-1.6262265521467822 2.393122416541258 -15.511088434250325
-2.2761423749153944 -8.29704267022849 7.260741986030062
1.1380711874576988 -10.268239789535468 4.4730482857953575
-5.495093791412854 -11.469636549922946 5.561710393698995
-2.4142135623730914 -11.38992111267691 9.278635327345265
-1.804737854124362 -9.564477861091582 8.734304273393448
-0.4714045207910287 -11.038040148454968 8.95977357836113
-2.0808802290397606 -13.440833669229923 2.7740166934642905
1.0000000000000018 -13.361118231983887 6.49094162711056
1.6094757082487314 -11.53567498039856 5.946610573158744
0.9428090415820658 -11.854536729382694 7.805073039981879
-3.690355937288489 -14.210634028149423 7.260741986030064
-5.023689270621822 -12.737071740786039 7.035272681062381
-3.747546895706425 -12.70405252554823 8.574873398901381
-2.2761423749153944 -15.02713060907715 6.106041447650811
-1.6094757082487283 -14.708268860093016 4.247578980827676
-0.33333333333333126 -14.675249644855207 5.787179698666677
-0.857022603955157 0.4344290023164685 11.216813231414434
3.2642977396044857 2.8138744120873085 10.400316650486706
-2.897462718475037 4.512906004418378 12.803110171261658
-0.41421356237309426 0.9155542266411594 14.854022727814671
-0.2475468957064274 0.016509607618911293 13.07527569823757
1.3905242917512706 0.41791939469756745 14.150260799370788
1.2238576250846056 6.892351414189218 11.98661359033393
3.707106781186549 3.2949996364119998 14.037526146886943
3.873773447853216 2.395955017389751 12.258779117309842
3.097631072937818 1.4035179543510554 13.812056841919262
-0.6499158227686095 4.496396396799477 15.73655773921801
-2.287987010226307 4.094986609720821 14.661572638084793
-1.2593915310173396 2.604914714738533 15.511088434250329
1.0571909584179378 5.481994956452965 15.398353781766485
1.8333333333333346 6.474432019491661 13.845076057157065
2.8619288125423026 4.984360124509372 14.694591853322601
-2.276142374915394 9.611174083099813 -5.402279519206923
1.138071187457701 7.6399769637928365 -8.189973219441628
-5.495093791412853 9.066843029147995 -8.959773578361128
-2.4142135623730923 12.544621651056168 -7.645642165489808
-1.8047378541243626 11.422940327914723 -6.1060414476508065
-0.47140452079102935 12.126702256358609 -7.420172860522124
-2.0808802290397583 7.09564590984102 -11.747467278595833
1.0000000000000022 10.57342453174919 -10.433335865724512
1.6094757082487328 9.451743208607748 -8.89373514788551
0.9428090415820658 11.310205675430883 -8.574873398901376
-3.690355937288489 11.58237120240679 -10.97766691967633
-5.023689270621821 10.878609273962907 -9.663535506805012
-3.7475468957064253 12.319152346088483 -9.119204452853195
-2.2761423749153935 10.765874621479066 -12.132367458055581
-1.6094757082487268 8.90741215465593 -12.451229207039717
-0.3333333333333304 10.347955226781508 -11.906898153087898
-0.8570226039551545 10.430503264876029 4.148521335114242
3.264297739604488 8.867554436032913 6.119718454421221
-2.897462718475035 10.566586028363984 8.522511975196174
-0.41421356237309015 13.69932218943542 5.814533712207501
-0.24754689570642385 12.321984946936972 4.373990640081924
1.3905242917512748 13.201687357491828 5.110771783763617
1.2238576250846065 9.00363719952087 10.493709094503151
3.7071067811865515 12.136373360592305 7.7857308315144795
3.8737734478532184 10.759036118093858 6.345187759388904
3.097631072937822 12.554292755289865 5.9272683646913435
-0.6499158227686059 13.337770120979783 9.484762423845547
-2.2879870102263045 12.458067710424928 8.747981280163856
-1.2593915310173358 13.755689515677343 7.626299957022412
1.0571909584179409 12.69037551877782 10.301259004773273
1.8333333333333368 10.895118881581814 10.719178399470835
2.861928812542306 12.192740686834227 9.59749707632939
7.185449728701347 -6.77678416085688 -5.402279519206918
7.1854497287013475 -2.8343899222429245 -8.189973219441622
5.104569499661588 -9.292312334115675 -8.959773578361123
9.65685424949238 -8.363081100704106 -7.645642165489801
8.990187582825712 -7.274418992800472 -6.1060414476508
10.26632995774111 -6.471599418643162 -7.4201728605221176
5.10456949966159 -5.34991809550172 -11.747467278595828
9.65685424949238 -4.420686862090151 -10.433335865724507
8.990187582825714 -3.332024754186517 -8.893735147885504
10.26632995774111 -4.83860625678771 -8.574873398901369
8.18544972870135 -8.987127591901958 -10.977666919676322
6.909307353785954 -9.789947166059267 -9.663535506805005
8.79492543695008 -9.405046986599515 -9.119204452853186
8.185449728701352 -7.354134430046504 -12.132367458055574
6.909307353785956 -5.847552927445312 -12.45122920703971
8.79492543695008 -5.462652747985561 -11.90689815308789
8.604569499661585 -5.957454979080671 4.14852133511425
9.311676280848134 -1.6068124500028538 6.1197184544212275
7.702200572599401 -7.792569334899695 8.522511975196178
11.65685424949238 -7.2083805623248605 5.814533712207509
10.54737854124365 -6.3753743737782305 4.373990640081933
12.128258770283411 -5.396614317509951 5.110771783763625
8.40930735378595 -3.4419268058218777 10.493709094503156
12.363961030678926 -2.8577380332470437 7.7857308315144875
11.254485322430197 -2.0247318447004132 6.345187759388911
12.421151989096863 -3.594519176928736 5.9272683646913515
11.225889843221227 -7.231728673328974 9.484762423845554
9.645009614181465 -8.210488729597255 8.747981280163863
11.283080801639164 -7.968509817010665 7.626299957022419
11.518783062034679 -5.42963353274776 10.30125900477328
10.352116395368014 -3.8598462005194367 10.71917839947084
11.990187582825712 -3.6178672879328495 9.597497076329397
-17.79165463122531 -4.30261100622401 -1.9032702882657055
-17.791654631225306 -0.3602167676100536 -4.690963988500407
-17.282122804822325 -7.074739299122637 -5.823651716721124
-21.03756612406936 -5.322564081960876 -3.345701760956941
-19.78048740195994 -4.424463663221461 -2.0755959684027
-21.186804540792426 -3.3559259649107047 -3.013945206327878
-17.282122804822322 -3.1323450605086793 -8.611345416955826
-21.037566124069357 -1.3801698433469198 -6.133395461191642
-19.780487401959938 -0.4820694246075048 -4.863289668637401
-21.186804540792426 -1.7229328030552522 -4.168645744707129
-20.677272714389442 -6.12805425780933 -6.934326634783296
-19.270955575556957 -7.196591956120087 -5.995977396858118
-20.82651113111251 -6.470817217517663 -4.969576918298783
-20.67727271438944 -4.4950610959538775 -8.089027173162547
-19.270955575556954 -3.25419771750613 -8.783671097092821
-20.826511131112508 -2.5284229789037065 -7.757270618533484
-16.37253486026508 -3.483281824447806 7.647530566055462
-15.665428079078536 0.8673607046300105 9.618727685362442
-14.684491731884513 -5.574996299906664 11.65863383683618
-19.037566124069368 -4.16786354358164 10.114474116740372
-18.22329644354201 -3.525419044199226 8.404436119330034
-19.324875728250134 -2.280940863777502 9.516999437957866
-13.977384950697969 -1.2243537708288468 13.629830956143161
-18.330459342882822 0.1827789854961761 12.085671236047352
-17.51618966235547 0.8252234848785904 10.375633238637015
-19.031982509436684 -0.47884572319628793 10.333496018885594
-17.63683259986957 -4.37265533923636 13.528102708738585
-16.535253315161448 -5.6171335196580845 12.415539390110753
-18.33835576642343 -5.0342800479288226 11.775927491576827
-17.343939381056117 -2.570560198655145 14.344599289666313
-15.828146533974902 -1.2664909905802673 14.386736509417734
-17.631248985236883 -0.6836375188510073 13.747124610883807
8.604569499661588 5.89708175030203 -4.233901974057256
9.311676280848136 6.305330040765893 0.5249888454844265
7.702200572599408 10.632624458839599 -4.506067501033165
11.656854249492381 7.884788477227913 -4.857948465255106
10.547378541243653 6.248962714523973 -4.552763723041389
12.128258770283413 6.6173532863648195 -3.384386177891721
8.409307353785955 11.04087274930346 0.25282331850851714
12.36396103067893 8.293036767691776 -0.09905764571342335
11.254485322430197 6.657211004987836 0.20612709650029304
12.421151989096867 6.786455265090582 -1.4131890585847424
11.225889843221234 11.352895994902386 -3.6565517048676295
9.645009614181472 10.984505423061542 -4.824929250017298
11.28308080163917 9.846314492301195 -4.9706831177389486
11.518783062034686 11.52199797362815 -1.6853545855606518
10.352116395368018 11.392753713525405 -0.06603843047561586
11.990187582825715 10.254562782765056 -0.21179229819726575
-16.372534860265073 8.37125490493489 -0.7348927431160375
-15.665428079078525 8.77950319539875 4.023998076425645
-14.68449173188451 12.850197493832624 -1.3699456393931566
-19.03756612406936 10.925305495971124 -0.5580080607222357
-18.223296443542004 9.098918044102968 -0.522318243793281
-19.324875728250127 9.733026740097257 1.021841476302527
-13.977384950697962 13.258445784296486 3.388945180148526
-18.330459342882815 11.333553786434985 4.200882758819446
-17.51618966235546 9.50716633456683 4.236572575748401
-19.031982509436673 9.902128718823018 2.993038595609505
-17.636832599869564 14.211969328994993 0.38678858002540806
-16.53525331516144 13.577860633000704 -1.1573711400704
-18.338355766423422 12.780544261383028 -0.821055583184533
-17.34393938105611 14.381071307720756 2.357985699332386
-15.828146533974893 13.986108923464565 3.601519679471282
-17.631248985236876 13.188792551846888 3.9378352363571487
-0.9365480209038306 -18.364658565803307 -0.7348927431160313
-0.22944123971728203 -17.956410275339444 4.02399807642565
3.786351607363934 -19.142241628390842 -1.369945639393154
-0.05719095841792754 -21.949668637655687 -0.5580080607222311
-1.2317540486252045 -20.33129668285348 -0.5223182437932754
-1.2333894514875834 -21.60234667569055 1.0218414763025323
4.493458388550482 -18.73399333792698 3.3889451801485277
0.6499158227686207 -21.54142034719182 4.20088275881945
-0.5246472674386558 -19.923048392389617 4.236572575748406
-0.9404962326741308 -21.43324469696479 2.9930385956095105
3.489510176780181 -22.379929738278086 0.38678858002541006
3.49114557964256 -21.108879745441016 -1.1573711400703974
1.8990981213374292 -22.27175408805105 -0.8210555831845299
3.782403395593634 -22.21082775955232 2.3579856993323878
4.198252360829108 -20.70063145497715 3.601519679471284
2.6062049025239773 -21.863505797587184 3.9378352363571514
-0.9365480209038277 5.428689332464932 -17.559330389112194
-0.22944123971728025 9.77933186154275 -15.588133269805216
3.7863516073639363 5.089150074167829 -18.504127029859834
-0.0571909584179231 6.790461167627305 -20.880348738219446
-1.2317540486251999 6.284652531452931 -19.342636420946103
-1.2333894514875796 8.164183608151776 -20.026273939797107
4.493458388550485 9.439792603245646 -16.532929910552852
0.649915822768625 11.141103696705121 -18.909151618912468
-0.5246472674386529 10.635295060530748 -17.371439301639125
-0.9404962326741266 9.966278748732991 -19.20977735886938
3.4895101767801853 7.824644349854675 -20.971070580544744
3.491145579642564 5.94511327315583 -20.28743306169374
1.8990981213374343 6.649819401882544 -21.271696320501658
3.782403395593638 9.626739490435888 -20.154573999617018
4.1982523608291125 10.295755802233646 -18.31623594238676
2.6062049025239817 11.00046193096036 -19.30049920119468
4.038127305611958 8.300819471359821 15.920672025559758
4.038127305611956 12.243213709973773 13.132978325325052
8.839594354011561 8.006641134225376 15.504641031427857
5.804737854124366 10.174847345519035 18.57094766146093
4.24918229856881 9.44907260691661 17.5445471829016
4.398420715291879 11.415710723966782 17.87630373753066
8.83959435401156 11.94903537283933 12.71694733119315
5.8047378541243635 14.117241584132987 15.783253961226226
4.249182298568808 13.391466845530562 14.756853482666893
4.398420715291877 13.048703885822233 16.721603199151406
9.199887763691482 11.121532386832339 17.460272743398757
9.050649346968413 9.154894269782165 17.128516188769698
7.7935706248589955 10.052994688521583 18.398621981323938
9.19988776369148 12.75452554868779 16.305572205019505
9.050649346968411 13.097288508396119 14.340822488534991
7.793570624858994 13.995388927135537 15.61092828108923
8 0 1 2 3 4 5 6 7
8 8 9 10 11 12 13 14 15
8 16 17 18 19 20 21 22 23
8 24 25 26 27 28 29 30 31
8 32 33 34 35 36 37 38 39
8 40 41 42 43 44 45 46 47
4 11 3 4 12
4 19 2 1 20
4 27 5 6 28
4 18 10 9 17
4 35 0 7 36
4 26 13 14 25
4 43 8 15 44
4 34 21 22 33
4 42 16 23 41
4 37 29 30 38
4 45 24 31 46
4 40 32 39 47
6 10 11 3 2 19 18
6 27 5 4 12 13 26
6 35 0 1 20 21 34
6 29 28 6 7 36 37
6 43 8 9 17 16 42
6 24 25 14 15 44 45
6 32 33 22 23 41 40
6 39 38 30 31 46 47
8 48 49 50 3 2 51 52 53
8 54 55 56 11 10 57 58 59
8 60 61 62 19 18 63 64 65
8 66 67 68 69 70 71 72 73
8 74 75 76 77 78 79 80 81
8 82 83 84 85 86 87 88 89
4 50 3 11 56
4 51 2 19 62
4 57 10 18 63
4 69 49 48 70
4 77 52 53 78
4 68 55 54 67
4 85 58 59 86
4 76 61 60 75
4 84 64 65 83
4 79 71 72 80
4 87 66 73 88
4 82 74 81 89
6 10 11 3 2 19 18
6 69 49 50 56 55 68
6 77 52 51 62 61 76
6 85 58 57 63 64 84
6 71 70 48 53 78 79
6 66 67 54 59 86 87
6 74 75 60 65 83 82
6 81 80 72 73 88 89
8 90 91 5 4 92 93 94 95
8 96 97 13 12 98 99 100 101
8 102 103 104 27 26 105 106 107
8 108 109 110 111 112 113 114 115
8 116 117 118 119 120 121 122 123
8 124 125 126 127 128 129 130 131
4 12 4 92 98
4 91 5 27 104
4 94 93 111 110
4 97 13 26 105
4 100 99 112 113
4 119 90 95 120
4 127 96 101 128
4 118 103 102 117
4 126 106 107 125
4 121 109 108 122
4 129 114 115 130
4 124 116 123 131
6 27 5 4 12 13 26
6 111 93 92 98 99 112
6 119 90 91 104 103 118
6 120 95 94 110 109 121
6 127 96 97 105 106 126
6 128 101 100 113 114 129
6 116 117 102 107 125 124
6 123 122 108 115 130 131
8 132 133 0 1 134 135 136 137
8 138 139 21 20 140 141 142 143
8 144 145 146 35 34 147 148 149
8 150 151 152 153 154 155 156 157
8 158 159 160 161 162 163 164 165
8 166 167 168 169 170 171 172 173
4 20 1 134 140
4 133 0 35 146
4 136 135 153 152
4 139 21 34 147
4 142 141 154 155
4 161 132 137 162
4 169 138 143 170
4 160 145 144 159
4 168 148 149 167
4 163 151 150 164
4 171 156 157 172
4 166 158 165 173
6 35 0 1 20 21 34
6 153 135 134 140 141 154
6 161 132 133 146 145 160
6 162 137 136 152 151 163
6 169 138 139 147 148 168
6 170 143 142 155 156 171
6 158 159 144 149 167 166
6 165 164 150 157 172 173
8 174 175 7 6 176 177 178 179
8 180 181 29 28 182 183 184 185
8 186 187 37 36 188 189 190 191
8 192 193 194 195 196 197 198 199
8 200 201 202 203 204 205 206 207
8 208 209 210 211 212 213 214 215
4 28 6 176 182
4 36 7 175 188
4 178 177 195 194
4 181 29 37 187
4 179 174 203 202
4 184 183 196 197
4 190 189 204 205
4 211 180 185 212
4 210 186 191 209
4 201 193 192 200
4 213 198 199 214
4 208 206 207 215
6 29 28 6 7 36 37
6 195 177 176 182 183 196
6 203 174 175 188 189 204
6 193 194 178 179 202 201
6 211 180 181 187 186 210
6 212 185 184 197 198 213
6 209 191 190 205 206 208
6 207 200 192 199 214 215
8 216 217 8 9 218 219 220 221
8 222 223 16 17 224 225 226 227
8 228 229 230 43 42 231 232 233
8 234 235 236 237 238 239 240 241
8 242 243 244 245 246 247 248 249
8 250 251 252 253 254 255 256 257
4 17 9 218 224
4 217 8 43 230
4 220 219 237 236
4 223 16 42 231
4 226 225 238 239
4 245 216 221 246
4 253 222 227 254
4 244 229 228 243
4 252 232 233 251
4 247 235 234 248
4 255 240 241 256
4 250 242 249 257
6 43 8 9 17 16 42
6 237 219 218 224 225 238
6 245 216 217 230 229 244
6 246 221 220 236 235 247
6 253 222 223 231 232 252
6 254 227 226 239 240 255
6 242 243 228 233 251 250
6 249 248 234 241 256 257
8 258 259 53 48 260 261 262 263
8 264 265 71 70 266 267 268 269
8 270 271 79 78 272 273 274 275
8 276 277 278 279 280 281 282 283
8 284 285 286 287 288 289 290 291
8 292 293 294 295 296 297 298 299
4 70 48 260 266
4 78 53 259 272
4 279 261 262 280
4 265 71 79 271
4 287 258 263 288
4 268 267 278 277
4 274 273 286 285
4 295 264 269 296
4 282 281 289 290
4 294 270 275 293
4 297 276 283 298
4 292 284 291 299
6 71 70 48 53 78 79
6 279 261 260 266 267 278
6 287 258 259 272 273 286
6 281 280 262 263 288 289
6 295 264 265 271 270 294
6 296 269 268 277 276 297
6 293 275 274 285 284 292
6 298 283 282 290 291 299
8 300 301 15 14 302 303 304 305
8 306 307 24 25 308 309 310 311
8 312 313 45 44 314 315 316 317
8 318 319 320 321 322 323 324 325
8 326 327 328 329 330 331 332 333
8 334 335 336 337 338 339 340 341
4 25 14 302 308
4 44 15 301 314
4 304 303 321 320
4 307 24 45 313
4 305 300 329 328
4 310 309 322 323
4 316 315 330 331
4 337 306 311 338
4 336 312 317 335
4 327 319 318 326
4 339 324 325 340
4 334 332 333 341
6 24 25 14 15 44 45
6 321 303 302 308 309 322
6 329 300 301 314 315 330
6 319 320 304 305 328 327
6 337 306 307 313 312 336
6 338 311 310 323 324 339
6 335 317 316 331 332 334
6 333 326 318 325 340 341
8 342 343 59 54 344 345 346 347
8 348 349 66 67 350 351 352 353
8 354 355 87 86 356 357 358 359
8 360 361 362 363 364 365 366 367
8 368 369 370 371 372 373 374 375
8 376 377 378 379 380 381 382 383
4 67 54 344 350
4 86 59 343 356
4 363 345 346 364
4 349 66 87 355
4 371 342 347 372
4 352 351 362 361
4 358 357 370 369
4 379 348 353 380
4 366 365 373 374
4 378 354 359 377
4 381 360 367 382
4 376 368 375 383
6 66 67 54 59 86 87
6 363 345 344 350 351 362
6 371 342 343 356 357 370
6 365 364 346 347 372 373
6 379 348 349 355 354 378
6 380 353 352 361 360 381
6 377 359 358 369 368 376
6 382 367 366 374 375 383
8 384 385 23 22 386 387 388 389
8 390 391 32 33 392 393 394 395
8 396 397 40 41 398 399 400 401
8 402 403 404 405 406 407 408 409
8 410 411 412 413 414 415 416 417
8 418 419 420 421 422 423 424 425
4 33 22 386 392
4 41 23 385 398
4 388 387 405 404
4 391 32 40 397
4 389 384 413 412
4 394 393 406 407
4 400 399 414 415
4 421 390 395 422
4 420 396 401 419
4 411 403 402 410
4 423 408 409 424
4 418 416 417 425
6 32 33 22 23 41 40
6 405 387 386 392 393 406
6 413 384 385 398 399 414
6 403 404 388 389 412 411
6 421 390 391 397 396 420
6 422 395 394 407 408 423
6 419 401 400 415 416 418
6 417 410 402 409 424 425
8 426 427 65 60 428 429 430 431
8 432 433 74 75 434 435 436 437
8 438 439 82 83 440 441 442 443
8 444 445 446 447 448 449 450 451
8 452 453 454 455 456 457 458 459
8 460 461 462 463 464 465 466 467
4 75 60 428 434
4 83 65 427 440
4 447 429 430 448
4 433 74 82 439
4 455 426 431 456
4 436 435 446 445
4 442 441 454 453
4 463 432 437 464
4 450 449 457 458
4 462 438 443 461
4 465 444 451 466
4 460 452 459 467
6 74 75 60 65 83 82
6 447 429 428 434 435 446
6 455 426 427 440 441 454
6 449 448 430 431 456 457
6 463 432 433 439 438 462
6 464 437 436 445 444 465
6 461 443 442 453 452 460
6 466 451 450 458 459 467
8 468 469 31 30 470 471 472 473
8 474 475 39 38 476 477 478 479
8 480 481 47 46 482 483 484 485
8 486 487 488 489 490 491 492 493
8 494 495 496 497 498 499 500 501
8 502 503 504 505 506 507 508 509
4 38 30 470 476
4 46 31 469 482
4 47 39 475 481
4 472 471 489 488
4 473 468 497 496
4 478 477 490 491
4 479 474 505 504
4 484 483 498 499
4 485 480 506 507
4 495 487 486 494
4 503 492 493 502
4 508 500 501 509
6 39 38 30 31 46 47
6 489 471 470 476 477 490
6 497 468 469 482 483 498
6 505 474 475 481 480 506
6 487 488 472 473 496 495
6 492 491 478 479 504 503
6 500 499 484 485 507 508
6 501 494 486 493 502 509
8 510 511 107 102 512 513 514 515
8 516 517 116 117 518 519 520 521
8 522 523 124 125 524 525 526 527
8 528 529 530 531 532 533 534 535
8 536 537 538 539 540 541 542 543
8 544 545 546 547 548 549 550 551
4 117 102 512 518
4 125 107 511 524
4 531 513 514 532
4 517 116 124 523
4 539 510 515 540
4 520 519 530 529
4 526 525 538 537
4 547 516 521 548
4 534 533 541 542
4 546 522 527 545
4 549 528 535 550
4 544 536 543 551
6 116 117 102 107 125 124
6 531 513 512 518 519 530
6 539 510 511 524 525 538
6 533 532 514 515 540 541
6 547 516 517 523 522 546
6 548 521 520 529 528 549
6 545 527 526 537 536 544
6 550 535 534 542 543 551
8 552 553 73 72 554 555 556 557
8 558 559 81 80 560 561 562 563
8 564 565 89 88 566 567 568 569
8 570 571 572 573 574 575 576 577
8 578 579 580 581 582 583 584 585
8 586 587 588 589 590 591 592 593
4 80 72 554 560
4 88 73 553 566
4 89 81 559 565
4 556 555 573 572
4 557 552 581 580
4 562 561 574 575
4 563 558 589 588
4 568 567 582 583
4 569 564 590 591
4 579 571 570 578
4 587 576 577 586
4 592 584 585 593
6 81 80 72 73 88 89
6 573 555 554 560 561 574
6 581 552 553 566 567 582
6 589 558 559 565 564 590
6 571 572 556 557 580 579
6 576 575 562 563 588 587
6 584 583 568 569 591 592
6 585 578 570 577 586 593
8 594 595 115 108 596 597 598 599
8 600 601 123 122 602 603 604 605
8 606 607 131 130 608 609 610 611
8 612 613 614 615 616 617 618 619
8 620 621 622 623 624 625 626 627
8 628 629 630 631 632 633 634 635
4 122 108 596 602
4 130 115 595 608
4 615 597 598 616
4 131 123 601 607
4 623 594 599 624
4 604 603 614 613
4 605 600 631 630
4 610 609 622 621
4 611 606 632 633
4 618 617 625 626
4 629 612 619 628
4 634 620 627 635
6 123 122 108 115 130 131
6 615 597 596 602 603 614
6 623 594 595 608 609 622
6 617 616 598 599 624 625
6 631 600 601 607 606 632
6 612 613 604 605 630 629
6 620 621 610 611 633 634
6 628 619 618 626 627 635
8 636 637 149 144 638 639 640 641
8 642 643 158 159 644 645 646 647
8 648 649 166 167 650 651 652 653
8 654 655 656 657 658 659 660 661
8 662 663 664 665 666 667 668 669
8 670 671 672 673 674 675 676 677
4 159 144 638 644
4 167 149 637 650
4 657 639 640 658
4 643 158 166 649
4 665 636 641 666
4 646 645 656 655
4 652 651 664 663
4 673 642 647 674
4 660 659 667 668
4 672 648 653 671
4 675 654 661 676
4 670 662 669 677
6 158 159 144 149 167 166
6 657 639 638 644 645 656
6 665 636 637 650 651 664
6 659 658 640 641 666 667
6 673 642 643 649 648 672
6 674 647 646 655 654 675
6 671 653 652 663 662 670
6 676 661 660 668 669 677
8 678 679 157 150 680 681 682 683
8 684 685 165 164 686 687 688 689
8 690 691 173 172 692 693 694 695
8 696 697 698 699 700 701 702 703
8 704 705 706 707 708 709 710 711
8 712 713 714 715 716 717 718 719
4 164 150 680 686
4 172 157 679 692
4 699 681 682 700
4 173 165 685 691
4 707 678 683 708
4 688 687 698 697
4 689 684 715 714
4 694 693 706 705
4 695 690 716 717
4 702 701 709 710
4 713 696 703 712
4 718 704 711 719
6 165 164 150 157 172 173
6 699 681 680 686 687 698
6 707 678 679 692 693 706
6 701 700 682 683 708 709
6 715 684 685 691 690 716
6 696 697 688 689 714 713
6 704 705 694 695 717 718
6 712 703 702 710 711 719
8 720 721 233 228 722 723 724 725
8 726 727 242 243 728 729 730 731
8 732 733 250 251 734 735 736 737
8 738 739 740 741 742 743 744 745
8 746 747 748 749 750 751 752 753
8 754 755 756 757 758 759 760 761
4 243 228 722 728
4 251 233 721 734
4 741 723 724 742
4 727 242 250 733
4 749 720 725 750
4 730 729 740 739
4 736 735 748 747
4 757 726 731 758
4 744 743 751 752
4 756 732 737 755
4 759 738 745 760
4 754 746 753 761
6 242 243 228 233 251 250
6 741 723 722 728 729 740
6 749 720 721 734 735 748
6 743 742 724 725 750 751
6 757 726 727 733 732 756
6 758 731 730 739 738 759
6 755 737 736 747 746 754
6 760 745 744 752 753 761
8 762 763 199 192 764 765 766 767
8 768 769 207 200 770 771 772 773
8 774 775 215 214 776 777 778 779
8 780 781 782 783 784 785 786 787
8 788 789 790 791 792 793 794 795
8 796 797 798 799 800 801 802 803
4 200 192 764 770
4 214 199 763 776
4 783 765 766 784
4 215 207 769 775
4 791 762 767 792
4 782 771 772 781
4 799 768 773 800
4 778 777 790 789
4 779 774 798 797
4 786 785 793 794
4 787 780 801 802
4 796 788 795 803
6 207 200 192 199 214 215
6 783 765 764 770 771 782
6 791 762 763 776 777 790
6 785 784 766 767 792 793
6 799 768 769 775 774 798
6 780 781 772 773 800 801
6 788 789 778 779 797 796
6 795 794 786 787 802 803
8 804 805 241 234 806 807 808 809
8 810 811 249 248 812 813 814 815
8 816 817 257 256 818 819 820 821
8 822 823 824 825 826 827 828 829
8 830 831 832 833 834 835 836 837
8 838 839 840 841 842 843 844 845
4 248 234 806 812
4 256 241 805 818
4 825 807 808 826
4 257 249 811 817
4 833 804 809 834
4 814 813 824 823
4 815 810 841 840
4 820 819 832 831
4 821 816 842 843
4 828 827 835 836
4 839 822 829 838
4 844 830 837 845
6 249 248 234 241 256 257
6 825 807 806 812 813 824
6 833 804 805 818 819 832
6 827 826 808 809 834 835
6 841 810 811 817 816 842
6 822 823 814 815 840 839
6 830 831 820 821 843 844
6 838 829 828 836 837 845
8 846 847 325 318 848 849 850 851
8 852 853 333 326 854 855 856 857
8 858 859 341 340 860 861 862 863
8 864 865 866 867 868 869 870 871
8 872 873 874 875 876 877 878 879
8 880 881 882 883 884 885 886 887
4 326 318 848 854
4 340 325 847 860
4 867 849 850 868
4 341 333 853 859
4 875 846 851 876
4 866 855 856 865
4 883 852 857 884
4 862 861 874 873
4 863 858 882 881
4 870 869 877 878
4 871 864 885 886
4 880 872 879 887
6 333 326 318 325 340 341
6 867 849 848 854 855 866
6 875 846 847 860 861 874
6 869 868 850 851 876 877
6 883 852 853 859 858 882
6 864 865 856 857 884 885
6 872 873 862 863 881 880
6 879 878 870 871 886 887
8 888 889 409 402 890 891 892 893
8 894 895 417 410 896 897 898 899
8 900 901 425 424 902 903 904 905
8 906 907 908 909 910 911 912 913
8 914 915 916 917 918 919 920 921
8 922 923 924 925 926 927 928 929
4 410 402 890 896
4 424 409 889 902
4 909 891 892 910
4 425 417 895 901
4 917 888 893 918
4 908 897 898 907
4 925 894 899 926
4 904 903 916 915
4 905 900 924 923
4 912 911 919 920
4 913 906 927 928
4 922 914 921 929
6 417 410 402 409 424 425
6 909 891 890 896 897 908
6 917 888 889 902 903 916
6 911 910 892 893 918 919
6 925 894 895 901 900 924
6 906 907 898 899 926 927
6 914 915 904 905 923 922
6 921 920 912 913 928 929
8 930 931 493 486 932 933 934 935
8 936 937 501 494 938 939 940 941
8 942 943 509 502 944 945 946 947
8 948 949 950 951 952 953 954 955
8 956 957 958 959 960 961 962 963
8 964 965 966 967 968 969 970 971
4 494 486 932 938
4 502 493 931 944
4 951 933 934 952
4 509 501 937 943
4 959 930 935 960
4 950 939 940 949
4 967 936 941 968
4 958 945 946 957
4 966 942 947 965
4 954 953 961 962
4 955 948 969 970
4 963 956 964 971
6 501 494 486 493 502 509
6 951 933 932 938 939 950
6 959 930 931 944 945 958
6 953 952 934 935 960 961
6 967 936 937 943 942 966
6 948 949 940 941 968 969
6 956 957 946 947 965 964
6 963 962 954 955 970 971
8 972 973 577 570 974 975 976 977
8 978 979 585 578 980 981 982 983
8 984 985 593 586 986 987 988 989
8 990 991 992 993 994 995 996 997
8 998 999 1000 1001 1002 1003 1004 1005
8 1006 1007 1008 1009 1010 1011 1012 1013
4 578 570 974 980
4 586 577 973 986
4 993 975 976 994
4 593 585 979 985
4 1001 972 977 1002
4 992 981 982 991
4 1009 978 983 1010
4 1000 987 988 999
4 1008 984 989 1007
4 1003 995 996 1004
4 1011 990 997 1012
4 1006 998 1005 1013
6 585 578 570 577 586 593
6 993 975 974 980 981 992
6 1001 972 973 986 987 1000
6 995 994 976 977 1002 1003
6 1009 978 979 985 984 1008
6 990 991 982 983 1010 1011
6 998 999 988 989 1007 1006
6 1005 1004 996 997 1012 1013
3 1014 3 4
3 1015 11 12
4 11 3 4 12
4 1014 3 11 1015
4 12 4 1014 1015
3 1016 2 1
3 1017 19 20
4 19 2 1 20
4 1016 2 19 1017
4 20 1 1016 1017
3 1018 5 6
3 1019 27 28
4 27 5 6 28
4 1018 5 27 1019
4 28 6 1018 1019
3 1020 10 9
3 1021 18 17
4 18 10 9 17
4 1020 10 18 1021
4 17 9 1020 1021
3 1022 49 48
3 1023 69 70
4 69 49 48 70
4 1022 49 69 1023
4 70 48 1022 1023
3 1024 0 7
3 1025 35 36
4 35 0 7 36
4 1024 0 35 1025
4 36 7 1024 1025
3 1026 13 14
3 1027 26 25
4 26 13 14 25
4 1026 13 26 1027
4 25 14 1026 1027
3 1028 52 53
3 1029 77 78
4 77 52 53 78
4 1028 52 77 1029
4 78 53 1028 1029
3 1030 55 54
3 1031 68 67
4 68 55 54 67
4 1030 55 68 1031
4 67 54 1030 1031
3 1032 8 15
3 1033 43 44
4 43 8 15 44
4 1032 8 43 1033
4 44 15 1032 1033
3 1034 21 22
3 1035 34 33
4 34 21 22 33
4 1034 21 34 1035
4 33 22 1034 1035
3 1036 90 95
3 1037 119 120
4 119 90 95 120
4 1036 90 119 1037
4 120 95 1036 1037
3 1038 58 59
3 1039 85 86
4 85 58 59 86
4 1038 58 85 1039
4 86 59 1038 1039
3 1040 61 60
3 1041 76 75
4 76 61 60 75
4 1040 61 76 1041
4 75 60 1040 1041
3 1042 16 23
3 1043 42 41
4 42 16 23 41
4 1042 16 42 1043
4 41 23 1042 1043
3 1044 29 30
3 1045 37 38
4 37 29 30 38
4 1044 29 37 1045
4 38 30 1044 1045
3 1046 132 137
3 1047 161 162
4 161 132 137 162
4 1046 132 161 1047
4 162 137 1046 1047
3 1048 96 101
3 1049 127 128
4 127 96 101 128
4 1048 96 127 1049
4 128 101 1048 1049
3 1050 64 65
3 1051 84 83
4 84 64 65 83
4 1050 64 84 1051
4 83 65 1050 1051
3 1052 103 102
3 1053 118 117
4 118 103 102 117
4 1052 103 118 1053
4 117 102 1052 1053
3 1054 24 31
3 1055 45 46
4 45 24 31 46
4 1054 24 45 1055
4 46 31 1054 1055
3 1056 71 72
3 1057 79 80
4 79 71 72 80
4 1056 71 79 1057
4 80 72 1056 1057
3 1058 216 221
3 1059 245 246
4 245 216 221 246
4 1058 216 245 1059
4 246 221 1058 1059
3 1060 138 143
3 1061 169 170
4 169 138 143 170
4 1060 138 169 1061
4 170 143 1060 1061
3 1062 106 107
3 1063 126 125
4 126 106 107 125
4 1062 106 126 1063
4 125 107 1062 1063
3 1064 109 108
3 1065 121 122
4 121 109 108 122
4 1064 109 121 1065
4 122 108 1064 1065
3 1066 145 144
3 1067 160 159
4 160 145 144 159
4 1066 145 160 1067
4 159 144 1066 1067
3 1068 66 73
3 1069 87 88
4 87 66 73 88
4 1068 66 87 1069
4 88 73 1068 1069
3 1070 32 39
3 1071 40 47
4 40 32 39 47
4 1070 32 40 1071
4 47 39 1070 1071
3 1072 222 227
3 1073 253 254
4 253 222 227 254
4 1072 222 253 1073
4 254 227 1072 1073
3 1074 180 185
3 1075 211 212
4 211 180 185 212
4 1074 180 211 1075
4 212 185 1074 1075
3 1076 114 115
3 1077 129 130
4 129 114 115 130
4 1076 114 129 1077
4 130 115 1076 1077
3 1078 148 149
3 1079 168 167
4 168 148 149 167
4 1078 148 168 1079
4 167 149 1078 1079
3 1080 151 150
3 1081 163 164
4 163 151 150 164
4 1080 151 163 1081
4 164 150 1080 1081
3 1082 229 228
3 1083 244 243
4 244 229 228 243
4 1082 229 244 1083
4 243 228 1082 1083
3 1084 74 81
3 1085 82 89
4 82 74 81 89
4 1084 74 82 1085
4 89 81 1084 1085
3 1086 306 311
3 1087 337 338
4 337 306 311 338
4 1086 306 337 1087
4 338 311 1086 1087
3 1088 264 269
3 1089 295 296
4 295 264 269 296
4 1088 264 295 1089
4 296 269 1088 1089
3 1090 186 191
3 1091 210 209
4 210 186 191 209
4 1090 186 210 1091
4 209 191 1090 1091
3 1092 156 157
3 1093 171 172
4 171 156 157 172
4 1092 156 171 1093
4 172 157 1092 1093
3 1094 232 233
3 1095 252 251
4 252 232 233 251
4 1094 232 252 1095
4 251 233 1094 1095
3 1096 193 192
3 1097 201 200
4 201 193 192 200
4 1096 193 201 1097
4 200 192 1096 1097
3 1098 235 234
3 1099 247 248
4 247 235 234 248
4 1098 235 247 1099
4 248 234 1098 1099
3 1100 116 123
3 1101 124 131
4 124 116 123 131
4 1100 116 124 1101
4 131 123 1100 1101
3 1102 348 353
3 1103 379 380
4 379 348 353 380
4 1102 348 379 1103
4 380 353 1102 1103
3 1104 390 395
3 1105 421 422
4 421 390 395 422
4 1104 390 421 1105
4 422 395 1104 1105
3 1106 270 275
3 1107 294 293
4 294 270 275 293
4 1106 270 294 1107
4 293 275 1106 1107
3 1108 312 317
3 1109 336 335
4 336 312 317 335
4 1108 312 336 1109
4 335 317 1108 1109
3 1110 198 199
3 1111 213 214
4 213 198 199 214
4 1110 198 213 1111
4 214 199 1110 1111
3 1112 240 241
3 1113 255 256
4 255 240 241 256
4 1112 240 255 1113
4 256 241 1112 1113
3 1114 319 318
3 1115 327 326
4 327 319 318 326
4 1114 319 327 1115
4 326 318 1114 1115
3 1116 158 165
3 1117 166 173
4 166 158 165 173
4 1116 158 166 1117
4 173 165 1116 1117
3 1118 432 437
3 1119 463 464
4 463 432 437 464
4 1118 432 463 1119
4 464 437 1118 1119
3 1120 396 401
3 1121 420 419
4 420 396 401 419
4 1120 396 420 1121
4 419 401 1120 1121
3 1122 276 283
3 1123 297 298
4 297 276 283 298
4 1122 276 297 1123
4 298 283 1122 1123
3 1124 354 359
3 1125 378 377
4 378 354 359 377
4 1124 354 378 1125
4 377 359 1124 1125
3 1126 206 207
3 1127 208 215
4 208 206 207 215
4 1126 206 208 1127
4 215 207 1126 1127
3 1128 324 325
3 1129 339 340
4 339 324 325 340
4 1128 324 339 1129
4 340 325 1128 1129
3 1130 403 402
3 1131 411 410
4 411 403 402 410
4 1130 403 411 1131
4 410 402 1130 1131
3 1132 242 249
3 1133 250 257
4 250 242 249 257
4 1132 242 250 1133
4 257 249 1132 1133
3 1134 516 521
3 1135 547 548
4 547 516 521 548
4 1134 516 547 1135
4 548 521 1134 1135
3 1136 438 443
3 1137 462 461
4 462 438 443 461
4 1136 438 462 1137
4 461 443 1136 1137
3 1138 284 291
3 1139 292 299
4 292 284 291 299
4 1138 284 292 1139
4 299 291 1138 1139
3 1140 360 367
3 1141 381 382
4 381 360 367 382
4 1140 360 381 1141
4 382 367 1140 1141
3 1142 332 333
3 1143 334 341
4 334 332 333 341
4 1142 332 334 1143
4 341 333 1142 1143
3 1144 408 409
3 1145 423 424
4 423 408 409 424
4 1144 408 423 1145
4 424 409 1144 1145
3 1146 487 486
3 1147 495 494
4 495 487 486 494
4 1146 487 495 1147
4 494 486 1146 1147
3 1148 642 647
3 1149 673 674
4 673 642 647 674
4 1148 642 673 1149
4 674 647 1148 1149
3 1150 522 527
3 1151 546 545
4 546 522 527 545
4 1150 522 546 1151
4 545 527 1150 1151
3 1152 368 375
3 1153 376 383
4 376 368 375 383
4 1152 368 376 1153
4 383 375 1152 1153
3 1154 444 451
3 1155 465 466
4 465 444 451 466
4 1154 444 465 1155
4 466 451 1154 1155
3 1156 416 417
3 1157 418 425
4 418 416 417 425
4 1156 416 418 1157
4 425 417 1156 1157
3 1158 492 493
3 1159 503 502
4 503 492 493 502
4 1158 492 503 1159
4 502 493 1158 1159
3 1160 571 570
3 1161 579 578
4 579 571 570 578
4 1160 571 579 1161
4 578 570 1160 1161
3 1162 726 731
3 1163 757 758
4 757 726 731 758
4 1162 726 757 1163
4 758 731 1162 1163
3 1164 648 653
3 1165 672 671
4 672 648 653 671
4 1164 648 672 1165
4 671 653 1164 1165
3 1166 452 459
3 1167 460 467
4 460 452 459 467
4 1166 452 460 1167
4 467 459 1166 1167
3 1168 528 535
3 1169 549 550
4 549 528 535 550
4 1168 528 549 1169
4 550 535 1168 1169
3 1170 500 501
3 1171 508 509
4 508 500 501 509
4 1170 500 508 1171
4 509 501 1170 1171
3 1172 576 577
3 1173 587 586
4 587 576 577 586
4 1172 576 587 1173
4 586 577 1172 1173
3 1174 732 737
3 1175 756 755
4 756 732 737 755
4 1174 732 756 1175
4 755 737 1174 1175
3 1176 654 661
3 1177 675 676
4 675 654 661 676
4 1176 654 675 1177
4 676 661 1176 1177
3 1178 536 543
3 1179 544 551
4 544 536 543 551
4 1178 536 544 1179
4 551 543 1178 1179
3 1180 612 619
3 1181 629 628
4 629 612 619 628
4 1180 612 629 1181
4 628 619 1180 1181
3 1182 584 585
3 1183 592 593
4 592 584 585 593
4 1182 584 592 1183
4 593 585 1182 1183
3 1184 738 745
3 1185 759 760
4 759 738 745 760
4 1184 738 759 1185
4 760 745 1184 1185
3 1186 696 703
3 1187 713 712
4 713 696 703 712
4 1186 696 713 1187
4 712 703 1186 1187
3 1188 620 627
3 1189 634 635
4 634 620 627 635
4 1188 620 634 1189
4 635 627 1188 1189
3 1190 662 669
3 1191 670 677
4 670 662 669 677
4 1190 662 670 1191
4 677 669 1190 1191
3 1192 822 829
3 1193 839 838
4 839 822 829 838
4 1192 822 839 1193
4 838 829 1192 1193
3 1194 746 753
3 1195 754 761
4 754 746 753 761
4 1194 746 754 1195
4 761 753 1194 1195
3 1196 704 711
3 1197 718 719
4 718 704 711 719
4 1196 704 718 1197
4 719 711 1196 1197
3 1198 830 837
3 1199 844 845
4 844 830 837 845
4 1198 830 844 1199
4 845 837 1198 1199
3 1200 788 795
3 1201 796 803
4 796 788 795 803
4 1200 788 796 1201
4 803 795 1200 1201
3 1202 872 879
3 1203 880 887
4 880 872 879 887
4 1202 872 880 1203
4 887 879 1202 1203
3 1204 914 921
3 1205 922 929
4 922 914 921 929
4 1204 914 922 1205
4 929 921 1204 1205
3 1206 3 4
3 1207 2 1
3 1208 5 6
3 1209 1210 1211
3 1212 0 7
3 1213 1214 1215
3 1216 1217 1218
3 1219 1220 1221
8 0 1 2 3 4 5 6 7
8 1211 1210 1206 3 2 1207 1214 1215
8 1217 1208 5 4 1206 1210 1209 1218
8 1220 1212 0 1 1207 1214 1213 1221
8 1220 1212 7 6 1208 1217 1216 1219
8 1221 1213 1215 1211 1209 1218 1216 1219
3 1222 11 12
3 1223 10 9
3 1224 13 14
3 1225 1226 1227
3 1228 8 15
3 1229 1230 1231
3 1232 1233 1234
3 1235 1236 1237
8 8 9 10 11 12 13 14 15
8 1227 1226 1222 11 10 1223 1230 1231
8 1233 1224 13 12 1222 1226 1225 1234
8 1236 1228 8 9 1223 1230 1229 1237
8 1236 1228 15 14 1224 1233 1232 1235
8 1237 1229 1231 1227 1225 1234 1232 1235
3 1238 19 20
3 1239 18 17
3 1240 21 22
3 1241 1242 1243
3 1244 16 23
3 1245 1246 1247
3 1248 1249 1250
3 1251 1252 1253
8 16 17 18 19 20 21 22 23
8 1243 1242 1238 19 18 1239 1246 1247
8 1249 1240 21 20 1238 1242 1241 1250
8 1252 1244 16 17 1239 1246 1245 1253
8 1252 1244 23 22 1240 1249 1248 1251
8 1253 1245 1247 1243 1241 1250 1248 1251
3 1254 27 28
3 1255 26 25
3 1256 29 30
3 1257 1258 1259
3 1260 24 31
3 1261 1262 1263
3 1264 1265 1266
3 1267 1268 1269
8 24 25 26 27 28 29 30 31
8 1259 1258 1254 27 26 1255 1262 1263
8 1265 1256 29 28 1254 1258 1257 1266
8 1268 1260 24 25 1255 1262 1261 1269
8 1268 1260 31 30 1256 1265 1264 1267
8 1269 1261 1263 1259 1257 1266 1264 1267
3 1270 69 70
3 1271 68 67
3 1272 71 72
3 1273 1274 1275
3 1276 66 73
3 1277 1278 1279
3 1280 1281 1282
3 1283 1284 1285
8 66 67 68 69 70 71 72 73
8 1275 1274 1270 69 68 1271 1278 1279
8 1281 1272 71 70 1270 1274 1273 1282
8 1284 1276 66 67 1271 1278 1277 1285
8 1284 1276 73 72 1272 1281 1280 1283
8 1285 1277 1279 1275 1273 1282 1280 1283
3 1286 35 36
3 1287 34 33
3 1288 37 38
3 1289 1290 1291
3 1292 32 39
3 1293 1294 1295
3 1296 1297 1298
3 1299 1300 1301
8 32 33 34 35 36 37 38 39
8 1291 1290 1286 35 34 1287 1294 1295
8 1297 1288 37 36 1286 1290 1289 1298
8 1300 1292 32 33 1287 1294 1293 1301
8 1300 1292 39 38 1288 1297 1296 1299
8 1301 1293 1295 1291 1289 1298 1296 1299
3 1302 77 78
3 1303 76 75
3 1304 79 80
3 1305 1306 1307
3 1308 74 81
3 1309 1310 1311
3 1312 1313 1314
3 1315 1316 1317
8 74 75 76 77 78 79 80 81
8 1307 1306 1302 77 76 1303 1310 1311
8 1313 1304 79 78 1302 1306 1305 1314
8 1316 1308 74 75 1303 1310 1309 1317
8 1316 1308 81 80 1304 1313 1312 1315
8 1317 1309 1311 1307 1305 1314 1312 1315
3 1318 43 44
3 1319 42 41
3 1320 45 46
3 1321 1322 1323
3 1324 40 47
3 1325 1326 1327
3 1328 1329 1330
3 1331 1332 1333
8 40 41 42 43 44 45 46 47
8 1323 1322 1318 43 42 1319 1326 1327
8 1329 1320 45 44 1318 1322 1321 1330
8 1332 1324 40 41 1319 1326 1325 1333
8 1332 1324 47 46 1320 1329 1328 1331
8 1333 1325 1327 1323 1321 1330 1328 1331
3 1334 119 120
3 1335 118 117
3 1336 121 122
3 1337 1338 1339
3 1340 116 123
3 1341 1342 1343
3 1344 1345 1346
3 1347 1348 1349
8 116 117 118 119 120 121 122 123
8 1339 1338 1334 119 118 1335 1342 1343
8 1345 1336 121 120 1334 1338 1337 1346
8 1348 1340 116 117 1335 1342 1341 1349
8 1348 1340 123 122 1336 1345 1344 1347
8 1349 1341 1343 1339 1337 1346 1344 1347
3 1350 85 86
3 1351 84 83
3 1352 87 88
3 1353 1354 1355
3 1356 82 89
3 1357 1358 1359
3 1360 1361 1362
3 1363 1364 1365
8 82 83 84 85 86 87 88 89
8 1355 1354 1350 85 84 1351 1358 1359
8 1361 1352 87 86 1350 1354 1353 1362
8 1364 1356 82 83 1351 1358 1357 1365
8 1364 1356 89 88 1352 1361 1360 1363
8 1365 1357 1359 1355 1353 1362 1360 1363
3 1366 161 162
3 1367 160 159
3 1368 163 164
3 1369 1370 1371
3 1372 158 165
3 1373 1374 1375
3 1376 1377 1378
3 1379 1380 1381
8 158 159 160 161 162 163 164 165
8 1371 1370 1366 161 160 1367 1374 1375
8 1377 1368 163 162 1366 1370 1369 1378
8 1380 1372 158 159 1367 1374 1373 1381
8 1380 1372 165 164 1368 1377 1376 1379
8 1381 1373 1375 1371 1369 1378 1376 1379
3 1382 127 128
3 1383 126 125
3 1384 129 130
3 1385 1386 1387
3 1388 124 131
3 1389 1390 1391
3 1392 1393 1394
3 1395 1396 1397
8 124 125 126 127 128 129 130 131
8 1387 1386 1382 127 126 1383 1390 1391
8 1393 1384 129 128 1382 1386 1385 1394
8 1396 1388 124 125 1383 1390 1389 1397
8 1396 1388 131 130 1384 1393 1392 1395
8 1397 1389 1391 1387 1385 1394 1392 1395
3 1398 245 246
3 1399 244 243
3 1400 247 248
3 1401 1402 1403
3 1404 242 249
3 1405 1406 1407
3 1408 1409 1410
3 1411 1412 1413
8 242 243 244 245 246 247 248 249
8 1403 1402 1398 245 244 1399 1406 1407
8 1409 1400 247 246 1398 1402 1401 1410
8 1412 1404 242 243 1399 1406 1405 1413
8 1412 1404 249 248 1400 1409 1408 1411
8 1413 1405 1407 1403 1401 1410 1408 1411
3 1414 169 170
3 1415 168 167
3 1416 171 172
3 1417 1418 1419
3 1420 166 173
3 1421 1422 1423
3 1424 1425 1426
3 1427 1428 1429
8 166 167 168 169 170 171 172 173
8 1419 1418 1414 169 168 1415 1422 1423
8 1425 1416 171 170 1414 1418 1417 1426
8 1428 1420 166 167 1415 1422 1421 1429
8 1428 1420 173 172 1416 1425 1424 1427
8 1429 1421 1423 1419 1417 1426 1424 1427
3 1430 253 254
3 1431 252 251
3 1432 255 256
3 1433 1434 1435
3 1436 250 257
3 1437 1438 1439
3 1440 1441 1442
3 1443 1444 1445
8 250 251 252 253 254 255 256 257
8 1435 1434 1430 253 252 1431 1438 1439
8 1441 1432 255 254 1430 1434 1433 1442
8 1444 1436 250 251 1431 1438 1437 1445
8 1444 1436 257 256 1432 1441 1440 1443
8 1445 1437 1439 1435 1433 1442 1440 1443
3 1446 211 212
3 1447 210 209
3 1448 213 214
3 1449 1450 1451
3 1452 208 215
3 1453 1454 1455
3 1456 1457 1458
3 1459 1460 1461
8 208 209 210 211 212 213 214 215
8 1451 1450 1446 211 210 1447 1454 1455
8 1457 1448 213 212 1446 1450 1449 1458
8 1460 1452 208 209 1447 1454 1453 1461
8 1460 1452 215 214 1448 1457 1456 1459
8 1461 1453 1455 1451 1449 1458 1456 1459
3 1462 337 338
3 1463 336 335
3 1464 339 340
3 1465 1466 1467
3 1468 334 341
3 1469 1470 1471
3 1472 1473 1474
3 1475 1476 1477
8 334 335 336 337 338 339 340 341
8 1467 1466 1462 337 336 1463 1470 1471
8 1473 1464 339 338 1462 1466 1465 1474
8 1476 1468 334 335 1463 1470 1469 1477
8 1476 1468 341 340 1464 1473 1472 1475
8 1477 1469 1471 1467 1465 1474 1472 1475
3 1478 295 296
3 1479 294 293
3 1480 297 298
3 1481 1482 1483
3 1484 292 299
3 1485 1486 1487
3 1488 1489 1490
3 1491 1492 1493
8 292 293 294 295 296 297 298 299
8 1483 1482 1478 295 294 1479 1486 1487
8 1489 1480 297 296 1478 1482 1481 1490
8 1492 1484 292 293 1479 1486 1485 1493
8 1492 1484 299 298 1480 1489 1488 1491
8 1493 1485 1487 1483 1481 1490 1488 1491
3 1494 379 380
3 1495 378 377
3 1496 381 382
3 1497 1498 1499
3 1500 376 383
3 1501 1502 1503
3 1504 1505 1506
3 1507 1508 1509
8 376 377 378 379 380 381 382 383
8 1499 1498 1494 379 378 1495 1502 1503
8 1505 1496 381 380 1494 1498 1497 1506
8 1508 1500 376 377 1495 1502 1501 1509
8 1508 1500 383 382 1496 1505 1504 1507
8 1509 1501 1503 1499 1497 1506 1504 1507
3 1510 421 422
3 1511 420 419
3 1512 423 424
3 1513 1514 1515
3 1516 418 425
3 1517 1518 1519
3 1520 1521 1522
3 1523 1524 1525
8 418 419 420 421 422 423 424 425
8 1515 1514 1510 421 420 1511 1518 1519
8 1521 1512 423 422 1510 1514 1513 1522
8 1524 1516 418 419 1511 1518 1517 1525
8 1524 1516 425 424 1512 1521 1520 1523
8 1525 1517 1519 1515 1513 1522 1520 1523
3 1526 463 464
3 1527 462 461
3 1528 465 466
3 1529 1530 1531
3 1532 460 467
3 1533 1534 1535
3 1536 1537 1538
3 1539 1540 1541
8 460 461 462 463 464 465 466 467
8 1531 1530 1526 463 462 1527 1534 1535
8 1537 1528 465 464 1526 1530 1529 1538
8 1540 1532 460 461 1527 1534 1533 1541
8 1540 1532 467 466 1528 1537 1536 1539
8 1541 1533 1535 1531 1529 1538 1536 1539
3 1542 547 548
3 1543 546 545
3 1544 549 550
3 1545 1546 1547
3 1548 544 551
3 1549 1550 1551
3 1552 1553 1554
3 1555 1556 1557
8 544 545 546 547 548 549 550 551
8 1547 1546 1542 547 546 1543 1550 1551
8 1553 1544 549 548 1542 1546 1545 1554
8 1556 1548 544 545 1543 1550 1549 1557
8 1556 1548 551 550 1544 1553 1552 1555
8 1557 1549 1551 1547 1545 1554 1552 1555
3 1558 673 674
3 1559 672 671
3 1560 675 676
3 1561 1562 1563
3 1564 670 677
3 1565 1566 1567
3 1568 1569 1570
3 1571 1572 1573
8 670 671 672 673 674 675 676 677
8 1563 1562 1558 673 672 1559 1566 1567
8 1569 1560 675 674 1558 1562 1561 1570
8 1572 1564 670 671 1559 1566 1565 1573
8 1572 1564 677 676 1560 1569 1568 1571
8 1573 1565 1567 1563 1561 1570 1568 1571
3 1574 757 758
3 1575 756 755
3 1576 759 760
3 1577 1578 1579
3 1580 754 761
3 1581 1582 1583
3 1584 1585 1586
3 1587 1588 1589
8 754 755 756 757 758 759 760 761
8 1579 1578 1574 757 756 1575 1582 1583
8 1585 1576 759 758 1574 1578 1577 1586
8 1588 1580 754 755 1575 1582 1581 1589
8 1588 1580 761 760 1576 1585 1584 1587
8 1589 1581 1583 1579 1577 1586 1584 1587
# cell 1: 0 1 2 3 4 5 6 7 8 9 10 11 12 13 14 15 16 17 18 19 20 21 22 23 24 25
# cell 2: 26 27 28 29 30 31 32 33 34 35 36 37 38 39 40 41 42 43 44 45 46 47 48 49 50 51
# cell 3: 52 53 54 55 56 57 58 59 60 61 62 63 64 65 66 67 68 69 70 71 72 73 74 75 76 77
# cell 4: 78 79 80 81 82 83 84 85 86 87 88 89 90 91 92 93 94 95 96 97 98 99 100 101 102 103
# cell 5: 104 105 106 107 108 109 110 111 112 113 114 115 116 117 118 119 120 121 122 123 124 125 126 127 128 129
# cell 6: 130 131 132 133 134 135 136 137 138 139 140 141 142 143 144 145 146 147 148 149 150 151 152 153 154 155
# cell 7: 156 157 158 159 160 161 162 163 164 165 166 167 168 169 170 171 172 173 174 175 176 177 178 179 180 181
# cell 8: 182 183 184 185 186 187 188 189 190 191 192 193 194 195 196 197 198 199 200 201 202 203 204 205 206 207
# cell 9: 208 209 210 211 212 213 214 215 216 217 218 219 220 221 222 223 224 225 226 227 228 229 230 231 232 233
# cell 10: 234 235 236 237 238 239 240 241 242 243 244 245 246 247 248 249 250 251 252 253 254 255 256 257 258 259
# cell 11: 260 261 262 263 264 265 266 267 268 269 270 271 272 273 274 275 276 277 278 279 280 281 282 283 284 285
# cell 12: 286 287 288 289 290 291 292 293 294 295 296 297 298 299 300 301 302 303 304 305 306 307 308 309 310 311
# cell 13: 312 313 314 315 316 317 318 319 320 321 322 323 324 325 326 327 328 329 330 331 332 333 334 335 336 337
# cell 14: 338 339 340 341 342 343 344 345 346 347 348 349 350 351 352 353 354 355 356 357 358 359 360 361 362 363
# cell 15: 364 365 366 367 368 369 370 371 372 373 374 375 376 377 378 379 380 381 382 383 384 385 386 387 388 389
# cell 16: 390 391 392 393 394 395 396 397 398 399 400 401 402 403 404 405 406 407 408 409 410 411 412 413 414 415
# cell 17: 416 417 418 419 420 421 422 423 424 425 426 427 428 429 430 431 432 433 434 435 436 437 438 439 440 441
# cell 18: 442 443 444 445 446 447 448 449 450 451 452 453 454 455 456 457 458 459 460 461 462 463 464 465 466 467
# cell 19: 468 469 470 471 472 473 474 475 476 477 478 479 480 481 482 483 484 485 486 487 488 489 490 491 492 493
# cell 20: 494 495 496 497 498 499 500 501 502 503 504 505 506 507 508 509 510 511 512 513 514 515 516 517 518 519
# cell 21: 520 521 522 523 524 525 526 527 528 529 530 531 532 533 534 535 536 537 538 539 540 541 542 543 544 545
# cell 22: 546 547 548 549 550 551 552 553 554 555 556 557 558 559 560 561 562 563 564 565 566 567 568 569 570 571
# cell 23: 572 573 574 575 576 577 578 579 580 581 582 583 584 585 586 587 588 589 590 591 592 593 594 595 596 597
# cell 24: 598 599 600 601 602 603 604 605 606 607 608 609 610 611 612 613 614 615 616 617 618 619 620 621 622 623
# cell 25: 624 625 626 627 628
# cell 26: 629 630 631 632 633
# cell 27: 634 635 636 637 638
# cell 28: 639 640 641 642 643
# cell 29: 644 645 646 647 648
# cell 30: 649 650 651 652 653
# cell 31: 654 655 656 657 658
# cell 32: 659 660 661 662 663
# cell 33: 664 665 666 667 668
# cell 34: 669 670 671 672 673
# cell 35: 674 675 676 677 678
# cell 36: 679 680 681 682 683
# cell 37: 684 685 686 687 688
# cell 38: 689 690 691 692 693
# cell 39: 694 695 696 697 698
# cell 40: 699 700 701 702 703
# cell 41: 704 705 706 707 708
# cell 42: 709 710 711 712 713
# cell 43: 714 715 716 717 718
# cell 44: 719 720 721 722 723
# cell 45: 724 725 726 727 728
# cell 46: 729 730 731 732 733
# cell 47: 734 735 736 737 738
# cell 48: 739 740 741 742 743
# cell 49: 744 745 746 747 748
# cell 50: 749 750 751 752 753
# cell 51: 754 755 756 757 758
# cell 52: 759 760 761 762 763
# cell 53: 764 765 766 767 768
# cell 54: 769 770 771 772 773
# cell 55: 774 775 776 777 778
# cell 56: 779 780 781 782 783
# cell 57: 784 785 786 787 788
# cell 58: 789 790 791 792 793
# cell 59: 794 795 796 797 798
# cell 60: 799 800 801 802 803
# cell 61: 804 805 806 807 808
# cell 62: 809 810 811 812 813
# cell 63: 814 815 816 817 818
# cell 64: 819 820 821 822 823
# cell 65: 824 825 826 827 828
# cell 66: 829 830 831 832 833
# cell 67: 834 835 836 837 838
# cell 68: 839 840 841 842 843
# cell 69: 844 845 846 847 848
# cell 70: 849 850 851 852 853
# cell 71: 854 855 856 857 858
# cell 72: 859 860 861 862 863
# cell 73: 864 865 866 867 868
# cell 74: 869 870 871 872 873
# cell 75: 874 875 876 877 878
# cell 76: 879 880 881 882 883
# cell 77: 884 885 886 887 888
# cell 78: 889 890 891 892 893
# cell 79: 894 895 896 897 898
# cell 80: 899 900 901 902 903
# cell 81: 904 905 906 907 908
# cell 82: 909 910 911 912 913
# cell 83: 914 915 916 917 918
# cell 84: 919 920 921 922 923
# cell 85: 924 925 926 927 928
# cell 86: 929 930 931 932 933
# cell 87: 934 935 936 937 938
# cell 88: 939 940 941 942 943
# cell 89: 944 945 946 947 948
# cell 90: 949 950 951 952 953
# cell 91: 954 955 956 957 958
# cell 92: 959 960 961 962 963
# cell 93: 964 965 966 967 968
# cell 94: 969 970 971 972 973
# cell 95: 974 975 976 977 978
# cell 96: 979 980 981 982 983
# cell 97: 984 985 986 987 988
# cell 98: 989 990 991 992 993
# cell 99: 994 995 996 997 998
# cell 100: 999 1000 1001 1002 1003
# cell 101: 1004 1005 1006 1007 1008
# cell 102: 1009 1010 1011 1012 1013
# cell 103: 1014 1015 1016 1017 1018
# cell 104: 1019 1020 1021 1022 1023
# cell 105: 1024 1025 1026 1027 1028
# cell 106: 1029 1030 1031 1032 1033
# cell 107: 1034 1035 1036 1037 1038
# cell 108: 1039 1040 1041 1042 1043
# cell 109: 1044 1045 1046 1047 1048
# cell 110: 1049 1050 1051 1052 1053
# cell 111: 1054 1055 1056 1057 1058
# cell 112: 1059 1060 1061 1062 1063
# cell 113: 1064 1065 1066 1067 1068
# cell 114: 1069 1070 1071 1072 1073
# cell 115: 1074 1075 1076 1077 1078
# cell 116: 1079 1080 1081 1082 1083
# cell 117: 1084 1085 1086 1087 1088
# cell 118: 1089 1090 1091 1092 1093
# cell 119: 1094 1095 1096 1097 1098
# cell 120: 1099 1100 1101 1102 1103
# cell 121: 1104 1105 1106 1107 1108 1109 1110 1111 1112 1113 1114 1115 1116 1117
# cell 122: 1118 1119 1120 1121 1122 1123 1124 1125 1126 1127 1128 1129 1130 1131
# cell 123: 1132 1133 1134 1135 1136 1137 1138 1139 1140 1141 1142 1143 1144 1145
# cell 124: 1146 1147 1148 1149 1150 1151 1152 1153 1154 1155 1156 1157 1158 1159
# cell 125: 1160 1161 1162 1163 1164 1165 1166 1167 1168 1169 1170 1171 1172 1173
# cell 126: 1174 1175 1176 1177 1178 1179 1180 1181 1182 1183 1184 1185 1186 1187
# cell 127: 1188 1189 1190 1191 1192 1193 1194 1195 1196 1197 1198 1199 1200 1201
# cell 128: 1202 1203 1204 1205 1206 1207 1208 1209 1210 1211 1212 1213 1214 1215
# cell 129: 1216 1217 1218 1219 1220 1221 1222 1223 1224 1225 1226 1227 1228 1229
# cell 130: 1230 1231 1232 1233 1234 1235 1236 1237 1238 1239 1240 1241 1242 1243
# cell 131: 1244 1245 1246 1247 1248 1249 1250 1251 1252 1253 1254 1255 1256 1257
# cell 132: 1258 1259 1260 1261 1262 1263 1264 1265 1266 1267 1268 1269 1270 1271
# cell 133: 1272 1273 1274 1275 1276 1277 1278 1279 1280 1281 1282 1283 1284 1285
# cell 134: 1286 1287 1288 1289 1290 1291 1292 1293 1294 1295 1296 1297 1298 1299
# cell 135: 1300 1301 1302 1303 1304 1305 1306 1307 1308 1309 1310 1311 1312 1313
# cell 136: 1314 1315 1316 1317 1318 1319 1320 1321 1322 1323 1324 1325 1326 1327
# cell 137: 1328 1329 1330 1331 1332 1333 1334 1335 1336 1337 1338 1339 1340 1341
# cell 138: 1342 1343 1344 1345 1346 1347 1348 1349 1350 1351 1352 1353 1354 1355
# cell 139: 1356 1357 1358 1359 1360 1361 1362 1363 1364 1365 1366 1367 1368 1369
# cell 140: 1370 1371 1372 1373 1374 1375 1376 1377 1378 1379 1380 1381 1382 1383
# cell 141: 1384 1385 1386 1387 1388 1389 1390 1391 1392 1393 1394 1395 1396 1397
# cell 142: 1398 1399 1400 1401 1402 1403 1404 1405 1406 1407 1408 1409 1410 1411
# cell 143: 1412 1413 1414 1415 1416 1417 1418 1419 1420 1421 1422 1423 1424 1425
# cell 144: 1426 1427 1428 1429 1430 1431 1432 1433 1434 1435 1436 1437 1438 1439