OFF
# face-rotation BFS net; polygonal faces are preserved
# the cell decomposition is listed below as comments
2883 7200 0
0.7873453095340508 -0.6176137674936345 -0.9993200677245754
-0.8306886792158451 -1.1433448796127677 0.052142156513691716
-0.8306886792158454 0.5579567370913122 -0.9993200677245753
0.8306886792158471 -0.5579567370913115 0.999320067724576
-0.7873453095340491 0.6176137674936353 0.999320067724576
0.8306886792158467 1.143344879612769 -0.05214215651369116
-2.4776182477536057 -0.5746462675307298 -0.9297971923729865
-2.4342748780718093 -0.5149892371284068 1.068842943076165
-2.4342748780718093 1.1863123795756734 0.0173807188378974
0.21910506682955466 -2.5339304418389745 -0.9297971923729866
0.26244843651135086 -2.4742734114366516 1.0688429430761646
1.8804824252612464 -1.948542299317518 0.017380718837897446
-1.9575373046955495 -2.5052854418637054 -0.8834486088052602
-1.914193935013753 -2.4456284114613824 1.115191526643891
-3.5611235035515136 -1.876929799379344 0.13325217775721238
0.21910506682955427 0.3015722526678261 -2.6822342327700985
0.26244843651135025 2.062530899774229 -1.7350563215592145
1.8804824252612462 0.8869603951892822 -1.7350563215592145
-1.7777557503900048 -2.6359043868175873 -0.8834486088052612
-1.7344123807082088 -2.576247356415265 1.1151915266438899
-0.6846186346628087 -3.966832918641471 0.13325217775721138
-1.9575373046955493 0.3302172526430967 -2.635885649202373
-1.9141939350137533 2.0911758997494996 -1.6887077379914879
-3.5611235035515136 0.9585728951274574 -1.6191848626398997
0.3346873859810109 0.46065766707402034 2.6474727950943056
0.33468738598101044 2.161959283778101 1.5960105708560384
1.9527213747309062 0.9863887791931537 1.5960105708560384
-1.7777557503900052 0.3886318206563325 -2.752714785228847
-1.7344123807082097 2.149590467762736 -1.8055368740179634
-0.6846186346628094 1.8932059833392496 -3.488451039063486
0.9189675641931536 -1.759685866619033 -2.635885649202373
2.580344922624846 -1.1742977240975765 -1.6887077379914888
2.0121046799203492 -3.0906143984429164 -1.6191848626398997
-1.8419549855440933 0.48930266704929093 2.6938213786620304
-1.8419549855440929 2.1906042837533715 1.642359154423763
-3.488884554081853 1.058001279131329 1.7118820297753523
0.9189675641931536 -1.5706523536519117 -2.752714785228847
2.580344922624846 -0.9852642111304556 -1.805536874017963
2.0121046799203492 -0.06607819096899509 -3.488451039063486
-1.6573575012739048 0.5543457939961188 2.7990633687965736
-1.6573575012739052 2.2556474107002 1.7476011445583062
-0.5353248057588456 2.098691310280584 3.3957538719280356
-2.4487226679657406 -1.669075991731901 -2.700621684428654
-2.4487226679657415 -0.6176137674936335 -0.999320067724575
-1.8306886792158452 -2.5197268000839412 -0.9993200677245749
-4.180231071729532 -1.1802149520692884 -1.8271839181308132
-3.562197082979636 -2.0308657604213285 -0.1258823014267334
-3.562197082979636 -3.0823279846595963 -1.827183918130813
1.0345498833446107 -1.6006004522128376 2.6938213786620304
2.6525838720945067 -1.0748693400937046 1.6423591544237637
2.08434362939001 -2.9911860144390436 1.7118820297753519
-1.8306886792158457 0.23303704085840637 -2.700621684428655
-4.180231071729532 -1.1064748071562456 -1.8727578340224165
-3.5621970829796368 0.7956382254340618 -1.872757834022417
-3.562197082979636 -0.2558239988042057 -3.5740594507264962
1.0393658133092554 -1.4049383803121258 2.7990633687965736
2.657399802059151 -0.8792072681929923 1.7476011445583064
2.1613985088243153 0.13940713597233917 3.395753871928035
-0.8306886792158445 -2.844646496316848 -2.700621684428654
0.16931132078415578 -2.5197268000839426 -0.9993200677245753
0.16931132078415623 -4.340342477592669 -1.8271839181308134
-0.8306886792158443 -4.015422781359763 -0.12588230142673362
-1.8306886792158448 -4.340342477592669 -1.827183918130813
-2.3272901736084743 -1.5019385019408404 2.898847363592037
-2.4023395824599456 -0.5537729271877871 1.1394867896663121
-1.7824269460146767 -2.453300223055249 1.2261145879179605
-4.095636158509563 -1.0637800429494937 2.0736385157852935
-3.5507729309157647 -2.015141764063902 0.4009057401112164
-3.475723522064294 -2.9633073388169553 2.1602663140369422
1.0345498833446098 3.125237371965164 -0.22690702199982316
2.652583872094506 1.9496668673802167 -0.22690702199982316
2.0843436293900086 2.8688528875416766 -1.9098211870453468
0.7873453095340512 -1.6690759917319022 -2.700621684428655
0.2394423661162543 -4.317555519646867 -1.8727578340224162
1.8574763548661501 -3.1419850150619206 -1.8727578340224165
0.8574763548661495 -3.466904711294827 -3.574059450726496
-1.7122959006825795 0.3959907207459431 2.758680641650302
-4.09375751081419 -0.9874541613136044 2.1146923981453396
-3.4787632378882947 0.910475061373179 1.9745256762036034
-3.403713829036823 -0.03769051337987428 3.7338862501293284
1.039365813309255 3.131865930898755 -0.004835895838805504
2.6573998020591505 1.9562954263138077 -0.004835895838805615
2.1613985088243144 2.97490983047914 1.6433168315309232
-0.8306886792158449 -1.143344879612768 -3.752083908666922
0.16931132078415512 0.23303704085840596 -2.7006216844286555
0.16931132078415512 0.3067771857714489 -4.699261819877807
-0.8306886792158457 1.6831591062426232 -3.6477995956395395
-1.8306886792158457 0.30677718577144925 -4.6992618198778064
-0.7092561848585774 -2.6775090065257876 2.898847363592037
0.21569440628995185 -2.455885959778096 1.1394867896663117
0.25390623400412593 -4.223907568472875 2.0736385157852935
-0.8192645271519723 -3.9996987850023356 0.4009057401112166
-1.744215118300502 -4.221321831750028 2.160266314036942
-2.3272901736084735 3.2644952222279233 -0.04697068306799901
-2.4023395824599447 1.2668427503209392 0.014284420515001783
-1.7824269460146762 2.1938194403088684 -1.6459633138290324
-4.095636158509562 2.330455570651619 -0.02411445924554889
-3.5507729309157634 1.2597797887325646 -1.6231070900065827
-3.4757235220642926 3.2574322606395483 -1.6843621935895836
-1.9008197245479432 -4.317555519646868 -1.872757834022416
-3.5188537132978386 -3.1419850150619206 -1.872757834022416
-2.5188537132978386 -3.466904711294827 -3.5740594507264962
0.23944236611625358 0.25582399880420714 -4.6992618198778064
1.8574763548661495 -0.26990711331492695 -3.647799595639539
0.857476354866149 -1.6462890337861007 -4.6992618198778064
0.9057380880673176 -1.506122311844365 2.758680641650302
0.3259159270315973 -4.198534873804226 2.114692398145339
1.9409101999574925 -3.0271481791228028 1.9745256762036032
1.0159596088089635 -3.248771225870495 3.733886250129329
-1.7122959006825789 2.2903465431677135 1.5879043566073876
-4.09375751081419 2.3330413073744656 0.06251333900610023
-3.4787632378882942 1.3588926283142553 1.6973883786814872
-3.403713829036823 3.356545100221239 1.6361332750984858
-0.6659128151767819 -0.9165503594193845 3.8460252748029222
0.2858254516220493 0.39340498402309654 2.672052843398654
0.3722990125373923 0.5861657747787807 4.660862940117258
-0.6740840729684048 1.8987068549441082 3.573518306964637
-1.625822339767236 0.5887515115016274 4.747490738368906
-0.7092561848585786 3.790226334347057 -1.0984329073062662
0.21569440628995096 2.117493558672979 -1.6870171961890779
0.2539062340041245 3.743707563579315 -2.850618445100939
-0.8192645271519736 2.147300669541126 -3.398148851623705
-1.7442151183005037 3.8200334452152043 -2.8095645627408934
3.823891668001102 -1.2045999831957694 -0.04697068306799923
1.9472028100537424 -1.8932847752024404 0.014284420515001672
2.637246491831109 -1.0172612721817524 -1.645963313829033
3.4820161321605436 -3.175031080957452 -0.02411445924554878
2.29537095599055 -2.987692369943435 -1.6231070900065825
4.17205981393791 -2.2990075779367647 -1.6843621935895834
-1.9008197245479435 0.2558239988042079 -4.6992618198778064
-3.518853713297839 -0.26990711331492534 -3.6477995956395395
-2.5188537132978386 -1.6462890337860991 -4.6992618198778064
-1.8123357644105402 -4.195767796662054 2.2073954944431935
-3.4303697531604365 -3.0201972920771065 2.2073954944431935
-2.3571989920043377 -3.244406075547645 3.88012827011727
0.44243005786949086 0.5352125878115395 4.660862940117257
2.014080961113591 -0.05435936461344143 3.573518306964637
1.0623426943147591 -1.3643147080559221 4.747490738368905
0.9057380880673169 3.1409973515197533 -0.11339726009669149
0.32591592703159655 3.7690802582479632 -2.809564562740894
1.9409101999574914 3.119851275420658 -1.8245289155313185
1.0159596088089629 4.792584051094735 -1.2359446266485068
2.7073775371632074 -0.9207341693229083 1.587904356607388
3.483894779855918 -3.1724453442346063 0.0625133390060999
2.367380649018022 -2.8885795303617443 1.6973883786814867
4.244069506965382 -2.1998947383550744 1.6361332750984856
-0.6659128151767824 3.84988336474938 0.900207228142885
0.2858254516220491 2.214020661531824 1.546850474247343
0.3722990125373917 3.9066612434668517 2.6086838809780177
-0.674084072968405 2.3471244218851846 3.29638100944252
-1.6258223397672364 3.982987125102741 2.649737763338063
3.823891668001102 0.4967016335083107 -1.0984329073062666
1.9472028100537417 0.8594790657399074 -1.6870171961890783
3.4820161321605427 1.398348437493622 -2.850618445100939
2.2953709559905495 -0.11561446819644139 -3.398148851623705
4.17205981393791 -0.4783919004280381 -2.8095645627408943
-5.485269026432795 -1.0820897760297654 0.15125499609538218
-3.6264386189189692 -1.819934664645133 0.13296739247528555
-4.363236330917734 -0.9251336756101505 -1.4968977312743466
-5.194678861623466 -3.060844234678144 0.16064373910252738
-4.072646166108404 -2.903888134258529 -1.487508988267201
-5.931476573622231 -2.166043245643161 -1.4692213846471045
0.8306886792158475 -1.7287330221342259 -4.6992618198778064
0.8306886792158481 -3.430034638838306 -3.647799595639539
-0.7873453095340476 -2.9043035267191715 -4.699261819877806
-1.6958216335726468 0.537979664953713 4.753566036415111
-3.357198992004338 -0.0474084775677433 3.806388125204227
-2.310815906498542 -1.3599495577330711 4.8937327583568475
-1.8123357644105411 3.850758953748871 -2.765631528695997
-3.430369753160437 3.3250278416297365 -1.7141693044577297
-2.3571989920043386 4.9214347356679236 -1.1666388979349633
0.4424300578694907 3.9294482014126526 2.5631099650864138
2.0140809611135895 3.220562188183025 1.5495054768468368
1.0623426943147585 4.856424891400581 0.9028622307423793
2.7073775371632074 1.8320296716194393 -0.11339726009669215
3.483894779855916 1.474674319129511 -2.8095645627408947
2.36738064901802 2.8100023572406396 -1.8245289155313196
4.244069506965382 2.447224925009043 -1.2359446266485077
-4.293105285585637 -0.8286065727513059 1.7369699391620737
-5.192800213928093 -3.0582584979552974 0.2472715373541785
-4.0006364730809345 -2.804775294676838 1.83298648042087
-5.859466880594761 -2.0669304060614704 1.8512740840409658
3.8672350376828986 0.5563586639106336 0.9002072281428859
2.0173338553858398 0.9560061685987516 1.5468504742473432
3.6004089106938095 1.5613021173811594 2.608683880978018
2.440551410174119 0.084209284147617 3.2963810094425208
4.290452592471178 -0.31543822054050097 2.6497377633380634
-5.485269026432794 0.6192118406743148 -0.900207228142885
-3.626438618918968 0.932829176297215 -1.568334224228794
-5.194678861623465 1.5125352837729298 -2.6658602467528625
-4.072646166108404 -0.031810232511536696 -3.2625507498843227
-5.931476573622231 -0.34542756813443704 -2.5944237537984134
0.665912815176783 -5.55118498145346 0.15125499609538295
-0.6102295597386146 -4.011338819494699 0.13296739247528588
0.46845976609464923 -4.435566372487164 -1.4968977312743463
-1.3057918061931453 -5.886286067057813 0.16064373910252971
-1.503244855275279 -4.770667458091518 -1.4875089882671997
-0.22710248035988176 -6.310513620050278 -1.4692213846471027
-2.4920660376475374 -1.7287330221342243 -4.6992618198778064
-2.492066037647537 -3.430034638838305 -3.647799595639539
-0.8740320488976407 -2.904303526719171 -4.699261819877806
1.0356867701911443 -1.4465773559847206 4.753566036415111
0.9923434005093483 -3.207536003091124 3.806388125204227
-0.5793075027347512 -2.617964050666143 4.8937327583568475
-1.6958216335726473 4.011126896913562 2.6070429991313104
-3.3571989920043395 3.4257387543921047 1.6598650879204264
-2.3108159064985423 4.9852755759737715 0.9721679594559236
4.22233194636114 -0.5336837805075099 -2.7656315286959985
4.222331946361141 -2.2349853972115907 -1.7141693044577315
5.408977122531134 -0.7210224915215274 -1.1666388979349653
3.6004089106938104 1.635042262294202 2.563109965086414
2.440551410174119 2.9107132700030074 1.5495054768468373
4.290452592471178 2.511065765314889 0.9028622307423797
-4.293105285585635 1.9241572681910402 0.03566832245799456
-5.19280021392809 1.588861165408821 -2.6248063643928163
-4.000636473080933 2.8938065929255457 -1.688930813791936
-5.859466880594757 2.5801892573026457 -1.020803817706027
0.5385908114267476 -4.339039269628319 1.736969939162074
-1.3039131584977728 -5.883700330334966 0.24727153735417773
-1.4312351622478083 -4.671554618509825 1.8329864804208695
-0.15509278733241091 -6.211400780468587 1.8512740840409658
-5.441925656750997 0.6788688710766376 1.0984329073062664
-3.5563075735868694 1.029356279156059 1.665533446207627
-5.0762860830901975 1.6754889636604666 2.7934420793260957
-3.927465711924834 0.16801351983252172 3.431979111181903
-5.813083795088962 -0.18247388824689986 2.864878572280542
2.2839468039266784 -5.0254538693343225 -0.9002072281428848
2.0078044290112818 -3.160688011142656 -1.5683342242287948
3.043750586320541 -4.473034074130116 -2.6658602467528616
1.2282635484885116 -3.883146577282954 -3.2625507498843236
1.5044059234039084 -5.747912435474621 -2.5944237537984143
0.665912815176781 2.6178519761234647 -4.897487499041188
-0.6102295597386157 1.9128549075810342 -3.5283856867964336
0.46845976609464857 0.6447795525208286 -4.636724187536309
-1.3057918061931475 2.7761112845074294 -5.19301224822186
-1.5032448552752802 0.8030388609047927 -4.932248936716982
-0.2271024803598834 1.5080359294472228 -6.301350748961736
-2.283946803926678 -1.4422814715385188 4.897487499041188
-2.327290173608474 -3.203240118644922 3.9503095878303034
-0.6659128151767818 -2.6178519761234655 4.897487499041188
1.0356867701911439 4.898647777722122 0.8320012375141869
0.9923434005093473 4.838990747319798 -1.166638897934964
-0.5793075027347524 5.547876760549426 -0.15303440969538706
4.338846077199036 -0.37331583734281903 2.607042999131311
4.295502707517239 -2.134274484449223 1.6598650879204278
5.455360208036932 -0.6571816512156807 0.9721679594559249
-5.981270319667628 -0.3994025634910172 -2.5483599555126144
-5.981270319667628 -2.1007041801950974 -1.4968977312743472
-7.103303015182689 -0.5563586639106314 -0.9002072281428856
-5.076286083090196 1.7492291085735117 2.747868163434491
-3.9274657119248335 2.9945175056879134 1.6851035785862183
-5.81308379508896 2.644030097608492 1.118003039684858
3.156624800176643 -3.4883884612762786 0.03566832245799412
3.1157602793480117 -4.447661379461469 -2.624806364392816
3.988438275597977 -2.9105959714034224 -1.688930813791937
4.264580650513373 -4.77536182959509 -1.0208038177060277
0.5385908114267466 3.4940704963220215 -3.1041581338039688
-1.3039131584977741 2.8524371661433188 -5.151958365861815
-1.431235162247809 3.728655686341875 -3.358629000624596
-0.15509278733241227 4.433652754884305 -4.72773081286935
2.327290173608475 -4.965796838932001 1.098432907306267
2.0779354743433798 -3.064160908283813 1.665533446207627
3.162143364853808 -4.310080394242578 2.7934420793260957
1.3734440026720809 -3.6833228249388954 3.431979111181903
1.622798701937176 -5.584958755587084 2.864878572280543
-3.716306762379972 -5.115057438664557 -1.6119945225175374
-4.334340751129869 -4.264406630312517 -3.313296139221617
-2.716306762379972 -5.439977134897464 -3.3132961392216176
2.2839468039266775 1.4422814715385175 -4.897487499041188
2.0078044290112813 0.010741874990725833 -3.528385686796433
3.04375058632054 -0.38401624101595055 -5.19301224822186
1.2282635484885107 -1.1815181600336393 -4.932248936716982
1.5044059234039073 0.25002143651415254 -6.301350748961736
0.8740320488976412 2.904303526719172 4.699261819877808
-0.45930128443569207 2.120589856995874 3.4311864648176025
0.6680207193143433 0.9194516405644113 4.565387542620323
-1.0832247825783552 3.0824485119039107 5.069950449180186
-1.2892361121616533 1.0975966257491505 4.936076171922701
0.04409722117167997 1.8813102954724472 6.204151526982907
-2.2839468039266784 5.025453869334326 0.900207228142885
-2.327290173608475 4.965796838932003 -1.0984329073062662
-0.6659128151767826 5.55118498145346 -0.15125499609538207
4.338846077199034 2.4987620644041746 0.8320012375141888
4.2955027075172385 2.439105034001853 -1.1666388979349627
5.455360208036931 1.1634340262930465 -0.15303440969538537
-5.864756188829734 -0.23903462032632633 2.8243145723146936
-5.908099558511531 -1.9999932674327296 1.8771366611038094
-7.0569199296768925 -0.4925178236047848 1.2385996292480022
1.4684597660946497 -5.811948292958338 -2.5483599555126135
-0.14957422265524634 -6.337679405077471 -1.496897731274346
1.6659128151767828 -6.9275669019246315 -0.9002072281428843
3.2322744101859064 -4.287293436296777 2.747868163434492
4.061609036754075 -2.809885058641055 1.6851035785862196
4.31096373601917 -4.711520989289244 1.1180030396848597
-4.084070318172275 -4.94164963364942 -0.7646091264035019
-3.787659088078456 -3.0844186825310906 -1.4449278582361422
-4.875393184078868 -3.3826856788760837 0.2066990170869445
-4.973043729163382 -4.341211282902234 -2.4525664900542656
-5.764366595069974 -2.7822473281288973 -1.4812583465638192
-6.060777825163794 -4.639478279247227 -0.8009396147311788
3.156624800176642 1.5919574637317133 -3.104158133803968
3.1157602793480117 -0.35864354634730267 -5.151958365861814
3.988438275597977 -0.20896755415410717 -3.358629000624595
4.264580650513374 1.222572042393684 -4.727730812869349
0.6680207193143438 3.6722154815067594 2.864085925916243
-1.0832247825783554 3.1561886568169544 5.024376533288582
-1.2892361121616527 3.924100611604542 3.189200639327017
0.04409722117168052 4.707814281327838 4.457275994387222
-3.6363810827437337 -5.005049178231867 2.073521217185709
-4.181244310337532 -4.053687457117459 3.746253992859785
-2.5632103215876354 -5.229257961702405 3.7462539928597853
2.327290173608473 3.203240118644921 -3.9503095878303043
2.0779354743433784 2.860032818791919 -1.9958196330640934
3.162143364853807 4.426057102235705 -2.6057878238898984
1.3734440026720796 4.716887479912804 -1.759636369863563
1.622798701937174 5.060094779765807 -3.7141263246297744
-3.7163067623799724 0.8457114956513705 -5.295952323009268
-4.334340751129868 -1.0564015369389363 -5.295952323009268
-2.7163067623799715 -0.5306704248198033 -6.347414547247535
2.492066037647538 1.728733022134224 4.69926181987781
2.158732704314205 0.2184768244055651 3.4311864648176043
3.266317609935333 -0.07767901361946994 5.069950449180188
1.442272291602139 -0.8869603951892837 4.936076171922702
1.775605624935472 0.6232958025393751 6.2041515269829075
5.485269026432793 -0.6192118406743137 0.9002072281428859
5.441925656750997 -0.6788688710766365 -1.0984329073062655
5.4852690264327935 1.0820897760297665 -0.15125499609538118
-5.864756188829735 2.633043281420667 1.0492728106975706
-5.908099558511531 2.5733862510183445 -0.9493673247515808
-7.0569199296768925 1.3280978539039416 0.11339726009669163
1.5849738969325444 -5.651580349793644 2.8243145723146936
-0.076403461499148 -6.236968492315101 1.8771366611038094
1.7122959006825798 -6.863726061618784 1.2385996292480026
-2.2807362104396702 -4.399386465438557 -1.4383574119598892
-2.4371407496345143 -5.510348245731459 0.21733022248317702
-3.3604387748809335 -5.748399131003033 -2.4455352515123616
-1.7135092063431732 -6.317097743085071 -1.4635959026256826
-3.5168433140757784 -6.859360911295934 -0.7898476170692952
1.4684597660946486 0.31985985628792135 -6.33802580424039
-0.14957422265524722 1.495430360872868 -6.33802580424039
1.6659128151767817 2.2929322798905574 -6.5987891157452685
-4.040726948490478 -4.881992603247096 1.23403100904565
-3.7175280427463577 -2.9878915796722447 1.7889398122002786
-4.856529598325487 -4.1808433397375415 2.920108037773041
-5.691195833913875 -2.681536415366528 1.8927760458143357
-6.014394739657996 -4.57563743894138 1.3378672426597071
3.2322744101859056 4.375103915268463 -2.605787823889898
4.061609036754075 2.7638212603552534 -1.759636369863563
4.31096373601917 3.1070285602082564 -3.714126324629774
-4.084070318172276 1.5260857072234244 -4.761889397301806
-3.787659088078456 0.08701120360229553 -3.4049793208037826
-4.8753931840788685 1.6976602461319104 -2.9331274391750197
-4.973043729163381 -0.2521934497880661 -4.979718491523267
-5.7643665950699745 -0.08061891087958095 -3.1509565333964806
-6.060777825163793 1.358455592741548 -4.507866609894504
3.2860547080642406 1.7701024489164516 2.864085925916243
3.3364486552674326 -0.05489205567366795 5.024376533288583
4.130437325684135 -0.01352262889144118 3.1892006393270176
4.463770659017467 1.4967335688372176 4.457275994387222
-3.636381082743736 4.0929397964173235 -3.549345198419294
-4.181244310337533 5.163615578336378 -1.95035256765826
-2.5632103215876376 5.689346690455512 -3.001814791896528
2.4920660376475365 3.430034638838305 3.6477995956395404
2.1587327043142035 2.971240665347914 1.7298848481135227
3.2663176099353324 4.569440649744648 2.1978725474331924
1.442272291602138 4.811621492413103 1.4141588777098946
1.7756056249354715 5.270415465903493 3.332073625235912
1.952721374730908 -3.2730785384186922 -5.295952323009268
0.3346873859810121 -4.4486490430036385 -5.295952323009266
0.33468738598101244 -2.7473474262995587 -6.347414547247535
-3.484520995754372 1.1647372342573974 5.3921030682709175
-4.099515268680268 -0.7331919884293858 5.532269790212655
-2.438137910248576 -0.1478038459079299 6.479447701423538
-7.088855225288757 -0.4537341335454045 1.1679557826578546
-7.132198594970553 -0.5133911639477273 -0.8306843527912969
-7.088855225288756 1.2475674831586758 0.1164935584195873
4.316482300696334 -4.764059468985085 1.049272810697571
4.273138931014539 -4.823716499387407 -0.9493673247515804
3.4438043044463695 -6.30112487704313 0.11339726009669236
-2.210605165107572 -4.302859362579714 1.7955102584765317
-3.2439246440430396 -5.588031187838343 2.927139276314946
-1.6403384451870755 -6.216386830322705 1.9104384897524733
-3.470460228569982 -6.795520070990088 1.3489592403215918
1.584973896932543 5.053607317903688 -3.791855262268472
-0.0764034614991489 4.468219175382232 -4.739033173479356
1.7122959006825782 4.177388797705132 -5.585184627505691
-2.280736210439671 0.6809594595694366 -4.578183868221852
-2.4371407496345157 2.6586887118454676 -4.8314122726533935
-3.360438774880934 0.38340901824322704 -6.235201100240138
-1.713509206343174 1.516012022865269 -6.304723975591726
-3.516843314075779 2.3611382705192576 -6.488429504671679
1.7411914804704418 0.6952428570938722 6.238120318294401
0.12315749172054558 1.870813361678819 6.238120318294401
1.9472028100537397 2.680094743248633 6.371994595551886
-4.040726948490481 3.287044354329828 -3.8147114860909213
-3.717528042746359 2.936302147403488 -1.8724132670714417
-4.856529598325489 4.481554011827699 -2.4335479495513486
-5.691195833913877 2.8921699036297808 -1.551963902635447
-6.014394739657998 3.242912110556121 -3.494262121654927
3.33644865526743 4.518487462777407 2.1978725474331933
4.130437325684133 2.8585552728555523 1.4141588777098952
4.463770659017466 3.3173492463459433 3.332073625235913
2.713440890817265 -3.4125952707006166 -4.761889397301807
1.2532035992916042 -3.5753899166074476 -3.404979320803782
3.1211501876791425 -4.112168590489669 -2.9331274391750197
1.2969048022933496 -4.807577706296143 -4.979718491523266
1.7046140991552272 -5.507151026085196 -3.1509565333964797
3.1648513906808877 -5.344356380178365 -4.507866609894504
-3.8759510844514153 1.8125372578191312 4.8348599216171895
-3.6367308127755322 0.2947461530171357 3.554592830810254
-4.745963276191273 1.8758052313166484 3.035116620545192
-4.752355353243962 0.05155804088556848 5.196616407627131
-5.622367544983818 0.11482601438308537 3.396873106555134
-5.861587816659701 1.6326171191850811 4.67714019736207
5.016320616777841 -2.193615970429363 -3.5493451984192967
6.202965792947836 -2.3809546814433804 -1.950352567658265
6.202965792947834 -0.679653064739299 -3.0018147918965306
-3.484520995754375 4.301957274590661 3.453194453157646
-4.099515268680269 5.276105953650871 1.8183194134822582
-2.438137910248578 5.861494096172327 2.7654973246931434
-3.6140987331625958 -3.2730785384186905 -5.295952323009269
-1.9960647444127002 -4.448649043003638 -5.295952323009268
-1.9960647444127009 -2.747347426299557 -6.347414547247536
2.1845071413565065 -2.9540527998126653 5.392103068270919
0.569512868430611 -4.1254394944940875 5.532269790212655
0.6128562381124073 -2.3644808473876844 6.47944770142354
1.7590499309039789 -6.882113513277341 1.1679557826578546
1.7157065612221822 -6.941770543679663 -0.8306843527912969
3.377083919653874 -6.356382401158208 0.11649355841958743
-6.024213555244232 -4.627974075990486 1.269463601935216
-6.067556924926028 -4.687631106392808 -0.7291765335139351
-5.232890689337639 -6.186938030763822 0.2981554584447701
4.316482300696335 3.0690502969652544 -3.7918552622684705
4.27313893101454 1.3080916498588513 -4.739033173479355
3.4438043044463695 2.9193743047720595 -5.58518462750569
-2.210605165107573 3.530250403370629 -3.0456178144895114
-3.2439246440430405 5.117156479858991 -3.68903055826822
-1.640338445187076 4.48880083737463 -4.705731344830692
-3.470460228569983 4.245594788333829 -5.474825016432101
1.7411914804704423 5.268622375544945 3.41161633243901
0.12315749172054602 4.742891263425813 4.463078556677277
1.94720281005374 4.5007104207573585 5.246792226400575
1.3524171800685107 -1.9586809894016302 -4.578183868221853
3.2816811335217606 -1.4962785963552772 -4.831412272653396
1.4030763352012803 -3.077487292027647 -6.235201100240136
1.9713165779057766 -1.1611706176823067 -6.304723975591727
3.33234028865453 -2.6150848989812943 -6.4884295046716804
-2.081175257219976 0.9556315476130197 4.62392786193478
-2.2290215159136553 2.945140262441174 4.765337046265602
-3.087707060505141 0.7587920190491779 6.340945022294653
-1.4407774919673806 1.8913950236712194 6.271422146943063
-3.2355533191988206 2.748300733877332 6.482354206625474
4.374818249248956 -2.827207128179161 -3.814711486090922
3.941368633373598 -2.6282120053965636 -1.8724132670714422
5.762961325644931 -3.233957770203758 -2.43354794955135
4.509293264075116 -4.518919232514267 -1.5519639026354468
4.942742879950474 -4.717914355296864 -3.494262121654927
-3.875951084451417 3.513838874523212 3.7833976973789225
-3.6367308127755336 3.0475099939594834 1.8532912141061741
-4.752355353243963 4.624937559336644 2.3701124217717413
-5.622367544983819 2.98690391613008 1.6218313449380113
-5.861587816659702 3.4532327966938086 3.55193782821076
-4.063716940891635 -3.2452816645471327 -5.019997706207189
-2.6836295773369017 -3.44670349007187 -3.5865444920565377
-4.560318435284262 -4.056476663719805 -3.2606371322814627
-2.597024264894871 -4.589340003303962 -5.225715416178128
-3.0936257592874976 -5.400535002476635 -3.4663548422524024
-4.473713122842231 -5.199113176951898 -4.899808056403052
2.921560124538126 -3.1261437201049107 4.8348599216171895
1.4041318745945286 -3.3676549671926073 3.554592830810253
3.2505800955667397 -3.9340236053049313 3.0351166205451916
1.5175931782127692 -4.503826215622508 5.196616407627129
1.8466131492413838 -5.311706100822529 3.3968731065551316
3.3640413991849805 -5.070194853734833 4.6771401973620685
-6.851282511407482 -2.0374362066975804 -3.2966410323463453
-7.9733152069225435 -2.1943923071171945 -1.6484883049766164
-7.973315206922543 -0.4930906904131146 -2.6999505292148838
5.168180703767203 -1.9845984922560258 3.453194453157648
6.2846948346051 -2.2684643061288883 1.8183194134822622
6.328038204286894 -0.5075056590224838 2.7654973246931456
-3.377083919653873 -2.946855634221434 5.6332237528758276
-1.7590499309039773 -4.122426138806382 5.6332237528758276
-1.7157065612221813 -2.361467491699978 6.580401664086712
2.1845071413565056 6.143936174836524 -0.2307633473340865
0.5695128684306091 6.793165157663827 -1.2157989945436607
0.612856238112406 6.852822188066151 0.7828411409054905
-3.5206460054324236 -6.812631777580072 1.2803795926133743
-3.5639893751142195 -6.872288807982394 -0.7182605428357769
-5.1675755739701845 -6.243933165498033 0.2984402437266961
1.7590499309039764 4.1224261388063805 -5.633223752875828
1.7157065612221805 2.3614674916999774 -6.580401664086712
3.3770839196538724 2.946855634221434 -5.633223752875828
-6.02421355524423 3.2051356899598544 -3.5716644710308265
-6.067556924926026 1.4441770428534513 -4.518842382241711
-5.232890689337637 3.0335611510513685 -5.400426429157613
4.472699884234234 3.2840653546065144 3.4116163324390096
4.472699884234234 1.5827637379024337 4.463078556677277
3.678711213817532 3.242695927824288 5.246792226400574
4.0405822141505086 -1.011503078190746 -3.045617814489513
5.869132858552867 -1.5038673559352609 -3.68903055826822
4.775995742825671 -0.17293882411137695 -4.705731344830693
5.110231777924121 -1.9886428740997915 -5.474825016432103
-2.0811752572199764 3.7083953885553678 2.922626245230699
-3.0877070605051418 5.332171537500252 3.514441036439261
-1.4407774919673813 4.763472925418214 4.496380385325939
-3.2355533191988215 4.56891641138606 5.357151837474163
-2.7586789861883756 -1.7697869044942691 -4.6738891252091594
-4.681750929641532 -1.343168631956826 -5.019997706207189
-2.677336967240655 -2.7948195046450715 -6.38931666508999
-3.295370955990551 -0.8927064720547639 -6.389316665089989
-4.600408910693812 -2.368201232107628 -6.735425246088019
1.551978133288208 -1.6840089013580473 4.623927861934778
3.4898003672426237 -1.209827045759571 4.765337046265602
1.6758080495770762 -2.702104291221696 6.34094502229465
2.244048292281573 -0.7857876168763562 6.271422146943062
3.6136302835314913 -2.2279224356232197 6.482354206625473
-5.795225344655425 -2.75642062488452 -4.146559939909347
-5.485269026432791 -2.6557097121221522 -2.173292499128842
-7.251604612111818 -3.2752008499579572 -2.8777705533695883
-6.016697702740655 -4.575256888793242 -1.9918477457417052
-6.326654020963289 -4.67596780155561 -3.9651151865222096
4.539594113288023 -2.600412607985778 3.783397697378923
4.0221658633444255 -2.5170041588405683 1.8532912141061746
5.8671355707264565 -3.0905742226948156 2.370112421771742
4.578121553005174 -4.424185220013969 1.621831344938011
5.095549802948771 -4.507593669159179 3.551937828210759
-3.838268398412285 -2.9349783666819746 5.375836968986257
-2.5213054198438187 -3.22328345444267 3.898512126762526
-4.409559421254029 -3.8489746824605273 3.6911300799507583
-2.3623052951831505 -4.266277057001125 5.597595204595988
-2.9335963180248936 -5.180273372779678 3.9128883155604894
-4.2505592965933605 -4.891968285018983 5.39021315778422
2.921560124538126 5.7224841516878655 -0.6338928569503932
1.404131874594528 4.685385567091552 -1.4224599321579698
3.2505800955667397 4.474039674581517 -2.1613522659845534
1.51759317821277 6.662167331573519 -1.7043471227020166
1.8466131492413835 5.413722854467169 -3.2318065317361775
3.3640413991849814 6.450821439063483 -2.4432394565286004
0.1794457483733659 -7.145559290277493 -3.296641032346343
0.37689879745549937 -8.261177899243787 -1.648488304976613
1.9949327862053945 -7.735446787124655 -2.699950529214881
-6.699422424418124 -1.8284187285242441 3.705898619230596
-7.891586165265283 -2.0819019318027028 2.120183676163904
-7.848242795583485 -0.3209432846962995 3.0673615873747884
5.168180703767201 3.9761704420598987 -0.23076334733408257
6.284694834605099 2.6408424039487706 -1.2157989945436567
6.328038204286894 2.7004994343510926 0.7828411409054944
-3.3770839196538747 6.35638240115821 -0.11649355841958775
-1.7590499309039784 6.8821135132773446 -1.1679557826578548
-1.7157065612221822 6.941770543679667 0.8306843527912964
-3.520646005432424 4.191907874503652 -5.520799942920308
-3.56398937511422 2.43094922739725 -6.467977854131193
-5.1675755739701845 3.0593048698816103 -5.45127706756872
1.9960647444127015 4.448649043003638 5.29595232300927
1.9960647444127022 2.7473474262995583 6.347414547247537
3.6140987331625984 3.273078538418691 5.29595232300927
4.909849549860869 -4.738926159793354 -3.571664471030828
3.248472191429177 -5.324314302314811 -4.518842382241711
4.502140252998991 -4.039352840004302 -5.400426429157614
-5.867995971706332 3.420150747601115 3.6318071236766554
-5.867995971706331 1.7188491308970344 4.683269347914923
-4.997983779966475 3.356882774103598 5.431550424748653
-5.560318435284264 -0.9787931265445509 -3.2606371322814622
-7.3319173144576 -1.4806803512990663 -4.041371802281447
-6.2184428994437075 -0.06742835837137062 -4.91480956857929
-6.45334980881487 -1.84505585671134 -5.800732376207174
4.170012122038106 -0.8333580930060087 2.9226262452307012
6.025350442090764 -1.2888522982940027 3.514441036439264
4.975556696045365 0.10173326393220394 4.496380385325943
5.345138687295282 -1.6653212510475655 5.357151837474165
-1.8306886792158452 -4.867671662892479 -5.01999770620719
-0.8306886792158448 -3.1705538560919226 -4.673889125209159
0.16931132078415556 -4.86767166289248 -5.0199977062071905
-1.8306886792158465 -3.409945492158027 -6.3893166650899875
0.16931132078415434 -3.4099454921580272 -6.389316665089989
-0.8306886792158461 -5.107063298958583 -6.735425246088019
-2.5513552296386623 -1.4844302342950744 4.886179321577473
-4.458181034857555 -1.035451070814514 5.289209170734607
-2.3944625295509363 -2.4054762428454923 6.65452853222353
-3.014375165996206 -0.5059489469780307 6.5679007339718805
-4.30128833476983 -1.956497079364932 7.057558381380662
1.5519781332882074 4.888878484566838 0.5616600532077533
3.489800367242622 4.803298131526407 1.0490213080951307
1.6758080495770766 6.879931420069025 0.4189212713017126
2.244048292281574 5.960745399907565 2.1018354363472365
3.6136302835314917 6.794351067028593 0.9062825261890896
-0.8306886792158444 -6.363367644168299 -4.146559939909348
-0.8306886792158439 -6.037460284393225 -2.173292499128843
-2.4487226679657397 -5.5906407906328255 -3.2606371322814636
-0.874032048897641 -7.908778542573216 -2.8777705533695896
-2.4920660376475365 -7.136051689037743 -1.9918477457417059
-2.492066037647537 -7.461959048812816 -3.96511518652221
-5.606614383313374 -2.496819907690628 4.550628121179512
-5.382549327283187 -2.5143281753363946 2.563296163194075
-7.115911139953538 -3.0884348081533384 3.3792976341068095
-5.918856177894193 -4.440589582923238 2.5197995928780554
-6.14292123392438 -4.423081315277472 4.507131550863493
4.539594113288022 4.546913647102921 -0.633892856950393
4.022165863344425 2.7832725345012452 -1.4224599321579698
5.867135570726457 3.5020398060501403 -1.7043471227020164
4.578121553005175 3.4291658335287383 -3.2318065317361775
5.0955498029487725 5.192806946130413 -2.4432394565286
-3.8382683984122843 6.120856987522322 -0.22097707643494124
-2.5213054198438174 4.928431433596147 -1.1395247406440063
-4.409559421254027 5.022760915757136 -1.7919040589501376
-2.362305295183149 6.914578457261843 -1.3125535265202102
-2.9335963180248927 5.8164823854966565 -2.883480509035407
-4.250559296593359 7.008907939422832 -1.9649328448263421
0.17944574837336558 0.24698588376651975 -7.8654852132745505
0.3768987974554985 2.220058307369155 -8.12624852477943
1.9949327862053945 1.0444878027842086 -8.12624852477943
0.33130583536272684 -6.936541812104155 3.7058986192305956
0.4586278391127623 -8.148687523929294 2.120183676163904
2.1200051975444545 -7.5632993814078375 3.0673615873747884
-6.699422424418124 4.132350205791681 0.021940818738864838
-7.891586165265282 2.8274047782749556 -0.9139347318620142
-7.848242795583486 2.8870618086772786 1.0847054035871373
7.088855225288756 -1.2475674831586752 -0.1164935584195857
7.088855225288757 0.45373413354540515 -1.1679557826578528
7.132198594970553 0.513391163947728 0.8306843527912986
5.074680746612555 -2.052962552959219 -5.520799942920309
3.413303388180863 -2.638350695480675 -6.467977854131194
4.506440503908059 -3.969279227304559 -5.45127706756872
-3.2836311919236985 4.518130778700909 5.408376132964787
-3.2836311919236985 2.81682916199683 6.459838357203056
-4.930560760461458 3.385527774078868 5.4778990083163785
-6.288573944775804 -4.691761063789687 -4.041371802281448
-4.5570655410120136 -5.1806221034523 -4.914809568579291
-5.791972450383177 -3.8805660646170153 -5.800732376207174
5.066067133398768 -4.523911102152095 3.6318071236766554
3.4480331446488717 -5.049642214271227 4.683269347914922
4.737047162370154 -3.7160312169520733 5.431550424748653
0.7873453095340512 -5.590640790632826 -3.2606371322814653
0.8574763548661485 -7.430623130640642 -4.041371802281451
1.8574763548661497 -5.934927149364824 -4.914809568579294
0.23944236611625325 -6.707654002900298 -5.800732376207176
-5.412599137078029 -0.7754749551887985 3.550963358009024
-7.1480683743213245 -1.2276339939977052 4.436230961734352
-5.999635025865505 0.23373484287840918 5.174812011289448
-6.193650272100848 -1.4876101096234209 6.174476774459937
4.170012122038105 2.98676545197653 0.5616600532077534
6.025350442090765 3.719803894545645 0.418921271301713
4.975556696045366 3.9761883789691312 2.1018354363472374
5.345138687295284 5.536336574095522 0.9062825261890901
-1.6052401367364921 -4.557368365027322 5.375836968986258
-0.6233649226661294 -2.885197185892728 4.886179321577474
0.39288121556813616 -4.559954101750168 5.289209170734609
-1.5478142415261256 -3.020602230358447 6.65452853222353
0.45030711077850294 -3.023187967081294 6.567900733971881
-0.5315681032918599 -4.695359146215887 7.057558381380664
-2.5513552296386615 5.0341890276683605 0.8574510579643165
-4.458181034857553 5.193880297534394 1.439270657909094
-2.3944625295509345 7.0277529419581475 0.8244722723474154
-3.0143751659962033 6.1007762519702196 2.4847200066914508
-4.3012883347698265 7.187444211824181 1.4062918722921924
-0.8306886792158461 -0.8630114357292957 -7.545967026956153
-0.8306886792158457 0.7561824162546941 -6.371994595551885
-2.4487226679657406 -0.4161919419688971 -6.458622393803532
-0.8740320488976439 0.9629570556444493 -8.360804692270488
-2.4920660376475388 1.4097765494048484 -7.273460059117868
-2.492066037647539 -0.2094173025791417 -8.447432490522136
-0.6420777178737881 -6.103766926974408 4.550628121179514
-0.7279689800662366 -5.8960787476074685 2.563296163194076
-2.2979636539355033 -5.383138809373549 3.69113007995076
-0.7383385767393564 -7.722012500768598 3.3792976341068113
-2.394224512801072 -7.001384383167739 2.5197995928780577
-2.3083332506086234 -7.209072562534679 4.507131550863495
-5.606614383313373 5.186817335946017 -0.19812085261249046
-5.3825493272831855 3.4171235305055783 -1.1025425936448068
-7.115911139953537 4.403725725448295 -1.2511122248295479
-5.918856177894192 4.2396693052594125 -2.844895431167195
-6.142921233924379 6.009363110699852 -1.940473690134879
7.007371087375536 -1.7589613423167232 -0.22097707643494036
5.466343052776884 -0.8749348805198566 -1.1395247406440057
6.13955829759709 -2.6416217399231003 -1.7919040589501363
7.306147381326486 -0.10996359222966623 -1.3125535265202106
6.43833459154804 -0.992623989836044 -2.8834805090354063
7.979362626146692 -1.8766504516329108 -1.9649328448263415
0.5196427035711476 0.7152268223000889 7.821603575796821
0.7256540331544455 2.700078708454849 7.955477853054307
2.3436880219043417 1.5245082038699023 7.955477853054306
0.33130583536272673 6.416772296255784 -4.546903362189341
0.45862783911276195 5.540553776057228 -6.340232727426559
2.1200051975444545 6.125941918578683 -5.393054816215677
6.000333972473607 -5.09456291185829 0.021940818738865324
5.127655976223643 -6.631628319916335 -0.9139347318620135
5.1709993459054395 -6.571971289514014 1.0847054035871382
-8.750232583720448 -1.039122276066861 0.22077787144697028
-8.750232583720448 0.6621793406372192 -0.8306843527912968
-8.706889214038652 0.7218363710395422 1.1679557826578546
-6.413259333405321 -1.9057698165324815 -5.8478615566134255
-4.681750929641529 -2.3946308561950937 -6.721299322911268
-5.7952253446554245 -3.807882849122789 -5.8478615566134255
5.311695560121279 -1.7267396487619653 5.408376132964791
3.693661571371383 -2.2524707608810983 6.459838357203056
4.7434553174167835 -3.643056323107305 5.477899008316377
-2.518853713297839 -7.43062313064064 -4.041371802281452
-3.5188537132978386 -5.934927149364819 -4.914809568579292
-1.9008197245479435 -6.707654002900293 -5.800732376207176
-6.10155353728884 -4.4343495561654755 4.582472981722293
-4.333207552387751 -4.872508015156821 5.407681829529037
-5.530262514447095 -3.520353240386922 6.267179870757792
5.066067133398768 5.271541593599209 -2.4221155774894325
3.4480331446488726 6.447112098184155 -2.4221155774894325
4.737047162370155 6.519986070705556 -0.8946561684552716
0.7873453095340502 -0.41619194196889797 -6.458622393803535
0.16931132078415473 -2.313133501113513 -6.59878911574527
0.8574763548661481 -0.29163714184191125 -8.453507788568345
1.857476354866148 -1.7417592072261283 -7.5063298773574605
0.23944236611625264 -2.1885787009865267 -8.59367451051008
0.9350646077402891 -5.387322619277074 3.5509633580090227
1.04132529500243 -7.177576773339282 4.436230961734351
2.076284228444355 -5.6337639481150426 5.174812011289447
0.49914190283027743 -6.350208255812377 6.1744767744599365
-5.412599137078028 3.5228811245777933 0.8944332049635162
-7.148068374321323 4.516900210144603 0.8859135740380792
-5.999635025865504 4.523963171732977 2.5233050845596634
-6.193650272100847 6.187899383101202 1.430751026983656
-1.605240136736494 6.846411851985516 -1.6720868053613245
-0.6233649226661305 5.660631052549864 -0.3954329917986864
0.3928812155681344 6.7700859703496254 -1.713140687721371
-1.5478142415261256 7.302845646519281 0.27428686322515605
0.4503071107785026 7.226519764883391 0.23323298086510968
-0.5315681032918607 8.412300564319043 -1.0434208326975285
5.576210403671301 -0.8708330540861502 0.8574510579643168
6.317327405598167 -2.6349848453374114 1.4392706579090935
7.423719844386999 -0.10557410042039339 0.8244722723474187
6.73367616260963 -0.9815976034410818 2.4847200066914525
8.164836846313865 -1.8697258916716546 1.4062918722921953
-0.5019473787362814 -0.4105378532370417 7.612881076959345
-0.5548901067088651 1.1357865851450606 6.345569829152755
-2.166136324116306 -0.027245207322483034 6.571938282343455
-0.5123169754094022 1.4608151431555658 8.318522936798491
-2.1765059207894266 1.844107789070125 7.277580142182599
-2.123563192816843 0.2977833506880222 8.54489138998919
-0.6420777178737905 6.799893081217774 -3.424272343155998
-0.7279689800662384 4.929488363014966 -4.127272258663576
-2.2979636539355055 5.708859971040963 -3.1641021695177862
-0.7383385767393593 6.475924665391164 -5.395510104715282
-2.3942245128010744 5.384891555214353 -5.135339931077071
-2.308333250608626 7.25529627341716 -4.432340015569492
6.665495551534978 -3.7293924400784064 -0.19812085261249046
4.913176815864778 -4.063159369188025 -1.1025425936448061
6.387129519871851 -5.406807571300417 -1.2511122248295472
5.861192265933965 -4.319036871145112 -2.8448954311671946
7.613511001604165 -3.9852699420354933 -1.9404736901348785
-8.686749015206262 -1.5524239359740606 0.11320746697573036
-7.163491596690021 -0.708724014667716 -0.8705899103956996
-7.910100020986864 -2.456725742558865 -1.4927360508310006
-8.988234190404421 0.10447336159671328 -0.9655872467851421
-8.211585196185023 -0.7998284449880912 -2.5715307645918726
-9.734842614701265 -1.643528366294436 -1.5877333872204433
0.5196427035711474 6.675995756616014 4.1376457753050895
0.7256540331544455 5.908083801828427 5.972821669266654
2.3436880219043412 6.433814913947559 4.921359445028387
6.00033397247361 2.297982262185722 -4.546903362189339
5.127655976223645 2.148306269992527 -6.340232727426558
5.1709993459054395 3.9092649170989304 -5.393054816215674
-7.758373663256384 -4.9134958771257615 0.3149134351782499
-6.967050797349791 -6.472459831899097 -0.6563947083121962
-6.9237074276679955 -6.412802801496775 1.3422454271369553
1.7157065612221816 -8.643072160383744 0.2207778714469696
3.3337405499720774 -8.11734104826461 -0.8306843527912975
3.3770839196538733 -8.057684017862288 1.1679557826578537
0.16931132078415445 -6.688287340401205 -5.847861556613428
-0.8306886792158462 -5.192591359125384 -6.7212993229112685
-1.830688679215846 -6.688287340401204 -5.847861556613427
-6.151477610907171 -1.5454581865762216 6.22336089685359
-4.383131626006082 -1.9836166455675683 7.048569744660333
-5.531564974461901 -3.444985482443683 6.309988695105238
5.311695560121282 5.609620119293854 0.8742564426089987
3.6936615713713863 6.785190623878801 0.8742564426089989
4.743455317416785 6.528806139455314 -0.8086577224365247
-1.830688679215846 -2.313133501113512 -6.598789115745268
-2.5188537132978412 -0.29163714184191036 -8.453507788568343
-3.5188537132978412 -1.7417592072261265 -7.506329877357457
-1.9008197245479455 -2.1885787009865263 -8.593674510510079
-2.3318333058108713 -7.173211623016431 4.582472981722294
-3.2949957246735755 -5.626813061069345 5.407681829529038
-1.6391097886118602 -6.347441178670203 6.267179870757792
-6.1015535372888365 6.081789845591288 -1.9168585989953701
-4.333207552387749 7.015829497167591 -1.9397148228178205
-5.530262514447093 7.179885917356472 -0.345931616480173
1.0668919375594863 -0.03142901722600733 6.431771560401719
0.45796214585417305 -1.9158397241580534 6.7114156133933625
1.2232023389243156 0.2117414904622803 8.410770085569382
2.1831118635147697 -1.2935603804587315 7.509304622003399
0.6142725472190024 -1.6726692164697659 8.690414138561025
0.9350646077402862 5.585362100332793 -3.230528746546481
1.0413252950024279 7.17779551351296 -4.435877032698638
2.076284228444353 7.147988402644813 -2.7247453772640107
0.4991419028302764 8.362519383529795 -2.918488973873528
5.0230441667591945 -4.059057542754319 0.8944332049635166
6.504701982932363 -5.402418079491145 0.8859135740380806
6.156533836995554 -4.30801048475015 2.5233050845596647
7.7989852217713365 -3.9783453820742367 1.4307510269836576
7.007371087375536 0.5889835204918152 -1.6720868053613263
5.576210403671302 1.1563759223930052 -0.39543299179868746
6.317327405598169 2.4657238584134755 -1.7131406877213715
7.423719844386999 0.7846445916536944 0.2742868632251546
6.7336761626096315 2.6613849295753544 0.23323298086510924
8.164836846313866 2.093992527674164 -1.0434208326975294
-7.1881210435976355 -0.7028521865010149 1.1292498111767584
-7.949951303207497 -2.4472249250090434 1.743072590725362
-9.01459092616962 0.11075698721075566 1.1745033249578463
-8.277793214170854 -0.7840440018242267 2.804368448707477
-9.77642118577948 -1.633615751297273 1.7883261045064494
-0.5019473787362829 6.992765946516137 3.0373876996706395
-0.554890106708866 5.167710995119576 3.853703503718141
-2.1661363241163074 5.8903047244281 2.9146912943969765
-0.512316975409403 6.787016711097662 5.026749336877296
-2.1765059207894275 5.684555489009625 4.9040529316036325
-2.123563192816844 7.5096104404061865 4.087737127556132
6.665495551534975 1.4906303244771268 -3.4242723431559985
4.913176815864776 0.8309560355924315 -4.127272258663577
6.139558297597088 -0.42135855772625586 -3.1641021695177876
6.387129519871849 1.2989690612577083 -5.395510104715283
5.861192265933963 -0.6130198209456744 -5.135339931077072
7.613511001604162 0.04665446793902084 -4.432340015569493
-8.396158850396933 -3.531178394622439 0.12259620998287546
-6.693306833232091 -3.9104159841511894 -0.8553986050985005
-8.207079870115857 -5.214745185175699 -0.9403487561193528
-7.72102104070579 -4.140292533112126 -2.555681016933229
-9.423873057870631 -3.761054943583374 -1.5776862018518523
1.2079101712078724 -8.741314635022855 0.11320746697573192
1.5396040500347488 -7.031893127311583 -0.8705899103956984
0.10787030747991011 -8.282122174475093 -1.492736050830999
2.8768771855827273 -8.516034652578156 -0.9655872467851399
1.776837321854765 -8.056842192030393 -2.571530764591871
1.4451434430278889 -9.766263699741666 -1.5877333872204404
6.188670840682029 2.5572057225459557 4.1376457753050895
5.394682170265327 2.5158362957637292 5.972821669266654
5.394682170265327 4.21713791246781 4.921359445028387
-7.758373663256383 2.4790492969182516 -4.253930745749956
-6.96705079734979 2.307474758009766 -6.082692703876742
-6.923707427667994 4.068433405116169 -5.135514792665859
-3.5639893751142204 -8.573590424686476 0.33320168140248946
-5.210918943651981 -8.004891812604436 -0.6487376674841892
-5.167575573970185 -7.945234782202114 1.3499024679649623
1.7157065612221798 4.062769108404057 -7.631863888324981
3.3337405499720756 2.88719860381911 -7.631863888324981
3.3770839196538716 4.648157250925514 -6.684685977114097
0.16931132078415412 -2.2393933562004706 -8.597429251194422
-0.8306886792158462 -3.6895154215846864 -7.650251339983536
-1.830688679215847 -2.2393933562004698 -8.59742925119442
0.43109304328231035 -6.327975710444945 6.223360896853591
-0.5320693755803934 -4.78157714849786 7.048569744660335
-1.5670283090223178 -6.325389973722099 6.30998869510524
-6.15147761090717 6.257493117865074 1.400871778148542
-4.383131626006081 7.191532769441378 1.3780155543260917
-5.531564974461901 7.184469807853002 -0.2593759561954925
-1.5401592064504555 -1.9132539874352066 6.79804341164501
-2.149956261888985 0.2161066407851321 8.557012105557323
-3.1881680896031597 -1.286609493413033 7.742174440242988
-1.523979144223135 -1.6699021393275921 8.78311723485888
-2.331833305810874 7.306646198086149 -4.3665713039850935
-3.2949957246735764 7.353164968853892 -2.6143857661904204
-1.6391097886118629 8.444198079030702 -2.8745559398286313
7.669609598498116 -3.9235458326575987 -1.9168585989953695
8.011485134338674 -1.953114734895916 -1.9397148228178194
8.53742238827656 -3.040885435051221 -0.34593161648017223
1.0668919375594852 5.766806853719929 2.8482647173682825
0.45796214585417105 6.859662186162773 1.2878571644754604
1.2232023389243152 7.4281277885157895 3.9507980774232854
2.1831118635147693 7.295024028162428 2.201267542228107
0.6142725472190012 8.520983120958633 2.390390524530463
5.023044166759194 2.6152710970889537 -3.230528746546481
6.504701982932362 3.208420003218789 -4.435877032698637
6.156533836995554 4.183513537155138 -2.7247453772640093
7.798985221771336 3.0588727645433105 -2.918488973873527
-6.717936280139707 -3.9045441559844885 1.1444411164739567
-8.233436605881055 -5.208461559561657 1.1997418156236346
-7.7872290586916195 -4.124508089948261 2.8202181963661213
-9.465451628948847 -3.7511423285862118 1.7983732898750397
-8.686749015206262 0.795520926834477 -1.3379022619506555
-7.188121043597635 1.3243567899781419 -0.12363423858624695
-7.949951303207497 2.653483778741844 -1.4093387549051037
-9.01459092616962 1.0009756792848443 0.6243179158355818
-8.277793214170854 2.8589385311922113 0.5528814228811335
-9.77642118577948 2.330102668048546 -0.661386600483275
1.552799408131765 -7.053502628594252 1.129249811176759
0.12922084537460865 -8.317087082030387 1.7430725907253648
2.8909979479366177 -8.539159650774884 1.1745033249578452
1.8123086221033553 -8.11493209778242 2.8043684487074776
1.4674193851794621 -9.802744104211019 1.7883261045064505
6.805625890672487 1.683503189775489 3.0373876996706395
5.086255689222151 1.0691786676970407 3.8537035037181413
6.27138562741629 -0.23991380433911857 2.9146912943969756
6.613151121201809 1.610061106964205 5.026749336877296
6.078910857945613 -0.31335588715040275 4.9040529316036325
7.798281059395948 0.3009686349280455 4.087737127556132
-8.396158850396931 1.6888443699330922 -3.1035552805606317
-6.69330683323209 0.9836994206292644 -3.8801282701172704
-7.910100020986864 -0.23646256036202273 -2.86493416139865
-8.207079870115857 1.491031447382424 -5.084746636005086
-7.721021040705789 -0.4342754829126908 -4.846125516843103
-9.42387305787063 0.27086946639113657 -4.069552527286466
-0.7637944501620564 -9.076415720627207 0.12259620998287857
-1.6506810431170387 -7.574098073486414 -0.8553986050984974
-2.4233902351217917 -9.416841673782693 -0.940348756119347
-1.5517254774798268 -8.622548127630578 -2.5556810169332245
-0.6648388845248443 -10.124865774771372 -1.5776862018518483
1.2079101712078673 4.01049058401229 -7.767841576306284
1.5396040500347457 2.3660789205683614 -6.678856061306957
0.10787030747990589 2.3687339231678544 -8.075327128458406
2.876877185582722 2.9448389875743346 -8.048796697167111
1.7768373218547613 1.3030823267298988 -8.356282249319234
1.4451434430278827 2.947493990173828 -9.445267764318562
-7.57003679504796 2.7382727572784837 4.430618391744476
-6.700024603308104 2.6750047837809663 6.230361692816473
-6.700024603308105 4.3763064004850465 5.178899468578206
4.755185298708256 -6.612583465651681 -4.253930745749955
4.347476001846379 -5.913010145862629 -6.0826927038767415
6.008853360278072 -5.327622003341172 -5.135514792665858
-3.56398937511422 4.13225084410133 -7.51944007836946
-5.210918943651981 2.9996478394792883 -7.449917203017871
-5.1675755739701845 4.76060648658569 -6.502739291806987
2.0394081140944977 4.508306073405963 7.29459245845842
3.657442102844394 3.3327355688210156 7.294592458458421
3.657442102844393 5.034037185525095 6.2431302342201525
0.5444357067695156 -1.723078933402369 8.700225710111965
-0.49377612094465867 -3.225795067600534 7.88538804479763
-1.4536856455351126 -1.7204931966795223 8.786853508363613
0.43109304328230835 8.39629997525596 -2.8767419366332314
-0.5320693755803948 8.442818746023704 -1.124556398838559
-1.5670283090223198 8.47262585689185 -2.8356880542731857
7.8521407277049695 -3.916731151092424 1.4008717781485438
8.194016263545528 -1.9463000533307406 1.3780155543260935
8.542184409482337 -3.0407076480717357 -0.25937595619549036
-1.540159206450457 6.935988067798664 1.3289110468355056
-2.1499562618889883 7.556978473088978 4.020103806136829
-3.1881680896031614 7.500200594371506 2.311627153301696
-1.5239791442231378 8.602661816459543 2.4343235585753598
7.669609598498113 0.04017258668821827 -4.366571303985095
8.011485134338674 -0.8614742172970934 -2.614385766190422
8.537422388276559 1.0505146649062893 -2.8745559398286327
-9.477272740468985 -3.6978898174108155 -1.5517394965602147
-9.767862905278317 -1.7191353587624374 -1.5611282395673598
-10.253921734688383 -2.793588010826011 0.05420402124651613
5.154871496578396 2.7967158504760903 2.8482647173682825
6.382408335884209 2.5553000742266234 1.2878571644754606
6.686579026854252 3.4587522782216182 3.9507980774232863
6.263361472065974 4.330549162672753 2.2012675422281074
7.914115866160065 3.217336501972151 2.390390524530464
-6.717936280139706 2.769784483858784 -2.98052083503604
-8.233436605881055 3.4023765231482765 -4.122048791113081
-7.78722905869162 4.367015931957028 -2.4278322654575524
-9.465451628948845 3.286075818031337 -2.5508667109821452
-1.6374856850200226 -7.5957075747690865 1.1444411164739599
-2.409269472767901 -9.439966671979425 1.1997418156236388
-1.516254177231236 -8.680638033382607 2.820218196366125
-0.6425629423732706 -10.16134617924073 1.798373289875043
3.4409384328836605 -8.015759770559658 -1.3379022619506533
3.480789715104293 -6.427060603712749 -0.12363423858624512
4.980283095800293 -6.740881409215155 -1.4093387549051
3.737646235961422 -8.264066946213754 0.6243179158355838
5.276990898878056 -6.989188584869249 0.5528814228811371
5.237139616657424 -8.577887751716158 -0.6613866004832711
1.5527994081317613 4.164454007950053 -5.803828674530074
0.1292208453746031 5.278565939072496 -6.65950307556641
2.8909979479366132 4.869335999733308 -7.112402725061352
1.8123086221033498 6.137411354793513 -6.004064224321476
1.4674193851794555 5.98344793085575 -7.968077126097688
-8.256028511259423 1.881717235231453 3.3581047622660045
-6.520227959874719 1.221922052733873 4.100847492264448
-7.778272691167666 -0.055017806974886896 3.213859302516111
-7.981058268785902 1.80212349308892 5.337512805587492
-7.503302448694144 -0.1346115491174198 5.193267345837598
-9.239103000078849 0.5251836333801603 4.450524615839155
4.200742215277524 -7.463339975355452 -3.10355528056063
3.003899304099909 -6.061733240977025 -3.8801282701172695
2.2194660747984307 -7.596023119191264 -2.864934161398649
3.954182328092386 -7.344642733839825 -5.084746636005083
1.9729061876132927 -7.4773258776756375 -4.846125516843102
3.1697490987909083 -8.878932612054063 -4.069552527286464
-0.7637944501620619 4.168749892396253 -8.063366325486957
-1.650681043117042 2.622147860569664 -7.157025149998073
-2.4233902351217953 3.370266126690102 -8.843215994620445
-1.5517254774798284 1.5702501574617038 -8.855176797591897
-0.6648388845248481 3.1168521892882928 -9.761517973080782
1.5380460224498504 4.464883600961113 7.455311752264013
1.8243861323728698 2.7580478299726874 6.452954035516334
0.4544804258318198 2.8458018235198015 7.9074840598894305
3.218992345304285 3.4157201081341957 7.726743926114838
2.135426748686254 1.7966383306928846 8.178916233740255
1.8490866387632348 3.5034741016813107 9.181273950487935
4.943522166916677 -6.3533600052914485 4.430618391744477
4.614502195888062 -5.545480120091427 6.230361692816474
6.232536184637959 -5.019749007972295 5.178899468578208
-6.039219245510709 -6.519656849524833 -4.813783111394741
-5.542617751118082 -5.708461850352161 -6.573143685320467
-7.274126154881873 -5.219600810689547 -5.699705919022626
5.031337376930757 -2.112619583361542 -7.519440078369462
4.463097134226261 -4.028936257706882 -7.449917203017874
6.124474492657954 -3.443548115185426 -6.50273929180699
-3.240287822241899 4.577787809103235 7.407016268413937
-4.88721739077966 3.4451848044811935 7.476539143765528
-4.88721739077966 5.146486421185273 6.4250769195272595
0.5444357067695145 8.552302768097803 2.349690571206136
-0.49377612094465984 8.49552488938033 0.6412139183710033
-1.453685645535114 8.628628649733692 2.3907444535661813
7.8521407277049695 3.00459323016719 -2.8767419366332323
8.194016263545528 2.1029464261818784 -1.12455639883856
8.542184409482335 1.1278528922455293 -2.8356880542731875
-9.518191545911991 -3.688134495042056 1.7707489373526037
-9.808781710721322 -1.7093800363936775 1.7613601943454587
-10.254989257910758 -2.793333506007073 0.14088381360297209
7.072452017661575 0.6785597363049636 1.3289110468355068
7.851486642420003 0.2905048616910474 4.020103806136831
8.11831276940909 -0.7144385917794783 2.3116271533016977
8.652553032665288 1.2089784023351293 2.434323558575361
-9.477272740468983 0.2658286019349992 -4.001452201549936
-9.767862905278314 -0.6274948411636158 -2.2357991829399597
-10.253921734688381 1.297812089131499 -2.474420302101942
-0.588263870258705 -10.156132793435471 -1.551739496560211
1.3834407511112232 -9.821031707831118 -1.5611282395673576
0.5117759934692578 -10.615325253983233 0.054204021246519685
-6.586108950320508 2.9512292372459195 3.098272628878725
-7.884870372921459 2.743059994554991 1.59165909729173
-8.051559561959168 3.652708798151104 4.264626319008844
-7.680401423621204 4.514051557474643 2.498180654034568
-9.350320984560119 3.4445395554601754 2.758012787421849
4.710178059798292 -5.533226599014084 -2.9805208350360375
5.780124196555849 -6.779071368611064 -4.122048791113078
6.559665077078619 -6.0566128024707675 -2.427832265457549
6.050229232557852 -7.986726178812134 -2.550866710982141
-1.6374856850200263 4.4205229479513575 -6.281997763221188
-2.4092694727679045 5.294763138849079 -7.906822022514684
-1.5162541772312395 6.40457918552532 -6.502958772594137
-0.6425629423732748 6.152806129970216 -8.284327334859904
-4.588984758629938 -8.0174972718001 -2.7461956003202572
-4.8736854140465 -6.708052489957668 -1.2615071144381145
-6.207018747379834 -6.841926767215152 -2.7461956003202572
-5.062209237911866 -8.668834889408132 -0.9153985334400849
-6.680243226661762 -7.493264384823183 -0.9153985334400848
-6.395542571245199 -8.802709166665615 -2.4000870193222275
3.440938432883659 2.3881005856669453 -7.767841576306285
3.480789715104292 2.7636870563523988 -5.803828674530073
4.980283095800293 1.754062908136843 -6.65950307556641
3.7376462359614218 4.254210012220352 -7.11240272506135
5.276990898878056 3.6201723346902503 -6.004064224321475
5.237139616657422 3.2445858640047964 -7.968077126097687
1.7973431855397133 4.501039641938082 5.472521364473508
0.41072401869981534 5.666021817392576 6.321110674461294
3.1900528483408586 5.280949757878012 6.6775524869740375
2.0627308445908237 6.482087974309475 5.5433514091713185
1.8034336815009608 6.445931933332506 7.526141796961824
4.340872554415033 -7.27046711005709 3.3581047622660054
3.176978177457281 -5.823510608872418 4.100847492264448
2.351293404617631 -7.414578365804128 3.2138593025161124
4.180203929422342 -7.033550688133328 5.337512805587493
2.1906247796249403 -7.177661943880366 5.1932673458376
3.354519156582692 -8.624618445065039 4.450524615839158
-4.334340751129869 -7.758323580774259 -4.813783111394743
-3.7163067623799724 -7.035354453033912 -6.573143685320468
-2.716306762379973 -8.531050434309732 -5.6997059190226285
4.200742215277523 0.5618028731124777 -8.063366325486959
3.0038993040999067 -0.7596027117014045 -7.1570251499980735
2.21946607479843 0.8345697962548366 -8.075327128458408
3.954182328092386 -1.263311565925152 -8.843215994620447
1.9729061876132927 -0.9905446427827931 -8.855176797591897
3.169749098790908 0.3308609420310896 -9.761517973080782
-0.41921080902614566 4.643028586145853 7.8260003815663906
-1.3425219456682178 3.046292470926942 7.052740836970692
-2.042437031787601 3.8946032283048675 8.723216137937273
-1.1687457969296364 2.0973764656788165 8.804699816260312
-0.24543466028756455 3.694112580897727 9.577959360856012
-5.816613688683361 -6.213266585711253 5.450956421212487
-5.245322665841618 -5.2992702699327 7.135663310247985
-7.013668650742707 -4.8611118109413525 6.310454462441241
4.943522166916678 6.804174533992596 -3.7011851616837506
4.614502195888064 8.052619011098944 -2.17372575264959
6.23253618463796 6.877048506513997 -2.17372575264959
-6.2481125246506535 -1.8521103655980817 -7.840309095416786
-5.630078535900758 -3.754223398188389 -7.840309095416786
-7.361586939664548 -3.2653623585257767 -6.966871329118945
5.355038929803073 -1.6670826183596437 7.407016268413942
4.7867986870985755 -3.5833992927049834 7.476539143765529
6.404832675848473 -3.0576681805858503 6.425076919527264
7.96548339119218 3.1605960230090306 2.3496905712061364
8.232309518181268 2.155652569538505 0.6412139183710039
8.655527072969546 1.2838556850873704 2.3907444535661817
-9.518191545911993 3.233189886217558 -2.5068647774291715
-9.808781710721322 2.3398664431189427 -0.7412117588191949
-10.254989257910758 1.3752270343101909 -2.435428284474723
-0.5663414010799239 -10.192034329593502 1.770748937352607
1.4053632202900048 -9.856933243989149 1.7613601943454604
0.5123479247533401 -10.616261882585967 0.14088381360297464
-8.621668084920223 0.8850971426476244 1.6630955902461753
-9.295395696547097 0.5161608769378279 4.3852229085719845
-9.661035270207897 -0.4804592156460016 2.690213736552155
-10.138791090299655 1.4562758265603386 2.8344591963020487
3.1814563612192583 -8.931276440940607 -4.001452201549933
2.421652578825395 -9.483696236144814 -2.2357991829399566
4.402928719304487 -9.351013092309003 -2.4744203021019375
-0.588263870258711 3.1540426638553307 -9.777880325390601
1.383440751111218 2.995783355471368 -9.482355576209931
0.5117759934692508 4.795799324699766 -9.47039477323848
4.8420053896174915 -5.351781845626948 3.0982726288787243
5.045364026086333 -6.651305193402007 1.59165909729173
5.962001240477738 -6.528739093608236 4.264626319008844
6.6664927121490365 -5.909577176953153 2.498180654034568
6.165359876946581 -7.828262441383295 2.758012787421849
-5.207018747379833 -7.166846463448058 -4.447497217024337
-5.8736854140465 -5.3316705694864925 -4.0142709553804625
-6.7235865963435595 -6.382145130182591 -5.488778051891158
-7.723586596343559 -6.057225433949684 -3.787476435187077
-7.056919929676892 -7.89240132791125 -4.220702696830953
4.710178059798292 -0.19132471613691515 -6.28199776322119
5.780124196555849 -0.6551796404924948 -7.906822022514687
6.559665077078619 0.5370803945318705 -6.5029587725941385
6.05022923255785 1.2902079837812632 -8.284327334859906
-1.3695648925013741 4.789284282892337 6.0723081659278675
-2.0713765287510277 5.759832878048684 7.674024698796474
-1.2414417010250667 6.782826109295407 6.169134991691377
-0.2910876175498376 6.636570412548924 7.922827207329901
-4.5889847586299375 1.129261765102052 -8.399203572031036
-4.873685414046499 1.8716060080431227 -6.564027678069471
-6.207018747379833 0.6035306529829194 -7.34774134779277
-5.062209237911865 3.0580634807774345 -8.163020308830506
-6.68024322666176 2.532332368658302 -7.111558084592239
-6.3955425712451985 1.7899881257172305 -8.946733978553803
3.7710742841256417 2.8424936026157672 7.455311752264012
3.7253334925122426 3.1002726903404283 5.472521364473507
5.261786269125502 2.1415187864569227 6.321110674461291
4.036701136365664 4.6658237703650585 6.677552486974037
5.527413121365526 3.964848954206213 5.543351409171316
5.573153912978925 3.7070698664815533 7.526141796961821
-4.11173519430252 -7.451933316960684 5.450956421212489
-3.419011677103508 -6.626162872614456 7.135663310247986
-2.4558492582408045 -8.172561434561542 6.310454462441242
4.34087255441503 6.255031946849843 -5.001113369707128
3.1769781774572805 6.272262621051122 -3.374751484039397
2.3512934046176284 6.1904633983059005 -5.194518926065716
4.1802039294223405 7.919516077999011 -3.9039906919287692
2.1906247796249376 7.854947529455068 -4.097396248287356
3.3545191565826884 7.837716855253788 -5.723758133955088
-4.334340751129872 -0.8359507227974688 -9.092044820424148
-3.716306762379976 -2.7328922819420844 -9.232211542365883
-2.7163067623799764 -1.2827702165578683 -10.17938945357677
4.545325856413437 1.0360815668620738 7.8260003815663906
3.3120584015487307 -0.3354581013441308 7.052740836970692
2.5660761931503435 1.3116376966067813 7.907484059889432
4.33513553142658 -0.7389744643103935 8.723216137937271
2.3558858681634867 -0.46341833456568604 8.804699816260312
3.5891533230281922 0.9081213336405188 9.577959360856012
-5.816613688683358 7.654140929683719 -3.1195727591473337
-5.245322665841614 8.752237001448904 -1.5486457766321364
-7.0136686507427015 7.818197349872601 -1.5257895528096859
5.355038929803079 7.370578766400258 1.8214343538198834
4.7867986870985835 8.289764786561719 0.13852018877436006
6.404832675848478 7.11419428197677 0.13852018877435973
0.16931132078415345 -6.514641709542173 -7.840309095416788
-1.8306886792158474 -6.514641709542172 -7.840309095416787
-0.830688679215847 -8.010337690817991 -6.966871329118947
-5.900254631385516 -1.3733250504147503 8.200039221213798
-5.280341994940246 -3.272852346282212 8.286667019465446
-7.048687979841334 -2.834693887290865 7.461458171658702
-9.404848882424785 3.3891926790593967 2.7195677304101986
-9.770488456085584 2.3925725864755676 1.0245585583903694
-10.14164659442355 1.5312298271520297 2.791004223364645
6.016229253109552 -8.053227472202613 -2.5068647774291666
5.256425470715689 -8.60564726740682 -0.7412117588191907
4.4768845901929195 -9.328105833547117 -2.4354282844747193
-0.5663414010799303 6.141822315998888 -8.324129636991836
1.4053632202899986 5.983563007614925 -8.028604887811165
0.5123479247533338 4.873746960938684 -9.432468137731712
3.5060193631697003 -7.926183554746513 1.6630955902461768
3.3633334051411476 -8.680944165937781 4.3852229085719845
2.5284802138958145 -9.336660610627202 2.6902137365521552
4.518059363693217 -9.192549354880164 2.8344591963020487
-3.2556514252966062 -7.233783602076802 -4.014270955380462
-3.992078192579769 -8.366702151121025 -5.488778051891158
-3.3740442038298735 -9.217352959473066 -3.787476435187078
-5.325411525913103 -9.150415820844321 -4.220702696830953
3.181456361219258 0.41518059700438004 -9.777880325390603
2.421652578825395 2.241478309558848 -9.48235557620993
4.402928719304488 1.9687113864164885 -9.470394773238478
-0.16827093986896802 3.7321133399694775 9.588743299961134
1.788985891607028 3.5539683547847374 9.218054670658756
0.9152946567490634 5.351195117410788 9.136570992335717
-5.000223435630724 -6.882217135118384 5.088203696835888
-5.687401245845384 -5.075272408304464 4.5756245211098765
-6.073394196786823 -6.658008351647846 3.4154709211618117
-6.471279318731153 -6.034873954873575 6.145560837866408
-7.544450079887252 -5.810665171403038 4.472828062192331
-6.857272269672591 -7.617609898216957 4.985407237918342
4.842005389617491 5.16456888591415 -3.401189560828496
5.045364026086332 4.3981772857289565 -5.237296632907658
5.962001240477737 6.734138623309065 -3.9322828986796576
6.666492712149037 4.87728396218818 -4.168466161880188
6.165359876946579 5.967747023123872 -5.768389970758819
-5.207018747379832 -0.7728512674882555 -8.399203572031038
-5.8736854140465 -1.2060775291321306 -6.564027678069473
-6.723586596343557 -2.055130264303494 -8.163020308830507
-7.723586596343557 -0.6787483438323195 -7.111558084592241
-7.05691992967689 -0.2455220821884443 -8.946733978553805
4.978098852316942 0.17743661880406136 6.072308165927864
6.118017140572724 -0.1901099012928935 7.67402469879647
6.834477553284788 0.9153273183019554 6.169134991691371
6.401704557381285 1.773972266359968 7.922827207329896
2.492066037647539 -4.015422781359766 -8.399203572031036
3.2860547080642415 -4.056792208141991 -6.564027678069471
2.4920660376475388 -5.716724398063845 -7.347741347792767
4.472699884234234 -3.869453497127977 -8.163020308830506
4.472699884234234 -5.570755113832055 -7.111558084592238
3.678711213817531 -5.52938568704983 -8.946733978553802
-4.2223319463611375 1.63391606699874 8.507812005105645
-4.5872135525967925 2.265900698866222 6.6457011495134735
-5.883709304792829 1.0485279244772836 7.560634093894761
-4.707835619355497 3.545816922450367 8.177779730271315
-6.369212977787188 2.9604287799289106 7.23060181906043
-6.004331371551533 2.3284441480614286 9.092712674652603
-4.111735194302521 8.208089532191956 -4.2274699641638085
-3.4190116771035095 9.345641413136509 -2.735454600007347
-2.455849258240807 9.299122642368767 -4.48764013780202
4.545325856413436 6.536437775301076 4.426593294519584
3.312058401548731 6.458184599303787 2.85403874054765
2.566076193150343 6.486086545270709 4.7094987983673615
4.335135531426577 8.132761133907273 3.240181999036374
2.3558858681634836 8.082409903876906 3.5230875028841497
3.589153323028189 8.160663079874194 5.095642056856084
0.169311320784153 -4.099149298466384 -9.33316550502906
-1.8306886792158483 -4.099149298466383 -9.333165505029058
-0.830688679215848 -2.6490272330821663 -10.280343416239944
-3.9353767150577967 -0.2868238366296576 9.304898955484374
-3.3093995973919466 -2.1728326167423817 9.531004084785929
-2.2711877696777725 -0.6701164825442165 10.345841750100265
9.076953087334255 -3.1666687267807716 -3.1195727591473332
9.9447658771127 -2.2840083291743944 -1.5486457766321362
9.602890341272142 -4.254439426936077 -1.5257895528096859
-5.900254631385514 7.94850768030554 2.4388297561874137
-5.280341994940245 8.875484370293469 0.778582021843379
-7.048687979841333 7.9414447187171655 0.8014382456658292
0.5171692140492986 -6.03585639435884 8.2000392212138
-1.4809521382553297 -6.033270657635994 8.286667019465447
-0.517789719392626 -7.57966921958308 7.461458171658703
6.12957191659676 -7.897224679360774 2.7195677304101977
5.294718725351426 -8.552941124050196 1.0245585583903694
4.590227253680126 -9.172103040705279 2.791004223364645
-7.022505785211862 -7.964348382465747 -4.186733905519459
-6.404471796461967 -8.814999190817787 -2.4854322888153786
-5.404471796461966 -9.139918887050694 -4.186733905519459
6.01622925310955 1.3593047921301664 -8.324129636991838
5.256425470715686 3.185602504684635 -8.028604887811165
4.476884590192916 1.9933424696602693 -9.432468137731712
-0.21319947944284567 6.627880472300614 7.959874658823877
1.7440573520331504 6.449735487115873 7.589186029521499
0.9141225243071893 5.42674225586915 9.094075736626596
-3.0693672570954877 -6.977385440894774 4.5756245211098765
-4.455360208036928 -7.833578856232794 3.4154709211618113
-3.739770914967362 -8.019430975812009 6.145560837866408
-3.194907687373565 -8.970792696926418 4.472828062192331
-5.125763865908802 -8.87562439115003 4.985407237918342
3.5060193631696976 5.032214963259059 -6.345635133647532
3.3633334051411445 7.804498860805938 -5.803341201555576
2.528480213895811 6.5816818772151535 -7.147862965495981
4.518059363693213 6.646250425759095 -6.954457409137394
-3.2556514252966027 -0.35542672078009147 -8.265329294773553
-3.992078192579765 -1.1676093834949326 -9.93806207044763
-3.3740442038298695 0.734503649095375 -9.93806207044763
-5.325411525913098 0.3170791023872108 -10.071936347705115
3.601449291608999 0.9932512731185227 9.588743299961134
2.8271977193212035 2.7996633088722174 9.218054670658756
4.806447382584297 2.5241071791275083 9.136570992335715
-5.000223435630726 7.628848809804024 -3.8801282701172686
-5.687401245845384 6.362293809346213 -2.4931801499758177
-6.073394196786824 6.032441915765836 -4.427658676640035
-6.471279318731155 8.195634397080003 -2.6493770008301545
-7.544450079887252 6.599227503041815 -3.1969074073529216
-6.857272269672594 7.865782503499625 -4.5838555274943715
4.978098852316941 5.35188546746799 2.8743229044057967
5.261786269125501 4.696056948235888 4.742319264923214
6.118017140572723 6.9488760875058375 3.2618887125095792
6.834477553284788 5.108495260440648 3.577614682913208
6.401704557381284 6.293047568273735 5.129885073026997
0.8740320488976433 -5.190993285944712 -8.399203572031036
0.6680207193143449 -5.958905240732298 -6.56402767806947
0.12315749172054713 -7.029581022651353 -8.163020308830504
1.7411914804704427 -7.555312134770485 -7.111558084592236
1.947202810053741 -6.787400179982901 -8.946733978553802
-4.837326219287034 -0.264013155688043 8.64797872704738
-5.582295189077422 -0.8050132916826618 6.872495669706858
-6.361041719995568 -1.55613005113866 8.554571011136984
-7.407424805501364 -0.24358897097333276 7.467226377984362
-6.6624558357109755 0.29741116502128606 9.242709435324887
-4.153443396079227 -4.015422781359763 -8.399203572031036
-4.947432066495931 -4.05679220814199 -6.564027678069472
-4.1534433960792265 -5.7167243980638425 -7.347741347792769
-6.134077242665924 -3.8694534971279726 -8.163020308830507
-6.134077242665923 -5.570755113832053 -7.11155808459224
-5.34008857224922 -5.529385687049826 -8.946733978553803
2.858718849916338 -3.510768479463075 8.507812005105649
3.5725265695139465 -3.662497517318891 6.645701149513476
2.8153754802345414 -5.271727126569479 7.560634093894763
4.8270735027906015 -3.38170005545504 8.177779730271316
4.783730133108805 -5.142658702561444 7.230601819060432
4.069922413511197 -4.990929664705628 9.092712674652605
9.076953087334251 -1.3740533930231038 -4.227469964163812
9.944765877112697 -0.36371131480503305 -2.7354546000073494
9.602890341272138 0.5379354891802786 -4.487640137802022
-3.935376715057801 8.450826154546183 3.904734279137486
-3.309399597391951 9.496509497916747 2.318954031576017
-2.271187769677777 9.55328737663422 4.02743068441115
0.5787077322690451 -3.5356634793928023 9.544833720910356
-1.419413620035583 -3.5330777426699553 9.631461519162004
-0.3812017923214087 -2.0303616084717904 10.44629918447634
-10.914133016883948 -2.9035824851214644 -2.6938902781701106
-11.690782011103346 -1.9992806785366601 -1.087946760363379
-11.400191846294016 -3.9780351371850378 -1.078558017356234
9.382758976414271 -3.15525166184565 2.4388297561874164
10.07280265819164 -2.279228158824962 0.7785820218433821
9.73092712235108 -4.249659256586645 0.8014382456658322
0.5171692140492976 10.033655086762026 -1.7314650567255594
-1.4809521382553306 10.109980968397915 -1.6904111743655137
-0.5177897193926274 10.063462197630173 -3.442596712160187
-6.824268753963918 -7.691498516688198 4.954329419578403
-6.279405526370121 -8.642860237802607 3.2815966439043263
-5.206234765214022 -8.867069021273144 4.954329419578403
6.129571916596758 5.964201569172742 -5.8472648237334655
5.294718725351422 4.741384585581958 -7.19178658767387
4.590227253680123 6.5982392467028435 -6.95560332447334
-7.022505785211861 -0.18296377064109348 -8.995894075162502
-6.404471796461966 1.719149261949214 -8.9958940751625
-5.404471796461966 0.34276734147803967 -10.047356299400768
6.369371174746631 1.845362948431887 7.959874658823875
5.595119602458836 3.6517749841855824 7.589186029521497
4.878659189746771 2.5463377645907324 9.094075736626596
-3.0693672570954895 7.212944617698253 -4.194481766679899
-4.45536020803693 6.558173027884971 -5.479120900878303
-3.7397709149673637 9.083155277888565 -4.424418762447277
-3.1949076873735667 8.012479495969512 -6.0234113932083115
-5.125763865908803 8.428383688075282 -5.709057896645682
3.7710742841256404 5.397031764394734 5.876520342725933
3.601449291608996 8.132237261917254 5.17660731367424
2.827197719321201 6.992831251010912 6.626534361880588
4.806447382584294 7.043182481041278 6.3436288580328135
0.6680207193143457 -3.206141399789952 -8.265329294773553
0.12315749172054824 -4.1575031209043605 -9.93806207044763
1.741191480470444 -2.9819326163194155 -9.93806207044763
1.9472028100537417 -4.966784502474176 -10.071936347705114
-2.8941301549954273 0.14216461952822207 8.405061723439198
-3.556362555075679 -0.5678982575677327 10.153563641898016
-2.9413682821497837 1.330030965119051 10.01339691995628
-4.8845643464413895 0.9238531899027854 10.256313923564463
8.800620389676425 -2.398051151641802 -3.8801282701172775
7.808404624758506 -3.442983105351922 -2.493180149975827
7.61397521350643 -3.912014057331865 -4.4276586766400445
9.794246783350701 -3.6219620564637243 -2.6493770008301656
8.607601607180706 -5.135924962153787 -3.196907407352932
9.599817372098624 -4.090993008443667 -4.583855527494382
-4.837326219287034 7.853057593274566 3.6313531151009246
-5.582295189077422 6.506959885613658 2.3534477213101725
-5.8837093047928315 6.2935207716929 4.319050243565428
-6.361041719995568 8.347363434935824 2.4338754293797678
-7.407424805501365 6.787826613354158 3.1215725578442712
-6.662455835710977 8.133924321015066 4.399477951635022
-2.5354094073293316 -5.1909932859447085 -8.399203572031036
-2.329398077746033 -5.958905240732296 -6.564027678069471
-1.7845348501522358 -7.029581022651351 -8.163020308830506
-3.4025688389021314 -7.5553121347704835 -7.111558084592239
-3.6085801684854295 -6.787400179982897 -8.946733978553803
1.243724576990443 -4.6821551741444996 8.647978727047382
0.9594109442834241 -5.557841003282829 6.8724956697068595
0.4857023680685373 -6.530580809486522 8.554571011136984
2.057353271312637 -7.120152761911501 7.467226377984364
2.341666904019656 -6.244466932773172 9.242709435324887
-3.780548298319306 -3.502176710570671 8.7956549303578
-4.65322629456927 -3.6518527027638665 7.0023255651205805
-3.823891668001102 -5.263135357677075 7.848477019146915
-5.769740425407168 -3.367986888891004 8.637200604795968
-5.813083795088963 -5.128945535997407 7.6900226935850835
-4.940405798838999 -4.979269543804213 9.483352058822302
2.858718849916338 9.179681787950608 0.6646824073037968
3.5725265695139456 7.5820144946141 -0.3037894607675775
2.8153754802345414 9.120024757548284 -1.3339577281453543
4.827073502790601 8.826770793465078 0.6325297949763984
4.783730133108804 8.767113763062754 -1.3661103404727526
4.069922413511197 10.364781056399263 -0.39763847240137834
-10.914133016883943 -1.1109671513637989 -3.8017874831865845
-11.690782011103343 -0.07898366416729924 -2.2747555837385907
-11.400191846294012 0.8143397789313156 -4.040408602348567
9.253311566578978 -1.1313167706688754 3.9047342791374886
10.054377956824261 -0.21284323002479322 2.3189540315760198
9.787551829835174 0.7921002234457326 4.0274306844111525
0.5787077322690439 10.118355590652275 1.1061858525832706
-1.4194136200355847 10.194681472288163 1.1472397349433157
-0.38120179232141055 10.251459351005638 2.855716387778448
0.6111815380106098 -11.277213657891538 -2.6938902781701053
1.7112214017385727 -11.736406118439302 -1.087946760363375
-0.2604832196313559 -12.071507204043654 -1.0785580173562286
-10.982686867029749 -2.8872387795672187 2.872483709136741
-11.719484579028515 -1.9924377905322361 1.2426185853871083
-11.428894414219185 -3.971192249180614 1.2520073283942539
9.382758976414271 3.5924270885549294 -1.73146505672556
10.072802658191636 1.7156867506332685 -1.690411174365515
9.730927122351078 2.61733355461858 -3.4425967121601877
-6.824268753963919 7.871029652472477 -4.663841939840564
-6.279405526370122 6.800353870553423 -6.2628345706015995
-5.206234765214024 8.396760764591612 -5.715304164078834
6.369371174746629 6.294256932632621 5.210306964242882
5.595119602458834 5.154850921726278 6.660234012449231
4.878659189746769 6.995231748791467 6.344508042045604
1.9960647444127035 -6.735338802229179 -8.995894075162497
3.6140987331625984 -5.559768297644232 -8.995894075162498
1.9960647444127035 -5.0340371855251 -10.047356299400764
-6.62602558146876 0.3627444136156409 9.286515758903189
-6.011031308542865 2.2606736363024242 9.146349036961452
-4.964648223037067 0.9481325561370968 10.233693670114073
7.808404624758502 -0.6902192644095736 -4.194481766679905
7.6139752135064285 -2.210712440627784 -5.479120900878311
9.794246783350696 -0.749884154716728 -4.424418762447286
8.607601607180701 -0.5625454437027095 -6.023411393208318
9.599817372098622 -2.2703773309349384 -5.709057896645692
-2.894130154995429 7.454137796824541 3.8860137750425148
-4.22233194636114 6.878908914214356 5.266228154776313
-3.55636255507568 9.335595228506753 4.032868060140801
-2.941368282149785 8.361446549446542 5.667743099816189
-4.884564346441392 8.760366345896566 5.413082439874601
-2.3293980777460335 -3.206141399789948 -8.265329294773553
-1.7845348501522358 -4.157503120904357 -9.93806207044763
-3.402568838902132 -2.98193261631941 -9.93806207044763
-3.608580168485429 -4.966784502474171 -10.071936347705115
1.0295419896155216 -2.7085500594816367 8.405061723439202
0.5588731292246356 -3.5577919949771593 10.15356364189802
2.1738674021505315 -2.3864053002957366 10.013396919956282
2.3880499895254523 -4.360010414958598 10.256313923564464
-10.650298456778506 -2.142073606977322 -3.465947902493402
-9.627781842647682 -3.2135197964218074 -2.1219007169558814
-9.528265761263446 -3.6864191232617882 -4.062638405624863
-11.622492534412707 -3.340113965452872 -2.1933372099103314
-10.500459838897648 -4.884459481737339 -2.790027713041793
-11.52297645302847 -3.813013292292853 -4.134074898579313
8.963517606020115 -2.1738423681712655 3.6313531151009313
7.913510681526469 -3.298317029084483 2.3534477213101788
7.803660105500424 -3.650935201404808 4.319050243565434
9.904484382086286 -3.470233018607909 2.433875429379776
8.744626881566594 -4.947325851841452 3.1215725578442783
9.794633806060242 -3.8228511909282346 4.399477951635031
-2.162514309569411 -4.677747215155618 8.7956549303578
-2.0351923058193746 -5.553965735354174 7.002325565120582
-1.4201980328934798 -6.528114414414385 8.637200604795968
-3.0815753913251718 -7.11350255693584 7.690022693585084
-3.2088973950752075 -6.237284036737284 9.483352058822303
1.243724576990442 9.82891077077791 -0.3203532399057776
0.9594109442834224 8.632489055310195 -1.8976106180829189
0.4857023680685375 10.572005444214053 -2.0154085891767064
2.057353271312637 9.863119430984424 -3.0290130774162822
2.3416669040196565 11.059541146452139 -1.4517556992391414
-3.7805482983193075 9.433293971175019 0.8010943885611931
-4.653226294569272 7.8962285631169715 -0.13478116203968518
-3.8238916680011026 9.373636940772695 -1.1975457468879587
-5.769740425407168 9.2315566012281 0.8502544851698883
-5.813083795088963 9.171899570825776 -1.148385650279263
-4.940405798838998 10.708964978883824 -0.2125100996783848
2.316060032391448 -10.723265055383296 -3.8017874831865797
3.537532390476678 -11.143001706751692 -2.274755583738584
4.297336172870541 -10.590581911547485 -4.040408602348561
-10.737774537639224 -0.8682305290095709 4.3304167601147086
-11.581169931391782 0.07188442061294018 2.7796530478447727
-11.215530357730984 1.0685045131967692 4.4746622198646016
9.444297494634021 3.6771275924451787 1.1061858525832724
10.13434117641139 1.8003872545235182 1.1472397349433177
9.8675150494223 2.8053307079940435 2.8557163877784504
0.6111815380106033 2.6338345528012326 -11.291390891516649
1.7112214017385652 4.275591213645668 -10.983905339364528
-0.260483219631364 4.433850522029631 -11.279430088545197
0.6479096304032729 -11.337361761022501 2.872483709136743
1.726598956236537 -11.761589314014968 1.2426185853871101
-0.24510566513339194 -12.09669039961932 1.2520073283942568
-10.98268686702975 3.8604399708333634 -1.2978111037762365
-11.719484579028515 2.0024771189259956 -1.2263746108217881
-11.428894414219187 2.895800562024611 -2.992027629431765
9.594609060093125 -4.057983341563656 -4.6638419398405775
8.407963883923129 -3.8706446305496374 -6.262834570601611
9.594609060093124 -2.356681724859575 -5.7153041640788445
-6.626025581468761 8.143887970951665 4.477504569127261
-6.011031308542867 7.169739291891457 6.112379608802648
-4.96464822303707 8.729276113473123 5.424682480338145
-3.6574421028443913 -6.735338802229174 -8.995894075162498
-5.275476091594288 -5.5597682976442275 -8.9958940751625
-3.6574421028443918 -5.034037185525094 -10.047356299400766
2.392544948155804 -6.189630617972442 9.286515758903189
4.0075392210817 -5.01824392329102 9.146349036961453
2.4358883178375996 -4.428671970866039 10.233693670114073
-9.62778184264768 -0.460755955479459 -3.8232023336599608
-9.528265761263444 -1.9851175065577076 -5.114100629863129
-11.622492534412704 -0.4680360637058788 -3.9683789715274536
-10.500459838897642 -0.31107996328626386 -5.616531698897182
-11.522976453028468 -1.9923976147841271 -5.259277267730623
7.983641726858565 -0.449026085283289 3.886013775042518
7.84700347518222 -1.8899765542984035 5.266228154776317
9.977655143242382 -0.49744420409854606 4.032868060140808
8.861141012404486 -0.21357839022568403 5.667743099816194
9.841016891566037 -1.9383946731136605 5.413082439874606
-1.965061260487278 -2.7046747915529816 8.534891618852921
-1.3470272717373841 -3.5553255999050215 10.236193235557002
-2.96506126048728 -2.3797550953200743 10.236193235557
-3.1625143095694135 -4.352827518922711 10.496956547061878
1.0295419896155207 8.729016158169042 1.336257052353501
0.5588731292246369 10.672716356976423 1.358625803201452
2.1738674021505333 10.023487374149116 2.343661450411025
2.3880499895254537 11.123381986757986 0.6870511581517468
1.2538901560101845 -10.790972895565455 -3.4659479024933915
-0.08109073511775945 -10.1495968877729 -2.121900716955873
-0.5615968818218444 -10.201085398718293 -4.062638405624855
0.41491055811707467 -12.085799238919014 -2.1933372099103186
-1.4005764797149542 -11.495911742071852 -2.790027713041781
-0.06559558858701042 -12.137287749864408 -4.1340748985793
-10.487401240434819 -1.9178648235067866 4.045533482724797
-9.522675785879722 -3.068853720154368 2.7247271543301137
-9.338580869269459 -3.425340267334731 4.684070514580604
-11.512254935677124 -3.1883849275970584 2.889915220299597
-10.363434564511763 -4.695860371425004 3.5284522521554047
-11.32816001906686 -3.544871474777422 4.849258580550087
8.963517606020117 4.220152827788533 -0.32035323990577025
7.913510681526469 3.5800398522122245 -1.897610618082913
7.803660105500423 5.495823835497339 -1.333957728145347
9.904484382086286 3.7288597490181807 -2.0154085891766984
8.744626881566594 5.004530756726986 -3.0290130774162742
9.794633806060242 5.644643732303296 -1.4517556992391318
-2.1625143095694113 9.95902508329415 -0.250367835677074
-2.035192305819376 8.74687937146901 -1.836082778743765
-1.4201980328934802 10.644808594155794 -1.976249500685502
-3.081575391325172 10.059420451634338 -2.923427411896386
-3.208897395075208 11.271566163459479 -1.3377124688296955
10.13984937364974 -0.6804669442573168 0.8010943885611991
8.947685632802582 -1.985412371774043 -0.13478116203968082
10.096506003967944 -0.7401239746596395 -1.1975457468879527
10.562679905728476 -2.634641354601347 0.8502544851698947
10.519336536046682 -2.69429838500367 -1.1483856502792569
11.711500276893839 -1.389352957486944 -0.2125100996783768
2.316060032391448 1.3951678215518084 -11.291390891516649
3.5375323904766782 2.9486986109639166 -10.983905339364524
4.2973361728705415 1.1224008984094487 -11.279430088545197
2.492418511636173 -10.480528433029072 4.330416760114708
3.647144470188242 -10.992133621971455 2.7796530478447714
4.481997661433575 -10.336417177282035 4.4746622198646016
-10.921148348810002 3.94514047472361 1.539839805532598
-11.657946060808767 2.0871776228162418 1.6112762984870443
-11.292306487147968 3.0837977154000713 3.3062854705068734
1.0962764053195526 3.3015103578786267 11.077199239379945
2.179842001937584 4.9205921353199376 10.625026931754528
0.222585170461588 5.098737120504677 10.995715561056906
0.6479096304032648 7.639449851786801 -8.855830865683116
1.7265989562365287 6.371374496726596 -9.964169366422993
-0.2451056651333997 6.529633805110559 -10.259694115603663
7.065333475838083 -9.252214354566012 -1.2978111037762297
5.525988812921449 -10.527092715910516 -1.226374610821782
6.285792595315312 -9.974672920706311 -2.9920276294317585
-11.520310648518358 -3.7801072501838857 -4.214228979327135
-10.398277953003294 -3.6231511497642703 -5.862381706696864
-11.520310648518354 -2.078805633479805 -5.265691203565402
9.792852232588281 -3.7851250230844724 4.477504569127269
8.676338101750385 -3.50125920921161 6.112379608802655
9.836195602270076 -2.0241663759780684 5.424682480338152
-3.2556514252966076 -6.182321377838534 9.53139118419244
-4.873685414046504 -5.006750873253586 9.531391184192438
-3.2123080556148116 -4.42136273073213 10.478569095403323
2.392544948155805 11.074199167892312 -1.3831178247540503
4.0075392210817 10.424970185065007 -0.3980821775444762
2.4358883178376014 11.133856198294636 0.6155223106951008
2.5369432536321357 -9.298946079420858 -3.823202333659955
1.0564371069280507 -9.67535428659916 -5.114100629863123
3.1464189618808653 -11.198278358110452 -3.9683789715274433
2.9489659127987324 -10.082659749144158 -5.616531698897173
1.6659128151767808 -11.574686565288753 -5.259277267730612
-9.45254474054762 -0.2195627763531759 4.257293208062455
-9.295237499587657 -1.6643816202283277 5.6312484257914885
-11.439084174521023 -0.21559611308769688 4.488907851060631
-10.246920433673864 0.0378870901907612 6.074622794127324
-11.28177693356106 -1.6604149569628488 5.862863068789665
7.983641726858565 3.6765669550710696 1.3362570523535071
7.847003475182218 5.555480865899663 0.6646824073038037
9.977655143242382 3.829570661780549 1.358625803201459
8.861141012404484 5.164898699891677 2.343661450411033
9.841016891566035 5.708484572609143 0.6870511581517554
-1.9650612604872781 8.843406474327857 1.3977848916926556
-1.3470272717373835 10.745519506918164 1.3977848916926545
-2.9650612604872797 10.21978839479903 2.4492471159309215
-3.162514309569413 11.335407003765326 0.8010943885611916
1.2538901560101832 1.725831740989197 -11.201758598426446
-0.08109073511776095 2.6411520192085463 -10.027018283035979
-0.5615968818218452 0.9283298219715079 -10.940995286921567
0.41491055811707284 3.4431532925519397 -11.790757684043095
-1.4005764797149554 2.6456513735342506 -11.529994372538216
-0.06559558858701123 1.7303310953149014 -12.704734687928685
1.4167873723538755 -10.566764112094912 4.045533482724797
0.024015321650202655 -10.004930811505455 2.724727154330114
-0.37191198982785223 -9.940006542791227 4.684070514580604
0.525148156852659 -11.934070201063195 2.8899152202995975
-1.2635512053290687 -11.30731263175951 3.5284522521554056
0.1292208453746043 -11.869145932348967 4.849258580550088
-10.487401240434815 4.476130372453015 0.09382712771809754
-9.522675785879716 3.8095031611423398 -1.5263311850629753
-9.338580869269453 5.721418769567418 -0.9689374571301745
-11.51225493567712 4.010707840029031 -1.5593687982568727
-10.363434564511758 5.255996237143435 -2.6221333831051448
-11.328160019066855 5.922623448454109 -1.0019750703240722
10.13984937364974 1.0208346724467634 -0.2503678356770682
8.947685632802585 0.7673514691683051 -1.8360827787437608
10.56267990572848 1.9387381638497272 -1.9762495006854954
10.519336536046684 0.17777951674332443 -2.9234274118963794
11.71150027689384 0.4312627200217828 -1.3377124688296873
-11.743435572505703 -0.39247902996240347 1.2670686222395446
-10.62692144166781 -1.7278070680735325 0.2820329750299707
-11.7867789421875 -0.45213606036472676 -0.731571513209607
-12.21504661202184 -2.334882430455944 1.3352746128682422
-12.258389981703637 -2.3945394608582675 -0.6633655225809093
-13.374904112541529 -1.0592114227471379 0.3216701246286647
2.8011548997003954 2.0628436266291983 11.077199239379945
4.006152990675693 3.593699532638184 10.625026931754528
4.780404562963487 1.78728749688449 10.995715561056905
2.492418511636169 8.560277301882826 -7.437448357244765
3.6471444701882385 7.402028866835983 -8.588564564826584
4.481997661433573 8.624845850426766 -7.244042800886178
7.126871994057831 -9.167513850675768 1.5398398055325964
5.587527331141197 -10.442392212020271 1.611276298487044
6.422380522386531 -9.78667576733085 3.3062854705068725
1.0210047952157968 8.152971291249973 8.348253085581476
2.148326798965832 6.951833074818508 9.482454163384196
0.19106996748983585 7.129978060003248 9.853142792686574
7.065333475838079 2.976918507842712 -8.855830865683117
5.525988812921446 3.610956185372815 -9.964169366422993
6.285792595315308 1.784658472818347 -10.259694115603665
-8.092636830543963 -9.437257405795766 -3.3588700551132193
-6.4746028417940655 -10.612827910380712 -3.3588700551132193
-7.092636830543961 -9.762177102028673 -5.060171671817299
-0.0351238617110996 -12.124583892884608 -4.214228979327122
-0.23257691079323284 -11.008965283918316 -5.862381706696852
1.582910127038796 -11.598852780765476 -5.26569120356539
-11.322067476023205 -3.507248931704705 4.9271175296406975
-10.129903735176049 -3.253765728426247 6.512832472707391
-11.27872410634141 -1.7462902845983017 5.874295440851583
9.792852232588283 5.6975612054442575 -1.3831178247540414
8.676338101750385 7.0328892435553865 -0.39808217754446706
9.83619560227008 5.7572182358465795 0.6155223106951099
-3.255651425296607 11.289953615118035 -1.267068622239548
-4.873685414046503 10.764222502998903 -0.21560639800128045
-3.212308055614811 11.349610645520361 0.7315715132096037
2.5369432536321352 0.7390389866182383 -10.027018283035979
1.0564371069280494 -0.24724068261343812 -10.940995286921568
3.1464189618808636 1.4585962716135075 -11.790757684043097
2.9489659127987307 -0.514476151989128 -11.52999437253822
1.6659128151767777 0.4723166023818309 -12.704734687928685
2.712180355732197 -9.05775290029457 4.257293208062455
1.28946536860384 -9.354618400269773 5.631248425791488
3.32982732177255 -10.945838407492266 4.488907851060631
3.2025053180225145 -9.733692695667127 6.074622794127324
1.9071123346441923 -11.242703907467467 5.862863068789665
-9.452544740547621 3.906030264001184 1.7075364853734452
-9.295237499587659 5.78107579996974 1.0297026783189764
-11.439084174521025 4.111418752791399 1.8146655941212835
-10.246920433673866 5.4163641803081255 2.7505411447221624
-11.28177693356106 5.986464288759955 1.136831787066815
9.01781667813468 0.8638785720271499 1.3977848916926603
10.635850666884576 2.0394490766120956 1.3977848916926616
10.635850666884574 0.3381474599080157 2.449247115930929
11.757883362399635 0.4951035603276296 0.8010943885612004
1.7356729157932769 2.38894882114935 11.014104342990247
0.34988003190443356 3.234332391189488 9.845812982725507
-0.08837240253991718 1.5796674395795367 10.880230065732762
0.9207729677233875 4.1394131673800505 11.535460888178683
-0.9032723506098065 3.330131785810237 11.401586610921198
0.4825205332790368 2.4847482157700997 12.569877971185939
1.4167873723538764 8.344035720419537 -7.641983568214947
0.02401532165020303 6.91141113583035 -7.730147134438993
-0.37191198982785095 8.634866098096637 -6.795832114188612
0.5251481568526608 7.921897196286855 -9.381747510772517
-1.263551205329066 8.212727573963955 -8.535596056746181
0.12922084537460707 9.645352158553143 -8.447432490522136
7.497838168631356 -8.59091093459156 0.09382712771809842
6.565721455011051 -7.87940164180891 -1.5263311850629748
8.327172795199523 -7.113502556935837 -0.9689374571301745
7.37189224491677 -9.709428191784959 -1.5593687982568718
8.20122687148494 -8.232019814129234 -2.6221333831051448
9.133343585105242 -8.943529106911887 -1.001975070324071
-11.743435572505701 1.3088225867416767 0.21560639800127723
-10.626921441667806 1.0249567728688158 -1.4192686416741094
-12.215046612021837 2.2384970879951305 -1.491229372987148
-12.258389981703633 0.4775384408887273 -2.438407284198033
-13.374904112541527 0.7614042547615884 -0.8035322445226457
3.255651425296606 -11.289953615118032 1.267068622239542
1.6406571523707103 -10.640724632290729 0.2820329750299688
3.212308055614809 -11.349610645520354 -0.7315715132096096
1.5540518399286791 -12.338718028090776 1.335274612868239
1.5107084702468827 -12.398375058493098 -0.6633655225809126
3.125702743172778 -13.047604041320401 0.3216701246286607
2.8011548997003906 8.98521648460599 6.798937530350537
4.006152990675689 7.896161703730014 7.96595907470911
4.780404562963484 9.035567714636358 6.516032026502762
7.126871994057828 5.477111422808749 -7.511036365986562
5.5875273311411915 6.11114910033885 -8.619374866726437
6.4223805223865265 7.333966083929634 -7.2748531027860315
-7.927348333515882 -9.209757306824462 4.262877550429559
-6.309314344765986 -10.385327811409411 4.26287755042956
-6.854177572359783 -9.433966090295002 5.935610326103636
7.438428640650605 3.490439947305881 8.348253085581472
5.947716655650744 4.191414763464726 9.482454163384194
6.7219682279385395 2.385002727711032 9.85314279268657
-8.092636830543958 1.2162051077758818 -9.943071986373386
-6.474602841794063 1.741936219895015 -10.994534210611652
-7.092636830543959 -0.1601768126952926 -10.994534210611652
-0.03512386171110071 1.6529577684677952 -12.729218007460608
-0.23257691079323373 -0.3201146551348407 -12.468454695955728
1.582910127038795 0.4773872638828487 -12.729218007460608
0.16311931078405695 -11.851725574405421 4.927117529640697
0.03579730703402184 -10.639579862580282 6.51283247270739
1.8244966692157494 -11.266337431883965 5.874295440851582
-11.322067476023204 5.975437296824031 -0.9335048642406076
-10.129903735176045 7.280382724340756 0.0023706863602716705
-11.278724106341407 6.035094327226353 1.0651352712085442
11.743435572505707 0.39247902996240225 -1.26706862223954
11.743435572505705 -1.308822586741678 -0.21560639800127263
11.786778942187501 0.4521360603647252 0.7315715132096114
2.9679140206543306 1.3322193585991795 9.845812982725505
1.5296615862099796 0.40409693499459 10.880230065732764
3.65228137148718 2.1548561464416185 11.535460888178681
3.4462700419038823 0.1700042602868579 11.401586610921196
2.214028937042829 1.226733722837029 12.569877971185939
2.712180355732197 7.85858904704123 -6.197581080706653
1.2894653686038415 9.220254240618091 -5.8486542029777295
3.329827321772551 8.91012898985778 -7.782754880011484
3.2025053180225163 9.786347510056336 -5.989425514774265
1.9071123346441952 10.271794183434642 -7.433828002282559
6.635852500343148 -7.782874538950066 1.707536485373446
8.370516164881318 -7.053845526533516 1.029702678318977
7.445063006072868 -9.608717279022592 1.814665594121285
8.317741002322832 -8.071651870964546 2.7505411447221633
9.179726670611037 -8.87968826660604 1.1368317870668156
-10.55679039633571 1.1214838757276602 1.8145990287623113
-12.141875850865741 2.339208000757498 1.8828050193910082
-12.141875850865741 0.6379063840534172 2.9342672436292747
-13.328521027035734 0.8252450950674342 1.3352746128682411
1.7356729157932766 8.782944017109154 7.0623979879835455
0.34988003190443406 7.359925431543852 7.296056260036494
-0.08837240253991652 9.025124859777609 6.2786843182602485
0.9207729677233887 8.466428033259152 8.86121863123933
-0.903272350609805 8.708608875927606 8.077504961516034
0.4825205332790379 10.131627461492908 7.843846689463085
7.497838168631356 3.9258937019630857 -7.641983568214945
6.565721455011052 2.158583424230185 -7.73014713443899
8.327172795199525 2.314611047049878 -6.79583211418861
7.3718922449167685 2.947446437938999 -9.381747510772515
8.20122687148494 1.3361637830257906 -8.53559605674618
9.133343585105242 3.1034740607586917 -8.447432490522136
-9.342910309568117 -8.369283695292927 0.4524275337360938
-8.462200404045765 -7.681631522604892 -1.2063324102317594
-10.177576545156505 -6.8699767709219115 -0.5749044582226114
-9.316904404911813 -9.48980066551997 -1.2040039958950632
-10.151570640500202 -7.990493741148956 -2.231335987853768
-11.032280546022555 -8.678145913836989 -0.5725760438859149
4.873685414046501 -10.764222502998894 0.215606398001275
4.258691141120606 -9.790073823938684 -1.4192686416741107
5.903594232442365 -10.925466035163076 -1.4912293729871506
4.2422168740106745 -11.510854177684532 -2.4384072841980347
4.857211146936569 -12.485002856744742 -0.8035322445226489
3.2556514252966036 6.182321377838532 -9.531391184192444
1.640657152370709 5.01093468315711 -9.391224462250708
3.212308055614807 4.421362730732129 -10.47856909540333
1.5540518399286767 6.712348374403868 -10.438931945804633
1.5107084702468807 4.951389727297465 -11.38610985701552
3.1257027431727753 6.122776421978887 -11.526276578957255
7.438428640650605 5.905932358381667 6.855396675969203
5.947716655650744 6.606907174540513 7.989597753771925
6.7219682279385395 7.746313185446856 6.539670705565575
-7.927348333515882 7.9315622718742915 -6.331040561230296
-6.309314344765987 8.457293383993425 -7.3825027854685645
-6.8541775723597835 9.527969165912479 -5.78351015470753
-7.6559343998646225 1.8172744379887384 10.194056520515378
-5.99455704143293 2.402662580510194 11.141234431726263
-6.609551314358826 0.5047333578234112 11.281401153668
3.657442102844393 -7.3207269447506365 -9.943071986373381
3.657442102844393 -5.619425328046557 -10.99453421061165
2.0394081140944977 -6.794995832631503 -10.994534210611649
0.514124138893983 2.4089327863555665 12.597587600492668
0.3081128093106852 0.4240809002008058 12.463713323235183
2.132158127643879 1.2333622817706196 12.597587600492668
0.1631193107840604 9.707200698771631 -8.397031668135817
0.03579730703402528 10.583419218970189 -6.603702302898599
1.824496669215753 10.292588841293087 -7.4498537569249335
9.181689840408627 -8.921414377464767 -0.9335048642406077
10.054367836658592 -7.384348969406721 0.002370686360271289
9.225033210090423 -8.861757347062444 1.0651352712085438
-13.404812930937396 0.7234344442202199 -0.7315715132096064
-13.404812930937394 -0.9778671724838607 0.31989071102866073
-13.361469561255598 0.7830914746225428 1.2670686222395449
2.9679140206543306 8.210576239895886 5.594754643332414
1.5296615862099792 9.55085597189674 5.227222094021981
3.652281371487179 9.353948914067708 7.086176869622208
3.446270041903882 10.121860868855295 5.251000975660644
2.2140289370428285 10.69422864606856 6.718644320311775
6.635852500343148 5.007874368031376 -6.19758108070665
8.37051616488132 4.07556969415628 -5.848654202977727
7.445063006072866 5.92023525244836 -7.782754880011481
8.317741002322832 6.069911244641555 -5.989425514774263
9.179726670611037 4.9879305785732635 -7.433828002282557
-8.392069358713666 -7.585104419746048 2.027535260204661
-10.134233175474709 -6.810319740519589 1.4237356772265395
-9.243733643755714 -9.389089752757602 2.1700303964830927
-10.035056509662308 -7.830125797984266 3.141338539973539
-10.985897460516759 -8.614305073531144 1.5662308135049712
4.328822186452704 -9.693546721079842 1.8145990287623097
5.976764993598465 -10.824755122400708 1.8828050193910046
4.358731004848571 -11.350486234519845 2.9342672436292734
4.903594232442368 -12.421162016438897 1.335274612868238
7.816723712070753 4.364801998652704 7.062397987983547
6.891586165265281 2.6070977199436873 7.296056260036495
8.610712382487456 2.70486980873085 6.2786843182602485
7.767517055787494 3.4919772749112963 8.861218631239332
8.561505726204198 1.8320450849894423 8.077504961516034
9.48664327300967 3.5897493636984588 7.843846689463086
-9.342910309568111 4.147520941261723 -7.283383162196954
-8.46220040404576 2.356353543434204 -7.4101483596077795
-10.1775765451565 2.558136833063805 -6.401799115281052
-9.316904404911808 3.167073964203988 -9.02638270841071
-10.151570640500196 1.5776898560060704 -8.144798661494807
-11.032280546022548 3.368857253833589 -8.018033464083981
-6.774027644388856 -10.610936531616721 0.4636283096961775
-6.20376092446836 -9.652386097612718 -1.1964852206450018
-5.170441445532893 -11.239292174101083 -0.5530724768662952
-7.879531788179609 -10.744077650150974 -1.1977368008731166
-6.275945589323645 -11.372433292635336 -2.2144375874355893
-6.846212309244142 -12.330983726639339 -0.5543240570944098
4.873685414046499 5.006750873253585 -9.531391184192444
4.258691141120605 3.1088216505668016 -9.391224462250706
5.903594232442365 3.552220848880488 -10.438931945804633
4.242216874010673 2.9668327063590314 -11.386109857015517
4.857211146936568 4.864761929045815 -11.526276578957253
3.657442102844392 6.735338802229176 8.995894075162498
2.0394081140944977 5.55976829764423 8.9958940751625
3.657442102844394 5.034037185525096 10.047356299400766
1.9960647444127007 7.320726944750634 9.943071986373385
1.9960647444127018 5.619425328046552 10.994534210611652
3.614098733162597 6.7949958326315 10.99453421061165
-7.655934399864626 8.305131503115847 6.184340340115687
-5.994557041432934 8.890519645637303 7.131518251326572
-6.609551314358829 9.864668324697513 5.496643211651184
9.99304933845316 -5.088368755579475 -6.331040561230312
9.993049338453158 -3.3870671388753943 -7.382502785468578
11.179694514623153 -3.5744058498894127 -5.783510154707545
4.09414453352373 -6.719657614537777 10.19405652051538
4.137487903205526 -4.958698967431374 11.141234431726264
2.5224936302796297 -6.130085662112797 11.281401153668
-5.318819461276082 -7.320726944750632 -9.943071986373386
-5.318819461276082 -5.619425328046551 -10.994534210611654
-3.7007854725261855 -6.794995832631498 -10.994534210611652
0.5141241388939837 10.19031739818022 7.788427430849626
0.3081128093106855 10.958229352967807 5.953251536888062
2.132158127643879 10.716048510299354 6.736965206611358
9.181689840408627 3.1548256671835535 -8.397031668135817
10.054367836658592 3.3045016593767484 -6.603702302898598
9.225033210090423 4.915784314289956 -7.4498537569249335
-11.077070417580268 -8.654805496428201 -0.5021226330208725
-11.86839328348686 -7.095841541654865 0.4691855104695736
-11.033727047898472 -8.59514846602588 1.4965175024282789
4.830342044364704 -12.5251811501053 -0.7315715132096108
3.212308055614809 -13.050912262224436 0.31989071102865635
4.873685414046501 -12.46552411970298 1.2670686222395402
6.891586165265279 5.359861560886035 5.594754643332415
8.610712382487456 4.40617142543493 5.2272220940219825
7.767517055787493 6.36405517665829 7.086176869622209
8.561505726204196 6.405424603440516 5.251000975660644
9.486643273009669 5.410365041207184 6.7186443203117765
-8.392069358713664 5.205644487235395 -5.877582305875439
-10.134233175474707 4.319095480170206 -5.454621204070168
-9.243733643755714 6.139862778713349 -7.427390077649676
-10.035056509662306 6.3114373176218335 -5.59862811952289
-10.985897460516755 5.25331377164816 -7.004428975844405
-6.133629879136262 -9.555858994753875 2.037382449791419
-5.127098075851096 -11.17963514369876 1.4455676585828563
-7.806361027023511 -10.643366737388606 2.1762975915050395
-6.159431458485752 -11.212065349470645 3.1582369403917188
-6.799829223738347 -12.267142886333492 1.5844828002964773
4.328822186452703 5.958112594367995 -7.858658408518368
5.976764993598462 6.525009663389852 -8.8399393150436
4.358731004848567 7.700580167974799 -8.839939315043601
4.903594232442363 6.749218446860391 -10.512672090717677
-9.02402476612871 4.586429237951338 7.420998394001546
-8.136335693791526 2.804867839147704 7.6160550348677125
-9.894036957868565 2.948395594744774 6.672717317167815
-8.92127959404108 3.7116048011762826 9.216583433601144
-9.791291785780935 2.073571157969719 8.468302356767415
-10.678980858118118 3.855132556773353 8.273245715901249
6.8316448802350145 -7.603981275700076 -7.283383162196952
4.855989126834958 -7.31987754678641 -7.410148359607776
5.577976818665199 -8.888942738010584 -6.401799115281048
5.891148127329478 -7.882222968608934 -9.026382708410708
4.637480065759663 -9.167184430919443 -8.144798661494804
6.6131358191597185 -9.451288159833108 -8.01803346408398
-6.774027644388851 5.160036844635764 -9.283369272497541
-6.203760924468355 3.2465093768927735 -9.168441041221598
-5.170441445532886 4.531681202151403 -10.300070059060014
-7.879531788179603 3.733609233892595 -10.1454393736906
-6.275945589323639 3.1052535914082346 -11.162140160253074
-6.846212309244135 5.018781059151225 -11.277068391529017
5.275476091594288 5.559768297644232 8.9958940751625
4.657442102844395 3.657655265053924 8.995894075162502
6.345607136926389 4.160599419227257 9.943071986373385
4.727573148176493 3.634868307108124 10.994534210611654
5.345607136926388 5.536981339698432 10.994534210611652
10.264463272104416 -4.7147995243379235 6.184340340115695
10.307806641786211 -2.95384087723152 7.131518251326579
11.424320772624107 -3.2377066911043815 5.496643211651193
-12.016311941753187 -4.798721654349217 -5.862381706696866
-12.016311941753186 -3.097420037645136 -6.913843930935133
-13.138344637268249 -3.254376138064752 -5.265691203565405
-4.873685414046503 -6.708052489957667 10.582853408430708
-4.830342044364707 -4.947093842851263 11.530031319641592
-3.212308055614811 -6.122664347436211 11.530031319641592
4.094144533523731 12.122963580865054 -1.4513238153827484
4.137487903205527 12.182620611267378 0.5473163200664033
2.5224936302796315 12.831849594094681 -0.437719327143171
9.532694668518548 3.6379423665921458 7.788427430849625
10.32668333893525 3.679311793374372 5.95325153688806
9.532694668518548 5.339243983296226 6.736965206611358
-11.077070417580266 3.421434548220119 -7.965649436916082
-11.868393283486858 3.5930090871286047 -6.136887478789296
-11.03372704789847 5.182393195326522 -7.0184715257051975
-6.8173710140706545 -12.371895178723122 -0.4835496015147084
-5.1704414455328935 -12.940593790805162 0.49838974737197017
-6.774027644388859 -12.312238148320802 1.5150905339344432
4.830342044364702 4.947093842851261 -11.530031319641596
3.2123080556148063 6.122664347436208 -11.530031319641596
4.8736854140464985 6.708052489957665 -10.582853408430712
-8.136335693791528 5.5576316800900525 5.914753418163633
-9.894036957868567 4.649697211448855 5.621255092929548
-8.921279594041081 6.583682702923277 7.441541671984022
-9.791291785780938 6.646950676420794 5.641798370912025
-10.678980858118118 5.67574823428208 7.148043346749938
7.544154160916952 -6.372699635575527 -5.8775823058754355
7.23935417709689 -8.30355459548913 -5.454621204070165
8.695827292249366 -6.893991175038006 -7.427390077649674
9.103536589111243 -7.593564494827058 -5.598628119522887
8.391027308429305 -8.82484613495161 -7.0044289758444025
-6.133629879136259 6.095800320693965 -7.635874987489258
-5.127098075851092 6.292639849257806 -9.35289214784913
-7.806361027023508 6.706398048401957 -8.546446742929566
-6.159431458485747 7.839001053023999 -8.615969618281154
-6.799829223738341 6.9032375769657985 -10.263463903289438
4.657442102844392 6.41041910599627 7.294592458458421
6.345607136926386 7.032677320974249 8.168030224756262
4.727573148176489 8.208247825559194 8.168030224756262
5.345607136926385 7.357597017207156 9.869331841460342
7.150530423674413 -7.165072979010461 7.420998394001547
5.181853837089186 -6.871363251072909 7.616055034867713
5.86151640595313 -8.498683976329616 6.672717317167816
6.286772938200201 -7.337692131636638 9.216583433601146
4.997758920478919 -8.671303128955792 8.468302356767415
6.966435507064146 -8.965012856893345 8.273245715901249
-0.850610899543129 -12.911078316508624 -5.86238170669685
0.7674230892067665 -12.38534720438949 -6.913843930935118
0.9648761382889 -13.500965813355785 -5.265691203565388
7.000776327895766 -4.8479440561662 -9.283369272497543
5.004681452807139 -4.896900682895391 -9.168441041221598
5.9076392121685695 -3.5170155243423165 -10.300070059060015
5.985782621458415 -6.340131348874982 -10.1454393736906
4.892645505731219 -5.009202817051098 -11.162140160253074
6.888740380819846 -4.960246190321907 -11.277068391529019
-6.37223696684106 5.71305426902641 9.2439159868574
-5.805009962744564 3.7953429913798953 9.21867749619161
-4.725307398303298 5.144355656944372 10.225855335744079
-7.437518883695578 4.341987804239364 10.23656455848742
-5.790589315157817 3.7732891921573257 11.218503907374098
-6.357816319254312 5.691000469803841 11.24374239803989
-11.744898008101943 -4.42515242310767 6.652999194649125
-11.701554638420149 -2.6641937760012673 7.60017710586001
-12.893718379267305 -2.9176769792797255 6.0144621627933175
10.264463272104418 7.6399646059377995 -1.4513238153827372
10.307806641786213 7.699621636340121 0.5473163200664144
11.42432077262411 6.364293598228993 -0.43771932714316
-4.873685414046501 12.465524119702982 -1.2670686222395489
-4.830342044364706 12.525181150105306 0.731571513209603
-3.2123080556148085 13.050912262224438 -0.3198907110286645
-10.726065589470341 3.9045512476287065 8.219809662069368
-11.596077781210198 3.967819221126224 6.420066360997371
-10.726065589470343 5.605852864332787 7.168347437831102
6.676980629082401 -9.477638581558406 -7.965649436916078
7.084689925944277 -10.177211901347457 -6.1368874787892915
8.338357987514092 -8.892250439036948 -7.018471525705195
-6.8173710140706465 5.100379814233441 -11.282009407946694
-5.170441445532886 6.232982818855482 -11.351532283298281
-6.77402764438885 6.861338461339843 -10.33483149673581
5.318819461276085 5.619425328046557 10.99453421061165
3.7007854725261886 6.794995832631503 10.994534210611649
5.318819461276084 7.3207269447506365 9.943071986373381
7.799887825839083 -6.020712442720872 5.914753418163636
7.479550394703026 -7.972952864210484 5.621255092929552
9.018281341963993 -6.450171250828078 7.441541671984027
9.34730131299261 -7.258051136028101 5.64179837091203
8.697943910827938 -8.40241167231769 7.148043346749942
-7.900315323429449 -7.392112176337414 -8.01492026035781
-8.731263389763411 -6.260153937318275 -6.5907728465791156
-8.396916817822076 -8.203307175510087 -6.2555596864320835
-9.77215505289923 -6.72284567456607 -8.23468917714371
-10.268756547291856 -7.534040673738741 -6.475328603217985
-9.437808480957894 -8.665998912757882 -7.8994760169966804
7.6928464868891355 -3.9497227716845087 -7.635874987489258
7.569016570600263 -2.931627381820861 -9.352892147849133
8.790461786378307 -5.351899555304053 -8.546446742929568
9.358702029082803 -3.4355828809587132 -8.615969618281158
8.666631870089434 -4.333804165440405 -10.263463903289441
-5.805009962744565 6.548106832322241 7.517375879487526
-4.725307398303299 6.845657273648452 9.174393111505811
-7.437518883695578 7.214065705986357 8.461522796870295
-5.790589315157817 8.346668710608398 8.391999921518703
-6.3578163192543125 7.5116161473125675 10.118540028888578
-0.5791969658918749 -12.537509085267066 6.652999194649122
1.0821803925398163 -11.952120942745612 7.600177105860007
1.209502396289852 -13.16426665457075 6.014462162793315
7.150530423674416 9.84186079692455 -3.0898647239448787
5.181853837089189 9.88497377683609 -2.7399307753284434
5.861516405953134 9.768986824403148 -4.617324132979039
6.286772938200206 11.5250785119932 -2.4412499461558244
4.997758920478924 11.4522045394718 -3.9687093551899855
6.966435507064151 11.40909155956026 -4.318643303806422
-0.8506108995431296 0.5305361532171994 -14.16975631265981
0.767423089206766 -0.6450343513677472 -14.16975631265981
0.964876138288899 1.3280380722348881 -14.43051962416469
7.402567005443551 -4.294926631775565 9.243915986857406
5.403432414530923 -4.34806706840828 9.21867749619161
6.352773259398151 -2.904341069549359 10.225855335744084
6.427795525942433 -5.731752778528226 10.23656455848742
5.378001779897033 -4.3411672163020185 11.2185039073741
7.377136370809661 -4.288026779669304 11.243742398039894
-11.744898008101941 7.92961170716806 -0.9826649608493025
-11.701554638420145 7.989268737570382 1.015975174599849
-12.893718379267302 6.6843233100536565 0.08009962399896986
13.3614695612556 -0.7830914746225455 -1.2670686222395382
13.404812930937394 -0.7234344442202226 0.7315715132096132
13.404812930937398 0.9778671724838583 -0.3198907110286543
7.02798545719232 -8.994521882149815 8.21980966206937
7.357005428220936 -9.802401767349835 6.420066360997373
8.646019445942217 -8.468790770030681 7.168347437831104
-6.665408414058287 -8.6921682151727 -7.1289974527299265
-7.650960624164356 -9.220007962072561 -8.787331569471101
-8.147562118556982 -10.031202961245233 -7.027970995545376
-9.382469027928146 -8.731146922409948 -7.91389380317326
6.9574329582139685 -4.907601086568523 -11.282009407946695
7.525673200918465 -2.991284412223183 -11.351532283298285
8.61881031664566 -4.322212944047067 -10.334831496735813
-6.328893597159259 5.772711299428734 11.242556122306553
-4.681964028621499 6.905314304050776 11.173033246954963
-6.328893597159259 7.474012916132814 10.191093898068285
-7.536179893226368 -6.890922753602904 8.776014336694793
-8.429496280639828 -5.844807144127727 7.324247150266146
-8.107470916068113 -7.804919069381459 7.091307447659295
-9.397607583792055 -6.207325309728722 9.0363631172258
-9.9688986066338 -7.121321625507276 7.351656228190302
-9.07558221922034 -8.167437234982454 8.80342341461895
7.799887825839084 7.98286074424578 -2.7399307753284434
7.479550394703028 8.5934163198182 -4.61732413297904
9.018281341963997 9.540521491054768 -2.4412499461558257
9.34730131299261 8.292077013948418 -3.968709355189986
8.697943910827941 10.151077066627188 -4.3186433038064225
-8.028253606331214 -4.533437713585982 -9.868539195096039
-8.843740644163244 -3.7469432899619695 -8.220386467726309
-8.64628759508111 -2.6313246809956743 -9.868539195096039
-9.843740644163242 -5.123325210433145 -9.271848691964577
-10.46177463291314 -3.2212121778428373 -9.271848691964577
-9.64628759508111 -4.00770660146685 -10.920001419334305
8.02146640328082 -3.497416260056241 7.517375879487535
7.970807248148048 -2.3786099574302257 9.17439311150582
9.159303929706224 -4.844231897719665 8.461522796870302
9.727544172410724 -2.927915223374325 8.391999921518714
9.108644774573452 -3.7254255950936495 10.118540028888587
-0.5791969658918695 11.557567898030397 -8.238577342573986
1.0821803925398228 12.142956040551853 -7.291399431363102
1.209502396289858 11.266737520353297 -9.084728796600322
7.402567005443562 10.188759391368952 0.29250574217229863
5.403432414530934 10.189950524790625 0.23368849455074792
6.352773259398162 10.44514387579244 1.9754199072178225
6.427795525942445 11.719179452139674 -0.5487046954363595
5.378001779897046 11.975563936563162 1.1342094696091642
7.377136370809674 11.974372803141488 1.193026717230715
-0.2367504182831116 1.3754426213152142 14.136446098909262
1.3812835704667843 0.19987211673026684 14.136446098909262
1.587294900050082 2.1847240028850274 14.270320376166747
11.170881967496488 -8.719677007517848 -0.9826649608493031
11.214225337178284 -8.660019977115526 1.0159751745998484
10.341547340928319 -10.19708538517357 0.08009962399896939
-15.051742499475157 -0.4091685604018238 -0.6620486378580175
-15.008399129793359 -0.34951152999950097 1.3365914975911342
-15.008399129793359 1.3517900867045802 0.28512927335286703
-6.339124931167025 -8.243077528372805 7.916516295466039
-7.251240044620891 -8.669839783148682 9.644497776184988
-7.822531067462636 -9.583836098927234 7.95979088714949
-9.01958602952198 -8.231681324157334 8.819288928378244
7.027985457192327 11.374493737317936 -4.368934308139197
7.3570054282209405 10.12604926021159 -5.896393717173358
8.646019445942223 10.198923232732989 -4.368934308139197
-6.914779191317319 -3.120185720658287 -10.741976961393881
-7.863106797576545 -4.479778262651584 -11.8609867338994
-8.481140786326442 -2.5776652300612763 -11.8609867338994
-9.594615201340337 -3.9909172229889713 -10.987548967601558
7.445910375125345 -4.235269601373244 11.24255612230656
8.014150617829843 -2.318952927027905 11.173033246954974
9.063944363875242 -3.7095384892541112 10.191093898068294
-7.5361798932263655 10.931220192296141 -2.238675756229993
-8.429496280639825 9.164883022730892 -1.952251533457558
-8.107470916068108 9.833124120530956 -3.80960273874519
-9.397607583792052 10.85836914999719 -1.5108161005055862
-9.968898606633795 9.760273078232004 -3.0817430830207835
-9.075582219220337 11.526610247797253 -3.368167305793218
8.021466403280831 8.287837492200316 0.2336884945507478
7.970807248148059 9.26957337120749 1.9754199072178222
9.159303929706237 9.734622431201242 -0.5487046954363594
9.727544172410735 8.81543641103978 1.1342094696091642
9.108644774573465 10.716358310208417 1.193026717230715
-1.8306886792158517 -9.03623220320974 -9.868539195096043
-0.8306886792158495 -9.568766321613177 -8.220386467726314
0.16931132078414868 -9.036232203209742 -9.868539195096044
-1.8306886792158525 -10.94514824208435 -9.271848691964582
0.16931132078414812 -10.94514824208435 -9.271848691964584
-0.8306886792158542 -10.412614123680916 -10.920001419334312
-7.587406426859504 -3.926663626070412 10.459711076173535
-8.474532213003403 -3.23877148042804 8.804473257755255
-8.207319063304773 -2.027136330202951 10.373083277921888
-9.426270479802232 -4.548726823870522 9.978445689159527
-10.046183116247501 -2.6491995280030607 9.891817890907879
-9.159057330103602 -3.337091673645433 11.547055709326157
11.170881967496486 3.020635845503887 -8.238577342573986
11.21422533717828 4.7815944926102905 -7.291399431363102
10.341547340928315 4.631918500417095 -9.084728796600322
-0.2367504182831105 12.028905134886863 7.5522441676490955
1.3812835704667852 12.554636247005995 6.500781943410827
1.5872949000500833 11.786724292218407 8.335957837372392
-13.06055702433402 -8.400786969171591 -0.46669004013130644
-13.017213654652224 -8.341129938769269 1.531950095317845
-12.22589078874563 -9.900093893542605 0.5606419518273992
4.262101801660209 -14.441497824450641 -0.6620486378580238
4.305445171342006 -14.381840794048319 1.3365914975911277
5.923479160091901 -13.856109681929183 0.2851292733528603
-6.33912493116702 10.76716377210726 -3.83245896256764
-7.251240044620886 12.503571276388573 -3.4413899163819557
-7.82253106746263 11.40547520462339 -5.012316898897153
-9.019586029521975 11.56953162481227 -3.4185336925595062
7.44591037512536 11.949718038475357 1.2396836533831832
8.014150617829856 11.030532018313895 2.9225978184287067
9.063944363875255 10.774147533890408 1.239683653383183
-0.8306886792158518 -7.5405362219339205 -10.741976961393886
-1.8306886792158557 -8.862586572350706 -11.860986733899404
0.16931132078414568 -8.862586572350708 -11.860986733899407
-0.8306886792158548 -10.358282553626527 -10.987548967601565
-6.438973078403686 -2.4652947891942967 11.19829212572863
-7.336183447337848 -3.7545304899089404 12.436389400533743
-7.956096083783117 -1.8550031940414788 12.349761602282095
-9.104529432238937 -3.3163720309175937 11.611180552727
12.725015854614137 -3.789400186751366 -2.238675756229994
11.32117932458916 -5.184822761305986 -1.9522515334575588
11.857203064835689 -4.672060584357743 -3.8096027387451903
13.23094318630173 -5.582235331604405 -1.5108161005055876
12.363130396523285 -6.464895729210783 -3.0817430830207844
13.76696692654826 -5.069473154656162 -3.3681673057932198
-7.587406426859505 11.11150735506646 1.1656102811985982
-8.474532213003402 9.323382922932861 1.0406348645540642
-8.207319063304773 10.184530665078531 2.825858015542633
-9.42627047980223 10.959245626150418 0.3939916184496053
-10.046183116247501 10.03226893616249 2.05423935279364
-9.159057330103602 11.820393368296088 2.1792147694381745
-1.3898414997441342 -8.429458115694171 10.459711076173537
-0.46148024805600196 -9.060594512079247 8.804473257755255
0.6082798525604941 -8.432043852417019 10.373083277921888
-1.4132185148548335 -10.370549855521727 9.978445689159525
0.5849028374497945 -10.373135592244575 9.891817890907875
-0.3434584142383376 -9.7419991958595 11.547055709326157
-13.060557024334019 3.3395258838501456 -7.7226024218559886
-13.01721365465222 5.100484530956548 -6.775424510645103
-12.225890788745629 4.928909992048062 -8.60418646877189
11.513328515105243 3.4919730823603565 7.552244167649095
11.513328515105243 5.193274699064437 6.500781943410827
10.719339844688541 5.15190527228221 8.335957837372392
-6.2972900710126 -14.3025343530561 -0.4372010179469842
-6.253946701330803 -14.242877322653777 1.5614391175021676
-7.900876269868563 -13.674178710571738 0.5794997686154887
4.2621018016602035 5.866279863012722 -13.212945484687118
4.305445171342 7.627238510119126 -12.265767573476236
5.923479160091896 6.451668005534179 -12.265767573476236
12.199078600676247 -2.7016294865960617 -3.832458962567641
14.132359343450272 -3.03252308087454 -3.4413899163819597
13.264546553671824 -3.9151834784809174 -5.012316898897156
13.790483807609712 -5.002954178636222 -3.4185336925595093
-6.438973078403686 11.118570316654834 2.803001791720183
-7.336183447337848 12.802521917506926 2.2035682592374695
-7.956096083783118 11.875545227518998 3.863815993581504
-9.104529432238937 11.868482265930623 2.22642448305992
-0.35488256630220977 -6.885645290469932 11.198292125728633
-1.303765328977145 -8.137338799608067 12.436389400533747
0.6943560233274833 -8.139924536330913 12.349761602282095
-0.34060291011444105 -9.683737361555153 11.611180552727
-14.536515613533906 -3.4306335935586842 -1.658179214416227
-13.158951935523783 -4.862659888564888 -1.4309810554491564
-13.75986661931451 -4.334935400143489 -3.2641227322229582
-15.057989698623842 -5.209947953397528 -0.9084424689842694
-14.281340704404446 -6.114249759982332 -2.514385986791001
-15.658904382414569 -4.682223464976127 -2.741584145758071
12.912309005026762 -3.782407718206707 1.1656102811986044
11.485838555966232 -5.178675315478654 1.040634864554069
12.222265323249395 -4.658431221227396 2.825858015542639
13.33573973826329 -5.578322820166773 0.3939916184496117
12.645696056485923 -6.454346323187461 2.0542393527936462
14.072166505546454 -5.0580787259155136 2.1792147694381816
-1.389841499744135 13.125218268568494 -2.8618115458054776
-0.4614802480560035 11.926981333282058 -4.166561956144335
0.6082798525604929 13.048892386932604 -2.902865428165523
-1.4132185148548342 13.562844036499616 -4.813205202248792
0.5849028374497942 13.486518154863726 -4.854259084608838
-0.34345841423833734 14.684755090150162 -3.5495086742699797
7.2120119296943095 -11.389357613172598 -7.722602421855985
8.873389288126 -10.803969470651142 -6.775424510645101
8.465679991264125 -10.104396150862089 -8.60418646877189
-12.71811047672526 3.8108631207066077 8.068219088367101
-12.71811047672526 5.512164737410688 7.016756864128834
-11.848098284985404 5.448896763913171 8.816500165200832
-6.297290071012589 6.005243334407264 -12.988097864776082
-6.2539467013307934 7.766201981513667 -12.040919953565197
-7.9008762698685535 6.633598976891625 -11.97139707821361
4.822818168041248 6.63803973221189 12.64268693798138
4.822818168041247 8.33934134891597 11.591224713743111
6.440852156791145 7.163770844331023 11.591224713743111
-14.050456784123837 -2.3561809414951096 -3.273511475230103
-15.973375889948866 -2.636326261269333 -2.800329996026123
-15.196726895729467 -3.540628067854137 -4.406273513832854
-15.682785725139537 -4.615080719917711 -2.7909412530189783
12.564140859089957 -2.6880001234657116 2.803001791720189
14.442927253736066 -3.0209282289599333 2.2035682592374783
13.752883571958698 -3.8969517319806215 3.863815993581512
14.101051717895507 -4.991359326721616 2.2264244830599282
-0.35488256630221016 13.09541115770035 -1.1506798903708513
-1.3037653289771465 14.762573380074562 -1.7165346658978047
0.6943560233274818 14.686247498438673 -1.7575885482578506
-0.3406029101144431 14.71605460930682 -3.4687202036924774
1.2293039294036976 -14.885171980360889 -1.6581792144162206
-0.5583245973067463 -14.017551529326553 -1.4309810554491498
0.12926406567573498 -14.425979519813126 -3.2641227322229507
-0.3017802326396558 -15.93096168259031 -0.9084424689842623
-1.4018200963676182 -15.471769222042546 -2.514385986790993
0.3858084303428253 -16.339389673076884 -2.7415841457580634
-14.578501942199285 -3.4206237663709866 1.7509890118530487
-13.195864319084821 -4.853859724504898 1.5661975308254832
-13.84170423020052 -4.31542475540597 3.3808541356026804
-15.081482402248948 -5.204347132584322 0.9990969919241233
-14.344684690250183 -6.099148121619304 2.6289621156737546
-15.727322313364645 -4.665912163485393 2.8137535967013205
12.912309005026763 2.7340976849190968 -2.8618115458054785
11.485838555966234 3.2467461265217574 -4.166561956144336
12.222265323249397 4.610838022840758 -2.902865428165524
13.335739738263293 2.84709862183364 -4.813205202248794
12.645696056485926 4.7238389597553 -4.854259084608839
14.072166505546456 4.21119051815264 -3.549508674269981
7.6572954555775645 -4.1333565113485795 -12.988097864776085
9.318672814009258 -3.5479683688271235 -12.040919953565203
8.750432571304762 -5.464285043172463 -11.971397078213613
7.554458477303067 -10.918020376316132 8.068219088367103
9.172492466052963 -10.392289264196998 7.016756864128836
8.843472495024349 -9.584409378996977 8.816500165200834
-5.736573704631541 6.777003203606432 12.86753455789242
-5.73657370463154 8.47830482031051 11.816072333654152
-7.383503273169301 7.34570181568847 11.885595209005741
2.1009686870456634 -14.090878434208774 -3.2735114752300976
2.4287493376730125 -16.006252844816956 -2.800329996026116
1.3287094739450496 -15.547060384269194 -4.406273513832846
0.45704471630308396 -16.34135393042131 -2.7909412530189694
-14.132294395009849 -2.3366702967575907 3.3714653925955362
-16.04299726331704 -2.6197280508961507 2.8527237836371864
-15.306199551318278 -3.5145290399311335 4.482588907386818
-15.752407098507712 -4.598482509544529 2.8621125266443315
12.564140859089955 3.709191218855447 -1.150679890370851
14.442927253736064 3.321931543306839 -1.716534665897806
13.752883571958698 5.198671881228499 -1.7575885482578513
14.101051717895507 4.2235783472921495 -3.4687202036924782
1.2293039294036878 5.173730704047669 -14.055262850407221
-0.5583245973067552 4.9889312537365775 -13.177633421971862
0.12926406567572593 3.531974043203233 -14.362748402559342
-0.30178023263966636 6.3120070081246435 -14.655353130545855
-1.4018200963676284 4.670250347280208 -14.962838682697978
0.38580843034281487 4.855049797591299 -15.840468111133335
1.2517983298665611 -14.922010145121655 1.7509890118530522
-0.5385485901097766 -14.049937891996445 1.5661975308254887
0.17310900403329763 -14.49778259212919 3.380854135602685
-0.28919389084468305 -15.951573822644633 0.999096991924129
-1.3678832166779462 -15.527346269652167 2.6289621156737617
0.4224637032983909 -16.399418522777378 2.813753596701326
-14.578501942199285 3.095881636754817 -2.2764328151510345
-13.195864319084823 3.5715617174955123 -3.6409992898729207
-13.84170423020052 4.953844488662184 -2.3478693081054827
-15.081482402248948 3.221074309416089 -4.208099828774282
-14.344684690250185 5.079037161323455 -4.279536321728731
-15.727322313364645 4.603357080582761 -2.9149698470068444
8.218011821958605 -3.3615966421494323 12.86753455789243
9.836045810708503 -2.8358655300302993 11.816072333654164
9.267805568004004 -4.7521822043756385 11.88559520900575
7.554458477303074 12.099121683814227 -6.157157028678235
9.17249246605297 10.92355117922928 -6.157157028678235
8.843472495024356 12.171995656335627 -4.629697619644073
2.100968687045655 3.373714734819271 -14.067223653378672
2.4287493376730023 4.65352259299357 -15.568773416533267
1.3287094739450405 3.0117659321491352 -15.87625896868539
0.4570447163030731 4.8117819013775325 -15.864298165713938
2.1448136254032257 -14.162681506524837 3.371465392595538
2.466049361349758 -16.067337576550656 2.852723783637188
1.3873600355164941 -15.64311002355819 4.482588907386821
0.4943447399798294 -16.402438662155006 2.8621125266443355
-14.132294395009849 4.0605210455635685 -0.5822162894955056
-16.042997263317044 3.7231317213706223 -1.0673791414980984
-15.30619955131828 5.581094573277989 -1.1388156344525466
-15.752407098507714 4.6164551644692375 -2.833032160108075
1.8302484994584538 6.000859945476354 13.655363843116662
0.0065245036833649905 5.766379344133761 12.868566769642081
0.7466829028404219 4.3817781680350425 14.10753615074208
0.325123129721539 7.174865461961177 14.252279807585298
-0.7584424668964926 5.5557836845198665 14.704452115210717
1.065281528878596 5.790264285862459 15.491249188685295
1.25179832986655 8.239457992430143 -12.563585526501688
-0.5385485901097862 7.684172899278068 -11.866221653438034
0.17310900403328625 9.507533347490346 -11.45524702576181
-0.2891938908446938 8.027380199131072 -13.820711608204247
-1.3678832166779578 9.295455554191275 -12.71237310746437
0.42246370329837835 9.85074064734335 -13.409736980528022
7.449363256981924 -12.908299231619615 -2.2764328151510242
7.474503374837618 -11.446339481647243 -3.640999289872912
8.988707919898559 -11.63342087027511 -2.3478693081054716
7.7238580741027105 -13.347975412295433 -4.208099828774271
9.263202737019345 -12.073097050950928 -4.279536321728719
9.23806261916365 -13.5350568009233 -2.9149698470068306
8.218011821958621 13.012424510666289 2.7478329529425762
9.836045810708516 11.83685400608134 2.747832952942576
9.26780556800402 12.756040026242802 1.0649187878970523
2.7039397343164184 4.203633182850301 13.7368475214397
3.0947958446469754 5.5702569633855 15.14381978253547
2.0112302480289443 3.951175185944189 15.59599209016089
1.1375390131709797 5.7484019485702404 15.51450841183785
2.1448136254032137 9.349274039106387 -11.159722276581139
2.466049361349744 9.737085528218058 -13.095286755192967
1.3873600355164797 11.005160883278261 -11.98694825445309
0.49434473997981554 9.895344836602021 -13.390811504373639
8.228904137504696 -12.185840665479317 -0.582216289495495
8.498467479710454 -14.107286113983015 -1.0673791414980862
10.037812142627088 -12.832407752638511 -1.1388156344525338
9.258271262104318 -13.554866318778808 -2.833032160108062
1.784147827442699 8.97217421626585 11.983999946270286
-0.03400501489944019 8.378617554287464 11.399183110924142
0.6568258236926635 10.173312432697315 10.849798868467566
0.2993283184338942 8.837411527777855 13.31709785845016
-0.8279936853161411 10.038549744209318 12.182896780647441
0.9901591570259981 10.632106406187704 12.767713615993584
7.449363256981927 3.7366635028063846 -12.56358552650169
7.474503374837617 1.8623498676268648 -11.86622165343804
8.988707919898559 3.1026258252762804 -11.455247025761814
7.723858074102711 2.2055571674798675 -13.820711608204249
9.263202737019343 1.5715194899497635 -12.712373107464375
9.238062619163651 3.4458331251292833 -13.409736980528027
-8.092636830543956 -12.839860639203925 -5.060171671817298
-8.092636830543958 -11.138559022499845 -6.111633896055565
-9.710670819293853 -11.664290134618978 -5.060171671817298
-8.135980200225752 -12.899517669606249 -7.05881180726645
-9.754014188975649 -11.723947165021302 -7.0588118072664505
-9.754014188975647 -13.425248781725383 -6.007349583028183
2.614082655168659 9.995167447512575 10.479110239165184
3.0183521021013413 10.497265035215209 12.372378373027882
1.8910300983513064 11.698403251646674 11.238177295225162
1.0610952706253454 10.67541002039995 12.74306700233026
8.228904137504694 4.928923537830749 -11.15972227658114
8.498467479710456 5.354277218518931 -13.09528675519297
10.037812142627088 4.7202395409888265 -11.986948254453093
9.258271262104318 3.527979505964461 -13.39081150437364
-9.09263683054396 -12.51494094297102 -3.3588700551132185
-9.162767875876057 -14.312769662533945 -4.23230782141106
-10.780801864625953 -13.137199157948999 -4.23230782141106
-9.780801864625952 -13.462118854181906 -5.933609438115139
7.981712754558067 4.4693797266420905 11.983999946270282
7.979046950047957 2.5567945226362565 11.399183110924138
9.472424739557928 3.768404910483246 10.84979886846756
8.31238028338129 3.015588496126648 13.317097858450158
9.803092268381151 2.314613679967803 12.182896780647436
9.80575807289126 4.227198883973638 12.76771361599358
-8.092636830543954 1.2162051077758815 -13.747298051553999
-8.092636830543956 -0.48509650892819844 -12.695835827315733
-9.71067081929385 0.690473995656748 -12.695835827315733
-8.135980200225749 -0.5447535393305221 -14.694475962764885
-9.754014188975646 -1.0704846514496553 -13.64301373852662
-9.754014188975644 0.6308169652544248 -14.694475962764885
8.698173167270133 5.57481694623694 10.479110239165186
9.050770220462043 6.114456725516084 12.372378373027882
10.541482205461904 5.413481909357238 11.238177295225162
9.825021792749837 4.308044689762389 12.74306700233026
-9.092636830543956 2.5925870282470544 -12.695835827315735
-9.162767875876051 2.615373986192856 -14.694475962764887
-10.780801864625948 2.0896428740737236 -13.643013738526621
-9.780801864625948 0.7132609536025495 -14.694475962764887
-7.491158535825555 2.044068958182124 13.98793963880461
-7.534501905507353 0.2831103110757207 13.040761727593726
-9.152535894257246 1.4586808156606677 13.040761727593726
-7.491158535825555 0.3427673414780441 15.03940186304288
-9.152535894257246 -0.24262080104341233 14.092223951831995
-9.109192524575448 1.518337846062991 15.03940186304288
3.657442102844392 -7.320726944750639 -13.747298051553999
2.0394081140944973 -7.846458056869773 -12.695835827315731
3.6574421028443918 -9.02202856145472 -12.69583582731573
1.9960647444127004 -7.906115087272097 -14.694475962764884
1.9960647444127004 -9.607416703976176 -13.643013738526616
3.6140987331625953 -9.081685591857044 -14.694475962764882
-8.537541621331354 3.3566100383474513 12.900595005651992
-8.52106735422142 3.4985989825552206 14.895480400416803
-10.182444712653112 2.9132108400337646 13.948302489205918
-9.136061627147315 1.6006697598684372 15.03564712235854
5.275476091594286 -7.846458056869771 -12.695835827315728
5.318819461276082 -7.906115087272096 -14.69447596276488
5.318819461276082 -9.607416703976176 -13.643013738526612
3.7007854725261864 -9.081685591857042 -14.69447596276488
4.258920397562792 -6.492863094344392 13.987939638804614
2.597543039131101 -7.078251236865849 13.040761727593727
4.215577027880996 -8.253821741450794 13.040761727593727
2.640886408812896 -7.018594206463526 15.03940186304288
2.5975430391311005 -8.779552853569928 14.092223951831995
4.258920397562791 -8.19416471104847 15.03940186304288
5.830571300806891 -7.082435046769374 12.900595005651994
5.960519982930717 -7.022890090909729 14.895480400416803
5.9171766132489205 -8.783848738016133 13.948302489205918
4.345525710004821 -8.194276785591152 15.035647122358538
-5.318819461276079 -7.320726944750635 -13.747298051554003
-6.936853450025974 -7.846458056869769 -12.695835827315737
-5.318819461276078 -9.022028561454714 -12.695835827315733
-6.98019681970777 -7.9061150872720924 -14.694475962764887
-6.980196819707769 -9.607416703976172 -13.64301373852662
-5.362162830957873 -9.081685591857038 -14.694475962764885
4.258920397562798 15.41489020852312 0.4482034804847137
2.5975430391311054 14.829502066001664 -0.49897443072617104
4.215577027881002 15.355233178120798 -1.550436654964438
2.6408864088129027 16.59046071310807 0.44820348048471326
2.597543039131107 16.530803682705745 -1.5504366549644382
4.258920397562799 17.1161918252272 -0.6032587437535535
-4.70890955000744 -6.48125796976428 14.376736526719936
-6.370286908439132 -7.066646112285737 13.429558615509054
-4.752252919689236 -8.242216616870685 13.429558615509054
-6.326943538757336 -7.006989081883411 15.428198750958204
-6.370286908439132 -8.767947728989816 14.481020839747321
-4.70890955000744 -8.18255958646836 15.428198750958206
5.830571300806895 14.706004195293493 -0.5654010077548635
5.960519982930723 16.463654621495863 0.3799974898560171
5.917176613248928 16.403997591093542 -1.6186426455931344
4.345525710004828 17.11288360432317 -0.605038157353557
-4.7089095500074345 15.757450747361053 0.6324586736279096
-6.370286908439126 15.172062604839596 -0.3147192375829747
-4.75225291968923 15.697793716958728 -1.3661814618212418
-6.326943538757329 16.933021251946 0.6324586736279083
-6.370286908439125 16.873364221543675 -1.3661814618212433
-4.708909550007434 17.458752364065134 -0.4190035506103591
16.44135928940445 0.39088095678172385 0.6324586736279235
16.398015919722653 -1.37007769032468 -0.31471923758296055
16.398015919722656 0.3312239263794008 -1.366181461821228
18.059393278154346 -0.7846895478032225 0.6324586736279246
18.01604990847255 -0.8443465782055457 -1.3661814618212267
18.059393278154346 0.9166120689008581 -0.4190035506103425
-18.016049908472546 0.844346578205541 1.3661814618212387
-18.059393278154342 -0.9166120689008639 0.4190035506103541
-18.059393278154342 0.7846895478032181 -0.6324586736279132
-19.662979477010303 -0.2882564264165031 1.4357043371728284
-19.706322846692103 -0.3479134568188263 -0.562935798276323
-19.662979477010307 1.413045190287578 0.3842421129345613
-1.1228710691071602 -4.00459236623472 0.14388338315344495
-1.1228710691071608 1.919601360841014 -3.5174696961182748
2.1726356257629686 -0.4747244043085237 -3.5174696961182748
-0.9719427938042371 2.127336310255854 3.4421024554957604
-3.6836295773369034 -0.3690199528966156 -3.5865444920565386
2.3235639010658935 -0.266989454893684 3.442102455495762
0.7873453095340511 -3.6173733498523215 -3.586544492056539
-2.44872266796574 -3.617373349852321 -3.5865444920565377
-3.5243451356678195 -0.14978372717094035 3.758345404820791
2.323563901065892 3.1981113444865654 1.3005523870343376
0.7873453095340504 -1.5901643733731672 -4.8394285418195455
-2.4487226679657406 -1.5901643733731656 -4.839428541819543
-0.8306886792158451 -2.7625387315967576 -4.926056340071192
0.9466297512031376 -3.3981371241266465 3.7583454048207905
-2.286398510472654 -3.393953314223123 3.898512126762527
-3.5243451356678195 3.4285516424168048 1.5468125232696481
0.9982761302032421 -1.2998430053339436 4.886968069418813
-2.234752131472549 -1.2956591954304186 5.027134791360549
-0.6129700872041981 -2.4628747978014864 5.113336522609513
0.9466297512031367 4.881259444523868 -1.3586030809444776
-2.2863985104726554 5.004757315232038 -1.292176503915784
4.34982892193899 -2.2923706833510757 1.546812523269648
0.998276130203242 4.952344586837416 1.0229036334165487
-2.2347521314725496 5.075842457545586 1.0893302104452411
-0.612970087204199 5.674938316145941 0.0838914240953832
4.349828921938989 2.4086905157116933 -1.3586030809444773
5.4663430527768835 -0.627939139103516 -1.2921765039157849
-5.971327855842862 -2.156542428093339 1.7665872569092578
4.4014753009390954 2.4797756580252415 1.0229036334165487
5.51798943177699 -0.5568539967899679 1.089330210445242
5.586605239133235 1.1706831859890816 0.08389142409538364
-5.971327855842862 2.5445187709694297 -1.1388283473048673
-7.163491596690021 -0.4617282732513768 -1.0232416736674774
-0.20575194246518275 -6.345478527605576 1.7665872569092598
-5.919681476842755 2.615603913282977 1.2426783670561599
-7.111845217689913 -0.3906431309378293 1.3582650406935464
-7.177726208135702 1.3386640535742171 0.3556901773078238
4.265222944405772 -4.892770725498511 -1.138828347304866
1.7745109594059103 -6.955567245675689 -1.023241673667477
-0.20575194246518602 4.417867945351864 -4.885526696069738
4.316869323405877 -4.821685583184965 1.2426783670561596
1.8261573384060175 -6.884482103362144 1.3582650406935481
3.491184550566227 -6.412753340116675 0.3556901773078245
-5.6676740844632025 -5.048120300035813 -2.0452207841614123
-3.049640095713306 -6.950233332626123 -2.0452207841614127
-4.049640095713306 -5.573851412154948 -4.79798462510376
4.265222944405771 1.1695145483961582 -4.885526696069739
1.7745109594059087 2.195409060787911 -6.678856061306957
0.0003408140396763959 4.701530289345222 4.617778141554769
-5.567237261278971 -4.909880872455478 2.5861003929117197
-2.9492032725290747 -6.811993905045785 2.5861003929117197
-4.805794024378651 -6.614608008663176 1.8690860359732666
-3.830810493995808 -5.2726583046870745 5.292638878048329
4.316869323405878 3.267808667188862 -3.756904031471717
1.8261573384060141 4.293703179580612 -5.5502333967089355
3.491184550566225 3.1860094444436404 -5.576671473498035
-5.667674084463201 0.42828694894320674 -5.429826600266753
-3.049640095713305 1.278937757295246 -7.131128216970833
-4.049640095713306 -1.7987457798800075 -7.131128216970833
4.471315700910631 1.4531768923895154 4.617778141554767
2.0592930417440334 2.587377970192237 6.452954035516334
-5.5672372612789705 4.508843988523094 -3.2349917018566643
-2.949203272529077 5.359494796875134 -4.936293318560745
-4.805794024378652 4.6299040032698136 -5.080404574307783
-3.8308104939958088 7.0918846029515334 -2.3490688942287807
4.471315700910631 3.4803858688686704 3.364894091791764
2.0592930417440325 4.614586946671391 5.200069985753329
3.725333492512243 3.5082878148355934 5.220354149611475
2.1587327043142057 -5.257930424573452 -5.429826600266751
2.1587327043142057 -2.505166583631107 -7.131128216970834
-0.45930128443568985 -4.4072796162214125 -7.131128216970831
-5.427717060045978 0.7585594590411322 5.635020071879099
-2.7395520259639845 1.705737370252016 7.16758612561144
-3.734633662444612 -1.3651766202968676 7.3943806458048265
6.008536381695762 -3.9014478576615907 -3.23499170185667
6.008536381695759 -1.1486840167192418 -4.936293318560748
5.888372397129347 -3.1398627035226476 -5.080404574307788
7.928568609324919 -1.4518044185485173 -2.349068894228787
-5.427717060045982 4.700877071040686 3.1985337932160576
-2.7395520259639876 5.648054982251572 4.731099846948398
-4.587213552596796 4.930754212798425 4.998731102863784
-3.734633662444614 7.224260655066804 2.0858164653947884
-3.8201100627458935 -5.25793042457345 -5.429826600266752
-3.8201100627458953 -2.5051665836311026 -7.131128216970833
-1.2020760739959977 -4.407279616221411 -7.131128216970832
2.3986897287314277 -4.927657914475526 5.635020071879102
2.4688207740635253 -2.0783669706743346 7.167586125611442
-0.14429485116699747 -3.973710456638272 7.3943806458048265
-7.873799125538309 -3.718753858195443 -2.9393866011797867
-7.873799125538306 -0.9659900172530949 -4.6406882178838655
-7.812294804815648 -2.9595594912012295 -4.788667848490941
-9.689286163370339 -1.2199503224736734 -1.973921086348806
6.148056582928754 -3.709414775144002 3.1985337932160607
6.21818762826085 -0.8601238313428088 4.731099846948401
6.106952868911205 -2.839012493994041 4.998731102863786
8.024745440876114 -1.3194283664332505 2.0858164653947924
-3.574536968736007 -4.919928057824071 5.893987064380705
-3.50440592340391 -2.0706371140228783 7.426553118113046
-0.8863719346540133 -3.972750146613187 7.426553118113047
2.3986897287314264 7.2438307874453916 -1.8873736395933651
2.4688207740635244 7.340357890304237 1.3464940308430549
-0.14429485116699858 8.390832451000335 -0.24732712647228627
-1.103607349248586 -8.637586106422088 -2.9393866011797813
1.51442663950131 -7.78693529807005 -4.640688217883861
-0.40057647971495314 -8.344488059983558 -4.7886678484909355
1.8339123840985034 -9.592044125859392 -1.9739210863487988
-7.734278924305318 -3.5267207756778545 3.494138893892937
-7.664147878973221 -0.677429831876663 5.026704947625279
-7.593714333033796 -2.658709281672624 5.290467828680628
-9.593109331819143 -1.087574270358407 2.460964273274766
6.148056582928753 4.519756314777364 -1.8873736395933598
6.21818762826085 4.616283417636207 1.3464940308430602
6.106952868911205 5.740646004006746 -0.30378946076757163
8.024745440876114 2.455677265841686 -0.24732712647228122
-3.574536968736008 7.472001010124506 -1.7646462857893175
-3.5044059234039104 7.568528112983351 1.469221384647103
-0.8863719346540138 8.41917892133539 -0.23208023205697667
-1.1036073492485867 1.2337786381374785 -9.040225528665019
1.51442663950131 -0.6683343944528293 -9.04022552866502
-0.40057647971495347 -0.5513462244456486 -9.605094382002108
1.8339123840985017 2.524163849201366 -9.46214942969889
-0.9640871480155945 -8.445553023904495 3.494138893892937
1.7240778860663997 -7.498375112693611 5.026704947625278
-0.18199600793309634 -8.043637850454944 5.290467828680627
1.9300892156496987 -9.45966807374412 2.460964273274766
-7.734278924305318 4.702450314243512 -1.5917685389164828
-7.664147878973221 4.798977417102356 1.642099131519938
-7.5937143330337955 5.920949216328165 -0.0120527349507311
-9.593109331819145 2.6875313619165304 0.12782068140769348
8.210887920803817 -1.0906113827390613 -1.7646462857893137
8.281018966135912 -0.994084279880217 1.4692213846471067
8.281018966135916 1.7586795610621313 -0.2320802320569731
-0.7125984012899058 1.7719562848502597 8.989894936061564
1.905435587459991 -0.1301567477400487 8.989894936061562
0.016546698571100693 0.022774576756748433 9.629199851903568
2.2387689207933237 3.0814010666926905 9.2065080668835
-0.9640871480155945 6.902218969634087 -5.991305849697637
1.7240778860664001 7.849396880844971 -4.458739795965296
-0.18199600793309545 8.32916248308375 -4.828479268461899
1.9300892156496987 6.4316455335915705 -7.360407661942391
6.862319640761813 -5.902599307499786 -1.5917685389164824
6.932450686093911 -5.806072204640942 1.6420991315199385
7.977744114177645 -5.392377568639265 -0.012052734950730698
5.520428026927315 -8.293096277810587 0.12782068140769443
-9.936877759890443 -0.8517835650528445 -1.378214759314064
-9.866746714558344 -0.7552564621940001 1.8556529111223563
-9.866746714558344 1.9975073787483482 0.15435129441827694
-0.7125984012899058 7.248363533829279 5.605289119956222
1.9054355874599902 8.099014342181317 3.903987503252141
0.016546698571101137 8.602433074757538 4.32667928827221
2.2387689207933237 6.856506698967629 6.873364475016425
6.862319640761816 1.216001596117431 -5.991305849697635
6.9324506860939135 4.065292539918623 -4.458739795965293
7.977744114177648 2.4007642668986384 -4.828479268461896
5.520428026927315 3.8231116972501695 -7.360407661942388
-8.709214614110834 -5.6976751526726375 -1.2601942912903175
-8.639083568778737 -5.601148049813794 1.9736733791461023
-9.742587697157607 -5.159174856545679 0.3652771794853422
-7.358696275666894 -8.123604715873006 0.40206378942900134
2.2605697888159777 -9.713747942302797 -1.378214759314065
2.3307008341480766 -9.617220839443956 1.8556529111223552
4.948734822897972 -8.766570031091913 0.15435129441827547
7.113808387487504 1.5621461603126239 5.605289119956221
7.113808387487503 4.314910001254972 3.9039875032521416
8.176286820681844 2.67403485857243 4.326679288272209
5.82910773207094 4.24797286262623 6.873364475016426
-8.709214614110833 1.420925750944578 -5.6597316020714725
-8.639083568778736 4.27021669474577 -4.127165548339132
-9.742587697157605 2.633966978992224 -4.4511493540258265
-7.358696275666893 3.9926032591877494 -7.086164553921083
-4.204387140366816 -9.62866796154932 -1.2405524586927519
-4.1342560950347185 -9.532140858690479 1.9933152117436685
-3.5389729054970642 -10.57255978131635 0.39232602074458545
-6.799044114006013 -8.611967174986848 0.40450397035408164
2.2605697888159773 3.1114073872896486 -9.304596663999058
2.330700834148075 5.96069833109084 -7.772030610266718
4.948734822897971 4.058585298500533 -7.772030610266718
-8.457725867385141 1.7670703151397695 5.936863367582388
-8.457725867385145 4.519834156082118 4.235561750878309
-9.544044990653408 2.9072375706660143 4.704009202708287
-7.050016570523266 4.417464424563808 7.147607583037735
4.042676018026318 -7.843865105776231 -5.65973160207147
6.730841052108313 -6.896687194565348 -4.1271655483391285
5.515676626686795 -8.451810955827698 -4.451149354025823
6.071153552256475 -5.764753785524061 -7.0861645539210825
-4.204387140366813 3.1964873680431287 -9.166934363377745
-4.134256095034715 6.0457783118443205 -7.634368309645404
-3.5389729054970602 5.079099534131491 -9.28093141653609
-6.79904411400601 4.213188154605603 -7.521877934330911
2.657442102844393 3.657655265053923 8.995894075162502
2.657442102844392 6.4104191059962705 7.2945924584584185
5.275476091594289 4.508306073405963 7.29459245845842
4.294164764752005 -7.497720541581039 5.936863367582389
6.912198753501903 -6.647069733229001 4.235561750878311
5.714219333190989 -8.178540364153909 4.704009202708288
6.379833257400099 -5.339892620148003 7.147607583037738
-5.208271179176748 -7.651615088543972 -6.237930525173435
-8.009910628272635 -6.860621310594255 -4.824678532245739
-6.733142037458781 -8.363688795433319 -5.157319632428465
-7.206392531481377 -5.548080230428928 -7.671383739324085
-5.929623940667521 -7.0511477152679936 -8.004024839506812
4.3392672179373895 -3.010840867843234 -9.166934363377745
7.027432252019384 -2.0636629566323506 -7.634368309645406
5.924113479278504 -1.7962351705964685 -9.280931416536092
6.108000225548019 -5.164328468931274 -7.521877934330912
-3.8075148263383936 3.7427352458074035 9.133556375783812
-3.8075148263383927 6.49549908674975 7.432254759079728
-3.140221943773268 5.627933148618611 9.106187120877113
-6.47230284530969 4.662908929511033 7.544745134394224
-4.923297301269901 -7.25938219518643 6.902723607641134
-7.784541208709271 -6.550426916080156 5.567507644072684
-6.492620665626093 -8.032639527755883 5.933550106294064
-6.860172916283638 -5.071549811558273 8.293420651613216
-5.56825237320046 -6.5537624232340015 8.659463113834597
4.294164764752008 8.663174586671364 -4.051119110300188
6.912198753501904 6.761061554081055 -4.051119110300187
5.714219333190992 7.864948179810928 -5.211412015581544
6.379833257400101 8.781087151106217 -1.5796378700470866
-5.432625486818626 -2.6386047892220947 -9.488461822786515
-8.234264935914515 -1.8476110112723767 -8.075209829858819
-7.042101195067356 -1.4602535307364337 -9.633638460654005
-7.2342649359145135 -4.9252945484476305 -8.075209829858819
-6.042101195067355 -4.537937067911688 -9.633638460654005
4.736139531965801 -2.4645929900789683 9.133556375783817
7.354173520715699 -1.6139421817269293 7.432254759079739
6.32286444100229 -1.2474015561093572 9.106187120877122
6.434741494244333 -4.714607694025852 7.544745134394229
-4.923297301269899 9.42047809924897 -3.405996981919768
-7.784541208709266 7.909170196158401 -3.369014834920569
-6.49262066562609 8.899434158792648 -4.531046932010658
-6.860172916283633 9.685926963187214 -0.8272015833666682
-5.5682523732004565 10.67619092582146 -1.9892336804567574
4.7361395319658115 9.271500665568894 1.8802516014414343
7.354173520715707 7.369387632978586 1.8802516014414343
6.3228644410023 8.702676302185637 2.9567008137430557
6.434741494244342 8.856661855583575 -0.8427607177508734
-0.8306886792158491 -5.982107591138737 -9.488461822786517
0.7873453095340472 -8.402194525679642 -8.075209829858824
0.7873453095340457 -7.148679387072274 -9.63363846065401
-2.448722667965744 -8.40219452567964 -8.075209829858823
-2.4487226679657454 -7.1486793870722725 -9.633638460654007
-5.013128845241615 -2.0612171960571226 9.855277039632076
-7.874372752680985 -1.3522619169508463 8.520061076063628
-6.616328021388036 -0.8742270322625858 9.999522499381971
-6.871333036856983 -4.425761644222577 8.660227798005362
-5.613288305564034 -3.9477267595343166 10.139689221323705
10.480789617359232 -1.7712461522261511 -3.405996981919768
9.927623380447123 -4.95947064089432 -3.369014834920569
10.470194971767873 -3.424772796488432 -4.531046932010658
11.331773970180517 -3.531296117043706 -0.827201583366669
11.874345561501265 -1.9965982726378175 -1.9892336804567583
-5.013128845241616 9.736632112439137 2.563805172831948
-7.874372752680984 8.22532420934857 2.6007873198311473
-6.616328021388037 9.334811034844087 3.6899899814685195
-6.871333036856982 9.72520400052791 -0.08554994408250716
-5.613288305564035 10.83469082602343 1.0036527175548646
-0.4111920376388337 -5.404719997973765 9.85527703963208
1.1472374927675844 -7.90684543135811 8.520061076063628
1.2131184832133721 -6.562652888598426 9.999522499381971
-2.0857907689082076 -7.902661621454586 8.660227798005366
-2.01990977846242 -6.558469078694902 10.139689221323708
-12.291696694894071 -1.4715561901152598 -2.9210884371371804
-11.821511931436142 -4.673248159598733 -2.905897131839982
-12.372492229006305 -3.1241589782235617 -4.044643556570219
-13.078156401411547 -3.2100571004565865 -0.30742593601611845
-13.62913669898171 -1.6609679190814148 -1.4461723607463552
10.809229425474802 -1.7589840645737034 2.5638051728319518
10.256063188562695 -4.947208553241873 2.600787319831151
10.922490662040445 -3.4078866296417036 3.689989981468523
11.372577319400591 -3.5297727504106535 -0.08554994408250205
12.039004792878345 -1.990450826810485 1.00365271755487
-0.41119203763883405 11.231892022048461 -0.426714646386702
1.1472374927675828 11.15662306983139 -3.2618104011344955
1.2131184832133717 11.878752414790965 -1.397892778425236
-2.085790768908209 11.280120940539561 -3.195383824105802
-2.01990977846242 12.002250285499136 -1.3314662013965424
2.3988100647210535 -12.144834108925874 -2.921088437137177
-0.791475028430734 -12.687039055100705 -2.9058971318399758
0.8520586073533942 -12.732357574607748 -4.044643556570213
0.988426860060913 -13.430028063644679 -0.30742593601611357
2.631960495845041 -13.475346583151723 -1.446172360746351
-12.365324490144213 -1.454002821433307 3.0572751901643054
-11.895139726686283 -4.655694790916781 3.0724664954615033
-12.473885341695594 -3.0999861684470473 4.188183392833243
-13.087303467533442 -3.207876377491157 0.4352893281565464
-13.666049082542754 -1.6521677550214242 1.5510062255282855
10.809229425474799 3.0797786469522683 -0.426714646386702
10.256063188562694 4.538673821648216 -3.261810401134495
10.922490662040445 4.8244806066410195 -1.3978927784252355
11.372577319400587 1.5020441668330078 -3.195383824105803
12.03900479287834 1.7878509518258103 -1.3314662013965433
2.398810064721047 2.8186340031123236 -12.169020319952006
-0.7914750284307414 3.074702943113627 -12.64718940864312
0.8520586073533872 2.0764442352324437 -13.196986407712412
0.9884268600609036 5.731121021616458 -12.149667334211458
2.6319604958450324 4.732862313735274 -12.69946433328075
2.438256550379611 -12.209434014147714 3.057275190164307
-0.7520285427721765 -12.751638960322543 3.072466495461508
0.9063805105420792 -12.821318346115607 4.1881833928332455
0.9933274497277546 -13.43805356002855 0.4352893281565495
2.651736503042011 -13.507732945821616 1.5510062255282875
-12.365324490144213 3.384759890092666 0.06675537094565032
-11.895139726686283 4.830187583973308 -2.790131225504143
-12.473885341695595 5.132381067835677 -0.8996993670605178
-13.087303467533442 1.8239405397525017 -2.6745445518667528
-13.666049082542752 2.1261340236148714 -0.784112693423128
2.920000401094641 3.535990959221218 11.863996312854523
-0.2469076769464451 3.8242356001754736 12.463783114308882
1.4201866173564184 2.858405356713871 13.000410130697123
1.5063382874215878 6.443964946641108 11.732152951799485
3.1734325817244518 5.4781347031795065 12.268779968187724
2.4382565503796014 8.194734944938876 -9.55319473874677
-0.752028542772186 8.450803884940177 -10.031363827437882
0.9063805105420689 9.479892984060267 -9.594723199509701
0.9933274497277457 6.399014860156677 -11.824693192675102
2.6517365030420006 7.4281039592767675 -11.388052564746921
7.040193357982387 -10.714174104538385 0.06675537094565831
8.269581702676387 -9.820340099839724 -2.790131225504134
8.735827015143483 -10.27737696616873 -0.8996993670605082
5.778869717676525 -11.8831366200169 -2.6745445518667452
6.245115030143621 -12.340173486345908 -0.78411269342312
2.8391576375579355 8.746527953228359 8.933069920927618
-0.32775044048315083 9.034772594182614 9.532856722381975
1.3088577448084528 10.033855372705746 8.964220415508219
1.4962948778500424 7.091290134810079 11.368032616343541
3.1329030631416463 8.09037291333321 10.799396309469785
7.040193357982386 4.851232143022232 -9.55319473874677
8.269581702676383 1.8962203705329164 -10.031363827437886
8.735827015143482 3.7914671277244274 -9.594723199509701
5.778869717676524 2.922114882924669 -11.824693192675106
6.245115030143621 4.8173616401161805 -11.388052564746923
-8.092636830543958 -11.138559022499843 -2.3074078308749506
-9.092636830543963 -9.76217710202867 -5.060171671817299
-9.710670819293856 -10.61282791038071 -3.3588700551132185
-6.474602841794063 -11.664290134618977 -5.060171671817298
-7.092636830543958 -12.514940942971018 -3.358870055113218
7.441094445160714 5.403025151311716 8.933069920927617
8.693859804965413 2.480189079775348 9.532856722381974
9.138304249409858 4.3454295163699035 8.964220415508217
6.281837145798815 3.6143901575780686 11.36803261634354
6.726281590243259 5.479630594172624 10.799396309469783
-8.092636830543958 2.9175067244799617 -10.994534210611652
-9.092636830543958 -0.16017681269529205 -10.994534210611654
-9.710670819293853 1.741936219895016 -10.994534210611654
-6.474602841794061 0.6904739956567474 -12.695835827315733
-7.092636830543956 2.592587028247055 -12.695835827315733
-7.612591030182825 3.5782330850951416 11.141234431726264
-8.607672666663452 0.5073190945462585 11.36802895191965
-9.22758530310872 2.4068463904137203 11.281401153668
-5.9195076325814595 1.4544970057571422 12.90059500565199
-6.539420269026727 3.3540243016246043 12.81396720740034
5.275476091594289 -6.794995832631504 -10.994534210611649
2.657442102844392 -8.69710886522181 -10.994534210611649
4.657442102844392 -8.69710886522181 -10.994534210611649
2.6574421028443935 -5.944345024279465 -12.695835827315731
4.657442102844392 -5.944345024279465 -12.695835827315731
5.7555218919554205 -6.13426947201632 11.141234431726266
3.1424062667248975 -8.029612957980259 11.36802895191965
5.140527619029526 -8.032198694703103 11.281401153668002
3.2125373120569956 -5.180322014179065 12.900595005651992
5.210658664361623 -5.1829077509019115 12.813967207400344
-6.936853450025976 -6.7949958326315 -10.994534210611654
-4.318819461276078 -8.697108865221807 -10.994534210611652
-6.31881946127608 -8.697108865221807 -10.994534210611654
-4.31881946127608 -5.9443450242794595 -12.695835827315733
-6.318819461276082 -5.94434502427946 -12.695835827315735
-3.7007854725261833 -7.846458056869767 -12.695835827315733
-6.445336317290603 -6.118480537532685 11.670198041583328
-3.827302328540707 -8.020593570122996 11.670198041583328
-5.825423680845335 -8.018007833400148 11.756825839834978
-3.757171283208609 -5.1713026263218005 13.202764095315668
-5.755292635513237 -5.1687168895989535 13.289391893567316
-3.1372586467633408 -7.070829922189263 13.289391893567318
5.755521891955423 12.70835172338651 -0.5041459041718634
3.142406266724901 13.75882628408261 -2.0979670614872052
5.1405276190295295 13.682500402446722 -2.13902094384725
3.212537312056999 13.855353386941454 1.1359006089492154
5.2106586643616275 13.779027505305566 1.0948467265891706
-6.4453363172906 13.174410132932609 -0.2534641339999725
-3.827302328540703 14.025060941284648 -1.9547657507040523
-5.825423680845331 14.101386822920539 -1.9137118683440075
-3.7571712832086064 14.121588044143495 1.2791019197323685
-5.755292635513234 14.197913925779385 1.3201558020924131
-3.1372586467633368 15.048564734131423 -0.3811458146116668
14.521327061775294 -2.058762482331351 -0.2534641339999608
14.521327061775294 0.6940013586109972 -1.954765750704041
15.21137074355266 -1.1827389793106633 -1.9137118683439955
14.591458107107393 0.7905284614698413 1.27910191973238
15.281501788884759 -1.0862118764518187 1.3201558020924256
15.281501788884759 1.6665519644905298 -0.3811458146116541
-16.200562870640518 -1.6544569575162291 0.4007159469902562
-16.20056287064052 1.0983068834261205 -1.3005856697138236
-16.937360582639286 -0.7596559684812477 -1.2291491767593758
-16.13043182530842 1.1948339862849648 1.9332820007225968
-16.867229537307185 -0.6631288656224033 2.004718493677045
-16.867229537307185 2.089634975319946 0.303416876972965
3.4327671750920414 -15.918906202106365 0.4007159469902481
6.050801163841936 -15.068255393754322 -1.3005856697138314
4.511456500925306 -16.34313375509883 -1.229149176759385
6.120932209174035 -14.97172829089548 1.9332820007225888
4.581587546257404 -16.246606652239986 2.0047184936770357
7.199621535007299 -15.395955843887943 0.30341687697295616
4.708909550007439 -17.458752364065127 0.4190035506103439
6.326943538757334 -16.93302125194599 -0.6324586736279233
6.37028690843913 -16.873364221543667 1.366181461821228
3.4327671750920343 7.477562517925931 -14.059096938713456
6.05080116384193 5.575449485335622 -14.059096938713454
4.511456500925298 6.209487162865725 -15.16743543945333
6.120932209174028 8.424740429136815 -12.526530884981113
4.581587546257396 9.058778106666917 -13.634869385720991
7.199621535007291 7.156665074076609 -13.63486938572099
4.708909550007431 8.182559586468361 -15.42819875095821
6.326943538757326 7.006989081883413 -15.42819875095821
6.370286908439123 8.767947728989817 -14.481020839747327
4.028829497624544 8.297971922133746 13.426400607704673
6.646863486374444 6.3958588895434385 13.426400607704677
5.156151501374581 7.096833705702285 14.560601685507397
6.646863486374441 9.148622730485783 11.725098991000593
5.156151501374579 9.84959754664463 12.85930006880331
7.774185490124477 7.947484514054324 12.859300068803314
5.362162830957877 9.081685591857045 14.694475962764878
6.980196819707775 7.9061150872720996 14.69447596276488
6.980196819707773 9.607416703976178 13.64301373852661
3 0 1 2
3 3 1 4
3 5 2 4
3 5 0 3
3 4 1 2
3 3 1 0
3 5 2 0
3 5 4 3
3 6 1 2
3 7 1 4
3 8 2 4
3 8 6 7
3 4 1 2
3 7 1 6
3 8 2 6
3 8 4 7
3 9 1 0
3 10 1 3
3 11 0 3
3 11 9 10
3 3 1 0
3 10 1 9
3 11 0 9
3 11 3 10
3 12 1 6
3 13 1 7
3 14 6 7
3 14 12 13
3 7 1 6
3 13 1 12
3 14 6 12
3 14 7 13
3 15 2 0
3 16 2 5
3 17 0 5
3 17 15 16
3 5 2 0
3 16 2 15
3 17 0 15
3 17 5 16
3 18 1 9
3 19 1 10
3 20 9 10
3 20 18 19
3 10 1 9
3 19 1 18
3 20 9 18
3 20 10 19
3 21 2 6
3 22 2 8
3 23 6 8
3 23 21 22
3 8 2 6
3 22 2 21
3 23 6 21
3 23 8 22
3 24 4 3
3 25 4 5
3 26 3 5
3 26 24 25
3 5 4 3
3 25 4 24
3 26 3 24
3 26 5 25
3 27 2 15
3 28 2 16
3 29 15 16
3 29 27 28
3 16 2 15
3 28 2 27
3 29 15 27
3 29 16 28
3 30 0 9
3 31 0 11
3 32 9 11
3 32 30 31
3 11 0 9
3 31 0 30
3 32 9 30
3 32 11 31
3 33 4 7
3 34 4 8
3 35 7 8
3 35 33 34
3 8 4 7
3 34 4 33
3 35 7 33
3 35 8 34
3 36 0 15
3 37 0 17
3 38 15 17
3 38 36 37
3 17 0 15
3 37 0 36
3 38 15 36
3 38 17 37
3 39 4 24
3 40 4 25
3 41 24 25
3 41 39 40
3 25 4 24
3 40 4 39
3 41 24 39
3 41 25 40
3 42 43 44
3 45 43 46
3 47 44 46
3 47 42 45
3 46 43 44
3 45 43 42
3 47 44 42
3 47 46 45
3 48 3 10
3 49 3 11
3 50 10 11
3 50 48 49
3 11 3 10
3 49 3 48
3 50 10 48
3 50 11 49
3 42 43 51
3 52 43 53
3 54 51 53
3 54 42 52
3 53 43 51
3 52 43 42
3 54 51 42
3 54 53 52
3 55 3 24
3 56 3 26
3 57 24 26
3 57 55 56
3 26 3 24
3 56 3 55
3 57 24 55
3 57 26 56
3 58 59 44
3 60 59 61
3 62 44 61
3 62 58 60
3 61 59 44
3 60 59 58
3 62 44 58
3 62 61 60
3 63 64 65
3 66 64 67
3 68 65 67
3 68 63 66
3 67 64 65
3 66 64 63
3 68 65 63
3 68 67 66
3 69 5 16
3 70 5 17
3 71 16 17
3 71 69 70
3 17 5 16
3 70 5 69
3 71 16 69
3 71 17 70
3 58 59 72
3 73 59 74
3 75 72 74
3 75 58 73
3 74 59 72
3 73 59 58
3 75 72 58
3 75 74 73
3 63 64 76
3 77 64 78
3 79 76 78
3 79 63 77
3 78 64 76
3 77 64 63
3 79 76 63
3 79 78 77
3 80 5 25
3 81 5 26
3 82 25 26
3 82 80 81
3 26 5 25
3 81 5 80
3 82 25 80
3 82 26 81
3 83 84 51
3 85 84 86
3 87 51 86
3 87 83 85
3 86 84 51
3 85 84 83
3 87 51 83
3 87 86 85
3 88 89 65
3 90 89 91
3 92 65 91
3 92 88 90
3 91 89 65
3 90 89 88
3 92 65 88
3 92 91 90
3 93 94 95
3 96 94 97
3 98 95 97
3 98 93 96
3 97 94 95
3 96 94 93
3 98 95 93
3 98 97 96
3 58 44 42
3 99 44 100
3 101 42 100
3 101 58 99
3 100 44 42
3 99 44 58
3 101 42 58
3 101 100 99
3 83 84 72
3 102 84 103
3 104 72 103
3 104 83 102
3 103 84 72
3 102 84 83
3 104 72 83
3 104 103 102
3 88 89 105
3 106 89 107
3 108 105 107
3 108 88 106
3 107 89 105
3 106 89 88
3 108 105 88
3 108 107 106
3 93 94 109
3 110 94 111
3 112 109 111
3 112 93 110
3 111 94 109
3 110 94 93
3 112 109 93
3 112 111 110
3 113 114 76
3 115 114 116
3 117 76 116
3 117 113 115
3 116 114 76
3 115 114 113
3 117 76 113
3 117 116 115
3 118 119 95
3 120 119 121
3 122 95 121
3 122 118 120
3 121 119 95
3 120 119 118
3 122 95 118
3 122 121 120
3 123 124 125
3 126 124 127
3 128 125 127
3 128 123 126
3 127 124 125
3 126 124 123
3 128 125 123
3 128 127 126
3 83 51 42
3 129 51 130
3 131 42 130
3 131 83 129
3 130 51 42
3 129 51 83
3 131 42 83
3 131 130 129
3 88 65 63
3 132 65 133
3 134 63 133
3 134 88 132
3 133 65 63
3 132 65 88
3 134 63 88
3 134 133 132
3 113 114 105
3 135 114 136
3 137 105 136
3 137 113 135
3 136 114 105
3 135 114 113
3 137 105 113
3 137 136 135
3 118 119 138
3 139 119 140
3 141 138 140
3 141 118 139
3 140 119 138
3 139 119 118
3 141 138 118
3 141 140 139
3 123 124 142
3 143 124 144
3 145 142 144
3 145 123 143
3 144 124 142
3 143 124 123
3 145 142 123
3 145 144 143
3 146 147 109
3 148 147 149
3 150 109 149
3 150 146 148
3 149 147 109
3 148 147 146
3 150 109 146
3 150 149 148
3 151 152 125
3 153 152 154
3 155 125 154
3 155 151 153
3 154 152 125
3 153 152 151
3 155 125 151
3 155 154 153
3 156 157 158
3 159 157 160
3 161 158 160
3 161 156 159
3 160 157 158
3 159 157 156
3 161 158 156
3 161 160 159
3 83 72 58
3 162 72 163
3 164 58 163
3 164 83 162
3 163 72 58
3 162 72 83
3 164 58 83
3 164 163 162
3 113 76 63
3 165 76 166
3 167 63 166
3 167 113 165
3 166 76 63
3 165 76 113
3 167 63 113
3 167 166 165
3 118 95 93
3 168 95 169
3 170 93 169
3 170 118 168
3 169 95 93
3 168 95 118
3 170 93 118
3 170 169 168
3 146 147 138
3 171 147 172
3 173 138 172
3 173 146 171
3 172 147 138
3 171 147 146
3 173 138 146
3 173 172 171
3 151 152 174
3 175 152 176
3 177 174 176
3 177 151 175
3 176 152 174
3 175 152 151
3 177 174 151
3 177 176 175
3 156 157 178
3 179 157 180
3 181 178 180
3 181 156 179
3 180 157 178
3 179 157 156
3 181 178 156
3 181 180 179
3 182 183 142
3 184 183 185
3 186 142 185
3 186 182 184
3 185 183 142
3 184 183 182
3 186 142 182
3 186 185 184
3 187 188 158
3 189 188 190
3 191 158 190
3 191 187 189
3 190 188 158
3 189 188 187
3 191 158 187
3 191 190 189
3 192 193 194
3 195 193 196
3 197 194 196
3 197 192 195
3 196 193 194
3 195 193 192
3 197 194 192
3 197 196 195
3 83 42 58
3 198 42 199
3 200 58 199
3 200 83 198
3 199 42 58
3 198 42 83
3 200 58 83
3 200 199 198
3 113 105 88
3 201 105 202
3 203 88 202
3 203 113 201
3 202 105 88
3 201 105 113
3 203 88 113
3 203 202 201
3 146 109 93
3 204 109 205
3 206 93 205
3 206 146 204
3 205 109 93
3 204 109 146
3 206 93 146
3 206 205 204
3 151 125 123
3 207 125 208
3 209 123 208
3 209 151 207
3 208 125 123
3 207 125 151
3 209 123 151
3 209 208 207
3 182 183 174
3 210 183 211
3 212 174 211
3 212 182 210
3 211 183 174
3 210 183 182
3 212 174 182
3 212 211 210
3 187 188 213
3 214 188 215
3 216 213 215
3 216 187 214
3 215 188 213
3 214 188 187
3 216 213 187
3 216 215 214
3 192 193 217
3 218 193 219
3 220 217 219
3 220 192 218
3 219 193 217
3 218 193 192
3 220 217 192
3 220 219 218
3 221 222 178
3 223 222 224
3 225 178 224
3 225 221 223
3 224 222 178
3 223 222 221
3 225 178 221
3 225 224 223
3 226 227 194
3 228 227 229
3 230 194 229
3 230 226 228
3 229 227 194
3 228 227 226
3 230 194 226
3 230 229 228
3 231 232 233
3 234 232 235
3 236 233 235
3 236 231 234
3 235 232 233
3 234 232 231
3 236 233 231
3 236 235 234
3 113 63 88
3 237 63 238
3 239 88 238
3 239 113 237
3 238 63 88
3 237 63 113
3 239 88 113
3 239 238 237
3 146 138 118
3 240 138 241
3 242 118 241
3 242 146 240
3 241 138 118
3 240 138 146
3 242 118 146
3 242 241 240
3 182 142 123
3 243 142 244
3 245 123 244
3 245 182 243
3 244 142 123
3 243 142 182
3 245 123 182
3 245 244 243
3 187 158 156
3 246 158 247
3 248 156 247
3 248 187 246
3 247 158 156
3 246 158 187
3 248 156 187
3 248 247 246
3 221 222 213
3 249 222 250
3 251 213 250
3 251 221 249
3 250 222 213
3 249 222 221
3 251 213 221
3 251 250 249
3 226 227 252
3 253 227 254
3 255 252 254
3 255 226 253
3 254 227 252
3 253 227 226
3 255 252 226
3 255 254 253
3 231 232 256
3 257 232 258
3 259 256 258
3 259 231 257
3 258 232 256
3 257 232 231
3 259 256 231
3 259 258 257
3 260 261 217
3 262 261 263
3 264 217 263
3 264 260 262
3 263 261 217
3 262 261 260
3 264 217 260
3 264 263 262
3 265 100 99
3 266 100 101
3 267 99 101
3 267 265 266
3 101 100 99
3 266 100 265
3 267 99 265
3 267 101 266
3 268 269 233
3 270 269 271
3 272 233 271
3 272 268 270
3 271 269 233
3 270 269 268
3 272 233 268
3 272 271 270
3 273 274 275
3 276 274 277
3 278 275 277
3 278 273 276
3 277 274 275
3 276 274 273
3 278 275 273
3 278 277 276
3 146 93 118
3 279 93 280
3 281 118 280
3 281 146 279
3 280 93 118
3 279 93 146
3 281 118 146
3 281 280 279
3 182 174 151
3 282 174 283
3 284 151 283
3 284 182 282
3 283 174 151
3 282 174 182
3 284 151 182
3 284 283 282
3 221 178 156
3 285 178 286
3 287 156 286
3 287 221 285
3 286 178 156
3 285 178 221
3 287 156 221
3 287 286 285
3 226 194 192
3 288 194 289
3 290 192 289
3 290 226 288
3 289 194 192
3 288 194 226
3 290 192 226
3 290 289 288
3 260 261 252
3 291 261 292
3 293 252 292
3 293 260 291
3 292 261 252
3 291 261 260
3 293 252 260
3 293 292 291
3 294 295 296
3 297 295 298
3 299 296 298
3 299 294 297
3 298 295 296
3 297 295 294
3 299 296 294
3 299 298 297
3 268 269 300
3 301 269 302
3 303 300 302
3 303 268 301
3 302 269 300
3 301 269 268
3 303 300 268
3 303 302 301
3 273 274 304
3 305 274 306
3 307 304 306
3 307 273 305
3 306 274 304
3 305 274 273
3 307 304 273
3 307 306 305
3 308 133 132
3 309 133 134
3 310 132 134
3 310 308 309
3 134 133 132
3 309 133 308
3 310 132 308
3 310 134 309
3 311 312 256
3 313 312 314
3 315 256 314
3 315 311 313
3 314 312 256
3 313 312 311
3 315 256 311
3 315 314 313
3 316 130 129
3 317 130 131
3 318 129 131
3 318 316 317
3 131 130 129
3 317 130 316
3 318 129 316
3 318 131 317
3 319 320 275
3 321 320 322
3 323 275 322
3 323 319 321
3 322 320 275
3 321 320 319
3 323 275 319
3 323 322 321
3 182 123 151
3 324 123 325
3 326 151 325
3 326 182 324
3 325 123 151
3 324 123 182
3 326 151 182
3 326 325 324
3 221 213 187
3 327 213 328
3 329 187 328
3 329 221 327
3 328 213 187
3 327 213 221
3 329 187 221
3 329 328 327
3 260 217 192
3 330 217 331
3 332 192 331
3 332 260 330
3 331 217 192
3 330 217 260
3 332 192 260
3 332 331 330
3 294 333 334
3 335 333 336
3 337 334 336
3 337 294 335
3 336 333 334
3 335 333 294
3 337 334 294
3 337 336 335
3 268 233 231
3 338 233 339
3 340 231 339
3 340 268 338
3 339 233 231
3 338 233 268
3 340 231 268
3 340 339 338
3 341 342 296
3 343 342 344
3 345 296 344
3 345 341 343
3 344 342 296
3 343 342 341
3 345 296 341
3 345 344 343
3 311 312 300
3 346 312 347
3 348 300 347
3 348 311 346
3 347 312 300
3 346 312 311
3 348 300 311
3 348 347 346
3 349 350 351
3 352 350 353
3 354 351 353
3 354 349 352
3 353 350 351
3 352 350 349
3 354 351 349
3 354 353 352
3 319 320 355
3 356 320 357
3 358 355 357
3 358 319 356
3 357 320 355
3 356 320 319
3 358 355 319
3 358 357 356
3 359 169 168
3 360 169 170
3 361 168 170
3 361 359 360
3 170 169 168
3 360 169 359
3 361 168 359
3 361 170 360
3 362 363 304
3 364 363 365
3 366 304 365
3 366 362 364
3 365 363 304
3 364 363 362
3 366 304 362
3 366 365 364
3 367 163 162
3 368 163 164
3 369 162 164
3 369 367 368
3 164 163 162
3 368 163 367
3 369 162 367
3 369 164 368
3 370 166 165
3 371 166 167
3 372 165 167
3 372 370 371
3 167 166 165
3 371 166 370
3 372 165 370
3 372 167 371
3 221 156 187
3 373 156 374
3 375 187 374
3 375 221 373
3 374 156 187
3 373 156 221
3 375 187 221
3 375 374 373
3 260 252 226
3 376 252 377
3 378 226 377
3 378 260 376
3 377 252 226
3 376 252 260
3 378 226 260
3 378 377 376
3 341 379 334
3 380 379 381
3 382 334 381
3 382 341 380
3 381 379 334
3 380 379 341
3 382 334 341
3 382 381 380
3 311 256 231
3 383 256 384
3 385 231 384
3 385 311 383
3 384 256 231
3 383 256 311
3 385 231 311
3 385 384 383
3 349 386 387
3 388 386 389
3 390 387 389
3 390 349 388
3 389 386 387
3 388 386 349
3 390 387 349
3 390 389 388
3 319 275 273
3 391 275 392
3 393 273 392
3 393 319 391
3 392 275 273
3 391 275 319
3 393 273 319
3 393 392 391
3 394 395 351
3 396 395 397
3 398 351 397
3 398 394 396
3 397 395 351
3 396 395 394
3 398 351 394
3 398 397 396
3 362 363 355
3 399 363 400
3 401 355 400
3 401 362 399
3 400 363 355
3 399 363 362
3 401 355 362
3 401 400 399
3 402 403 404
3 405 403 406
3 407 404 406
3 407 402 405
3 406 403 404
3 405 403 402
3 407 404 402
3 407 406 405
3 408 409 410
3 411 409 412
3 413 410 412
3 413 408 411
3 412 409 410
3 411 409 408
3 413 410 408
3 413 412 411
3 414 208 207
3 415 208 209
3 416 207 209
3 416 414 415
3 209 208 207
3 415 208 414
3 416 207 414
3 416 209 415
3 417 205 204
3 418 205 206
3 419 204 206
3 419 417 418
3 206 205 204
3 418 205 417
3 419 204 417
3 419 206 418
3 420 199 198
3 421 199 200
3 422 198 200
3 422 420 421
3 200 199 198
3 421 199 420
3 422 198 420
3 422 200 421
3 423 202 201
3 424 202 203
3 425 201 203
3 425 423 424
3 203 202 201
3 424 202 423
3 425 201 423
3 425 203 424
3 260 192 226
3 426 192 427
3 428 226 427
3 428 260 426
3 427 192 226
3 426 192 260
3 428 226 260
3 428 427 426
3 341 296 294
3 429 296 430
3 431 294 430
3 431 341 429
3 430 296 294
3 429 296 341
3 431 294 341
3 431 430 429
3 311 300 268
3 432 300 433
3 434 268 433
3 434 311 432
3 433 300 268
3 432 300 311
3 434 268 311
3 434 433 432
3 394 435 387
3 436 435 437
3 438 387 437
3 438 394 436
3 437 435 387
3 436 435 394
3 438 387 394
3 438 437 436
3 362 304 273
3 439 304 440
3 441 273 440
3 441 362 439
3 440 304 273
3 439 304 362
3 441 273 362
3 441 440 439
3 402 442 443
3 444 442 445
3 446 443 445
3 446 402 444
3 445 442 443
3 444 442 402
3 446 443 402
3 446 445 444
3 408 447 448
3 449 447 450
3 451 448 450
3 451 408 449
3 450 447 448
3 449 447 408
3 451 448 408
3 451 450 449
3 452 453 404
3 454 453 455
3 456 404 455
3 456 452 454
3 455 453 404
3 454 453 452
3 456 404 452
3 456 455 454
3 457 458 410
3 459 458 460
3 461 410 460
3 461 457 459
3 460 458 410
3 459 458 457
3 461 410 457
3 461 460 459
3 462 463 464
3 465 463 466
3 467 464 466
3 467 462 465
3 466 463 464
3 465 463 462
3 467 464 462
3 467 466 465
3 468 469 470
3 471 469 472
3 473 470 472
3 473 468 471
3 472 469 470
3 471 469 468
3 473 470 468
3 473 472 471
3 474 247 246
3 475 247 248
3 476 246 248
3 476 474 475
3 248 247 246
3 475 247 474
3 476 246 474
3 476 248 475
3 477 244 243
3 478 244 245
3 479 243 245
3 479 477 478
3 245 244 243
3 478 244 477
3 479 243 477
3 479 245 478
3 480 238 237
3 481 238 239
3 482 237 239
3 482 480 481
3 239 238 237
3 481 238 480
3 482 237 480
3 482 239 481
3 483 241 240
3 484 241 242
3 485 240 242
3 485 483 484
3 242 241 240
3 484 241 483
3 485 240 483
3 485 242 484
3 341 334 294
3 486 334 487
3 488 294 487
3 488 341 486
3 487 334 294
3 486 334 341
3 488 294 341
3 488 487 486
3 311 231 268
3 489 231 490
3 491 268 490
3 491 311 489
3 490 231 268
3 489 231 311
3 491 268 311
3 491 490 489
3 394 351 349
3 492 351 493
3 494 349 493
3 494 394 492
3 493 351 349
3 492 351 394
3 494 349 394
3 494 493 492
3 362 355 319
3 495 355 496
3 497 319 496
3 497 362 495
3 496 355 319
3 495 355 362
3 497 319 362
3 497 496 495
3 452 498 443
3 499 498 500
3 501 443 500
3 501 452 499
3 500 498 443
3 499 498 452
3 501 443 452
3 501 500 499
3 457 502 448
3 503 502 504
3 505 448 504
3 505 457 503
3 504 502 448
3 503 502 457
3 505 448 457
3 505 504 503
3 462 506 507
3 508 506 509
3 510 507 509
3 510 462 508
3 509 506 507
3 508 506 462
3 510 507 462
3 510 509 508
3 468 511 512
3 513 511 514
3 515 512 514
3 515 468 513
3 514 511 512
3 513 511 468
3 515 512 468
3 515 514 513
3 516 517 464
3 518 517 519
3 520 464 519
3 520 516 518
3 519 517 464
3 518 517 516
3 520 464 516
3 520 519 518
3 521 522 470
3 523 522 524
3 525 470 524
3 525 521 523
3 524 522 470
3 523 522 521
3 525 470 521
3 525 524 523
3 526 527 528
3 529 527 530
3 531 528 530
3 531 526 529
3 530 527 528
3 529 527 526
3 531 528 526
3 531 530 529
3 532 533 534
3 535 533 536
3 537 534 536
3 537 532 535
3 536 533 534
3 535 533 532
3 537 534 532
3 537 536 535
3 538 289 288
3 539 289 290
3 540 288 290
3 540 538 539
3 290 289 288
3 539 289 538
3 540 288 538
3 540 290 539
3 541 286 285
3 542 286 287
3 543 285 287
3 543 541 542
3 287 286 285
3 542 286 541
3 543 285 541
3 543 287 542
3 544 283 282
3 545 283 284
3 546 282 284
3 546 544 545
3 284 283 282
3 545 283 544
3 546 282 544
3 546 284 545
3 547 280 279
3 548 280 281
3 549 279 281
3 549 547 548
3 281 280 279
3 548 280 547
3 549 279 547
3 549 281 548
3 394 387 349
3 550 387 551
3 552 349 551
3 552 394 550
3 551 387 349
3 550 387 394
3 552 349 394
3 552 551 550
3 362 273 319
3 553 273 554
3 555 319 554
3 555 362 553
3 554 273 319
3 553 273 362
3 555 319 362
3 555 554 553
3 452 404 402
3 556 404 557
3 558 402 557
3 558 452 556
3 557 404 402
3 556 404 452
3 558 402 452
3 558 557 556
3 457 410 408
3 559 410 560
3 561 408 560
3 561 457 559
3 560 410 408
3 559 410 457
3 561 408 457
3 561 560 559
3 516 562 507
3 563 562 564
3 565 507 564
3 565 516 563
3 564 562 507
3 563 562 516
3 565 507 516
3 565 564 563
3 521 566 512
3 567 566 568
3 569 512 568
3 569 521 567
3 568 566 512
3 567 566 521
3 569 512 521
3 569 568 567
3 570 571 572
3 573 571 574
3 575 572 574
3 575 570 573
3 574 571 572
3 573 571 570
3 575 572 570
3 575 574 573
3 526 576 577
3 578 576 579
3 580 577 579
3 580 526 578
3 579 576 577
3 578 576 526
3 580 577 526
3 580 579 578
3 532 581 582
3 583 581 584
3 585 582 584
3 585 532 583
3 584 581 582
3 583 581 532
3 585 582 532
3 585 584 583
3 586 587 588
3 589 587 590
3 591 588 590
3 591 586 589
3 590 587 588
3 589 587 586
3 591 588 586
3 591 590 589
3 592 593 528
3 594 593 595
3 596 528 595
3 596 592 594
3 595 593 528
3 594 593 592
3 596 528 592
3 596 595 594
3 597 598 534
3 599 598 600
3 601 534 600
3 601 597 599
3 600 598 534
3 599 598 597
3 601 534 597
3 601 600 599
3 602 603 604
3 605 603 606
3 607 604 606
3 607 602 605
3 606 603 604
3 605 603 602
3 607 604 602
3 607 606 605
3 608 339 338
3 609 339 340
3 610 338 340
3 610 608 609
3 340 339 338
3 609 339 608
3 610 338 608
3 610 340 609
3 611 331 330
3 612 331 332
3 613 330 332
3 613 611 612
3 332 331 330
3 612 331 611
3 613 330 611
3 613 332 612
3 614 328 327
3 615 328 329
3 616 327 329
3 616 614 615
3 329 328 327
3 615 328 614
3 616 327 614
3 616 329 615
3 617 325 324
3 618 325 326
3 619 324 326
3 619 617 618
3 326 325 324
3 618 325 617
3 619 324 617
3 619 326 618
3 452 443 402
3 620 443 621
3 622 402 621
3 622 452 620
3 621 443 402
3 620 443 452
3 622 402 452
3 622 621 620
3 457 448 408
3 623 448 624
3 625 408 624
3 625 457 623
3 624 448 408
3 623 448 457
3 625 408 457
3 625 624 623
3 516 464 462
3 626 464 627
3 628 462 627
3 628 516 626
3 627 464 462
3 626 464 516
3 628 462 516
3 628 627 626
3 521 470 468
3 629 470 630
3 631 468 630
3 631 521 629
3 630 470 468
3 629 470 521
3 631 468 521
3 631 630 629
3 586 632 572
3 633 632 634
3 635 572 634
3 635 586 633
3 634 632 572
3 633 632 586
3 635 572 586
3 635 634 633
3 592 636 577
3 637 636 638
3 639 577 638
3 639 592 637
3 638 636 577
3 637 636 592
3 639 577 592
3 639 638 637
3 597 640 582
3 641 640 642
3 643 582 642
3 643 597 641
3 642 640 582
3 641 640 597
3 643 582 597
3 643 642 641
3 644 645 646
3 647 645 648
3 649 646 648
3 649 644 647
3 648 645 646
3 647 645 644
3 649 646 644
3 649 648 647
3 602 650 651
3 652 650 653
3 654 651 653
3 654 602 652
3 653 650 651
3 652 650 602
3 654 651 602
3 654 653 652
3 655 656 657
3 658 656 659
3 660 657 659
3 660 655 658
3 659 656 657
3 658 656 655
3 660 657 655
3 660 659 658
3 661 662 663
3 664 662 665
3 666 663 665
3 666 661 664
3 665 662 663
3 664 662 661
3 666 663 661
3 666 665 664
3 667 668 604
3 669 668 670
3 671 604 670
3 671 667 669
3 670 668 604
3 669 668 667
3 671 604 667
3 671 670 669
3 672 673 674
3 675 673 676
3 677 674 676
3 677 672 675
3 676 673 674
3 675 673 672
3 677 674 672
3 677 676 675
3 678 392 391
3 679 392 393
3 680 391 393
3 680 678 679
3 393 392 391
3 679 392 678
3 680 391 678
3 680 393 679
3 681 384 383
3 682 384 385
3 683 383 385
3 683 681 682
3 385 384 383
3 682 384 681
3 683 383 681
3 683 385 682
3 684 377 376
3 685 377 378
3 686 376 378
3 686 684 685
3 378 377 376
3 685 377 684
3 686 376 684
3 686 378 685
3 687 374 373
3 688 374 375
3 689 373 375
3 689 687 688
3 375 374 373
3 688 374 687
3 689 373 687
3 689 375 688
3 516 507 462
3 690 507 691
3 692 462 691
3 692 516 690
3 691 507 462
3 690 507 516
3 692 462 516
3 692 691 690
3 521 512 468
3 693 512 694
3 695 468 694
3 695 521 693
3 694 512 468
3 693 512 521
3 695 468 521
3 695 694 693
3 586 588 570
3 696 588 697
3 698 570 697
3 698 586 696
3 697 588 570
3 696 588 586
3 698 570 586
3 698 697 696
3 592 528 526
3 699 528 700
3 701 526 700
3 701 592 699
3 700 528 526
3 699 528 592
3 701 526 592
3 701 700 699
3 597 534 532
3 702 534 703
3 704 532 703
3 704 597 702
3 703 534 532
3 702 534 597
3 704 532 597
3 704 703 702
3 655 705 706
3 707 705 708
3 709 706 708
3 709 655 707
3 708 705 706
3 707 705 655
3 709 706 655
3 709 708 707
3 661 710 646
3 711 710 712
3 713 646 712
3 713 661 711
3 712 710 646
3 711 710 661
3 713 646 661
3 713 712 711
3 667 714 651
3 715 714 716
3 717 651 716
3 717 667 715
3 716 714 651
3 715 714 667
3 717 651 667
3 717 716 715
3 718 719 720
3 721 719 722
3 723 720 722
3 723 718 721
3 722 719 720
3 721 719 718
3 723 720 718
3 723 722 721
3 672 724 725
3 726 724 727
3 728 725 727
3 728 672 726
3 727 724 725
3 726 724 672
3 728 725 672
3 728 727 726
3 729 730 731
3 732 730 733
3 734 731 733
3 734 729 732
3 733 730 731
3 732 730 729
3 734 731 729
3 734 733 732
3 735 736 737
3 738 736 739
3 740 737 739
3 740 735 738
3 739 736 737
3 738 736 735
3 740 737 735
3 740 739 738
3 741 742 674
3 743 742 744
3 745 674 744
3 745 741 743
3 744 742 674
3 743 742 741
3 745 674 741
3 745 744 743
3 746 747 748
3 749 747 750
3 751 748 750
3 751 746 749
3 750 747 748
3 749 747 746
3 751 748 746
3 751 750 749
3 752 440 439
3 753 440 441
3 754 439 441
3 754 752 753
3 441 440 439
3 753 440 752
3 754 439 752
3 754 441 753
3 755 433 432
3 756 433 434
3 757 432 434
3 757 755 756
3 434 433 432
3 756 433 755
3 757 432 755
3 757 434 756
3 758 430 429
3 759 430 431
3 760 429 431
3 760 758 759
3 431 430 429
3 759 430 758
3 760 429 758
3 760 431 759
3 761 427 426
3 762 427 428
3 763 426 428
3 763 761 762
3 428 427 426
3 762 427 761
3 763 426 761
3 763 428 762
3 586 572 570
3 764 572 765
3 766 570 765
3 766 586 764
3 765 572 570
3 764 572 586
3 766 570 586
3 766 765 764
3 592 577 526
3 767 577 768
3 769 526 768
3 769 592 767
3 768 577 526
3 767 577 592
3 769 526 592
3 769 768 767
3 597 582 532
3 770 582 771
3 772 532 771
3 772 597 770
3 771 582 532
3 770 582 597
3 772 532 597
3 772 771 770
3 655 657 773
3 774 657 775
3 776 773 775
3 776 655 774
3 775 657 773
3 774 657 655
3 776 773 655
3 776 775 774
3 661 663 644
3 777 663 778
3 779 644 778
3 779 661 777
3 778 663 644
3 777 663 661
3 779 644 661
3 779 778 777
3 667 604 602
3 780 604 781
3 782 602 781
3 782 667 780
3 781 604 602
3 780 604 667
3 782 602 667
3 782 781 780
3 729 783 784
3 785 783 786
3 787 784 786
3 787 729 785
3 786 783 784
3 785 783 729
3 787 784 729
3 787 786 785
3 735 788 720
3 789 788 790
3 791 720 790
3 791 735 789
3 790 788 720
3 789 788 735
3 791 720 735
3 791 790 789
3 741 792 725
3 793 792 794
3 795 725 794
3 795 741 793
3 794 792 725
3 793 792 741
3 795 725 741
3 795 794 793
3 796 797 798
3 799 797 800
3 801 798 800
3 801 796 799
3 800 797 798
3 799 797 796
3 801 798 796
3 801 800 799
3 746 802 803
3 804 802 805
3 806 803 805
3 806 746 804
3 805 802 803
3 804 802 746
3 806 803 746
3 806 805 804
3 807 808 809
3 810 808 811
3 812 809 811
3 812 807 810
3 811 808 809
3 810 808 807
3 812 809 807
3 812 811 810
3 813 814 815
3 816 814 817
3 818 815 817
3 818 813 816
3 817 814 815
3 816 814 813
3 818 815 813
3 818 817 816
3 819 820 748
3 821 820 822
3 823 748 822
3 823 819 821
3 822 820 748
3 821 820 819
3 823 748 819
3 823 822 821
3 824 825 826
3 827 825 828
3 829 826 828
3 829 824 827
3 828 825 826
3 827 825 824
3 829 826 824
3 829 828 827
3 830 496 495
3 831 496 497
3 832 495 497
3 832 830 831
3 497 496 495
3 831 496 830
3 832 495 830
3 832 497 831
3 833 493 492
3 834 493 494
3 835 492 494
3 835 833 834
3 494 493 492
3 834 493 833
3 835 492 833
3 835 494 834
3 836 487 486
3 837 487 488
3 838 486 488
3 838 836 837
3 488 487 486
3 837 487 836
3 838 486 836
3 838 488 837
3 839 490 489
3 840 490 491
3 841 489 491
3 841 839 840
3 491 490 489
3 840 490 839
3 841 489 839
3 841 491 840
3 655 706 773
3 842 706 843
3 844 773 843
3 844 655 842
3 843 706 773
3 842 706 655
3 844 773 655
3 844 843 842
3 661 646 644
3 845 646 846
3 847 644 846
3 847 661 845
3 846 646 644
3 845 646 661
3 847 644 661
3 847 846 845
3 667 651 602
3 848 651 849
3 850 602 849
3 850 667 848
3 849 651 602
3 848 651 667
3 850 602 667
3 850 849 848
3 729 731 851
3 852 731 853
3 854 851 853
3 854 729 852
3 853 731 851
3 852 731 729
3 854 851 729
3 854 853 852
3 735 737 718
3 855 737 856
3 857 718 856
3 857 735 855
3 856 737 718
3 855 737 735
3 857 718 735
3 857 856 855
3 741 674 672
3 858 674 859
3 860 672 859
3 860 741 858
3 859 674 672
3 858 674 741
3 860 672 741
3 860 859 858
3 807 861 862
3 863 861 864
3 865 862 864
3 865 807 863
3 864 861 862
3 863 861 807
3 865 862 807
3 865 864 863
3 813 866 798
3 867 866 868
3 869 798 868
3 869 813 867
3 868 866 798
3 867 866 813
3 869 798 813
3 869 868 867
3 819 870 803
3 871 870 872
3 873 803 872
3 873 819 871
3 872 870 803
3 871 870 819
3 873 803 819
3 873 872 871
3 874 875 876
3 877 875 878
3 879 876 878
3 879 874 877
3 878 875 876
3 877 875 874
3 879 876 874
3 879 878 877
3 824 880 881
3 882 880 883
3 884 881 883
3 884 824 882
3 883 880 881
3 882 880 824
3 884 881 824
3 884 883 882
3 885 886 887
3 888 886 889
3 890 887 889
3 890 885 888
3 889 886 887
3 888 886 885
3 890 887 885
3 890 889 888
3 891 892 893
3 894 892 895
3 896 893 895
3 896 891 894
3 895 892 893
3 894 892 891
3 896 893 891
3 896 895 894
3 897 898 826
3 899 898 900
3 901 826 900
3 901 897 899
3 900 898 826
3 899 898 897
3 901 826 897
3 901 900 899
3 902 903 904
3 905 903 906
3 907 904 906
3 907 902 905
3 906 903 904
3 905 903 902
3 907 904 902
3 907 906 905
3 908 560 559
3 909 560 561
3 910 559 561
3 910 908 909
3 561 560 559
3 909 560 908
3 910 559 908
3 910 561 909
3 911 557 556
3 912 557 558
3 913 556 558
3 913 911 912
3 558 557 556
3 912 557 911
3 913 556 911
3 913 558 912
3 914 551 550
3 915 551 552
3 916 550 552
3 916 914 915
3 552 551 550
3 915 551 914
3 916 550 914
3 916 552 915
3 917 554 553
3 918 554 555
3 919 553 555
3 919 917 918
3 555 554 553
3 918 554 917
3 919 553 917
3 919 555 918
3 729 784 851
3 920 784 921
3 922 851 921
3 922 729 920
3 921 784 851
3 920 784 729
3 922 851 729
3 922 921 920
3 735 720 718
3 923 720 924
3 925 718 924
3 925 735 923
3 924 720 718
3 923 720 735
3 925 718 735
3 925 924 923
3 741 725 672
3 926 725 927
3 928 672 927
3 928 741 926
3 927 725 672
3 926 725 741
3 928 672 741
3 928 927 926
3 807 809 929
3 930 809 931
3 932 929 931
3 932 807 930
3 931 809 929
3 930 809 807
3 932 929 807
3 932 931 930
3 813 815 796
3 933 815 934
3 935 796 934
3 935 813 933
3 934 815 796
3 933 815 813
3 935 796 813
3 935 934 933
3 819 748 746
3 936 748 937
3 938 746 937
3 938 819 936
3 937 748 746
3 936 748 819
3 938 746 819
3 938 937 936
3 885 939 940
3 941 939 942
3 943 940 942
3 943 885 941
3 942 939 940
3 941 939 885
3 943 940 885
3 943 942 941
3 891 944 876
3 945 944 946
3 947 876 946
3 947 891 945
3 946 944 876
3 945 944 891
3 947 876 891
3 947 946 945
3 897 948 881
3 949 948 950
3 951 881 950
3 951 897 949
3 950 948 881
3 949 948 897
3 951 881 897
3 951 950 949
3 952 953 954
3 955 953 956
3 957 954 956
3 957 952 955
3 956 953 954
3 955 953 952
3 957 954 952
3 957 956 955
3 902 958 959
3 960 958 961
3 962 959 961
3 962 902 960
3 961 958 959
3 960 958 902
3 962 959 902
3 962 961 960
3 963 964 965
3 966 964 967
3 968 965 967
3 968 963 966
3 967 964 965
3 966 964 963
3 968 965 963
3 968 967 966
3 969 970 971
3 972 970 973
3 974 971 973
3 974 969 972
3 973 970 971
3 972 970 969
3 974 971 969
3 974 973 972
3 975 976 904
3 977 976 978
3 979 904 978
3 979 975 977
3 978 976 904
3 977 976 975
3 979 904 975
3 979 978 977
3 980 981 982
3 983 981 984
3 985 982 984
3 985 980 983
3 984 981 982
3 983 981 980
3 985 982 980
3 985 984 983
3 986 630 629
3 987 630 631
3 988 629 631
3 988 986 987
3 631 630 629
3 987 630 986
3 988 629 986
3 988 631 987
3 989 627 626
3 990 627 628
3 991 626 628
3 991 989 990
3 628 627 626
3 990 627 989
3 991 626 989
3 991 628 990
3 992 621 620
3 993 621 622
3 994 620 622
3 994 992 993
3 622 621 620
3 993 621 992
3 994 620 992
3 994 622 993
3 995 624 623
3 996 624 625
3 997 623 625
3 997 995 996
3 625 624 623
3 996 624 995
3 997 623 995
3 997 625 996
3 807 862 929
3 998 862 999
3 1000 929 999
3 1000 807 998
3 999 862 929
3 998 862 807
3 1000 929 807
3 1000 999 998
3 813 798 796
3 1001 798 1002
3 1003 796 1002
3 1003 813 1001
3 1002 798 796
3 1001 798 813
3 1003 796 813
3 1003 1002 1001
3 819 803 746
3 1004 803 1005
3 1006 746 1005
3 1006 819 1004
3 1005 803 746
3 1004 803 819
3 1006 746 819
3 1006 1005 1004
3 885 887 1007
3 1008 887 1009
3 1010 1007 1009
3 1010 885 1008
3 1009 887 1007
3 1008 887 885
3 1010 1007 885
3 1010 1009 1008
3 891 893 874
3 1011 893 1012
3 1013 874 1012
3 1013 891 1011
3 1012 893 874
3 1011 893 891
3 1013 874 891
3 1013 1012 1011
3 897 826 824
3 1014 826 1015
3 1016 824 1015
3 1016 897 1014
3 1015 826 824
3 1014 826 897
3 1016 824 897
3 1016 1015 1014
3 963 1017 1018
3 1019 1017 1020
3 1021 1018 1020
3 1021 963 1019
3 1020 1017 1018
3 1019 1017 963
3 1021 1018 963
3 1021 1020 1019
3 969 1022 954
3 1023 1022 1024
3 1025 954 1024
3 1025 969 1023
3 1024 1022 954
3 1023 1022 969
3 1025 954 969
3 1025 1024 1023
3 975 1026 959
3 1027 1026 1028
3 1029 959 1028
3 1029 975 1027
3 1028 1026 959
3 1027 1026 975
3 1029 959 975
3 1029 1028 1027
3 1030 1031 1032
3 1033 1031 1034
3 1035 1032 1034
3 1035 1030 1033
3 1034 1031 1032
3 1033 1031 1030
3 1035 1032 1030
3 1035 1034 1033
3 1036 1037 1038
3 1039 1037 1040
3 1041 1038 1040
3 1041 1036 1039
3 1040 1037 1038
3 1039 1037 1036
3 1041 1038 1036
3 1041 1040 1039
3 980 1042 1043
3 1044 1042 1045
3 1046 1043 1045
3 1046 980 1044
3 1045 1042 1043
3 1044 1042 980
3 1046 1043 980
3 1046 1045 1044
3 1047 1048 1049
3 1050 1048 1051
3 1052 1049 1051
3 1052 1047 1050
3 1051 1048 1049
3 1050 1048 1047
3 1052 1049 1047
3 1052 1051 1050
3 1053 697 696
3 1054 697 698
3 1055 696 698
3 1055 1053 1054
3 698 697 696
3 1054 697 1053
3 1055 696 1053
3 1055 698 1054
3 1056 1057 1058
3 1059 1057 1060
3 1061 1058 1060
3 1061 1056 1059
3 1060 1057 1058
3 1059 1057 1056
3 1061 1058 1056
3 1061 1060 1059
3 1062 1063 982
3 1064 1063 1065
3 1066 982 1065
3 1066 1062 1064
3 1065 1063 982
3 1064 1063 1062
3 1066 982 1062
3 1066 1065 1064
3 1067 700 699
3 1068 700 701
3 1069 699 701
3 1069 1067 1068
3 701 700 699
3 1068 700 1067
3 1069 699 1067
3 1069 701 1068
3 1070 703 702
3 1071 703 704
3 1072 702 704
3 1072 1070 1071
3 704 703 702
3 1071 703 1070
3 1072 702 1070
3 1072 704 1071
3 1073 691 690
3 1074 691 692
3 1075 690 692
3 1075 1073 1074
3 692 691 690
3 1074 691 1073
3 1075 690 1073
3 1075 692 1074
3 1076 694 693
3 1077 694 695
3 1078 693 695
3 1078 1076 1077
3 695 694 693
3 1077 694 1076
3 1078 693 1076
3 1078 695 1077
3 885 940 1007
3 1079 940 1080
3 1081 1007 1080
3 1081 885 1079
3 1080 940 1007
3 1079 940 885
3 1081 1007 885
3 1081 1080 1079
3 891 876 874
3 1082 876 1083
3 1084 874 1083
3 1084 891 1082
3 1083 876 874
3 1082 876 891
3 1084 874 891
3 1084 1083 1082
3 897 881 824
3 1085 881 1086
3 1087 824 1086
3 1087 897 1085
3 1086 881 824
3 1085 881 897
3 1087 824 897
3 1087 1086 1085
3 963 965 1088
3 1089 965 1090
3 1091 1088 1090
3 1091 963 1089
3 1090 965 1088
3 1089 965 963
3 1091 1088 963
3 1091 1090 1089
3 969 971 952
3 1092 971 1093
3 1094 952 1093
3 1094 969 1092
3 1093 971 952
3 1092 971 969
3 1094 952 969
3 1094 1093 1092
3 975 904 902
3 1095 904 1096
3 1097 902 1096
3 1097 975 1095
3 1096 904 902
3 1095 904 975
3 1097 902 975
3 1097 1096 1095
3 1047 1098 1099
3 1100 1098 1101
3 1102 1099 1101
3 1102 1047 1100
3 1101 1098 1099
3 1100 1098 1047
3 1102 1099 1047
3 1102 1101 1100
3 1103 1104 1032
3 1105 1104 1106
3 1107 1032 1106
3 1107 1103 1105
3 1106 1104 1032
3 1105 1104 1103
3 1107 1032 1103
3 1107 1106 1105
3 1056 1108 1038
3 1109 1108 1110
3 1111 1038 1110
3 1111 1056 1109
3 1110 1108 1038
3 1109 1108 1056
3 1111 1038 1056
3 1111 1110 1109
3 1062 1112 1043
3 1113 1112 1114
3 1115 1043 1114
3 1115 1062 1113
3 1114 1112 1043
3 1113 1112 1062
3 1115 1043 1062
3 1115 1114 1113
3 1116 1117 1118
3 1119 1117 1120
3 1121 1118 1120
3 1121 1116 1119
3 1120 1117 1118
3 1119 1117 1116
3 1121 1118 1116
3 1121 1120 1119
3 1122 1123 1124
3 1125 1123 1126
3 1127 1124 1126
3 1127 1122 1125
3 1126 1123 1124
3 1125 1123 1122
3 1127 1124 1122
3 1127 1126 1125
3 1128 778 777
3 1129 778 779
3 1130 777 779
3 1130 1128 1129
3 779 778 777
3 1129 778 1128
3 1130 777 1128
3 1130 779 1129
3 1131 1132 1133
3 1134 1132 1135
3 1136 1133 1135
3 1136 1131 1134
3 1135 1132 1133
3 1134 1132 1131
3 1136 1133 1131
3 1136 1135 1134
3 1137 775 774
3 1138 775 776
3 1139 774 776
3 1139 1137 1138
3 776 775 774
3 1138 775 1137
3 1139 774 1137
3 1139 776 1138
3 1140 1141 1142
3 1143 1141 1144
3 1145 1142 1144
3 1145 1140 1143
3 1144 1141 1142
3 1143 1141 1140
3 1145 1142 1140
3 1145 1144 1143
3 1146 781 780
3 1147 781 782
3 1148 780 782
3 1148 1146 1147
3 782 781 780
3 1147 781 1146
3 1148 780 1146
3 1148 782 1147
3 1149 771 770
3 1150 771 772
3 1151 770 772
3 1151 1149 1150
3 772 771 770
3 1150 771 1149
3 1151 770 1149
3 1151 772 1150
3 1152 765 764
3 1153 765 766
3 1154 764 766
3 1154 1152 1153
3 766 765 764
3 1153 765 1152
3 1154 764 1152
3 1154 766 1153
3 1155 768 767
3 1156 768 769
3 1157 767 769
3 1157 1155 1156
3 769 768 767
3 1156 768 1155
3 1157 767 1155
3 1157 769 1156
3 963 1018 1088
3 1158 1018 1159
3 1160 1088 1159
3 1160 963 1158
3 1159 1018 1088
3 1158 1018 963
3 1160 1088 963
3 1160 1159 1158
3 969 954 952
3 1161 954 1162
3 1163 952 1162
3 1163 969 1161
3 1162 954 952
3 1161 954 969
3 1163 952 969
3 1163 1162 1161
3 975 959 902
3 1164 959 1165
3 1166 902 1165
3 1166 975 1164
3 1165 959 902
3 1164 959 975
3 1166 902 975
3 1166 1165 1164
3 1047 1049 1167
3 1168 1049 1169
3 1170 1167 1169
3 1170 1047 1168
3 1169 1049 1167
3 1168 1049 1047
3 1170 1167 1047
3 1170 1169 1168
3 1103 1171 1030
3 1172 1171 1173
3 1174 1030 1173
3 1174 1103 1172
3 1173 1171 1030
3 1172 1171 1103
3 1174 1030 1103
3 1174 1173 1172
3 1056 1058 1036
3 1175 1058 1176
3 1177 1036 1176
3 1177 1056 1175
3 1176 1058 1036
3 1175 1058 1056
3 1177 1036 1056
3 1177 1176 1175
3 1062 982 980
3 1178 982 1179
3 1180 980 1179
3 1180 1062 1178
3 1179 982 980
3 1178 982 1062
3 1180 980 1062
3 1180 1179 1178
3 1181 1182 1183
3 1184 1182 1185
3 1186 1183 1185
3 1186 1181 1184
3 1185 1182 1183
3 1184 1182 1181
3 1186 1183 1181
3 1186 1185 1184
3 1131 1187 1188
3 1189 1187 1190
3 1191 1188 1190
3 1191 1131 1189
3 1190 1187 1188
3 1189 1187 1131
3 1191 1188 1131
3 1191 1190 1189
3 1192 1193 1118
3 1194 1193 1195
3 1196 1118 1195
3 1196 1192 1194
3 1195 1193 1118
3 1194 1193 1192
3 1196 1118 1192
3 1196 1195 1194
3 1140 1197 1124
3 1198 1197 1199
3 1200 1124 1199
3 1200 1140 1198
3 1199 1197 1124
3 1198 1197 1140
3 1200 1124 1140
3 1200 1199 1198
3 1201 1202 1203
3 1204 1202 1205
3 1206 1203 1205
3 1206 1201 1204
3 1205 1202 1203
3 1204 1202 1201
3 1206 1203 1201
3 1206 1205 1204
3 1207 1208 1209
3 1210 1208 1211
3 1212 1209 1211
3 1212 1207 1210
3 1211 1208 1209
3 1210 1208 1207
3 1212 1209 1207
3 1212 1211 1210
3 1213 856 855
3 1214 856 857
3 1215 855 857
3 1215 1213 1214
3 857 856 855
3 1214 856 1213
3 1215 855 1213
3 1215 857 1214
3 1216 1217 1218
3 1219 1217 1220
3 1221 1218 1220
3 1221 1216 1219
3 1220 1217 1218
3 1219 1217 1216
3 1221 1218 1216
3 1221 1220 1219
3 1222 843 842
3 1223 843 844
3 1224 842 844
3 1224 1222 1223
3 844 843 842
3 1223 843 1222
3 1224 842 1222
3 1224 844 1223
3 1225 853 852
3 1226 853 854
3 1227 852 854
3 1227 1225 1226
3 854 853 852
3 1226 853 1225
3 1227 852 1225
3 1227 854 1226
3 1228 859 858
3 1229 859 860
3 1230 858 860
3 1230 1228 1229
3 860 859 858
3 1229 859 1228
3 1230 858 1228
3 1230 860 1229
3 1231 849 848
3 1232 849 850
3 1233 848 850
3 1233 1231 1232
3 850 849 848
3 1232 849 1231
3 1233 848 1231
3 1233 850 1232
3 1234 846 845
3 1235 846 847
3 1236 845 847
3 1236 1234 1235
3 847 846 845
3 1235 846 1234
3 1236 845 1234
3 1236 847 1235
3 1047 1099 1167
3 1237 1099 1238
3 1239 1167 1238
3 1239 1047 1237
3 1238 1099 1167
3 1237 1099 1047
3 1239 1167 1047
3 1239 1238 1237
3 1103 1032 1030
3 1240 1032 1241
3 1242 1030 1241
3 1242 1103 1240
3 1241 1032 1030
3 1240 1032 1103
3 1242 1030 1103
3 1242 1241 1240
3 1056 1038 1036
3 1243 1038 1244
3 1245 1036 1244
3 1245 1056 1243
3 1244 1038 1036
3 1243 1038 1056
3 1245 1036 1056
3 1245 1244 1243
3 1062 1043 980
3 1246 1043 1247
3 1248 980 1247
3 1248 1062 1246
3 1247 1043 980
3 1246 1043 1062
3 1248 980 1062
3 1248 1247 1246
3 1181 1249 1250
3 1251 1249 1252
3 1253 1250 1252
3 1253 1181 1251
3 1252 1249 1250
3 1251 1249 1181
3 1253 1250 1181
3 1253 1252 1251
3 1131 1133 1254
3 1255 1133 1256
3 1257 1254 1256
3 1257 1131 1255
3 1256 1133 1254
3 1255 1133 1131
3 1257 1254 1131
3 1257 1256 1255
3 1192 1258 1116
3 1259 1258 1260
3 1261 1116 1260
3 1261 1192 1259
3 1260 1258 1116
3 1259 1258 1192
3 1261 1116 1192
3 1261 1260 1259
3 1140 1142 1122
3 1262 1142 1263
3 1264 1122 1263
3 1264 1140 1262
3 1263 1142 1122
3 1262 1142 1140
3 1264 1122 1140
3 1264 1263 1262
3 1265 1266 1267
3 1268 1266 1269
3 1270 1267 1269
3 1270 1265 1268
3 1269 1266 1267
3 1268 1266 1265
3 1270 1267 1265
3 1270 1269 1268
3 1216 1271 1272
3 1273 1271 1274
3 1275 1272 1274
3 1275 1216 1273
3 1274 1271 1272
3 1273 1271 1216
3 1275 1272 1216
3 1275 1274 1273
3 1276 1277 1203
3 1278 1277 1279
3 1280 1203 1279
3 1280 1276 1278
3 1279 1277 1203
3 1278 1277 1276
3 1280 1203 1276
3 1280 1279 1278
3 1281 1282 1209
3 1283 1282 1284
3 1285 1209 1284
3 1285 1281 1283
3 1284 1282 1209
3 1283 1282 1281
3 1285 1209 1281
3 1285 1284 1283
3 1286 1287 1288
3 1289 1287 1290
3 1291 1288 1290
3 1291 1286 1289
3 1290 1287 1288
3 1289 1287 1286
3 1291 1288 1286
3 1291 1290 1289
3 1292 1293 1294
3 1295 1293 1296
3 1297 1294 1296
3 1297 1292 1295
3 1296 1293 1294
3 1295 1293 1292
3 1297 1294 1292
3 1297 1296 1295
3 1298 934 933
3 1299 934 935
3 1300 933 935
3 1300 1298 1299
3 935 934 933
3 1299 934 1298
3 1300 933 1298
3 1300 935 1299
3 1301 931 930
3 1302 931 932
3 1303 930 932
3 1303 1301 1302
3 932 931 930
3 1302 931 1301
3 1303 930 1301
3 1303 932 1302
3 1304 921 920
3 1305 921 922
3 1306 920 922
3 1306 1304 1305
3 922 921 920
3 1305 921 1304
3 1306 920 1304
3 1306 922 1305
3 1307 937 936
3 1308 937 938
3 1309 936 938
3 1309 1307 1308
3 938 937 936
3 1308 937 1307
3 1309 936 1307
3 1309 938 1308
3 1310 927 926
3 1311 927 928
3 1312 926 928
3 1312 1310 1311
3 928 927 926
3 1311 927 1310
3 1312 926 1310
3 1312 928 1311
3 1313 924 923
3 1314 924 925
3 1315 923 925
3 1315 1313 1314
3 925 924 923
3 1314 924 1313
3 1315 923 1313
3 1315 925 1314
3 1181 1183 1250
3 1316 1183 1317
3 1318 1250 1317
3 1318 1181 1316
3 1317 1183 1250
3 1316 1183 1181
3 1318 1250 1181
3 1318 1317 1316
3 1131 1188 1254
3 1319 1188 1320
3 1321 1254 1320
3 1321 1131 1319
3 1320 1188 1254
3 1319 1188 1131
3 1321 1254 1131
3 1321 1320 1319
3 1192 1118 1116
3 1322 1118 1323
3 1324 1116 1323
3 1324 1192 1322
3 1323 1118 1116
3 1322 1118 1192
3 1324 1116 1192
3 1324 1323 1322
3 1140 1124 1122
3 1325 1124 1326
3 1327 1122 1326
3 1327 1140 1325
3 1326 1124 1122
3 1325 1124 1140
3 1327 1122 1140
3 1327 1326 1325
3 1265 1328 1329
3 1330 1328 1331
3 1332 1329 1331
3 1332 1265 1330
3 1331 1328 1329
3 1330 1328 1265
3 1332 1329 1265
3 1332 1331 1330
3 1216 1218 1333
3 1334 1218 1335
3 1336 1333 1335
3 1336 1216 1334
3 1335 1218 1333
3 1334 1218 1216
3 1336 1333 1216
3 1336 1335 1334
3 1276 1337 1201
3 1338 1337 1339
3 1340 1201 1339
3 1340 1276 1338
3 1339 1337 1201
3 1338 1337 1276
3 1340 1201 1276
3 1340 1339 1338
3 1281 1341 1207
3 1342 1341 1343
3 1344 1207 1343
3 1344 1281 1342
3 1343 1341 1207
3 1342 1341 1281
3 1344 1207 1281
3 1344 1343 1342
3 1345 1346 1347
3 1348 1346 1349
3 1350 1347 1349
3 1350 1345 1348
3 1349 1346 1347
3 1348 1346 1345
3 1350 1347 1345
3 1350 1349 1348
3 1351 1352 1353
3 1354 1352 1355
3 1356 1353 1355
3 1356 1351 1354
3 1355 1352 1353
3 1354 1352 1351
3 1356 1353 1351
3 1356 1355 1354
3 1357 1358 1288
3 1359 1358 1360
3 1361 1288 1360
3 1361 1357 1359
3 1360 1358 1288
3 1359 1358 1357
3 1361 1288 1357
3 1361 1360 1359
3 1362 1363 1294
3 1364 1363 1365
3 1366 1294 1365
3 1366 1362 1364
3 1365 1363 1294
3 1364 1363 1362
3 1366 1294 1362
3 1366 1365 1364
3 1367 1368 1369
3 1370 1368 1371
3 1372 1369 1371
3 1372 1367 1370
3 1371 1368 1369
3 1370 1368 1367
3 1372 1369 1367
3 1372 1371 1370
3 1373 1374 1375
3 1376 1374 1377
3 1378 1375 1377
3 1378 1373 1376
3 1377 1374 1375
3 1376 1374 1373
3 1378 1375 1373
3 1378 1377 1376
3 1379 1012 1011
3 1380 1012 1013
3 1381 1011 1013
3 1381 1379 1380
3 1013 1012 1011
3 1380 1012 1379
3 1381 1011 1379
3 1381 1013 1380
3 1382 1009 1008
3 1383 1009 1010
3 1384 1008 1010
3 1384 1382 1383
3 1010 1009 1008
3 1383 1009 1382
3 1384 1008 1382
3 1384 1010 1383
3 1385 999 998
3 1386 999 1000
3 1387 998 1000
3 1387 1385 1386
3 1000 999 998
3 1386 999 1385
3 1387 998 1385
3 1387 1000 1386
3 1388 1015 1014
3 1389 1015 1016
3 1390 1014 1016
3 1390 1388 1389
3 1016 1015 1014
3 1389 1015 1388
3 1390 1014 1388
3 1390 1016 1389
3 1391 1005 1004
3 1392 1005 1006
3 1393 1004 1006
3 1393 1391 1392
3 1006 1005 1004
3 1392 1005 1391
3 1393 1004 1391
3 1393 1006 1392
3 1394 1002 1001
3 1395 1002 1003
3 1396 1001 1003
3 1396 1394 1395
3 1003 1002 1001
3 1395 1002 1394
3 1396 1001 1394
3 1396 1003 1395
3 1265 1267 1329
3 1397 1267 1398
3 1399 1329 1398
3 1399 1265 1397
3 1398 1267 1329
3 1397 1267 1265
3 1399 1329 1265
3 1399 1398 1397
3 1216 1272 1333
3 1400 1272 1401
3 1402 1333 1401
3 1402 1216 1400
3 1401 1272 1333
3 1400 1272 1216
3 1402 1333 1216
3 1402 1401 1400
3 1276 1203 1201
3 1403 1203 1404
3 1405 1201 1404
3 1405 1276 1403
3 1404 1203 1201
3 1403 1203 1276
3 1405 1201 1276
3 1405 1404 1403
3 1281 1209 1207
3 1406 1209 1407
3 1408 1207 1407
3 1408 1281 1406
3 1407 1209 1207
3 1406 1209 1281
3 1408 1207 1281
3 1408 1407 1406
3 1345 1409 1410
3 1411 1409 1412
3 1413 1410 1412
3 1413 1345 1411
3 1412 1409 1410
3 1411 1409 1345
3 1413 1410 1345
3 1413 1412 1411
3 1351 1414 1415
3 1416 1414 1417
3 1418 1415 1417
3 1418 1351 1416
3 1417 1414 1415
3 1416 1414 1351
3 1418 1415 1351
3 1418 1417 1416
3 1357 1419 1286
3 1420 1419 1421
3 1422 1286 1421
3 1422 1357 1420
3 1421 1419 1286
3 1420 1419 1357
3 1422 1286 1357
3 1422 1421 1420
3 1362 1423 1292
3 1424 1423 1425
3 1426 1292 1425
3 1426 1362 1424
3 1425 1423 1292
3 1424 1423 1362
3 1426 1292 1362
3 1426 1425 1424
3 1427 1428 1429
3 1430 1428 1431
3 1432 1429 1431
3 1432 1427 1430
3 1431 1428 1429
3 1430 1428 1427
3 1432 1429 1427
3 1432 1431 1430
3 1433 1434 1435
3 1436 1434 1437
3 1438 1435 1437
3 1438 1433 1436
3 1437 1434 1435
3 1436 1434 1433
3 1438 1435 1433
3 1438 1437 1436
3 1439 1440 1369
3 1441 1440 1442
3 1443 1369 1442
3 1443 1439 1441
3 1442 1440 1369
3 1441 1440 1439
3 1443 1369 1439
3 1443 1442 1441
3 1444 1445 1375
3 1446 1445 1447
3 1448 1375 1447
3 1448 1444 1446
3 1447 1445 1375
3 1446 1445 1444
3 1448 1375 1444
3 1448 1447 1446
3 1449 1450 1451
3 1452 1450 1453
3 1454 1451 1453
3 1454 1449 1452
3 1453 1450 1451
3 1452 1450 1449
3 1454 1451 1449
3 1454 1453 1452
3 1455 1093 1092
3 1456 1093 1094
3 1457 1092 1094
3 1457 1455 1456
3 1094 1093 1092
3 1456 1093 1455
3 1457 1092 1455
3 1457 1094 1456
3 1458 1090 1089
3 1459 1090 1091
3 1460 1089 1091
3 1460 1458 1459
3 1091 1090 1089
3 1459 1090 1458
3 1460 1089 1458
3 1460 1091 1459
3 1461 1080 1079
3 1462 1080 1081
3 1463 1079 1081
3 1463 1461 1462
3 1081 1080 1079
3 1462 1080 1461
3 1463 1079 1461
3 1463 1081 1462
3 1464 1096 1095
3 1465 1096 1097
3 1466 1095 1097
3 1466 1464 1465
3 1097 1096 1095
3 1465 1096 1464
3 1466 1095 1464
3 1466 1097 1465
3 1467 1086 1085
3 1468 1086 1087
3 1469 1085 1087
3 1469 1467 1468
3 1087 1086 1085
3 1468 1086 1467
3 1469 1085 1467
3 1469 1087 1468
3 1470 1083 1082
3 1471 1083 1084
3 1472 1082 1084
3 1472 1470 1471
3 1084 1083 1082
3 1471 1083 1470
3 1472 1082 1470
3 1472 1084 1471
3 1345 1347 1410
3 1473 1347 1474
3 1475 1410 1474
3 1475 1345 1473
3 1474 1347 1410
3 1473 1347 1345
3 1475 1410 1345
3 1475 1474 1473
3 1351 1353 1415
3 1476 1353 1477
3 1478 1415 1477
3 1478 1351 1476
3 1477 1353 1415
3 1476 1353 1351
3 1478 1415 1351
3 1478 1477 1476
3 1357 1288 1286
3 1479 1288 1480
3 1481 1286 1480
3 1481 1357 1479
3 1480 1288 1286
3 1479 1288 1357
3 1481 1286 1357
3 1481 1480 1479
3 1362 1294 1292
3 1482 1294 1483
3 1484 1292 1483
3 1484 1362 1482
3 1483 1294 1292
3 1482 1294 1362
3 1484 1292 1362
3 1484 1483 1482
3 1427 1485 1486
3 1487 1485 1488
3 1489 1486 1488
3 1489 1427 1487
3 1488 1485 1486
3 1487 1485 1427
3 1489 1486 1427
3 1489 1488 1487
3 1433 1490 1491
3 1492 1490 1493
3 1494 1491 1493
3 1494 1433 1492
3 1493 1490 1491
3 1492 1490 1433
3 1494 1491 1433
3 1494 1493 1492
3 1439 1495 1367
3 1496 1495 1497
3 1498 1367 1497
3 1498 1439 1496
3 1497 1495 1367
3 1496 1495 1439
3 1498 1367 1439
3 1498 1497 1496
3 1444 1499 1373
3 1500 1499 1501
3 1502 1373 1501
3 1502 1444 1500
3 1501 1499 1373
3 1500 1499 1444
3 1502 1373 1444
3 1502 1501 1500
3 1503 1504 1505
3 1506 1504 1507
3 1508 1505 1507
3 1508 1503 1506
3 1507 1504 1505
3 1506 1504 1503
3 1508 1505 1503
3 1508 1507 1506
3 1509 1510 1511
3 1512 1510 1513
3 1514 1511 1513
3 1514 1509 1512
3 1513 1510 1511
3 1512 1510 1509
3 1514 1511 1509
3 1514 1513 1512
3 1515 1516 1517
3 1518 1516 1519
3 1520 1517 1519
3 1520 1515 1518
3 1519 1516 1517
3 1518 1516 1515
3 1520 1517 1515
3 1520 1519 1518
3 1521 1522 1451
3 1523 1522 1524
3 1525 1451 1524
3 1525 1521 1523
3 1524 1522 1451
3 1523 1522 1521
3 1525 1451 1521
3 1525 1524 1523
3 1526 1527 1528
3 1529 1527 1530
3 1531 1528 1530
3 1531 1526 1529
3 1530 1527 1528
3 1529 1527 1526
3 1531 1528 1526
3 1531 1530 1529
3 1532 1176 1175
3 1533 1176 1177
3 1534 1175 1177
3 1534 1532 1533
3 1177 1176 1175
3 1533 1176 1532
3 1534 1175 1532
3 1534 1177 1533
3 1535 1169 1168
3 1536 1169 1170
3 1537 1168 1170
3 1537 1535 1536
3 1170 1169 1168
3 1536 1169 1535
3 1537 1168 1535
3 1537 1170 1536
3 1538 1159 1158
3 1539 1159 1160
3 1540 1158 1160
3 1540 1538 1539
3 1160 1159 1158
3 1539 1159 1538
3 1540 1158 1538
3 1540 1160 1539
3 1541 1179 1178
3 1542 1179 1180
3 1543 1178 1180
3 1543 1541 1542
3 1180 1179 1178
3 1542 1179 1541
3 1543 1178 1541
3 1543 1180 1542
3 1544 1165 1164
3 1545 1165 1166
3 1546 1164 1166
3 1546 1544 1545
3 1166 1165 1164
3 1545 1165 1544
3 1546 1164 1544
3 1546 1166 1545
3 1547 1162 1161
3 1548 1162 1163
3 1549 1161 1163
3 1549 1547 1548
3 1163 1162 1161
3 1548 1162 1547
3 1549 1161 1547
3 1549 1163 1548
3 1427 1429 1486
3 1550 1429 1551
3 1552 1486 1551
3 1552 1427 1550
3 1551 1429 1486
3 1550 1429 1427
3 1552 1486 1427
3 1552 1551 1550
3 1433 1435 1491
3 1553 1435 1554
3 1555 1491 1554
3 1555 1433 1553
3 1554 1435 1491
3 1553 1435 1433
3 1555 1491 1433
3 1555 1554 1553
3 1439 1369 1367
3 1556 1369 1557
3 1558 1367 1557
3 1558 1439 1556
3 1557 1369 1367
3 1556 1369 1439
3 1558 1367 1439
3 1558 1557 1556
3 1444 1375 1373
3 1559 1375 1560
3 1561 1373 1560
3 1561 1444 1559
3 1560 1375 1373
3 1559 1375 1444
3 1561 1373 1444
3 1561 1560 1559
3 1503 1562 1563
3 1564 1562 1565
3 1566 1563 1565
3 1566 1503 1564
3 1565 1562 1563
3 1564 1562 1503
3 1566 1563 1503
3 1566 1565 1564
3 1509 1567 1568
3 1569 1567 1570
3 1571 1568 1570
3 1571 1509 1569
3 1570 1567 1568
3 1569 1567 1509
3 1571 1568 1509
3 1571 1570 1569
3 1515 1572 1573
3 1574 1572 1575
3 1576 1573 1575
3 1576 1515 1574
3 1575 1572 1573
3 1574 1572 1515
3 1576 1573 1515
3 1576 1575 1574
3 1521 1577 1449
3 1578 1577 1579
3 1580 1449 1579
3 1580 1521 1578
3 1579 1577 1449
3 1578 1577 1521
3 1580 1449 1521
3 1580 1579 1578
3 1581 1582 1583
3 1584 1582 1585
3 1586 1583 1585
3 1586 1581 1584
3 1585 1582 1583
3 1584 1582 1581
3 1586 1583 1581
3 1586 1585 1584
3 1587 1588 1589
3 1590 1588 1591
3 1592 1589 1591
3 1592 1587 1590
3 1591 1588 1589
3 1590 1588 1587
3 1592 1589 1587
3 1592 1591 1590
3 1593 1594 1595
3 1596 1594 1597
3 1598 1595 1597
3 1598 1593 1596
3 1597 1594 1595
3 1596 1594 1593
3 1598 1595 1593
3 1598 1597 1596
3 1599 1600 1528
3 1601 1600 1602
3 1603 1528 1602
3 1603 1599 1601
3 1602 1600 1528
3 1601 1600 1599
3 1603 1528 1599
3 1603 1602 1601
3 1604 1605 1606
3 1607 1605 1608
3 1609 1606 1608
3 1609 1604 1607
3 1608 1605 1606
3 1607 1605 1604
3 1609 1606 1604
3 1609 1608 1607
3 1610 1263 1262
3 1611 1263 1264
3 1612 1262 1264
3 1612 1610 1611
3 1264 1263 1262
3 1611 1263 1610
3 1612 1262 1610
3 1612 1264 1611
3 1613 1256 1255
3 1614 1256 1257
3 1615 1255 1257
3 1615 1613 1614
3 1257 1256 1255
3 1614 1256 1613
3 1615 1255 1613
3 1615 1257 1614
3 1616 1238 1237
3 1617 1238 1239
3 1618 1237 1239
3 1618 1616 1617
3 1239 1238 1237
3 1617 1238 1616
3 1618 1237 1616
3 1618 1239 1617
3 1619 1247 1246
3 1620 1247 1248
3 1621 1246 1248
3 1621 1619 1620
3 1248 1247 1246
3 1620 1247 1619
3 1621 1246 1619
3 1621 1248 1620
3 1622 1244 1243
3 1623 1244 1245
3 1624 1243 1245
3 1624 1622 1623
3 1245 1244 1243
3 1623 1244 1622
3 1624 1243 1622
3 1624 1245 1623
3 1625 1241 1240
3 1626 1241 1242
3 1627 1240 1242
3 1627 1625 1626
3 1242 1241 1240
3 1626 1241 1625
3 1627 1240 1625
3 1627 1242 1626
3 1503 1505 1563
3 1628 1505 1629
3 1630 1563 1629
3 1630 1503 1628
3 1629 1505 1563
3 1628 1505 1503
3 1630 1563 1503
3 1630 1629 1628
3 1509 1511 1568
3 1631 1511 1632
3 1633 1568 1632
3 1633 1509 1631
3 1632 1511 1568
3 1631 1511 1509
3 1633 1568 1509
3 1633 1632 1631
3 1515 1517 1573
3 1634 1517 1635
3 1636 1573 1635
3 1636 1515 1634
3 1635 1517 1573
3 1634 1517 1515
3 1636 1573 1515
3 1636 1635 1634
3 1521 1451 1449
3 1637 1451 1638
3 1639 1449 1638
3 1639 1521 1637
3 1638 1451 1449
3 1637 1451 1521
3 1639 1449 1521
3 1639 1638 1637
3 1581 1640 1641
3 1642 1640 1643
3 1644 1641 1643
3 1644 1581 1642
3 1643 1640 1641
3 1642 1640 1581
3 1644 1641 1581
3 1644 1643 1642
3 1587 1645 1646
3 1647 1645 1648
3 1649 1646 1648
3 1649 1587 1647
3 1648 1645 1646
3 1647 1645 1587
3 1649 1646 1587
3 1649 1648 1647
3 1593 1650 1651
3 1652 1650 1653
3 1654 1651 1653
3 1654 1593 1652
3 1653 1650 1651
3 1652 1650 1593
3 1654 1651 1593
3 1654 1653 1652
3 1599 1655 1526
3 1656 1655 1657
3 1658 1526 1657
3 1658 1599 1656
3 1657 1655 1526
3 1656 1655 1599
3 1658 1526 1599
3 1658 1657 1656
3 1659 1660 1661
3 1662 1660 1663
3 1664 1661 1663
3 1664 1659 1662
3 1663 1660 1661
3 1662 1660 1659
3 1664 1661 1659
3 1664 1663 1662
3 1665 1666 1667
3 1668 1666 1669
3 1670 1667 1669
3 1670 1665 1668
3 1669 1666 1667
3 1668 1666 1665
3 1670 1667 1665
3 1670 1669 1668
3 1671 1672 1673
3 1674 1672 1675
3 1676 1673 1675
3 1676 1671 1674
3 1675 1672 1673
3 1674 1672 1671
3 1676 1673 1671
3 1676 1675 1674
3 1677 1678 1606
3 1679 1678 1680
3 1681 1606 1680
3 1681 1677 1679
3 1680 1678 1606
3 1679 1678 1677
3 1681 1606 1677
3 1681 1680 1679
3 1682 1683 1684
3 1685 1683 1686
3 1687 1684 1686
3 1687 1682 1685
3 1686 1683 1684
3 1685 1683 1682
3 1687 1684 1682
3 1687 1686 1685
3 1688 1335 1334
3 1689 1335 1336
3 1690 1334 1336
3 1690 1688 1689
3 1336 1335 1334
3 1689 1335 1688
3 1690 1334 1688
3 1690 1336 1689
3 1691 1320 1319
3 1692 1320 1321
3 1693 1319 1321
3 1693 1691 1692
3 1321 1320 1319
3 1692 1320 1691
3 1693 1319 1691
3 1693 1321 1692
3 1694 1317 1316
3 1695 1317 1318
3 1696 1316 1318
3 1696 1694 1695
3 1318 1317 1316
3 1695 1317 1694
3 1696 1316 1694
3 1696 1318 1695
3 1697 1326 1325
3 1698 1326 1327
3 1699 1325 1327
3 1699 1697 1698
3 1327 1326 1325
3 1698 1326 1697
3 1699 1325 1697
3 1699 1327 1698
3 1700 1323 1322
3 1701 1323 1324
3 1702 1322 1324
3 1702 1700 1701
3 1324 1323 1322
3 1701 1323 1700
3 1702 1322 1700
3 1702 1324 1701
3 1581 1583 1641
3 1703 1583 1704
3 1705 1641 1704
3 1705 1581 1703
3 1704 1583 1641
3 1703 1583 1581
3 1705 1641 1581
3 1705 1704 1703
3 1587 1589 1646
3 1706 1589 1707
3 1708 1646 1707
3 1708 1587 1706
3 1707 1589 1646
3 1706 1589 1587
3 1708 1646 1587
3 1708 1707 1706
3 1593 1595 1651
3 1709 1595 1710
3 1711 1651 1710
3 1711 1593 1709
3 1710 1595 1651
3 1709 1595 1593
3 1711 1651 1593
3 1711 1710 1709
3 1599 1528 1526
3 1712 1528 1713
3 1714 1526 1713
3 1714 1599 1712
3 1713 1528 1526
3 1712 1528 1599
3 1714 1526 1599
3 1714 1713 1712
3 1659 1715 1716
3 1717 1715 1718
3 1719 1716 1718
3 1719 1659 1717
3 1718 1715 1716
3 1717 1715 1659
3 1719 1716 1659
3 1719 1718 1717
3 1665 1720 1721
3 1722 1720 1723
3 1724 1721 1723
3 1724 1665 1722
3 1723 1720 1721
3 1722 1720 1665
3 1724 1721 1665
3 1724 1723 1722
3 1671 1725 1726
3 1727 1725 1728
3 1729 1726 1728
3 1729 1671 1727
3 1728 1725 1726
3 1727 1725 1671
3 1729 1726 1671
3 1729 1728 1727
3 1677 1730 1604
3 1731 1730 1732
3 1733 1604 1732
3 1733 1677 1731
3 1732 1730 1604
3 1731 1730 1677
3 1733 1604 1677
3 1733 1732 1731
3 1734 1735 1736
3 1737 1735 1738
3 1739 1736 1738
3 1739 1734 1737
3 1738 1735 1736
3 1737 1735 1734
3 1739 1736 1734
3 1739 1738 1737
3 1740 1741 1742
3 1743 1741 1744
3 1745 1742 1744
3 1745 1740 1743
3 1744 1741 1742
3 1743 1741 1740
3 1745 1742 1740
3 1745 1744 1743
3 1746 1747 1748
3 1749 1747 1750
3 1751 1748 1750
3 1751 1746 1749
3 1750 1747 1748
3 1749 1747 1746
3 1751 1748 1746
3 1751 1750 1749
3 1752 1753 1684
3 1754 1753 1755
3 1756 1684 1755
3 1756 1752 1754
3 1755 1753 1684
3 1754 1753 1752
3 1756 1684 1752
3 1756 1755 1754
3 1757 1758 1759
3 1760 1758 1761
3 1762 1759 1761
3 1762 1757 1760
3 1761 1758 1759
3 1760 1758 1757
3 1762 1759 1757
3 1762 1761 1760
3 1763 1401 1400
3 1764 1401 1402
3 1765 1400 1402
3 1765 1763 1764
3 1402 1401 1400
3 1764 1401 1763
3 1765 1400 1763
3 1765 1402 1764
3 1766 1398 1397
3 1767 1398 1399
3 1768 1397 1399
3 1768 1766 1767
3 1399 1398 1397
3 1767 1398 1766
3 1768 1397 1766
3 1768 1399 1767
3 1769 1407 1406
3 1770 1407 1408
3 1771 1406 1408
3 1771 1769 1770
3 1408 1407 1406
3 1770 1407 1769
3 1771 1406 1769
3 1771 1408 1770
3 1772 1404 1403
3 1773 1404 1405
3 1774 1403 1405
3 1774 1772 1773
3 1405 1404 1403
3 1773 1404 1772
3 1774 1403 1772
3 1774 1405 1773
3 1659 1661 1716
3 1775 1661 1776
3 1777 1716 1776
3 1777 1659 1775
3 1776 1661 1716
3 1775 1661 1659
3 1777 1716 1659
3 1777 1776 1775
3 1665 1667 1721
3 1778 1667 1779
3 1780 1721 1779
3 1780 1665 1778
3 1779 1667 1721
3 1778 1667 1665
3 1780 1721 1665
3 1780 1779 1778
3 1671 1673 1726
3 1781 1673 1782
3 1783 1726 1782
3 1783 1671 1781
3 1782 1673 1726
3 1781 1673 1671
3 1783 1726 1671
3 1783 1782 1781
3 1677 1606 1604
3 1784 1606 1785
3 1786 1604 1785
3 1786 1677 1784
3 1785 1606 1604
3 1784 1606 1677
3 1786 1604 1677
3 1786 1785 1784
3 1734 1787 1788
3 1789 1787 1790
3 1791 1788 1790
3 1791 1734 1789
3 1790 1787 1788
3 1789 1787 1734
3 1791 1788 1734
3 1791 1790 1789
3 1740 1792 1793
3 1794 1792 1795
3 1796 1793 1795
3 1796 1740 1794
3 1795 1792 1793
3 1794 1792 1740
3 1796 1793 1740
3 1796 1795 1794
3 1746 1797 1798
3 1799 1797 1800
3 1801 1798 1800
3 1801 1746 1799
3 1800 1797 1798
3 1799 1797 1746
3 1801 1798 1746
3 1801 1800 1799
3 1752 1802 1682
3 1803 1802 1804
3 1805 1682 1804
3 1805 1752 1803
3 1804 1802 1682
3 1803 1802 1752
3 1805 1682 1752
3 1805 1804 1803
3 1806 1807 1808
3 1809 1807 1810
3 1811 1808 1810
3 1811 1806 1809
3 1810 1807 1808
3 1809 1807 1806
3 1811 1808 1806
3 1811 1810 1809
3 1812 1813 1814
3 1815 1813 1816
3 1817 1814 1816
3 1817 1812 1815
3 1816 1813 1814
3 1815 1813 1812
3 1817 1814 1812
3 1817 1816 1815
3 1818 1819 1820
3 1821 1819 1822
3 1823 1820 1822
3 1823 1818 1821
3 1822 1819 1820
3 1821 1819 1818
3 1823 1820 1818
3 1823 1822 1821
3 1824 1825 1759
3 1826 1825 1827
3 1828 1759 1827
3 1828 1824 1826
3 1827 1825 1759
3 1826 1825 1824
3 1828 1759 1824
3 1828 1827 1826
3 1829 1830 1831
3 1832 1830 1833
3 1834 1831 1833
3 1834 1829 1832
3 1833 1830 1831
3 1832 1830 1829
3 1834 1831 1829
3 1834 1833 1832
3 1835 1477 1476
3 1836 1477 1478
3 1837 1476 1478
3 1837 1835 1836
3 1478 1477 1476
3 1836 1477 1835
3 1837 1476 1835
3 1837 1478 1836
3 1838 1474 1473
3 1839 1474 1475
3 1840 1473 1475
3 1840 1838 1839
3 1475 1474 1473
3 1839 1474 1838
3 1840 1473 1838
3 1840 1475 1839
3 1841 1483 1482
3 1842 1483 1484
3 1843 1482 1484
3 1843 1841 1842
3 1484 1483 1482
3 1842 1483 1841
3 1843 1482 1841
3 1843 1484 1842
3 1844 1480 1479
3 1845 1480 1481
3 1846 1479 1481
3 1846 1844 1845
3 1481 1480 1479
3 1845 1480 1844
3 1846 1479 1844
3 1846 1481 1845
3 1734 1736 1788
3 1847 1736 1848
3 1849 1788 1848
3 1849 1734 1847
3 1848 1736 1788
3 1847 1736 1734
3 1849 1788 1734
3 1849 1848 1847
3 1740 1742 1793
3 1850 1742 1851
3 1852 1793 1851
3 1852 1740 1850
3 1851 1742 1793
3 1850 1742 1740
3 1852 1793 1740
3 1852 1851 1850
3 1746 1748 1798
3 1853 1748 1854
3 1855 1798 1854
3 1855 1746 1853
3 1854 1748 1798
3 1853 1748 1746
3 1855 1798 1746
3 1855 1854 1853
3 1752 1684 1682
3 1856 1684 1857
3 1858 1682 1857
3 1858 1752 1856
3 1857 1684 1682
3 1856 1684 1752
3 1858 1682 1752
3 1858 1857 1856
3 1806 1859 1860
3 1861 1859 1862
3 1863 1860 1862
3 1863 1806 1861
3 1862 1859 1860
3 1861 1859 1806
3 1863 1860 1806
3 1863 1862 1861
3 1812 1864 1865
3 1866 1864 1867
3 1868 1865 1867
3 1868 1812 1866
3 1867 1864 1865
3 1866 1864 1812
3 1868 1865 1812
3 1868 1867 1866
3 1818 1869 1870
3 1871 1869 1872
3 1873 1870 1872
3 1873 1818 1871
3 1872 1869 1870
3 1871 1869 1818
3 1873 1870 1818
3 1873 1872 1871
3 1824 1874 1757
3 1875 1874 1876
3 1877 1757 1876
3 1877 1824 1875
3 1876 1874 1757
3 1875 1874 1824
3 1877 1757 1824
3 1877 1876 1875
3 1878 1879 1880
3 1881 1879 1882
3 1883 1880 1882
3 1883 1878 1881
3 1882 1879 1880
3 1881 1879 1878
3 1883 1880 1878
3 1883 1882 1881
3 1884 1885 1886
3 1887 1885 1888
3 1889 1886 1888
3 1889 1884 1887
3 1888 1885 1886
3 1887 1885 1884
3 1889 1886 1884
3 1889 1888 1887
3 1890 1891 1892
3 1893 1891 1894
3 1895 1892 1894
3 1895 1890 1893
3 1894 1891 1892
3 1893 1891 1890
3 1895 1892 1890
3 1895 1894 1893
3 1896 1897 1831
3 1898 1897 1899
3 1900 1831 1899
3 1900 1896 1898
3 1899 1897 1831
3 1898 1897 1896
3 1900 1831 1896
3 1900 1899 1898
3 1901 1554 1553
3 1902 1554 1555
3 1903 1553 1555
3 1903 1901 1902
3 1555 1554 1553
3 1902 1554 1901
3 1903 1553 1901
3 1903 1555 1902
3 1904 1551 1550
3 1905 1551 1552
3 1906 1550 1552
3 1906 1904 1905
3 1552 1551 1550
3 1905 1551 1904
3 1906 1550 1904
3 1906 1552 1905
3 1907 1557 1556
3 1908 1557 1558
3 1909 1556 1558
3 1909 1907 1908
3 1558 1557 1556
3 1908 1557 1907
3 1909 1556 1907
3 1909 1558 1908
3 1910 1560 1559
3 1911 1560 1561
3 1912 1559 1561
3 1912 1910 1911
3 1561 1560 1559
3 1911 1560 1910
3 1912 1559 1910
3 1912 1561 1911
3 1806 1808 1860
3 1913 1808 1914
3 1915 1860 1914
3 1915 1806 1913
3 1914 1808 1860
3 1913 1808 1806
3 1915 1860 1806
3 1915 1914 1913
3 1812 1814 1865
3 1916 1814 1917
3 1918 1865 1917
3 1918 1812 1916
3 1917 1814 1865
3 1916 1814 1812
3 1918 1865 1812
3 1918 1917 1916
3 1818 1820 1870
3 1919 1820 1920
3 1921 1870 1920
3 1921 1818 1919
3 1920 1820 1870
3 1919 1820 1818
3 1921 1870 1818
3 1921 1920 1919
3 1824 1759 1757
3 1922 1759 1923
3 1924 1757 1923
3 1924 1824 1922
3 1923 1759 1757
3 1922 1759 1824
3 1924 1757 1824
3 1924 1923 1922
3 1878 1925 1926
3 1927 1925 1928
3 1929 1926 1928
3 1929 1878 1927
3 1928 1925 1926
3 1927 1925 1878
3 1929 1926 1878
3 1929 1928 1927
3 1884 1930 1931
3 1932 1930 1933
3 1934 1931 1933
3 1934 1884 1932
3 1933 1930 1931
3 1932 1930 1884
3 1934 1931 1884
3 1934 1933 1932
3 1890 1935 1936
3 1937 1935 1938
3 1939 1936 1938
3 1939 1890 1937
3 1938 1935 1936
3 1937 1935 1890
3 1939 1936 1890
3 1939 1938 1937
3 1896 1940 1829
3 1941 1940 1942
3 1943 1829 1942
3 1943 1896 1941
3 1942 1940 1829
3 1941 1940 1896
3 1943 1829 1896
3 1943 1942 1941
3 1944 1945 1946
3 1947 1945 1948
3 1949 1946 1948
3 1949 1944 1947
3 1948 1945 1946
3 1947 1945 1944
3 1949 1946 1944
3 1949 1948 1947
3 1950 1629 1628
3 1951 1629 1630
3 1952 1628 1630
3 1952 1950 1951
3 1630 1629 1628
3 1951 1629 1950
3 1952 1628 1950
3 1952 1630 1951
3 1953 1954 1955
3 1956 1954 1957
3 1958 1955 1957
3 1958 1953 1956
3 1957 1954 1955
3 1956 1954 1953
3 1958 1955 1953
3 1958 1957 1956
3 1959 1960 1961
3 1962 1960 1963
3 1964 1961 1963
3 1964 1959 1962
3 1963 1960 1961
3 1962 1960 1959
3 1964 1961 1959
3 1964 1963 1962
3 1965 1632 1631
3 1966 1632 1633
3 1967 1631 1633
3 1967 1965 1966
3 1633 1632 1631
3 1966 1632 1965
3 1967 1631 1965
3 1967 1633 1966
3 1968 1635 1634
3 1969 1635 1636
3 1970 1634 1636
3 1970 1968 1969
3 1636 1635 1634
3 1969 1635 1968
3 1970 1634 1968
3 1970 1636 1969
3 1971 1638 1637
3 1972 1638 1639
3 1973 1637 1639
3 1973 1971 1972
3 1639 1638 1637
3 1972 1638 1971
3 1973 1637 1971
3 1973 1639 1972
3 1878 1880 1926
3 1974 1880 1975
3 1976 1926 1975
3 1976 1878 1974
3 1975 1880 1926
3 1974 1880 1878
3 1976 1926 1878
3 1976 1975 1974
3 1884 1886 1931
3 1977 1886 1978
3 1979 1931 1978
3 1979 1884 1977
3 1978 1886 1931
3 1977 1886 1884
3 1979 1931 1884
3 1979 1978 1977
3 1890 1892 1936
3 1980 1892 1981
3 1982 1936 1981
3 1982 1890 1980
3 1981 1892 1936
3 1980 1892 1890
3 1982 1936 1890
3 1982 1981 1980
3 1896 1831 1829
3 1983 1831 1984
3 1985 1829 1984
3 1985 1896 1983
3 1984 1831 1829
3 1983 1831 1896
3 1985 1829 1896
3 1985 1984 1983
3 1944 1986 1987
3 1988 1986 1989
3 1990 1987 1989
3 1990 1944 1988
3 1989 1986 1987
3 1988 1986 1944
3 1990 1987 1944
3 1990 1989 1988
3 1991 1992 1993
3 1994 1992 1995
3 1996 1993 1995
3 1996 1991 1994
3 1995 1992 1993
3 1994 1992 1991
3 1996 1993 1991
3 1996 1995 1994
3 1953 1997 1998
3 1999 1997 2000
3 2001 1998 2000
3 2001 1953 1999
3 2000 1997 1998
3 1999 1997 1953
3 2001 1998 1953
3 2001 2000 1999
3 1959 2002 2003
3 2004 2002 2005
3 2006 2003 2005
3 2006 1959 2004
3 2005 2002 2003
3 2004 2002 1959
3 2006 2003 1959
3 2006 2005 2004
3 2007 1707 1706
3 2008 1707 1708
3 2009 1706 1708
3 2009 2007 2008
3 1708 1707 1706
3 2008 1707 2007
3 2009 1706 2007
3 2009 1708 2008
3 2010 2011 2012
3 2013 2011 2014
3 2015 2012 2014
3 2015 2010 2013
3 2014 2011 2012
3 2013 2011 2010
3 2015 2012 2010
3 2015 2014 2013
3 2016 1704 1703
3 2017 1704 1705
3 2018 1703 1705
3 2018 2016 2017
3 1705 1704 1703
3 2017 1704 2016
3 2018 1703 2016
3 2018 1705 2017
3 2019 2020 2021
3 2022 2020 2023
3 2024 2021 2023
3 2024 2019 2022
3 2023 2020 2021
3 2022 2020 2019
3 2024 2021 2019
3 2024 2023 2022
3 2025 1710 1709
3 2026 1710 1711
3 2027 1709 1711
3 2027 2025 2026
3 1711 1710 1709
3 2026 1710 2025
3 2027 1709 2025
3 2027 1711 2026
3 2028 1713 1712
3 2029 1713 1714
3 2030 1712 1714
3 2030 2028 2029
3 1714 1713 1712
3 2029 1713 2028
3 2030 1712 2028
3 2030 1714 2029
3 1944 1946 1987
3 2031 1946 2032
3 2033 1987 2032
3 2033 1944 2031
3 2032 1946 1987
3 2031 1946 1944
3 2033 1987 1944
3 2033 2032 2031
3 1991 2034 1993
3 2035 2034 2036
3 2037 1993 2036
3 2037 1991 2035
3 2036 2034 1993
3 2035 2034 1991
3 2037 1993 1991
3 2037 2036 2035
3 1953 1955 1998
3 2038 1955 2039
3 2040 1998 2039
3 2040 1953 2038
3 2039 1955 1998
3 2038 1955 1953
3 2040 1998 1953
3 2040 2039 2038
3 1959 1961 2003
3 2041 1961 2042
3 2043 2003 2042
3 2043 1959 2041
3 2042 1961 2003
3 2041 1961 1959
3 2043 2003 1959
3 2043 2042 2041
3 2044 2045 2046
3 2047 2045 2048
3 2049 2046 2048
3 2049 2044 2047
3 2048 2045 2046
3 2047 2045 2044
3 2049 2046 2044
3 2049 2048 2047
3 2010 2050 2051
3 2052 2050 2053
3 2054 2051 2053
3 2054 2010 2052
3 2053 2050 2051
3 2052 2050 2010
3 2054 2051 2010
3 2054 2053 2052
3 2055 2056 2057
3 2058 2056 2059
3 2060 2057 2059
3 2060 2055 2058
3 2059 2056 2057
3 2058 2056 2055
3 2060 2057 2055
3 2060 2059 2058
3 2019 2061 2062
3 2063 2061 2064
3 2065 2062 2064
3 2065 2019 2063
3 2064 2061 2062
3 2063 2061 2019
3 2065 2062 2019
3 2065 2064 2063
3 2066 1779 1778
3 2067 1779 1780
3 2068 1778 1780
3 2068 2066 2067
3 1780 1779 1778
3 2067 1779 2066
3 2068 1778 2066
3 2068 1780 2067
3 2069 2070 2071
3 2072 2070 2073
3 2074 2071 2073
3 2074 2069 2072
3 2073 2070 2071
3 2072 2070 2069
3 2074 2071 2069
3 2074 2073 2072
3 2075 1776 1775
3 2076 1776 1777
3 2077 1775 1777
3 2077 2075 2076
3 1777 1776 1775
3 2076 1776 2075
3 2077 1775 2075
3 2077 1777 2076
3 2078 1782 1781
3 2079 1782 1783
3 2080 1781 1783
3 2080 2078 2079
3 1783 1782 1781
3 2079 1782 2078
3 2080 1781 2078
3 2080 1783 2079
3 2081 1785 1784
3 2082 1785 1786
3 2083 1784 1786
3 2083 2081 2082
3 1786 1785 1784
3 2082 1785 2081
3 2083 1784 2081
3 2083 1786 2082
3 2044 2084 2046
3 2085 2084 2086
3 2087 2046 2086
3 2087 2044 2085
3 2086 2084 2046
3 2085 2084 2044
3 2087 2046 2044
3 2087 2086 2085
3 2010 2012 2051
3 2088 2012 2089
3 2090 2051 2089
3 2090 2010 2088
3 2089 2012 2051
3 2088 2012 2010
3 2090 2051 2010
3 2090 2089 2088
3 2055 2091 2057
3 2092 2091 2093
3 2094 2057 2093
3 2094 2055 2092
3 2093 2091 2057
3 2092 2091 2055
3 2094 2057 2055
3 2094 2093 2092
3 2019 2021 2062
3 2095 2021 2096
3 2097 2062 2096
3 2097 2019 2095
3 2096 2021 2062
3 2095 2021 2019
3 2097 2062 2019
3 2097 2096 2095
3 2098 2099 2100
3 2101 2099 2102
3 2103 2100 2102
3 2103 2098 2101
3 2102 2099 2100
3 2101 2099 2098
3 2103 2100 2098
3 2103 2102 2101
3 2069 2104 2105
3 2106 2104 2107
3 2108 2105 2107
3 2108 2069 2106
3 2107 2104 2105
3 2106 2104 2069
3 2108 2105 2069
3 2108 2107 2106
3 2109 2110 2111
3 2112 2110 2113
3 2114 2111 2113
3 2114 2109 2112
3 2113 2110 2111
3 2112 2110 2109
3 2114 2111 2109
3 2114 2113 2112
3 2115 2116 2117
3 2118 2116 2119
3 2120 2117 2119
3 2120 2115 2118
3 2119 2116 2117
3 2118 2116 2115
3 2120 2117 2115
3 2120 2119 2118
3 2121 1851 1850
3 2122 1851 1852
3 2123 1850 1852
3 2123 2121 2122
3 1852 1851 1850
3 2122 1851 2121
3 2123 1850 2121
3 2123 1852 2122
3 2124 1848 1847
3 2125 1848 1849
3 2126 1847 1849
3 2126 2124 2125
3 1849 1848 1847
3 2125 1848 2124
3 2126 1847 2124
3 2126 1849 2125
3 2127 1854 1853
3 2128 1854 1855
3 2129 1853 1855
3 2129 2127 2128
3 1855 1854 1853
3 2128 1854 2127
3 2129 1853 2127
3 2129 1855 2128
3 2130 1857 1856
3 2131 1857 1858
3 2132 1856 1858
3 2132 2130 2131
3 1858 1857 1856
3 2131 1857 2130
3 2132 1856 2130
3 2132 1858 2131
3 2098 2133 2100
3 2134 2133 2135
3 2136 2100 2135
3 2136 2098 2134
3 2135 2133 2100
3 2134 2133 2098
3 2136 2100 2098
3 2136 2135 2134
3 2069 2071 2105
3 2137 2071 2138
3 2139 2105 2138
3 2139 2069 2137
3 2138 2071 2105
3 2137 2071 2069
3 2139 2105 2069
3 2139 2138 2137
3 2109 2140 2111
3 2141 2140 2142
3 2143 2111 2142
3 2143 2109 2141
3 2142 2140 2111
3 2141 2140 2109
3 2143 2111 2109
3 2143 2142 2141
3 2115 2144 2117
3 2145 2144 2146
3 2147 2117 2146
3 2147 2115 2145
3 2146 2144 2117
3 2145 2144 2115
3 2147 2117 2115
3 2147 2146 2145
3 2148 2149 2150
3 2151 2149 2152
3 2153 2150 2152
3 2153 2148 2151
3 2152 2149 2150
3 2151 2149 2148
3 2153 2150 2148
3 2153 2152 2151
3 2154 2155 2156
3 2157 2155 2158
3 2159 2156 2158
3 2159 2154 2157
3 2158 2155 2156
3 2157 2155 2154
3 2159 2156 2154
3 2159 2158 2157
3 2160 2161 2162
3 2163 2161 2164
3 2165 2162 2164
3 2165 2160 2163
3 2164 2161 2162
3 2163 2161 2160
3 2165 2162 2160
3 2165 2164 2163
3 2166 1917 1916
3 2167 1917 1918
3 2168 1916 1918
3 2168 2166 2167
3 1918 1917 1916
3 2167 1917 2166
3 2168 1916 2166
3 2168 1918 2167
3 2169 1914 1913
3 2170 1914 1915
3 2171 1913 1915
3 2171 2169 2170
3 1915 1914 1913
3 2170 1914 2169
3 2171 1913 2169
3 2171 1915 2170
3 2172 1920 1919
3 2173 1920 1921
3 2174 1919 1921
3 2174 2172 2173
3 1921 1920 1919
3 2173 1920 2172
3 2174 1919 2172
3 2174 1921 2173
3 2175 1923 1922
3 2176 1923 1924
3 2177 1922 1924
3 2177 2175 2176
3 1924 1923 1922
3 2176 1923 2175
3 2177 1922 2175
3 2177 1924 2176
3 2148 2178 2150
3 2179 2178 2180
3 2181 2150 2180
3 2181 2148 2179
3 2180 2178 2150
3 2179 2178 2148
3 2181 2150 2148
3 2181 2180 2179
3 2154 2182 2156
3 2183 2182 2184
3 2185 2156 2184
3 2185 2154 2183
3 2184 2182 2156
3 2183 2182 2154
3 2185 2156 2154
3 2185 2184 2183
3 2160 2186 2162
3 2187 2186 2188
3 2189 2162 2188
3 2189 2160 2187
3 2188 2186 2162
3 2187 2186 2160
3 2189 2162 2160
3 2189 2188 2187
3 2190 2191 2192
3 2193 2191 2194
3 2195 2192 2194
3 2195 2190 2193
3 2194 2191 2192
3 2193 2191 2190
3 2195 2192 2190
3 2195 2194 2193
3 2196 2197 2198
3 2199 2197 2200
3 2201 2198 2200
3 2201 2196 2199
3 2200 2197 2198
3 2199 2197 2196
3 2201 2198 2196
3 2201 2200 2199
3 2202 2203 2204
3 2205 2203 2206
3 2207 2204 2206
3 2207 2202 2205
3 2206 2203 2204
3 2205 2203 2202
3 2207 2204 2202
3 2207 2206 2205
3 2208 1978 1977
3 2209 1978 1979
3 2210 1977 1979
3 2210 2208 2209
3 1979 1978 1977
3 2209 1978 2208
3 2210 1977 2208
3 2210 1979 2209
3 2211 1975 1974
3 2212 1975 1976
3 2213 1974 1976
3 2213 2211 2212
3 1976 1975 1974
3 2212 1975 2211
3 2213 1974 2211
3 2213 1976 2212
3 2214 1981 1980
3 2215 1981 1982
3 2216 1980 1982
3 2216 2214 2215
3 1982 1981 1980
3 2215 1981 2214
3 2216 1980 2214
3 2216 1982 2215
3 2217 1984 1983
3 2218 1984 1985
3 2219 1983 1985
3 2219 2217 2218
3 1985 1984 1983
3 2218 1984 2217
3 2219 1983 2217
3 2219 1985 2218
3 2190 2220 2192
3 2221 2220 2222
3 2223 2192 2222
3 2223 2190 2221
3 2222 2220 2192
3 2221 2220 2190
3 2223 2192 2190
3 2223 2222 2221
3 2196 2224 2198
3 2225 2224 2226
3 2227 2198 2226
3 2227 2196 2225
3 2226 2224 2198
3 2225 2224 2196
3 2227 2198 2196
3 2227 2226 2225
3 2202 2228 2204
3 2229 2228 2230
3 2231 2204 2230
3 2231 2202 2229
3 2230 2228 2204
3 2229 2228 2202
3 2231 2204 2202
3 2231 2230 2229
3 2232 2233 2234
3 2235 2233 2236
3 2237 2234 2236
3 2237 2232 2235
3 2236 2233 2234
3 2235 2233 2232
3 2237 2234 2232
3 2237 2236 2235
3 2238 2239 2240
3 2241 2239 2242
3 2243 2240 2242
3 2243 2238 2241
3 2242 2239 2240
3 2241 2239 2238
3 2243 2240 2238
3 2243 2242 2241
3 2244 2245 2246
3 2247 2245 2248
3 2249 2246 2248
3 2249 2244 2247
3 2248 2245 2246
3 2247 2245 2244
3 2249 2246 2244
3 2249 2248 2247
3 2250 2039 2038
3 2251 2039 2040
3 2252 2038 2040
3 2252 2250 2251
3 2040 2039 2038
3 2251 2039 2250
3 2252 2038 2250
3 2252 2040 2251
3 2253 2032 2031
3 2254 2032 2033
3 2255 2031 2033
3 2255 2253 2254
3 2033 2032 2031
3 2254 2032 2253
3 2255 2031 2253
3 2255 2033 2254
3 2256 2042 2041
3 2257 2042 2043
3 2258 2041 2043
3 2258 2256 2257
3 2043 2042 2041
3 2257 2042 2256
3 2258 2041 2256
3 2258 2043 2257
3 2232 2259 2234
3 2260 2259 2261
3 2262 2234 2261
3 2262 2232 2260
3 2261 2259 2234
3 2260 2259 2232
3 2262 2234 2232
3 2262 2261 2260
3 2238 2263 2240
3 2264 2263 2265
3 2266 2240 2265
3 2266 2238 2264
3 2265 2263 2240
3 2264 2263 2238
3 2266 2240 2238
3 2266 2265 2264
3 2244 2267 2246
3 2268 2267 2269
3 2270 2246 2269
3 2270 2244 2268
3 2269 2267 2246
3 2268 2267 2244
3 2270 2246 2244
3 2270 2269 2268
3 2271 2272 2273
3 2274 2272 2275
3 2276 2273 2275
3 2276 2271 2274
3 2275 2272 2273
3 2274 2272 2271
3 2276 2273 2271
3 2276 2275 2274
3 2277 2278 2279
3 2280 2278 2281
3 2282 2279 2281
3 2282 2277 2280
3 2281 2278 2279
3 2280 2278 2277
3 2282 2279 2277
3 2282 2281 2280
3 2283 2284 2285
3 2286 2284 2287
3 2288 2285 2287
3 2288 2283 2286
3 2287 2284 2285
3 2286 2284 2283
3 2288 2285 2283
3 2288 2287 2286
3 2289 2096 2095
3 2290 2096 2097
3 2291 2095 2097
3 2291 2289 2290
3 2097 2096 2095
3 2290 2096 2289
3 2291 2095 2289
3 2291 2097 2290
3 2292 2089 2088
3 2293 2089 2090
3 2294 2088 2090
3 2294 2292 2293
3 2090 2089 2088
3 2293 2089 2292
3 2294 2088 2292
3 2294 2090 2293
3 2271 2295 2273
3 2296 2295 2297
3 2298 2273 2297
3 2298 2271 2296
3 2297 2295 2273
3 2296 2295 2271
3 2298 2273 2271
3 2298 2297 2296
3 2277 2299 2279
3 2300 2299 2301
3 2302 2279 2301
3 2302 2277 2300
3 2301 2299 2279
3 2300 2299 2277
3 2302 2279 2277
3 2302 2301 2300
3 2283 2303 2285
3 2304 2303 2305
3 2306 2285 2305
3 2306 2283 2304
3 2305 2303 2285
3 2304 2303 2283
3 2306 2285 2283
3 2306 2305 2304
3 2307 2308 2309
3 2310 2308 2311
3 2312 2309 2311
3 2312 2307 2310
3 2311 2308 2309
3 2310 2308 2307
3 2312 2309 2307
3 2312 2311 2310
3 2313 2314 2315
3 2316 2314 2317
3 2318 2315 2317
3 2318 2313 2316
3 2317 2314 2315
3 2316 2314 2313
3 2318 2315 2313
3 2318 2317 2316
3 2319 2320 2321
3 2322 2320 2323
3 2324 2321 2323
3 2324 2319 2322
3 2323 2320 2321
3 2322 2320 2319
3 2324 2321 2319
3 2324 2323 2322
3 2325 2138 2137
3 2326 2138 2139
3 2327 2137 2139
3 2327 2325 2326
3 2139 2138 2137
3 2326 2138 2325
3 2327 2137 2325
3 2327 2139 2326
3 2307 2328 2309
3 2329 2328 2330
3 2331 2309 2330
3 2331 2307 2329
3 2330 2328 2309
3 2329 2328 2307
3 2331 2309 2307
3 2331 2330 2329
3 2313 2332 2315
3 2333 2332 2334
3 2335 2315 2334
3 2335 2313 2333
3 2334 2332 2315
3 2333 2332 2313
3 2335 2315 2313
3 2335 2334 2333
3 2319 2336 2321
3 2337 2336 2338
3 2339 2321 2338
3 2339 2319 2337
3 2338 2336 2321
3 2337 2336 2319
3 2339 2321 2319
3 2339 2338 2337
3 2340 2341 2342
3 2343 2341 2344
3 2345 2342 2344
3 2345 2340 2343
3 2344 2341 2342
3 2343 2341 2340
3 2345 2342 2340
3 2345 2344 2343
3 2346 2347 2348
3 2349 2347 2350
3 2351 2348 2350
3 2351 2346 2349
3 2350 2347 2348
3 2349 2347 2346
3 2351 2348 2346
3 2351 2350 2349
3 2352 2353 2354
3 2355 2353 2356
3 2357 2354 2356
3 2357 2352 2355
3 2356 2353 2354
3 2355 2353 2352
3 2357 2354 2352
3 2357 2356 2355
3 2340 2358 2342
3 2359 2358 2360
3 2361 2342 2360
3 2361 2340 2359
3 2360 2358 2342
3 2359 2358 2340
3 2361 2342 2340
3 2361 2360 2359
3 2346 2362 2348
3 2363 2362 2364
3 2365 2348 2364
3 2365 2346 2363
3 2364 2362 2348
3 2363 2362 2346
3 2365 2348 2346
3 2365 2364 2363
3 2352 2366 2354
3 2367 2366 2368
3 2369 2354 2368
3 2369 2352 2367
3 2368 2366 2354
3 2367 2366 2352
3 2369 2354 2352
3 2369 2368 2367
3 2370 2371 2372
3 2373 2371 2374
3 2375 2372 2374
3 2375 2370 2373
3 2374 2371 2372
3 2373 2371 2370
3 2375 2372 2370
3 2375 2374 2373
3 2376 2377 2378
3 2379 2377 2380
3 2381 2378 2380
3 2381 2376 2379
3 2380 2377 2378
3 2379 2377 2376
3 2381 2378 2376
3 2381 2380 2379
3 2370 2382 2372
3 2383 2382 2384
3 2385 2372 2384
3 2385 2370 2383
3 2384 2382 2372
3 2383 2382 2370
3 2385 2372 2370
3 2385 2384 2383
3 2376 2386 2378
3 2387 2386 2388
3 2389 2378 2388
3 2389 2376 2387
3 2388 2386 2378
3 2387 2386 2376
3 2389 2378 2376
3 2389 2388 2387
3 2390 2391 2392
3 2393 2391 2394
3 2395 2392 2394
3 2395 2390 2393
3 2394 2391 2392
3 2393 2391 2390
3 2395 2392 2390
3 2395 2394 2393
3 2396 2397 2398
3 2399 2397 2400
3 2401 2398 2400
3 2401 2396 2399
3 2400 2397 2398
3 2399 2397 2396
3 2401 2398 2396
3 2401 2400 2399
3 2390 2402 2392
3 2403 2402 2404
3 2405 2392 2404
3 2405 2390 2403
3 2404 2402 2392
3 2403 2402 2390
3 2405 2392 2390
3 2405 2404 2403
3 2396 2406 2398
3 2407 2406 2408
3 2409 2398 2408
3 2409 2396 2407
3 2408 2406 2398
3 2407 2406 2396
3 2409 2398 2396
3 2409 2408 2407
3 2410 2411 2412
3 2413 2411 2414
3 2415 2412 2414
3 2415 2410 2413
3 2414 2411 2412
3 2413 2411 2410
3 2415 2412 2410
3 2415 2414 2413
3 2410 2416 2412
3 2417 2416 2418
3 2419 2412 2418
3 2419 2410 2417
3 2418 2416 2412
3 2417 2416 2410
3 2419 2412 2410
3 2419 2418 2417
3 2420 2421 2422
3 2423 2421 2424
3 2425 2422 2424
3 2425 2420 2423
3 2424 2421 2422
3 2423 2421 2420
3 2425 2422 2420
3 2425 2424 2423
3 2426 2427 2428
3 2429 2427 2430
3 2431 2428 2430
3 2431 2426 2429
3 2430 2427 2428
3 2429 2427 2426
3 2431 2428 2426
3 2431 2430 2429
3 2432 2433 2434
3 2435 2433 2436
3 2437 2434 2436
3 2437 2432 2435
3 2436 2433 2434
3 2435 2433 2432
3 2437 2434 2432
3 2437 2436 2435
3 2426 2438 2428
3 2439 2438 2440
3 2441 2428 2440
3 2441 2426 2439
3 2440 2438 2428
3 2439 2438 2426
3 2441 2428 2426
3 2441 2440 2439
3 2442 2443 2444
3 2445 2443 2446
3 2447 2444 2446
3 2447 2442 2445
3 2446 2443 2444
3 2445 2443 2442
3 2447 2444 2442
3 2447 2446 2445
3 2448 2449 2450
3 2451 2449 2452
3 2453 2450 2452
3 2453 2448 2451
3 2452 2449 2450
3 2451 2449 2448
3 2453 2450 2448
3 2453 2452 2451
3 2454 2455 2456
3 2457 2455 2458
3 2459 2456 2458
3 2459 2454 2457
3 2458 2455 2456
3 2457 2455 2454
3 2459 2456 2454
3 2459 2458 2457
3 0 1 2
3 43 1 2
3 59 1 0
3 44 1 43
3 84 2 0
3 44 1 59
3 51 2 43
3 51 2 84
3 72 0 59
3 72 0 84
3 42 43 44
3 42 43 51
3 58 59 44
3 58 59 72
3 83 84 51
3 58 44 42
3 83 84 72
3 83 51 42
3 83 72 58
3 83 42 58
3 3 1 4
3 64 1 4
3 89 1 3
3 65 1 64
3 114 4 3
3 65 1 89
3 76 4 64
3 76 4 114
3 105 3 89
3 105 3 114
3 63 64 65
3 63 64 76
3 88 89 65
3 88 89 105
3 113 114 76
3 88 65 63
3 113 114 105
3 113 76 63
3 113 105 88
3 113 63 88
3 5 2 4
3 94 2 4
3 119 2 5
3 95 2 94
3 147 4 5
3 95 2 119
3 109 4 94
3 109 4 147
3 138 5 119
3 138 5 147
3 93 94 95
3 93 94 109
3 118 119 95
3 118 119 138
3 146 147 109
3 118 95 93
3 146 147 138
3 146 109 93
3 146 138 118
3 146 93 118
3 5 0 3
3 124 0 3
3 152 0 5
3 125 0 124
3 183 3 5
3 125 0 152
3 142 3 124
3 142 3 183
3 174 5 152
3 174 5 183
3 123 124 125
3 123 124 142
3 151 152 125
3 151 152 174
3 182 183 142
3 151 125 123
3 182 183 174
3 182 142 123
3 182 174 151
3 182 123 151
3 8 6 7
3 157 6 7
3 188 6 8
3 158 6 157
3 222 7 8
3 158 6 188
3 178 7 157
3 178 7 222
3 213 8 188
3 213 8 222
3 156 157 158
3 156 157 178
3 187 188 158
3 187 188 213
3 221 222 178
3 187 158 156
3 221 222 213
3 221 178 156
3 221 213 187
3 221 156 187
3 11 9 10
3 193 9 10
3 227 9 11
3 194 9 193
3 261 10 11
3 194 9 227
3 217 10 193
3 217 10 261
3 252 11 227
3 252 11 261
3 192 193 194
3 192 193 217
3 226 227 194
3 226 227 252
3 260 261 217
3 226 194 192
3 260 261 252
3 260 217 192
3 260 252 226
3 260 192 226
3 14 12 13
3 2460 12 13
3 295 12 14
3 333 12 2460
3 342 13 14
3 333 12 295
3 379 13 2460
3 379 13 342
3 296 14 295
3 296 14 342
3 334 2460 333
3 334 2460 379
3 294 295 333
3 294 295 296
3 341 342 379
3 294 333 334
3 341 342 296
3 341 379 334
3 341 296 294
3 341 334 294
3 17 15 16
3 232 15 16
3 269 15 17
3 233 15 232
3 312 16 17
3 233 15 269
3 256 16 232
3 256 16 312
3 300 17 269
3 300 17 312
3 231 232 233
3 231 232 256
3 268 269 233
3 268 269 300
3 311 312 256
3 268 233 231
3 311 312 300
3 311 256 231
3 311 300 268
3 311 231 268
3 23 21 22
3 2461 21 22
3 350 21 23
3 386 21 2461
3 395 22 23
3 386 21 350
3 435 22 2461
3 435 22 395
3 351 23 350
3 351 23 395
3 387 2461 386
3 387 2461 435
3 349 350 386
3 349 350 351
3 394 395 435
3 349 386 387
3 394 395 351
3 394 435 387
3 394 351 349
3 394 387 349
3 26 24 25
3 274 24 25
3 320 24 26
3 275 24 274
3 363 25 26
3 275 24 320
3 304 25 274
3 304 25 363
3 355 26 320
3 355 26 363
3 273 274 275
3 273 274 304
3 319 320 275
3 319 320 355
3 362 363 304
3 319 275 273
3 362 363 355
3 362 304 273
3 362 355 319
3 362 273 319
3 32 30 31
3 2462 30 31
3 403 30 32
3 442 30 2462
3 453 31 32
3 442 30 403
3 498 31 2462
3 498 31 453
3 404 32 403
3 404 32 453
3 443 2462 442
3 443 2462 498
3 402 403 442
3 402 403 404
3 452 453 498
3 402 442 443
3 452 453 404
3 452 498 443
3 452 404 402
3 452 443 402
3 35 33 34
3 2463 33 34
3 409 33 35
3 447 33 2463
3 458 34 35
3 447 33 409
3 502 34 2463
3 502 34 458
3 410 35 409
3 410 35 458
3 448 2463 447
3 448 2463 502
3 408 409 447
3 408 409 410
3 457 458 502
3 408 447 448
3 457 458 410
3 457 502 448
3 457 410 408
3 457 448 408
3 47 42 45
3 2464 42 45
3 463 42 47
3 506 42 2464
3 517 45 47
3 506 42 463
3 562 45 2464
3 562 45 517
3 464 47 463
3 464 47 517
3 507 2464 506
3 507 2464 562
3 462 463 506
3 462 463 464
3 516 517 562
3 462 506 507
3 516 517 464
3 516 562 507
3 516 464 462
3 516 507 462
3 50 48 49
3 2465 48 49
3 469 48 50
3 511 48 2465
3 522 49 50
3 511 48 469
3 566 49 2465
3 566 49 522
3 470 50 469
3 470 50 522
3 512 2465 511
3 512 2465 566
3 468 469 511
3 468 469 470
3 521 522 566
3 468 511 512
3 521 522 470
3 521 566 512
3 521 470 468
3 521 512 468
3 62 58 60
3 2466 58 60
3 2467 58 62
3 571 58 2466
3 587 60 62
3 571 58 2467
3 632 60 2466
3 632 60 587
3 588 62 2467
3 588 62 587
3 572 2466 571
3 572 2466 632
3 570 2467 571
3 570 2467 588
3 586 587 632
3 570 571 572
3 586 587 588
3 586 632 572
3 586 588 570
3 586 572 570
3 68 63 66
3 2468 63 66
3 527 63 68
3 576 63 2468
3 593 66 68
3 576 63 527
3 636 66 2468
3 636 66 593
3 528 68 527
3 528 68 593
3 577 2468 576
3 577 2468 636
3 526 527 576
3 526 527 528
3 592 593 636
3 526 576 577
3 592 593 528
3 592 636 577
3 592 528 526
3 592 577 526
3 71 69 70
3 2469 69 70
3 533 69 71
3 581 69 2469
3 598 70 71
3 581 69 533
3 640 70 2469
3 640 70 598
3 534 71 533
3 534 71 598
3 582 2469 581
3 582 2469 640
3 532 533 581
3 532 533 534
3 597 598 640
3 532 581 582
3 597 598 534
3 597 640 582
3 597 534 532
3 597 582 532
3 87 83 85
3 2470 83 85
3 2471 83 87
3 2472 83 2470
3 656 85 87
3 2472 83 2471
3 705 85 2470
3 705 85 656
3 657 87 2471
3 657 87 656
3 706 2470 2472
3 706 2470 705
3 773 2471 2472
3 773 2471 657
3 655 656 705
3 773 2472 706
3 655 656 657
3 655 705 706
3 655 657 773
3 655 706 773
3 92 88 90
3 2473 88 90
3 2474 88 92
3 645 88 2473
3 662 90 92
3 645 88 2474
3 710 90 2473
3 710 90 662
3 663 92 2474
3 663 92 662
3 646 2473 645
3 646 2473 710
3 644 2474 645
3 644 2474 663
3 661 662 710
3 644 645 646
3 661 662 663
3 661 710 646
3 661 663 644
3 661 646 644
3 98 93 96
3 2475 93 96
3 603 93 98
3 650 93 2475
3 668 96 98
3 650 93 603
3 714 96 2475
3 714 96 668
3 604 98 603
3 604 98 668
3 651 2475 650
3 651 2475 714
3 602 603 650
3 602 603 604
3 667 668 714
3 602 650 651
3 667 668 604
3 667 714 651
3 667 604 602
3 667 651 602
3 117 113 115
3 2476 113 115
3 2477 113 117
3 2478 113 2476
3 730 115 117
3 2478 113 2477
3 783 115 2476
3 783 115 730
3 731 117 2477
3 731 117 730
3 784 2476 2478
3 784 2476 783
3 851 2477 2478
3 851 2477 731
3 729 730 783
3 851 2478 784
3 729 730 731
3 729 783 784
3 729 731 851
3 729 784 851
3 122 118 120
3 2479 118 120
3 2480 118 122
3 719 118 2479
3 736 120 122
3 719 118 2480
3 788 120 2479
3 788 120 736
3 737 122 2480
3 737 122 736
3 720 2479 719
3 720 2479 788
3 718 2480 719
3 718 2480 737
3 735 736 788
3 718 719 720
3 735 736 737
3 735 788 720
3 735 737 718
3 735 720 718
3 128 123 126
3 2481 123 126
3 673 123 128
3 724 123 2481
3 742 126 128
3 724 123 673
3 792 126 2481
3 792 126 742
3 674 128 673
3 674 128 742
3 725 2481 724
3 725 2481 792
3 672 673 724
3 672 673 674
3 741 742 792
3 672 724 725
3 741 742 674
3 741 792 725
3 741 674 672
3 741 725 672
3 150 146 148
3 2482 146 148
3 2483 146 150
3 2484 146 2482
3 808 148 150
3 2484 146 2483
3 861 148 2482
3 861 148 808
3 809 150 2483
3 809 150 808
3 862 2482 2484
3 862 2482 861
3 929 2483 2484
3 929 2483 809
3 807 808 861
3 929 2484 862
3 807 808 809
3 807 861 862
3 807 809 929
3 807 862 929
3 155 151 153
3 2485 151 153
3 2486 151 155
3 797 151 2485
3 814 153 155
3 797 151 2486
3 866 153 2485
3 866 153 814
3 815 155 2486
3 815 155 814
3 798 2485 797
3 798 2485 866
3 796 2486 797
3 796 2486 815
3 813 814 866
3 796 797 798
3 813 814 815
3 813 866 798
3 813 815 796
3 813 798 796
3 161 156 159
3 2487 156 159
3 747 156 161
3 802 156 2487
3 820 159 161
3 802 156 747
3 870 159 2487
3 870 159 820
3 748 161 747
3 748 161 820
3 803 2487 802
3 803 2487 870
3 746 747 802
3 746 747 748
3 819 820 870
3 746 802 803
3 819 820 748
3 819 870 803
3 819 748 746
3 819 803 746
3 186 182 184
3 2488 182 184
3 2489 182 186
3 2490 182 2488
3 886 184 186
3 2490 182 2489
3 939 184 2488
3 939 184 886
3 887 186 2489
3 887 186 886
3 940 2488 2490
3 940 2488 939
3 1007 2489 2490
3 1007 2489 887
3 885 886 939
3 1007 2490 940
3 885 886 887
3 885 939 940
3 885 887 1007
3 885 940 1007
3 191 187 189
3 2491 187 189
3 2492 187 191
3 875 187 2491
3 892 189 191
3 875 187 2492
3 944 189 2491
3 944 189 892
3 893 191 2492
3 893 191 892
3 876 2491 875
3 876 2491 944
3 874 2492 875
3 874 2492 893
3 891 892 944
3 874 875 876
3 891 892 893
3 891 944 876
3 891 893 874
3 891 876 874
3 197 192 195
3 2493 192 195
3 825 192 197
3 880 192 2493
3 898 195 197
3 880 192 825
3 948 195 2493
3 948 195 898
3 826 197 825
3 826 197 898
3 881 2493 880
3 881 2493 948
3 824 825 880
3 824 825 826
3 897 898 948
3 824 880 881
3 897 898 826
3 897 948 881
3 897 826 824
3 897 881 824
3 225 221 223
3 2494 221 223
3 2495 221 225
3 2496 221 2494
3 964 223 225
3 2496 221 2495
3 1017 223 2494
3 1017 223 964
3 965 225 2495
3 965 225 964
3 1018 2494 2496
3 1018 2494 1017
3 1088 2495 2496
3 1088 2495 965
3 963 964 1017
3 1088 2496 1018
3 963 964 965
3 963 1017 1018
3 963 965 1088
3 963 1018 1088
3 230 226 228
3 2497 226 228
3 2498 226 230
3 953 226 2497
3 970 228 230
3 953 226 2498
3 1022 228 2497
3 1022 228 970
3 971 230 2498
3 971 230 970
3 954 2497 953
3 954 2497 1022
3 952 2498 953
3 952 2498 971
3 969 970 1022
3 952 953 954
3 969 970 971
3 969 1022 954
3 969 971 952
3 969 954 952
3 236 231 234
3 2499 231 234
3 903 231 236
3 958 231 2499
3 976 234 236
3 958 231 903
3 1026 234 2499
3 1026 234 976
3 904 236 903
3 904 236 976
3 959 2499 958
3 959 2499 1026
3 902 903 958
3 902 903 904
3 975 976 1026
3 902 958 959
3 975 976 904
3 975 1026 959
3 975 904 902
3 975 959 902
3 264 260 262
3 2500 260 262
3 2501 260 264
3 2502 260 2500
3 1048 262 264
3 2502 260 2501
3 1098 262 2500
3 1098 262 1048
3 1049 264 2501
3 1049 264 1048
3 1099 2500 2502
3 1099 2500 1098
3 1167 2501 2502
3 1167 2501 1049
3 1047 1048 1098
3 1167 2502 1099
3 1047 1048 1049
3 1047 1098 1099
3 1047 1049 1167
3 1047 1099 1167
3 267 265 266
3 2503 265 266
3 2504 265 267
3 1031 265 2503
3 2505 266 267
3 1031 265 2504
3 1104 266 2503
3 1104 266 2505
3 1171 267 2504
3 1171 267 2505
3 1032 2503 1031
3 1032 2503 1104
3 1030 2504 1031
3 1030 2504 1171
3 1103 2505 1104
3 1030 1031 1032
3 1103 2505 1171
3 1103 1104 1032
3 1103 1171 1030
3 1103 1032 1030
3 272 268 270
3 2506 268 270
3 2507 268 272
3 1037 268 2506
3 1057 270 272
3 1037 268 2507
3 1108 270 2506
3 1108 270 1057
3 1058 272 2507
3 1058 272 1057
3 1038 2506 1037
3 1038 2506 1108
3 1036 2507 1037
3 1036 2507 1058
3 1056 1057 1108
3 1036 1037 1038
3 1056 1057 1058
3 1056 1108 1038
3 1056 1058 1036
3 1056 1038 1036
3 278 273 276
3 2508 273 276
3 981 273 278
3 1042 273 2508
3 1063 276 278
3 1042 273 981
3 1112 276 2508
3 1112 276 1063
3 982 278 981
3 982 278 1063
3 1043 2508 1042
3 1043 2508 1112
3 980 981 1042
3 980 981 982
3 1062 1063 1112
3 980 1042 1043
3 1062 1063 982
3 1062 1112 1043
3 1062 982 980
3 1062 1043 980
3 310 308 309
3 2509 308 309
3 2510 308 310
3 2511 308 2509
3 2512 309 310
3 2511 308 2510
3 1182 309 2509
3 1182 309 2512
3 1249 310 2510
3 1249 310 2512
3 1183 2509 2511
3 1183 2509 1182
3 1250 2510 2511
3 1250 2510 1249
3 1181 2512 1182
3 1250 2511 1183
3 1181 2512 1249
3 1181 1182 1183
3 1181 1249 1250
3 1181 1183 1250
3 315 311 313
3 2513 311 313
3 2514 311 315
3 2515 311 2513
3 1132 313 315
3 2515 311 2514
3 1187 313 2513
3 1187 313 1132
3 1133 315 2514
3 1133 315 1132
3 1188 2513 2515
3 1188 2513 1187
3 1254 2514 2515
3 1254 2514 1133
3 1131 1132 1187
3 1254 2515 1188
3 1131 1132 1133
3 1131 1187 1188
3 1131 1133 1254
3 1131 1188 1254
3 318 316 317
3 2516 316 317
3 2517 316 318
3 1117 316 2516
3 2518 317 318
3 1117 316 2517
3 1193 317 2516
3 1193 317 2518
3 1258 318 2517
3 1258 318 2518
3 1118 2516 1117
3 1118 2516 1193
3 1116 2517 1117
3 1116 2517 1258
3 1192 2518 1193
3 1116 1117 1118
3 1192 2518 1258
3 1192 1193 1118
3 1192 1258 1116
3 1192 1118 1116
3 323 319 321
3 2519 319 321
3 2520 319 323
3 1123 319 2519
3 1141 321 323
3 1123 319 2520
3 1197 321 2519
3 1197 321 1141
3 1142 323 2520
3 1142 323 1141
3 1124 2519 1123
3 1124 2519 1197
3 1122 2520 1123
3 1122 2520 1142
3 1140 1141 1197
3 1122 1123 1124
3 1140 1141 1142
3 1140 1197 1124
3 1140 1142 1122
3 1140 1124 1122
3 361 359 360
3 2521 359 360
3 2522 359 361
3 2523 359 2521
3 2524 360 361
3 2523 359 2522
3 1266 360 2521
3 1266 360 2524
3 1328 361 2522
3 1328 361 2524
3 1267 2521 2523
3 1267 2521 1266
3 1329 2522 2523
3 1329 2522 1328
3 1265 2524 1266
3 1329 2523 1267
3 1265 2524 1328
3 1265 1266 1267
3 1265 1328 1329
3 1265 1267 1329
3 366 362 364
3 2525 362 364
3 2526 362 366
3 2527 362 2525
3 1217 364 366
3 2527 362 2526
3 1271 364 2525
3 1271 364 1217
3 1218 366 2526
3 1218 366 1217
3 1272 2525 2527
3 1272 2525 1271
3 1333 2526 2527
3 1333 2526 1218
3 1216 1217 1271
3 1333 2527 1272
3 1216 1217 1218
3 1216 1271 1272
3 1216 1218 1333
3 1216 1272 1333
3 369 367 368
3 2528 367 368
3 2529 367 369
3 1202 367 2528
3 2530 368 369
3 1202 367 2529
3 1277 368 2528
3 1277 368 2530
3 1337 369 2529
3 1337 369 2530
3 1203 2528 1202
3 1203 2528 1277
3 1201 2529 1202
3 1201 2529 1337
3 1276 2530 1277
3 1201 1202 1203
3 1276 2530 1337
3 1276 1277 1203
3 1276 1337 1201
3 1276 1203 1201
3 372 370 371
3 2531 370 371
3 2532 370 372
3 1208 370 2531
3 2533 371 372
3 1208 370 2532
3 1282 371 2531
3 1282 371 2533
3 1341 372 2532
3 1341 372 2533
3 1209 2531 1208
3 1209 2531 1282
3 1207 2532 1208
3 1207 2532 1341
3 1281 2533 1282
3 1207 1208 1209
3 1281 2533 1341
3 1281 1282 1209
3 1281 1341 1207
3 1281 1209 1207
3 416 414 415
3 2534 414 415
3 2535 414 416
3 2536 414 2534
3 2537 415 416
3 2536 414 2535
3 1346 415 2534
3 1346 415 2537
3 1409 416 2535
3 1409 416 2537
3 1347 2534 2536
3 1347 2534 1346
3 1410 2535 2536
3 1410 2535 1409
3 1345 2537 1346
3 1410 2536 1347
3 1345 2537 1409
3 1345 1346 1347
3 1345 1409 1410
3 1345 1347 1410
3 419 417 418
3 2538 417 418
3 2539 417 419
3 2540 417 2538
3 2541 418 419
3 2540 417 2539
3 1352 418 2538
3 1352 418 2541
3 1414 419 2539
3 1414 419 2541
3 1353 2538 2540
3 1353 2538 1352
3 1415 2539 2540
3 1415 2539 1414
3 1351 2541 1352
3 1415 2540 1353
3 1351 2541 1414
3 1351 1352 1353
3 1351 1414 1415
3 1351 1353 1415
3 422 420 421
3 2542 420 421
3 2543 420 422
3 1287 420 2542
3 2544 421 422
3 1287 420 2543
3 1358 421 2542
3 1358 421 2544
3 1419 422 2543
3 1419 422 2544
3 1288 2542 1287
3 1288 2542 1358
3 1286 2543 1287
3 1286 2543 1419
3 1357 2544 1358
3 1286 1287 1288
3 1357 2544 1419
3 1357 1358 1288
3 1357 1419 1286
3 1357 1288 1286
3 425 423 424
3 2545 423 424
3 2546 423 425
3 1293 423 2545
3 2547 424 425
3 1293 423 2546
3 1363 424 2545
3 1363 424 2547
3 1423 425 2546
3 1423 425 2547
3 1294 2545 1293
3 1294 2545 1363
3 1292 2546 1293
3 1292 2546 1423
3 1362 2547 1363
3 1292 1293 1294
3 1362 2547 1423
3 1362 1363 1294
3 1362 1423 1292
3 1362 1294 1292
3 476 474 475
3 2548 474 475
3 2549 474 476
3 2550 474 2548
3 2551 475 476
3 2550 474 2549
3 1428 475 2548
3 1428 475 2551
3 1485 476 2549
3 1485 476 2551
3 1429 2548 2550
3 1429 2548 1428
3 1486 2549 2550
3 1486 2549 1485
3 1427 2551 1428
3 1486 2550 1429
3 1427 2551 1485
3 1427 1428 1429
3 1427 1485 1486
3 1427 1429 1486
3 479 477 478
3 2552 477 478
3 2553 477 479
3 2554 477 2552
3 2555 478 479
3 2554 477 2553
3 1434 478 2552
3 1434 478 2555
3 1490 479 2553
3 1490 479 2555
3 1435 2552 2554
3 1435 2552 1434
3 1491 2553 2554
3 1491 2553 1490
3 1433 2555 1434
3 1491 2554 1435
3 1433 2555 1490
3 1433 1434 1435
3 1433 1490 1491
3 1433 1435 1491
3 482 480 481
3 2556 480 481
3 2557 480 482
3 1368 480 2556
3 2558 481 482
3 1368 480 2557
3 1440 481 2556
3 1440 481 2558
3 1495 482 2557
3 1495 482 2558
3 1369 2556 1368
3 1369 2556 1440
3 1367 2557 1368
3 1367 2557 1495
3 1439 2558 1440
3 1367 1368 1369
3 1439 2558 1495
3 1439 1440 1369
3 1439 1495 1367
3 1439 1369 1367
3 485 483 484
3 2559 483 484
3 2560 483 485
3 1374 483 2559
3 2561 484 485
3 1374 483 2560
3 1445 484 2559
3 1445 484 2561
3 1499 485 2560
3 1499 485 2561
3 1375 2559 1374
3 1375 2559 1445
3 1373 2560 1374
3 1373 2560 1499
3 1444 2561 1445
3 1373 1374 1375
3 1444 2561 1499
3 1444 1445 1375
3 1444 1499 1373
3 1444 1375 1373
3 540 538 539
3 2562 538 539
3 2563 538 540
3 2564 538 2562
3 2565 539 540
3 2564 538 2563
3 1504 539 2562
3 1504 539 2565
3 1562 540 2563
3 1562 540 2565
3 1505 2562 2564
3 1505 2562 1504
3 1563 2563 2564
3 1563 2563 1562
3 1503 2565 1504
3 1563 2564 1505
3 1503 2565 1562
3 1503 1504 1505
3 1503 1562 1563
3 1503 1505 1563
3 543 541 542
3 2566 541 542
3 2567 541 543
3 2568 541 2566
3 2569 542 543
3 2568 541 2567
3 1510 542 2566
3 1510 542 2569
3 1567 543 2567
3 1567 543 2569
3 1511 2566 2568
3 1511 2566 1510
3 1568 2567 2568
3 1568 2567 1567
3 1509 2569 1510
3 1568 2568 1511
3 1509 2569 1567
3 1509 1510 1511
3 1509 1567 1568
3 1509 1511 1568
3 546 544 545
3 2570 544 545
3 2571 544 546
3 2572 544 2570
3 2573 545 546
3 2572 544 2571
3 1516 545 2570
3 1516 545 2573
3 1572 546 2571
3 1572 546 2573
3 1517 2570 2572
3 1517 2570 1516
3 1573 2571 2572
3 1573 2571 1572
3 1515 2573 1516
3 1573 2572 1517
3 1515 2573 1572
3 1515 1516 1517
3 1515 1572 1573
3 1515 1517 1573
3 549 547 548
3 2574 547 548
3 2575 547 549
3 1450 547 2574
3 2576 548 549
3 1450 547 2575
3 1522 548 2574
3 1522 548 2576
3 1577 549 2575
3 1577 549 2576
3 1451 2574 1450
3 1451 2574 1522
3 1449 2575 1450
3 1449 2575 1577
3 1521 2576 1522
3 1449 1450 1451
3 1521 2576 1577
3 1521 1522 1451
3 1521 1577 1449
3 1521 1451 1449
3 610 608 609
3 2577 608 609
3 2578 608 610
3 2579 608 2577
3 2580 609 610
3 2579 608 2578
3 1582 609 2577
3 1582 609 2580
3 1640 610 2578
3 1640 610 2580
3 1583 2577 2579
3 1583 2577 1582
3 1641 2578 2579
3 1641 2578 1640
3 1581 2580 1582
3 1641 2579 1583
3 1581 2580 1640
3 1581 1582 1583
3 1581 1640 1641
3 1581 1583 1641
3 613 611 612
3 2581 611 612
3 2582 611 613
3 2583 611 2581
3 2584 612 613
3 2583 611 2582
3 1588 612 2581
3 1588 612 2584
3 1645 613 2582
3 1645 613 2584
3 1589 2581 2583
3 1589 2581 1588
3 1646 2582 2583
3 1646 2582 1645
3 1587 2584 1588
3 1646 2583 1589
3 1587 2584 1645
3 1587 1588 1589
3 1587 1645 1646
3 1587 1589 1646
3 616 614 615
3 2585 614 615
3 2586 614 616
3 2587 614 2585
3 2588 615 616
3 2587 614 2586
3 1594 615 2585
3 1594 615 2588
3 1650 616 2586
3 1650 616 2588
3 1595 2585 2587
3 1595 2585 1594
3 1651 2586 2587
3 1651 2586 1650
3 1593 2588 1594
3 1651 2587 1595
3 1593 2588 1650
3 1593 1594 1595
3 1593 1650 1651
3 1593 1595 1651
3 619 617 618
3 2589 617 618
3 2590 617 619
3 1527 617 2589
3 2591 618 619
3 1527 617 2590
3 1600 618 2589
3 1600 618 2591
3 1655 619 2590
3 1655 619 2591
3 1528 2589 1527
3 1528 2589 1600
3 1526 2590 1527
3 1526 2590 1655
3 1599 2591 1600
3 1526 1527 1528
3 1599 2591 1655
3 1599 1600 1528
3 1599 1655 1526
3 1599 1528 1526
3 680 678 679
3 2592 678 679
3 2593 678 680
3 2594 678 2592
3 2595 679 680
3 2594 678 2593
3 1660 679 2592
3 1660 679 2595
3 1715 680 2593
3 1715 680 2595
3 1661 2592 2594
3 1661 2592 1660
3 1716 2593 2594
3 1716 2593 1715
3 1659 2595 1660
3 1716 2594 1661
3 1659 2595 1715
3 1659 1660 1661
3 1659 1715 1716
3 1659 1661 1716
3 683 681 682
3 2596 681 682
3 2597 681 683
3 2598 681 2596
3 2599 682 683
3 2598 681 2597
3 1666 682 2596
3 1666 682 2599
3 1720 683 2597
3 1720 683 2599
3 1667 2596 2598
3 1667 2596 1666
3 1721 2597 2598
3 1721 2597 1720
3 1665 2599 1666
3 1721 2598 1667
3 1665 2599 1720
3 1665 1666 1667
3 1665 1720 1721
3 1665 1667 1721
3 686 684 685
3 2600 684 685
3 2601 684 686
3 2602 684 2600
3 2603 685 686
3 2602 684 2601
3 1672 685 2600
3 1672 685 2603
3 1725 686 2601
3 1725 686 2603
3 1673 2600 2602
3 1673 2600 1672
3 1726 2601 2602
3 1726 2601 1725
3 1671 2603 1672
3 1726 2602 1673
3 1671 2603 1725
3 1671 1672 1673
3 1671 1725 1726
3 1671 1673 1726
3 689 687 688
3 2604 687 688
3 2605 687 689
3 1605 687 2604
3 2606 688 689
3 1605 687 2605
3 1678 688 2604
3 1678 688 2606
3 1730 689 2605
3 1730 689 2606
3 1606 2604 1605
3 1606 2604 1678
3 1604 2605 1605
3 1604 2605 1730
3 1677 2606 1678
3 1604 1605 1606
3 1677 2606 1730
3 1677 1678 1606
3 1677 1730 1604
3 1677 1606 1604
3 754 752 753
3 2607 752 753
3 2608 752 754
3 2609 752 2607
3 2610 753 754
3 2609 752 2608
3 1735 753 2607
3 1735 753 2610
3 1787 754 2608
3 1787 754 2610
3 1736 2607 2609
3 1736 2607 1735
3 1788 2608 2609
3 1788 2608 1787
3 1734 2610 1735
3 1788 2609 1736
3 1734 2610 1787
3 1734 1735 1736
3 1734 1787 1788
3 1734 1736 1788
3 757 755 756
3 2611 755 756
3 2612 755 757
3 2613 755 2611
3 2614 756 757
3 2613 755 2612
3 1741 756 2611
3 1741 756 2614
3 1792 757 2612
3 1792 757 2614
3 1742 2611 2613
3 1742 2611 1741
3 1793 2612 2613
3 1793 2612 1792
3 1740 2614 1741
3 1793 2613 1742
3 1740 2614 1792
3 1740 1741 1742
3 1740 1792 1793
3 1740 1742 1793
3 760 758 759
3 2615 758 759
3 2616 758 760
3 2617 758 2615
3 2618 759 760
3 2617 758 2616
3 1747 759 2615
3 1747 759 2618
3 1797 760 2616
3 1797 760 2618
3 1748 2615 2617
3 1748 2615 1747
3 1798 2616 2617
3 1798 2616 1797
3 1746 2618 1747
3 1798 2617 1748
3 1746 2618 1797
3 1746 1747 1748
3 1746 1797 1798
3 1746 1748 1798
3 763 761 762
3 2619 761 762
3 2620 761 763
3 1683 761 2619
3 2621 762 763
3 1683 761 2620
3 1753 762 2619
3 1753 762 2621
3 1802 763 2620
3 1802 763 2621
3 1684 2619 1683
3 1684 2619 1753
3 1682 2620 1683
3 1682 2620 1802
3 1752 2621 1753
3 1682 1683 1684
3 1752 2621 1802
3 1752 1753 1684
3 1752 1802 1682
3 1752 1684 1682
3 832 830 831
3 2622 830 831
3 2623 830 832
3 2624 830 2622
3 2625 831 832
3 2624 830 2623
3 1807 831 2622
3 1807 831 2625
3 1859 832 2623
3 1859 832 2625
3 1808 2622 2624
3 1808 2622 1807
3 1860 2623 2624
3 1860 2623 1859
3 1806 2625 1807
3 1860 2624 1808
3 1806 2625 1859
3 1806 1807 1808
3 1806 1859 1860
3 1806 1808 1860
3 835 833 834
3 2626 833 834
3 2627 833 835
3 2628 833 2626
3 2629 834 835
3 2628 833 2627
3 1813 834 2626
3 1813 834 2629
3 1864 835 2627
3 1864 835 2629
3 1814 2626 2628
3 1814 2626 1813
3 1865 2627 2628
3 1865 2627 1864
3 1812 2629 1813
3 1865 2628 1814
3 1812 2629 1864
3 1812 1813 1814
3 1812 1864 1865
3 1812 1814 1865
3 838 836 837
3 2630 836 837
3 2631 836 838
3 2632 836 2630
3 2633 837 838
3 2632 836 2631
3 1819 837 2630
3 1819 837 2633
3 1869 838 2631
3 1869 838 2633
3 1820 2630 2632
3 1820 2630 1819
3 1870 2631 2632
3 1870 2631 1869
3 1818 2633 1819
3 1870 2632 1820
3 1818 2633 1869
3 1818 1819 1820
3 1818 1869 1870
3 1818 1820 1870
3 841 839 840
3 2634 839 840
3 2635 839 841
3 1758 839 2634
3 2636 840 841
3 1758 839 2635
3 1825 840 2634
3 1825 840 2636
3 1874 841 2635
3 1874 841 2636
3 1759 2634 1758
3 1759 2634 1825
3 1757 2635 1758
3 1757 2635 1874
3 1824 2636 1825
3 1757 1758 1759
3 1824 2636 1874
3 1824 1825 1759
3 1824 1874 1757
3 1824 1759 1757
3 910 908 909
3 2637 908 909
3 2638 908 910
3 2639 908 2637
3 2640 909 910
3 2639 908 2638
3 1879 909 2637
3 1879 909 2640
3 1925 910 2638
3 1925 910 2640
3 1880 2637 2639
3 1880 2637 1879
3 1926 2638 2639
3 1926 2638 1925
3 1878 2640 1879
3 1926 2639 1880
3 1878 2640 1925
3 1878 1879 1880
3 1878 1925 1926
3 1878 1880 1926
3 913 911 912
3 2641 911 912
3 2642 911 913
3 2643 911 2641
3 2644 912 913
3 2643 911 2642
3 1885 912 2641
3 1885 912 2644
3 1930 913 2642
3 1930 913 2644
3 1886 2641 2643
3 1886 2641 1885
3 1931 2642 2643
3 1931 2642 1930
3 1884 2644 1885
3 1931 2643 1886
3 1884 2644 1930
3 1884 1885 1886
3 1884 1930 1931
3 1884 1886 1931
3 916 914 915
3 2645 914 915
3 2646 914 916
3 2647 914 2645
3 2648 915 916
3 2647 914 2646
3 1891 915 2645
3 1891 915 2648
3 1935 916 2646
3 1935 916 2648
3 1892 2645 2647
3 1892 2645 1891
3 1936 2646 2647
3 1936 2646 1935
3 1890 2648 1891
3 1936 2647 1892
3 1890 2648 1935
3 1890 1891 1892
3 1890 1935 1936
3 1890 1892 1936
3 919 917 918
3 2649 917 918
3 2650 917 919
3 1830 917 2649
3 2651 918 919
3 1830 917 2650
3 1897 918 2649
3 1897 918 2651
3 1940 919 2650
3 1940 919 2651
3 1831 2649 1830
3 1831 2649 1897
3 1829 2650 1830
3 1829 2650 1940
3 1896 2651 1897
3 1829 1830 1831
3 1896 2651 1940
3 1896 1897 1831
3 1896 1940 1829
3 1896 1831 1829
3 988 986 987
3 2652 986 987
3 2653 986 988
3 2654 986 2652
3 2655 987 988
3 2654 986 2653
3 1945 987 2652
3 1945 987 2655
3 1986 988 2653
3 1986 988 2655
3 1946 2652 2654
3 1946 2652 1945
3 1987 2653 2654
3 1987 2653 1986
3 1944 2655 1945
3 1987 2654 1946
3 1944 2655 1986
3 1944 1945 1946
3 1944 1986 1987
3 1944 1946 1987
3 991 989 990
3 2656 989 990
3 2657 989 991
3 2658 989 2656
3 2659 990 991
3 2658 989 2657
3 2660 990 2656
3 2660 990 2659
3 1992 991 2657
3 1992 991 2659
3 2034 2656 2658
3 2034 2656 2660
3 1993 2657 2658
3 1993 2657 1992
3 1991 2659 2660
3 1993 2658 2034
3 1991 2659 1992
3 1991 2660 2034
3 1991 1992 1993
3 1991 2034 1993
3 994 992 993
3 2661 992 993
3 2662 992 994
3 2663 992 2661
3 2664 993 994
3 2663 992 2662
3 1954 993 2661
3 1954 993 2664
3 1997 994 2662
3 1997 994 2664
3 1955 2661 2663
3 1955 2661 1954
3 1998 2662 2663
3 1998 2662 1997
3 1953 2664 1954
3 1998 2663 1955
3 1953 2664 1997
3 1953 1954 1955
3 1953 1997 1998
3 1953 1955 1998
3 997 995 996
3 2665 995 996
3 2666 995 997
3 2667 995 2665
3 2668 996 997
3 2667 995 2666
3 1960 996 2665
3 1960 996 2668
3 2002 997 2666
3 2002 997 2668
3 1961 2665 2667
3 1961 2665 1960
3 2003 2666 2667
3 2003 2666 2002
3 1959 2668 1960
3 2003 2667 1961
3 1959 2668 2002
3 1959 1960 1961
3 1959 2002 2003
3 1959 1961 2003
3 1069 1067 1068
3 2669 1067 1068
3 2670 1067 1069
3 2671 1067 2669
3 2672 1068 1069
3 2671 1067 2670
3 2673 1068 2669
3 2673 1068 2672
3 2045 1069 2670
3 2045 1069 2672
3 2084 2669 2671
3 2084 2669 2673
3 2046 2670 2671
3 2046 2670 2045
3 2044 2672 2673
3 2046 2671 2084
3 2044 2672 2045
3 2044 2673 2084
3 2044 2045 2046
3 2044 2084 2046
3 1072 1070 1071
3 2674 1070 1071
3 2675 1070 1072
3 2676 1070 2674
3 2677 1071 1072
3 2676 1070 2675
3 2011 1071 2674
3 2011 1071 2677
3 2050 1072 2675
3 2050 1072 2677
3 2012 2674 2676
3 2012 2674 2011
3 2051 2675 2676
3 2051 2675 2050
3 2010 2677 2011
3 2051 2676 2012
3 2010 2677 2050
3 2010 2011 2012
3 2010 2050 2051
3 2010 2012 2051
3 1075 1073 1074
3 2678 1073 1074
3 2679 1073 1075
3 2680 1073 2678
3 2681 1074 1075
3 2680 1073 2679
3 2682 1074 2678
3 2682 1074 2681
3 2056 1075 2679
3 2056 1075 2681
3 2091 2678 2680
3 2091 2678 2682
3 2057 2679 2680
3 2057 2679 2056
3 2055 2681 2682
3 2057 2680 2091
3 2055 2681 2056
3 2055 2682 2091
3 2055 2056 2057
3 2055 2091 2057
3 1078 1076 1077
3 2683 1076 1077
3 2684 1076 1078
3 2685 1076 2683
3 2686 1077 1078
3 2685 1076 2684
3 2020 1077 2683
3 2020 1077 2686
3 2061 1078 2684
3 2061 1078 2686
3 2021 2683 2685
3 2021 2683 2020
3 2062 2684 2685
3 2062 2684 2061
3 2019 2686 2020
3 2062 2685 2021
3 2019 2686 2061
3 2019 2020 2021
3 2019 2061 2062
3 2019 2021 2062
3 1148 1146 1147
3 2687 1146 1147
3 2688 1146 1148
3 2689 1146 2687
3 2690 1147 1148
3 2689 1146 2688
3 2691 1147 2687
3 2691 1147 2690
3 2099 1148 2688
3 2099 1148 2690
3 2133 2687 2689
3 2133 2687 2691
3 2100 2688 2689
3 2100 2688 2099
3 2098 2690 2691
3 2100 2689 2133
3 2098 2690 2099
3 2098 2691 2133
3 2098 2099 2100
3 2098 2133 2100
3 1151 1149 1150
3 2692 1149 1150
3 2693 1149 1151
3 2694 1149 2692
3 2695 1150 1151
3 2694 1149 2693
3 2070 1150 2692
3 2070 1150 2695
3 2104 1151 2693
3 2104 1151 2695
3 2071 2692 2694
3 2071 2692 2070
3 2105 2693 2694
3 2105 2693 2104
3 2069 2695 2070
3 2105 2694 2071
3 2069 2695 2104
3 2069 2070 2071
3 2069 2104 2105
3 2069 2071 2105
3 1154 1152 1153
3 2696 1152 1153
3 2697 1152 1154
3 2698 1152 2696
3 2699 1153 1154
3 2698 1152 2697
3 2700 1153 2696
3 2700 1153 2699
3 2110 1154 2697
3 2110 1154 2699
3 2140 2696 2698
3 2140 2696 2700
3 2111 2697 2698
3 2111 2697 2110
3 2109 2699 2700
3 2111 2698 2140
3 2109 2699 2110
3 2109 2700 2140
3 2109 2110 2111
3 2109 2140 2111
3 1157 1155 1156
3 2701 1155 1156
3 2702 1155 1157
3 2703 1155 2701
3 2704 1156 1157
3 2703 1155 2702
3 2705 1156 2701
3 2705 1156 2704
3 2116 1157 2702
3 2116 1157 2704
3 2144 2701 2703
3 2144 2701 2705
3 2117 2702 2703
3 2117 2702 2116
3 2115 2704 2705
3 2117 2703 2144
3 2115 2704 2116
3 2115 2705 2144
3 2115 2116 2117
3 2115 2144 2117
3 1230 1228 1229
3 2706 1228 1229
3 2707 1228 1230
3 2708 1228 2706
3 2709 1229 1230
3 2708 1228 2707
3 2710 1229 2706
3 2710 1229 2709
3 2149 1230 2707
3 2149 1230 2709
3 2178 2706 2708
3 2178 2706 2710
3 2150 2707 2708
3 2150 2707 2149
3 2148 2709 2710
3 2150 2708 2178
3 2148 2709 2149
3 2148 2710 2178
3 2148 2149 2150
3 2148 2178 2150
3 1233 1231 1232
3 2711 1231 1232
3 2712 1231 1233
3 2713 1231 2711
3 2714 1232 1233
3 2713 1231 2712
3 2715 1232 2711
3 2715 1232 2714
3 2155 1233 2712
3 2155 1233 2714
3 2182 2711 2713
3 2182 2711 2715
3 2156 2712 2713
3 2156 2712 2155
3 2154 2714 2715
3 2156 2713 2182
3 2154 2714 2155
3 2154 2715 2182
3 2154 2155 2156
3 2154 2182 2156
3 1236 1234 1235
3 2716 1234 1235
3 2717 1234 1236
3 2718 1234 2716
3 2719 1235 1236
3 2718 1234 2717
3 2720 1235 2716
3 2720 1235 2719
3 2161 1236 2717
3 2161 1236 2719
3 2186 2716 2718
3 2186 2716 2720
3 2162 2717 2718
3 2162 2717 2161
3 2160 2719 2720
3 2162 2718 2186
3 2160 2719 2161
3 2160 2720 2186
3 2160 2161 2162
3 2160 2186 2162
3 1309 1307 1308
3 2721 1307 1308
3 2722 1307 1309
3 2723 1307 2721
3 2724 1308 1309
3 2723 1307 2722
3 2725 1308 2721
3 2725 1308 2724
3 2191 1309 2722
3 2191 1309 2724
3 2220 2721 2723
3 2220 2721 2725
3 2192 2722 2723
3 2192 2722 2191
3 2190 2724 2725
3 2192 2723 2220
3 2190 2724 2191
3 2190 2725 2220
3 2190 2191 2192
3 2190 2220 2192
3 1312 1310 1311
3 2726 1310 1311
3 2727 1310 1312
3 2728 1310 2726
3 2729 1311 1312
3 2728 1310 2727
3 2730 1311 2726
3 2730 1311 2729
3 2197 1312 2727
3 2197 1312 2729
3 2224 2726 2728
3 2224 2726 2730
3 2198 2727 2728
3 2198 2727 2197
3 2196 2729 2730
3 2198 2728 2224
3 2196 2729 2197
3 2196 2730 2224
3 2196 2197 2198
3 2196 2224 2198
3 1315 1313 1314
3 2731 1313 1314
3 2732 1313 1315
3 2733 1313 2731
3 2734 1314 1315
3 2733 1313 2732
3 2735 1314 2731
3 2735 1314 2734
3 2203 1315 2732
3 2203 1315 2734
3 2228 2731 2733
3 2228 2731 2735
3 2204 2732 2733
3 2204 2732 2203
3 2202 2734 2735
3 2204 2733 2228
3 2202 2734 2203
3 2202 2735 2228
3 2202 2203 2204
3 2202 2228 2204
3 1390 1388 1389
3 2736 1388 1389
3 2737 1388 1390
3 2738 1388 2736
3 2739 1389 1390
3 2738 1388 2737
3 2740 1389 2736
3 2740 1389 2739
3 2233 1390 2737
3 2233 1390 2739
3 2259 2736 2738
3 2259 2736 2740
3 2234 2737 2738
3 2234 2737 2233
3 2232 2739 2740
3 2234 2738 2259
3 2232 2739 2233
3 2232 2740 2259
3 2232 2233 2234
3 2232 2259 2234
3 1393 1391 1392
3 2741 1391 1392
3 2742 1391 1393
3 2743 1391 2741
3 2744 1392 1393
3 2743 1391 2742
3 2745 1392 2741
3 2745 1392 2744
3 2239 1393 2742
3 2239 1393 2744
3 2263 2741 2743
3 2263 2741 2745
3 2240 2742 2743
3 2240 2742 2239
3 2238 2744 2745
3 2240 2743 2263
3 2238 2744 2239
3 2238 2745 2263
3 2238 2239 2240
3 2238 2263 2240
3 1396 1394 1395
3 2746 1394 1395
3 2747 1394 1396
3 2748 1394 2746
3 2749 1395 1396
3 2748 1394 2747
3 2750 1395 2746
3 2750 1395 2749
3 2245 1396 2747
3 2245 1396 2749
3 2267 2746 2748
3 2267 2746 2750
3 2246 2747 2748
3 2246 2747 2245
3 2244 2749 2750
3 2246 2748 2267
3 2244 2749 2245
3 2244 2750 2267
3 2244 2245 2246
3 2244 2267 2246
3 1466 1464 1465
3 2751 1464 1465
3 2752 1464 1466
3 2753 1464 2751
3 2754 1465 1466
3 2753 1464 2752
3 2755 1465 2751
3 2755 1465 2754
3 2272 1466 2752
3 2272 1466 2754
3 2295 2751 2753
3 2295 2751 2755
3 2273 2752 2753
3 2273 2752 2272
3 2271 2754 2755
3 2273 2753 2295
3 2271 2754 2272
3 2271 2755 2295
3 2271 2272 2273
3 2271 2295 2273
3 1469 1467 1468
3 2756 1467 1468
3 2757 1467 1469
3 2758 1467 2756
3 2759 1468 1469
3 2758 1467 2757
3 2760 1468 2756
3 2760 1468 2759
3 2278 1469 2757
3 2278 1469 2759
3 2299 2756 2758
3 2299 2756 2760
3 2279 2757 2758
3 2279 2757 2278
3 2277 2759 2760
3 2279 2758 2299
3 2277 2759 2278
3 2277 2760 2299
3 2277 2278 2279
3 2277 2299 2279
3 1472 1470 1471
3 2761 1470 1471
3 2762 1470 1472
3 2763 1470 2761
3 2764 1471 1472
3 2763 1470 2762
3 2765 1471 2761
3 2765 1471 2764
3 2284 1472 2762
3 2284 1472 2764
3 2303 2761 2763
3 2303 2761 2765
3 2285 2762 2763
3 2285 2762 2284
3 2283 2764 2765
3 2285 2763 2303
3 2283 2764 2284
3 2283 2765 2303
3 2283 2284 2285
3 2283 2303 2285
3 1543 1541 1542
3 2766 1541 1542
3 2767 1541 1543
3 2768 1541 2766
3 2769 1542 1543
3 2768 1541 2767
3 2770 1542 2766
3 2770 1542 2769
3 2308 1543 2767
3 2308 1543 2769
3 2328 2766 2768
3 2328 2766 2770
3 2309 2767 2768
3 2309 2767 2308
3 2307 2769 2770
3 2309 2768 2328
3 2307 2769 2308
3 2307 2770 2328
3 2307 2308 2309
3 2307 2328 2309
3 1546 1544 1545
3 2771 1544 1545
3 2772 1544 1546
3 2773 1544 2771
3 2774 1545 1546
3 2773 1544 2772
3 2775 1545 2771
3 2775 1545 2774
3 2314 1546 2772
3 2314 1546 2774
3 2332 2771 2773
3 2332 2771 2775
3 2315 2772 2773
3 2315 2772 2314
3 2313 2774 2775
3 2315 2773 2332
3 2313 2774 2314
3 2313 2775 2332
3 2313 2314 2315
3 2313 2332 2315
3 1549 1547 1548
3 2776 1547 1548
3 2777 1547 1549
3 2778 1547 2776
3 2779 1548 1549
3 2778 1547 2777
3 2780 1548 2776
3 2780 1548 2779
3 2320 1549 2777
3 2320 1549 2779
3 2336 2776 2778
3 2336 2776 2780
3 2321 2777 2778
3 2321 2777 2320
3 2319 2779 2780
3 2321 2778 2336
3 2319 2779 2320
3 2319 2780 2336
3 2319 2320 2321
3 2319 2336 2321
3 1621 1619 1620
3 2781 1619 1620
3 2782 1619 1621
3 2783 1619 2781
3 2784 1620 1621
3 2783 1619 2782
3 2785 1620 2781
3 2785 1620 2784
3 2341 1621 2782
3 2341 1621 2784
3 2358 2781 2783
3 2358 2781 2785
3 2342 2782 2783
3 2342 2782 2341
3 2340 2784 2785
3 2342 2783 2358
3 2340 2784 2341
3 2340 2785 2358
3 2340 2341 2342
3 2340 2358 2342
3 1624 1622 1623
3 2786 1622 1623
3 2787 1622 1624
3 2788 1622 2786
3 2789 1623 1624
3 2788 1622 2787
3 2790 1623 2786
3 2790 1623 2789
3 2347 1624 2787
3 2347 1624 2789
3 2362 2786 2788
3 2362 2786 2790
3 2348 2787 2788
3 2348 2787 2347
3 2346 2789 2790
3 2348 2788 2362
3 2346 2789 2347
3 2346 2790 2362
3 2346 2347 2348
3 2346 2362 2348
3 1627 1625 1626
3 2791 1625 1626
3 2792 1625 1627
3 2793 1625 2791
3 2794 1626 1627
3 2793 1625 2792
3 2795 1626 2791
3 2795 1626 2794
3 2353 1627 2792
3 2353 1627 2794
3 2366 2791 2793
3 2366 2791 2795
3 2354 2792 2793
3 2354 2792 2353
3 2352 2794 2795
3 2354 2793 2366
3 2352 2794 2353
3 2352 2795 2366
3 2352 2353 2354
3 2352 2366 2354
3 1699 1697 1698
3 2796 1697 1698
3 2797 1697 1699
3 2798 1697 2796
3 2799 1698 1699
3 2798 1697 2797
3 2800 1698 2796
3 2800 1698 2799
3 2371 1699 2797
3 2371 1699 2799
3 2382 2796 2798
3 2382 2796 2800
3 2372 2797 2798
3 2372 2797 2371
3 2370 2799 2800
3 2372 2798 2382
3 2370 2799 2371
3 2370 2800 2382
3 2370 2371 2372
3 2370 2382 2372
3 1702 1700 1701
3 2801 1700 1701
3 2802 1700 1702
3 2803 1700 2801
3 2804 1701 1702
3 2803 1700 2802
3 2805 1701 2801
3 2805 1701 2804
3 2377 1702 2802
3 2377 1702 2804
3 2386 2801 2803
3 2386 2801 2805
3 2378 2802 2803
3 2378 2802 2377
3 2376 2804 2805
3 2378 2803 2386
3 2376 2804 2377
3 2376 2805 2386
3 2376 2377 2378
3 2376 2386 2378
3 1771 1769 1770
3 2806 1769 1770
3 2807 1769 1771
3 2808 1769 2806
3 2809 1770 1771
3 2808 1769 2807
3 2810 1770 2806
3 2810 1770 2809
3 2391 1771 2807
3 2391 1771 2809
3 2402 2806 2808
3 2402 2806 2810
3 2392 2807 2808
3 2392 2807 2391
3 2390 2809 2810
3 2392 2808 2402
3 2390 2809 2391
3 2390 2810 2402
3 2390 2391 2392
3 2390 2402 2392
3 1774 1772 1773
3 2811 1772 1773
3 2812 1772 1774
3 2813 1772 2811
3 2814 1773 1774
3 2813 1772 2812
3 2815 1773 2811
3 2815 1773 2814
3 2397 1774 2812
3 2397 1774 2814
3 2406 2811 2813
3 2406 2811 2815
3 2398 2812 2813
3 2398 2812 2397
3 2396 2814 2815
3 2398 2813 2406
3 2396 2814 2397
3 2396 2815 2406
3 2396 2397 2398
3 2396 2406 2398
3 1843 1841 1842
3 2816 1841 1842
3 2817 1841 1843
3 2818 1841 2816
3 2819 1842 1843
3 2818 1841 2817
3 2820 1842 2816
3 2820 1842 2819
3 2411 1843 2817
3 2411 1843 2819
3 2416 2816 2818
3 2416 2816 2820
3 2412 2817 2818
3 2412 2817 2411
3 2410 2819 2820
3 2412 2818 2416
3 2410 2819 2411
3 2410 2820 2416
3 2410 2411 2412
3 2410 2416 2412
3 1846 1844 1845
3 2821 1844 1845
3 2822 1844 1846
3 2823 1844 2821
3 2824 1845 1846
3 2823 1844 2822
3 2825 1845 2821
3 2825 1845 2824
3 2826 1846 2822
3 2826 1846 2824
3 2421 2821 2823
3 2421 2821 2825
3 2422 2822 2823
3 2422 2822 2826
3 2420 2824 2825
3 2422 2823 2421
3 2420 2824 2826
3 2420 2825 2421
3 2420 2826 2422
3 2420 2421 2422
3 1909 1907 1908
3 2827 1907 1908
3 2828 1907 1909
3 2829 1907 2827
3 2830 1908 1909
3 2829 1907 2828
3 2831 1908 2827
3 2831 1908 2830
3 2832 1909 2828
3 2832 1909 2830
3 2433 2827 2829
3 2433 2827 2831
3 2434 2828 2829
3 2434 2828 2832
3 2432 2830 2831
3 2434 2829 2433
3 2432 2830 2832
3 2432 2831 2433
3 2432 2832 2434
3 2432 2433 2434
3 1912 1910 1911
3 2833 1910 1911
3 2834 1910 1912
3 2835 1910 2833
3 2836 1911 1912
3 2835 1910 2834
3 2837 1911 2833
3 2837 1911 2836
3 2427 1912 2834
3 2427 1912 2836
3 2438 2833 2835
3 2438 2833 2837
3 2428 2834 2835
3 2428 2834 2427
3 2426 2836 2837
3 2428 2835 2438
3 2426 2836 2427
3 2426 2837 2438
3 2426 2427 2428
3 2426 2438 2428
3 1973 1971 1972
3 2838 1971 1972
3 2839 1971 1973
3 2840 1971 2838
3 2841 1972 1973
3 2840 1971 2839
3 2842 1972 2838
3 2842 1972 2841
3 2843 1973 2839
3 2843 1973 2841
3 2443 2838 2840
3 2443 2838 2842
3 2444 2839 2840
3 2444 2839 2843
3 2442 2841 2842
3 2444 2840 2443
3 2442 2841 2843
3 2442 2842 2443
3 2442 2843 2444
3 2442 2443 2444
3 2030 2028 2029
3 2844 2028 2029
3 2845 2028 2030
3 2846 2028 2844
3 2847 2029 2030
3 2846 2028 2845
3 2848 2029 2844
3 2848 2029 2847
3 2849 2030 2845
3 2849 2030 2847
3 2449 2844 2846
3 2449 2844 2848
3 2450 2845 2846
3 2450 2845 2849
3 2448 2847 2848
3 2450 2846 2449
3 2448 2847 2849
3 2448 2848 2449
3 2448 2849 2450
3 2448 2449 2450
3 2083 2081 2082
3 2850 2081 2082
3 2851 2081 2083
3 2852 2081 2850
3 2853 2082 2083
3 2852 2081 2851
3 2854 2082 2850
3 2854 2082 2853
3 2855 2083 2851
3 2855 2083 2853
3 2455 2850 2852
3 2455 2850 2854
3 2456 2851 2852
3 2456 2851 2855
3 2454 2853 2854
3 2456 2852 2455
3 2454 2853 2855
3 2454 2854 2455
3 2454 2855 2456
3 2454 2455 2456
3 2132 2130 2131
3 2856 2130 2131
3 2857 2130 2132
3 2858 2130 2856
3 2859 2131 2132
3 2858 2130 2857
3 2860 2131 2856
3 2860 2131 2859
3 2861 2132 2857
3 2861 2132 2859
3 2862 2856 2858
3 2862 2856 2860
3 2863 2857 2858
3 2863 2857 2861
3 2864 2859 2860
3 2863 2858 2862
3 2864 2859 2861
3 2864 2860 2862
3 2864 2861 2863
3 2864 2862 2863
3 2177 2175 2176
3 2865 2175 2176
3 2866 2175 2177
3 2867 2175 2865
3 2868 2176 2177
3 2867 2175 2866
3 2869 2176 2865
3 2869 2176 2868
3 2870 2177 2866
3 2870 2177 2868
3 2871 2865 2867
3 2871 2865 2869
3 2872 2866 2867
3 2872 2866 2870
3 2873 2868 2869
3 2872 2867 2871
3 2873 2868 2870
3 2873 2869 2871
3 2873 2870 2872
3 2873 2871 2872
3 2219 2217 2218
3 2874 2217 2218
3 2875 2217 2219
3 2876 2217 2874
3 2877 2218 2219
3 2876 2217 2875
3 2878 2218 2874
3 2878 2218 2877
3 2879 2219 2875
3 2879 2219 2877
3 2880 2874 2876
3 2880 2874 2878
3 2881 2875 2876
3 2881 2875 2879
3 2882 2877 2878
3 2881 2876 2880
3 2882 2877 2879
3 2882 2878 2880
3 2882 2879 2881
3 2882 2880 2881
# cell 1: 0 1 2 3 4 5 6 7
# cell 2: 8 9 10 11 12 13 14 15
# cell 3: 16 17 18 19 20 21 22 23
# cell 4: 24 25 26 27 28 29 30 31
# cell 5: 32 33 34 35 36 37 38 39
# cell 6: 40 41 42 43 44 45 46 47
# cell 7: 48 49 50 51 52 53 54 55
# cell 8: 56 57 58 59 60 61 62 63
# cell 9: 64 65 66 67 68 69 70 71
# cell 10: 72 73 74 75 76 77 78 79
# cell 11: 80 81 82 83 84 85 86 87
# cell 12: 88 89 90 91 92 93 94 95
# cell 13: 96 97 98 99 100 101 102 103
# cell 14: 104 105 106 107 108 109 110 111
# cell 15: 112 113 114 115 116 117 118 119
# cell 16: 120 121 122 123 124 125 126 127
# cell 17: 128 129 130 131 132 133 134 135
# cell 18: 136 137 138 139 140 141 142 143
# cell 19: 144 145 146 147 148 149 150 151
# cell 20: 152 153 154 155 156 157 158 159
# cell 21: 160 161 162 163 164 165 166 167
# cell 22: 168 169 170 171 172 173 174 175
# cell 23: 176 177 178 179 180 181 182 183
# cell 24: 184 185 186 187 188 189 190 191
# cell 25: 192 193 194 195 196 197 198 199
# cell 26: 200 201 202 203 204 205 206 207
# cell 27: 208 209 210 211 212 213 214 215
# cell 28: 216 217 218 219 220 221 222 223
# cell 29: 224 225 226 227 228 229 230 231
# cell 30: 232 233 234 235 236 237 238 239
# cell 31: 240 241 242 243 244 245 246 247
# cell 32: 248 249 250 251 252 253 254 255
# cell 33: 256 257 258 259 260 261 262 263
# cell 34: 264 265 266 267 268 269 270 271
# cell 35: 272 273 274 275 276 277 278 279
# cell 36: 280 281 282 283 284 285 286 287
# cell 37: 288 289 290 291 292 293 294 295
# cell 38: 296 297 298 299 300 301 302 303
# cell 39: 304 305 306 307 308 309 310 311
# cell 40: 312 313 314 315 316 317 318 319
# cell 41: 320 321 322 323 324 325 326 327
# cell 42: 328 329 330 331 332 333 334 335
# cell 43: 336 337 338 339 340 341 342 343
# cell 44: 344 345 346 347 348 349 350 351
# cell 45: 352 353 354 355 356 357 358 359
# cell 46: 360 361 362 363 364 365 366 367
# cell 47: 368 369 370 371 372 373 374 375
# cell 48: 376 377 378 379 380 381 382 383
# cell 49: 384 385 386 387 388 389 390 391
# cell 50: 392 393 394 395 396 397 398 399
# cell 51: 400 401 402 403 404 405 406 407
# cell 52: 408 409 410 411 412 413 414 415
# cell 53: 416 417 418 419 420 421 422 423
# cell 54: 424 425 426 427 428 429 430 431
# cell 55: 432 433 434 435 436 437 438 439
# cell 56: 440 441 442 443 444 445 446 447
# cell 57: 448 449 450 451 452 453 454 455
# cell 58: 456 457 458 459 460 461 462 463
# cell 59: 464 465 466 467 468 469 470 471
# cell 60: 472 473 474 475 476 477 478 479
# cell 61: 480 481 482 483 484 485 486 487
# cell 62: 488 489 490 491 492 493 494 495
# cell 63: 496 497 498 499 500 501 502 503
# cell 64: 504 505 506 507 508 509 510 511
# cell 65: 512 513 514 515 516 517 518 519
# cell 66: 520 521 522 523 524 525 526 527
# cell 67: 528 529 530 531 532 533 534 535
# cell 68: 536 537 538 539 540 541 542 543
# cell 69: 544 545 546 547 548 549 550 551
# cell 70: 552 553 554 555 556 557 558 559
# cell 71: 560 561 562 563 564 565 566 567
# cell 72: 568 569 570 571 572 573 574 575
# cell 73: 576 577 578 579 580 581 582 583
# cell 74: 584 585 586 587 588 589 590 591
# cell 75: 592 593 594 595 596 597 598 599
# cell 76: 600 601 602 603 604 605 606 607
# cell 77: 608 609 610 611 612 613 614 615
# cell 78: 616 617 618 619 620 621 622 623
# cell 79: 624 625 626 627 628 629 630 631
# cell 80: 632 633 634 635 636 637 638 639
# cell 81: 640 641 642 643 644 645 646 647
# cell 82: 648 649 650 651 652 653 654 655
# cell 83: 656 657 658 659 660 661 662 663
# cell 84: 664 665 666 667 668 669 670 671
# cell 85: 672 673 674 675 676 677 678 679
# cell 86: 680 681 682 683 684 685 686 687
# cell 87: 688 689 690 691 692 693 694 695
# cell 88: 696 697 698 699 700 701 702 703
# cell 89: 704 705 706 707 708 709 710 711
# cell 90: 712 713 714 715 716 717 718 719
# cell 91: 720 721 722 723 724 725 726 727
# cell 92: 728 729 730 731 732 733 734 735
# cell 93: 736 737 738 739 740 741 742 743
# cell 94: 744 745 746 747 748 749 750 751
# cell 95: 752 753 754 755 756 757 758 759
# cell 96: 760 761 762 763 764 765 766 767
# cell 97: 768 769 770 771 772 773 774 775
# cell 98: 776 777 778 779 780 781 782 783
# cell 99: 784 785 786 787 788 789 790 791
# cell 100: 792 793 794 795 796 797 798 799
# cell 101: 800 801 802 803 804 805 806 807
# cell 102: 808 809 810 811 812 813 814 815
# cell 103: 816 817 818 819 820 821 822 823
# cell 104: 824 825 826 827 828 829 830 831
# cell 105: 832 833 834 835 836 837 838 839
# cell 106: 840 841 842 843 844 845 846 847
# cell 107: 848 849 850 851 852 853 854 855
# cell 108: 856 857 858 859 860 861 862 863
# cell 109: 864 865 866 867 868 869 870 871
# cell 110: 872 873 874 875 876 877 878 879
# cell 111: 880 881 882 883 884 885 886 887
# cell 112: 888 889 890 891 892 893 894 895
# cell 113: 896 897 898 899 900 901 902 903
# cell 114: 904 905 906 907 908 909 910 911
# cell 115: 912 913 914 915 916 917 918 919
# cell 116: 920 921 922 923 924 925 926 927
# cell 117: 928 929 930 931 932 933 934 935
# cell 118: 936 937 938 939 940 941 942 943
# cell 119: 944 945 946 947 948 949 950 951
# cell 120: 952 953 954 955 956 957 958 959
# cell 121: 960 961 962 963 964 965 966 967
# cell 122: 968 969 970 971 972 973 974 975
# cell 123: 976 977 978 979 980 981 982 983
# cell 124: 984 985 986 987 988 989 990 991
# cell 125: 992 993 994 995 996 997 998 999
# cell 126: 1000 1001 1002 1003 1004 1005 1006 1007
# cell 127: 1008 1009 1010 1011 1012 1013 1014 1015
# cell 128: 1016 1017 1018 1019 1020 1021 1022 1023
# cell 129: 1024 1025 1026 1027 1028 1029 1030 1031
# cell 130: 1032 1033 1034 1035 1036 1037 1038 1039
# cell 131: 1040 1041 1042 1043 1044 1045 1046 1047
# cell 132: 1048 1049 1050 1051 1052 1053 1054 1055
# cell 133: 1056 1057 1058 1059 1060 1061 1062 1063
# cell 134: 1064 1065 1066 1067 1068 1069 1070 1071
# cell 135: 1072 1073 1074 1075 1076 1077 1078 1079
# cell 136: 1080 1081 1082 1083 1084 1085 1086 1087
# cell 137: 1088 1089 1090 1091 1092 1093 1094 1095
# cell 138: 1096 1097 1098 1099 1100 1101 1102 1103
# cell 139: 1104 1105 1106 1107 1108 1109 1110 1111
# cell 140: 1112 1113 1114 1115 1116 1117 1118 1119
# cell 141: 1120 1121 1122 1123 1124 1125 1126 1127
# cell 142: 1128 1129 1130 1131 1132 1133 1134 1135
# cell 143: 1136 1137 1138 1139 1140 1141 1142 1143
# cell 144: 1144 1145 1146 1147 1148 1149 1150 1151
# cell 145: 1152 1153 1154 1155 1156 1157 1158 1159
# cell 146: 1160 1161 1162 1163 1164 1165 1166 1167
# cell 147: 1168 1169 1170 1171 1172 1173 1174 1175
# cell 148: 1176 1177 1178 1179 1180 1181 1182 1183
# cell 149: 1184 1185 1186 1187 1188 1189 1190 1191
# cell 150: 1192 1193 1194 1195 1196 1197 1198 1199
# cell 151: 1200 1201 1202 1203 1204 1205 1206 1207
# cell 152: 1208 1209 1210 1211 1212 1213 1214 1215
# cell 153: 1216 1217 1218 1219 1220 1221 1222 1223
# cell 154: 1224 1225 1226 1227 1228 1229 1230 1231
# cell 155: 1232 1233 1234 1235 1236 1237 1238 1239
# cell 156: 1240 1241 1242 1243 1244 1245 1246 1247
# cell 157: 1248 1249 1250 1251 1252 1253 1254 1255
# cell 158: 1256 1257 1258 1259 1260 1261 1262 1263
# cell 159: 1264 1265 1266 1267 1268 1269 1270 1271
# cell 160: 1272 1273 1274 1275 1276 1277 1278 1279
# cell 161: 1280 1281 1282 1283 1284 1285 1286 1287
# cell 162: 1288 1289 1290 1291 1292 1293 1294 1295
# cell 163: 1296 1297 1298 1299 1300 1301 1302 1303
# cell 164: 1304 1305 1306 1307 1308 1309 1310 1311
# cell 165: 1312 1313 1314 1315 1316 1317 1318 1319
# cell 166: 1320 1321 1322 1323 1324 1325 1326 1327
# cell 167: 1328 1329 1330 1331 1332 1333 1334 1335
# cell 168: 1336 1337 1338 1339 1340 1341 1342 1343
# cell 169: 1344 1345 1346 1347 1348 1349 1350 1351
# cell 170: 1352 1353 1354 1355 1356 1357 1358 1359
# cell 171: 1360 1361 1362 1363 1364 1365 1366 1367
# cell 172: 1368 1369 1370 1371 1372 1373 1374 1375
# cell 173: 1376 1377 1378 1379 1380 1381 1382 1383
# cell 174: 1384 1385 1386 1387 1388 1389 1390 1391
# cell 175: 1392 1393 1394 1395 1396 1397 1398 1399
# cell 176: 1400 1401 1402 1403 1404 1405 1406 1407
# cell 177: 1408 1409 1410 1411 1412 1413 1414 1415
# cell 178: 1416 1417 1418 1419 1420 1421 1422 1423
# cell 179: 1424 1425 1426 1427 1428 1429 1430 1431
# cell 180: 1432 1433 1434 1435 1436 1437 1438 1439
# cell 181: 1440 1441 1442 1443 1444 1445 1446 1447
# cell 182: 1448 1449 1450 1451 1452 1453 1454 1455
# cell 183: 1456 1457 1458 1459 1460 1461 1462 1463
# cell 184: 1464 1465 1466 1467 1468 1469 1470 1471
# cell 185: 1472 1473 1474 1475 1476 1477 1478 1479
# cell 186: 1480 1481 1482 1483 1484 1485 1486 1487
# cell 187: 1488 1489 1490 1491 1492 1493 1494 1495
# cell 188: 1496 1497 1498 1499 1500 1501 1502 1503
# cell 189: 1504 1505 1506 1507 1508 1509 1510 1511
# cell 190: 1512 1513 1514 1515 1516 1517 1518 1519
# cell 191: 1520 1521 1522 1523 1524 1525 1526 1527
# cell 192: 1528 1529 1530 1531 1532 1533 1534 1535
# cell 193: 1536 1537 1538 1539 1540 1541 1542 1543
# cell 194: 1544 1545 1546 1547 1548 1549 1550 1551
# cell 195: 1552 1553 1554 1555 1556 1557 1558 1559
# cell 196: 1560 1561 1562 1563 1564 1565 1566 1567
# cell 197: 1568 1569 1570 1571 1572 1573 1574 1575
# cell 198: 1576 1577 1578 1579 1580 1581 1582 1583
# cell 199: 1584 1585 1586 1587 1588 1589 1590 1591
# cell 200: 1592 1593 1594 1595 1596 1597 1598 1599
# cell 201: 1600 1601 1602 1603 1604 1605 1606 1607
# cell 202: 1608 1609 1610 1611 1612 1613 1614 1615
# cell 203: 1616 1617 1618 1619 1620 1621 1622 1623
# cell 204: 1624 1625 1626 1627 1628 1629 1630 1631
# cell 205: 1632 1633 1634 1635 1636 1637 1638 1639
# cell 206: 1640 1641 1642 1643 1644 1645 1646 1647
# cell 207: 1648 1649 1650 1651 1652 1653 1654 1655
# cell 208: 1656 1657 1658 1659 1660 1661 1662 1663
# cell 209: 1664 1665 1666 1667 1668 1669 1670 1671
# cell 210: 1672 1673 1674 1675 1676 1677 1678 1679
# cell 211: 1680 1681 1682 1683 1684 1685 1686 1687
# cell 212: 1688 1689 1690 1691 1692 1693 1694 1695
# cell 213: 1696 1697 1698 1699 1700 1701 1702 1703
# cell 214: 1704 1705 1706 1707 1708 1709 1710 1711
# cell 215: 1712 1713 1714 1715 1716 1717 1718 1719
# cell 216: 1720 1721 1722 1723 1724 1725 1726 1727
# cell 217: 1728 1729 1730 1731 1732 1733 1734 1735
# cell 218: 1736 1737 1738 1739 1740 1741 1742 1743
# cell 219: 1744 1745 1746 1747 1748 1749 1750 1751
# cell 220: 1752 1753 1754 1755 1756 1757 1758 1759
# cell 221: 1760 1761 1762 1763 1764 1765 1766 1767
# cell 222: 1768 1769 1770 1771 1772 1773 1774 1775
# cell 223: 1776 1777 1778 1779 1780 1781 1782 1783
# cell 224: 1784 1785 1786 1787 1788 1789 1790 1791
# cell 225: 1792 1793 1794 1795 1796 1797 1798 1799
# cell 226: 1800 1801 1802 1803 1804 1805 1806 1807
# cell 227: 1808 1809 1810 1811 1812 1813 1814 1815
# cell 228: 1816 1817 1818 1819 1820 1821 1822 1823
# cell 229: 1824 1825 1826 1827 1828 1829 1830 1831
# cell 230: 1832 1833 1834 1835 1836 1837 1838 1839
# cell 231: 1840 1841 1842 1843 1844 1845 1846 1847
# cell 232: 1848 1849 1850 1851 1852 1853 1854 1855
# cell 233: 1856 1857 1858 1859 1860 1861 1862 1863
# cell 234: 1864 1865 1866 1867 1868 1869 1870 1871
# cell 235: 1872 1873 1874 1875 1876 1877 1878 1879
# cell 236: 1880 1881 1882 1883 1884 1885 1886 1887
# cell 237: 1888 1889 1890 1891 1892 1893 1894 1895
# cell 238: 1896 1897 1898 1899 1900 1901 1902 1903
# cell 239: 1904 1905 1906 1907 1908 1909 1910 1911
# cell 240: 1912 1913 1914 1915 1916 1917 1918 1919
# cell 241: 1920 1921 1922 1923 1924 1925 1926 1927
# cell 242: 1928 1929 1930 1931 1932 1933 1934 1935
# cell 243: 1936 1937 1938 1939 1940 1941 1942 1943
# cell 244: 1944 1945 1946 1947 1948 1949 1950 1951
# cell 245: 1952 1953 1954 1955 1956 1957 1958 1959
# cell 246: 1960 1961 1962 1963 1964 1965 1966 1967
# cell 247: 1968 1969 1970 1971 1972 1973 1974 1975
# cell 248: 1976 1977 1978 1979 1980 1981 1982 1983
# cell 249: 1984 1985 1986 1987 1988 1989 1990 1991
# cell 250: 1992 1993 1994 1995 1996 1997 1998 1999
# cell 251: 2000 2001 2002 2003 2004 2005 2006 2007
# cell 252: 2008 2009 2010 2011 2012 2013 2014 2015
# cell 253: 2016 2017 2018 2019 2020 2021 2022 2023
# cell 254: 2024 2025 2026 2027 2028 2029 2030 2031
# cell 255: 2032 2033 2034 2035 2036 2037 2038 2039
# cell 256: 2040 2041 2042 2043 2044 2045 2046 2047
# cell 257: 2048 2049 2050 2051 2052 2053 2054 2055
# cell 258: 2056 2057 2058 2059 2060 2061 2062 2063
# cell 259: 2064 2065 2066 2067 2068 2069 2070 2071
# cell 260: 2072 2073 2074 2075 2076 2077 2078 2079
# cell 261: 2080 2081 2082 2083 2084 2085 2086 2087
# cell 262: 2088 2089 2090 2091 2092 2093 2094 2095
# cell 263: 2096 2097 2098 2099 2100 2101 2102 2103
# cell 264: 2104 2105 2106 2107 2108 2109 2110 2111
# cell 265: 2112 2113 2114 2115 2116 2117 2118 2119
# cell 266: 2120 2121 2122 2123 2124 2125 2126 2127
# cell 267: 2128 2129 2130 2131 2132 2133 2134 2135
# cell 268: 2136 2137 2138 2139 2140 2141 2142 2143
# cell 269: 2144 2145 2146 2147 2148 2149 2150 2151
# cell 270: 2152 2153 2154 2155 2156 2157 2158 2159
# cell 271: 2160 2161 2162 2163 2164 2165 2166 2167
# cell 272: 2168 2169 2170 2171 2172 2173 2174 2175
# cell 273: 2176 2177 2178 2179 2180 2181 2182 2183
# cell 274: 2184 2185 2186 2187 2188 2189 2190 2191
# cell 275: 2192 2193 2194 2195 2196 2197 2198 2199
# cell 276: 2200 2201 2202 2203 2204 2205 2206 2207
# cell 277: 2208 2209 2210 2211 2212 2213 2214 2215
# cell 278: 2216 2217 2218 2219 2220 2221 2222 2223
# cell 279: 2224 2225 2226 2227 2228 2229 2230 2231
# cell 280: 2232 2233 2234 2235 2236 2237 2238 2239
# cell 281: 2240 2241 2242 2243 2244 2245 2246 2247
# cell 282: 2248 2249 2250 2251 2252 2253 2254 2255
# cell 283: 2256 2257 2258 2259 2260 2261 2262 2263
# cell 284: 2264 2265 2266 2267 2268 2269 2270 2271
# cell 285: 2272 2273 2274 2275 2276 2277 2278 2279
# cell 286: 2280 2281 2282 2283 2284 2285 2286 2287
# cell 287: 2288 2289 2290 2291 2292 2293 2294 2295
# cell 288: 2296 2297 2298 2299 2300 2301 2302 2303
# cell 289: 2304 2305 2306 2307 2308 2309 2310 2311
# cell 290: 2312 2313 2314 2315 2316 2317 2318 2319
# cell 291: 2320 2321 2322 2323 2324 2325 2326 2327
# cell 292: 2328 2329 2330 2331 2332 2333 2334 2335
# cell 293: 2336 2337 2338 2339 2340 2341 2342 2343
# cell 294: 2344 2345 2346 2347 2348 2349 2350 2351
# cell 295: 2352 2353 2354 2355 2356 2357 2358 2359
# cell 296: 2360 2361 2362 2363 2364 2365 2366 2367
# cell 297: 2368 2369 2370 2371 2372 2373 2374 2375
# cell 298: 2376 2377 2378 2379 2380 2381 2382 2383
# cell 299: 2384 2385 2386 2387 2388 2389 2390 2391
# cell 300: 2392 2393 2394 2395 2396 2397 2398 2399
# cell 301: 2400 2401 2402 2403 2404 2405 2406 2407
# cell 302: 2408 2409 2410 2411 2412 2413 2414 2415
# cell 303: 2416 2417 2418 2419 2420 2421 2422 2423
# cell 304: 2424 2425 2426 2427 2428 2429 2430 2431
# cell 305: 2432 2433 2434 2435 2436 2437 2438 2439
# cell 306: 2440 2441 2442 2443 2444 2445 2446 2447
# cell 307: 2448 2449 2450 2451 2452 2453 2454 2455
# cell 308: 2456 2457 2458 2459 2460 2461 2462 2463
# cell 309: 2464 2465 2466 2467 2468 2469 2470 2471
# cell 310: 2472 2473 2474 2475 2476 2477 2478 2479
# cell 311: 2480 2481 2482 2483 2484 2485 2486 2487
# cell 312: 2488 2489 2490 2491 2492 2493 2494 2495
# cell 313: 2496 2497 2498 2499 2500 2501 2502 2503
# cell 314: 2504 2505 2506 2507 2508 2509 2510 2511
# cell 315: 2512 2513 2514 2515 2516 2517 2518 2519
# cell 316: 2520 2521 2522 2523 2524 2525 2526 2527
# cell 317: 2528 2529 2530 2531 2532 2533 2534 2535
# cell 318: 2536 2537 2538 2539 2540 2541 2542 2543
# cell 319: 2544 2545 2546 2547 2548 2549 2550 2551
# cell 320: 2552 2553 2554 2555 2556 2557 2558 2559
# cell 321: 2560 2561 2562 2563 2564 2565 2566 2567
# cell 322: 2568 2569 2570 2571 2572 2573 2574 2575
# cell 323: 2576 2577 2578 2579 2580 2581 2582 2583
# cell 324: 2584 2585 2586 2587 2588 2589 2590 2591
# cell 325: 2592 2593 2594 2595 2596 2597 2598 2599
# cell 326: 2600 2601 2602 2603 2604 2605 2606 2607
# cell 327: 2608 2609 2610 2611 2612 2613 2614 2615
# cell 328: 2616 2617 2618 2619 2620 2621 2622 2623
# cell 329: 2624 2625 2626 2627 2628 2629 2630 2631
# cell 330: 2632 2633 2634 2635 2636 2637 2638 2639
# cell 331: 2640 2641 2642 2643 2644 2645 2646 2647
# cell 332: 2648 2649 2650 2651 2652 2653 2654 2655
# cell 333: 2656 2657 2658 2659 2660 2661 2662 2663
# cell 334: 2664 2665 2666 2667 2668 2669 2670 2671
# cell 335: 2672 2673 2674 2675 2676 2677 2678 2679
# cell 336: 2680 2681 2682 2683 2684 2685 2686 2687
# cell 337: 2688 2689 2690 2691 2692 2693 2694 2695
# cell 338: 2696 2697 2698 2699 2700 2701 2702 2703
# cell 339: 2704 2705 2706 2707 2708 2709 2710 2711
# cell 340: 2712 2713 2714 2715 2716 2717 2718 2719
# cell 341: 2720 2721 2722 2723 2724 2725 2726 2727
# cell 342: 2728 2729 2730 2731 2732 2733 2734 2735
# cell 343: 2736 2737 2738 2739 2740 2741 2742 2743
# cell 344: 2744 2745 2746 2747 2748 2749 2750 2751
# cell 345: 2752 2753 2754 2755 2756 2757 2758 2759
# cell 346: 2760 2761 2762 2763 2764 2765 2766 2767
# cell 347: 2768 2769 2770 2771 2772 2773 2774 2775
# cell 348: 2776 2777 2778 2779 2780 2781 2782 2783
# cell 349: 2784 2785 2786 2787 2788 2789 2790 2791
# cell 350: 2792 2793 2794 2795 2796 2797 2798 2799
# cell 351: 2800 2801 2802 2803 2804 2805 2806 2807
# cell 352: 2808 2809 2810 2811 2812 2813 2814 2815
# cell 353: 2816 2817 2818 2819 2820 2821 2822 2823
# cell 354: 2824 2825 2826 2827 2828 2829 2830 2831
# cell 355: 2832 2833 2834 2835 2836 2837 2838 2839
# cell 356: 2840 2841 2842 2843 2844 2845 2846 2847
# cell 357: 2848 2849 2850 2851 2852 2853 2854 2855
# cell 358: 2856 2857 2858 2859 2860 2861 2862 2863
# cell 359: 2864 2865 2866 2867 2868 2869 2870 2871
# cell 360: 2872 2873 2874 2875 2876 2877 2878 2879
# cell 361: 2880 2881 2882 2883 2884 2885 2886 2887
# cell 362: 2888 2889 2890 2891 2892 2893 2894 2895
# cell 363: 2896 2897 2898 2899 2900 2901 2902 2903
# cell 364: 2904 2905 2906 2907 2908 2909 2910 2911
# cell 365: 2912 2913 2914 2915 2916 2917 2918 2919
# cell 366: 2920 2921 2922 2923 2924 2925 2926 2927
# cell 367: 2928 2929 2930 2931 2932 2933 2934 2935
# cell 368: 2936 2937 2938 2939 2940 2941 2942 2943
# cell 369: 2944 2945 2946 2947 2948 2949 2950 2951
# cell 370: 2952 2953 2954 2955 2956 2957 2958 2959
# cell 371: 2960 2961 2962 2963 2964 2965 2966 2967
# cell 372: 2968 2969 2970 2971 2972 2973 2974 2975
# cell 373: 2976 2977 2978 2979 2980 2981 2982 2983
# cell 374: 2984 2985 2986 2987 2988 2989 2990 2991
# cell 375: 2992 2993 2994 2995 2996 2997 2998 2999
# cell 376: 3000 3001 3002 3003 3004 3005 3006 3007
# cell 377: 3008 3009 3010 3011 3012 3013 3014 3015
# cell 378: 3016 3017 3018 3019 3020 3021 3022 3023
# cell 379: 3024 3025 3026 3027 3028 3029 3030 3031
# cell 380: 3032 3033 3034 3035 3036 3037 3038 3039
# cell 381: 3040 3041 3042 3043 3044 3045 3046 3047
# cell 382: 3048 3049 3050 3051 3052 3053 3054 3055
# cell 383: 3056 3057 3058 3059 3060 3061 3062 3063
# cell 384: 3064 3065 3066 3067 3068 3069 3070 3071
# cell 385: 3072 3073 3074 3075 3076 3077 3078 3079
# cell 386: 3080 3081 3082 3083 3084 3085 3086 3087
# cell 387: 3088 3089 3090 3091 3092 3093 3094 3095
# cell 388: 3096 3097 3098 3099 3100 3101 3102 3103
# cell 389: 3104 3105 3106 3107 3108 3109 3110 3111
# cell 390: 3112 3113 3114 3115 3116 3117 3118 3119
# cell 391: 3120 3121 3122 3123 3124 3125 3126 3127
# cell 392: 3128 3129 3130 3131 3132 3133 3134 3135
# cell 393: 3136 3137 3138 3139 3140 3141 3142 3143
# cell 394: 3144 3145 3146 3147 3148 3149 3150 3151
# cell 395: 3152 3153 3154 3155 3156 3157 3158 3159
# cell 396: 3160 3161 3162 3163 3164 3165 3166 3167
# cell 397: 3168 3169 3170 3171 3172 3173 3174 3175
# cell 398: 3176 3177 3178 3179 3180 3181 3182 3183
# cell 399: 3184 3185 3186 3187 3188 3189 3190 3191
# cell 400: 3192 3193 3194 3195 3196 3197 3198 3199
# cell 401: 3200 3201 3202 3203 3204 3205 3206 3207
# cell 402: 3208 3209 3210 3211 3212 3213 3214 3215
# cell 403: 3216 3217 3218 3219 3220 3221 3222 3223
# cell 404: 3224 3225 3226 3227 3228 3229 3230 3231
# cell 405: 3232 3233 3234 3235 3236 3237 3238 3239
# cell 406: 3240 3241 3242 3243 3244 3245 3246 3247
# cell 407: 3248 3249 3250 3251 3252 3253 3254 3255
# cell 408: 3256 3257 3258 3259 3260 3261 3262 3263
# cell 409: 3264 3265 3266 3267 3268 3269 3270 3271
# cell 410: 3272 3273 3274 3275 3276 3277 3278 3279
# cell 411: 3280 3281 3282 3283 3284 3285 3286 3287
# cell 412: 3288 3289 3290 3291 3292 3293 3294 3295
# cell 413: 3296 3297 3298 3299 3300 3301 3302 3303
# cell 414: 3304 3305 3306 3307 3308 3309 3310 3311
# cell 415: 3312 3313 3314 3315 3316 3317 3318 3319
# cell 416: 3320 3321 3322 3323 3324 3325 3326 3327
# cell 417: 3328 3329 3330 3331 3332 3333 3334 3335
# cell 418: 3336 3337 3338 3339 3340 3341 3342 3343
# cell 419: 3344 3345 3346 3347 3348 3349 3350 3351
# cell 420: 3352 3353 3354 3355 3356 3357 3358 3359
# cell 421: 3360 3361 3362 3363 3364 3365 3366 3367
# cell 422: 3368 3369 3370 3371 3372 3373 3374 3375
# cell 423: 3376 3377 3378 3379 3380 3381 3382 3383
# cell 424: 3384 3385 3386 3387 3388 3389 3390 3391
# cell 425: 3392 3393 3394 3395 3396 3397 3398 3399
# cell 426: 3400 3401 3402 3403 3404 3405 3406 3407
# cell 427: 3408 3409 3410 3411 3412 3413 3414 3415
# cell 428: 3416 3417 3418 3419 3420 3421 3422 3423
# cell 429: 3424 3425 3426 3427 3428 3429 3430 3431
# cell 430: 3432 3433 3434 3435 3436 3437 3438 3439
# cell 431: 3440 3441 3442 3443 3444 3445 3446 3447
# cell 432: 3448 3449 3450 3451 3452 3453 3454 3455
# cell 433: 3456 3457 3458 3459 3460 3461 3462 3463
# cell 434: 3464 3465 3466 3467 3468 3469 3470 3471
# cell 435: 3472 3473 3474 3475 3476 3477 3478 3479
# cell 436: 3480 3481 3482 3483 3484 3485 3486 3487
# cell 437: 3488 3489 3490 3491 3492 3493 3494 3495
# cell 438: 3496 3497 3498 3499 3500 3501 3502 3503
# cell 439: 3504 3505 3506 3507 3508 3509 3510 3511
# cell 440: 3512 3513 3514 3515 3516 3517 3518 3519
# cell 441: 3520 3521 3522 3523 3524 3525 3526 3527
# cell 442: 3528 3529 3530 3531 3532 3533 3534 3535
# cell 443: 3536 3537 3538 3539 3540 3541 3542 3543
# cell 444: 3544 3545 3546 3547 3548 3549 3550 3551
# cell 445: 3552 3553 3554 3555 3556 3557 3558 3559
# cell 446: 3560 3561 3562 3563 3564 3565 3566 3567
# cell 447: 3568 3569 3570 3571 3572 3573 3574 3575
# cell 448: 3576 3577 3578 3579 3580 3581 3582 3583
# cell 449: 3584 3585 3586 3587 3588 3589 3590 3591
# cell 450: 3592 3593 3594 3595 3596 3597 3598 3599
# cell 451: 3600 3601 3602 3603 3604 3605 3606 3607
# cell 452: 3608 3609 3610 3611 3612 3613 3614 3615
# cell 453: 3616 3617 3618 3619 3620 3621 3622 3623
# cell 454: 3624 3625 3626 3627 3628 3629 3630 3631
# cell 455: 3632 3633 3634 3635 3636 3637 3638 3639
# cell 456: 3640 3641 3642 3643 3644 3645 3646 3647
# cell 457: 3648 3649 3650 3651 3652 3653 3654 3655
# cell 458: 3656 3657 3658 3659 3660 3661 3662 3663
# cell 459: 3664 3665 3666 3667 3668 3669 3670 3671
# cell 460: 3672 3673 3674 3675 3676 3677 3678 3679
# cell 461: 3680 3681 3682 3683 3684 3685 3686 3687
# cell 462: 3688 3689 3690 3691 3692 3693 3694 3695
# cell 463: 3696 3697 3698 3699 3700 3701 3702 3703
# cell 464: 3704 3705 3706 3707 3708 3709 3710 3711
# cell 465: 3712 3713 3714 3715 3716 3717 3718 3719
# cell 466: 3720 3721 3722 3723 3724 3725 3726 3727
# cell 467: 3728 3729 3730 3731 3732 3733 3734 3735
# cell 468: 3736 3737 3738 3739 3740 3741 3742 3743
# cell 469: 3744 3745 3746 3747 3748 3749 3750 3751
# cell 470: 3752 3753 3754 3755 3756 3757 3758 3759
# cell 471: 3760 3761 3762 3763 3764 3765 3766 3767
# cell 472: 3768 3769 3770 3771 3772 3773 3774 3775
# cell 473: 3776 3777 3778 3779 3780 3781 3782 3783
# cell 474: 3784 3785 3786 3787 3788 3789 3790 3791
# cell 475: 3792 3793 3794 3795 3796 3797 3798 3799
# cell 476: 3800 3801 3802 3803 3804 3805 3806 3807
# cell 477: 3808 3809 3810 3811 3812 3813 3814 3815
# cell 478: 3816 3817 3818 3819 3820 3821 3822 3823
# cell 479: 3824 3825 3826 3827 3828 3829 3830 3831
# cell 480: 3832 3833 3834 3835 3836 3837 3838 3839
# cell 481: 3840 3841 3842 3843 3844 3845 3846 3847
# cell 482: 3848 3849 3850 3851 3852 3853 3854 3855
# cell 483: 3856 3857 3858 3859 3860 3861 3862 3863
# cell 484: 3864 3865 3866 3867 3868 3869 3870 3871
# cell 485: 3872 3873 3874 3875 3876 3877 3878 3879
# cell 486: 3880 3881 3882 3883 3884 3885 3886 3887
# cell 487: 3888 3889 3890 3891 3892 3893 3894 3895
# cell 488: 3896 3897 3898 3899 3900 3901 3902 3903
# cell 489: 3904 3905 3906 3907 3908 3909 3910 3911
# cell 490: 3912 3913 3914 3915 3916 3917 3918 3919
# cell 491: 3920 3921 3922 3923 3924 3925 3926 3927
# cell 492: 3928 3929 3930 3931 3932 3933 3934 3935
# cell 493: 3936 3937 3938 3939 3940 3941 3942 3943
# cell 494: 3944 3945 3946 3947 3948 3949 3950 3951
# cell 495: 3952 3953 3954 3955 3956 3957 3958 3959
# cell 496: 3960 3961 3962 3963 3964 3965 3966 3967
# cell 497: 3968 3969 3970 3971 3972 3973 3974 3975
# cell 498: 3976 3977 3978 3979 3980 3981 3982 3983
# cell 499: 3984 3985 3986 3987 3988 3989 3990 3991
# cell 500: 3992 3993 3994 3995 3996 3997 3998 3999
# cell 501: 4000 4001 4002 4003 4004 4005 4006 4007
# cell 502: 4008 4009 4010 4011 4012 4013 4014 4015
# cell 503: 4016 4017 4018 4019 4020 4021 4022 4023
# cell 504: 4024 4025 4026 4027 4028 4029 4030 4031
# cell 505: 4032 4033 4034 4035 4036 4037 4038 4039
# cell 506: 4040 4041 4042 4043 4044 4045 4046 4047
# cell 507: 4048 4049 4050 4051 4052 4053 4054 4055
# cell 508: 4056 4057 4058 4059 4060 4061 4062 4063
# cell 509: 4064 4065 4066 4067 4068 4069 4070 4071
# cell 510: 4072 4073 4074 4075 4076 4077 4078 4079
# cell 511: 4080 4081 4082 4083 4084 4085 4086 4087
# cell 512: 4088 4089 4090 4091 4092 4093 4094 4095
# cell 513: 4096 4097 4098 4099 4100 4101 4102 4103
# cell 514: 4104 4105 4106 4107 4108 4109 4110 4111
# cell 515: 4112 4113 4114 4115 4116 4117 4118 4119
# cell 516: 4120 4121 4122 4123 4124 4125 4126 4127
# cell 517: 4128 4129 4130 4131 4132 4133 4134 4135
# cell 518: 4136 4137 4138 4139 4140 4141 4142 4143
# cell 519: 4144 4145 4146 4147 4148 4149 4150 4151
# cell 520: 4152 4153 4154 4155 4156 4157 4158 4159
# cell 521: 4160 4161 4162 4163 4164 4165 4166 4167
# cell 522: 4168 4169 4170 4171 4172 4173 4174 4175
# cell 523: 4176 4177 4178 4179 4180 4181 4182 4183
# cell 524: 4184 4185 4186 4187 4188 4189 4190 4191
# cell 525: 4192 4193 4194 4195 4196 4197 4198 4199
# cell 526: 4200 4201 4202 4203 4204 4205 4206 4207
# cell 527: 4208 4209 4210 4211 4212 4213 4214 4215
# cell 528: 4216 4217 4218 4219 4220 4221 4222 4223
# cell 529: 4224 4225 4226 4227 4228 4229 4230 4231
# cell 530: 4232 4233 4234 4235 4236 4237 4238 4239
# cell 531: 4240 4241 4242 4243 4244 4245 4246 4247
# cell 532: 4248 4249 4250 4251 4252 4253 4254 4255
# cell 533: 4256 4257 4258 4259 4260 4261 4262 4263
# cell 534: 4264 4265 4266 4267 4268 4269 4270 4271
# cell 535: 4272 4273 4274 4275 4276 4277 4278 4279
# cell 536: 4280 4281 4282 4283 4284 4285 4286 4287
# cell 537: 4288 4289 4290 4291 4292 4293 4294 4295
# cell 538: 4296 4297 4298 4299 4300 4301 4302 4303
# cell 539: 4304 4305 4306 4307 4308 4309 4310 4311
# cell 540: 4312 4313 4314 4315 4316 4317 4318 4319
# cell 541: 4320 4321 4322 4323 4324 4325 4326 4327
# cell 542: 4328 4329 4330 4331 4332 4333 4334 4335
# cell 543: 4336 4337 4338 4339 4340 4341 4342 4343
# cell 544: 4344 4345 4346 4347 4348 4349 4350 4351
# cell 545: 4352 4353 4354 4355 4356 4357 4358 4359
# cell 546: 4360 4361 4362 4363 4364 4365 4366 4367
# cell 547: 4368 4369 4370 4371 4372 4373 4374 4375
# cell 548: 4376 4377 4378 4379 4380 4381 4382 4383
# cell 549: 4384 4385 4386 4387 4388 4389 4390 4391
# cell 550: 4392 4393 4394 4395 4396 4397 4398 4399
# cell 551: 4400 4401 4402 4403 4404 4405 4406 4407
# cell 552: 4408 4409 4410 4411 4412 4413 4414 4415
# cell 553: 4416 4417 4418 4419 4420 4421 4422 4423
# cell 554: 4424 4425 4426 4427 4428 4429 4430 4431
# cell 555: 4432 4433 4434 4435 4436 4437 4438 4439
# cell 556: 4440 4441 4442 4443 4444 4445 4446 4447
# cell 557: 4448 4449 4450 4451 4452 4453 4454 4455
# cell 558: 4456 4457 4458 4459 4460 4461 4462 4463
# cell 559: 4464 4465 4466 4467 4468 4469 4470 4471
# cell 560: 4472 4473 4474 4475 4476 4477 4478 4479
# cell 561: 4480 4481 4482 4483 4484 4485 4486 4487
# cell 562: 4488 4489 4490 4491 4492 4493 4494 4495
# cell 563: 4496 4497 4498 4499 4500 4501 4502 4503
# cell 564: 4504 4505 4506 4507 4508 4509 4510 4511
# cell 565: 4512 4513 4514 4515 4516 4517 4518 4519
# cell 566: 4520 4521 4522 4523 4524 4525 4526 4527
# cell 567: 4528 4529 4530 4531 4532 4533 4534 4535
# cell 568: 4536 4537 4538 4539 4540 4541 4542 4543
# cell 569: 4544 4545 4546 4547 4548 4549 4550 4551
# cell 570: 4552 4553 4554 4555 4556 4557 4558 4559
# cell 571: 4560 4561 4562 4563 4564 4565 4566 4567
# cell 572: 4568 4569 4570 4571 4572 4573 4574 4575
# cell 573: 4576 4577 4578 4579 4580 4581 4582 4583
# cell 574: 4584 4585 4586 4587 4588 4589 4590 4591
# cell 575: 4592 4593 4594 4595 4596 4597 4598 4599
# cell 576: 4600 4601 4602 4603 4604 4605 4606 4607
# cell 577: 4608 4609 4610 4611 4612 4613 4614 4615
# cell 578: 4616 4617 4618 4619 4620 4621 4622 4623
# cell 579: 4624 4625 4626 4627 4628 4629 4630 4631
# cell 580: 4632 4633 4634 4635 4636 4637 4638 4639
# cell 581: 4640 4641 4642 4643 4644 4645 4646 4647
# cell 582: 4648 4649 4650 4651 4652 4653 4654 4655
# cell 583: 4656 4657 4658 4659 4660 4661 4662 4663
# cell 584: 4664 4665 4666 4667 4668 4669 4670 4671
# cell 585: 4672 4673 4674 4675 4676 4677 4678 4679
# cell 586: 4680 4681 4682 4683 4684 4685 4686 4687
# cell 587: 4688 4689 4690 4691 4692 4693 4694 4695
# cell 588: 4696 4697 4698 4699 4700 4701 4702 4703
# cell 589: 4704 4705 4706 4707 4708 4709 4710 4711
# cell 590: 4712 4713 4714 4715 4716 4717 4718 4719
# cell 591: 4720 4721 4722 4723 4724 4725 4726 4727
# cell 592: 4728 4729 4730 4731 4732 4733 4734 4735
# cell 593: 4736 4737 4738 4739 4740 4741 4742 4743
# cell 594: 4744 4745 4746 4747 4748 4749 4750 4751
# cell 595: 4752 4753 4754 4755 4756 4757 4758 4759
# cell 596: 4760 4761 4762 4763 4764 4765 4766 4767
# cell 597: 4768 4769 4770 4771 4772 4773 4774 4775
# cell 598: 4776 4777 4778 4779 4780 4781 4782 4783
# cell 599: 4784 4785 4786 4787 4788 4789 4790 4791
# cell 600: 4792 4793 4794 4795 4796 4797 4798 4799
# cell 601: 4800 4801 4802 4803 4804 4805 4806 4807 4808 4809 4810 4811 4812 4813 4814 4815 4816 4817 4818 4819
# cell 602: 4820 4821 4822 4823 4824 4825 4826 4827 4828 4829 4830 4831 4832 4833 4834 4835 4836 4837 4838 4839
# cell 603: 4840 4841 4842 4843 4844 4845 4846 4847 4848 4849 4850 4851 4852 4853 4854 4855 4856 4857 4858 4859
# cell 604: 4860 4861 4862 4863 4864 4865 4866 4867 4868 4869 4870 4871 4872 4873 4874 4875 4876 4877 4878 4879
# cell 605: 4880 4881 4882 4883 4884 4885 4886 4887 4888 4889 4890 4891 4892 4893 4894 4895 4896 4897 4898 4899
# cell 606: 4900 4901 4902 4903 4904 4905 4906 4907 4908 4909 4910 4911 4912 4913 4914 4915 4916 4917 4918 4919
# cell 607: 4920 4921 4922 4923 4924 4925 4926 4927 4928 4929 4930 4931 4932 4933 4934 4935 4936 4937 4938 4939
# cell 608: 4940 4941 4942 4943 4944 4945 4946 4947 4948 4949 4950 4951 4952 4953 4954 4955 4956 4957 4958 4959
# cell 609: 4960 4961 4962 4963 4964 4965 4966 4967 4968 4969 4970 4971 4972 4973 4974 4975 4976 4977 4978 4979
# cell 610: 4980 4981 4982 4983 4984 4985 4986 4987 4988 4989 4990 4991 4992 4993 4994 4995 4996 4997 4998 4999
# cell 611: 5000 5001 5002 5003 5004 5005 5006 5007 5008 5009 5010 5011 5012 5013 5014 5015 5016 5017 5018 5019
# cell 612: 5020 5021 5022 5023 5024 5025 5026 5027 5028 5029 5030 5031 5032 5033 5034 5035 5036 5037 5038 5039
# cell 613: 5040 5041 5042 5043 5044 5045 5046 5047 5048 5049 5050 5051 5052 5053 5054 5055 5056 5057 5058 5059
# cell 614: 5060 5061 5062 5063 5064 5065 5066 5067 5068 5069 5070 5071 5072 5073 5074 5075 5076 5077 5078 5079
# cell 615: 5080 5081 5082 5083 5084 5085 5086 5087 5088 5089 5090 5091 5092 5093 5094 5095 5096 5097 5098 5099
# cell 616: 5100 5101 5102 5103 5104 5105 5106 5107 5108 5109 5110 5111 5112 5113 5114 5115 5116 5117 5118 5119
# cell 617: 5120 5121 5122 5123 5124 5125 5126 5127 5128 5129 5130 5131 5132 5133 5134 5135 5136 5137 5138 5139
# cell 618: 5140 5141 5142 5143 5144 5145 5146 5147 5148 5149 5150 5151 5152 5153 5154 5155 5156 5157 5158 5159
# cell 619: 5160 5161 5162 5163 5164 5165 5166 5167 5168 5169 5170 5171 5172 5173 5174 5175 5176 5177 5178 5179
# cell 620: 5180 5181 5182 5183 5184 5185 5186 5187 5188 5189 5190 5191 5192 5193 5194 5195 5196 5197 5198 5199
# cell 621: 5200 5201 5202 5203 5204 5205 5206 5207 5208 5209 5210 5211 5212 5213 5214 5215 5216 5217 5218 5219
# cell 622: 5220 5221 5222 5223 5224 5225 5226 5227 5228 5229 5230 5231 5232 5233 5234 5235 5236 5237 5238 5239
# cell 623: 5240 5241 5242 5243 5244 5245 5246 5247 5248 5249 5250 5251 5252 5253 5254 5255 5256 5257 5258 5259
# cell 624: 5260 5261 5262 5263 5264 5265 5266 5267 5268 5269 5270 5271 5272 5273 5274 5275 5276 5277 5278 5279
# cell 625: 5280 5281 5282 5283 5284 5285 5286 5287 5288 5289 5290 5291 5292 5293 5294 5295 5296 5297 5298 5299
# cell 626: 5300 5301 5302 5303 5304 5305 5306 5307 5308 5309 5310 5311 5312 5313 5314 5315 5316 5317 5318 5319
# cell 627: 5320 5321 5322 5323 5324 5325 5326 5327 5328 5329 5330 5331 5332 5333 5334 5335 5336 5337 5338 5339
# cell 628: 5340 5341 5342 5343 5344 5345 5346 5347 5348 5349 5350 5351 5352 5353 5354 5355 5356 5357 5358 5359
# cell 629: 5360 5361 5362 5363 5364 5365 5366 5367 5368 5369 5370 5371 5372 5373 5374 5375 5376 5377 5378 5379
# cell 630: 5380 5381 5382 5383 5384 5385 5386 5387 5388 5389 5390 5391 5392 5393 5394 5395 5396 5397 5398 5399
# cell 631: 5400 5401 5402 5403 5404 5405 5406 5407 5408 5409 5410 5411 5412 5413 5414 5415 5416 5417 5418 5419
# cell 632: 5420 5421 5422 5423 5424 5425 5426 5427 5428 5429 5430 5431 5432 5433 5434 5435 5436 5437 5438 5439
# cell 633: 5440 5441 5442 5443 5444 5445 5446 5447 5448 5449 5450 5451 5452 5453 5454 5455 5456 5457 5458 5459
# cell 634: 5460 5461 5462 5463 5464 5465 5466 5467 5468 5469 5470 5471 5472 5473 5474 5475 5476 5477 5478 5479
# cell 635: 5480 5481 5482 5483 5484 5485 5486 5487 5488 5489 5490 5491 5492 5493 5494 5495 5496 5497 5498 5499
# cell 636: 5500 5501 5502 5503 5504 5505 5506 5507 5508 5509 5510 5511 5512 5513 5514 5515 5516 5517 5518 5519
# cell 637: 5520 5521 5522 5523 5524 5525 5526 5527 5528 5529 5530 5531 5532 5533 5534 5535 5536 5537 5538 5539
# cell 638: 5540 5541 5542 5543 5544 5545 5546 5547 5548 5549 5550 5551 5552 5553 5554 5555 5556 5557 5558 5559
# cell 639: 5560 5561 5562 5563 5564 5565 5566 5567 5568 5569 5570 5571 5572 5573 5574 5575 5576 5577 5578 5579
# cell 640: 5580 5581 5582 5583 5584 5585 5586 5587 5588 5589 5590 5591 5592 5593 5594 5595 5596 5597 5598 5599
# cell 641: 5600 5601 5602 5603 5604 5605 5606 5607 5608 5609 5610 5611 5612 5613 5614 5615 5616 5617 5618 5619
# cell 642: 5620 5621 5622 5623 5624 5625 5626 5627 5628 5629 5630 5631 5632 5633 5634 5635 5636 5637 5638 5639
# cell 643: 5640 5641 5642 5643 5644 5645 5646 5647 5648 5649 5650 5651 5652 5653 5654 5655 5656 5657 5658 5659
# cell 644: 5660 5661 5662 5663 5664 5665 5666 5667 5668 5669 5670 5671 5672 5673 5674 5675 5676 5677 5678 5679
# cell 645: 5680 5681 5682 5683 5684 5685 5686 5687 5688 5689 5690 5691 5692 5693 5694 5695 5696 5697 5698 5699
# cell 646: 5700 5701 5702 5703 5704 5705 5706 5707 5708 5709 5710 5711 5712 5713 5714 5715 5716 5717 5718 5719
# cell 647: 5720 5721 5722 5723 5724 5725 5726 5727 5728 5729 5730 5731 5732 5733 5734 5735 5736 5737 5738 5739
# cell 648: 5740 5741 5742 5743 5744 5745 5746 5747 5748 5749 5750 5751 5752 5753 5754 5755 5756 5757 5758 5759
# cell 649: 5760 5761 5762 5763 5764 5765 5766 5767 5768 5769 5770 5771 5772 5773 5774 5775 5776 5777 5778 5779
# cell 650: 5780 5781 5782 5783 5784 5785 5786 5787 5788 5789 5790 5791 5792 5793 5794 5795 5796 5797 5798 5799
# cell 651: 5800 5801 5802 5803 5804 5805 5806 5807 5808 5809 5810 5811 5812 5813 5814 5815 5816 5817 5818 5819
# cell 652: 5820 5821 5822 5823 5824 5825 5826 5827 5828 5829 5830 5831 5832 5833 5834 5835 5836 5837 5838 5839
# cell 653: 5840 5841 5842 5843 5844 5845 5846 5847 5848 5849 5850 5851 5852 5853 5854 5855 5856 5857 5858 5859
# cell 654: 5860 5861 5862 5863 5864 5865 5866 5867 5868 5869 5870 5871 5872 5873 5874 5875 5876 5877 5878 5879
# cell 655: 5880 5881 5882 5883 5884 5885 5886 5887 5888 5889 5890 5891 5892 5893 5894 5895 5896 5897 5898 5899
# cell 656: 5900 5901 5902 5903 5904 5905 5906 5907 5908 5909 5910 5911 5912 5913 5914 5915 5916 5917 5918 5919
# cell 657: 5920 5921 5922 5923 5924 5925 5926 5927 5928 5929 5930 5931 5932 5933 5934 5935 5936 5937 5938 5939
# cell 658: 5940 5941 5942 5943 5944 5945 5946 5947 5948 5949 5950 5951 5952 5953 5954 5955 5956 5957 5958 5959
# cell 659: 5960 5961 5962 5963 5964 5965 5966 5967 5968 5969 5970 5971 5972 5973 5974 5975 5976 5977 5978 5979
# cell 660: 5980 5981 5982 5983 5984 5985 5986 5987 5988 5989 5990 5991 5992 5993 5994 5995 5996 5997 5998 5999
# cell 661: 6000 6001 6002 6003 6004 6005 6006 6007 6008 6009 6010 6011 6012 6013 6014 6015 6016 6017 6018 6019
# cell 662: 6020 6021 6022 6023 6024 6025 6026 6027 6028 6029 6030 6031 6032 6033 6034 6035 6036 6037 6038 6039
# cell 663: 6040 6041 6042 6043 6044 6045 6046 6047 6048 6049 6050 6051 6052 6053 6054 6055 6056 6057 6058 6059
# cell 664: 6060 6061 6062 6063 6064 6065 6066 6067 6068 6069 6070 6071 6072 6073 6074 6075 6076 6077 6078 6079
# cell 665: 6080 6081 6082 6083 6084 6085 6086 6087 6088 6089 6090 6091 6092 6093 6094 6095 6096 6097 6098 6099
# cell 666: 6100 6101 6102 6103 6104 6105 6106 6107 6108 6109 6110 6111 6112 6113 6114 6115 6116 6117 6118 6119
# cell 667: 6120 6121 6122 6123 6124 6125 6126 6127 6128 6129 6130 6131 6132 6133 6134 6135 6136 6137 6138 6139
# cell 668: 6140 6141 6142 6143 6144 6145 6146 6147 6148 6149 6150 6151 6152 6153 6154 6155 6156 6157 6158 6159
# cell 669: 6160 6161 6162 6163 6164 6165 6166 6167 6168 6169 6170 6171 6172 6173 6174 6175 6176 6177 6178 6179
# cell 670: 6180 6181 6182 6183 6184 6185 6186 6187 6188 6189 6190 6191 6192 6193 6194 6195 6196 6197 6198 6199
# cell 671: 6200 6201 6202 6203 6204 6205 6206 6207 6208 6209 6210 6211 6212 6213 6214 6215 6216 6217 6218 6219
# cell 672: 6220 6221 6222 6223 6224 6225 6226 6227 6228 6229 6230 6231 6232 6233 6234 6235 6236 6237 6238 6239
# cell 673: 6240 6241 6242 6243 6244 6245 6246 6247 6248 6249 6250 6251 6252 6253 6254 6255 6256 6257 6258 6259
# cell 674: 6260 6261 6262 6263 6264 6265 6266 6267 6268 6269 6270 6271 6272 6273 6274 6275 6276 6277 6278 6279
# cell 675: 6280 6281 6282 6283 6284 6285 6286 6287 6288 6289 6290 6291 6292 6293 6294 6295 6296 6297 6298 6299
# cell 676: 6300 6301 6302 6303 6304 6305 6306 6307 6308 6309 6310 6311 6312 6313 6314 6315 6316 6317 6318 6319
# cell 677: 6320 6321 6322 6323 6324 6325 6326 6327 6328 6329 6330 6331 6332 6333 6334 6335 6336 6337 6338 6339
# cell 678: 6340 6341 6342 6343 6344 6345 6346 6347 6348 6349 6350 6351 6352 6353 6354 6355 6356 6357 6358 6359
# cell 679: 6360 6361 6362 6363 6364 6365 6366 6367 6368 6369 6370 6371 6372 6373 6374 6375 6376 6377 6378 6379
# cell 680: 6380 6381 6382 6383 6384 6385 6386 6387 6388 6389 6390 6391 6392 6393 6394 6395 6396 6397 6398 6399
# cell 681: 6400 6401 6402 6403 6404 6405 6406 6407 6408 6409 6410 6411 6412 6413 6414 6415 6416 6417 6418 6419
# cell 682: 6420 6421 6422 6423 6424 6425 6426 6427 6428 6429 6430 6431 6432 6433 6434 6435 6436 6437 6438 6439
# cell 683: 6440 6441 6442 6443 6444 6445 6446 6447 6448 6449 6450 6451 6452 6453 6454 6455 6456 6457 6458 6459
# cell 684: 6460 6461 6462 6463 6464 6465 6466 6467 6468 6469 6470 6471 6472 6473 6474 6475 6476 6477 6478 6479
# cell 685: 6480 6481 6482 6483 6484 6485 6486 6487 6488 6489 6490 6491 6492 6493 6494 6495 6496 6497 6498 6499
# cell 686: 6500 6501 6502 6503 6504 6505 6506 6507 6508 6509 6510 6511 6512 6513 6514 6515 6516 6517 6518 6519
# cell 687: 6520 6521 6522 6523 6524 6525 6526 6527 6528 6529 6530 6531 6532 6533 6534 6535 6536 6537 6538 6539
# cell 688: 6540 6541 6542 6543 6544 6545 6546 6547 6548 6549 6550 6551 6552 6553 6554 6555 6556 6557 6558 6559
# cell 689: 6560 6561 6562 6563 6564 6565 6566 6567 6568 6569 6570 6571 6572 6573 6574 6575 6576 6577 6578 6579
# cell 690: 6580 6581 6582 6583 6584 6585 6586 6587 6588 6589 6590 6591 6592 6593 6594 6595 6596 6597 6598 6599
# cell 691: 6600 6601 6602 6603 6604 6605 6606 6607 6608 6609 6610 6611 6612 6613 6614 6615 6616 6617 6618 6619
# cell 692: 6620 6621 6622 6623 6624 6625 6626 6627 6628 6629 6630 6631 6632 6633 6634 6635 6636 6637 6638 6639
# cell 693: 6640 6641 6642 6643 6644 6645 6646 6647 6648 6649 6650 6651 6652 6653 6654 6655 6656 6657 6658 6659
# cell 694: 6660 6661 6662 6663 6664 6665 6666 6667 6668 6669 6670 6671 6672 6673 6674 6675 6676 6677 6678 6679
# cell 695: 6680 6681 6682 6683 6684 6685 6686 6687 6688 6689 6690 6691 6692 6693 6694 6695 6696 6697 6698 6699
# cell 696: 6700 6701 6702 6703 6704 6705 6706 6707 6708 6709 6710 6711 6712 6713 6714 6715 6716 6717 6718 6719
# cell 697: 6720 6721 6722 6723 6724 6725 6726 6727 6728 6729 6730 6731 6732 6733 6734 6735 6736 6737 6738 6739
# cell 698: 6740 6741 6742 6743 6744 6745 6746 6747 6748 6749 6750 6751 6752 6753 6754 6755 6756 6757 6758 6759
# cell 699: 6760 6761 6762 6763 6764 6765 6766 6767 6768 6769 6770 6771 6772 6773 6774 6775 6776 6777 6778 6779
# cell 700: 6780 6781 6782 6783 6784 6785 6786 6787 6788 6789 6790 6791 6792 6793 6794 6795 6796 6797 6798 6799
# cell 701: 6800 6801 6802 6803 6804 6805 6806 6807 6808 6809 6810 6811 6812 6813 6814 6815 6816 6817 6818 6819
# cell 702: 6820 6821 6822 6823 6824 6825 6826 6827 6828 6829 6830 6831 6832 6833 6834 6835 6836 6837 6838 6839
# cell 703: 6840 6841 6842 6843 6844 6845 6846 6847 6848 6849 6850 6851 6852 6853 6854 6855 6856 6857 6858 6859
# cell 704: 6860 6861 6862 6863 6864 6865 6866 6867 6868 6869 6870 6871 6872 6873 6874 6875 6876 6877 6878 6879
# cell 705: 6880 6881 6882 6883 6884 6885 6886 6887 6888 6889 6890 6891 6892 6893 6894 6895 6896 6897 6898 6899
# cell 706: 6900 6901 6902 6903 6904 6905 6906 6907 6908 6909 6910 6911 6912 6913 6914 6915 6916 6917 6918 6919
# cell 707: 6920 6921 6922 6923 6924 6925 6926 6927 6928 6929 6930 6931 6932 6933 6934 6935 6936 6937 6938 6939
# cell 708: 6940 6941 6942 6943 6944 6945 6946 6947 6948 6949 6950 6951 6952 6953 6954 6955 6956 6957 6958 6959
# cell 709: 6960 6961 6962 6963 6964 6965 6966 6967 6968 6969 6970 6971 6972 6973 6974 6975 6976 6977 6978 6979
# cell 710: 6980 6981 6982 6983 6984 6985 6986 6987 6988 6989 6990 6991 6992 6993 6994 6995 6996 6997 6998 6999
# cell 711: 7000 7001 7002 7003 7004 7005 7006 7007 7008 7009 7010 7011 7012 7013 7014 7015 7016 7017 7018 7019
# cell 712: 7020 7021 7022 7023 7024 7025 7026 7027 7028 7029 7030 7031 7032 7033 7034 7035 7036 7037 7038 7039
# cell 713: 7040 7041 7042 7043 7044 7045 7046 7047 7048 7049 7050 7051 7052 7053 7054 7055 7056 7057 7058 7059
# cell 714: 7060 7061 7062 7063 7064 7065 7066 7067 7068 7069 7070 7071 7072 7073 7074 7075 7076 7077 7078 7079
# cell 715: 7080 7081 7082 7083 7084 7085 7086 7087 7088 7089 7090 7091 7092 7093 7094 7095 7096 7097 7098 7099
# cell 716: 7100 7101 7102 7103 7104 7105 7106 7107 7108 7109 7110 7111 7112 7113 7114 7115 7116 7117 7118 7119
# cell 717: 7120 7121 7122 7123 7124 7125 7126 7127 7128 7129 7130 7131 7132 7133 7134 7135 7136 7137 7138 7139
# cell 718: 7140 7141 7142 7143 7144 7145 7146 7147 7148 7149 7150 7151 7152 7153 7154 7155 7156 7157 7158 7159
# cell 719: 7160 7161 7162 7163 7164 7165 7166 7167 7168 7169 7170 7171 7172 7173 7174 7175 7176 7177 7178 7179
# cell 720: 7180 7181 7182 7183 7184 7185 7186 7187 7188 7189 7190 7191 7192 7193 7194 7195 7196 7197 7198 7199