OFF
# face-rotation BFS net; polygonal faces are preserved
# the cell decomposition is listed below as comments
6027 7200 0
0.350329285085227 -1.2191147225011814 -1.9725690571923078
-1.2677047036646678 -1.7448458346203153 -0.9211068329540404
-1.2677047036646674 -0.043544217916235334 -1.9725690571923078
0.43701602444881993 -1.0998006616965357 2.024711213705996
-1.2243613339828712 -1.6851888042179926 1.0775333024951113
-1.1810179643010745 0.0757698428884103 2.024711213705996
0.4370160244488204 2.3028025717116245 -0.07821323477053925
-1.2243613339828707 1.7174144291901676 -1.0253911459814236
-1.181017964301074 1.7770714595924906 0.9732489894677286
2.055050013198715 1.1272320671266787 -0.07821323477053925
2.011706643516918 -0.6337265799797246 -1.0253911459814236
2.055050013198715 -0.5740695495774016 0.9732489894677286
-2.9146342722024263 -1.1761472225382779 -1.903046181840719
-2.8279475328388335 -1.0568331617336322 2.094234089057584
-2.8279475328388326 2.3457700716745284 -0.00869035941895023
-4.474877101376592 1.2131670670524854 0.060832515932638345
-4.51822047105839 -0.5477915800539175 -0.8863453952782459
-4.474877101376592 -0.48813454965159453 1.112294740170906
-0.21791095761926926 -3.1354313968465215 -1.903046181840719
-0.1312242182556762 -3.0161173360418756 2.094234089057584
3.1048437592441127 -1.9646551118036075 -0.008690359418950237
2.5366035165396177 -3.8809717861489474 0.06083251593263878
0.8752261581079257 -4.466359928670405 -0.8863453952782457
0.9185695277897223 -4.406702898268081 1.1122947401709062
-2.3945533291443715 -3.106786396871252 -1.856697598272993
-2.3078665897807786 -2.987472336066607 2.1405826726253103
-5.601725726856296 -1.850075111902531 0.17670397485195288
-5.081644783798241 -3.7807142862355057 0.22305255841967891
-3.4780585849422794 -4.409069928719866 -0.793648228142794
-3.4347152152604825 -4.349412898317544 1.2049919073063577
-0.2179109576192686 -0.29992870233972124 -3.655483222237831
-0.1312242182556752 3.2219885918730844 -1.7611273998160633
3.1048437592441127 0.8708475827031925 -1.7611273998160633
2.5366035165396177 1.7900336028646526 -3.4440415648615863
0.8752261581079268 1.2046454603431962 -4.39121947607247
0.9185695277897236 2.9656041074495993 -3.4440415648615863
-2.2147717748388276 -3.2374053418251365 -1.8566975982729934
-2.128085035475235 -3.1180912810204915 2.1405826726253103
-0.028497543384436774 -5.899262405472902 0.17670397485195294
-2.025358360603995 -6.001236350451517 0.22305255841967808
-3.1184954763311907 -4.670307818627634 -0.793648228142795
-3.0751521066493943 -4.610650788225311 1.2049919073063569
-2.394553329144371 -0.2712837023644523 -3.6091346386701053
-2.307866589780778 3.2506335918483535 -1.7147788162483375
-5.601725726856296 0.9854275826042684 -1.5757330655451591
-5.081644783798241 1.8902911027780944 -3.2818215223745457
-3.4780585849422776 1.261935460293734 -4.298522308937018
-3.434715215260481 3.022894107400137 -3.351344397726135
-0.05898526878601518 -0.08118625753120412 3.6728639410757253
-0.05898526878601473 3.3214169758769554 1.5699394925991903
3.1770827087137743 0.970275966707064 1.5699394925991903
2.6810814154789395 1.988890370872395 3.21809221996892
1.0630474267290442 1.4631592587532616 4.269554444207186
1.0630474267290446 3.1644608754573413 3.21809221996892
-2.2147717748388267 -0.21286913435121502 -3.72596377469658
-2.1280850354752334 3.3090481598615904 -1.8316079522748119
-0.028497543384435664 2.796279191014619 -5.197436282365858
-2.0253583606039944 2.883338759003125 -5.267916834824606
-3.1184954763311894 1.378764596320208 -4.532180580989968
-3.075152106649393 3.1397232434266114 -3.5850026697790836
0.4819515397443299 -2.3611868216265783 -3.6091346386701053
3.8047062566077123 -1.190410536583665 -1.7147788162483382
2.66822577119872 -5.023043885274346 -1.5757330655451594
3.3680882685623192 -4.248799310054402 -3.281821522374546
2.2749511528351234 -2.9178707782305193 -4.298522308937019
3.936328511266815 -2.3324826357090624 -3.3513443977261357
-2.235627640311117 -0.05254125755593475 3.71921252464345
-2.2356276403111166 3.350061975852225 1.6162880761669158
-5.529486777386634 1.08485596660814 1.7553338268700935
-4.937166884858917 2.089147870785837 3.38031226245596
-3.2902373163211593 1.5204492587038 4.362251611342638
-3.290237316321159 3.22175087540788 3.3107893871043705
0.4819515397443306 -2.1721533086594587 -3.72596377469658
3.8047062566077123 -1.0013770236165445 -1.8316079522748112
2.6682257711987214 0.836995016706376 -5.197436282365858
3.36808826856232 -1.0352295896133619 -5.267916834824606
2.2749511528351247 -2.5398037522962786 -4.532180580989968
3.936328511266816 -1.9544156097748215 -3.5850026697790827
-2.0510301560409294 0.012501869390892928 3.8244545147779934
-2.0510301560409294 3.4151051027990533 1.721530066301459
0.1930352349891895 3.1011929019598243 5.017835521040918
-1.799009652265725 3.1948810288819214 5.169426094743185
-2.921042347780784 1.6505355125974561 4.572735591611724
-2.921042347780784 3.351837129301536 3.521273367373457
-2.8857386924145634 -2.2705769467394488 -3.6738706738963884
-2.885738692414562 -1.2191147225011818 -1.9725690571923082
-2.2677047036646694 -3.1212277550914895 -1.972569057192308
-6.348755499942142 -1.2928548674142233 -1.9269951413007051
-4.617247096178351 -0.7302536828385691 -1.099131290894467
-5.730721511192247 -2.1435056757662636 -0.22569352459662517
-5.112687522442354 -5.097080932594839 -1.9269951413007045
-3.381179118678565 -4.5344797480191845 -1.0991312908944664
-5.112687522442354 -4.045618708356571 -0.22569352459662473
-5.7307215111922485 -4.2464301242427975 -3.628296758004785
-4.617247096178352 -2.833178131315103 -4.501734524302626
-6.348755499942142 -2.3443170916524902 -3.628296758004785
0.6408772285775841 -2.1424443768180614 3.7192125246434506
3.876945206077374 -1.0909821525797927 1.6162880761669172
2.7404647206683803 -4.923615501270472 1.7553338268700935
3.5125661675016406 -4.04994254204666 3.38031226245596
2.462772421456243 -2.6593569798204535 4.362251611342638
4.0808064102061365 -2.133625867701319 3.3107893871043723
-2.267704703664668 -0.3684639141491408 -3.6738706738963884
-6.348755499942141 -1.1453745775881403 -2.0181429730839096
-4.617247096178351 -0.6565135379255275 -1.1447052067860688
-5.730721511192247 0.7567384550021672 -2.0181429730839096
-5.112687522442353 0.5559270391159412 -5.420746206492069
-3.381179118678563 1.044788078778554 -4.547308440194229
-5.112687522442353 1.607389263354208 -3.7194445897879898
-5.730721511192247 -1.3461859934743663 -5.420746206492069
-4.617247096178352 -2.7594379864020615 -4.547308440194228
-6.34875549994214 -2.196836801826407 -3.719444589787989
0.6456931585422276 -1.94678230491735 3.824454514777994
3.8817611360420177 -0.8953200806790822 1.721530066301459
2.889758549572347 1.1419087276515805 5.017835521040918
3.5944369769005897 -0.7236873197345652 5.169426094743186
2.472404281385531 -2.2680328360190307 4.572735591611725
4.090438270135424 -1.7423017238998966 3.5212733673734573
-1.2677047036646683 -3.4461474513243946 -3.673870673896387
-0.2677047036646685 -3.121227755091488 -1.9725690571923078
0.7322952963353331 -6.437539413876035 -1.9269951413007051
0.732295296335332 -4.616923736367308 -1.0991312908944666
-0.2677047036646667 -6.1126197176431285 -0.22569352459662473
-3.2677047036646663 -6.437539413876036 -1.9269951413007043
-3.267704703664667 -4.616923736367311 -1.0991312908944657
-2.2677047036646663 -6.11261971764313 -0.2256935245966245
-2.2677047036646663 -6.76245911010894 -3.628296758004784
-1.2677047036646674 -5.266763128833121 -4.501734524302625
-0.2677047036646669 -6.762459110108939 -3.6282967580047845
-2.720962828375498 -2.0437824265460662 3.924238509573457
-2.7960122372269685 -1.0956168517930127 2.1648779356477315
-2.1760996007817024 -2.9951441476604748 2.25150573389938
-6.2576547981776685 -1.1674655085633712 2.2738208139599703
-4.564358222128054 -0.6574583928016655 1.3396690878409885
-5.7127915705838745 -2.1188272296777795 0.601088038285893
-5.017829525287139 -4.966520100298295 2.4470764104632674
-3.324532949237523 -4.456512984536589 1.512924684344285
-5.092878934138608 -4.0183545255452415 0.6877158365375415
-5.562692752880933 -4.015158379183887 4.119809186137344
-4.414259404425113 -2.553789542307772 4.858390235692438
-6.182605389326199 -2.1156310833164245 4.033181387885696
0.6408772285775839 4.284695064064019 -0.25297810025667045
3.876945206077372 1.9335540548941275 -0.25297810025667
2.7404647206683825 3.7719260952170477 -3.618806430347717
3.5125661675016415 4.834632567407981 -2.110657130788325
2.4627724214562416 5.091017051831468 -0.4277429657428018
4.0808064102061365 3.915446547246521 -0.4277429657428016
0.35032928508522737 -2.270576946739449 -3.6738706738963884
0.8725573869995266 -6.391965497984433 -2.0181429730839096
0.8024263416674289 -4.5941367784215075 -1.1447052067860688
2.4905913757494216 -5.216394993399486 -2.0181429730839096
2.1086253644993174 -4.690663881280353 -5.42074620649207
2.03849431916722 -2.892835161717428 -4.547308440194229
3.1086253644993183 -4.365744185047446 -3.71944458978799
0.4905913757494223 -5.866234385865298 -5.420746206492069
-1.1975736583325705 -5.243976170887319 -4.547308440194228
-0.12744261300047333 -6.716885194217337 -3.719444589787989
-2.1059685554496044 -0.1458532038592812 3.7840717876317216
-6.253897502786925 -1.0148137452915962 2.3559285786800594
-4.5624795744326825 -0.5811325111657777 1.3807229702010333
-5.638903229861031 0.8831154773951879 2.2157618567383235
-4.873810139232195 0.8847135505758656 5.594316282648038
-3.182392210877952 1.3183947847016844 4.619110674169012
-4.948859548083664 1.8328791253289183 3.8349557087223136
-5.488804412158089 -1.0132156721109182 5.734483004589775
-4.412380756729742 -2.4774636606718836 4.899444118052483
-6.178848093935455 -1.9629793200446493 4.115289152605785
0.6456931585422285 4.29132362299761 -0.030906974095653128
3.881761136042017 1.940182613827718 -0.030906974095653128
2.889758549572347 3.9774114221583803 3.265398480643805
3.5944369769005906 4.947318069279036 1.664552013948962
2.472404281385531 5.10427416969865 0.016399286579232397
4.090438270135425 3.9287036651137037 0.016399286579232397
-1.2677047036646674 -1.7448458346203146 -4.725332898134654
-0.26770470366466714 -0.36846391414914115 -3.6738706738963867
0.7322952963353344 1.1553982961481184 -6.6196887205564225
0.7322952963353335 1.0816581512350756 -4.621048585107271
-0.2677047036646647 2.5317802166192926 -5.568226496318156
-3.2677047036646636 1.1553982961481193 -6.619688720556424
-3.2677047036646645 1.0816581512350762 -4.621048585107273
-2.267704703664664 2.5317802166192926 -5.5682264963181565
-2.2677047036646654 -0.2209836243230544 -7.671150944794691
-1.2677047036646663 -1.6711056897072714 -6.723973033583806
-0.26770470366466537 -0.22098362432305485 -7.67115094479469
-1.1029288396256038 -3.219352931131012 3.924238509573457
-0.17797824847707544 -2.99772988438332 2.1648779356477315
0.8233959980998029 -6.312150055025182 2.273820813959971
0.7851841703856277 -4.544128446330405 1.339669087840989
-0.2497747630562951 -6.087941271554644 0.6010880382858941
-3.17284670650945 -6.306978581579493 2.447076410463268
-3.211058534223625 -4.538956972884716 1.5129246843442854
-2.2478961153609216 -6.085355534831801 0.687715836537542
-2.0996759453533524 -6.531187365050029 4.119809186137345
-1.064717011911429 -4.987374539825789 4.85839023569244
-0.1015545930487256 -6.533773101772875 4.033181387885697
-2.7209628283754963 4.423952914326778 -0.07304176132484641
-2.796012237226968 2.4263004424197945 -0.011786657741845952
-2.1760996007817 3.353277132407723 -1.6720343920858813
-6.257654798177669 2.555873611174169 -0.027329313679945066
-4.564358222128054 1.4922607908434904 0.01106956608060461
-5.7127915705838745 1.4851978292551151 -1.6263219444409793
-5.017829525287135 4.409826991150028 -3.3478247823680154
-3.3245329492375193 3.346214170819349 -3.3094259026074653
-5.092878934138606 2.412174519243045 -3.2865696787850145
-5.562692752880931 5.480502773069082 -1.7488321516069811
-4.414259404425112 5.487565734657456 -0.1114406410853972
-6.1826053893262 4.553526083081152 -0.08858441726294641
-3.4079667943288636 -6.391965497984431 -2.0181429730839087
-3.337835748996766 -4.594136778421508 -1.1447052067860684
-5.026000783078758 -5.216394993399486 -2.0181429730839087
-4.644034771828655 -4.690663881280353 -5.420746206492068
-4.573903726496556 -2.8928351617174286 -4.547308440194228
-5.644034771828653 -4.365744185047447 -3.7194445897879893
-3.0260007830787594 -5.866234385865298 -5.420746206492068
-1.337835748996767 -5.243976170887319 -4.547308440194228
-2.4079667943288645 -6.716885194217337 -3.719444589787989
0.8725573869995277 1.053491922213638 -6.619688720556422
0.8024263416674301 1.0307049642678354 -4.621048585107271
2.490591375749423 0.5277608100945048 -5.568226496318156
2.108625364499318 -2.7507341429669756 -6.619688720556424
2.03849431916722 -2.7735211009127783 -4.621048585107273
3.108625364499318 -1.3743522224958022 -5.5682264963181565
0.49059137574942285 -2.225003030847842 -7.67115094479469
-1.1975736583325696 -1.7220588766745117 -6.723973033583805
-0.127442613000472 -0.3228899982575353 -7.6711509447946895
0.5120654333002919 -2.0479662364495907 3.784071787631721
0.9674153841547415 -6.261404665687889 2.35592857868006
0.8571938634130973 -4.518755751661759 1.3807229702010333
2.5824096570806367 -5.090017971006467 2.2157618567383235
2.347502747709475 -4.36187736982043 5.594316282648038
2.2372812269678306 -2.6192284557942997 4.619110674169012
3.2724533388580035 -4.140254323072738 3.834955708722313
0.7325084747835799 -5.533264064501852 5.734483004589774
-0.9927073188839595 -4.962001845157143 4.899444118052484
0.042464793006212975 -6.4830277124355815 4.115289152605785
-2.1059685554496035 3.4498042352665674 1.5618332783505404
-6.253897502786925 2.561045084619861 0.14592628282335096
-4.562479574432683 1.4948465275663363 0.09769736433225273
-5.63890322986103 1.5868964055596513 1.780801322498738
-4.8738101392321935 4.608052670313407 3.293166155008123
-3.182392210877951 3.541854113259883 3.244937236517025
-4.948859548083664 2.6104001984064245 3.3544212585911244
-5.488804412158088 5.5822013493736184 1.6582911153327362
-4.412380756729741 5.490151471380303 -0.024812842833748627
-6.178848093935455 4.558697556526845 0.08467117924035006
-1.0595854699438072 -1.458394284024608 4.871416420784342
-0.10784720314497676 -0.14843894058212748 3.697443989380073
1.0168381854845423 1.5470379843717206 6.5010917514130115
0.9303646245691983 1.3542771936160372 4.512281654694407
-0.029544900021253317 2.859579064537048 5.4137471182603925
-2.97940451912471 1.5522094578174137 6.67434734791631
-3.0658780800400547 1.3594486670617303 4.685537251197705
-2.0276662523258797 2.862164801259895 5.50037491651204
-1.9330214336189147 0.23966837765208682 7.761691981068931
-0.973111909028463 -1.2656334932689242 6.860226517502946
0.06509991868571174 0.23708264092924025 7.675064182817281
-1.1029288396256025 4.949684026445912 -1.1245039855631136
-0.17797824847707422 3.276951250771835 -1.7130882744459264
0.8233959980998009 4.856646484910428 -4.62887506115246
0.7851841703856277 3.2304324800040938 -3.465273812240599
-0.24977476305629775 3.2602395908722404 -5.176405467675226
-3.1728467065094526 5.009298248182205 -4.5467672964323675
-3.211058534223626 3.38308424327587 -3.3831660475205063
-2.2478961153609243 3.336565472508129 -5.135351585315179
-2.0996759453533547 6.605705142220393 -3.9992368899096014
-1.064717011911429 6.575898031352246 -2.2881052344749744
-0.1015545930487276 6.529379260584505 -4.040290772269648
5.048253001983967 -1.2207127956818582 -0.07304176132484619
3.171564144036608 -1.9093975876885296 -0.01178665774184573
3.861607825813974 -1.0333740846678419 -1.6720343920858807
4.36450193030285 -5.161574991205224 -0.027329313679944622
2.82968860819605 -3.879828685450213 0.011069566080605053
3.177856754132857 -4.9742362801912074 -1.626321944440979
5.744589293857582 -3.4095279851638476 -3.347824782368015
4.209775971750782 -2.1277816794088364 -3.3094259026074644
3.8679004359102236 -4.098212777170519 -3.286569678785014
6.931234470027574 -3.5968666961778646 -1.7488321516069807
6.583066324090766 -2.50245910143687 -0.11144064108539675
6.241190788250208 -4.472890199198552 -0.08858441726294575
-3.4079667943288605 1.0534919222136374 -6.619688720556423
-3.337835748996763 1.0307049642678348 -4.621048585107271
-5.026000783078756 0.5277608100945035 -5.5682264963181565
-4.644034771828653 -2.7507341429669765 -6.619688720556424
-4.573903726496555 -2.773521100912779 -4.621048585107273
-5.644034771828651 -1.3743522224958034 -5.5682264963181565
-3.026000783078757 -2.2250030308478426 -7.671150944794691
-1.3378357489967647 -1.7220588766745117 -6.723973033583806
-2.4079667943288614 -0.32288999825753584 -7.6711509447946895
-3.309087998729527 -6.255870511403542 2.5413347712757686
-3.2791791803336627 -4.513402937796739 1.5600538647505355
-4.927121987479422 -5.080300006818597 2.5413347712757686
-4.3988144539171214 -4.353147069174729 5.886800322623922
-4.368905635521257 -2.6106794955679247 4.905519416098689
-5.471985215073218 -4.12893828570419 4.214067546949845
-2.780780465167226 -5.528717573759674 5.886800322623922
-1.1328376580214674 -4.9618205047378146 4.905519416098689
-2.235917237573429 -6.480079294874081 4.2140675469498445
1.1571002761487363 1.4451316104372407 6.5010917514130115
1.0004956699012955 1.3033240066487974 4.512281654694407
2.7287511793928347 0.8555596580122606 5.4137471182603925
2.3969255490392722 -2.353922981297681 6.674347347916311
2.240320942791831 -2.4957305850861244 4.685537251197706
3.348663815838103 -1.0439676378552 5.500374916512042
0.8252746457951736 -1.764351028872701 7.761691981068932
-0.9029808636963654 -1.3165866802361648 6.860226517502946
0.20536200934990612 0.1351762669947597 7.675064182817282
0.5120654333002912 4.300455043618607 -0.13946833835353845
0.9674153841547464 4.9073918742477245 -4.5467672964323675
0.8571938634131002 3.255805174672741 -3.424219929880553
2.5824096570806407 4.258162891420421 -3.561731649222793
2.347502747709477 6.9543994599412695 -1.3995274242475935
2.237281226967831 5.302812760366287 -0.2769800576957788
3.2724533388580053 5.281666684267193 -1.9881117131304058
0.7325084747835828 7.603628442768574 -2.384563071457168
-0.9927073188839568 6.601270726020893 -2.2470513521149287
0.04246479300621764 6.580124649921801 -3.958183007549555
3.931738871146073 -0.9368469818089973 1.5618332783505406
4.3682592256935955 -5.156403517759532 0.14592628282335118
2.8315672558914233 -3.8772429487273667 0.09769736433225296
3.2517450948557007 -4.872537703886671 1.7808013224987382
5.888608679912524 -3.2113023060004684 3.2931661550081235
4.35191671011035 -1.9321417369683023 3.2449372365170257
4.011919821965165 -3.8999870980071396 3.3544212585911244
7.005122810750419 -3.4951681198733295 1.6582911153327369
6.58494497178614 -2.4998733647140243 -0.024812842833748405
6.244948083640954 -4.467718725752861 0.0846711792403505
-1.0595854699438056 5.009341056848235 0.8741361498860374
-0.10784720314497565 3.3734783536306776 1.5207793959904945
1.016838185484542 5.122896814283177 4.291089455556302
0.9303646245691983 3.4302562323481496 3.229256048825627
-0.029544900021254317 3.5633599927015105 4.978786584020805
-2.979404519124711 5.275548577554955 4.373197220276394
-3.065878080040055 3.5829079956199275 3.3113638135457184
-2.027666252325881 3.639685874337399 5.019840466380851
-1.933021433618915 6.835085399136622 3.6855000918118916
-0.973111909028462 6.701981638783261 1.9359695566167134
0.06509991868571197 6.758759517500733 3.6444462094518455
5.048253001983968 0.48058882102222167 -1.1245039855631136
3.1715641440366102 0.8433662532538178 -1.7130882744459264
4.364501930302853 2.2838824289928437 -4.62887506115246
2.8296886081960517 1.7450130572391291 -3.4652738122405986
3.1778567541328595 0.7699195233027805 -5.176405467675226
5.744589293857584 -1.4695982468504751 -4.546767296432369
4.209775971750783 -2.0084676186041905 -3.383166047520508
3.8679004359102254 -1.106820814618879 -5.135351585315181
6.931234470027577 0.04436465883958829 -3.9992368899096022
6.583066324090768 1.019458192775937 -2.2881052344749744
6.241190788250211 1.921104996761248 -4.040290772269647
-7.525871249737575 -1.0552350885529544 0.1947067931901243
-5.6670408422237495 -1.7930799771683208 0.1764191895700269
-6.4038385542225145 -0.8982789881333391 -1.453445934179605
-6.9446909201189175 -5.012744005849708 0.21348427920441648
-5.376450677414422 -3.7718344358166984 0.18580793257717287
-5.822658224603858 -4.855787905430094 -1.4346684481653134
-8.418286344116446 -3.2231420277797453 -3.0462459682948486
-6.85004610141195 -1.9822324577467343 -3.0739223149220916
-6.559455936602622 -3.960986916395112 -3.0645335719149456
-9.540319039631505 -3.380098128199361 -1.3980932409251194
-9.09411149244207 -2.2961446585859657 0.22238313981736701
-8.803521327632742 -4.274899117234343 0.231771882824513
2.0550500131987146 -2.9156221196632255 -6.619688720556423
2.0117066435169177 -2.855965089260904 -4.621048585107272
2.055050013198715 -4.616923736367307 -5.5682264963181565
-1.1810179643010739 -5.26676312883312 -6.619688720556425
-1.224361333982871 -5.207106098430798 -4.621048585107273
0.4370160244488204 -5.792494240952253 -5.568226496318157
-1.1810179643010736 -3.565461512129039 -7.671150944794691
-1.2243613339828707 -1.804502865022637 -6.723973033583807
0.43701602444882054 -2.389891007544092 -7.671150944794691
-3.1194031067355326 1.450665764721586 6.686497944008721
-3.135877373845465 1.3086768205138157 4.69161254924391
-4.780780465167224 0.8652776222001288 5.739320032797837
-4.3493916525873235 -2.3451926806519814 6.966831387892194
-4.3658659196972565 -2.487181624859752 4.971945993127383
-5.395774738093119 -1.0326516004866544 5.879486754739573
-2.688014294155633 -1.7598045381305243 7.914009299103078
-1.0431112028338743 -1.3164053398168383 6.866301815549152
-2.073020021229737 0.13812468455625904 7.773842577161343
-3.309087998729525 5.070749265249537 -4.458901228342577
-3.279179180333662 3.4138097518095365 -3.339233013475612
-4.9271219874794205 4.545018153130403 -3.4074390041043094
-4.398814453917119 7.212100829087646 -1.2609159668205092
-4.368905635521256 5.555161315647644 -0.14124775195354466
-5.471985215073217 5.615693935049458 -1.8084463733432758
-2.7807804651672243 7.73783194120678 -2.3123781910587757
-1.1328376580214652 6.606623539885911 -2.2441722004300786
-2.2359172375734273 6.667156159287726 -3.9113708218198098
1.1571002761487377 5.168470730174781 4.199941623773097
1.0004956699012957 3.4530431902939522 3.183682132934025
2.7287511793928356 4.4595847169451535 3.186337135533519
2.3969255490392736 7.02242411015064 0.8794461550850277
2.240320942791831 5.306996570269811 -0.13681333575404486
3.348663815838104 5.386561406933085 1.526089401189485
0.8252746457951754 7.731310123380267 1.893050643324605
-0.9029808636963641 6.724768596729064 1.8903956407251103
0.20536200934990767 6.804333433392337 3.5532983776686393
3.931738871146073 1.8159168591333499 -0.13946833835353978
4.368259225693598 2.436534192264621 -4.546767296432369
2.8315672558914224 1.8213389388750176 -3.424219929880554
3.2517450948557025 3.7718622303757496 -3.561731649222795
5.888608679912525 4.381635404023687 -1.3995274242475972
4.351916710110352 3.7664401506340814 -0.2769800576957815
4.011919821965167 4.7444128362552815 -1.988111713130409
7.00512281075042 3.0463073659125577 -2.3845630714571713
6.58494497178614 1.0957840744118261 -2.24705135211493
6.244948083640955 2.073756760033026 -3.958183007549558
-6.333707508890416 -0.8017518852744963 1.7804217362568164
-6.940933624728172 -5.007572532404017 0.3867398757077136
-5.374572029719047 -3.769248699093852 0.27243573082882144
-5.748769883881014 -4.754089329125558 1.9724548187744055
-8.274266958061503 -3.024916348616368 3.594744969081291
-6.707905363052382 -1.7865925153062028 3.4804408242023994
-6.41543655054768 -3.762761237231735 3.5764573654611937
-9.466430698908663 -3.278399551894827 2.0090300260146
-9.092232844746697 -2.2935589218631196 0.30901093806901603
-8.799764032241995 -4.269727643788651 0.4050274793278106
5.091596371665764 0.5402458514245445 0.8741361498860378
3.241695189368707 0.9398933561126619 1.5207793959904954
4.557944117687592 2.5501327583655926 4.291089455556303
2.9748690623796206 1.9448368095831858 3.2292560488256288
3.3980866171678996 1.0730399251320504 4.978786584020806
5.938031481242322 -1.2033479174777266 4.373197220276393
4.3549564259343505 -1.8086438662601334 3.311363813545718
4.088130298945265 -0.8037004127896094 5.019840466380851
7.097888981762013 0.2737449157558156 3.6855000918118908
6.674671426973734 1.1455418002069513 1.9359695566167139
6.407845299984649 2.1504852536774752 3.644446209451846
-7.525871249737573 0.6460665281511255 -0.8567554310481431
-5.667040842223749 0.9596838637740264 -1.5248824271340529
-6.944690920118915 2.4327134143483566 -4.388061468268098
-5.37645067741442 1.853007306872642 -3.29053544574403
-5.822658224603856 0.8883678980638914 -4.984751971399558
-8.418286344116446 -1.2832122894663762 -4.2451884823592
-6.85004610141195 -1.862918396942091 -3.147662459835133
-6.55945593660262 -0.9695949538434754 -4.91331547844511
-9.540319039631505 0.2611332268180891 -3.6484979792277388
-9.09411149244207 1.2257726356268401 -1.9542814535722104
-8.803521327632739 2.119096078725456 -3.7199344721821874
1.322033906455154 -7.483614468284886 0.19470679319012496
0.045891531539757335 -5.943768306326127 0.17641918957002756
1.124580857373021 -6.367995859318592 -1.453445934179605
-2.6213753362847 -8.153816639493593 0.21348427920441826
-1.9258130898301695 -6.278869391930479 0.18580793257717376
-2.818828385366834 -7.038198030527298 -1.4346684481653118
-0.46399668461817367 -9.002271745478522 -3.046245968294847
0.23156556183635657 -7.127324497915409 -3.0739223149220907
-1.7401390595335704 -7.462425583519763 -3.0645335719149447
-0.26654363553604016 -10.117890354444818 -1.3980932409251174
0.6264716600006242 -9.358561715848 0.22238313981736857
-1.3452329613693033 -9.693662801452353 0.23177188282451522
-4.590459420528051 -2.9156221196632286 -6.6196887205564225
-4.547116050846254 -2.8559650892609056 -4.621048585107271
-4.590459420528051 -4.616923736367308 -5.568226496318156
-1.3543914430282615 -5.266763128833121 -6.619688720556423
-1.3110480733464651 -5.207106098430797 -4.621048585107271
-2.9724254317781558 -5.792494240952255 -5.568226496318156
-1.354391443028261 -3.56546151212904 -7.671150944794691
-1.3110480733464644 -1.8045028650226376 -6.723973033583807
-2.9724254317781553 -2.3898910075440942 -7.671150944794691
2.343613700792044 -2.5184482771552776 6.686497944008721
2.213665018668216 -2.5779932330149236 4.691612549243911
2.300270331110247 -4.27940692426168 5.7393200327978375
-0.8863748450597444 -4.861221666518124 6.966831387892195
-1.0163235271835722 -4.920766622377769 4.971945993127385
0.6852760581843531 -5.450793618943104 5.879486754739574
-0.843031475377948 -3.100263019411721 7.91400929910308
-0.9296367878199792 -1.3988493281649637 6.8663018155491535
0.7719627975479461 -1.9288763247302976 7.773842577161344
-3.119403106735535 5.3318281211765965 4.28780769186289
-3.135877373845467 3.6110477674307484 3.268669049338966
-4.7807804651672265 4.746439978655138 3.340629780652005
-4.349391652587324 7.280125479297016 1.0180576125121152
-4.3658659196972565 5.559345125551168 -0.0010810300118082594
-5.39577473809312 5.720588657715349 1.7057547409766176
-2.688014294155633 7.865513621818474 1.965235523723
-1.0431112028338743 6.730121410594083 1.8932747924099615
-2.0730200212297394 6.891364942758265 3.600110563398387
5.845133558704044 -1.5801820070094226 -4.458901228342574
4.260048104174013 -2.0637594986836643 -3.33923301347561
5.845133558704043 -3.281483623713502 -3.4074390041043054
8.218423911044027 -1.9548594290374546 -1.2609159668205043
6.633338456513996 -2.4384369207116965 -0.1412477519535411
7.031778734874034 -3.468822334727518 -1.808446373343271
8.21842391104403 -0.25355781233337504 -2.3123781910587726
6.6333384565139974 0.9641663126964635 -2.2441722004300773
7.031778734874036 -0.06621910131935893 -3.9113708218198076
4.557944117687592 2.697613048191681 4.199941623773095
2.9748690623796215 2.0185769544962295 3.183682132934024
3.398086617167901 3.9732840559004856 3.1863371355335177
5.938031481242325 4.449660054233055 0.879446155085025
4.354956425934352 3.7706239605376046 -0.13681333575404642
4.088130298945266 4.849307558921174 1.5260894011894828
7.097888981762013 3.1739890465242504 1.893050643324603
6.6746714269737355 1.219281945119995 1.8903956407251095
6.407845299984649 2.297965543503563 3.5532983776686375
-6.333707508890414 1.9510119556678522 0.07912011955273535
-6.940933624728169 2.5853651776201354 -4.305953703548006
-5.3745720297190465 1.9293331885085316 -3.249481563383984
-5.748769883881011 3.890310605136862 -3.3700781529471278
-8.274266958061503 4.568021361407786 -1.0979486101744298
-6.7079053630523795 3.911989372296182 -0.04147647001040822
-6.4154365505476765 4.881638697030687 -1.7660756062603398
-9.46643069890866 3.2630759338910593 -2.0338241607753083
-9.092232844746697 1.3020985172627293 -1.913227571212165
-8.799764032241992 2.2717478419972346 -3.6378267074620965
1.1947119027051205 -6.271468756459748 1.7804217362568162
-2.617618040893954 -8.148645166047903 0.38673987570771584
-1.9239344421347966 -6.276283655207634 0.2724357308288228
-2.744940044643989 -6.936499454222762 1.9724548187744073
-0.31997729856323 -8.804046066315143 3.594744969081292
0.37370630019592765 -6.931684555474875 3.4804408242024003
-1.5961196734786272 -7.264199904356383 3.5764573654611955
-0.1926552948131952 -10.016191778140282 2.0090300260146012
0.6283503076959975 -9.355975979125155 0.3090109380690169
-1.3414756659785572 -9.688491328006663 0.4050274793278126
-7.482527880055777 0.7057235585534484 1.1418847044010088
-5.59690979689165 1.0562109666328707 1.708985243302369
-6.751248732734176 2.698963743721108 4.531903048440666
-5.231270223230849 2.0528310592167003 3.403994415322198
-5.6024283615688155 1.1914882998931646 5.170440080296473
-8.224844156731708 -1.016961960093624 4.674776034349562
-6.704865647228382 -1.6630946445980317 3.5468674012310926
-6.3392260735675805 -0.6664745520142017 5.241876573250921
-9.373664527897068 0.49051348373432 4.036239002493754
-9.002506389559102 1.3518562430578562 2.269793337519478
-8.636866815898303 2.3484763356416862 3.9648025095393065
2.9400678952050487 -6.957883356165754 -0.8567554310481427
2.6639255202896526 -5.093117497974087 -1.524882427134053
4.4596754599927735 -5.853043765757336 -4.388061468268097
3.4237293026835154 -4.540697702769878 -3.2905354457440303
2.6441884221607452 -5.2631562689101745 -4.984751971399558
1.38098613415951 -8.402800488446347 -4.2451884823592
0.34503997685025123 -7.090454425458889 -3.1476624598351335
1.1048437592441134 -6.538034630254681 -4.913315478445111
3.1964731719915385 -8.992687985293507 -3.648497979227738
3.9760140525143077 -8.270229419153212 -1.954281453572209
4.73581783490817 -7.717809623949003 -3.719934472182186
1.3220339064551552 3.520925183798833 -6.606472742343561
0.045891531539759 2.8159281152564035 -5.237370930098805
1.1245808573730216 1.5478527601961978 -6.34570943083868
-2.6213753362846988 3.83744380056676 -7.197522240704906
-1.925813089830168 2.974187423640367 -5.532895679279479
-2.818828385366833 1.8643713769641241 -6.936758929200025
-0.4639966846181738 1.3012930904463489 -9.414199242184655
0.23156556183635735 0.43803671351995543 -7.749572680759228
-1.7401390595335697 0.5962960219039188 -8.045097429939899
-0.2665436355360402 3.2743655140489842 -9.674962553689536
0.6264716600006242 4.384181560725227 -8.271099303768988
-1.3452329613693028 4.54244086910919 -8.566624052949662
-4.295653447443597 -2.5098565082628763 6.974340869260876
-4.338996817125393 -2.5695135386651993 4.975700733811724
-4.338996817125393 -4.27081515536928 6.027162958049992
-1.0595854699438076 -4.860997517432769 6.974340869260876
-1.102928839625604 -4.920654547835091 4.975700733811724
-2.720962828375499 -5.446385659954226 6.027162958049992
-1.0162421002620106 -3.1000388703263653 7.921518780471761
-1.0162421002620108 -1.3987372536222855 6.870056556233495
-2.6342760890119052 -1.9244683657414188 7.921518780471761
2.3436137007920435 7.106869882793722 0.7377241686286409
2.213665018668216 5.349219456591352 -0.20767432898223834
2.300270331110247 7.047212852391398 -1.260915966820511
-0.8863748450597464 8.405327848448326 -1.2323471257905076
-1.0163235271835729 6.647677422245956 -2.1777456234013868
0.6852760581843516 7.6964418352187005 -2.2459516140300853
-0.8430314753779493 8.46498487885065 0.7662930096586442
-0.9296367878199789 6.766991483050604 1.819534647496917
0.7719627975479455 7.81575589602335 1.7513286568682185
6.034818450698038 -1.3191031510823616 4.287807691862888
4.40334991066221 -1.866521483062451 3.2686690493389663
5.991475081016241 -3.080061798188765 3.3406297806520038
8.267846712373824 -1.8868347788280828 1.0180576125121137
6.6363781723379995 -2.4342531108081724 -0.0010810300118087035
7.107989211854135 -3.363927612061626 1.7057547409766172
8.31119008205562 -0.12587613172167944 1.9652355237229981
6.7230649117015915 1.0876641834046339 1.8932747924099598
7.194675951217728 0.1579896821511808 3.6001105633983848
-8.517873836207244 -1.391162280179537 -4.153060885787602
-6.899839847457349 -1.9168933922986708 -3.1015986615493354
-8.517873836207244 -3.092463896883617 -3.101598661549335
-10.761939227237363 -1.7050744810187664 -0.8567554310481434
-9.143905238487468 -2.2308055931379007 0.19470679319012385
-9.639906531722303 -3.2494199973032325 -1.4534459341796055
-10.761939227237363 -0.003772864314686375 -1.908217655286411
-9.143905238487468 1.17179764027026 -1.9082176552864112
-9.639906531722303 0.15318323610492812 -3.5563703826561404
-6.751248732734176 2.8464440335471948 4.440755216657459
-5.231270223230849 2.126571204129744 3.358420499430594
-5.602428361568814 4.091732430661597 3.3779906318091864
-8.224844156731706 4.6360460116171565 1.181024969158194
-6.70486564722838 3.9161731821997052 0.09869025193132819
-6.339226073567579 4.986533419696579 1.7481255080595535
-9.373664527897066 3.390757614502753 2.2437895540064674
-9.002506389559102 1.4255963879708997 2.224219421627874
-8.636866815898301 2.4959566254677723 3.8736546777560994
3.8127458914550125 -5.420817948107706 0.07912011955273646
4.603694846047716 -5.8022983764200395 -4.305953703548005
3.495738995710987 -4.515325008101229 -3.2494815633839846
5.476372842297681 -4.2652329683619925 -3.3700781529471255
6.901335588378437 -6.457699276687281 -1.0979486101744267
5.793379738041706 -5.17072590836847 -0.04147647001040555
6.625193213463041 -4.592933418495614 -1.7660756062603367
6.028657592128475 -7.994764684745327 -2.0338241607753056
4.048023745541778 -8.244856724484563 -1.9132275712121638
4.879837220963113 -7.667064234611706 -3.6378267074620947
1.194711902705122 4.39714370399739 -4.813143377106343
-2.6176180408939533 3.990095563838542 -7.115414475984815
-1.9239344421347955 3.050513305276258 -5.491841796919433
-2.7449400446439864 4.866314084037098 -5.3220851107475955
-0.31997729856322776 7.152526741320514 -6.266959369999885
0.3737063001959303 6.21294448275823 -4.643386690934504
-1.5961196734786243 6.447529672778084 -4.89785755775513
-0.1926552948131941 6.276308221121958 -8.060288735237105
0.6283503076959973 4.460507442361118 -8.230045421408942
-1.3414756659785567 4.695092632380972 -8.48451628822957
2.983411264886845 -6.89822632576343 1.1418847044010092
2.73405656562175 -4.996590395115241 1.7089852433023678
4.653117647377512 -5.586793436384583 4.531903048440665
3.568909756867084 -4.340873950425818 3.403994415322196
2.8644182851957862 -4.960035867080901 5.170440080296473
1.5744283215442503 -8.136550159073595 4.674776034349562
0.4902204310338214 -6.8906306731148295 3.5468674012310935
1.3250736222791555 -6.2349142284254055 5.241876573250921
3.3631276837259767 -8.763307728377278 4.036239002493755
4.067619155397274 -8.144145811722193 2.269793337519478
4.9024723466426074 -7.48842936703277 3.9648025095393056
-5.2234538321608905 -7.189467417002121 -1.7573796615790287
-6.45952180966068 -5.4881658002980425 -5.1599828949871895
-3.2234538321608914 -7.839306809467935 -5.1599828949871895
-5.03894086999292 -8.636808728485626 -4.89921958348231
-6.038940869992919 -8.311889032252717 -3.1979179667782294
-6.656974858742814 -7.461238223900677 -4.89921958348231
2.9400678952050505 2.345354679213886 -6.60647274234356
2.6639255202896526 0.9138150826660963 -5.237370930098804
4.459675459992772 -1.3072407458950495 -7.197522240704901
3.4237293026835145 -0.9124826298883721 -5.532895679279475
2.644188422160744 -2.1047426649127385 -6.936758929200022
1.3809861341595104 -0.039165390834846936 -9.414199242184653
0.3450399768502521 0.35559272517183105 -7.749572680759227
1.104843759244113 -1.470704987382637 -8.045097429939897
3.1964731719915385 0.7583365281828419 -9.674962553689532
3.976014052514308 1.9505965632072089 -8.271099303768985
4.73581783490817 0.1242988506527406 -8.566624052949656
1.6023920896456763 3.9068051183984127 6.321343468990689
0.2690587563123431 3.1230914486751153 5.053268113930485
1.396380760062377 1.9219532322436528 6.187469191733205
-2.3121215733063147 4.263095088767891 7.062720727595444
-1.688198075163652 3.301236433859854 5.4239567432328615
-2.518132902889613 2.27824320261313 6.92884645033796
-0.057477565806246134 1.8608186559049658 9.331122883200885
0.566445932336416 0.8989600009969294 7.692358898838304
-1.3908108991395793 1.0771049861816684 8.06304752814068
0.1485337637770528 3.8456705420597257 9.464997160458369
0.978468591503014 4.868663773306449 7.960107453353271
-0.9787882399729813 5.046808758491187 8.330796082655649
-4.295653447443594 7.360482066018127 0.8741361498860347
-4.338996817125391 5.5995234189117244 -0.07304176132484837
-4.338996817125389 7.300825035615803 -1.1245039855631174
-1.0595854699438032 8.411944290256393 -1.2287882985905003
-1.1029288396256005 6.650985643149988 -2.1759662098013832
-2.7209628283754945 7.8265561477349355 -2.1759662098013846
-1.0162421002620075 8.471601320658717 0.7698518368586516
-1.0162421002620088 6.770299703954638 1.8213140610969205
-2.6342760890119026 7.945870208539585 1.821314061096919
6.034818450698038 4.425052652411624 0.7377241686286431
4.403349910662209 3.75832025962689 -0.20767432898223726
5.99147508101624 4.365395622009303 -1.2609159668205088
8.267846712373824 1.754396576189368 -1.2323471257905054
6.636378172337998 1.0876641834046337 -2.1777456234013854
7.107989211854134 3.0300675838981737 -2.2459516140300826
8.31119008205562 1.8140536065916908 0.7662930096586467
6.72306491170159 1.206978244209279 1.8195346474969183
7.194675951217727 3.149381644702819 1.7513286568682207
-8.32818894421325 -1.1300834242524789 4.593648034417864
-6.756538040969154 -1.7196553766774594 3.5063034012652436
-8.371532313895049 -2.891042071358882 3.6464701232069796
-10.712516425907568 -1.6370498308093961 1.4222181482844802
-9.140865522663468 -2.2266217832343767 0.33487351513186003
-9.563696054742206 -3.1445252746373415 2.060755180140288
-10.66917305622577 0.12390881629700679 2.3693960594953647
-9.054178783299875 1.2952955109784292 2.229229337553629
-9.477009315378613 0.3773920195754654 3.955111002562056
1.3090938195409936 -8.530872203413777 -4.153060885787603
0.30909381954099335 -7.154490282942604 -3.1015986615493354
-0.3089401692089011 -9.05660331553291 -3.101598661549335
1.7039999177052607 -10.762109421346366 -0.8567554310481436
0.7039999177052602 -9.385727500875195 0.19470679319012385
-0.11148712012676754 -10.172221924499206 -1.4534459341796055
3.3220339064551556 -10.236378309227232 -1.9082176552864105
3.9400678952050496 -8.334265276636925 -1.9082176552864107
3.1245808573730223 -9.120759700260937 -3.55637038265614
4.79337973804171 -5.541219520492978 4.440755216657459
3.6390408021991827 -4.318086992480016 3.358420499430593
5.622714364609878 -4.063811142837254 3.377990631809185
6.950758389708236 -6.389674626477908 1.181024969158193
5.796419453865708 -5.166542098464945 0.0986902519313273
6.701403690443139 -4.4880386958297205 1.7481255080595524
6.1214237631400685 -7.867083004133631 2.243789554006467
4.137750200729372 -8.12135885377639 2.2242194216278746
5.042734437306806 -7.442855451141166 3.8736546777560994
-5.604591598419007 -6.8454341205055815 -0.6748087457410348
-5.3081803683251865 -4.988203169387252 -1.355127477573676
-6.395914464325598 -5.286470165732244 0.29649939774941125
-7.382538420401216 -5.64455741901121 -4.050723473042564
-6.197153779316292 -4.387764818640067 -3.0430848412244407
-8.173861286307808 -4.085593464237874 -3.079415329552118
-9.558006612402039 -6.2410914117011975 -0.7474697223963905
-8.372621971317114 -4.984298811330053 0.26016890942173343
-9.261595382308219 -4.383860460582868 -1.4277884542290313
-8.766683746495447 -7.800055366474533 -1.7187778658868365
-6.789976239503932 -8.102226720876725 -1.6824473775591584
-7.678949650495036 -7.501788370129539 -3.3704047412099225
3.8127458914550156 2.495030671407082 -4.81314337710634
4.6036948460477145 -1.256495356557755 -7.11541447598481
3.4957389957109855 -0.8871099352197251 -5.491841796919429
5.47637284229768 -1.1068193643645587 -5.322085110747591
6.901335588378439 1.9059358209242188 -6.266959369999882
5.793379738041709 2.2753212422622484 -4.643386690934501
6.625193213463041 0.4743962243764279 -4.897857557755127
6.028657592128473 1.7562598287310223 -8.060288735237101
4.04802374554178 1.9759692578758563 -8.230045421408938
4.879837220963112 0.1750442399900356 -8.484516288229566
1.396380760062379 4.674717073186 4.486167575029124
-2.3121215733063147 4.410575378593976 6.971572895812238
-1.6881980751636518 3.374976578772897 5.378382827341259
-2.5181329028896116 5.178487333381563 5.136397001850672
-0.05747756580624286 7.513826627615744 5.837371818009516
0.5664459323364194 6.478227827794665 4.244181749538537
-1.3908108991395758 6.730112957892447 4.569296462949312
0.14853376377705457 6.74591467282816 7.672547711971082
0.978468591503014 4.942403918219492 7.9145335374616685
-0.9787882399729814 5.194289048317273 8.239648250872442
-5.133133317062718 -7.065151892973355 2.4074604940182827
-6.222859772250313 -5.162428450744542 5.752926045366436
-2.9867917947505234 -7.513569459914432 5.752926045366436
-4.810837113083715 -8.322850841484247 5.61905176810895
-5.884007874239813 -8.098642058013708 3.9463189924348736
-6.42887110183361 -7.147280336899302 5.6190517681089505
2.9834112648868465 4.106313326320289 -5.659294831132677
2.734056565621753 3.763106026467288 -3.704804876366466
4.653117647377512 6.551947293501857 -2.970251303251865
3.5689097568670856 4.985923010058071 -2.3602831124260604
2.8644182851957867 6.842777671178956 -2.1240998492255305
1.5744283215442494 7.82002264856206 -5.186928304731618
0.4902204310338223 6.253998365118273 -4.5769601139058125
1.3250736222791546 7.4768153487090565 -3.2324383499654066
3.363127683725976 7.529192270884961 -6.033079758757952
4.067619155397274 5.672337609764075 -6.269263021958483
4.902472346642608 6.89515459335486 -4.924741258018077
-5.223453832160889 1.6433794190607993 -7.216379223687885
-6.459521809660681 -2.1608466461198144 -7.216379223687887
-3.2234538321608905 -1.1093844218815465 -9.31930367216442
-5.038940869992918 -0.5194969250343846 -9.915994175295882
-6.038940869992917 0.8568849954367889 -8.864531951057614
-6.656974858742813 -1.0452280371535183 -8.864531951057616
3.2204260783955707 2.7312346138134656 6.3213434689906896
2.8870927450622377 1.2209784160848076 5.053268113930486
4.76892922297116 -0.8815894576939196 7.062720727595445
3.6613443173500326 -0.5854336196688852 5.423956743232863
2.944883904637968 -1.6908708392637344 6.928846450337961
1.7875052529714412 0.5203601746237679 9.331122883200885
0.6799203473503135 0.8165160126488026 7.692358898838305
1.4541719196381078 -0.9898960231048901 8.063047528140682
3.6115505713046345 1.3296415561935824 9.464997160458369
4.328010984016698 2.435078775788431 7.960107453353273
5.102262556304494 0.6286667400347385 8.330796082655649
8.327664349165554 -1.8108951577453478 0.8741361498860387
6.666286990733862 -2.3962833002668047 -0.0730417613248462
8.284320979483757 -1.8705521881476705 -1.1245039855631132
8.327664349165556 1.5917080756628128 -1.2287882985904965
6.666286990733862 1.0063199331413561 -2.175966209801381
8.284320979483757 -0.16925057144359035 -2.175966209801381
8.37100771884735 1.6513651060651358 0.7698518368586558
6.752973730097456 1.1256339939460018 1.8213140610969227
8.37100771884735 -0.04993651063894458 1.8213140610969232
-8.328188944213247 4.614072379241508 1.043564511183617
-6.75653804096915 3.905186366011881 0.02996002294403957
-8.371532313895045 4.554415348839186 -0.9550756242655349
-10.712516425907562 2.0041815242080547 -0.8281865900181407
-9.140865522663464 1.2952955109784285 -1.8417910782577176
-9.5636960547422 3.249469921322458 -1.890951174866414
-10.669173056225766 2.063838554610378 1.1704535454310114
-9.054178783299873 1.4146095717830753 2.155489192640586
-9.47700931537861 3.368783982127104 2.10632909603189
1.4987787115349842 -8.269793347486718 4.593648034417864
0.45239562602918815 -6.95725226732139 3.5063034012652436
-0.1625986468967071 -8.855181490008174 3.6464701232069787
1.7534227190350549 -10.694084771136996 1.4222181482844798
0.7070396335292588 -9.381543690971668 0.3348735151318589
-0.035276643146672004 -10.067327201833312 2.0607551801402866
3.4148000774667464 -10.108696628615538 2.3693960594953647
4.029794350392641 -8.210767405928756 2.2292293375536296
3.287478073716711 -8.896550916790401 3.955111002562057
-3.8012574906864023 -6.303170952294717 -1.348557031297423
-3.9576620298812473 -7.414132732587617 0.307130603145644
-4.157328511836325 -8.458933115212808 -4.036660995958753
-3.0776259473950622 -7.10992044964833 -3.0294831564062825
-2.5103989432985667 -9.027631727294844 -3.054721647072075
-4.470137590226015 -10.680856675798609 -0.7252857270726197
-3.3904350257847518 -9.33184401023413 0.2818921124798517
-2.6668034824934113 -10.138593507587744 -1.399034012629008
-6.117067158763774 -10.11215806371657 -1.707225075959299
-6.684294162860269 -8.194446786070056 -1.6819865852935065
-5.960662619568929 -9.00119628342367 -3.362912710402366
1.309093819540991 0.1005114487126959 -9.487549352741963
0.30909381954099224 0.4254311449456023 -7.786247736037883
-0.3089401692089031 1.2760819532976422 -9.487549352741961
1.7039999177052592 4.046656295917967 -10.00907597575172
0.7039999177052606 4.3715759921508734 -8.30777435904764
-0.11148712012676909 3.2491543769002775 -9.748312664246841
3.322033906455153 2.8710857913330208 -10.00907597575172
3.940067895205048 2.020434982980981 -8.307774359047642
3.1245808573730183 0.8980133677303848 -9.748312664246843
-5.561248228737207 -6.785777090103256 1.3238313897081173
-5.238049322993085 -4.891676066528405 1.8787401928627459
-7.192853528407221 -5.383478563084149 4.695985447162901
-6.053851972828092 -4.190526803018853 3.564817221590137
-8.027519763995608 -3.884171638713137 3.668653455204196
-9.508583811072238 -6.1730667614918255 1.531503856936233
-8.369582255493112 -4.980115001426528 0.40033563136346917
-9.185384905328117 -4.278965737916975 2.0864126600908617
-8.673917575483852 -7.672373685862839 2.558835848894938
-6.700249784316336 -7.9787288501685545 2.4549996152808804
-7.516052434151342 -7.277579586659002 4.1410766440082725
4.793379738041711 6.450040919567373 -2.9702513032518647
3.639040802199185 4.934969823090829 -2.3602831124260595
5.622714364609878 4.838758264654166 -2.1240998492255287
6.950758389708234 3.913890209446962 -5.186928304731615
5.796419453865708 2.3988191129704184 -4.57696011390581
6.70140369044314 3.570682909593959 -3.2324383499654035
6.1214237631400685 5.52517286436017 -6.0330797587579506
4.137750200729373 5.621384422796833 -6.269263021958483
5.042734437306806 6.793248219420375 -4.924741258018076
-5.604591598419003 2.457803914874061 -6.424526057036451
-5.308180368325185 1.0187294112529328 -5.067615980538427
-6.395914464325596 2.6293784537825466 -4.595764098909665
-7.3825384204012146 -1.0987543991489193 -6.860184245479373
-6.19715377931629 -0.759549745758558 -5.285445074759889
-8.173861286307806 -0.9271798602404346 -5.031422287352586
-9.558006612402037 2.1225436859103084 -5.916480482221846
-8.37262197131711 2.4617483393006703 -4.341741311502362
-9.261595382308217 0.6834691822891792 -4.559570405723823
-8.766683746495445 1.9509691470018238 -7.7452424403486315
-6.789976239503927 2.1185992614837006 -7.999265227755935
-7.678949650495033 0.34032010447220973 -8.217094321977395
4.014414748812273 2.7726040405956933 4.486167575029122
4.9091913136353575 -0.8360155418023161 6.971572895812236
3.731475362682131 -0.562646661723083 5.378382827341258
5.703179984052059 -0.7946461150200883 5.136397001850671
7.163835321135426 2.267235707219455 5.837371818009516
5.9861193701822 2.540604587298687 4.244181749538536
6.8305019878020925 0.7569795094907966 4.5692964629493105
6.369846650718726 2.2258662804372276 7.67254771197108
4.398142029348797 2.4578657337342333 7.914533537461668
5.242524646968691 0.6742406559263424 8.239648250872442
-5.133133317062719 5.312930107917991 -5.242614898065874
-6.222859772250311 7.4542816717561 -2.0446296365438066
-2.9867917947505234 8.505743895994367 -4.1475540850203405
-4.810837113083715 8.747924738662821 -4.931267754743639
-5.884007874239813 7.151517844624632 -5.478798161266405
-6.428871101833609 8.222193626543687 -3.879805530505372
3.2204260783955707 4.432536230517545 5.269881244752421
2.8870927450622372 3.9737422570271543 3.351966497226403
4.768929222971156 6.711348252330233 2.370027148339725
3.6613443173500304 5.113148267933498 1.9020394490200554
2.9448839046379636 6.953529094998685 1.5863134786164275
1.7875052529714368 8.11329788464792 4.638429303945165
0.6799203473503104 6.515097900251185 4.170441604625496
1.4541719196381035 7.654503911157529 2.7205145564191477
3.61155057130463 7.871117041979467 5.422142973668462
4.3280109840166965 6.03073621491428 5.7378689440720905
5.10226255630449 7.170142225820624 4.2879418958657425
3.1770827087137743 -4.4599676359476925 -7.216379223687887
-0.05898526878601451 -6.811108645117587 -7.216379223687888
-0.05898526878601407 -3.4085054117094247 -9.31930367216442
1.0630474267290448 -4.9528509279938895 -9.915994175295884
2.681081415478939 -5.478582040113023 -8.864531951057616
1.063047426729045 -6.65415254469797 -8.864531951057616
-4.908102468917257 2.0774233340252692 7.325034975864527
-6.1380910147690475 -1.7184351113482972 7.605368419748001
-2.8153362979056658 -0.5476588263053841 9.49972424216977
-4.604035660087391 0.07909874299829997 10.138261274025576
-5.6504187455931865 1.3916398231636267 9.050916640872956
-6.265413018519082 -0.5062893995231568 9.191083362814691
-10.776387017131293 -1.5594824506906355 1.280930455104187
-9.17280081827533 -2.187838093174997 0.2642296685417134
-10.819730386813092 -1.6191394810929582 -0.7177096803449651
-10.776387017131293 1.8431207827175249 -0.8219939933723482
-9.17280081827533 1.2147651402331638 -1.8386947799348217
-10.81973038681309 0.08216213561112182 -1.7691719045832328
-10.733043647449497 1.9027778131198478 1.1766461420768037
-9.086114078911738 1.33407920103781 2.158585490963482
-10.733043647449497 0.20147619641576758 2.228108366315071
6.961795519062565 -6.494751585869593 1.0435645111836171
5.801938018542872 -5.2190805781607885 0.02996002294403992
6.918452149380767 -6.554408616271916 -0.9550756242655349
5.216439526562635 -9.568882401985686 -0.8281865900181404
4.056582026042943 -8.293211394276883 -1.8417910782577176
6.045774153130803 -8.091474024329962 -1.8909511748664134
5.259782896244432 -9.509225371583362 1.1704535454310117
4.143268765406537 -8.173897333472235 2.1554891926405864
6.1324608924943975 -7.972159963525317 2.1063290960318906
-3.7311264453543043 -6.206643849435876 1.8853106391389989
-3.967643619842334 -8.19785425928575 4.710047924246711
-2.934324140906866 -6.91268243402712 3.5784189064082956
-2.364057420986372 -8.826209901770111 3.6933471376842384
-4.420714788896221 -10.61283202558924 1.5536878522600026
-3.3873953099607523 -9.32766020033061 0.42205883442158676
-2.5905930055133144 -10.033698784921857 2.115167101690884
-6.0243009877521825 -9.984476383104878 2.5703886388224753
-6.594567707672677 -8.070948915361889 2.4554604075465325
-5.797765403225239 -8.776987499953133 4.148568674815829
1.4987787115349867 7.8070477248378225 -5.342386180009015
0.4523956260291908 6.247510903256155 -4.65468905154451
-0.16259864689670467 7.221659582316363 -6.289564091219898
1.7534227190350558 6.054610684440706 -8.929044910483452
0.70703963352926 4.49507386285904 -8.241347782018948
-0.035276643146670006 6.345441062117806 -8.082893456457116
3.4148000774667464 6.639998826962166 -7.981866999272568
4.029794350392642 5.665850147901955 -6.346991959597181
3.287478073716713 7.5162173471607225 -6.18853763403535
-3.8012574906863996 1.6126776672200736 -6.2408205279565
-3.957662029881244 3.590406919496103 -6.494048932388042
-4.157328511836323 0.1724505369136673 -9.371149462913115
-3.0776259473950596 0.47000097823987685 -7.7141322308948315
-2.510398943298564 1.30505354153571 -9.440672338264704
-4.470137590226011 4.127909041465728 -9.877606271776198
-3.390435025784748 4.425459482791937 -8.220589039757915
-2.666803482493408 3.28278279381174 -9.693900742696247
-6.1170671587637715 2.995306036843685 -9.80808339642461
-6.684294162860267 2.160253473547852 -8.081543289054736
-5.960662619568927 1.0175767845676547 -9.554854991993068
1.7186769640413804 0.6642542837327636 9.399060465823874
0.6455062028852825 0.8884630672033011 7.726327690149797
0.10064297529148591 1.8398247883177095 9.399060465823872
2.1306996232079776 4.6339580560422835 9.66680902033884
1.0575288620518795 4.858166839512821 7.994076244664765
0.3066543048747845 3.824676674472469 9.532934743081356
3.7487336119578725 3.4583875514573377 9.666809020338842
4.293596839551668 2.5070258303429287 7.994076244664766
3.542722282374574 1.4735356653025777 9.532934743081357
-5.561248228737205 4.218762561980464 -5.477348145825568
-5.238049322993083 3.8680203550541243 -3.5350499268060886
-7.192853528407218 6.6077818769762064 -2.7150210727464215
-6.053851972828089 5.062530012551995 -2.153886390266515
-8.027519763995606 5.018397768778288 -1.833437025830519
-9.50858381107224 4.13049807443305 -4.836449416953576
-8.36958225549311 2.58524621000884 -4.275314734473669
-9.185384905328116 3.77975586750671 -2.8941511979340957
-8.67391757548385 5.719882182630968 -5.718033463869478
-6.700249784316334 5.764014426404675 -6.038482828305474
-7.516052434151339 6.958524083902547 -4.657319291765901
4.909191313635358 6.609441878395749 2.3700271483397244
3.731475362682132 5.062195080966258 1.902039449020055
5.703179984052061 4.949509688473896 1.5863134786164275
7.163835321135426 4.207165445532824 4.638429303945165
5.9861193701822 2.6599186481033317 4.170441604625496
6.830501987802093 3.748371472042433 2.7205145564191477
6.369846650718726 5.8670976354546776 5.422142973668462
4.398142029348799 5.979783027947039 5.7378689440720905
5.242524646968692 7.068235851886141 4.2879418958657425
4.069424479459233 -4.570780182312106 -6.424526057036452
2.609187187933573 -4.733574828218936 -5.067615980538427
4.47713377632111 -5.270353502101159 -4.595764098909665
1.2363523024114027 -7.360745053503157 -6.8601842454793704
1.192651099409658 -6.128557263814461 -5.285445074759887
1.6440615992732788 -8.06031837329221 -5.0314222873525845
4.972245479186475 -8.434302401267603 -5.916480482221845
4.928544276184731 -7.2021146115789065 -4.341741311502362
3.5120081876608156 -8.597097047174433 -4.5595704057238216
4.564536182324599 -7.73472908147855 -7.7452424403486315
4.1131256824609785 -5.8029679720008005 -7.999265227755935
2.696589593937063 -7.197950407596327 -8.217094321977394
-5.3242334152284805 2.8436838494736407 6.503290154297797
-5.0850131435526 1.325892744671645 5.223023063490862
-6.194245606968336 2.906951822971158 4.7035468532258
-7.077041952813577 -0.6782745843934816 7.226803126317682
-5.961417412345146 -0.43508647226191655 5.584779549500804
-7.94705414455343 -0.6150066108959655 5.427059825245683
-9.295506879645048 2.4838435722055436 6.1878507057875565
-8.17988233917662 2.72703168433711 4.5458271289706795
-9.056286607969167 0.966052467403548 4.907583614980621
-8.425494687905195 2.420575598708027 7.9875940068595535
-6.439857955696911 2.600495737342076 8.145313731114674
-7.316262224489458 0.8395165204085142 8.507070217124618
6.639122229120745 -3.240114196931277 -5.24261489806587
9.012412581460728 -3.614791618959309 -2.0446296365438004
9.012412581460731 -0.21218838555114927 -4.147554085020337
9.806401251877432 -1.8721205754730035 -4.931267754743633
8.61975607570744 -3.386083481163068 -5.4787981612664
9.806401251877432 -3.573422192177083 -3.8798055305053647
-4.908102468917261 5.622658498853694 5.133959145889226
-6.138091014769051 7.570955856974114 1.864209066538451
-2.8153362979056697 8.741732142017028 3.758564888960221
-4.604035660087396 9.032562519694128 4.604716342986555
-5.650418745593192 7.473025698112459 5.2924134714510584
-6.2654130185190855 8.44717437717267 3.657538431775671
-5.71249211604311 -4.459967635947695 -7.216379223687885
-2.476424138543321 -6.811108645117587 -7.216379223687885
-2.476424138543321 -3.4085054117094273 -9.31930367216442
-3.598456834058381 -4.952850927993894 -9.915994175295882
-5.216490822808275 -5.478582040113027 -8.864531951057614
-3.598456834058381 -6.654152544697974 -8.864531951057614
3.4924340719574065 -4.025923720983222 7.325034975864528
0.2624455261056169 -6.368697110346068 7.605368419748002
0.34913226546920995 -2.8467798161332616 9.499724242169771
1.4979526366345717 -4.354255259961206 10.138261274025577
3.0696035398786696 -4.943827212386185 9.050916640872957
1.4546092669527753 -6.1152139070676075 9.191083362814693
1.846930779477853 -10.730859674454111 1.2809304551041887
0.7537936637506579 -9.399931142630228 0.26422966854171437
1.803587409796057 -10.790516704856435 -0.7177096803449634
5.082998756977642 -9.679397450215845 -0.8219939933723466
3.9898616412504486 -8.348468918391962 -1.8386947799348206
3.421621398545952 -10.264785592737303 -1.7691719045832308
5.12634212665944 -9.619740419813521 1.1766461420768057
4.076548380614041 -8.229154857587313 2.158585490963483
3.508308137909544 -10.145471531932653 2.2281083663150727
-9.528221442244707 -6.277740035590036 1.3946965754872527
-8.379401071079347 -5.032451638475633 0.3319319906389792
-9.571564811926505 -6.337397065992359 -0.6039435599618991
-7.945575710431527 -9.395667945136708 -0.5479197114936394
-6.7967553392661655 -8.150379548022306 -1.6106842963419128
-8.780241946019915 -7.896361020765696 -1.575251703452345
-7.9022323407497295 -9.336010914734384 1.4507204239555127
-6.710068599902571 -8.03106548721766 2.3865959745563905
-8.69355520665632 -7.777046959961049 2.422028567445958
6.961795519062566 3.837933682960957 -5.342386180009014
5.801938018542874 2.360840849727417 -4.65468905154451
6.918452149380768 2.076975035854554 -6.289564091219897
5.216439526562635 3.538581698574564 -8.929044910483452
4.056582026042943 2.0614888653410244 -8.241347782018948
6.045774153130802 1.9272990436613573 -8.082893456457116
5.259782896244432 5.299540345680969 -7.981866999272569
4.143268765406539 5.583406159553831 -6.346991959597182
6.132460892494398 5.449216337874165 -6.18853763403535
-3.7311264453543007 4.461968611021266 -4.708254474224159
-3.9676436198423306 7.878986813038795 -5.225986290180165
-2.9343241409068628 6.292080736550431 -4.582573546401457
-2.3640574209863674 7.250631170554433 -6.242687076742638
-4.420714788896216 6.1358634299884685 -8.79757520650793
-3.3873953099607492 4.548957353500105 -8.154162462729222
-2.590593005513311 6.379069479029272 -8.02848153490652
-6.024300987752179 6.764219072472829 -7.780874419945456
-6.594567707672673 5.805668638468826 -6.120760889604275
-5.7977654032252355 7.6357807639979915 -5.995079961781574
1.7186769640413808 8.109711703930829 4.7975147183513585
0.6455062028852827 6.513304809892641 4.249984311828592
0.10064297529148636 7.583980591811695 5.848976942589625
2.1306996232079767 6.573887794355654 8.467866506274488
1.0575288620518788 4.977480900317466 7.920336099751722
0.3066543048747843 6.816068637024109 7.68415283655119
3.7487336119578716 7.099618906474789 7.416404282036221
4.293596839551668 6.028943124555734 5.8174116512751874
3.542722282374574 7.8675308612623756 5.581228388074656
2.708400768710482 -3.116865901013117 -6.240820527956499
4.637664722163731 -2.654463507966764 -6.4940489323880435
1.4486953682272694 -3.900564224966163 -9.371149462913113
1.3980362130945 -2.7817579223401463 -7.71413223089483
2.0169356109317667 -1.9842475506208233 -9.440672338264704
5.307223275133768 -2.9757594388734576 -9.877606271776202
5.256564120000998 -1.8569531362474407 -8.220589039757916
3.946199564385015 -1.5218451575744705 -9.693900742696247
4.738983032429271 -4.892076113218798 -9.80808339642461
4.120083634592004 -5.68958648493812 -8.081543289054737
2.8097190789760216 -5.354478506265151 -9.554854991993068
-3.5294575879970425 1.9867781392675288 6.292358094615386
-3.677303846690721 3.976286854095683 6.433767278946208
-3.7477453673359347 0.7361933719337337 9.51546035565272
-2.7412135640507698 0.9330329004975753 7.798443195292849
-2.100815798798175 1.8687963765557756 9.445937480301133
-4.043437884723292 4.715210801590042 9.798278724314363
-3.0369060814381266 4.912050330153884 8.081261563954492
-2.248662057491854 3.8583050913839303 9.587346664631953
-5.690367453261051 3.582607796968001 9.867801599665952
-6.330765218513646 2.6468443209097994 8.220307314657669
-5.542521194567373 1.5930990821398465 9.72639241533513
5.730801837890927 -3.9853920397906464 -5.4773481458255695
5.297352222015569 -3.786396917008048 -3.5350499268060895
8.507087990682873 -4.798893323839838 -2.715021072746424
6.685495298411542 -4.193147559032644 -2.153886390266517
7.253419929113058 -6.083854786150347 -1.8334370258305204
6.866651099293961 -7.766806494026052 -4.836449416953576
5.045058407022629 -7.161060729218858 -4.275314734473668
6.433201483418602 -7.567811371243453 -2.8941511979340957
8.120319160863776 -6.481845031715543 -5.718033463869479
7.552394530162258 -4.591137804597841 -6.038482828305476
8.940537606558232 -4.9978884466224365 -4.657319291765903
-5.3242334152284805 4.544985466177719 5.4518279300595305
-5.085013143552598 4.078656585613992 3.521721446786781
-7.077041952813575 6.767182835804581 2.6252573788451676
-5.9614174123451456 5.189755270427423 2.1084361711795996
-7.947054144553429 5.129149192598017 1.876976302011438
-9.295506879645048 4.42377331051891 4.9889081917232065
-8.179882339176618 2.8463457451417513 4.472086984057639
-9.056286607969167 3.957444429955181 3.058801708450458
-8.425494687905195 6.061806953725474 5.737189268556934
-6.43985795569691 6.122413031554879 5.968649137725096
-7.3162622244894555 7.23351171636831 4.5553638621179156
-6.232241369104248 -4.409383804130335 -6.821110546081159
-4.852154005549516 -4.610805629655073 -5.387657331930509
-6.728842863496875 -5.220578803303007 -5.061749972155434
-3.298856017110726 -7.097500481643995 -7.232545966023037
-3.385461329552755 -5.954863968411903 -5.593375041901448
-3.7954575115033538 -7.908695480816668 -5.473185392097311
-7.052233733005445 -8.317046828939864 -6.580731246472885
-7.138839045447473 -7.174410315707772 -4.941560322351297
-5.672146369450713 -8.518468654464602 -5.147278032322236
-6.555632238612818 -7.505851829767192 -8.34009182039861
-6.145636056662219 -5.552020317362427 -8.460281470202748
-4.678943380665458 -6.896078656119258 -8.665999180173687
4.349782662649758 -4.184900247712523 6.503290154297797
2.8323544127061604 -4.426411494800221 5.223023063490861
4.678802633678371 -4.992780132912541 4.703546853225799
1.5418487699990502 -6.940265238747723 7.2268031263176775
1.4283874663808063 -5.804093990317821 5.584779549500801
1.8708687410276634 -7.748145123947742 5.427059825245678
5.234745211943473 -8.073002514972364 6.187850705787553
5.12128390832523 -6.9368312665424625 4.545827128970676
3.717316961999875 -8.314513762060063 4.9075836149806165
4.905725240914859 -7.265122629772346 7.987594006859551
4.463243966268002 -5.321071496142426 8.145313731114673
3.059277019942648 -6.698753991660025 8.507070217124612
-9.387886027947099 -3.0291959233861 -4.901341962621333
-11.63195141897722 -3.3431081242253295 -1.6050365078818738
-11.631951418977218 0.05949510918283041 -3.707960956358409
-12.501963610717073 -1.5785385340237328 -4.456242033192139
-11.379930915202014 -3.122884050308198 -5.052932536323602
-12.501963610717073 -3.2798401507278134 -3.404779808953872
6.8641530772662085 -2.9303858059955696 5.133959145889223
9.097181338941995 -3.4981174337412915 1.8642090665384492
9.18386807830559 0.023799860471515277 3.758564888960218
10.013202704873759 -1.587482794441693 4.604716342986553
8.853345204354067 -3.064575627675236 5.292413471451057
9.969859335191963 -3.348441441548096 3.6575384317756687
-5.388790563170792 -4.014430670945794 7.710077123095516
-2.1527225856710026 -6.365571680115686 7.710077123095515
-2.0660358463074084 -2.843654385902879 9.604432945517285
-3.159172962034604 -4.348228548585796 10.340169199351923
-4.820550320466295 -4.933616691107253 9.392991288141038
-3.2025163317164007 -6.109187195692199 9.392991288141038
3.492434071957404 8.352158279908126 -0.32504041621963303
0.2624455261056142 9.65061624556273 -2.2951117106387815
0.3491322654692086 9.769930306367378 1.7021685602595218
1.4979526366345688 11.015218703481782 0.639403975411248
3.0696035398786674 10.306332690252155 -0.37420051282832956
1.454609266952772 10.955561673079458 -1.3592361600379035
-4.521086342621102 -10.647055438769208 1.4165285568435708
-3.4375810868231933 -9.344771906920593 0.3534791867133707
-4.564429712302898 -10.706712469171531 -0.582111578605581
-7.81494547969662 -9.509658214605132 -0.5473501409297867
-6.731440223898712 -8.20737468275652 -1.6103995110599865
-6.211359280840657 -10.138013857089492 -1.5640509274922594
-7.771602110014823 -9.450001184202806 1.4512899945193656
-6.6447534845351175 -8.08806062195187 2.3868807598383173
-6.124672541477063 -10.018699796284844 2.433229343406044
1.8469307794778553 5.94468536664321 -9.025123161223725
0.7537936637506601 4.440111203960293 -8.289386907389085
1.8035874097960585 4.183726719536805 -9.972301072434608
5.082998756977643 3.593544357473316 -9.025123161223723
3.989861641250448 2.0889701947904005 -8.289386907389083
3.4216213985459523 3.0081562149518595 -9.972301072434608
5.1263421266594404 5.35450300457972 -8.077945250012839
4.076548380614042 5.610887489003207 -6.395031084967317
3.5083081379095464 6.5300735091646676 -8.077945250012839
-9.528221442244707 4.054945233240518 -4.991254115705377
-8.379401071079343 2.547469789412574 -4.35271708384957
-9.571564811926502 2.293986586134115 -5.938432026916262
-7.945575710431521 3.711796155423546 -8.648778031958951
-6.79675533926616 2.204320711595603 -8.010241000103143
-8.780241946019911 2.122412047225629 -7.767193985043047
-7.902232340749725 5.472754802529949 -7.701600120748066
-6.710068599902566 5.726238005808408 -6.115885177681375
-8.693555206656317 5.644329341438436 -5.87283816262128
7.18169377156896 4.140597662053967 4.7975147183513585
5.995048595398968 2.6266347563639028 4.249984311828591
7.18169377156896 2.439296045349886 5.848976942589626
5.593716430735558 4.057858808489513 8.467866506274488
4.4070712545655635 2.5438959027994494 7.920336099751722
6.387705101152259 2.3979266185676598 7.68415283655119
5.593716430735558 5.759160425193593 7.41640428203622
4.407071254565565 5.946499136207609 5.817411651275187
6.38770510115226 5.80052985197582 5.581228388074655
5.396565802792478 -2.1696879898022323 -4.708254474224162
8.71943105649874 -1.3387124953028466 -5.225986290180172
6.890880412096383 -0.8463482175583321 -4.582573546401464
7.626293940771544 -0.007783963478963596 -6.242687076742645
7.201628895241248 -2.3082635316319116 -8.797575206507936
5.3730782508388915 -1.8158992538873966 -8.154162462729225
6.867392860142798 -0.4925594816434966 -8.028481534906527
8.294766010968443 -3.639192063455794 -7.780874419945461
7.559352482293283 -4.477756317535162 -6.12076088960428
9.053667091597191 -3.154416545291262 -5.99507996178158
-3.529457587997042 4.739541980209875 4.591056477911306
-3.747745367335933 8.181650792131801 4.913914608180202
-2.741213564050769 6.557874643186916 4.322099816971642
-2.1008157987981733 7.612952180049764 5.8958539570668815
-4.043437884723291 6.655140539903419 8.599336210250009
-3.0369060814381266 5.031364390958533 8.007521419041447
-2.2486620574918526 6.849697053935576 7.738564758101783
-5.69036745326105 7.223839151985455 7.6173968613633285
-6.330765218513646 6.168761615122606 6.04364272126809
-5.542521194567371 7.987094278099646 5.774686060328426
-4.927203414400986 -2.9338890440774708 -6.4750019650831305
-6.85027535785414 -2.5072707715400266 -6.821110546081162
-3.4594814218022822 -3.5084594843262145 -9.559748463846757
-3.540823440750003 -2.483426884175411 -7.84432092396593
-4.077515410552175 -1.6063464517359067 -9.55974846384676
-7.305625308708591 -2.655222939251326 -10.25196562584282
-7.386967327656311 -1.6301903391005226 -8.536538085961993
-6.000587354005329 -1.1797281791984626 -9.90585704484479
-6.687591319958698 -4.557335971841634 -10.251965625842818
-6.150899350156526 -5.434416404281137 -8.536538085961988
-4.764519376505544 -4.9839542443790785 -9.905857044844787
2.9802006713998392 -2.742765428965662 6.292358094615387
4.9180229053542535 -2.268583573367184 6.433767278946208
1.8582785127276615 -3.3368213899460946 9.515460355652722
1.7344485964387912 -2.3187260000824472 7.798443195292849
2.4265187554321583 -1.4205047156007544 9.445937480301133
5.73392298063649 -2.3884576787491385 9.798278724314365
5.61009306434762 -1.3703622888854914 8.081261563954492
4.364340989386573 -0.9463228600022764 9.587346664631951
5.165682737931995 -4.304774353094478 9.867801599665952
4.473612578938628 -5.202995637576171 8.22030731465767
3.2278605039775803 -4.778956208692957 9.726392415335132
-7.963749772868037 -3.920522764467722 -5.947672779783318
-7.6537934546454025 -3.8198118517053534 -3.9744053390028133
-10.876508307780824 -4.958083214614593 -3.410094006703801
-9.110172722101796 -4.33859207677879 -2.705615952463055
-9.64160139840966 -6.258139253449879 -2.5241711990759166
-9.02660712548377 -7.759617117809901 -5.58478327300904
-7.260271539804742 -7.140125979974097 -4.880305218768295
-8.716650807261134 -7.658906205047533 -3.6115158322285366
-10.26151403485493 -6.459561078974615 -6.470706080636925
-9.730085358547063 -4.540013902303526 -6.652150834024064
-11.186464626003456 -5.058794127376962 -5.3833614474843055
5.967816651399655 -3.6591691355933893 5.45182793005953
5.450388401456057 -3.575760686448181 3.5217214467867812
8.622899566276523 -4.639492365011467 2.625257378845168
6.77792985889449 -4.0659223011572205 2.108436171179601
7.333885548555238 -5.97310336233062 1.8769763020114385
7.079728030721149 -7.473531257940192 4.988908191723206
5.2347583233391175 -6.899961194085943 4.472086984057637
6.562299780777551 -7.390122808794983 3.0588017084504573
8.368742048442433 -6.139920260621038 5.737189268556935
7.812786358781685 -4.2327391994476375 5.968649137725098
9.14032781622012 -4.7229008141566755 4.555363862117916
-5.925237629228924 -3.9868294070489076 7.33537984108666
-4.60827465066046 -4.275134494809604 5.8580549988629285
-6.496528652070669 -4.900825722827461 5.6506729520511625
-2.9733114227706583 -6.649426787687207 7.778896312306121
-3.132311547431327 -5.606433185128753 6.079813234472659
-3.5446024456124032 -7.5634231034657615 6.094189423270622
-6.749819425591077 -7.900809243722922 7.36413221868259
-6.908819550251745 -6.857815641164468 5.665049140849128
-5.432856447022612 -8.18911433148362 5.886807376458857
-6.178528402749333 -6.986812927944368 9.048839107718086
-5.766237504568256 -5.029823009607361 9.034462918920122
-4.290274401339123 -6.36112169992651 9.256221154529852
4.349782662649758 7.688263831554172 -0.8347288006933717
2.8323544127061613 6.6511652469578575 -1.6232958759009484
4.678802633678371 6.439819354447825 -2.362188209727533
1.5418487699990475 9.567630191325474 -2.975637332196617
1.4283874663808054 7.590848426843509 -2.693750141652571
1.87086874102766 8.319185714219127 -4.503096741230778
5.234745211943467 9.144938406305409 -4.453421999849786
5.121283908325227 7.168156641823444 -4.17153480930574
3.7173169619998703 8.107839821709094 -5.241989075057362
4.905725240914855 10.393382883411755 -2.9259625908156246
4.463243966268 9.665045596036137 -1.1166159912374172
3.0592770199426442 10.60472877592179 -2.18707025698904
0.020079801819711918 -9.86448320073293 -4.901341962621332
0.4149858999839787 -12.095720418665522 -1.6050365078818736
3.651053877483768 -11.044258194427252 -3.7079609563584084
2.3620398597624863 -12.377869191746408 -4.456242033192138
0.5465528219304582 -11.787981694899246 -5.0529325363236
0.7440058710125917 -12.903600303865542 -3.404779808953871
-9.162855179801639 -2.719467532450397 5.4752320813337665
-11.547182661495954 -3.2264339390073147 2.303802195200382
-11.460495922132363 0.2954833552054912 4.198158017622152
-12.295162157720751 -1.2939007529924265 5.079742064538053
-11.14634178655539 -2.801376196820371 5.718279096393861
-12.338505527402546 -3.0548594000988296 4.132564153327168
6.864153077266206 5.902461030067347 -0.3250404162196296
9.097181338941995 3.231804953845091 -2.2951117106387775
9.183868078305588 3.3511190146497363 1.7021685602595251
10.013202704873757 4.82852739230546 0.6394039754112527
8.853345204354067 6.1041984000142655 -0.3742005128283249
9.96985933519196 4.7688703619031365 -1.359236160037899
-5.388790563170788 8.691410597842014 -0.14256463667644007
-2.1527225856709973 9.742872822080276 -2.2454890851529745
-2.0660358463074058 9.862186882884926 1.7517911857453283
-3.1591729620345994 11.193115414708808 0.7350903991828541
-4.820550320466291 10.607727272187352 -0.21208751202803033
-3.2025163317163954 11.133458384306486 -1.2635497362662977
-4.521086342621098 6.028489602328114 -8.889525059484342
-3.4375810868231906 4.495270439669929 -8.200137389217428
-4.5644297123028945 4.267530955221711 -9.836702970695224
-7.8149454796966165 3.7632835930840285 -8.750479308781163
-6.7314402238987086 2.2300644304258435 -8.061091638514249
-6.211359280840654 3.1349279505996686 -9.767180095343635
-7.77160211001482 5.524242240190432 -7.803301397570277
-6.644753484535116 5.751981724638649 -6.166735816092482
-6.12467254147706 6.656845244812476 -7.872824272921867
2.2284234919259003 6.469765038848209 8.56618669949188
1.1063907964108401 4.925419522563743 7.969496196360418
2.2284234919258994 4.768463422144129 9.617648923730147
5.46449146942569 4.118624029678317 8.56618669949188
4.342458773910629 2.574278513393852 7.969496196360419
3.846457480675794 3.5928929175591837 9.617648923730147
5.46449146942569 5.819925646382397 7.514724475253613
4.34245877391063 5.976881746802012 5.866571747883883
3.8464574806757947 6.995496150967343 7.514724475253613
6.800864439114748 -7.808830103019033 -4.991254115705376
5.012165076933022 -7.182072533715348 -4.352717083849568
5.139487080683056 -8.39421824554049 -5.938432026916258
5.985445845390996 -6.40968346344093 -8.648778031958951
4.19674648320927 -5.782925894137247 -8.010241000103143
4.73177778382118 -7.694644925751438 -7.767193985043046
7.646823203822686 -5.824295320919473 -7.701600120748066
7.519501200072652 -4.612149609094332 -6.115885177681376
8.054532500684564 -6.523868640708524 -5.872838162621279
-9.308323189738308 4.357609212333527 5.1486467826549935
-8.186290494223249 2.8132636960490602 4.551956279523532
-9.30832318973831 2.656307595629447 6.200109006893261
-7.568298806258599 4.231073265338495 8.748133384798988
-6.44626611074354 2.686727749054028 8.151442881667528
-8.438310997998457 2.593039622131931 7.999852307965258
-7.568298806258598 5.9323748820425735 7.69667116056072
-6.446266110743538 6.089330982462187 6.04851843319099
-8.438310997998453 5.9956428555400905 5.896927859488721
-7.728842863496871 -2.142895266127753 -5.061749972155435
-11.03713371247238 -1.369042217296813 -5.737296504527525
-9.265534833299045 -0.8671549925422992 -4.956561834527539
-9.923659297458485 0.04420977563088169 -6.610734270825368
-9.279998701186917 -2.0977932281213616 -9.256017652378976
-7.50839982201358 -1.595906003366847 -8.475282982378989
-9.045091791815754 -0.3201657297813927 -8.370094844751092
-10.393473116200813 -3.5110452210490566 -8.382579886081134
-9.73534865204137 -4.422409989222237 -6.7284074497833055
-11.272040621843544 -3.146669715636782 -6.623219312155408
5.5982346601497355 -1.8921146206136217 4.591056477911309
8.939329309005137 -1.0360485162098367 4.913914608180211
7.083990988952477 -0.5805543109218447 4.322099816971648
7.889535562959737 0.35453704601636904 5.89585395706689
7.578905799414175 -1.7889864217169629 8.599336210250014
5.723567479361514 -1.3334922164289709 8.007521419041451
7.209323808164256 -0.021931906737193918 7.73856475810179
8.628699545459574 -3.179571983943169 7.617396861363336
7.823154971452313 -4.114663340881383 6.043642721268094
9.308911300255055 -2.8031030311896057 5.774686060328434
-2.2677047036646667 -7.289788295408752 -6.821110546081156
-1.2677047036646676 -5.592670488608196 -6.475001965083127
-0.26770470366466714 -7.2897882954087505 -6.821110546081158
-2.267704703664669 -4.3743359539398465 -9.559748463846754
-1.2677047036646687 -4.134944317873742 -7.844320923965927
-0.26770470366466936 -4.374335953939846 -9.559748463846754
-0.26770470366466803 -7.768571567540958 -10.251965625842816
0.7322952963353322 -7.529179931474853 -8.536538085961986
0.7322952963353309 -6.0714537607404 -9.905857044844787
-2.2677047036646676 -7.76857156754096 -10.251965625842814
-3.267704703664667 -7.5291799314748555 -8.536538085961986
-3.267704703664668 -6.071453760740404 -9.905857044844785
-4.638324460455299 -2.5362812746620067 6.845722193677877
-6.545150265674189 -2.0873021111814456 7.2487520428350125
-3.0376258915062233 -2.927825159375941 9.892762967561204
-3.1945185915939494 -2.006779150825523 8.124413756915148
-3.6575385279514903 -1.0282978635084794 9.806135169309556
-6.851277501944005 -2.029866832414819 10.698822665875475
-7.00817020203173 -1.1088208238644017 8.93047345522942
-5.5643643331703805 -0.5793187000279185 10.209165018466692
-6.231364865498738 -3.9293941282822806 10.785450464127123
-5.768344929141197 -4.9078754155993245 9.103729051732715
-4.324539060279847 -4.378373291762841 10.382420614969988
2.980200671399839 6.854658164433143 0.3608241094647746
4.918022905354252 6.769077811392714 0.8481853643521519
1.8582785127276602 10.003158368316484 1.2708994558108406
1.7344485964387903 8.012105432814298 1.4136382377168808
2.4265187554321557 9.083972348155024 2.9538136208563643
5.733922980636486 9.831997662235626 2.245621965585595
5.610093064347618 7.84094472673344 2.3883607474916353
4.36434098938657 8.998391995114595 3.4411748757437417
5.1656827379319905 10.751183682397084 0.5627078005400712
4.473612578938625 9.679316767056358 -0.9774675825994126
3.2278605039775767 10.836764035437515 0.07534654565269383
-1.267704703664666 -8.78548427668457 -5.9476727797833195
-1.2677047036646656 -8.459576916909498 -3.974405339002815
-2.8857386924145607 -8.0127574231491 -5.061749972155435
-1.3543914430282558 -11.876306073494407 -3.410094006703804
-1.311048073346461 -10.004987815314415 -2.7056159524630576
-2.9724254317781504 -11.103579219958936 -2.5241711990759197
-4.590459420528045 -10.982667085973612 -5.584783273009044
-4.547116050846251 -9.11134882779362 -4.880305218768297
-4.590459420528045 -10.656759726198537 -3.6115158322285392
-2.972425431778151 -11.755393939509084 -6.470706080636928
-1.3110480733464611 -10.656802534864562 -6.652150834024066
-1.354391443028256 -12.202213433269481 -5.383361447484308
-7.693583614130009 -3.548670948057559 6.51017099327992
-7.469518558099826 -3.5661792157033263 4.522839035294481
-10.712177127410342 -4.731900748982978 4.1675100191345145
-8.978815314739991 -4.157794116166036 3.3515085482217795
-9.515122165350999 -6.084055523752879 3.30801197790576
-8.766197315352025 -7.401193763231246 6.423177852647881
-7.032835502681675 -6.827087130414302 5.607176381735145
-8.542132259321841 -7.418702030877011 4.435845894662442
-9.963252277411367 -6.049038988461346 7.282675893876635
-9.42694542680036 -4.122777580874502 7.3261724641926556
-10.936242183440527 -4.714392481337212 6.154841977119952
5.967816651399653 6.512693326969227 -0.8347288006933722
5.450388401456055 4.749052214367554 -1.6232958759009481
8.622899566276521 4.422945644863669 -2.9756373321966176
6.777929858894489 3.704178373314773 -2.6937501416525707
7.333885548555239 4.350071672342266 -4.503096741230778
7.079728030721154 7.804479925024211 -4.4534219998497875
5.234758323339122 7.085712653475317 -4.171534809305741
6.562299780777555 6.040838812422538 -5.241989075057363
8.368742048442433 7.877353897545616 -2.925962590815626
7.812786358781684 7.231460598518122 -1.116615991237419
9.14032781622012 6.186586757465343 -2.1870702569890415
-5.925237629228922 8.343927499951855 -0.28544703445233743
-4.608274650660457 7.151501946025682 -1.2039946986614036
-6.4965286520706655 7.245831428186669 -1.8563740169675342
-2.9733114227706565 9.931370439430898 -2.468599934622877
-3.1323115474313235 7.945223415765203 -2.2955711487466735
-3.5446024456123997 8.833274367665714 -4.039526917138074
-6.749819425591075 10.120029403752874 -3.7733585712351383
-6.908819550251741 8.13388238008718 -3.6003297853589347
-5.432856447022609 8.927603849826701 -4.691906235444205
-6.178528402749332 11.21812547551806 -2.202431588719941
-5.766237504568255 10.33007452361755 -0.4584758203285404
-4.290274401339122 11.123795993357072 -1.5500522704138104
0.020079801819708365 0.027637476191293864 -11.015008761776121
0.4149858999839764 3.9737823233965646 -11.536535384785878
3.6510538774837644 1.622641314226672 -11.53653538478588
2.362039859762482 1.5497673417052709 -13.06399479382004
0.5465528219304536 0.7522654226875816 -12.80323148231516
0.7440058710125877 2.725337846290217 -13.06399479382004
0.24511064996516874 -9.554754809797227 5.475232081333766
0.49975465746523917 -11.979046233447507 2.3038021952003813
3.8225093743286216 -10.808269948404593 4.198158017622152
2.568841312758806 -12.093231410715102 5.079742064538053
0.7801419505770795 -11.46647384141142 5.71827909639386
0.9074639543271147 -12.678619553236558 4.132564153327168
-9.162855179801634 6.11337930361252 0.016232519224911007
-11.547182661495949 3.503488448579069 -1.8555185819768465
-11.460495922132358 3.6228025093837144 2.141761688921458
-12.295162157720746 5.122109433754728 1.1144296969627512
-11.146341786555384 6.36739783086913 0.051665112114478044
-12.33850552740254 5.062452403352405 -0.8842104384864007
9.931250548021515 -2.439250800229708 -0.14256463667643368
9.931250548021518 0.9633524331784522 -2.2454890851529683
10.01793728738511 1.0826664939830979 1.751791185745335
11.62152348624107 0.45431085149873723 0.7350903991828627
11.578180116559274 -1.3066477956076659 -0.2120875120280218
11.578180116559276 0.3946538210964145 -1.263549736266289
7.1305268326181235 -2.4369028893507636 -8.889525059484344
5.33752721952733 -1.8802189327468217 -8.200137389217428
5.469149474186431 -3.0222910318722205 -9.836702970695226
5.99404634720913 -6.269536238041443 -8.750479308781163
4.201046734118337 -5.712852281437502 -8.06109163851425
4.900909231481935 -4.93860770621756 -9.767180095343635
7.655423705640821 -5.684148095519987 -7.803301397570279
7.523801450981719 -4.542075996394589 -6.1667358160924834
8.223663948345319 -3.767831421174647 -7.872824272921869
-4.139593630173047 6.553569274533116 8.70178480123126
-3.0849839541630044 4.98057875827338 8.058745714532073
-4.139593630173047 4.852267657829035 9.753247025469529
-7.433452767248565 4.288363265289031 8.84083055193444
-6.378843091238523 2.7153727490292954 8.197791465235252
-5.786523198710807 3.7196646532069932 9.822769900821118
-7.433452767248565 5.989664881993111 7.789368327696173
-6.378843091238522 6.117975982437455 6.094867016758717
-5.786523198710805 7.122267886615154 7.7198454523445825
-8.950446973108791 -7.791203642278053 -5.737296504527522
-7.222191463617251 -7.1559192422081725 -4.956561834527536
-7.218938569345003 -8.280064681940665 -6.610734270825363
-7.957243984323537 -6.16881364393271 -9.256017652378974
-6.228988474831997 -5.533529243862829 -8.475282982378989
-6.722337074952376 -7.468869682767994 -8.37009484475109
-9.688752388087327 -5.679952604270097 -8.382579886081132
-9.692005282359574 -4.555807164537604 -6.728407449783305
-10.185353882479953 -6.491147603442768 -6.623219312155406
7.020762691621146 -7.506166123926023 5.14864678265499
5.205275653789117 -6.91627862707886 4.551956279523528
5.402728702871251 -8.031897236045157 6.200109006893257
6.362722749563923 -5.890406353525983 8.748133384798987
4.547235711731894 -5.3005188566788215 8.151442881667526
5.07370873184264 -7.224017350845137 7.999852307965256
7.980756738313816 -5.364675241406848 7.69667116056072
7.783303689231682 -4.249056632440552 6.048518433190991
8.309776709342428 -6.172555126606867 5.896927859488721
0.350329285085228 -8.012757423149099 -5.061749972155436
2.1086253644993205 -10.919995249629256 -5.737296504527525
2.038494319167222 -9.08001290962144 -4.956561834527538
3.1086253644993196 -9.424299268353435 -6.610734270825367
0.8725573869995299 -9.474056994148562 -9.256017652378977
0.8024263416674311 -7.634074654140747 -8.475282982378989
2.4905913757494247 -8.701330140613088 -8.370094844751094
-0.12744261300046877 -10.969752975424383 -8.382579886081134
-1.1975736583325671 -10.625466616692389 -6.7284074497833055
0.49059137574942635 -11.69272210316473 -6.623219312155409
-7.499568367894665 -1.8273259955557288 5.510506230109428
-10.776491596145908 -1.0102991206717105 6.281376674389598
-9.041022358902614 -0.5581400818628044 5.396109070664268
-9.628058247690086 0.4510697162044033 7.019957723944693
-8.867655391704952 -1.5302513519231433 9.757868299840768
-7.13218615446166 -1.0780923131142373 8.872600696115438
-8.67364014546961 0.19109360057868718 8.758203536670276
-10.016088740160773 -2.9916201887992573 9.019287250285673
-9.429052851373301 -4.000829986866465 7.395438597005248
-10.970506842381251 -2.7316440731735407 7.281041437560087
5.598234660149734 4.952545131842838 0.3608241094647747
8.939329309005133 4.858473821854679 1.2708994558108417
7.083990988952474 4.1254353792855625 1.413638237716882
7.889535562959735 5.1148583062781645 2.9538136208563657
7.578905799414173 8.49153918095443 2.245621965585595
5.723567479361513 7.758500738385315 2.3883607474916353
7.209323808164254 6.93139098582804 3.441174875743742
8.628699545459572 8.235154696530945 0.5627078005400716
7.823154971452309 7.2457317695383425 -0.9774675825994117
9.308911300255053 6.418622016981068 0.07534654565269472
-1.9607009637893438 -6.867233898327322 7.335379841086661
-0.9788257497189818 -5.1950627191927286 6.845722193677878
0.03742038851528284 -6.869819635050165 7.248752042835013
-1.8458491733686109 -3.793701628989572 9.892762967561204
-0.9213998545086152 -3.6582965845238538 8.124413756915148
0.15227217893601575 -3.796287365712417 9.806135169309556
0.18664310309991872 -7.1432154607044485 10.698822665875475
1.111092421959914 -7.00781041623873 8.930473455229421
1.16851831717028 -5.471044281569856 10.209165018466692
-1.8114782492047081 -7.140629723981604 10.785450464127123
-2.8851502826493394 -7.002638942793039 9.103729051732717
-2.8277243874389724 -5.465872808124166 10.382420614969988
-4.6383244604553 7.257259540097893 0.7929810999469201
-6.545150265674191 7.416950809963925 1.3748006998916986
-3.0376258915062255 10.157719408823509 1.8054516631123778
-3.1945185915939502 8.164155494533722 1.838430448729277
-3.657538527951493 9.230742718835579 3.4656993974564125
-6.851277501944008 10.47710194855557 2.9690908630019344
-7.008170202031732 8.483538034265782 3.0020696486188343
-5.564364333170383 9.39043398870161 4.047518997401191
-6.2313648654987395 11.4040786385435 1.308843128657899
-5.768344929141198 10.337491414241642 -0.3184258200692365
-4.324539060279848 11.244387368677469 0.7270235287131206
-1.267704703664663 -1.3907722458237985 -10.517856151873035
-1.2677047036646634 0.22842160616019014 -9.343883720468767
-2.885738692414557 -0.9439527520634019 -9.430511518720415
-1.3543914430282578 2.261164736923692 -12.147531482501705
-1.3110480733464607 2.0543900975339353 -10.158721385783101
-2.9724254317781518 2.7079842306840884 -11.060186849349085
-4.590459420528045 -0.0835839795234925 -12.320787079005003
-4.547116050846249 -0.290358618913249 -10.331976982286399
-4.590459420528045 1.5356098724604963 -11.146814647600733
-2.972425431778151 -0.5304034732838893 -13.408131712157623
-1.3110480733464598 -1.1839976064340425 -12.506666248591639
-1.3543914430282573 0.6419708849397026 -13.321503913905975
-0.9975385449266405 -8.413632460274407 6.51017099327992
-1.0834298071190878 -8.205944280907467 4.522839035294481
-2.6534244809883543 -7.693004342673549 5.650672952051164
-1.1900602626577745 -11.650123607862787 4.167510019134514
-1.1796906659846547 -9.824189854701656 3.3515085482217786
-2.8459461987194876 -10.92949549026193 3.3080119779057586
-4.3300496103963075 -10.624243731394952 6.423177852647879
-4.319680013723187 -8.798309978233823 5.607176381735144
-4.415940872588754 -10.416555552028012 4.4358458946624415
-2.6741636743345945 -11.344871848995808 7.282675893876634
-1.0079081415997606 -10.239566213435536 7.326172464192655
-1.1041690004653275 -11.857811787229727 6.154841977119952
-7.693583614130011 7.40988784837555 -0.26259081062988576
-7.469518558099825 5.640194042935112 -1.1670125516622032
-10.712177127410339 5.843704627380104 -2.3685735550639997
-8.978815314739988 4.857102432437388 -2.22000392387926
-9.515122165350997 5.679648207191223 -3.9623567614016473
-8.766197315352025 9.05497939788322 -3.747296485674661
-7.0328355026816745 8.068377202940505 -3.5987268544899216
-8.54213225932184 7.285285592442781 -4.651718226706978
-9.96325227741137 9.2190358180721 -2.1535132793370133
-9.426945426800362 8.396490043318266 -0.4111604418146255
-10.936242183440527 7.613398432820543 -1.4641518140316825
9.7665457434652 -3.056820460557822 -0.285447034452337
8.22551770886655 -2.1727939987609557 -1.2039946986614036
8.898732953686755 -3.9394808581642007 -1.8563740169675336
10.364098331367103 0.24117503961629128 -2.468599934622878
8.524294002817502 -0.5237962486738992 -2.295571148746674
9.496285541588657 -0.6414853579900868 -4.039526917138075
11.710528821007513 -3.2921986791901974 -3.773358571235139
9.870724492457912 -4.057169967480388 -3.6003297853589347
10.169500786408863 -2.4081722173933313 -4.691906235444204
12.57834161078596 -2.409538281583819 -2.2024315887199424
11.606350072014804 -2.2918491722676313 -0.4584758203285413
11.905126365965753 -0.6428514221805746 -1.5500522704138118
0.4971281871420863 0.6842382489389813 10.982543723326295
0.9091508463086833 4.6539420212485005 11.250292277841263
4.145218823808472 2.302801012078609 11.250292277841265
2.9236700469091783 2.3227849772848264 12.833775535343685
1.0996247285759853 1.5135035957150125 12.6999012580862
1.3056360581592836 3.4983554818697717 12.833775535343685
0.24511064996517096 9.170212703189915 -6.097434279929884
0.4997546574652403 7.417775662792799 -9.684093010404322
3.822509374328624 8.588551947835715 -7.789737187982555
2.5688413127588077 9.95171692618781 -8.544785287903423
0.7801419505770817 10.24254730386491 -7.698633833877089
0.9074639543271162 9.36632878366635 -9.491963199114307
8.645647190839838 -6.825255028742797 0.016232519224910966
6.900291198339907 -9.89938584485889 -1.8555185819768467
6.986977937703501 -9.780071784054243 2.1417616889214575
8.670829609480773 -10.110575226927448 1.1144296969627512
9.500164236048942 -8.633166849271724 0.051665112114477864
8.627486239798976 -10.17023225732977 -0.8842104384864009
-12.43776437556299 -2.144870593212092 0.3337525438933026
-12.437764375562988 1.2577326401960685 -1.769171904583232
-12.351077636199394 1.3770467010007144 2.2281083663150714
-14.012454994631087 0.7916585584792585 1.2809304551041873
-14.055798364312883 -0.9693000886271447 0.33375254389330306
-14.055798364312883 0.7320015280769356 -0.7177096803449644
-9.19981775036782 -2.2192211477636437 -9.350276013191479
-7.4683093466040305 -1.6566199631879885 -8.522412162785242
-7.468309346604031 -2.7080821874262564 -10.22371377948932
-7.963749772868033 -6.023447212944257 -9.350276013191475
-6.232241369104243 -5.460846028368602 -8.522412162785237
-6.850275357854136 -4.610195220016563 -10.223713779489318
-9.695258176631823 -5.534586173281646 -8.476838246893635
-9.695258176631821 -4.483123949043377 -6.775536630189556
-10.313292165381716 -3.632473140691338 -8.476838246893637
7.512019545066176 -1.9118232171457594 8.701784801231263
5.6901243521875156 -1.3949106141433685 8.058745714532074
5.89398555631628 -2.437554329264894 9.75324702546953
6.375539059657185 -5.74445656583644 8.840830551934442
4.553643866778525 -5.22754396283405 8.197791465235253
5.325745313611785 -4.353871003610234 9.82276990082112
7.993573048407079 -5.2187254537173065 7.789368327696174
7.7897118442783135 -4.176081738595781 6.094867016758719
8.561813291111575 -3.3024087793719654 7.719845452344583
-4.64403477182865 -10.919995249629258 -5.7372965045275235
-4.573903726496552 -9.080012909621443 -4.956561834527536
-5.64403477182865 -9.424299268353439 -6.610734270825364
-3.407966794328862 -9.474056994148562 -9.256017652378974
-3.3378357489967643 -7.634074654140747 -8.475282982378987
-5.026000783078757 -8.701330140613091 -8.37009484475109
-2.407966794328862 -10.969752975424383 -8.382579886081132
-1.3378357489967638 -10.625466616692387 -6.728407449783305
-3.026000783078756 -11.69272210316473 -6.623219312155407
-8.68346192208094 -7.423730245007251 6.57386071436548
-6.991467806046132 -6.838355371302305 5.682517812593944
-6.915115937179855 -7.8618887039985985 7.3990695621722224
-7.540879876397452 -5.595737613450144 9.943274492436473
-5.848885760362642 -5.010362739745198 9.051931590664937
-6.343824914338111 -6.947892388220043 9.083776451207719
-9.30922586129854 -5.157579154458798 9.118065644629732
-9.385577730164815 -4.134045821762506 7.401513895051455
-9.880516884140283 -6.0715754702373514 7.433358755594234
7.020762691621146 7.961949219961808 -4.41117424177145
5.205275653789117 7.164447300944117 -4.150410930266572
5.402728702871249 9.137519724546753 -4.41117424177145
6.3627227495639165 10.458838174174502 -1.3562554237031264
4.547235711731889 9.66133625515681 -1.0954921121982486
5.073708731842634 10.385964201653097 -2.8837148327372875
7.980756738313811 9.283267669589558 -1.356255423703127
7.78330368923168 7.310195245986922 -1.0954921121982497
8.309776709342426 8.034823192483211 -2.8837148327372883
0.3503292850852303 -0.9439527520634003 -9.430511518720415
-0.2677047036646649 -2.840894311208016 -9.57067824066215
2.108625364499325 -0.24802365804902826 -12.332937675097414
2.0384943191672242 -0.3725784581760152 -10.338052280332603
3.1086253644993223 -1.6981457234332449 -11.385759763886528
0.8725573869995337 -4.041906776338259 -12.613271118980885
0.8024263416674331 -4.166461576465245 -10.618385724216076
2.4905913757494273 -3.59508728257786 -11.525926485828263
-0.12744261300046378 -2.591784710954042 -13.560449030191771
-1.1975736583325625 -1.2662174456968118 -12.512741546637846
0.49059137574943146 -0.6948431518094265 -13.420282308250036
0.5796037806874358 -7.697188152577073 5.51050623010943
2.369267480825796 -10.561252153004151 6.281376674389602
2.2630067935636538 -8.770997998941946 5.396109070664272
3.4042264142677183 -9.017439327779911 7.019957723944696
1.284900696481489 -8.906515117950338 9.75786829984077
1.1786400092193468 -7.116260963888132 8.872600696115438
2.862043022095565 -8.190070810253003 8.75820353667028
0.24994176303956694 -10.45032794317458 9.019287250285675
-0.8912778576644975 -10.203886614336616 7.395438597005251
0.7921251552117203 -11.277696460701488 7.281041437560091
-7.499568367894663 5.745951637007324 0.82996324694612
-10.776491596145908 6.0700535967727145 1.9054780426712548
-9.041022358902612 5.076034511205906 1.9139976735966908
-9.628058247690088 6.077116558361089 3.5428695531928396
-8.867655391704957 9.412051942685913 2.99515294856241
-7.132186154461662 8.418032857119107 3.003672579487846
-8.673640145469612 7.748115731317689 4.087707006138415
-10.016088740160775 9.40498898109754 1.3577614380408258
-9.429052851373301 8.403906933942357 -0.27111044155532293
-10.970506842381251 7.73398980814094 0.8129239850952479
-1.9607009637893458 9.632083548990705 -2.861759132530031
-0.978825749718982 8.446302749555056 -1.5851053189673945
0.037420388515280956 9.55575766735482 -2.9028130148900777
-1.8458491733686113 10.544951138058233 1.0309882046429313
-0.9213998545086145 8.90273654408882 0.3612683496190874
0.15227217893601563 10.468625256422346 0.9899343222828856
0.1866431030999146 12.76386097365776 -1.6044271872024347
1.1110924219599112 11.121646379688347 -2.274147042226279
1.1685183171702787 11.57808017422211 -0.3277733736397974
-1.8114782492047117 12.840186855293648 -1.5633733048423886
-2.8851502826493425 11.27429814296012 -2.192039277506187
-2.8277243874389755 11.730731937493884 -0.24566560891970546
8.335385059760968 -2.1686921723272494 0.7929810999469202
9.076502061687835 -3.932843963578511 1.374800699891697
10.599243257488128 0.24995402323483784 1.8054516631123794
8.75173381677243 -0.5153049304309194 1.8384304487292784
9.90919957571076 -0.6260694797858504 3.465699397456414
12.08147726134186 -3.278349559267684 2.9690908630019335
10.233967820626164 -4.043608512933442 3.002069648618833
10.650316577637627 -2.3902212710371114 4.047518997401189
12.771520943119226 -2.402326056246996 1.3088431286578996
11.614055184180899 -2.291561506892065 -0.3184258200692358
12.03040394119236 -0.6381742649957349 0.7270235287131228
-0.8091464725879598 -0.7596209870865829 10.62708231965937
-0.8620892005605438 0.7867034512955198 9.35977107185278
-2.473335417967984 -0.37632834117202396 9.586139525043482
-0.8298856659341982 2.9830850056986318 12.038366039337664
-0.8724587972336633 2.6580564476881268 10.065412931691927
-2.494074611314222 3.366377651613191 10.997423244721775
-4.052378100749077 0.6570214207635441 12.491102945719065
-4.094951232048542 0.33199286275303963 10.51814983807333
-4.105320828721661 2.2033458591456467 11.223791697912475
-2.3881891553690533 0.2737287748489847 13.532045740334954
-0.766573341288495 -0.4345924290760783 12.600035427305107
-0.7769429379616137 1.4367605673165285 13.305677287144254
-0.9975385449266447 9.585564778222965 -4.613944670324706
-1.083429807119092 7.715160060020158 -5.316944585832285
-2.653424480988358 8.494531668046154 -4.353774496686494
-1.1900602626577852 8.937627946569746 -8.556420193443277
-1.179690665984662 7.391191644193548 -7.288182347391571
-2.845946198719498 7.846594836392933 -8.296250019805065
-4.330049610396316 10.496371162621736 -6.630080015151693
-4.319680013723193 8.949934860245538 -5.361842169099988
-4.415940872588763 8.625966444418928 -7.333079930659272
-2.674163674334604 11.58740427279855 -6.890250188789904
-1.007908141599768 11.132001080599164 -5.882182516376411
-1.1041690004653382 10.808032664772554 -7.853420277935696
9.424670207624645 -5.027251558319506 -0.26259081062988665
7.672351471954444 -5.361018487429126 -1.1670125516622032
8.867938144298392 -8.382081820763531 -2.368573555064001
7.39398544029132 -7.038433618651138 -2.2200039238792604
8.342000890360506 -7.294311120608225 -3.962356761401648
11.320701107763018 -5.539006562233679 -3.7472964856746636
9.846748403755944 -4.195358360121286 -3.5987268544899225
9.568382372092818 -5.872773491343299 -4.651718226706979
11.846638361700904 -6.626777262388985 -2.1535132793370155
10.898622911631717 -6.370899760431898 -0.4111604418146273
10.620256879968593 -8.048314891653911 -1.4641518140316847
-12.295591481215538 -2.7664788185302593 0.18433561069771476
-10.772334062699297 -1.922778897223916 -0.7994617666737152
-11.518942486996142 -3.6707806251150643 -1.421607907109016
-12.898561831611854 0.5473157766112888 -1.9732538168240308
-11.073819237897453 -0.26588159965314184 -1.8782564804345878
-12.121912837392456 -0.35698602997351525 -3.579197334630761
-14.391778680205546 -2.9486876791710066 -3.2175460976946324
-12.567036086491145 -3.761885055435438 -3.12254876130519
-12.868521261689303 -2.104987757864664 -4.201343475066062
-15.168427674424942 -2.044385872586202 -1.6116025798879026
-14.12033407492994 -1.9532814422658282 0.08933827430827135
-14.421819250128095 -0.2963841446950539 -0.9894564394526012
0.4971281871420876 9.517085085001897 5.523544161217438
0.9091508463086836 7.981261175426724 9.193895949140567
4.145218823808473 9.03272339966499 7.090971500664033
2.923670046909179 10.44009678073606 7.817000943530111
1.099624728575987 10.682277623404513 7.033287273806814
1.3056360581592852 9.914365668616925 8.868463167768379
8.645647190839838 3.0668656481814236 -6.097434279929883
6.900291198339906 2.767513663795031 -9.684093010404322
6.986977937703503 6.289430958007838 -7.789737187982555
8.670829609480773 5.518362923228305 -8.544785287903423
9.500164236048942 3.9070802683150974 -7.698633833877087
8.627486239798976 3.757404276121901 -9.491963199114306
-11.262381550256858 -6.563261836725314 0.4401464087302879
-9.679735818443676 -9.681189746271986 -1.502469878250604
-9.593049079080084 -9.561875685467339 2.494810392647699
-11.327209187092233 -9.847397486602617 1.5402602258907345
-12.161875422680623 -8.348090562231603 0.5129282339320288
-11.370552556774031 -9.907054517004939 -0.4583799095584171
1.803587409796056 -12.491818321560512 0.33375254389330544
5.039655387295847 -11.440356097322248 -1.769171904583229
5.12634212665944 -11.321042036517598 2.2281083663150736
5.082998756977642 -13.082000683624003 1.2809304551041911
3.421621398545951 -13.667388826145459 0.33375254389330666
5.039655387295846 -13.141657714026326 -0.7177096803449607
0.7322952963353311 -9.435323669150378 -9.35027601319148
0.7322952963353315 -7.614707991641654 -8.52241216278524
-0.2677047036646689 -7.93962768787456 -10.22371377948932
-3.2677047036646676 -9.435323669150382 -9.350276013191477
-3.267704703664667 -7.614707991641656 -8.522412162785239
-2.2677047036646685 -7.939627687874561 -10.22371377948932
-2.267704703664667 -10.931019650426201 -8.476838246893637
-1.2677047036646663 -10.606099954193295 -6.775536630189557
-0.26770470366466737 -10.9310196504262 -8.476838246893639
-8.783310069317597 -1.6459475058287436 9.855636544628075
-7.090013493267982 -1.135940390067037 8.921484818509091
-7.01496408441651 -2.0841059648200906 10.680845392434817
-7.543484796427063 -5.445002097563666 10.028892141131367
-5.850188220377449 -4.93499498180196 9.094740415012385
-6.395051447971243 -3.983633260687552 10.767473190686463
-9.31183078132815 -5.00684363857232 9.203683293324627
-9.386880190179623 -4.058678063819266 7.444322719398902
-9.931743417773417 -3.1073163427048582 9.11705549507298
7.5120195450661695 8.6381062713511 2.1815697984254117
5.690124352187512 7.83178428358365 2.3563346639115434
5.893985556316272 9.813676775936045 2.1815697984254108
6.375539059657175 10.476478311674017 -1.184258531665637
4.553643866778517 9.670156323906566 -1.0094936661795053
5.325745313611775 10.732862796097502 0.4986556333798864
7.993573048407071 9.300907807089073 -1.1842585316656364
7.789711844278308 7.31901531473668 -1.0094936661795038
8.561813291111568 8.381721786927615 0.4986556333798877
-2.2677047036646636 -2.8408943112080163 -9.570678240662152
-4.6440347718286485 -0.2480236580490287 -12.332937675097417
-4.573903726496551 -0.37257845817601587 -10.338052280332608
-5.6440347718286485 -1.6981457234332455 -11.385759763886533
-3.4079667943288596 -4.041906776338259 -12.613271118980888
-3.337835748996762 -4.166461576465246 -10.618385724216079
-5.0260007830787545 -3.595087282577861 -11.525926485828268
-2.4079667943288596 -2.591784710954042 -13.560449030191773
-1.337835748996761 -1.266217445696812 -12.512741546637848
-3.026000783078754 -0.6948431518094269 -13.420282308250037
-4.377049720800805 -10.552521852358453 6.573860714365481
-4.343180068925436 -8.762449038715573 5.682517812593945
-5.340212139663507 -9.006123290411367 7.399069562172223
-2.9916026864027843 -8.900980963665994 9.943274492436476
-2.9577330345274153 -7.110908150023114 9.051931590664939
-4.647488622464497 -8.180352846065137 9.08377645120772
-2.0284402675400814 -10.44737952561308 9.118065644629734
-1.03140819680201 -10.203705273917286 7.401513895051456
-2.721163784739092 -11.27314996995931 7.433358755594236
-8.683461922080944 9.199832867666089 -3.7000663033956434
-6.991467806046133 8.14080393783194 -3.5751117633504133
-6.915115937179857 10.133872519242395 -3.722922527218094
-7.540879876397458 11.396025011196459 -0.5582123383652482
-5.848885760362646 10.336996081362312 -0.43325779832001765
-6.343824914338114 11.231968591007579 -2.1519955447028964
-9.309225861298543 10.461985359620154 -0.5353561145427974
-9.385577730164819 8.4689167782097 -0.38754535067511653
-9.880516884140286 9.36388928785497 -2.1062830970579953
0.7596928437078065 -0.38051215107554814 9.445972803101743
0.15076305200249318 -2.264922858007594 9.725616856093385
2.6411529627332353 0.48493770031206074 12.222860336879439
2.4848425613684038 0.24176719262377344 10.243861811711778
3.601062487323685 -1.0203641706089503 11.321394873313455
1.4232933793226075 -3.2838837135520307 12.782148442862727
1.266982977957776 -3.5270542212403178 10.803149917695064
2.9921326956183725 -2.904774877540996 11.6010389263051
0.46338385473215504 -1.7785818426310196 13.683613906428711
-0.6528360712231271 -0.5164504793982956 12.606080844827034
1.0723136464374687 0.10582886430102612 13.403969853437069
0.5796037806874326 8.371033797337986 -4.420201073715189
2.369267480825787 10.34136964281334 -6.637154049409984
2.263006793563648 8.748936229633173 -5.431805763257828
3.4042264142677126 10.311562531945194 -4.926022393975359
1.2849006964814849 12.710817382847008 -3.6023779317597633
1.1786400092193459 11.11838396966684 -2.3970296456076077
2.8620430220955617 11.496286401962028 -3.4086343351502477
0.24994176303955906 12.740624493715154 -5.313509587194389
-0.8912778576645048 11.177998191403132 -5.819292956476861
0.7921251552117099 11.55590062369832 -6.8308976460194994
7.7822188228488605 -5.356916660995419 0.8299632469461208
9.103083070419416 -8.373302837144983 1.905478042671258
7.6214252542462475 -7.029942300408158 1.9139976735966928
8.754914924482607 -7.278895242403987 3.5428695531928414
11.691649548097361 -5.525157442311162 2.995152948562411
10.209991731924193 -4.181796905574338 3.003672579487845
10.04919816332158 -5.854822544987075 4.087707006138418
12.03981769403417 -6.619565037052158 1.357761438040828
10.90632802379781 -6.37061209505633 -0.27111044155532005
10.745534455195198 -8.043637734469069 0.8129239850952518
9.766545743465201 1.111740079759445 -2.8617591325300324
8.335385059760966 1.6791324816606337 -1.5851053189673943
9.076502061687833 2.9884804176811044 -2.9028130148900777
10.599243257488125 1.5030622220832033 1.03098820464293
8.751733816772429 1.874793552822513 0.3612683496190874
9.909199575710756 3.3798025600048622 0.9899343222828847
12.081477261341858 4.121758094124145 -1.6044271872024376
10.23396782062616 4.493489424863453 -2.2741470422262804
10.650316577637623 4.6891504960253325 -0.3277733736397991
12.771520943119226 2.245017756202486 -1.563373304842392
11.614055184180897 0.7400087490201361 -2.19203927750619
12.03040394119236 0.9356698201820155 -0.2456656089197079
-10.796963509606913 -1.9169070690572134 1.2003779548987437
-11.558793769216777 -3.6612798075652404 1.8142007344473492
-12.951275303142248 0.5598830278393776 2.306927326661945
-11.124805420570267 -0.2537261458723956 2.261673812880858
-12.214477591143485 -0.33491796119560413 3.936792450411578
-14.474935822361976 -2.928862449176676 3.534572885759155
-12.648465939789993 -3.7424716228884494 3.489319371978069
-12.976307850753349 -2.0792906997036305 4.550615229960183
-15.21173353436074 -2.034061460141694 1.904707762009523
-14.122061363787523 -1.9528696448184855 0.22958912447880375
-14.449903274750877 -0.2896887216336672 1.2908849824609172
-0.809146472587962 9.844864220550017 4.0731500281444655
-0.8620892005605449 8.019809269153455 4.889465832191968
-2.4733354179679856 8.74240299846198 3.9504536228708025
-0.8298856659342033 9.433365749713069 8.051873302557778
-0.8724587972336655 7.814060033734983 6.878827469398624
-2.4940746113142263 8.33090452762503 7.929176897284116
-4.052378100749083 10.878553208330114 6.173848883915449
-4.094951232048546 9.259247492352028 5.000803050756294
-4.105320828721666 9.053498256933553 6.9901646879629515
-2.388189155369061 11.981014430418153 6.296545289189111
-0.7665733412884999 11.464169936528103 5.24619586130362
-0.7769429379616206 11.258420701109628 7.235557498510277
9.42467020762464 2.013386883744756 -4.613944670324706
7.67235147195444 1.3537125948600592 -5.316944585832286
8.898732953686753 0.10139800154137346 -4.353774496686494
8.867938144298389 1.6300643573059155 -8.556420193443277
7.393985440291315 1.162051331640639 -7.288182347391571
8.342000890360502 -0.28192452489746656 -8.296250019805065
11.320701107763014 -0.8745648293314552 -6.6300800151516945
9.84674840375594 -1.3425778549967324 -5.3618421690999885
9.568382372092815 -1.5342391182161523 -7.333079930659273
11.8466383617009 1.0374240528719272 -6.8902501887899055
10.898622911631712 2.4813999094100323 -5.882182516376412
10.620256879968586 2.2897386461906124 -7.8534202779356965
-12.005001316406206 -4.745233277178639 0.19372435370486074
-10.302149299241366 -5.124470866707391 -0.7842704613765152
-11.62684335584406 -8.112366858285156 -1.9321655784995935
-10.113070318960292 -6.80803765726065 -1.8472154274787422
-11.14078452643399 -7.0379142062215845 -3.54749783931347
-14.060429731353603 -5.204986375100509 -3.206840469964595
-12.546656694469837 -3.9006571740760005 -3.121890318943744
-12.357577714188762 -5.58422396462926 -4.184835285045971
-14.546488560763672 -6.279439027164081 -1.5915082091507187
-13.518774353289974 -6.049562478203146 0.10877420268400972
-13.3296953730089 -7.733129268756406 -0.9541707634182176
1.168469016031716 -12.548691369417387 0.18433561069771653
1.5001628948585903 -10.839269861706114 -0.7994617666737138
0.06842915230375324 -12.089498908869626 -1.421607907109014
4.506403044781424 -12.098131404527987 -1.9732538168240292
3.1691299092334435 -10.613989879261414 -1.8782564804345867
3.4063631810534605 -11.638938943980225 -3.57919733463076
1.6429355596717492 -14.598589498855006 -3.2175460976946297
0.30566242412376954 -13.114447973588435 -3.122548761305187
1.974629438498623 -12.889167991143735 -4.20134347506606
2.7429754233997117 -15.057781959402769 -1.611602579887899
2.5057421515796956 -14.03283289468396 0.08933827430827379
4.174709165954549 -13.80755291223926 -0.9894564394525992
8.897664728016753 3.4137380299934073 5.523544161217439
7.30968738718335 3.330999176428954 9.193895949140568
7.309687387183351 6.733602409837113 7.090971500664033
9.025658343631143 6.006742777776555 7.817000943530114
9.819647014047845 4.346810587854702 7.033287273806816
9.025658343631143 4.305441161072475 8.86846316776838
-11.262381550256855 3.3288588401989143 -5.673520390424507
-9.679735818443671 2.9857097623819424 -9.331044306678079
-9.593049079080078 6.507627056594749 -7.436688484256312
-11.32720918709223 5.7815406635531446 -8.11895475897544
-12.16187542268062 4.192156555355228 -7.237370712059537
-11.370552556774026 4.020582016446742 -9.066132670186324
-4.564429712302897 -12.408014085875609 0.46935064563268714
-7.858288849378416 -11.270616861711533 -1.49452805214067
-7.771602110014823 -11.151302800906885 2.5027522187576334
-7.81494547969662 -12.912261448013288 1.55557430754675
-6.211359280840657 -13.54061709049765 0.5388735209842767
-7.858288849378416 -12.971918478415612 -0.44306582790240207
1.8035874097960596 5.885028336240886 -11.023763296672875
5.039655387295847 3.533887327070994 -11.023763296672875
5.126342126659442 7.055804621283801 -9.129407474251108
5.082998756977645 6.996147590881476 -11.128047609700259
3.4216213985459545 6.41075944836002 -12.075225520911143
5.0396553872958485 5.235188943775073 -12.075225520911143
0.732295296335338 -4.143536086766146 -12.620780600349567
0.7322952963353362 -4.217276231679189 -10.622140464900415
-0.2677047036646625 -5.593658152150363 -11.673602689138683
-3.26770470366466 -4.143536086766146 -12.62078060034957
-3.2677047036646627 -4.21727623167919 -10.62214046490042
-2.267704703664662 -5.593658152150363 -11.673602689138685
-2.2677047036646596 -2.6934140213819298 -13.567958511560455
-1.2677047036646607 -1.317032100910756 -12.516496287322187
-0.26770470366466004 -2.6934140213819298 -13.567958511560454
1.1488029773855553 -8.862050027215478 9.855636544628075
1.1105911496713807 -7.0940284185207005 8.921484818509091
0.18564055852285222 -7.315651465268392 10.680845392434817
-2.8474397272236978 -8.856878553769787 10.02889214113137
-2.8856515549378727 -7.088856945075011 9.094740415012387
-1.8124807937817746 -7.3130657285455465 10.767473190686465
-1.8842773083609943 -10.403277115716874 9.203683293324628
-0.9593267172124657 -10.181654068969182 7.444322719398903
0.11384404394363257 -10.405862852439718 9.11705549507298
-8.783310069317602 9.551239412213654 2.9353944508921828
-7.0900134932679855 8.487626591882977 2.9737933306527324
-7.014964084416516 10.48527906378996 2.9125382270697324
-7.543484796427069 11.405192792189515 -0.38510101779588624
-5.850188220377452 10.341579971858838 -0.34670213803533656
-6.395051447971249 11.41225575377789 1.252290492725698
-9.311830781328155 10.471153140613211 -0.3622447939734359
-9.386880190179625 8.473500668706226 -0.3009896903904361
-9.931743417773422 9.54417645062528 1.2980029403705984
-1.8473583003021337 -2.262337121284748 9.812244654345037
-4.105164238893362 0.49366800095776275 12.51534437685533
-4.121344301120684 0.2503161528501485 10.530270553641461
-5.143376066607537 -1.0090481332404022 11.700506711540996
-2.8532100035616645 -3.278349559267684 12.967554635458441
-2.8693900657889864 -3.521701407375299 10.982480812244571
-4.517398948941688 -2.895056913353126 11.92661184084255
-1.814998175847489 -1.7756334250695196 13.782392300772775
-0.7929664103606364 -0.5162691389789689 12.612156142873241
-2.4409752935133375 0.11037535504320406 13.55628717147122
-4.377049720800811 10.599071011959712 -6.4985425919828925
-4.34318006892544 9.001284784914525 -5.296073457515588
-5.340212139663512 10.645589782727452 -4.74635705418822
-2.9916026864027896 12.87417477384882 -3.514511863669968
-2.957733034527419 11.276388546803634 -2.312042729202664
-4.647488622464502 11.783141663672007 -3.254341690031758
-2.0284402675400877 12.827656003081078 -5.266697401464642
-1.031408196802015 11.18335100526815 -5.81641380479201
-2.7211637847390984 11.690104122136525 -6.7587127656211035
11.43289830155092 -5.415558343477889 -3.700066303395645
9.902847000649894 -4.133634250743392 -3.5751117633504137
11.774773837391477 -3.4451272457162068 -3.722922527218095
13.168523881107808 -3.650237548265134 -0.5582123383652493
11.638472580206784 -2.368313455530636 -0.4332577983200181
12.642586627169923 -2.5624668481098283 -2.1519955447028973
12.82664834526725 -5.620668646026816 -0.5353561145427992
10.954721508525667 -6.3091756510540025 -0.38754535067511764
11.958835555488806 -6.503329043633194 -2.1062830970579967
0.7596928437078042 8.618905127753811 3.88402704584211
0.15076305200249052 9.711760460196654 2.323619492949288
2.6411529627332295 10.715587904549327 5.899970783649758
2.4848425613684 9.054266969753467 4.797437423594756
3.6010624873236816 10.582484144195966 4.15044024845458
1.423293379322601 12.901298569435015 2.7791556778641135
1.2669829779577721 11.239977634639155 1.6766223178091115
2.992132695618368 11.675339476638811 2.590032695561758
0.4633838547321488 13.034402329788374 4.528686213059293
-0.6528360712231334 11.506185155345875 5.175683388199468
1.0723136464374623 11.941546997345531 6.089093765952114
7.78221882284886 3.138027656356581 -4.420201073715188
9.103083070419412 5.44896624122808 -6.637154049409982
7.621425254246246 4.8558173350982425 -5.431805763257826
8.754914924482605 6.424059775164427 -4.926022393975353
11.69164954809736 5.149871763877127 -3.6023779317597615
10.209991731924193 4.55672285774729 -2.3970296456076055
10.049198163321577 6.274512536488952 -3.4086343351502433
12.03981769403417 4.174778229940778 -5.313509587194389
10.90632802379781 2.6065357898745933 -5.819292956476861
10.745534455195195 4.324325468616255 -6.8308976460194994
-10.326778746148984 -5.118599038540687 1.2155692601959438
-11.679556827374455 -8.099799607057069 2.3480155649863845
-10.164056501633105 -6.795882203479901 2.2927148658367047
-11.233349280185017 -7.015846137443672 3.9684919457288714
-14.143586873510033 -5.185161145106177 3.545278513489194
-12.628086547768683 -3.881243741529012 3.4899778143395137
-12.465364303252807 -5.558526906468227 4.567123419980275
-14.58979442069947 -6.269114614719575 1.9248021327467082
-13.520501642147558 -6.049150680755804 0.24902505285454235
-13.357779397631681 -7.72643384569502 1.3261706584953044
-12.295591481215533 1.4020817217870036 -2.3919764873799805
-10.796963509606908 1.930917584930668 -1.177708464015572
-11.55879376921677 3.2600445736943704 -2.4634129803344282
-12.951275303142246 1.8129912266877355 1.5324638681924956
-11.124805420570265 2.136372337381034 0.7845117137706661
-12.214477591143481 3.6709540785951016 1.4610273752380478
-14.47493582236197 4.4712452042151405 -1.038945164445217
-12.648465939789988 4.794626314908438 -1.7868973188670463
-12.976307850753344 5.0000810673588045 0.17532285891919153
-15.211733534360736 2.6132823523077735 -0.9675086714907691
-14.122061363787516 1.0787006110937054 -1.644024332958151
-14.449903274750874 1.2841553635440708 0.31819584482808705
1.5133582529556078 -10.860879362988792 1.2003779548987445
0.08977969019845178 -12.124463816424928 1.814200734447349
4.534644569489208 -12.144381400921455 2.3069273266619463
3.1964460296843535 -10.658724378740825 2.2616738128808596
3.4559552436559438 -11.72015384792899 3.9367924504115788
1.6874874439748955 -14.671550307793726 3.5345728857591547
0.349288904170042 -13.185893285613094 3.489319371978069
2.0323766808987878 -12.983738301365127 4.550615229960183
2.7661767698081596 -15.09577786078619 1.904707762009522
2.5066675558365703 -14.034348391598023 0.2295891244788033
4.189755332565316 -13.832193407350054 1.290884982460918
9.613062279963323 2.2726863260718035 4.073150028144468
7.893692078512987 1.6583618039933556 4.88946583219197
9.078822016707125 0.349269331957197 3.9504536228708043
9.228112741021969 2.1258021604492323 8.051873302557782
7.70121730904231 1.5849197211820698 6.878827469398625
8.693872477765769 0.20238516633462544 7.929176897284117
11.598372617410243 -0.49238278362308496 6.173848883915451
10.071477185430586 -1.0332652228902475 5.000803050756294
9.879002415959908 -1.1067073057015333 6.9901646879629515
12.132612880666441 1.4310342104915221 6.2965452891891145
11.13995771194298 2.8135687653389665 5.246195861303624
10.947482942472304 2.740126682527681 7.23555749851028
-12.005001316406203 2.2954051648856195 -4.157629505989957
-10.302149299241362 1.5902602155817918 -4.934202495546596
-11.518942486996135 0.37009823459050406 -3.9190083868279744
-11.626843355844056 1.899779319784285 -8.120012216878864
-10.11307031896029 1.392447293031125 -6.915393850991048
-11.140784526433988 -0.025527610510829857 -7.881391097716882
-14.0604297313536 -0.5405446421982905 -6.089623999441622
-12.546656694469835 -1.0478766689514507 -4.885005633553807
-12.35757771418876 -1.2456895915021176 -6.866196988998261
-14.546488560763668 1.3847622880968247 -6.328245118603603
-13.518774353289968 2.802737191638779 -5.36224787187777
-13.329695373008896 2.6049242690881123 -7.343439227322224
-0.8032356053382108 -12.883792455021748 0.1937243537048634
-1.6901221982931942 -11.381474807880956 -0.7842704613765119
-4.122427175257677 -13.564644361332725 -1.9321655784995908
-3.3497179832529276 -11.721900761036444 -1.8472154274787393
-3.2507624176157126 -12.770350815180606 -3.547497839313467
-0.6053244740637811 -14.980692563310074 -3.206840469964593
0.16738471794096865 -13.137948963013793 -3.1218903189437412
-1.492211067018764 -13.478374916169281 -4.184835285045969
-1.476989231705745 -15.774986109462192 -1.5915082091507162
-1.5759447973429603 -14.726536055318029 0.1087742026840115
-3.2355405823026935 -15.066962008473517 -0.9541707634182157
1.1684690160317148 5.77682016861405 -11.141453381034086
1.5001628948585897 4.132408505170121 -10.052467866034757
0.06842915230375057 4.135063507769615 -11.448938933186207
4.506403044781418 3.645516975738133 -11.703363622755736
3.1691299092334417 3.066756908732163 -10.333422986895581
3.406363181053455 2.0037603148936984 -12.010849174907857
1.642935559671741 3.6508269809371203 -14.496305757058636
0.305662424123764 3.0720669139311503 -13.126365121198482
1.974629438498616 2.0064153174931922 -13.407320242059308
2.742975423399706 5.2925836417815555 -14.188820204906516
2.5057421515796925 6.355580235620019 -12.51139401689424
4.174709165954544 5.289928639182062 -12.792349137755066
-11.010364013079936 3.6757312220108975 5.947458050722814
-9.270339629600228 3.5491952750158653 9.54694465286681
-9.270339629600224 6.951798508424025 7.444020204390271
-10.972380452941854 6.2699205181013955 8.242831472458091
-11.842392644681711 4.631886874894833 7.494550395624364
-10.972380452941856 4.568618901397317 9.29429369669636
6.646200187962134 -9.68248740887736 -5.673520390424502
5.830781594238383 -8.283340769299258 -9.331044306678077
9.153536311101767 -7.112564484256343 -7.436688484256311
8.998872059949154 -8.986221790114671 -8.118954758975436
7.7452039983793375 -10.27118325242518 -7.2373707120595325
7.337494701517462 -9.571609932636129 -9.06613267018632
-4.564429712302896 5.96883257192579 -10.888165194933494
-7.858288849378415 3.7036265626817055 -10.749119444230315
-7.77160211001482 7.225543856894513 -8.854763621808548
-7.814945479696617 7.165886826492189 -10.8534037572577
-6.2113592808406555 6.537531184007828 -11.870104543820172
-7.858288849378415 5.404928179385785 -11.800581668468583
2.271766861607696 6.529422069250532 10.564826834941034
5.507834839107485 4.178281060080639 10.564826834941034
5.5078348391074865 7.5808842934888 8.4619023864645
5.551178208789282 7.640541323891122 10.460542521913652
3.9331442200393867 7.114810211771989 11.512004746151918
5.551178208789281 5.939239707187042 11.51200474615192
1.2836196984236354 -3.3847031474172358 12.801771585964609
1.1971461375082895 -3.5774639381729205 10.812961489246005
0.24540787070946068 -4.887419281615401 11.986933920650275
-2.7126230061856176 -3.3795316739715444 12.97502718246791
-2.799096567100963 -3.572292464727229 10.986217085749306
-1.7527134815951655 -4.884833544892556 12.073561718901924
-1.6744111784714422 -1.8768155397733786 13.789864847782244
-0.7226729116726134 -0.5668601963308983 12.615892416377974
0.3237101738331838 -1.8794012764962242 13.703237049530593
1.1488029773855484 12.778378566299343 -3.518883857279171
1.110591149671377 11.152164561393008 -2.355282608367311
0.18564055852284655 12.824897337067084 -1.7666983194844983
-2.8474397272237058 12.931030329571115 -3.4367760925590782
-2.8856515549378763 11.30481632466478 -2.273174843647219
-1.8124807937817802 12.901223218702969 -1.7256444371244521
-1.8842773083610038 12.884511558803375 -5.188961630353751
-0.9593267172124733 11.211778783129299 -5.777545919236565
0.11384404394362291 12.808185677167488 -5.2300155127137975
11.797960559964626 -5.401928980347536 2.935394450892183
10.263147237857824 -4.120182674592526 2.9737933306527324
12.139836095805185 -3.4314978825858535 2.9125382270697315
13.178047923519358 -3.649881974306161 -0.3851010177958871
11.643234601412557 -2.3681356685511497 -0.34670213803533767
12.82987977758255 -2.5554743795651653 1.2522904927256968
12.8361723876788 -5.620313072067844 -0.3622447939734359
10.959483529731441 -6.308997864074517 -0.30098969039043544
12.146128705901434 -6.496336575088532 1.298002940370599
-1.8473583003021363 9.788086341832543 2.3646733753093327
-4.1051642388933685 10.973289273695702 6.038582241076847
-4.121344301120688 9.306615525034822 4.933169729336993
-5.1433760666075425 10.916511394978228 4.330105588241714
-2.85321000356167 13.064655960436829 2.867021745953906
-2.86939006578899 11.397982211775949 1.761609234214053
-4.517398948941693 11.962194738348792 2.744325340680244
-1.8149981758474962 13.121433839154301 4.57549839878904
-0.7929664103606417 11.511537969210895 5.178562539884319
-2.440975293513345 12.075750495783739 6.1612786463505085
11.432898301550917 -0.8875285918330604 -6.498542591982895
9.902847000649894 -1.3490597362475352 -5.29607345751559
11.774773837391477 -1.789175395818371 -4.746357054188223
13.168523881107808 1.133155564603083 -3.5145118636699717
11.638472580206784 0.6716244201886085 -2.312042729202666
12.642586627169923 -0.7788333176002995 -3.2543416900317608
12.826648345267248 2.0348023685883936 -5.2666974014646435
10.954721508525665 2.47491802815923 -5.8164138047920115
11.958835555488804 1.0244602903703222 -6.758712765621105
-14.167229096550315 -5.078656122755389 -3.15494705938132
-12.600056377068194 -3.837492047903441 -3.095943613652106
-14.457819261359644 -3.099901664107011 -3.1643358023884662
-15.72052708498911 -3.2700525095857804 0.056939976232140754
-14.153354365506988 -2.0288884347338314 0.11594342196135465
-15.234468255579042 -2.195599857522207 -1.558392284581736
-15.429936920179781 -5.248806968234157 0.06632871923928696
-13.572174035888331 -5.986397352030586 0.1347209079756475
-14.653287925960385 -6.1531087748189615 -1.5396147985674435
7.962307885869231 3.385898986772407 3.8840270458421124
9.189844725175044 3.1444832105229406 2.32361949294929
9.374968552326855 5.823184502964061 5.899970783649763
7.8432610220509975 5.161148075218534 4.79743742359476
8.951750997538577 6.694981387415197 4.1504402484545855
11.83004223093848 5.340352950465129 2.77915567786412
10.298334700662624 4.678316522719603 1.6766223178091169
10.17928783684439 6.453565611165731 2.5900326955617636
12.253259785726758 4.468556066013994 4.528686213059298
11.14476981023918 2.9347227538173324 5.175683388199472
11.025722946420945 4.709971842263459 6.08909376595212
-10.326778746148982 3.3763452788113106 -4.034595060465364
-11.679556827374453 5.722469471315989 -6.194616527094852
-10.164056501633105 5.089877432026496 -5.053088571017812
-11.233349280185017 6.68710888012474 -4.500400001439323
-14.143586873510031 5.489868061082108 -3.0522523668329784
-12.628086547768682 4.8572760217926145 -1.9107244107559396
-12.465364303252807 6.5708081750078 -2.9292179213083864
-14.589794420699468 4.5252286522733565 -4.746468892488506
-13.520501642147554 2.927997204175112 -5.299157462066995
-13.357779397631678 4.641529357390297 -6.317650972619443
-1.6769268401961774 -11.403084309163628 1.2155692601959465
-4.094185650549894 -13.610894357726186 2.348015564986387
-3.3224018628020184 -11.766635260515848 2.292714865836708
-3.201170355013229 -12.851565719129368 3.968491945728873
-0.560772589760633 -15.05365337224879 3.5452785134891935
0.211011197987242 -13.20939427503845 3.489977814339515
-1.4344638246185992 -13.57294522639067 4.567123419980275
-1.4537878852972976 -15.812982010845609 1.924802132746708
-1.5750193930860867 -14.728051552232088 0.24902505285454302
-3.2204944156919284 -15.091602503584307 1.326170658495305
5.1330056814712925 -11.260535320378544 -2.391976487379977
5.172856963691924 -9.671836153531634 -1.1777084640155695
6.672350344387924 -9.985656959034038 -2.4634129803344265
5.726421287626822 -11.757149671686731 1.5324638681924982
5.46956476676969 -9.920143329185729 0.7845117137706683
7.265765950543454 -10.482271310342224 1.4610273752380487
8.72540804901882 -12.384791282691538 -1.0389451644452152
8.468551528161688 -10.547784940190533 -1.7868973188670454
8.765259331239454 -10.796092115844628 0.17532285891919241
7.186063386102191 -13.659669644036043 -0.9675086714907662
5.389862202328426 -13.097541662879546 -1.6440243329581472
5.686570005406191 -13.345848838533641 0.3181958448280904
1.5133582529556069 5.930783592551814 -9.177440479257875
0.08977969019845089 7.0448955236742545 -10.033114880294212
4.534644569489205 7.494511000056087 -9.830575678544216
3.1964460296843518 6.789629008272834 -8.522001628012939
3.455955243655941 8.762586355116293 -8.722237177804342
1.6874874439748928 9.722734862300968 -11.54192448061689
0.3492889041700402 9.017852870517714 -10.233350430085613
2.032376680898785 9.876698286238733 -9.577911578840679
2.7661767698081565 8.454659507240763 -12.650262981356764
2.5066675558365676 6.481702160397304 -12.450027431565362
4.189755332565313 7.340547576118322 -11.794588580320427
-11.816609244067525 2.5547046072126744 4.529465192479217
-10.08080869268282 1.894909424715094 5.27220792247766
-11.338853423975769 0.6179695650063343 4.385219732729324
-11.266668759120481 2.395517122927611 8.488281279122193
-9.8058384502093 1.8153156825725623 7.251615965799147
-10.788912939028725 0.4587820807212706 8.3440358193723
-13.782758221706375 -0.1583625964899087 6.71430489962552
-12.321927912795193 -0.7385640368449571 5.477639586302475
-12.046957670321671 -0.8181577789874894 7.457047629623965
-14.260514041798134 1.7783724457164316 6.858550359375414
-13.277439552978707 3.1349060475677235 5.766130505802261
-13.002469310505186 3.0553123054251907 7.745538549123749
5.892809463865153 -10.708115525174335 -4.157629505989954
4.695966552687538 -9.306508790795911 -4.934202495546594
3.9115333233860623 -10.84079866901015 -3.9190083868279726
5.399689689494878 -10.470721042143085 -8.120012216878862
4.4494066655024005 -9.187811549280285 -6.915393850991049
3.4184135490157854 -10.603404185978897 -7.8813910977168815
3.830823230891925 -13.539300798571562 -6.089623999441618
2.880540206899447 -12.256391305708762 -4.885005633553805
2.633980319714309 -12.137694064193136 -6.866196988998259
5.812099371371017 -13.406617654735747 -6.328245118603601
6.84309248785763 -11.991025018037135 -5.362247871877769
6.596532600672494 -11.872327776521509 -7.343439227322222
-0.803235605338213 5.935079476998013 -11.43697813021476
-1.690122198293195 4.388477445171427 -10.530636954725871
-4.12242717525768 4.3381119455857124 -12.996677468481733
-3.349717983252929 3.589993679465276 -11.31048662385936
-3.250762417615716 2.5380959763573125 -13.008638271453181
-0.6053244740637871 3.831284070782088 -14.833281425402403
0.16738471794096443 3.0831658046616517 -13.147090580780029
-1.4922110670187698 2.2846820389555007 -13.926940249913516
-1.476989231705752 5.631300040010487 -14.821320622430955
-1.5759447973429648 6.68319774311845 -13.123168974837133
-3.235540582302699 5.884713977412299 -13.90301864397062
1.6424825650552224 6.429243847548392 10.716157385739477
1.9288226749782411 4.722408076559967 9.713799668991799
0.55891696843719 4.810162070107082 11.168329693364893
5.004375210764085 4.330916861894558 11.25902173344113
3.6097689978326732 3.67324458373305 9.985231842842625
3.920809614146055 2.7118350844532473 11.711194041066546
2.264563797681984 4.506424848988787 14.16808178218732
0.8699575847505705 3.848752570827278 12.894291891588814
2.550903907605002 2.799589078000362 13.165724065439642
3.3481293943000163 6.125506626430099 13.715909474561904
3.037088777986636 7.086916125709902 11.989947276337983
4.718035100841068 6.037752632882984 12.26137945018881
6.898217725139056 -9.335615027065376 5.94745805072281
6.240177783081833 -7.719855256665338 9.546944652866806
9.476245760581621 -6.668393032427067 7.444020204390272
9.353700794099533 -8.497841935566422 8.242831472458091
8.064686776378249 -9.831452932885577 7.49455039562436
7.735666805349638 -9.023573047685558 9.294293696696357
-8.701092273843695 -9.6190994280132 -6.509707813640812
-7.707889285058442 -7.996709429667855 -10.028428961492267
-11.17090609258602 -7.01898735034263 -8.281553428896583
-10.921551393320925 -8.846883136077775 -9.053964738009872
-9.686644483949765 -10.14693917491306 -8.168041930381987
-9.190042989557137 -9.335744175740388 -9.927402504307715
7.087183462936325 -2.4965599197530866 -10.888165194933496
5.9507029775273335 -6.329193268443767 -10.749119444230315
9.273457694390716 -5.158416983400853 -8.85476362180855
9.23011432470892 -5.218074013803177 -10.8534037572577
8.136977208981724 -3.8871454819792937 -11.870104543820174
7.5687369662772275 -5.803462156324634 -11.800581668468585
-4.0962502604912485 6.613226304935438 10.700424936680411
-7.390109397566768 4.348020295691354 10.83947068738359
-7.390109397566767 7.750623529099514 8.736546238907057
-7.346766027884969 7.810280559501837 10.735186374356207
-5.69983645934721 7.2415819474197995 11.717125723242884
-7.34676602788497 6.108978942797758 11.786648598594475
1.2836196984236274 12.96393786371335 2.69775577121546
1.1971461375082852 11.271297281778322 1.6359223644847845
0.24540787070945336 12.907159984995877 0.9892791183803273
-2.712623006185627 13.116589626985123 2.7798635359355512
-2.7990965671009693 11.423949045050096 1.7180301292048759
-1.752713481595174 12.983485866631764 1.0303330007403733
-1.6744111784714524 13.173367505702595 4.488340188770684
-0.7226729116726202 11.537504802485042 5.13498343487514
0.3237101738331747 13.097041624066708 4.447286306410638
11.797960559964626 5.041312695124885 -3.518883857279173
10.263147237857826 4.5024433233711685 -2.355282608367312
12.139836095805185 4.1396658911395745 -1.766698319484501
13.178047923519362 1.2878320192815673 -3.436776092559083
11.643234601412562 0.7489626475278508 -2.273174843647222
12.829879777582553 2.2629255532179156 -1.7256444371244555
12.836172387678802 2.1894788232668776 -5.188961630353755
10.959483529731443 2.552256255498472 -5.777545919236567
12.146128705901434 4.0662191611885365 -5.2300155127138
-14.249066707436329 -5.059145478017868 3.490029808444321
-12.680826464731833 -3.8182359079848576 3.462353461817078
-14.539656872245658 -3.0803910193694906 3.480641065437176
-15.72266213143386 -3.2695434999479045 0.23029956094505755
-14.154421888729363 -2.0286339299148937 0.20262321431781394
-15.276454584244423 -2.1855900303345086 1.8507759416875436
-15.43207196662453 -5.248297958596282 0.2396883039522033
-13.573241559110706 -5.986142847211648 0.22140070033210502
-14.695274254625765 -6.143098947631264 1.869553427701835
9.879888406952412 1.26774287260128 2.364673375309335
11.704783783458359 -0.5133103300970816 6.038582241076848
10.124682768454644 -1.0437289961272458 4.933169729336994
11.971609910447444 -1.518253783567606 4.330105588241715
13.306916563948926 1.3236367511910843 2.8670217459539113
11.726815548945211 0.7932180851609201 1.7616092342140566
12.772676300692728 -0.599780242923523 2.7443253406802466
13.04009043695984 2.3285802046616086 4.575498398789044
11.19316329496704 2.803104992101969 5.1785625398843225
12.239024046714555 1.4101066640175257 6.161278646350513
-14.16722909655031 -0.5506263711105646 -5.953423347968565
-12.60005637706819 -1.0529175334075878 -4.8169053078172785
-14.457819261359639 -1.44394981420918 -4.187770329358587
-15.720527084989103 1.5133406032824346 -2.8993595490725736
-14.153354365506981 1.0110494409854112 -1.762841508921288
-15.234468255579035 -0.41196632701268054 -2.6607384299105927
-15.429936920179774 2.4066640463810502 -4.665012567682551
-13.572174035888324 2.7976963271826425 -5.294147546141242
-14.653287925960377 1.3746805591845508 -6.192044467130545
-0.45217444553150843 -15.04322660063827 -3.1549470593813185
0.24395973220710396 -13.169215981677892 -3.0959436136521044
1.5195301758384185 -14.708125515033917 -3.1643358023884662
1.7479052819244187 -15.961611521733797 0.05693997623214053
2.4440394596630313 -14.087600902773419 0.11594342196135465
2.6195700395663826 -15.16731797558168 -1.558392284581736
-0.22379933944550834 -16.29671260733815 0.06632871923928807
-1.4993697830768231 -14.757803073982126 0.13472090797564928
-1.323839203173472 -15.83752014679039 -1.5396147985674413
-10.146689683128608 3.62421660922714 4.269633059091936
-11.44545110572956 3.4160473665362105 2.76301952750494
-11.407671345467012 6.0966877330519775 6.342508305964891
-9.942220733828352 5.395208172146792 5.176154615834773
-11.036513207129046 6.958030492375514 4.5760626409906155
-14.005194190668915 5.68034924767012 3.329281242790902
-12.539743579030254 4.978869686764933 2.1629275526607827
-12.335274629729998 6.749861249684585 3.069449109403621
-14.37635232900688 4.819006488346583 5.095726907765179
-13.282059855706185 3.2561841681178603 5.695818882609336
-13.077590906405927 5.027175731037512 6.602340439352173
6.402245308385919 -8.77800214883297 -4.034595060465363
9.051573426421802 -9.339578311685564 -6.194616527094851
7.981627289664245 -8.093733542088584 -5.053088571017811
9.831114306944572 -8.617119745545267 -4.500400001439322
9.591783498425807 -11.754887932087701 -3.0522523668329766
8.521837361668249 -10.509043162490723 -1.9107244107559374
10.101219342946575 -9.824774555746336 -2.9292179213083855
8.812242617903037 -12.477346498227998 -4.7464688924885055
6.9627556006227085 -11.953960294771317 -5.299157462066995
8.542137581901034 -11.26969168802693 -6.317650972619442
-1.676926840196178 6.186852532553117 -9.655609567948991
-4.0941856505498935 8.187105969903662 -11.123889524270217
-3.3224018628020184 7.312865779005945 -9.499065264976721
-3.201170355013229 9.296922016579906 -9.72002627434967
-0.5607725897606339 9.903191952145933 -11.878900148960657
0.21101119798724155 9.028951761248216 -10.254075889667162
-1.4344638246185992 10.15496500770104 -10.09753158669489
-1.4537878852972987 8.793375905469693 -13.282763398881205
-1.5750193930860883 6.80931966789573 -13.061802389508255
-3.2204944156919284 7.935332914348557 -12.905258086535984
-6.911618866242884 -11.214328865388259 -4.332119044580946
-7.196319521659445 -9.904884083545827 -2.8474305586988042
-8.52965285499278 -10.038758360803312 -4.332119044580946
-7.858067824806738 -12.51700410060432 -0.6705249108205997
-7.6695440009413725 -10.556221701153857 -1.0166334918186306
-9.476101813556632 -11.341433596019375 -0.6705249108205997
-10.524734491473405 -12.784752655119291 -3.639901882584883
-10.33621066760804 -10.82397025566883 -3.986010463582914
-10.809435146889966 -11.475307873276861 -2.1552133967027407
-8.90670050272351 -13.960323159704236 -3.6399018825848835
-7.1001426901082505 -13.175111264838721 -3.9860104635829154
-7.573367169390177 -13.826448882446751 -2.155213396702742
5.133005681471291 2.8964156773356335 -11.141453381034083
5.172856963691923 3.2720021480210892 -9.177440479257871
6.6723503443879215 2.2623779998055302 -10.033114880294207
5.726421287626825 6.628634530442447 -9.830575678544214
5.46956476676969 5.138111574574497 -8.522001628012937
7.2657659505434555 5.994596852912344 -8.722237177804338
8.72540804901882 4.609386234011328 -11.541924480616885
8.468551528161687 3.118863278143378 -10.233350430085606
8.765259331239452 4.984972704696785 -9.577911578840673
7.186063386102191 5.243423911541432 -12.65026298135676
5.389862202328426 4.386938633203584 -12.45002743156536
5.6865700054061925 6.25304805975699 -11.794588580320426
1.901779728145085 6.465399888525361 8.73336699794897
0.5151605613051875 7.630382063979854 9.581956307936753
4.946496216837234 8.061376161382194 9.160638855159524
3.5537865540360913 7.281466045442262 7.9556077326589945
3.8191742130872 9.262514377813655 8.026437777356804
2.173257883157439 10.39134051229118 10.857817475135093
0.7805482203562961 9.611430396351247 9.652786352634562
2.432555046247302 10.42749655326815 8.875027087344588
3.3005798869074745 9.190202295859718 11.992018552937813
3.0351922278563657 7.209153963488324 11.921188508240004
4.6871990537473724 8.025220120405224 11.14342924295003
6.081201536203833 -10.44881608284728 4.529465192479215
4.917307159246083 -9.001859581662607 5.272207922477658
4.091622386406432 -10.592927338594318 4.385219732729324
5.759864286218459 -9.974983238999755 8.488281279122189
4.756638534253396 -8.764943159738847 7.251615965799146
3.770285136421057 -10.119094494746795 8.344035819372298
4.1084947405391565 -13.157118752863177 6.71430489962552
3.1052689885740934 -11.947078673602267 5.477639586302476
2.9446003635814058 -11.710162251678504 7.457047629623964
6.0980738903365586 -13.013007497116137 6.858550359375411
7.0844272881688966 -11.658856162108188 5.766130505802259
6.923758663176209 -11.421939740184428 7.745538549123746
-6.459521809660678 -11.247695699762879 -6.509707813640814
-5.22345383216089 -9.801757444282183 -10.028428961492267
-3.2234538321608897 -12.793149406833823 -8.281553428896583
-5.038940869992918 -13.120849856967443 -9.053964738009876
-6.656974858742812 -12.34812300343197 -8.16804193038199
-6.038940869992917 -11.625153875691623 -9.927402504307716
5.892809463865152 1.0701179647811645 -11.436978130214753
4.695966552687537 -0.2512876200327163 -10.530636954725866
3.9115333233860614 1.342884887923524 -11.448938933186202
5.399689689494877 -2.580110913294096 -12.996677468481725
4.4494066655024 -2.076402059070347 -11.310486623859353
3.418413549015784 -2.307343990151737 -13.008638271453176
3.830823230891924 0.6082341026183845 -14.833281425402397
2.880540206899447 1.1119429568421337 -13.147090580780025
2.633980319714308 -0.7131714821954968 -13.926940249913512
5.8120993713710165 0.33546717947602456 -14.821320622430946
6.84309248785763 0.5664091105574149 -13.123168974837125
6.596532600672492 -1.2587053284802154 -13.90301864397061
-0.314774266420773 6.607388832733131 11.086846015041852
-1.2380854030628439 5.01065271751422 10.313586470446152
-3.56122671194368 5.1105381170511555 12.881277527783615
-2.861311625824298 4.262227359673233 11.210802226817034
-2.687535477085715 3.3133113544251063 12.962761206106652
0.03277803105639254 4.709556822236878 14.59076397362109
0.7326931171757751 3.861246064858954 12.92028867265451
-0.8905331055856786 3.112820707017967 13.81750442902539
-0.8409132038015725 6.506783584862927 14.509280295298051
-1.0146893525401555 7.455699590111054 12.757321316008431
-2.6379155753016095 6.707274232270066 13.654537072379314
-8.398522073475466 -9.202647274553026 7.442344153855672
-7.2559400277919766 -7.374654642995919 10.811757931926667
-10.79263199759415 -6.4983377250132275 9.161340236313183
-10.507692148988673 -8.277254754559003 10.029823675803376
-9.31063718692933 -9.629409529328903 9.17032563457462
-8.739346164087586 -8.71541321355035 10.855032523610118
6.898217725139051 9.494582160355195 -5.6902438259657675
6.240177783081823 11.991471114567887 -2.6353250078974435
9.476245760581612 9.640330105398 -2.6353250078974453
9.353700794099524 11.172963045791386 -3.914394592091763
8.064686776378242 11.100089073269983 -5.441854001125924
7.735666805349626 12.34853355037633 -3.9143945920917624
-9.034670941613152 -2.165561696829243 -11.342723551994839
-7.798602964113364 -5.969787762009857 -11.342723551994835
-11.261619771640943 -4.992065682684633 -9.595848019399156
-11.096472962886274 -4.938406231750232 -11.588295558202516
-9.98299854787238 -3.5251542388225374 -12.461733324500358
-9.364964559122486 -5.427267271412845 -12.461733324500356
7.555362914747971 -1.8521661867434354 10.700424936680413
6.418882429338981 -5.6847995354341165 10.839470687383592
9.65495040683877 -4.633337311195847 8.736546238907057
9.698293776520568 -4.573680280793523 10.735186374356207
8.64850003047517 -3.1830947185673173 11.717125723242885
8.080259787770673 -5.099411392912658 11.786648598594475
11.932777281002705 5.2268719925388885 2.6977557712154643
10.349702225694736 4.621576043756483 1.6359223644847884
12.199603407991793 4.221928539068365 0.9892791183803311
13.312864644557438 1.47339131669557 2.779863535935554
11.729789589249467 0.8680953679131633 1.7180301292048779
12.88964708976916 2.3451882011467053 1.030333000740376
13.046038517568352 2.478334770166094 4.488340188770687
11.196137335271294 2.8779822748542117 5.134983434875144
12.355994835790984 4.355075108087753 4.447286306410643
-14.249066707436324 5.384096197454552 -2.9642484997270326
-12.68082646473183 4.8043900899788365 -1.8667224772029665
-14.539656872245653 4.490772754355936 -1.1985954811170554
-15.722662131433855 1.6681704936398187 -2.8213755138181353
-14.15442188872936 1.0884643861641032 -1.7238494912940694
-15.27645458424442 2.632809902448569 -1.1271589881626072
-15.432071966624527 2.5614939367384344 -4.587028532428112
-13.573241559110702 2.875111272361334 -5.255155528514022
-14.695274254625762 4.4194567886458005 -4.6584650253825615
-0.40832950717394007 -15.115029672954336 3.49002980844432
0.28723273928058857 -13.240082425391222 3.462353461817078
1.5633751141959866 -14.77992858734998 3.4806410654371733
1.749049144492586 -15.963484778939263 0.2302995609450551
2.444611390947115 -14.088537531376149 0.20262321431781172
2.64206444002925 -15.204156140342445 1.8507759416875402
-0.22265547687734094 -16.298585864543618 0.23968830395220198
-1.4987978517927396 -14.75873970258486 0.22140070033210613
-1.3013448027106045 -15.874358311551154 1.869553427701835
-12.182248817728325 1.5580845146288453 2.8344560204593887
-13.895343614642874 -0.17640810937457285 6.5837014850911775
-12.378220609263442 -0.7475867932872893 5.412337879035304
-14.260983188303674 -1.1730282019584026 4.888692313071347
-15.582134402147988 1.7038217898704477 3.482174060551304
-14.065011396768556 1.1326431059577315 2.3108104544954315
-15.104378582056231 -0.23291325233589255 3.337928600801412
-15.216494828487187 2.7004418824542777 5.177183232571133
-13.333732249446957 3.125883291125392 5.70082879853509
-14.37309943473463 1.7603269328317677 6.72794694484107
3.854237755748626 -13.64398845634465 -5.953423347968564
2.8922474693277977 -12.308735134595306 -4.816905307817278
3.0944339733547643 -14.196408251548858 -4.187770329358588
6.297182471919086 -14.48346175908144 -2.8993595490725728
5.335192185498259 -13.148208437332098 -1.7628415089212872
4.315906331439994 -14.616144902917254 -2.6607384299105914
7.056986254312949 -13.931041963877231 -4.665012567682549
6.854799750285982 -12.043368846923679 -5.2941475461412395
5.835513896227718 -13.511305312508835 -6.192044467130545
-0.452174445531512 3.9056650199161633 -14.866006130022045
0.24395973220710152 3.1203562792286887 -13.163452933089852
1.519530175838415 3.747405711532199 -14.570481380841374
1.7479052819244147 7.189178341605034 -14.251035025717805
2.444039459663028 6.4038696009175595 -12.54848182878561
2.619570039566379 5.389162372376635 -14.262995828689252
-0.22379933944551245 7.347437649988998 -14.546559774898476
-1.4993697830768262 6.720388217685487 -13.139531327146955
-1.323839203173476 5.705680989144563 -14.854045327050597
6.58233437140629 -8.530130818417136 4.269633059091934
6.785693007875129 -9.829654166192196 2.763019527504939
9.323458908329243 -8.96536004994957 6.3425083059648895
8.203463057468996 -7.788402801968283 5.17615461583477
10.02795038000054 -8.34619813329449 4.576062640990612
9.730176181266922 -11.564406745499689 3.3292812427908984
8.610180330406674 -10.3874494975184 2.1629275526607805
10.23130901646938 -9.645721481069547 3.0694491094036165
9.025684709595625 -12.18356866215477 5.095726907765176
7.201197387064079 -11.625773330828565 5.695818882609334
8.822326073126785 -10.88404531437971 6.6023404393521705
-7.5296528549927775 -10.36367805703622 -6.033420661285026
-8.196319521659445 -8.528502163074654 -5.600194399641151
-10.562788552920225 -8.794275390505286 -8.115982331018671
-9.712887370623168 -7.743800829809188 -6.641475234507974
-11.562788552920225 -8.46935569427238 -6.41468071431459
-11.229455219586894 -11.814787785962602 -5.57983162089826
-10.379554037289836 -10.764313225266505 -4.105324524387564
-11.89612188625356 -9.979611892001039 -5.1466053592543854
-10.229455219586892 -12.139707482195508 -7.281133237602339
-8.379554037289836 -11.414152617732316 -7.507927757795723
-9.896121886253558 -10.62945128446685 -8.549208592662545
6.40224530838592 0.3169903755317742 -9.655609567948982
9.051573426421806 -1.3638470624287777 -11.123889524270203
7.981627289664247 -0.899992138073197 -9.499065264976707
9.831114306944574 -0.17158702740441056 -9.720026274349655
9.591783498425807 2.526928186118737 -11.878900148960646
8.521837361668249 2.990783110474318 -10.254075889667151
10.101219342946575 1.7738005968693469 -10.097531586694878
8.812242617903038 1.33466815109437 -13.282763398881194
6.962755600622711 0.606263040425584 -13.061802389508246
8.542137581901036 -0.610719473179387 -12.905258086535971
-1.2651283498960004 6.753644529479616 9.333153799403327
-3.6191057058705334 8.840997416538794 10.78289464950201
-2.9172940696208807 7.870448821382447 9.181178116633406
-2.7891708781445708 9.863990647785517 9.278004942396912
-0.05852788346815463 10.594472485539272 11.280499666568865
0.6432837527814983 9.623923890382924 9.678783133700259
-1.0088819669433817 10.740728182285757 9.526807450930338
-0.888462711194116 9.57147925429255 12.785389373673963
-1.0165859026704258 7.57793742788948 12.688562547910456
-2.6687516223953054 8.69474171979231 12.536586865140535
-6.911618866242881 1.1404352648874705 -11.96778320007938
-7.196319521659442 1.8827795078285396 -10.132607306117816
-8.529652854992776 0.6147041527683359 -10.916320975841113
-7.858067824806734 4.998038696238234 -11.495416673678317
-7.669544000941369 3.8115812235039224 -9.896424042917284
-9.47610181355663 4.4723075841191005 -10.443954449440051
-10.524734491473403 2.461887986117827 -13.062844013124913
-10.336210667608036 1.2754305133835147 -11.46385138236388
-10.809435146889964 3.204232229058896 -11.227668119163347
-8.906700502723508 2.987619098236961 -14.114306237363179
-7.100142690108246 2.3268927376217827 -13.566775830840413
-7.573367169390173 4.255694453297164 -13.330592567639881
5.607019230494801 3.5488393562699763 10.716157385739475
5.561278438881402 3.806618443994636 8.73336699794897
7.097731215494662 2.847864540111134 9.581956307936755
6.138272934974847 7.195499691768556 9.160638855159522
5.826905291121426 5.629948611743926 7.955607732658994
7.628984919974708 6.494524875609714 8.026437777356803
9.211178488201366 5.277991884001551 10.857817475135093
8.899810844347945 3.712440803976921 9.652786352634566
9.165437696587967 5.53577097172621 8.87502708734459
7.720466503201506 5.9789667001603926 11.992018552937813
5.918386874348222 5.114390436294606 11.921188508240004
6.184013726588246 6.9377206040438955 11.143429242950027
-6.156951609292452 -10.831243546302705 7.442344153855675
-4.771504574894431 -9.179702657610246 10.811757931926671
-2.8451797371690244 -12.272499781504418 9.161340236313187
-4.6250816256606715 -12.551221475448669 10.02982367580338
-6.280967561722385 -11.830593357847814 9.170325634574624
-5.588244044523374 -11.004822913501584 10.855032523610122
6.081201536203834 8.724129437968998 -7.320066803835304
4.917307159246082 8.741360112170277 -5.693704918167574
4.091622386406433 8.659560889425054 -7.513472360193894
5.759864286218451 12.053097700267333 -5.125821448278585
4.756638534253391 10.405844243319445 -4.596582240389215
3.770285136421048 11.988529151723391 -5.319227004637175
4.108494740539152 11.889499254776888 -8.765356332331223
3.1052689885740907 10.242245797829 -8.236117124441854
2.9446003635813995 11.906729928978168 -7.138994446663494
6.098073890336553 11.954067803320832 -8.571950775972635
7.084427288168895 10.371382894916886 -7.849306011724675
6.923758663176202 12.035867026066054 -6.7521833339463155
-6.459521809660677 -0.7923372390045877 -12.971474706953227
-5.223453832160887 -4.5862203572938185 -13.251808150836696
-3.223453832160886 -1.685976226525384 -15.146163973258465
-5.038940869992915 -2.2302898074809434 -15.784701005114274
-6.65697485874281 -1.7834703137205448 -14.697356371961654
-6.038940869992914 -3.68041187286516 -14.837523093903389
6.381270802782596 1.7424273205162837 11.086846015041854
5.148003347917892 0.37088765231007836 10.313586470446154
4.402021139519505 2.0179834502609895 11.16832969336489
5.960890152808881 -1.8076847418286477 12.881277527783617
4.937813022931035 -1.4041683788623873 11.210802226817036
3.9816404895457884 -1.5321286120839421 12.962761206106654
4.468925736012102 1.486506854073175 14.590763973621092
3.445848606134257 1.8900232170394353 12.920288672654511
3.2356582811473986 0.11496718586696936 13.817504429025393
6.448175399275195 1.2109507243284687 14.509280295298055
7.404347932660443 1.3389109575500235 12.757321316008435
7.194157607673586 -0.4361450736224426 13.654537072379316
-8.398522073475467 10.772183951758523 -4.902780463547607
-7.255940027791979 12.968376095288892 -1.7609264985172102
-10.792631997594153 11.100296792136282 -1.7152140508723095
-10.507692148988678 12.672647876228716 -2.917928211024272
-9.310637186929334 12.508591456039836 -4.511711417361921
-8.739346164087593 13.60668752780502 -2.9407844348467225
7.555362914747964 10.399064918457507 3.1287477096362943
6.418882429338969 12.237436958780421 -0.23708062045475442
9.65495040683876 9.886295949610535 -0.2370806204547531
9.698293776520554 11.647254596716937 0.7100972907561298
8.648500030475157 11.903639081140424 2.3930114558016533
8.08025978777066 12.822825101301882 0.7100972907561289
0.73229529633533 -9.261678038291345 -11.342723551994842
-3.26770470366467 -9.261678038291347 -11.342723551994837
-1.267704703664668 -12.253070000842985 -9.595848019399158
-1.2677047036646696 -12.07942436998395 -11.588295558202518
-0.2677047036646707 -10.58372838870813 -12.46173332450036
-2.2677047036646703 -10.583728388708131 -12.461733324500358
-8.53208708979594 -1.4738143696672714 11.832314868988279
-7.292261816905407 -5.272868961402194 12.005570465491573
-10.828953786707581 -4.3965520434195 10.355152769878089
-10.577730807185922 -4.224418907258028 12.331831094238298
-9.429297458730103 -2.7630500703819134 13.070412143793392
-8.809384822284835 -4.6625773662493755 13.157039942045039
-14.114249986398253 5.569655494868563 3.2523911287676017
-12.594271476894926 4.9235228103641555 2.1244824956491324
-14.479889560059052 4.573035402284733 1.5573819567477722
-15.587845410395781 1.8537297910538293 3.3952641146764964
-14.067866900892454 1.207597106549422 2.2673554815580275
-15.216687272057817 2.715072550377366 1.62881844970222
-15.222205836734982 2.85034988363766 5.090273286696326
-13.336587753570855 3.2008372917170824 5.657373825597686
-14.485408124736217 4.708312735545026 5.018836793741878
9.52378353952921 -11.887890518868657 -2.9642484997270304
8.487837382219952 -10.5755444558812 -1.8667224772029638
8.76397975713535 -12.440310314072867 -1.198595481117054
6.44509421369595 -14.437647241557672 -2.821375513818134
5.409148056386691 -13.125301178570215 -1.7238494912940674
7.22463509421872 -13.715188675417373 -1.1271589881626058
7.204897996089812 -13.885227446353461 -4.587028532428111
6.928755621174413 -12.020461588161796 -5.25515552851402
8.744242659006444 -12.610349085008954 -4.658465025382559
-0.4083295071739459 9.881224324203284 -11.95850475322452
0.28723273928058535 9.017967947276892 -10.293878191799093
1.5633751141959813 9.722965015819321 -11.662980004043847
1.74904914449258 7.3450736140828745 -14.175181754704269
2.4446113909471108 6.481817237156481 -12.510555193278842
2.642064440029244 8.454889660759116 -12.771318504783721
-0.2226554768773472 7.5033329224668375 -14.470706503884943
-1.4987978517927436 6.7983358539244065 -13.101604691640187
-1.3013448027106098 8.771408277527042 -13.362368003145066
5.2463483449584984 -11.104532527536703 2.8344560204593887
4.1261232376560635 -13.269770194608652 6.58370148509118
3.114083237132546 -12.003404394475004 5.412337879035307
3.291270046410729 -13.925486639298077 4.888692313071353
6.4355751547601985 -14.292980572493425 3.4821740605513094
5.423535154236681 -13.026614772359776 2.310810454495435
4.4459960049627965 -14.437091828240463 3.337928600801417
7.270428346005533 -13.637264127804 5.177183232571137
7.09324153672735 -11.715181882980927 5.700828798535091
6.1157023874534655 -13.125658938861614 6.727946944841072
-5.578285532909552 -10.430615195664963 -5.600194399641153
-5.099771745392649 -12.763389432382153 -8.115982331018667
-4.363344978109486 -11.630470883337928 -6.641475234507973
-4.4817377566427545 -13.614040240734191 -6.414680714314588
-7.766438412059317 -14.330816771828747 -5.579831620898257
-7.030011644776153 -13.197898222784522 -4.105324524387562
-5.815071089976088 -14.397753910457489 -5.146605359254381
-8.38447240080921 -13.480165963476708 -7.2811332376023365
-8.266079622275944 -11.496596606080445 -7.507927757795723
-7.051139067475878 -12.69645229375341 -8.549208592662543
3.854237755748624 0.7768734125649635 -14.86600613002204
2.892247469327797 1.1962626118154231 -13.163452933089847
3.0944339733547626 2.6031711251194314 -14.57048138084137
6.297182471919086 3.8839349913891805 -14.251035025717798
5.33519218549826 4.303324190639641 -12.548481828785603
4.315906331439995 4.15670191453154 -14.262995828689247
7.056986254312948 2.057637278834713 -14.546559774898467
6.854799750285981 0.6507287655307048 -13.139531327146946
5.835513896227717 0.5041064894226039 -14.854045327050589
0.1871054718935793 4.78555834038038 14.612331851831335
0.8098568375943672 3.899246823930705 12.931072611759634
2.144362303369575 4.607413355195642 14.241643222528959
2.3542366651296422 8.023721895263005 13.707987236580504
2.97698803083043 7.13741037881333 12.0267279965088
3.2279278999876055 6.226495132636954 13.789470914903543
0.39697983365364653 8.201866880447742 14.07867586588288
-0.9375256321215608 7.493700349182807 12.768105255113554
-0.6865857629643848 6.58278510300643 14.530848173508296
-7.247850227126805 -9.975810014900231 6.9610014720850515
-7.935028037341464 -8.168865288086312 6.448422296359041
-8.321020988282903 -9.751601231429692 5.288268696410973
-10.189961993327662 -8.28112365441062 9.07571575414609
-9.406083920441894 -7.321522107841508 7.5057794373895605
-11.263132754483761 -8.056914870940082 7.402982978472013
-10.961947895210537 -11.44659554109738 6.7554085542499545
-10.178069822324769 -10.486993994528268 5.185472237493425
-11.649125705425197 -9.639650814283462 6.242829378523944
-9.888777134054441 -11.670804324567918 8.428141329924031
-8.031728300012574 -10.935411561469344 8.53093778884158
-9.502784183113004 -10.088068381224538 9.5882949298721
6.582334371406289 7.6336663770333075 -5.720142994956672
6.785693007875131 6.867274776848115 -7.556250067035834
9.32345890832924 9.682342790887448 -5.182405861780358
8.20346305746899 8.112773053492532 -4.6513125239291995
10.027950380000538 7.825488129766563 -5.418589124980889
9.730176181266923 8.149559590517061 -8.854620005938681
8.610180330406676 6.579989853122146 -8.323526668087522
10.23130901646938 7.059096529581369 -7.25469619706005
9.025684709595627 10.006414251637946 -8.618436742738153
7.201197387064081 10.293699175363916 -7.851160141686464
8.822326073126785 10.772805851823138 -6.78232967065899
-7.529652854992779 -0.7616777677028366 -11.967783200079383
-8.196319521659445 -1.1949040293467124 -10.13260730611782
-10.562788552920228 -3.3262357613333116 -11.495416673678323
-9.712887370623172 -2.477183026161949 -9.896424042917289
-11.562788552920228 -1.9498538408621373 -10.443954449440055
-11.229455219586894 0.2929806028967872 -13.062844013124915
-10.379554037289836 1.1420333380681484 -11.463851382363881
-11.89612188625356 -0.1402456587470884 -11.22766811916335
-10.229455219586896 -1.083401317574386 -14.114306237363182
-8.379554037289838 -1.6107305028741978 -13.566775830840417
-9.896121886253564 -2.893009499689435 -13.330592567639886
6.814043798686104 0.8837823724582725 9.33315379940333
9.526653371101172 -0.7099556157936451 10.782894649502017
8.38673508284539 -0.3424090956966921 9.181178116633411
10.243113783813236 0.3954816038012039 9.278004942396919
10.094028204718292 3.218208719512076 11.28049966656887
8.954109916462508 3.5857552396090293 9.678783133700264
10.526801200621795 2.3595637714540647 9.526807450930345
9.377567792006227 2.1127714999172267 12.785389373673969
7.52118909103838 1.374880800419331 12.688562547910461
9.093880375197669 0.1486893322643661 12.536586865140542
3.2204260783955725 -6.220926283054092 -11.967783200079381
4.014414748812273 -6.2622957098363194 -10.132607306117817
3.2204260783955707 -7.922227899758172 -10.916320975841115
7.181693771568963 -5.928987714590512 -11.495416673678317
5.995048595398967 -6.116326425604529 -9.896424042917285
7.181693771568961 -7.630289331294593 -10.443954449440051
5.593716430735559 -9.24885209443422 -13.062844013124913
4.407071254565564 -9.436190805448236 -11.46385138236388
6.387705101152259 -9.290221521216447 -11.227668119163349
5.59371643073556 -7.547550477730139 -14.11430623736318
4.407071254565567 -6.033587572040076 -13.566775830840415
6.387705101152262 -5.8876182878082854 -13.330592567639883
-6.388229696199951 1.8608186559049702 12.166625577707682
-6.753111302435606 2.4928032877724515 10.30451472211551
-8.049607054631643 1.275430513383514 11.2194476664968
-7.359237042188668 5.684620366808225 11.506561028039016
-7.2386149754299645 4.404704143224078 9.974482447281177
-9.02061440062036 5.099232224286769 10.559383116828133
-9.952228546580741 3.249874818030352 13.336426916801594
-9.831606479822039 1.9699585944462046 11.804348336043756
-10.317110152816397 3.881859449897832 11.474316061209421
-8.290851188149048 3.835262960551807 14.283604828012479
-6.508851762958654 3.140734879489117 13.698704158465521
-6.994355435953012 5.052635734940743 13.368671883631189
-6.156951609292458 11.500514346065517 -6.359441252161607
-4.771504574894436 13.775618107954624 -3.3754105238486827
-2.8451797371690337 13.682580566419142 -6.8797815994380285
-4.625081625660681 14.584023900524947 -6.740680259616744
-6.280967561722393 13.492990790348134 -6.480510085978533
-5.588244044523383 14.630542671292687 -4.988494721822072
6.381270802782592 9.137139351377053 6.516662642952138
5.1480033479178875 9.058886175379763 4.944108088980202
4.4020211395194995 9.086788121346684 6.7995681467999125
5.960890152808876 12.329786068589446 4.1438400519857135
4.93781302293103 10.655209533985959 3.75769679349699
3.981640489545783 12.279434838559078 4.426745555833488
4.468925736012098 12.385589960523289 7.854760167625134
3.445848606134252 10.711013425919804 7.4686169091364105
3.2356582811473946 12.307336784525999 6.282205613653199
6.44817539927519 12.435941190553656 7.571854663777359
7.4043479326604364 10.81171588598054 6.902805901440861
7.194157607673579 12.408039244586735 5.71639460595765
0.7322952963353386 -6.00329202903206 -13.356516854184207
-3.26770470366466 -6.00329202903206 -13.35651685418421
-1.2677047036646585 -3.103047898263626 -15.25087267660598
-1.2677047036646583 -4.962803840529539 -15.986608930440617
-0.2677047036646598 -6.412925905913755 -15.039431019229731
-2.267704703664659 -6.412925905913756 -15.039431019229733
-5.890584692062172 -0.009262476457027047 13.263231226782382
-4.638630456730475 -3.781280036682474 13.715441485385492
-2.562206801302124 -0.7758477682861444 15.345116816014162
-4.347627254470934 -1.2787782457009345 16.093003665941215
-6.011816199850958 -0.8954855997863755 15.052060871325326
-5.385839082185108 -2.781494379899099 15.27816600062688
12.840241790387056 -4.658681237601062 -4.902780463547609
14.575867369943944 -2.893360442388306 -1.7609264985172128
13.89211629826283 -6.834222637911672 -1.7152140508723122
15.299459787098968 -6.077345532034844 -2.9179282110242757
14.773522533161081 -4.98957483187954 -4.511711417361925
15.641335322939526 -4.106914434273162 -2.9407844348467265
-8.532087089795947 11.24225397465412 3.9733524289310562
-7.292261816905414 13.09620735462998 0.652856960242986
-10.828953786707586 11.22812805147737 0.6985694078878868
-10.577730807185933 12.919142613917835 1.7365273859267596
-9.429297458730113 12.926205575506211 3.373918896448344
-8.809384822284846 13.85318226549414 1.7136711621043088
1.2348791481525438 -8.569930711129368 11.832314868988284
-2.7613635564567094 -8.56475923768368 12.00557046549158
-0.8350387187313029 -11.657556361577852 10.355152769878096
-0.7489625479643147 -11.365437045491742 12.331831094238304
0.28599638547760853 -9.821624220267502 13.070412143793398
-1.7121249668270182 -9.819038483544656 13.157039942045046
9.658600260567285 -11.702331221454642 3.252391128767601
8.574392370056858 -10.45641173549588 2.124482495649132
8.823747069321952 -12.358047666144067 1.557381956747773
6.579910934734024 -14.252087944143657 3.3952641146764977
5.495703044223594 -13.006168458184893 2.2673554815580284
7.284402406405323 -13.632926027488574 1.6288184497022213
7.4147641259793575 -13.596371499454232 5.090273286696326
7.165409426714261 -11.694735568806044 5.657373825597685
8.954108788895988 -12.321493138109725 5.018836793741878
-11.160626930656838 -11.9586818950716 -5.511894038275269
-10.345139892824808 -10.836260279821003 -4.071355733076068
-10.542592941906943 -12.809332703423639 -3.8105924215711884
-7.9245589531570495 -14.309822904241491 -5.511894038275269
-7.10907191532502 -13.187401288990896 -4.071355733076068
-8.924558953157048 -13.984903208008586 -3.8105924215711884
-8.542592941906944 -13.459172095889452 -7.213195654979349
-8.34513989282481 -11.486099672286816 -7.473958966484228
-10.160626930656838 -12.283601591304505 -7.213195654979349
9.52378353952921 2.6651218028165418 -11.958504753224508
8.48783738221995 3.0598799188232193 -10.293878191799083
8.763979757135349 4.49141951537101 -11.662980004043837
6.445094213695949 3.9331971578767453 -14.175181754704262
5.409148056386691 4.327955273883423 -12.510555193278835
7.224635094218719 5.125457192901111 -12.771318504783714
7.2048979960898105 2.106899445322277 -14.470706503884932
6.928755621174413 0.675359848774487 -13.101604691640176
8.744242659006442 1.4728617677921756 -13.362368003145056
0.09724839274582431 10.577092605042653 11.354594569556818
0.721171890888487 9.615233950134616 9.715830585194237
2.0545052242218196 10.398947619857914 10.983905940254441
2.3518924002458927 8.174816172179728 13.62299672516226
2.975815898388555 7.2129575172716915 11.984232740799678
3.181827227971854 9.19780940342645 12.118107018057161
0.39463556876989725 8.352961157364467 13.993685354464636
-0.9386977645634355 7.569247487641168 12.725609999404432
-0.7326864349801364 9.554099373795928 12.859484276661917
-5.316994048591568 -10.070978320676618 6.44842229635904
-6.702986999533007 -10.927171736014639 5.288268696410974
-4.726945185800079 -12.25023769628748 9.075715754146088
-4.056541527928207 -11.208192161370242 7.505779437389559
-4.182081958206282 -13.201599417401885 7.402982978472012
-7.498931087682957 -13.96262452696352 6.755408554249956
-6.828527429811082 -12.920578992046282 5.185472237493426
-5.56807490914772 -14.057792832739906 6.242829378523945
-8.043794315276754 -13.011262805849114 8.428141329924033
-7.918253884998679 -11.017855549817469 8.53093778884158
-6.657801364335316 -12.155069390511093 9.5882949298721
5.246348344958499 7.501312454378213 -8.664588567775711
4.126123237656062 11.823063265881188 -8.9245224675322
3.1140832371325446 10.20902780338115 -8.31570019204234
3.2912700464107294 10.600246282290405 -10.269044231472607
6.435575154760201 9.506566395787505 -11.226754882695834
5.423535154236684 7.892530933287467 -10.617932607205976
4.445996004962799 9.441997847243563 -11.420160439054424
7.270428346005533 10.729383379378287 -9.88223311875543
7.093241536727349 10.338164900469033 -7.928889079325163
6.115702387453463 11.88763181442513 -8.731116911173611
-5.57828553290955 -0.3442532209946722 -11.833908922821898
-5.0997717453926485 -1.551193999716187 -15.045500196912567
-4.3633449781094855 -0.7390113370013474 -13.37276742123849
-4.481737756642753 0.3509190328741203 -15.045500196912567
-7.766438412059314 1.418182972048098 -15.313248751427535
-7.030011644776151 2.2303656347629377 -13.640515975753457
-5.815071089976086 1.8356075187562628 -15.17937447417005
-8.384472400809209 -0.48393006054220855 -15.313248751427535
-8.266079622275942 -1.5738604304176762 -13.640515975753459
-7.051139067475878 -1.9686185464243513 -15.179374474170052
4.493517673173718 1.6567667330291775 14.612331851831339
3.4581445747150648 1.9751531565174358 12.931072611759634
3.719266100885923 3.4631787687828695 14.24164322252896
6.903513855124313 4.718478545047152 13.707987236580506
5.868140756665659 5.03686496853541 12.026727996508802
4.924264191861219 4.994034674791857 13.789470914903543
7.677765427412108 2.9120665092934592 14.078675865882884
7.416643901241251 1.4240408970280256 12.768105255113559
6.47276733643681 1.381210603284472 14.5308481735083
-7.247850227126802 10.687426858011335 -5.809581232964381
-7.935028037341462 9.420871857553523 -4.422633112822931
-8.321020988282902 9.091019963973146 -6.3571116394871465
-10.18996199332766 11.820998032563294 -3.3480786943901517
-9.406083920441889 9.987657444829503 -3.191881843535816
-11.263132754483758 10.224591138525106 -3.8956091009129175
-10.961947895210539 11.161294245402537 -7.217035747718585
-10.178069822324769 9.327953657668747 -7.060838896864249
-11.649125705425197 9.894739244944727 -5.830087627577135
-9.888777134054441 12.757701139440726 -6.669505341195818
-8.031728300012572 12.520767445745125 -5.965778083818717
-9.502784183113002 13.087553033021106 -4.735026814531603
6.8140437986860976 7.9525870435439705 4.964392252838348
7.097731215494658 7.296758524311869 6.832388613355765
9.526653371101162 9.962015975786583 4.187253478932124
8.386735082845384 8.365025355748733 3.799687670828342
10.24311378381323 8.121635148721396 4.5029794493357524
10.094028204718285 8.65035893732238 7.923246199966959
8.954109916462505 7.053368317284531 7.535680391863177
10.52680120062179 7.465806629489294 6.37097580985317
9.377567792006218 10.490739764387566 7.607520229563331
7.521189091038371 10.734129971414905 6.9042284510559195
9.093880375197658 11.146568283619668 5.7395238690459145
1.6023920896456778 -7.396496787639041 -11.967783200079383
1.3963807600623785 -8.164408742426629 -10.13260730611782
0.10064297529149013 -11.073672261052327 -11.495416673678323
0.6455062028852852 -10.002996479133271 -9.896424042917289
1.718676964041384 -11.599403373171459 -10.443954449440055
3.748733611957876 -10.589310575715416 -13.062844013124916
4.29359683955167 -9.518634793796362 -11.463851382363883
3.5427222823745765 -11.357222530503005 -11.22766811916335
2.130699623207982 -10.063579463596284 -14.114306237363182
1.0575288620518828 -8.467172569558095 -13.566775830840417
0.30665430487478895 -10.30576030626474 -13.330592567639886
-7.003223969125845 -0.037110566781814125 12.30679229964942
-7.748192938916233 -0.5781107027764327 10.531309242308897
-10.050654970542915 -2.6213443576830486 12.119976867828623
-9.271908439624767 -1.87022759822705 10.437901526398498
-11.09703805604871 -1.3088032775177219 11.032632234676
-10.65348320197373 1.0857380746368424 13.496253716204427
-9.874736671055583 1.8368548340928408 11.814178374774302
-11.398452171764117 0.5447379386422236 11.720770658863904
-9.607100116467933 -0.22680300552848479 14.583598349357047
-7.781970500043991 -0.7882273262378128 13.988867641079544
-9.305686000752525 -2.0803442216884305 13.895459925169146
-5.7558354857249086 -6.220926283054098 -11.967783200079383
-6.549824156141611 -6.262295709836325 -10.132607306117817
-5.75583548572491 -7.9222278997581785 -10.916320975841115
-9.717103178898297 -5.928987714590516 -11.49541667367832
-8.530458002728304 -6.116326425604534 -9.896424042917287
-9.717103178898299 -7.630289331294596 -10.443954449440055
-8.129125838064898 -9.248852094434223 -13.062844013124916
-6.942480661894905 -9.436190805448241 -11.463851382363883
-8.9231145084816 -9.290221521216449 -11.22766811916335
-8.129125838064896 -7.547550477730143 -14.114306237363182
-6.942480661894901 -6.03358757204008 -13.566775830840417
-8.923114508481596 -5.887618287808289 -13.330592567639885
3.743815248438503 -5.500542892036592 12.166625577707682
4.45762296803611 -5.652271929892408 10.30451472211551
3.700471878756707 -7.261501539142996 11.2194476664968
7.680524554187027 -5.24240604402052 11.506561028039018
6.425977620910371 -5.523203505884372 9.974482447281177
7.637181184505231 -7.003364691126923 10.559383116828133
6.166222375628223 -8.460865262521695 13.336426916801594
4.911675442351566 -8.741662724385547 11.804348336043756
6.880030095225829 -8.612594300377511 11.474316061209421
6.2095657453100195 -6.6999066154152915 14.283604828012479
4.9983621817151604 -5.2197454301727415 13.698704158465523
6.9667168345894215 -5.090677006164704 13.36867188363119
12.840241790387058 -2.3017545715443815 -6.359441252161613
14.575867369943946 -0.2810704151082377 -3.375410523848688
13.892116298262827 1.5222231928623837 -6.879781599438033
15.299459787098968 0.10799721315106292 -6.74068025961675
14.773522533161081 -1.8039916690523197 -6.48051008597854
15.641335322939527 -0.7936495908342481 -4.988494721822078
-5.890584692062178 11.867136955152906 5.923212714077502
-4.63863045673048 13.958503641894033 2.751652218954563
-2.562206801302133 14.07205939932898 6.168605524624828
-4.347627254470945 14.965907080786186 6.053235997625484
-6.011816199850967 13.86344585869815 5.930539592351822
-5.385839082185118 14.909129202068714 4.344759344790352
1.3178917239231653 -5.197287693407669 13.646379596763
-2.6783509806860866 -5.192116219961978 13.819635193266302
-0.6019273252577372 -2.186683951565647 15.44931052389497
-0.5676552997582068 -3.9992684975560806 16.29391853469336
0.3922542248322448 -5.504570368477091 15.392453071127377
-1.6058671274723815 -5.501984631754245 15.479080869379027
-15.604089372965273 -4.284348790466037 -4.297097840991217
-17.15738736140407 -2.475745177296428 -1.0852108053777554
-16.57620703178541 -6.433254094593183 -1.066433319363463
-18.013067308200373 -5.6389467623038305 -2.208584100973359
-17.527008478790304 -4.564494110240258 -3.8239163617872363
-18.3036574730097 -3.6601923036554527 -2.2179728439805046
13.328578808673926 -4.640449491100761 3.9733524289310553
14.70866617222866 -2.888402485059386 0.6528569602429861
14.024915100547544 -6.829264680582753 0.6985694078878882
15.555533349256844 -6.067785191335978 1.736527385926761
15.207365203320036 -4.973377596594983 3.373918896448345
15.897408885097404 -4.097354093574295 1.7136711621043101
1.2348791481525352 14.415733677805406 -2.373606977371497
-2.7613635564567183 14.568385441077178 -2.291499212651405
-0.8350387187313154 14.475347899541697 -5.795870288240751
-0.7489625479643288 16.112703011047763 -4.650593408333076
0.2859963854775962 16.082895900179615 -2.9394617528984504
-1.7121249668270304 16.159221781815504 -2.898407870538404
-10.895940863793188 -11.594372778039862 6.693252917570077
-10.145066306616092 -10.560882612999508 5.154394419153487
-10.35107763619939 -12.545734499154268 5.020520141895999
-7.659872886293398 -13.94551378720975 6.693252917570077
-6.908998329116303 -12.912023622169398 5.154394419153486
-8.733043647449495 -13.721305003739213 5.020520141895999
-8.204736113887195 -12.994152066095344 8.365985693244156
-7.998724784303898 -11.009300179940585 8.49985997050164
-9.822770102637092 -11.818581561510399 8.365985693244156
9.658600260567287 8.142468682614801 -9.012369711887972
8.57439237005686 6.576444399171015 -8.402401521062169
8.823747069321955 6.9196516990240164 -10.356891475828379
6.579910934734026 9.410544037675002 -11.229046713367726
5.495703044223598 7.844519754231216 -10.619078522541923
7.284402406405324 7.553689376554118 -11.465229976568256
7.4147641259793575 10.633361021265786 -9.88452494942732
7.165409426714263 10.290153721412784 -7.93003499466111
8.95410878889599 9.999323343735686 -8.776186448687444
-11.160626930656834 0.41809722599148746 -13.161164206342308
-10.345139892824804 1.2045916496154985 -11.513011478972578
-10.542592941906937 2.3202102585817945 -13.161164206342308
-7.924558953157042 1.469559450229755 -15.26408865481884
-7.109071915325014 2.256053873853766 -13.615935927449112
-8.924558953157042 2.845941370700928 -14.212626430580572
-8.542592941906937 -0.43255358236055175 -15.264088654818842
-8.345139892824806 -1.5481721913268474 -13.615935927449112
-10.160626930656834 -0.9582846944796857 -14.212626430580574
10.029361439448982 3.3609900836559166 11.354594569556824
8.921776533827854 3.6571459216809497 9.71583058519424
9.255109867161188 5.1674021194096085 10.983905940254445
7.047937469449262 4.762939715973603 13.622996725162263
5.940352563828134 5.0590955539986355 11.98423274079968
7.764397882161327 5.868376935568451 12.118107018057165
7.822189041737057 2.956527680219911 13.993685354464642
7.488855708403726 1.4462714824912517 12.725609999404437
9.312901026736917 2.2555528640610674 12.859484276661922
-5.316994048591568 10.271522665905565 -6.123934729527011
-6.702986999533008 9.616751076092282 -7.4085738637254135
-4.726945185800081 13.59603979418042 -6.898162217624394
-4.056541527928207 11.725829133990107 -6.668225221857017
-4.182081958206284 12.525364012261367 -8.49715484838543
-7.49893108768296 12.286496614553853 -9.467440486021204
-6.828527429811086 10.416285954363541 -9.237503490253825
-5.568074909147724 11.870592422448084 -9.781793982583833
-8.043794315276756 13.357172396472906 -7.868447855260168
-7.918253884998678 12.557637518201647 -6.039518228731756
-6.6578013643353176 14.01194398628619 -6.583808721061764
5.607019230494798 7.997733340470708 7.966589691158486
4.49351767317371 12.328738324609404 8.016690681261448
3.4581445747150585 10.682587607962859 7.549582165954567
3.7192661008859162 11.189332313703058 9.466617729467796
6.903513855124308 10.150628762857453 10.350733769978595
5.868140756665655 8.504478046210908 9.883625254671713
4.924264191861214 10.100277532827084 10.633639273826368
7.677765427412101 11.290034773763798 8.900806721772247
7.416643901241243 10.783290068023598 6.983771158259018
6.472767336436803 12.379089554639773 7.733785177413674
1.396380760062378 -5.411644901484281 -11.8339089228219
0.10064297529148991 -5.329516457558336 -15.04550019691257
0.6455062028852847 -4.378154736443928 -13.372767421238493
1.718676964041384 -4.1539459529733875 -15.045500196912569
3.748733611957876 -6.948079220697962 -15.313248751427537
4.293596839551672 -5.9967174995835535 -13.64051597575346
3.5427222823745765 -4.963227334543201 -15.179374474170052
2.130699623207982 -8.12364972528291 -15.313248751427539
1.0575288620518823 -8.347858508753449 -13.640515975753463
0.3066543048747892 -7.314368343713097 -15.179374474170054
-5.060027904834239 0.36906720843445157 12.063875296041237
-4.441296640703137 -0.6448807705411894 15.317962129350688
-3.779064240622885 0.06518210655476386 13.56946021089187
-3.826302367777242 1.253048452145594 15.17779540740895
-7.097700223434558 2.338622124399846 15.52346269268358
-6.435467823354306 3.048685001495799 13.774960774224763
-5.1545041591429515 2.744799899616112 15.280545689075398
-7.712694496360452 0.4406929017130625 15.663629414625317
-7.665456369206096 -0.7471734438777677 14.055294218108237
-6.384492704994742 -1.0510585457574555 15.56087913295887
12.40405584860602 -3.5905186623755094 -5.809581232964374
11.411840083688102 -4.6354506160856275 -4.422633112822923
11.21741067243603 -5.104481568065573 -6.357111639487139
14.391308635954571 -6.0383404720193505 -3.3480786943901437
12.405466477362378 -5.859361520907549 -3.1918818435358087
13.204663459784578 -7.552303377709415 -3.8956091009129103
14.002449813450426 -6.976402375979241 -7.217035747718576
12.016607654858232 -6.797423424867439 -7.060838896864241
13.010234048532507 -8.02133432968936 -5.830087627577127
15.189094989620418 -5.462439470289176 -6.669505341195811
14.389898007198216 -3.769497613487311 -5.965778083818709
15.383524400872492 -4.993408518309232 -4.735026814531594
-7.003223969125852 11.02412601679636 5.470572133394341
-7.74819293891624 9.678028309135453 4.192666739603587
-8.049607054631648 9.464589195214693 6.158269261858843
-10.050654970542922 12.012737700118876 3.075616761952027
-9.271908439624774 10.17233415079671 2.995189053882431
-11.097038056048717 10.453200878537206 3.76331389041653
-10.653483201973739 11.585859472277354 7.006821806462538
-9.874736671055592 9.74545592295519 6.926394098392942
-11.398452171764127 10.239761764616446 5.7289164126717855
-9.607100116467944 13.145396293859022 6.319124677998035
-7.781970500043999 12.864529566118527 5.550999841463937
-9.305686000752535 13.358835407779782 4.35352215574278
-4.137801496975014 -7.396496787639045 -11.967783200079381
-3.931790167391716 -8.16440874242663 -10.132607306117817
-2.6360523826208233 -11.073672261052327 -11.495416673678319
-3.1809156102146208 -10.002996479133273 -9.896424042917285
-4.254086371370717 -11.599403373171462 -10.443954449440053
-6.2841430192872085 -10.589310575715421 -13.062844013124915
-6.829006246881006 -9.518634793796368 -11.463851382363881
-6.078131689703911 -11.357222530503009 -11.22766811916335
-4.666109030537314 -10.063579463596286 -14.11430623736318
-3.592938269381217 -8.467172569558096 -13.566775830840415
-2.8420637122041215 -10.30576030626474 -13.330592567639883
2.12882097551261 -6.671929586718016 12.306792299649421
1.8445073428055894 -7.547615415856348 10.531309242308899
0.6127765576688013 -10.368780857402061 12.119976867828624
1.0864851338836852 -9.39604105119837 10.4379015263985
2.184427460912899 -10.958352809827042 11.032632234676004
4.324705629571036 -9.79655310397536 13.496253716204428
4.798414205785921 -8.823813297771668 11.814178374774304
4.040391996864016 -10.67223893311369 11.720770658863907
2.7530547263269387 -9.206981151550378 14.58359834935705
1.6551123992977255 -7.644669392921706 13.988867641079546
0.897090190375821 -9.49309502826373 13.895459925169147
-5.224014699131725 -5.4889377674564885 12.555422465623012
-6.096692695381691 -5.638613759649685 10.762093100385792
-5.267358068813522 -7.249896414562891 11.608244554412128
-9.202398953307444 -5.220558124097157 12.238513814499349
-8.08588482246955 -5.504423937970018 10.603638774823962
-9.24574232298924 -6.98151677120356 11.291335903288465
-7.543729700171107 -8.443123433923573 13.930816722552018
-6.427215569333213 -8.726989247796432 12.29594168287663
-8.416407696421071 -8.592799426116766 12.137487357314798
-7.5003863304893095 -6.682164786817168 14.877994633762903
-6.340528829969617 -5.205071953583627 14.1902975052984
-8.329720957057477 -5.070882131903961 14.031843179736567
3.7438152484385014 13.342078303366236 0.5212452418095561
4.457622968036108 11.74441101002973 -0.4472266262618191
3.700471878756704 13.282421272963914 -1.477394893639595
7.680524554187024 12.636256314395176 0.45694001715475874
6.42597762091037 11.3915000155442 -0.4793792385892178
7.637181184505227 12.576599283992854 -1.5417001182943926
6.166222375628218 15.712276840263547 -1.6033965176007936
4.911675442351562 14.467520541412568 -2.5397157733447697
6.880030095225825 14.114609546927039 -2.5718683856721682
6.209565745310014 15.771933870665869 0.39524361784835815
4.998362181715155 14.586834602217214 1.457564497553533
6.966716834589419 14.233923607731684 1.4254118852261342
-15.604089372965271 -1.927422124409362 -5.753758629605212
-17.157387361404062 0.13654484998363697 -2.699694830709221
-16.576207031785408 1.923191736180868 -6.231000867929174
-18.01306730820037 0.5463959828820706 -6.031336149565821
-17.5270084787903 -1.3789109474130448 -5.792715030403839
-18.303657473009697 -0.3469274602165451 -4.265683130955843
13.10660870761733 -1.935131962457005 5.923212714077504
14.708741488107899 -0.09818488116883936 2.7516522189545674
14.175089234129727 1.9117020257722088 6.168605524624833
15.5769141582887 0.489880393412285 6.053235997625489
15.0426738950325 -1.4335366007023223 5.930539592351825
15.843740285277786 -0.5150630600582391 4.344759344790356
1.3178917239231547 14.529990686267823 1.454251052592594
-2.6783509806860994 14.682642449539596 1.5363588173126859
-0.6019273252577511 14.796198206974541 4.953312122982951
-0.5676552997582239 16.362251029529013 3.709807404360086
0.3922542248322286 16.229147269175655 1.9602768691649077
-1.6058671274723981 16.30547315081154 2.0013307515249537
0.7472709627378057 -16.164307465094335 -4.297097840991215
2.9473506901937334 -17.082692386189862 -1.0852108053777556
-0.9960585525461212 -17.75289455739857 -1.0664333193634603
0.20338685572319237 -18.873975421854635 -2.2085841009733578
1.0750516133651562 -18.07968187570252 -3.823916361787235
2.17509147709312 -18.53887433625028 -2.217972843980505
-15.713562028554087 -4.258249762543029 4.5917645802284595
-17.187157452551617 -2.468647784473065 1.3320343327291948
-16.605977122932963 -6.42615670176982 1.3508118187434865
-18.07047244405072 -5.625260986294982 2.452546590527624
-17.62426489686128 -4.541307516681586 4.0730229712701105
-18.361062608860045 -3.6465065276466038 2.443157847520478
13.328578808673928 5.6291465535126255 -2.3736069773715007
14.708666172228662 1.8756658776693085 -2.2914992126514107
14.024915100547544 3.678959485639929 -5.7958702882407565
15.555533349256844 4.26679334402767 -4.6505934083330835
15.207365203320037 5.241886877964019 -2.9394617528984557
15.897408885097406 3.365146540042359 -2.89840787053841
-10.895940863793193 11.171788543348239 -7.377008572410974
-10.145066306616098 9.333200806641598 -7.1408253092104435
-10.351077636199395 10.101112761429185 -8.976001203172007
-7.659872886293404 12.223250767586507 -9.47993302088751
-6.908998329116309 10.384663030879866 -9.24374975768698
-8.733043647449502 10.626843873548319 -10.027463427410275
-8.204736113887199 13.29392654950556 -7.880940390126475
-7.998724784303901 12.526014594717974 -6.045764496164912
-9.822770102637094 12.768195437386428 -6.829478165888208
10.029361439448973 8.65277766604015 8.084089982398739
8.921776533827849 7.054577681643415 7.616102283079067
9.25510986716118 7.513371655133804 9.534017030605083
7.047937469449251 10.054727298357832 10.352492138004175
5.940352563828126 8.456527313961098 9.884504438684504
7.764397882161318 8.214346471292647 10.668218108407803
7.8221890417370465 11.194133309264178 8.902565089797829
7.488855708403715 10.735339335773789 6.984650342271809
9.312901026736908 10.493158493105335 7.768364011995109
3.8464574806758005 -10.485187820207972 -13.161164206342304
4.342458773910634 -9.466573416042639 -11.513011478972576
5.4644914694256945 -9.309617315623024 -13.161164206342304
3.8464574806758014 -7.082584586799811 -15.26408865481884
4.342458773910635 -6.063970182634479 -13.615935927449112
5.464491469425695 -7.608315698918944 -14.212626430580572
2.2284234919259074 -8.258155091384758 -15.264088654818842
1.1063907964108464 -8.415111191804373 -13.615935927449113
2.228423491925907 -9.959456708088839 -14.212626430580574
-10.580622693489296 1.216404571825553 13.58386636336103
-9.838306416813367 1.9021880826871955 11.857984698352604
-9.965628420563402 3.114333794512337 13.443699641419295
-7.257867976625914 2.3871808568684667 15.4782221857828
-6.515551699949984 3.0729643677301093 13.752340520774373
-8.30425106213171 3.699721937033793 14.39087755263018
-7.872862249551809 0.48925163418168327 15.618388907724537
-7.745540245801774 -0.7228940776434571 14.032673964657846
-9.5342396079835 -0.09613650833977405 14.67121099651365
11.411840083688103 -1.88268677514328 -6.123934729527004
11.21741067243603 -3.4031799513614924 -7.408573863725406
14.391308635954573 -0.2941846685253633 -6.898162217624389
12.405466477362378 -0.23451977821820735 -6.668225221857012
13.20466345978458 -0.1068459575113474 -8.497154848385426
14.002449813450426 -3.3351710209617886 -9.467440486021196
12.016607654858232 -3.275506130654632 -9.23750349025382
13.010234048532507 -1.6273391337295595 -9.781793982583828
15.189094989620418 -3.5225097319758047 -7.868447855260164
14.389898007198216 -3.650183552682665 -6.039518228731751
15.383524400872492 -2.002016555757592 -6.58380872106176
-5.0600279048342465 10.625206220346337 5.725232793335927
-6.388229696199957 10.049977337736149 7.1054471730697255
-4.4412966407031425 13.989201287260734 6.273602023474095
-3.7790642406228914 12.107743855578525 6.126747738375805
-3.826302367777248 13.015052608200524 7.908477063149482
-7.097700223434565 12.838743522040359 9.034030782941693
-6.435467823354313 10.957286090358147 8.887176497843402
-5.154504159142959 12.439823725590335 9.28869144288328
-7.712694496360459 13.81289220110057 7.399155743266306
-7.665456369206103 12.905583448478572 5.617426418492629
-6.3844927049947495 14.388121083710757 6.018941363532507
-3.9317901673917146 -5.4116449014842845 -11.833908922821898
-2.6360523826208224 -5.329516457558341 -15.045500196912567
-3.18091561021462 -4.378154736443933 -13.37276742123849
-4.254086371370717 -4.153945952973395 -15.045500196912569
-6.284143019287208 -6.948079220697969 -15.313248751427537
-6.829006246881005 -5.996717499583561 -13.64051597575346
-6.078131689703911 -4.96322733454321 -15.179374474170054
-4.666109030537314 -8.123649725282915 -15.313248751427537
-3.5929382693812166 -8.347858508753452 -13.640515975753459
-2.842063712204122 -7.3143683437131015 -15.17937447417005
1.9146383881376883 -4.698324472055157 12.063875296041237
0.7591180799809987 -4.423203228383338 15.317962129350688
1.2297869403718822 -3.5739612928878164 13.56946021089187
2.374112352906893 -3.251816533701914 15.177795407408952
4.417471800582631 -6.027640068346213 15.523462692683582
4.888140660973515 -5.178398132850692 13.774960774224764
4.203289213207709 -4.0540349536833515 15.280545689075398
2.8024775276567366 -7.1990267630276366 15.66362941462532
1.6581521151217267 -7.521171522213539 14.055294218108239
0.9733006673559208 -6.3968083430461995 15.560879132958872
-15.17894686057304 -3.227521450587941 -5.222239406470654
-14.156430246442214 -4.298967640032425 -3.878192220933134
-14.05691416505798 -4.771866966872406 -5.818929909602116
-17.123335015841437 -5.6236021675390395 -2.677018021304507
-15.128624324076412 -5.497007998507973 -2.605581528350061
-16.001302320326378 -7.167947683823505 -3.2737085244359694
-16.92430285307297 -6.569400821219003 -6.558493398642469
-14.929592161307946 -6.442806652187937 -6.487056905688023
-15.901786238942144 -7.640847010663486 -5.214446213104949
-18.046335548588033 -5.025055304934538 -5.961802895511009
-17.173657552338064 -3.354115619619006 -5.2936758994251
-18.145851629972263 -4.552155978094556 -4.021065206842026
12.648682106606984 -3.253819503590475 5.470572133394335
11.598675182113334 -4.378294164503692 4.192666739603585
11.488824606087292 -4.7309123368240185 6.158269261858839
14.53061565873932 -5.846600804463762 3.075616761952021
12.539641958179502 -5.674684814940335 2.995189053882426
13.37075815821963 -7.323693637697305 3.763313890416523
14.310914506687237 -6.551837149104416 7.006821806462531
12.31994080612742 -6.37992115958099 6.926394098392936
13.260907582193587 -7.676311810017632 5.7289164126717775
15.470772007206927 -5.074744315870872 6.319124677998028
14.6396558071668 -3.425735493113903 5.550999841463931
15.580622583232968 -4.722126143550546 4.353522155742773
-3.6059807103818304 -6.664508272041435 12.555422465623012
-3.4786587066317955 -7.540726792239992 10.762093100385794
-2.121348157029971 -10.365242670558967 12.238513814499349
-2.736342429955866 -9.391093991498758 10.603638774823962
-3.7827255154616624 -10.950630813080425 11.291335903288465
-5.698746881393423 -9.783581915204769 13.930816722552018
-6.3137411543193185 -8.809433236144558 12.295941682876633
-5.571424877643389 -10.659800435403323 12.1374873573148
-4.037369522961732 -9.19819377268331 14.877994633762903
-2.9909864374559354 -7.638656951101643 14.1902975052984
-2.248670160780005 -9.48902415036041 14.031843179736567
2.128820975512607 13.991307286193546 -0.4637904054000179
1.8445073428055865 12.794885570725834 -2.041047783577161
0.6127765576688013 15.477496633065835 -3.8539011039418734
1.0864851338836838 13.537980244161979 -3.7361031328480885
2.184427460912899 14.768610619836206 -4.86750559218145
4.324705629571037 16.452568037542004 -2.726595324066741
4.798414205785919 14.513051648638147 -2.6087973529729562
4.040391996864017 15.25614632207429 -4.303852702243884
2.7530547263269387 17.16145405077163 -1.712990835827164
1.6551123992977232 15.930823675097402 -0.5815883764938019
0.8970901903758208 16.673918348533547 -2.27664372576473
-5.224014699131721 13.68463884220416 0.7055004349527494
-6.0966926953816865 12.147573434146112 -0.23037511564812857
-5.267358068813516 13.624981811801835 -1.2931397004964023
-9.202398953307442 13.281164102310322 0.8038206281701401
-8.085884822469545 11.945836064199195 -0.1812150190394333
-9.245742322989237 13.221507071907999 -1.1948195072790118
-7.543729700171106 16.23598085762177 -1.3217085415264076
-6.427215569333209 14.90065281951064 -2.3067441887359807
-8.41640769642107 14.69891544956372 -2.2575840921272854
-7.500386330489309 16.295637888024093 0.6769315939227443
-6.340528829969617 15.01996688031529 1.6905360821623228
-8.329720957057479 14.81822951036837 1.7396961787710183
2.9888414269208163 -15.435977070787338 -5.753758629605212
5.431786143091277 -16.27545037352413 -2.6996948307092214
6.951393707879001 -15.17061078311571 -6.231000867929174
6.085997379051193 -16.9625993975584 -6.031336149565822
4.1047212385721 -17.095282541394216 -5.7927150304038415
5.3261935966573315 -17.51501919276261 -4.265683130955846
-15.337722455734998 -1.5607995153219703 6.5288953366339015
-17.02451324324011 0.31943038392305056 3.4273679120940295
-16.293234095918514 2.3126705690907103 6.8173862561336875
-17.73561293701064 0.9282791631433129 6.7625801076764125
-17.25785711691888 -1.0084558790630278 6.6183346479265195
-18.10125251067144 -0.06834092944051684 5.067570935656582
13.411591384444545 5.743403561975036 1.4542510525925996
14.791678747999278 1.9899228861317182 1.536358817312689
14.258026494021102 3.9998097930727656 4.953312122982956
15.736840597462946 4.516341362508913 3.7098074043600904
15.313623042674667 5.388138246960049 1.9602768691649128
16.00366672445203 3.5113979090383887 2.001330751524957
0.7472709627378018 3.385456908862063 -16.37951669614809
2.947350690193729 6.668970230550933 -15.764545591843849
-0.9960585525461259 6.985488847318861 -16.355595090205195
0.20338685572318804 6.46528073626476 -17.86910565633124
1.0750516133651518 4.665264767036361 -17.881066459302687
2.1750914770931153 6.307021427880796 -17.573580907150568
0.8059215243092585 -16.260357104383335 4.591764580228457
2.9633001759757853 -17.10881221036826 1.3320343327291901
-0.9801090667640697 -17.77901438157697 1.3508118187434845
0.23414196471912874 -18.92434181300597 2.45254659052762
1.1271572602557929 -18.165013174409154 4.073022971270106
2.205846586089056 -18.589240727401616 2.4431578475204736
-15.713562028554078 6.011346282070357 -1.755194826074096
-17.18715745255161 2.295420578255624 -1.6123218401651984
-16.605977122932952 4.082067464452855 -5.1436278773851525
-18.07047244405071 4.709317549068661 -3.9345742037322156
-17.624264896861273 5.6739569578774125 -2.2403576780766867
-18.36106260886004 3.8159941059700464 -2.1689211851222385
13.992033189439425 -6.910383042219218 -7.377008572410964
12.01139934285273 -6.764413757987427 -7.140825309210435
12.805388013269432 -6.7230443312052 -8.976001203171998
13.992033189439425 -3.5077798088110557 -9.479933020887499
12.01139934285273 -3.3618105245792655 -9.243749757686968
12.805388013269432 -5.02174271450112 -10.027463427410266
15.178678365609418 -3.695118519825072 -7.880940390126464
14.384689695192716 -3.7364879466072987 -6.0457644961648995
15.178678365609418 -5.396420136529152 -6.829478165888197
-10.580622693489307 11.605786772150559 7.162875041447013
-9.838306416813376 9.755419572891793 7.00442071588518
-9.96562842056341 10.631638093090348 8.7977500811224
-7.257867976625922 12.776563057193473 9.057230863868782
-6.5155516999499925 10.926195857934706 8.898776538306949
-8.30425106213172 11.217026235611804 9.744927992333285
-7.872862249551818 13.750711736253683 7.422355824193395
-7.7455402458017835 12.874493216055129 5.629026458956175
-9.53423960798351 13.165323593732227 6.47517791298251
-6.381866888005133 -10.485187820207976 -13.161164206342304
-6.877868181239967 -9.466573416042644 -11.513011478972576
-7.999900876755028 -9.30961731562303 -13.161164206342304
-6.381866888005132 -7.082584586799815 -15.26408865481884
-6.877868181239967 -6.063970182634483 -13.615935927449112
-7.999900876755028 -7.608315698918949 -14.212626430580572
-4.763832899255238 -8.25815509138476 -15.26408865481884
-3.641800203740179 -8.415111191804375 -13.615935927449112
-4.763832899255239 -9.95945670808884 -14.212626430580572
4.426461717843336 -9.6868804743739 13.583866363361038
4.849292249922071 -8.768976982970939 11.85798469835261
6.04145599076923 -8.515493779692475 13.4436996414193
4.513148457206928 -6.164963180161091 15.478222185782801
4.935978989285662 -5.24705968875813 13.752340520774373
6.084799360451026 -6.754535132586071 14.390877552630181
2.898154184281034 -7.336349874842515 15.61838890772454
1.7059904434338748 -7.589833078120977 14.03267396465785
2.854810814599238 -9.09730852194892 14.671210996513658
-14.156430246442213 -1.5462037990900783 -5.579493837637214
-14.056914165057977 -3.070565350168327 -6.870392133840383
-17.123335015841434 0.12055363595494684 -6.227101544538759
-15.128624324076409 0.1278337441813655 -6.081924906671267
-16.001302320326374 0.27750973637456067 -7.875254271908488
-16.924302853072966 -2.92816946620155 -8.808898136945096
-14.92959216130794 -2.920889357975131 -8.663721499077603
-15.901786238942137 -1.2468518147036871 -9.166152568111656
-18.046335548588026 -3.0851255666211643 -7.160745409575368
-17.173657552338064 -3.23480155881436 -5.367416044338147
-18.145851629972263 -1.5607640155429159 -5.8698471133722
11.668806227445433 -1.5290032207024997 5.725232793335925
11.532167975769088 -2.969953689717614 7.105447173069724
14.676957181051517 0.09897682455496226 6.273602023474089
12.6829437646677 0.14739494337021908 6.126747738375801
13.560443050213623 0.3828426384278232 7.908477063149475
14.40368067769883 -2.7829241134752674 9.034030782941684
12.409667261315011 -2.73450599466001 8.887176497843399
13.423804798537278 -1.0581078305872915 9.288691442883275
15.520194808536724 -3.0667899273481285 7.399155743266299
14.6426955229908 -3.302237622405733 5.617426418492625
15.656833060213067 -1.6258394583330136 6.0189413635325
-3.408527661299698 -4.691435848438799 12.294659154118133
-1.9750066347177748 -4.4196650415402425 15.436499076021414
-2.5930406234676693 -3.569014233188203 13.735197459317336
-3.5930406234676697 -3.2440945369552963 15.436499076021414
-5.605980710381831 -6.0146688795756225 15.95802569903117
-6.2240146991317244 -5.164018071223583 14.256724082327091
-5.408527661299698 -4.041596455972986 15.697262387526292
-3.987946721631937 -7.190239384160568 15.958025699031172
-2.9879467216319364 -7.515159080393473 14.256724082327091
-2.172459683799908 -6.392737465142877 15.697262387526292
1.9146383881376838 12.891412673584673 1.1928198868592608
0.7591180799809965 15.678918458590564 2.8941676808144408
1.22978694037188 13.735218259783185 2.8717989299664906
2.37411235290689 15.02968947576326 3.879203328024015
4.417471800582628 16.58024971815369 1.5510183907150323
4.8881406609735105 14.63654951934631 1.5286496398670812
4.2032892132077055 15.480355105544822 3.2076286829743106
2.8024775276567335 17.229478700980994 0.5659827435054584
1.6581521151217224 15.935007485000922 -0.44142165455206617
0.9733006673559179 16.778813071199433 1.237557388555163
1.6209972295672777 -15.433395300187206 -5.222239406470649
0.28601633843933405 -14.792019292394649 -3.8781922209331308
-0.1944898082647501 -14.843507803340044 -5.818929909602111
-0.056961966218940036 -18.023047986894323 -2.677018021304502
-0.5529632594537746 -16.086845635748208 -2.6055815283500565
-1.8724490040509685 -17.43316049004716 -3.2737085244359645
-1.0179742596271097 -18.12602500878511 -6.558493398642464
-1.5139755528619436 -16.189822657638995 -6.48705690568802
-2.3529551507550526 -17.484649000992555 -5.214446213104945
0.7975127782049186 -18.71591250563227 -5.961802895511002
2.1169985228021124 -17.36959765133332 -5.293675899425095
1.2780189249090028 -18.664423994686878 -4.021065206842021
-14.934320602572082 -2.8908222918029143 6.057913959888062
-13.969595148016984 -4.0418111884504935 4.7371076314933775
-13.78550023140672 -4.398297735630858 6.696450991743869
-16.98402799305669 -5.431862499983457 3.7466774350376597
-14.994448843259287 -5.312331292540766 3.581489369068177
-15.835207621891328 -6.9393379438114025 4.385214466893467
-16.615838159836162 -6.144835594344185 7.66536415553864
-14.62625901003876 -6.025304386901492 7.500176089569158
-15.651112705281065 -7.295824490991763 6.344557827143957
-17.764658531001523 -4.6373601505162405 7.026827123682835
-16.923899752369483 -3.010353499245605 6.2231020258575445
-17.948753447611786 -4.280873603335877 5.067483763432344
12.648682106606978 6.3481807857429 -0.46379040540001437
11.598675182113329 5.708067810166593 -2.0410477835771563
11.488824606087285 7.623851793451706 -1.4773948936395902
14.530615658739315 5.365594628202198 -3.853901103941871
12.539641958179498 5.2167747313962405 -3.7361031328480845
13.370758158219623 6.641265635911002 -4.8675055921814465
14.310914506687228 9.197162594772422 -2.726595324066739
12.31994080612741 9.048342697966467 -2.6087973529729522
13.260907582193578 8.557049619196116 -4.303852702243882
15.47077200720692 7.921491587063619 -1.712990835827163
14.639655807166797 6.497000682548857 -0.5815883764938004
15.580622583232964 6.0057076037785055 -2.2766437257647287
-3.605980710381826 14.21036995432329 -0.3459617892855178
-3.4786587066317907 12.99822424249815 -1.9316767323522086
-2.1213481570299644 15.581936976046576 -3.7977251193023744
-2.7363424299558603 13.684007753359792 -3.6575583973606367
-3.782725515461656 14.996548833525118 -4.7449030305132585
-5.698746881393419 16.835452114653943 -2.520651055590761
-6.313741154319313 14.937522891967161 -2.3804843336490236
-5.571424877643383 15.623306402828803 -4.106365998657452
-4.037369522961726 17.4208402571754 -1.5734731443798766
-2.99098643745593 16.108299177010075 -0.4861285112272553
-2.2486701607799993 16.794082687871715 -2.212010176235683
14.629174264920259 -0.7395472567063046 0.7055004349527617
13.4370105240731 -2.044492684223031 -0.23037511564811758
14.585830895238463 -0.7992042871086273 -1.2931397004963898
15.474835329077731 -4.647896077394366 0.8038206281701551
13.859841056151838 -3.998667094567062 -0.18121501903942086
15.431491959395936 -4.707553107796689 -1.1948195072789964
17.772476071408455 -2.1573192831655583 -1.3217085415263896
16.15748179848256 -1.5080903003382549 -2.3067441887359657
16.5803123305613 -3.4622647106822853 -2.257584092127269
17.81581944109025 -2.0976622527632345 0.6769315939227621
16.244168537846154 -1.3887762395336078 1.690536082162338
16.666999069924888 -3.342950649877638 1.7396961787710343
2.9888414269208163 1.7568606371123878 -16.379516696148087
5.431786143091277 4.863922215936606 -15.764545591843843
6.951393707879 1.2113267908276688 -16.355595090205185
6.085997379051193 2.1913140153750934 -17.86910565633123
4.104721238572101 2.464080938517453 -17.881066459302684
5.3261935966573315 4.017611727929562 -17.57358090715056
3.2552083441510895 -15.069354461699941 6.528895336633909
5.564660261255225 -16.092564839584714 3.427367912094038
7.2343666437458936 -14.781131950205864 6.817386256133693
6.363451750240921 -16.580716217297155 6.7625801076764205
4.373872600443519 -16.724827473044193 6.61833464792653
5.528598558995587 -17.23643266198658 5.067570935656595
-15.630549452783468 6.125603290532776 2.072663203890001
-17.104144876781 2.4096775867180416 2.215536189798895
-16.3728657294594 4.402917771885702 5.6055545338385535
-17.889165195844615 4.958865567549915 4.425826608960953
-17.51800705750665 5.820208326873452 2.659380943986676
-18.254804769505416 3.9622454749660854 2.7308174369411238
1.4516528170820981 4.35495535828953 16.10078779125015
3.618784010318161 7.5931189131721535 15.196443175999313
-0.2957296526338291 7.949408883541631 15.937820434604069
0.968817692554689 7.51880590145078 17.42627637402288
1.8425089274126527 5.72157913882473 17.50776005234592
2.9260745240306845 7.3406609162660414 17.0555877447205
0.805921524309251 11.378851859991197 -12.490205981915802
2.9633001759757764 8.842701149870786 -14.70688298339555
-0.9801090667640777 9.159219766638714 -15.297932481756895
0.23414196471911908 10.656847302426627 -15.829633710448176
1.1271572602557836 11.766663349102869 -14.425770460527628
2.205846586089046 10.498587994042662 -15.534108961267503
10.572887762257745 -13.086877401232055 -1.7551948260740937
7.494198436424482 -15.63663412392107 -1.612321840165197
9.013806001212206 -14.531794533512652 -5.143627877385151
10.062910223940738 -15.730781415876049 -3.934574203732214
10.842451104463509 -15.008322849735752 -2.2403576780766854
9.303106441546877 -16.283201211080257 -2.1689211851222367
-16.91897124405275 -6.503588737001067 -6.718801560138116
-14.926926356797836 -6.409900610078969 -6.567210986435846
-15.796938548537689 -6.346632636581452 -8.366954287507845
-16.91897124405275 -3.1009855035929066 -8.82172600861465
-14.926926356797834 -3.0072973766708087 -8.670135434912382
-15.796938548537689 -4.645331019877371 -9.418416511746113
-18.04100393956781 -3.257941604012522 -7.173573281244923
-17.170991747827955 -3.3212095775100394 -5.373829980172923
-18.04100393956781 -4.959243220716602 -6.122111057006656
14.30735135974332 -6.476384813416892 7.162875041447007
12.31815923265546 -6.342194991737227 7.004420715885174
13.190837228905425 -6.192518999544031 8.797750081122393
14.394038099106913 -2.9544675192040852 9.057230863868774
12.404845972019054 -2.820277697524419 8.898776538306942
13.234180598587221 -4.431560352437627 9.744927992333277
15.510552229944807 -3.2383333330769464 7.422355824193389
14.637874233694843 -3.3880093252701426 5.629026458956169
15.467208860263012 -4.99929198018335 6.475177912982504
-5.792254941836221 -9.67365659740727 14.026894973292292
-6.360495184540717 -8.754470577245808 12.34398080824677
-7.410288930586116 -8.498086092822323 14.026894973292293
-5.705568202472628 -6.1517393031944625 15.92125079571406
-6.273808445177123 -5.232553283033003 14.238336630668538
-7.366945560904319 -6.7371274457159185 14.974072884503178
-4.0875342137227335 -7.327309807779408 15.92125079571406
-3.037740467677335 -7.583694292202894 14.238336630668538
-4.13087758340453 -9.08826845488581 14.974072884503176
4.426461717843333 16.481884080422347 -2.589319575096561
4.849292249922067 14.527709670078318 -2.5401594784878667
6.041455990769227 15.832655097595044 -1.604283927886987
4.513148457206926 16.601198141226995 1.4079606958017417
4.93597898928566 14.647023730882964 1.4571207924104361
6.084799360451022 15.892312127997364 0.3943562075621645
2.898154184281031 17.250427124054298 0.4229250485921676
1.7059904434338722 15.945481696537573 -0.5129505020087121
2.8548108145992352 17.190770093651977 -1.5757150868569836
2.904050327189228 -13.941368484042613 -5.57949383763721
1.4235441804851439 -14.317776691220914 -6.870392133840379
5.406054841308638 -16.248006225277205 -6.22710154453875
4.796579133059908 -14.348673946587612 -6.081924906671262
5.208601792226505 -15.132387616310911 -7.8752542719084815
2.4450425479004703 -17.000822639633803 -8.808898136945086
1.8355668396517402 -15.101490360944211 -8.663721499077598
3.728095645522421 -15.50879582348921 -9.166152568111649
2.642495596982604 -18.116441248600097 -7.160745409575357
2.2304729378160078 -17.3327275788768 -5.367416044338136
4.123001743686689 -17.740033041421796 -5.869847113372188
-13.899464102684886 -1.1925202446493044 6.269673685225722
-13.742156861724926 -2.6373390885244556 7.643628902954756
-16.837686470744497 0.5137151290352624 6.944662696559732
-14.851147036771094 0.5097484657697842 6.7130480535615575
-15.64552272989734 0.767198332313721 8.530377639626426
-16.523071988824572 -2.3759225587150405 9.6925731320178
-14.53653255485117 -2.3798892219805188 9.460958489019625
-15.488215488937376 -0.6776205115614304 9.90433285735546
-17.71523572967173 -2.6294057619934996 8.106858188951106
-16.920860036545484 -2.886855628537436 6.2895286028862385
-17.87254297063169 -1.1845869181183475 6.732902971222073
11.66880622744543 5.804594913025436 1.1928198868592643
11.532167975769086 7.68350882385403 0.5212452418095603
14.676957181051513 5.567016453726927 2.8941676808144434
12.682943764667696 5.41401274701745 2.871798929966493
13.560443050213621 6.902344491838056 3.879203328024018
14.403680677698826 9.324844275384113 1.5510183907150354
12.40966726131501 9.171840568674636 1.5286496398670852
13.423804798537278 8.781258402666648 3.2076286829743133
15.52019480853672 7.9895162372729835 0.5659827435054606
14.642695522990797 6.501184492452378 -0.4414216545520637
15.656833060213064 6.110602326444391 1.2375573885551647
-3.4085276612996926 13.094751345357 1.302190938084213
-1.975006634717768 15.783358801571321 2.9503436654539392
-2.5930406234676644 13.881245768981014 2.950343665453942
-3.593040623467664 15.25762768945219 4.001805889692207
-5.605980710381823 16.963133795265644 1.7569626591910128
-6.22401469913172 15.061020762675339 1.7569626591910157
-5.408527661299692 15.847515186299352 3.405115386560744
-3.9879467216319284 17.488864907384777 0.7055004349527452
-2.987946721631929 16.1124829869136 -0.34596178928552046
-2.1724596837999 16.898977410537615 1.302190938084208
1.6209972295672723 2.231111279910258 -16.139504867467053
0.2860163384393294 3.1464315581296076 -14.964764552076586
-0.1944898082647556 1.433609360892569 -15.878741555962174
-0.05696196621894324 5.665754383035743 -17.317503038700355
-0.552963259453779 4.86375310969235 -15.553763637693237
-1.8724490040509718 4.868252464018054 -17.056739727195477
-1.017974259627114 2.2401099885616658 -19.14545704647153
-1.513975552861949 1.4381087152182734 -17.381717645464413
-2.352955150755056 3.1554302667810155 -17.970716731081065
0.797512778204915 3.037611907579355 -19.40622035797641
2.116998522802108 3.033112553253651 -17.90324426847417
1.278018924909 4.750434104816393 -18.49224335409082
1.8656234875682278 -15.096696141402177 6.057913959888064
0.4728514368645553 -14.534862840812721 4.73710763149338
0.07692412538650134 -14.469938572098496 6.696450991743871
0.08234505656579905 -17.831308319338746 3.7466774350376655
-0.41878777863665906 -15.902168929781006 3.581489369068181
-1.7063543056159285 -17.20455075003506 4.385214466893474
-0.7095095663903097 -17.70145978191029 7.665364155538647
-1.2106424015927677 -15.772320392352551 7.5001760895691625
-2.1022816170939826 -17.139626481320835 6.344557827143964
1.0791897957914172 -18.328217351213972 7.026827123682841
2.366756322770686 -17.025835530959917 6.223102025857549
1.4751171072694715 -18.3931416199282 5.0674837634323495
-14.934320602572075 6.711177997530465 0.12355142109370787
-13.969595148016976 6.044550786219789 -1.4966068916873638
-13.785500231406713 7.956466394644867 -0.9392131637545651
-16.98402799305668 5.780332932682494 -3.1828404308562335
-14.99444884325928 5.579128253795804 -3.149802817662335
-15.83520762189132 7.0256213297968975 -4.2456050157045055
-16.61583815983615 9.60416414953265 -2.068052974990635
-14.626259010038753 9.40295947064596 -2.0350153617967366
-15.651112705281054 8.937536938221976 -3.6882112877717077
-17.764658531001515 8.35887575241825 -1.0052883901423617
-16.923899752369476 6.912382676417155 0.09051380789980978
-17.94875344761178 6.446960143993171 -1.5626821180751609
14.629174264920259 0.9617543599977761 -0.34596178928550625
13.437010524073102 0.7082711567193166 -1.9316767323521982
15.474835329077733 2.7975613428037054 -3.7977251193023607
13.859841056151838 1.6261746481222812 -3.657558397360625
15.431491959395936 1.0366026956973018 -4.744903030513245
17.772476071408455 -0.21738954485218254 -2.5206510555907458
16.157481798482564 -1.388776239533606 -2.3804843336490107
16.5803123305613 -0.47087274813064184 -4.106365998657438
17.81581944109025 1.5435691022542204 -1.5734731443798609
16.244168537846154 2.1331410546791996 -0.48612851122724043
16.666999069924888 3.0510445460821645 -2.212010176235669
-17.049001353098134 -0.32265684252268767 1.38004329468588
-15.93248722226024 -1.6579848806338162 0.3950076474763051
-17.092344722779934 -0.3823138729250104 -0.6185968407632716
-17.992223432130405 -4.207463643509769 1.5164552759432743
-16.404098261776376 -3.6003882811273566 0.46321363810500227
-18.0355668018122 -4.267120673912091 -0.48218485950587736
-20.31193843316979 -1.6561216280921576 -0.5107537005358791
-18.723813262815757 -1.0490462657097448 -1.5639953383741512
-19.195424302331894 -2.9914496662032857 -1.495789347745454
-20.26859506348799 -1.596464597689835 1.4878864349132725
-18.637126523452164 -0.9297322049050998 2.433284932524152
-19.1087375629683 -2.8721356053986407 2.5014909231528493
3.6932232812651127 2.7263590865398504 16.10078779125015
6.103219463215707 5.788070898557824 15.196443175999315
7.651722607791298 2.17524682705044 15.937820434604072
6.8514282158826925 3.244839180561114 17.426276374022883
4.8721785526196 3.520395310305819 17.507760052345922
6.077176643594897 5.051251216314806 17.055587744720505
3.255208344151089 12.578841706958073 -10.55862962322139
5.564660261255227 10.26234483686439 -12.860862038385024
7.234366643745892 12.707978804045958 -10.171818510504211
6.36345175024092 13.463757245122844 -11.805925666193401
4.3738726004435176 13.399188696578902 -11.99933122255199
5.528598558995587 12.24094026153206 -13.150447430133807
10.655900338028358 -12.972620392769636 2.072663203890001
7.577211012195095 -15.52237711545865 2.2155361897988977
9.246917394685761 -14.2109442260798 5.605554533838555
10.244217472146834 -15.48123339739479 4.4258266089609535
10.948708943818133 -14.86207148073971 2.659380943986677
9.409364280901501 -16.136949842084213 2.7308174369411256
1.3314526674044664 12.102183423992011 11.742972996314416
3.5860966749045344 9.699906991129087 14.011375151919857
-0.3284169880474559 10.056196961498564 14.75275241052461
0.9057872866111861 11.581287780447925 15.14113083728221
1.7357221143371473 12.604281011694647 13.636241130177112
2.8630441180871813 11.403142795263186 14.770442207979833
10.572887762257741 4.282735518529087 -12.490205981915787
7.4941984364244805 5.55081087358929 -14.706882983395541
9.013806001212203 1.8982154484803546 -15.297932481756881
10.062910223940735 3.5158291641928994 -15.829633710448162
10.842451104463503 4.708089199217266 -14.425770460527614
9.303106441546873 5.3421268767473675 -15.534108961267492
-12.230757975988938 -13.431590918401618 -4.6840301878690305
-8.99468999848915 -15.782731927571511 -4.684030187869031
-10.23075797598894 -14.081430310867429 -8.086633421277192
-11.300889021321039 -15.554339334197447 -7.258769570870952
-12.300889021321039 -15.22941963796454 -5.557467954166873
-10.682855032571144 -16.404990142549487 -5.557467954166872
-0.9570308058752881 -18.10061729482552 -6.718801560138106
-1.4835038259860334 -16.1771188006592 -6.56721098643584
-1.1544838549574212 -16.984998685859225 -8.366954287507836
2.279037171624501 -17.049155070587254 -8.821726008614643
1.7525641515137556 -15.125656576420939 -8.670135434912376
0.46355013379247323 -16.459267573740092 -9.418416511746106
2.476490220706635 -18.164773679553548 -7.173573281244914
2.1474702496780225 -17.356893794353525 -5.373829980172916
0.8584562319567403 -18.69050479167268 -6.122111057006644
-16.60365307374886 -6.069590508198751 7.821082053719859
-14.620166466995109 -5.987681843828776 7.578035038659766
-15.411489332901702 -5.816107304920293 9.406796996786552
-16.51696633438527 -2.5476732139859477 9.715437876141634
-14.53347972763152 -2.465764549615973 9.47239086108154
-15.368145963219908 -4.0551486578138904 10.35397490799744
-17.709130075232427 -2.8011564172644063 8.12972293307494
-16.917807209325833 -2.9727309561728887 6.300960974948153
-17.75247344491422 -4.562115064370808 7.182545021864055
14.307351359743313 9.302997541054342 -2.5893195750965616
12.318159232655454 9.101260171107425 -2.5401594784878654
13.19083722890542 10.638325579165471 -1.6042839278869878
14.39403809910691 9.422311601858992 1.4079606958017417
12.40484597201905 9.220574231912073 1.457120792410438
13.234180598587216 10.697982609567795 0.39435620756216394
15.510552229944803 8.086983563747863 0.42292504859216706
14.637874233694838 6.5499181556898165 -0.5129505020087106
15.467208860263005 8.027326533345539 -1.5757150868569845
-5.792254941836216 16.872227017971063 -2.379363362410465
-6.360495184540712 14.955910343625723 -2.309840487058876
-7.410288930586111 16.346495905851928 -1.3279011381721977
-5.705568202472623 16.99154107877571 1.6179169084878386
-6.27380844517712 15.07522440443037 1.6874397838394277
-7.366945560904314 16.406152936254255 0.6707389972769544
-4.087534213722728 17.517272190894843 0.5664546842495712
-3.0377404676773296 16.126686628668637 -0.4154846646371071
-4.130877583404524 17.457615160492516 -1.4321854511995806
2.904050327189222 1.2443185255393008 -14.964764552076586
1.423544180485138 0.25803885630762347 -15.878741555962176
5.406054841308631 1.696640341158882 -17.317503038700355
4.796579133059902 0.9770830561636119 -15.553763637693237
5.208601792226498 -0.2764320824437534 -17.056739727195477
2.445042547900463 -0.2759189973044722 -19.14545704647153
1.835566839651734 -0.9954762822997423 -17.381717645464416
3.7280956455224135 -1.2627117516754307 -17.970716731081065
2.642495596982596 1.6971534262981633 -19.40622035797641
2.2304729378160006 2.9506685649055284 -17.903244268474168
4.123001743686681 2.683433095529841 -18.49224335409082
3.1610164709465485 -13.587684929601837 6.269673685225721
1.738301483818193 -13.884550429577038 7.643628902954756
5.691703386405575 -15.854844732196883 6.944662696559735
5.074056420365221 -13.966759224999189 6.7130480535615575
5.56438138265554 -14.642699020371742 8.530377639626426
2.8462734121488635 -16.448575732147283 9.692573132017802
2.2286264461085104 -14.560490224949591 9.460958489019625
4.141666395527184 -14.939564520346943 9.90433285735546
2.9735954158988993 -17.660721443972427 8.106858188951112
2.483270453608581 -16.98478164859987 6.289528602886243
4.396310403027255 -17.363855943997223 6.732902971222077
-13.899464102684881 6.141077889078635 1.7372607787490575
-13.742156861724919 8.01612342504719 1.0594269716945883
-16.83768647074449 5.981754758207233 3.565228353900081
-14.851147036771088 5.776366269417018 3.458099245152244
-15.645522729897335 7.2867001857239595 4.50110390450096
-16.52307198882457 9.731845830144346 2.209560739791142
-14.536532554851165 9.526457341354131 2.1024316310433053
-15.488215488937374 9.161745721692517 3.823270097446491
-17.715235729671726 8.426900402627618 1.273685189190262
-16.920860036545477 6.9165664863206775 0.23068052984154597
-17.872542970631685 6.5518548666590615 1.9515189962447317
13.507141569405198 0.8047982595781604 1.3021909380842234
15.621176851389922 2.998983168328442 2.9503436654539534
14.00314286264003 1.8234126637434933 2.9503436654539525
15.621176851389924 1.2976815516243618 4.001805889692221
17.865242242420045 -0.0897078642404876 1.7569626591910326
16.247208253670152 -1.2652783688254359 1.756962659191032
16.743209546904986 -0.24666396466010299 3.4051153865607606
17.865242242420045 1.6115937524635924 0.7055004349527637
16.24720825367015 2.137324864582724 -0.34596178928550514
16.743209546904982 3.1559392687480576 1.3021909380842243
2.3156549407981126 3.187225594564276 15.892402025279624
0.9298620569092713 4.032609164604412 14.724110665014882
0.49160962246491957 2.3779442129944615 15.758527748022138
0.6858550446583347 6.688154287025676 16.93511511565649
0.11496210883938252 5.783073510835112 15.245467210203314
-1.138190273674858 5.878872905455863 16.801240838399004
-0.1906498242303688 3.378824383805776 19.003949281671
-0.7615427600493205 2.4737436076152117 17.314301376217827
-1.5764427081192098 4.224207953845912 17.83565792140626
1.633395494102824 4.18810576537559 19.13782355892849
2.8865478766170645 4.09230637075484 17.5820499307328
2.0716479285471756 5.842770716985541 18.103406475921233
1.8656234875682285 12.169810728028663 -10.7937140399027
0.47285143686455633 10.737186143439473 -10.881877606126743
0.07692412538650181 12.460641105705763 -9.947562585876364
0.0823450565657973 11.32553367976329 -14.273241925017837
-0.41878777863665917 10.315047619306787 -12.62164154868431
-1.7063543056159296 11.61636405744039 -13.427090470991502
-0.709509566390312 14.772443604295868 -12.404611884517081
-1.2106424015927686 13.761957543839365 -10.753011508183556
-2.1022816170939844 13.33981901970668 -12.492775450741124
1.079189795791415 14.48161322661877 -13.250763338543416
2.3667563227706854 13.180296788485165 -12.445314416236224
1.4751171072694695 12.75815826435248 -14.185078358793794
10.997668432206687 -12.129514872004997 0.12355142109371053
10.065551718586383 -11.418005579222346 -1.496606891687363
11.827003058774855 -10.652106494349272 -0.9392131637545623
10.745776584777516 -14.36654938639179 -3.1828404308562313
9.939605794871797 -12.536522836415742 -3.1498028176623336
11.575111211345684 -12.889141008736066 -4.245605015704504
14.268679265154462 -12.834751216645646 -2.0680529749906307
13.462508475248743 -11.004724666669599 -2.0350153617967326
13.336562551534158 -12.123241923862995 -3.688211287771704
13.439344638586295 -14.31215959430137 -1.0052883901423577
11.803839222112407 -13.959541421981045 0.09051380789981245
11.677893298397821 -15.078058679174442 -1.5626821180751582
-17.049001353098134 1.3786447741813928 0.3285810704476124
-15.932487222260239 1.0947789603085316 -1.3062939692277746
-17.992223432130405 3.2379937766883 -3.0850904715292393
-16.404098261776376 2.024453461561985 -3.0131297402162005
-18.0355668018122 1.4770351295818962 -4.0322683827401224
-20.311938433169786 0.2838081102212151 -1.7096962146002328
-18.723813262815757 -0.9297322049050996 -1.6377354832871938
-19.195424302331894 -0.000057703651646257015 -3.3445712542756203
-20.268595063487993 2.0447667573276185 -0.762518303389349
-18.637126523452164 2.5921850893077076 0.2566203391345734
-19.1087375629683 3.5218595905611614 -1.4502154318538523
4.961566262620375 -16.314270280879747 1.3800432946858825
3.346571989694481 -15.665041298052442 0.39500764747630807
4.91822289293858 -16.373927311282067 -0.6185968407632692
1.5583670918845218 -18.411799106825228 1.5164552759432748
1.6449724043265543 -16.713805711025184 0.46321363810500416
1.5150237222027267 -18.471456137227552 -0.482184859505877
4.70166889837272 -19.82957113328448 -0.5107537005358793
4.788274210814752 -18.131577737484438 -1.5639953383741494
3.0866746254468254 -19.18034215045718 -1.4957893477454542
4.7450122680545155 -19.76991410288216 1.4878864349132723
4.874960950178343 -18.012263676679794 2.4332849325241535
3.173361364810417 -19.061028089652535 2.5014909231528497
3.693223281265105 13.18171754729814 9.639020897937744
6.1032194632157015 11.00360798554619 11.97306398665489
7.65172260779129 13.28242000735888 9.073209890242195
6.851428215882684 14.135399230047614 10.695540106918491
4.872178552619592 14.085048000017245 10.978445610766265
6.077176643594889 12.995993219141269 12.145467155124837
10.655900338028356 7.655378536250804 -10.676141254141067
7.577211012195096 8.923453891311006 -12.89281825562082
9.246917394685761 11.369087858492573 -10.20377472774001
10.244217472146833 10.88199771212858 -11.867546269993104
10.948708943818131 9.025143051007694 -12.103729533193633
9.4093642809015 9.659180728537796 -13.212068033933509
-11.99902044334515 -13.112631568176127 6.001801048421232
-8.762952465845359 -15.463772577346017 6.001801048421231
-9.852678921032954 -13.561049135117203 9.347266599769387
-10.955758500584915 -15.079307925253469 8.655814730620541
-12.028929261741014 -14.85509914178293 6.983081954946464
-10.410895272991118 -16.030669646367876 6.9830819549464636
11.098418905352958 5.006067082529912 11.742972996314423
8.116994935353237 6.408016714847598 14.011375151919863
9.665498079928827 2.795192643340214 14.75275241052462
10.734555545832801 4.440269642214208 15.141130837282217
11.451015958544867 5.545706861809057 13.636241130177119
9.960303973545006 6.246681677967901 14.770442207979839
-12.230757975988931 1.817266104408463 -14.108342117553192
-8.994689998489141 2.8687283286467307 -16.211266566029725
-10.230757975988931 -0.9354977365338832 -16.211266566029725
-11.30088902132103 0.4636711418830922 -17.15844447724061
-12.30088902132103 1.840053062354265 -16.106982253002343
-10.682855032571135 2.365784174473399 -17.15844447724061
-0.9570308058752944 2.0853633348674583 -19.194423685535376
-1.4835038259860394 1.360735388371169 -17.406200964996337
-1.1544838549574288 0.1122909112648226 -18.9336603740305
2.2790371716244935 -0.26577767430243426 -19.19442368553538
1.7525641515137482 -0.990405620798724 -17.40620096499634
0.4635501337924652 -1.0632795933201233 -18.933660374030502
2.4764902207066277 1.707294749300201 -19.455186997040258
2.1474702496780167 2.955739226406547 -17.927727588006093
0.8584562319567338 2.8828652538851474 -19.455186997040254
-0.641712635571404 -17.66661906602319 7.82108205371987
-1.1767439361833143 -15.754900034409 7.578035038659774
-0.7690346393214389 -16.45447335419805 9.406796996786559
2.6810420812919795 -16.49584278098028 9.715437876141639
2.1460107806800686 -14.584123749366086 9.472390861081543
0.8923427191102529 -15.869085211676595 10.353974907997445
2.8083640850420144 -17.70798849280542 8.129722933074948
2.400654788180139 -17.008415173016367 6.300960974948161
1.1469867266103233 -18.293376635326876 7.182545021864063
-16.60365307374885 9.709791846272488 -1.9311125628237091
-14.620166466995098 9.45577331901588 -1.9665451557132734
-15.411489332901692 11.014737273789216 -0.9952370122228302
-16.51696633438526 9.829105907077139 2.066167708074595
-14.53347972763151 9.575087379820529 2.0307351151850304
-15.368145963219899 11.074394304191543 1.0034031232263219
-17.709130075232416 8.524160479560411 1.130292157473716
-16.917807209325822 6.965196524787074 0.1589840139832729
-17.752473444914212 8.464503449158086 -0.8683479779754357
17.836346662632188 -0.29495692497094445 -2.3793633624104507
16.18941709409443 -1.427559929592988 -2.3098404870588625
17.836346662632188 -1.9962585416750254 -1.3279011381721837
17.92303340199578 -0.17564286416629868 1.6179169084878522
16.276103833458023 -1.3082458687883423 1.6874397838394408
17.879690032313984 -1.9366015112727024 0.6707389972769683
17.92303340199578 1.5256587525377818 0.566454684249585
16.27610383345802 2.0943573646198193 -0.41548466463709377
17.879690032313984 1.4660017221354593 -1.4321854511995666
3.5478960456591655 2.1304961320141054 14.724110665014884
2.1096436112148123 1.202373708409516 15.758527748022138
6.148871852185913 2.7190402451488107 16.935115115656497
5.4645045013530655 1.8964034573063726 15.24546721020332
5.942860522602614 0.7341883589940512 16.80124083839901
3.272366983297207 0.862795397939633 19.003949281671005
2.58799963246436 0.04015861009719468 17.314301376217827
4.50460808815826 -0.19393406461053742 17.835657921406266
3.478378312880507 2.8476472840943923 19.137823558928492
3.0000222916309593 4.009862382406713 17.5820499307328
4.91663074732486 3.775769707698981 18.103406475921236
3.1610164709465507 11.68436405465036 -9.3493115523944
1.7383014838181947 13.046029248227219 -9.00038467466548
5.691703386405575 13.301997266905154 -11.07525666349577
5.074056420365223 12.250457324088604 -9.490082864190938
5.564381382655541 14.178215787103712 -9.281927298258553
2.8462734121488635 16.025327654058874 -10.377402908037926
2.228626446108512 14.973787711242327 -8.792229108733093
4.141666395527185 15.539880980680573 -8.93300042052963
2.973595415898898 15.149109133860316 -12.170732273275144
2.4832704536085806 13.221350670845208 -12.378887839207529
4.396310403027254 13.787443940283456 -12.519659151004067
10.135682763918481 -11.321478476363499 1.7372607787490586
11.870346428456653 -10.592449463946949 1.0594269716945892
10.892118107089713 -14.16512756086705 3.5652283539000855
10.082907601359995 -12.339284820794527 3.458099245152246
11.764796103339679 -12.628062152809004 4.5011039045009635
14.361445436166056 -12.70706953603395 2.2095607397911463
13.552234930436336 -10.881226795961426 2.1024316310433067
13.49945976787785 -11.899033140392454 3.8232700974464935
13.48876743991609 -14.244134944091996 1.2736851891902679
11.806878937936407 -13.955357612077519 0.23068052984155063
11.754103775377919 -14.973163956508547 1.951518996244738
-15.862356176928142 1.191306063167376 1.9275737012086458
-17.845881909818207 3.4394156022130358 3.662978313227076
-16.260796455288176 2.2216914771831973 3.594772322598378
-17.845881909818207 1.738113985508955 4.714440537465343
-20.219172262158192 0.4114897908329078 2.567917500181544
-18.63408680762816 -0.8062343341969307 2.499711509552845
-19.0325270859882 0.22415107981889104 4.166910130942577
-20.219172262158196 2.1127914075369887 1.5164552759432774
-18.634086807628165 2.5963688992112317 0.39678706107631223
-19.032527085988203 3.6267543132270523 2.0639856824660434
2.3156549407981153 12.789225883897648 9.958039486485273
0.9298620569092733 11.366207298332345 10.19169775853822
0.49160962246492235 13.031406726566102 9.174325816761975
0.6858550446583366 12.15619391619764 13.555680772996844
0.11496210883938407 11.04969131448234 11.990518401794006
-1.1381902736748555 12.398374758866092 12.771967103273546
-0.19064982423036547 15.486592772665155 11.520936889444354
-0.7615427600493181 14.380090170949856 9.955774518241515
-1.5764427081192065 14.063574187099851 11.7545951614973
1.6333954941028275 15.244411929996701 12.304650559167651
2.8865478766170676 13.895728485612947 11.523201857688111
2.0716479285471783 13.579212501762944 13.322022500943897
10.997668432206687 5.534991708092459 -10.793714039902694
10.065551718586383 3.7676814303595583 -10.881877606126741
11.827003058774856 3.9237090531792504 -9.947562585876359
10.745776584777516 3.5780971800442836 -14.273241925017834
9.939605794871797 2.7892341663354703 -12.621641548684309
11.575111211345686 1.9668145251310758 -13.427090470991498
14.268679265154462 3.890152425683669 -12.404611884517072
13.462508475248743 3.1012894119748555 -10.753011508183548
13.336562551534158 2.1228421479507684 -12.492775450741117
13.439344638586295 5.501435080596877 -13.250763338543408
11.803839222112407 6.323854721801272 -12.445314416236219
11.677893298397821 5.345407457777184 -14.185078358793788
-13.746412068992353 -11.80387838039877 0.6504423324898754
-12.865702163470003 -11.116226207710735 -1.0083176114779784
-14.581078304580743 -10.304571456027755 -0.37688965946883013
-13.69440025967975 -14.044912320852855 -2.662420726772437
-12.839696258813701 -12.236743177937779 -2.6647491411091346
-14.529066495268138 -12.545605396481843 -3.6897527187311425
-17.12515254190123 -12.421602817486898 -1.3995648227541404
-16.27044854103518 -10.613433674571821 -1.401893237090838
-16.244442636378878 -11.733950644798865 -3.058324766721995
-16.29048630631284 -13.920909741857908 -0.37223283079543434
-14.601116069858403 -13.612047523313844 0.6527707468265735
-14.575110165202101 -14.73256449354089 -1.0036607828045827
6.57960025137027 -15.788539168760607 0.32858107044761553
5.964605978444375 -14.814390489700397 -1.3062939692277717
8.639417888162 -16.11102623308897 -3.085090471529236
6.994514796840241 -14.975634021864579 -3.013129740216197
6.978040529730309 -16.696414375610427 -4.03226838274012
6.546651717150406 -19.2300998762523 -1.7096962146002304
4.901748625828648 -18.09470766502791 -1.6377354832871924
5.931657444224513 -18.255951197192093 -3.344571254275618
8.208029075582099 -18.644711733730844 -0.762518303389346
8.224503342692032 -16.923931379984996 0.2566203391345767
9.254412161087895 -17.085174912149178 -1.4502154318538487
4.961566262620377 8.530311717794493 -13.974752816778604
3.346571989694483 7.358925023113071 -13.834586094836867
4.91822289293858 6.769353070688088 -14.921930727989487
1.5583670918845267 9.59036571092516 -15.789834340002985
1.6449724043265574 7.888952019678404 -14.742126856449056
1.5150237222027294 7.829407063818757 -16.737012251213866
4.701668898372722 8.411221806075197 -17.964523606308227
4.788274210814752 6.709808114828441 -16.916816122754298
3.0866746254468267 7.239835111393774 -17.824356884366487
4.745012268054519 10.172180453181602 -17.017345695097344
4.874960950178346 10.23172540904125 -15.022460300332533
3.173361364810421 10.761752405606583 -15.930001061944722
11.098418905352943 8.264453091789196 9.72917969412506
8.11699493535322 9.666402724106879 11.997581849730498
9.665498079928811 11.94521474591957 9.097727753317804
10.734555545832785 11.556890171668616 10.742817465044126
11.45101595854485 9.716509344603429 11.058543435447755
9.960303973544988 10.417484160762271 12.19274451325047
-11.999020443345156 11.23232116275005 -9.044207193800704
-8.762952465845368 12.283783386988318 -11.14713164227724
-9.852678921032961 14.425134950826425 -7.949146380755171
-10.955758500584924 14.48566757022824 -9.6163450021449
-12.028929261741023 12.88926067619005 -10.163875408667668
-10.410895272991128 13.414991788309186 -11.215337632905936
-11.610531511885156 2.6709345961986504 14.49140712497322
-8.287776795021776 3.8417108812415632 16.385762947394987
-9.517765340873567 0.045852435867996366 16.66609639127846
-10.547674159269429 1.5003824602410938 17.57363715289065
-11.594057244775225 2.8129235404064206 16.48629251973803
-9.932679886343534 3.3983116829278774 17.433470430948915
5.5078348391074945 -11.07057596272943 -14.108342117553185
5.507834839107495 -7.667972729321269 -16.21126656602972
2.2717668616077074 -10.019113738491164 -16.211266566029725
3.9331442200394 -10.60450188101262 -17.158444477240607
5.551178208789294 -11.130232993131752 -16.10698225300234
5.551178208789294 -9.428931376427673 -17.158444477240604
-0.1274426130004751 3.227193524976708 19.059368540284467
-0.729939154434375 2.397928178200678 17.34201100552456
-0.3334539425837735 1.2423416388219488 18.92549426302698
3.108625364499314 0.8760525158068169 19.059368540284467
2.506128823065415 0.046787169030786835 17.34201100552456
1.2845800461661205 0.06677113423700298 18.92549426302698
3.3146366940826124 2.8609044019615766 19.19324281754195
2.9181514822320116 4.016490941340306 17.60975956003953
1.6966027053327175 4.036474906546522 19.19324281754195
-0.6417126355714047 14.896140684732847 -12.30381023974444
-1.1767439361833139 13.823806084057853 -10.702610685797236
-0.7690346393214391 15.772359204931405 -10.510480874507223
2.681042081291979 16.066916969775765 -10.409454417322674
2.146010780680069 14.99458236910077 -8.808254863375467
0.8923427191102526 16.357747347452865 -9.563302963296339
2.8083640850420135 15.190698449577207 -12.20278378255989
2.4006547881801383 13.242145328703653 -12.394913593849905
1.1469867266103222 14.605310307055747 -13.149961693770775
14.365371775761231 -12.790521757751407 -1.9311125628237034
13.510854730552126 -10.98260993722248 -1.9665451557132698
15.238049772011195 -11.25345634969336 -0.9952370122228246
14.452058515124826 -12.671207696946762 2.066167708074601
13.59754146991572 -10.863295876417833 2.030735115185035
15.281393141692993 -11.193799319291038 1.0034031232263274
13.57938051887486 -14.208273105004807 1.130292157473722
11.85218547741579 -13.937426692533926 0.15898401398327705
13.536037149193064 -14.26793013540713 -0.8683479779754298
-20.371756069961513 0.20786848913847938 -1.5657747519741545
-18.753722081211617 -0.9677020154464674 -1.5657747519741554
-20.371756069961513 -1.4934331275656016 -0.5143125277358871
-20.28506933059792 0.3271825499431251 2.4315055189241486
-18.667035341848024 -0.8483879546418219 2.431505518924148
-20.328412700279717 -1.4337760971632787 1.4843276077132646
-20.28506933059792 2.028484166647206 1.3800432946858814
-18.667035341848027 2.5542152787663395 0.3285810704476135
-20.328412700279717 1.968827136244883 -0.6185968407632703
3.5478960456591673 12.216858106684386 8.49039614183414
2.1096436112148154 13.557137838685234 8.122863592523707
6.1488718521859145 13.93123567781477 10.005597249762596
5.464504501353067 12.787863003642947 8.514175023472802
5.942860522602616 14.699147632602356 8.17042135580103
3.2723669832972107 16.611795141816465 9.27053215114173
2.587999632464363 15.468422467644643 7.779109924851936
4.504608088158263 16.039427364603206 7.802888806490598
3.47837831288051 15.843883187028881 11.105708045103295
3.0000222916309625 13.93259855806947 11.449461712775065
4.916630747324862 14.503603455028033 11.473240594413728
10.135682763918483 6.616972374160751 -9.349311552394402
11.870346428456653 5.6846677002856545 -9.000384674665478
10.892118107089718 9.523674809063007 -11.075256663495772
10.082907601359997 8.611313924646025 -9.49008286419094
11.764796103339682 9.673350801256202 -9.281927298258552
14.361445436166058 7.659065461312812 -10.37740290803792
13.552234930436338 6.746704576895831 -8.792229108733089
13.499459767877852 8.741046127381106 -8.933000420529627
13.488767439916092 7.509389469119616 -12.17073227327514
11.806878937936409 6.447352592509438 -12.378887839207529
11.754103775377924 8.441694142994713 -12.519659151004065
-12.795571118137904 -11.01969910485189 2.2255500589584427
-14.537734934898944 -10.24491442562543 1.6217504759803207
-13.548058737367555 -13.843490495328115 4.085648057983877
-12.696394452325505 -12.039505162316562 3.943152921705443
-14.339381603274147 -12.28452654055478 5.056956201474321
-17.032386370889636 -12.293921136875197 2.8780488920276333
-16.180722085847584 -10.489935803863645 2.735553755749199
-16.081545420035187 -11.509741861328319 4.4531566184962
-16.241063504983046 -13.852885091648535 1.9067407485371883
-14.598076354034406 -13.607863713410318 0.7929374687683102
-14.498899688222007 -14.627669770874993 2.51054033151531
6.034737023776472 -14.717863386841554 1.927573701208649
8.785759410474196 -15.909604407564233 3.6629783132270783
7.137816603328435 -14.778396006243366 3.5947723225983808
7.167725421724301 -16.435335519683367 4.714440537465346
6.639417888161999 -19.10241819564061 2.5679175001815464
4.991475081016239 -17.97120979431974 2.499711509552849
6.0945546605682015 -18.031742413721553 4.16691013094258
8.257451876911894 -18.576687083521474 1.516455275943279
8.22754305851603 -16.919747570081473 0.396787061076314
9.330622638067993 -16.980280189483285 2.0639856824660447
11.447699885436567 6.15440686396145 9.958039486485275
10.522562338631094 4.396702585252434 10.191697758538222
12.241688555853269 4.494474674039597 9.174325816761975
11.349286572870048 4.408757416478635 13.555680772996846
10.473355682347835 3.5238778615110267 11.990518401794008
12.143275243286752 2.7488252265567827 12.771967103273546
14.7875390073144 4.604301594052961 11.520936889444354
13.911608116792186 3.719422039085353 9.955774518241515
13.862401460508927 2.8465973153439457 11.754595161497303
13.993550336897698 6.264233783974815 12.304650559167651
12.323630775958781 7.039286418929057 11.523201857688111
12.274424119675523 6.166461695187651 13.322022500943897
-13.746412068992347 5.860628199698697 -10.266823128506536
-12.865702163469996 4.069460801871179 -10.39358832591736
-14.581078304580736 4.2712440915007805 -9.385239081590631
-13.694400259679743 3.8997342455832276 -13.752822220934046
-12.839696258813692 3.0890138248134438 -12.136587872131114
-14.52906649526813 2.3103501373853104 -12.871238174018142
-17.125152541901222 4.30330082484243 -11.73612373228059
-16.270448541035172 3.4925804040726467 -10.119889383477659
-16.24444263637887 2.512133427014912 -11.862888929691415
-16.290486306312836 5.892684933040348 -12.617707779196492
-14.601116069858397 6.671348620468481 -11.883057477309466
-14.575110165202094 5.690901643410747 -13.62605702352322
-9.421397550115286 -15.577963197427902 0.6693001492779682
-8.851130830194792 -14.6194127634239 -0.9908133810632127
-7.817811351259324 -16.206318839912264 -0.34740063728450465
-11.632405837696792 -15.844245434496411 -2.65343007186062
-9.956634973985544 -14.752553881958155 -2.6521784916325064
-10.028819638840831 -16.472601076980773 -3.670130858423093
-9.565766879825857 -19.018057587473137 -1.3666045843032033
-7.88999601611461 -17.92636603493488 -1.3653530040750907
-8.995500159905363 -18.059507153469134 -3.0267181146443844
-11.169353078681821 -18.389701944988776 -0.3499037977407303
-11.097168413826534 -16.66965474996616 0.6680485690498557
-12.202672557617287 -16.802795868500414 -0.993316541519438
6.579600251370272 7.354741213209545 -13.974752816778606
5.964605978444376 5.456811990522762 -13.834586094836869
8.639417888161999 4.445681164463348 -15.789834340002983
6.994514796840241 4.002281966149663 -14.742126856449056
6.978040529730308 3.8602930219418914 -16.73701225121387
6.546651717150409 7.070763324794 -17.964523606308227
4.901748625828649 6.627364126480314 -16.9168161227543
5.931657444224513 5.172834102107217 -17.82435688436649
8.2080290755821 7.656151467315458 -17.017345695097344
8.224503342692032 7.79814041152323 -15.022460300332533
9.254412161087895 6.3436103871501315 -15.930001061944722
5.551178208789279 9.3418429405952 13.213306362856
3.9331442200393845 8.166272436010255 13.213306362856
5.5511782087892785 7.640541323891119 14.264768587094268
2.2284234919258967 10.512619225638112 15.107662185277771
2.271766861607693 8.75166057853171 14.160484274066885
2.2284234919258963 8.811317608934031 16.159124409516036
5.464491469425685 9.461157001399842 17.210586633754303
5.507834839107482 7.700198354293441 16.26340872254342
3.8464574806757907 8.285586496814897 17.210586633754303
5.464491469425686 11.162458618103923 16.15912440951604
5.507834839107483 11.102801587701602 14.160484274066887
3.846457480675791 11.688189730223058 15.107662185277771
-11.610531511885169 11.767030304314737 8.86971081243544
-8.287776795021786 12.93780658935765 10.764066634857208
-9.517765340873577 14.886103947478073 7.494316555506434
-10.547674159269441 15.047347479642253 9.20115232649486
-11.594057244775238 13.487810658060585 9.888849454959363
-9.932679886343545 14.073198800582043 10.836027366170248
14.390473467799465 -7.940768456235038 -9.044207193800695
14.390473467799465 -4.538165222826877 -11.14713164227723
16.76376382013945 -4.91284264485491 -7.9491463807551614
17.162204098499487 -5.943228058870732 -9.616345002144891
15.975558922329496 -7.457190964560795 -10.163875408667659
15.975558922329496 -5.755889347856716 -11.215337632905927
6.128061303211262 -10.216907470939232 14.491407124973225
6.214748042574853 -6.694990176726424 16.38576294739499
2.9847594967230666 -9.037763566089271 16.666096391278465
4.686359082090993 -9.567790562654604 17.573637152890655
6.258009985335091 -10.157362515079583 16.486292519738036
6.301353355016888 -8.39640386797318 17.43347043094892
-8.043244246436823 -11.070575962729432 -14.10834211755319
-8.043244246436823 -7.667972729321272 -16.211266566029725
-4.807176268937034 -10.019113738491164 -16.211266566029725
-6.468553627368725 -10.604501881012622 -17.15844447724061
-8.086587616118619 -11.130232993131754 -16.106982253002343
-8.086587616118619 -9.428931376427675 -17.15844447724061
-0.12744261300047044 15.603972646039782 11.41009837221743
-0.7299391544343699 14.438780107637168 9.900355259628054
-0.33345394258376815 16.37188460082737 9.574922478255866
3.1086253644993187 16.65543487027805 9.307173923740894
2.506128823065419 15.490242331875434 7.797430811151518
1.2845800461661263 16.897615712946504 8.523460254017598
3.314636694082617 15.887522915490463 11.14234981770246
2.918151482232015 13.954418422300261 11.467782599074647
1.6966027053327222 15.361791803371329 12.193812041940728
14.365371775761236 3.9928556385333946 -12.30381023974443
13.510854730552131 3.1526410183997196 -10.702610685797227
15.2380497720112 4.142531630726591 -10.510480874507211
14.452058515124829 7.514772932746201 -10.409454417322664
13.597541469915724 6.674558312612526 -8.80825486337546
15.281393141692996 5.903490277832994 -9.563302963296326
13.579380518874865 7.365096940553006 -12.202783782559882
11.852185477415794 6.375206328226135 -12.394913593849898
13.536037149193069 5.604138293446602 -13.149961693770766
-17.214732285016655 -12.374921982669317 -1.2586580010240545
-16.31523841259289 -10.590093257163028 -1.3314398262257954
-18.006055150923245 -10.81595802789598 -0.287349857533609
-17.12804554565306 -12.255607921864673 2.7386222698742477
-16.228551673229298 -10.470779196358382 2.665840444672507
-17.96271178124145 -10.756300997493659 1.7112902779155421
-16.33672267974647 -13.814571876638007 1.767314126383802
-14.645905941416116 -13.588707105905055 0.7232241576916157
-16.380066049428265 -13.87422890704033 -0.23132600906534906
6.492913512006679 -19.31045646297341 -1.5657747519741556
4.8748795232567845 -18.134885958388466 -1.5657747519741543
4.874879523256785 -19.836187575092545 -0.5143125277358886
6.579600251370274 -19.191142402168765 2.4315055189241472
4.961566262620378 -18.015571897583822 2.4315055189241486
4.918222892938582 -19.776530544690225 1.484327607713263
8.197634240120168 -18.665411290049633 1.3800432946858798
8.197634240120166 -16.96410967334555 0.328581070447614
8.154290870438372 -18.725068320451953 -0.6185968407632714
10.522562338631094 7.149466426194779 8.490396141834143
12.241688555853269 6.195776290743676 8.12286359252371
11.349286572870046 10.152913219972621 10.005597249762596
10.473355682347833 9.148719604200366 8.514175023472802
12.143275243286748 10.194282646754846 8.170421355801032
14.787539007314399 8.245532949070414 9.270532151141731
13.911608116792184 7.241339333298158 7.779109924851938
13.862401460508924 9.240592511303744 7.8028888064906
13.993550336897696 8.204163522288187 11.105708045103297
12.32363077595878 7.158600479733706 11.449461712775069
12.27442411967552 9.157853657739292 11.47324059441373
-12.795571118137898 6.91875174567237 -8.861022272185018
-14.537734934898939 6.032202738607182 -8.438061170379747
-13.548058737367548 9.845311874601952 -10.554836959411977
-12.696394452325498 8.911093583124 -9.00502918763774
-14.33938160327414 10.016886413510438 -8.726075001285192
-17.032386370889633 8.072213860471576 -9.708914755801436
-16.18072208584758 7.137995568993621 -8.159106984027199
-16.081545420035184 9.130337406445248 -8.303113899479921
-16.24106350498304 7.900639321563091 -11.53767671392822
-14.598076354034395 6.794846491176651 -11.81663090028077
-14.498899688221996 8.787188328628279 -11.960637815733493
-8.780999784862694 -14.522885660565052 2.2430542893732084
-7.774467981577528 -16.146661809509936 1.6512394981646457
-11.486064315384596 -15.642823608971668 4.094638712895695
-9.813333167497348 -14.555315866336935 3.9557235711820717
-9.839134746846835 -16.211522221053706 5.076578061782373
-9.473000708814265 -18.89037590686144 2.91100913047857
-7.800269560927017 -17.802868164226705 2.7720939887649476
-8.832602943561671 -17.83529836999859 4.4847632705738105
-11.119930277352024 -18.321677294779402 1.9290697815918925
-11.094128698002535 -16.665470940062633 0.8082152909915912
-12.12646208063719 -16.697901145834518 2.5208845728004543
6.0347370237764775 8.306102934323954 -12.30202004110453
8.7857594104742 10.391258793482075 -12.591849078480921
7.13781660332844 9.82436172446022 -11.610568171955688
7.167725421724306 11.566829298067022 -12.591849078480923
6.639417888162004 10.839676360423148 -15.937314629829075
4.991475081016245 10.272779291401292 -14.956033723303841
6.094554660568209 11.79103808153756 -14.264581854154999
8.257451876911897 9.664105855838201 -15.937314629829073
8.22754305851603 7.921638282231399 -14.95603372330384
9.330622638067997 9.439897072367664 -14.264581854154997
-13.296380615762457 6.480043355567689 10.484930397881428
-12.408691543425276 4.698481956764056 10.679987038747594
-14.166392807502314 4.842009712361126 9.736649321047697
-13.090890271587195 4.730394482017582 14.076100477080622
-12.305946371337644 3.823657519989001 12.475572078347192
-13.96090246332705 3.092360838811018 13.327819400246895
-16.606292799741272 5.017449993211723 12.189425041680833
-15.82134889949172 4.110713031183142 10.5888966429474
-15.718603727404089 3.235888594408088 12.384481682547
-15.736280608001415 6.655483636418285 12.93770611851456
-14.081324516012009 7.386780317596269 12.085458796614857
-13.978579343924377 6.5119558808212155 13.881043836214456
9.8216635799061 -11.262581062473581 -10.266823128506523
7.8460078265060424 -10.978477333559916 -10.393588325917351
8.567995518336282 -12.547542524784088 -9.385239081590615
7.940670074095032 -11.819064448291305 -13.752822220934034
6.905511073600509 -11.256719026468778 -12.136587872131106
6.687002012525216 -13.104025910601813 -12.871238174018126
9.384645457755513 -14.957194830739649 -11.736123732280566
8.349486457260989 -14.394849408917121 -10.11988938347764
7.408989704355457 -14.673091101825984 -11.862888929691396
10.63831351932533 -13.672233368429143 -12.617707779196472
10.856822580400621 -11.824926484296109 -11.88305747730945
9.91632582749509 -12.10316817720497 -13.626057023523206
-9.42139755011529 7.565317184542258 -13.634033737948249
-8.851130830194794 5.651789716799267 -13.519105506672306
-7.817811351259326 6.9369615420578965 -14.650734524510723
-11.632405837696796 4.712461963055918 -15.358173940334364
-9.956634973985546 4.225362106056098 -14.381175607865362
-10.028819638840835 4.084106320571557 -16.374874726896838
-9.565766879825862 7.282805613573176 -17.6214319760112
-7.889996016114614 6.795705756573356 -16.644433643542197
-8.995500159905367 5.369278145830186 -17.506503744735255
-11.169353078681826 7.911161256057538 -16.604731189448724
-11.09716841382654 8.052417041542078 -14.61103207041725
-12.202672557617293 6.625989430798908 -15.473102171610307
7.169212197539176 8.166272436010253 13.213306362856
6.55117820878928 6.264159403419947 13.213306362855999
9.30947428820337 5.367934679176301 15.107662185277768
7.621309254121377 4.86499052500297 14.160484274066883
7.691440299453475 4.842203567057167 16.159124409516036
7.309474288203372 8.120698520118646 17.210586633754303
5.621309254121379 7.6177543659453155 16.26340872254342
6.691440299453477 6.2185854875283395 17.210586633754303
8.927508276953269 8.64642963223778 16.159124409516036
8.857377231621168 8.669216590183584 14.160484274066885
9.927508276953267 7.270047711766607 15.107662185277768
14.778962399259456 -7.406059314670344 8.869710812435432
14.865649138623048 -3.884142020457538 10.7640666348572
17.09867740029884 -4.451873648203261 7.494316555506426
17.570288439814973 -5.381548149456713 9.201152326494851
16.410430939295285 -6.858640982690256 9.888849454959354
16.45377430897708 -5.097682335583852 10.836027366170239
-17.41497253728759 -7.522203141166399 -8.366954287507847
-17.414972537287586 -4.119599907758238 -10.469878735984382
-19.65903792831771 -4.433512108597468 -7.173573281244922
-20.155039221552542 -5.452126512762799 -8.821726008614652
-19.033006526037482 -6.996472029047264 -9.418416511746114
-19.033006526037482 -5.295170412343184 -10.469878735984382
-7.410288930586115 -10.1993877095264 15.078357197530561
-7.3236021912225215 -6.677470415313595 16.97271301995233
-4.0875342137227335 -9.028611424483486 16.97271301995233
-5.7055682024726275 -9.55434253660262 18.024175244190594
-7.366945560904319 -10.139730679124076 17.076997332979712
-7.323602191222522 -8.378772032017674 18.024175244190598
6.128061303211258 17.53064849339509 -2.6575255657252574
6.214748042574851 17.649962554199735 1.3397547051730454
2.984759496723063 18.948420519854345 -0.6303165892461027
4.6863590820909895 19.997184932827086 -0.6985225798747993
6.258009985335088 19.28829891959746 -1.7121270681143765
6.301353355016884 19.347955949999783 0.2865130673347751
14.879641798332155 4.700687599840334 11.410098372217435
13.957659512301063 3.767615041979039 9.900355259628057
15.673630468748858 4.742057026622561 9.574922478255871
14.879641798332155 8.103290833248494 9.307173923740901
13.957659512301063 7.170218275387199 7.797430811151522
15.673630468748858 6.44335864332664 8.523460254017603
14.085653127915453 8.061921406466267 11.142349817702465
12.369682171467659 7.087479421822745 11.467782599074653
14.085653127915453 6.360619789762187 12.193812041940733
-17.214732285016648 4.4084554136154885 -11.631355677944793
-16.315238412592883 3.545157698459175 -10.067505356309761
-18.00605515092324 4.580029952523974 -9.802593719818006
-17.128045545653055 7.930372707828296 -9.736999855523026
-16.228551673229294 7.067074992671983 -8.173149533887994
-17.962711781241445 6.340988599630378 -8.855415808607123
-16.33672267974646 7.758798168919809 -11.56576181364981
-14.645905941416107 6.72392591485501 -11.830673450141564
-16.380066049428258 5.997839521813406 -12.512939724860694
-9.50808428947888 -19.0998804916407 -1.2250556731438014
-7.861154720941121 -17.96727748701866 -1.2945785484953893
-7.861154720941121 -19.668579103722738 -0.24311632425712215
-9.421397550115287 -18.980566430836056 2.7722245977545033
-7.774467981577528 -17.847963426214015 2.7027017224029146
-7.817811351259325 -19.608922073320418 1.7555238111920297
-11.068327118653047 -18.41186781875402 1.7902852488678243
-11.068327118653047 -16.71056620204994 0.738823024629557
-11.111670488334843 -18.471524849156342 -0.2083548865813275
6.49291351200668 7.235427152404894 -17.97203308767691
4.874879523256784 6.7096960402857615 -16.92057086343864
4.874879523256786 8.41099765698984 -17.972033087676913
6.579600251370275 10.757344446617703 -16.077677265255144
4.96156626262038 10.23161333449857 -15.026215041016876
4.918222892938584 10.171956304096245 -17.024855176466026
8.19763424012017 9.581773942032756 -16.077677265255144
8.197634240120166 7.880472325328676 -15.026215041016874
8.154290870438372 7.8208152949263505 -17.024855176466026
-12.408691543425281 7.4512457977064015 8.978685422043515
-14.166392807502318 6.543311329065206 8.685187096809432
-13.0908902715872 10.474550285511569 10.526016953846378
-12.305946371337651 9.448499262678341 8.999228700025991
-13.960902463327058 10.537818259009086 8.726273652774383
-16.606292799741276 8.658681348229177 9.93902030337821
-15.821348899491726 7.63263032539595 8.412232049557822
-15.718603727404096 9.62988379036789 8.432775327540298
-15.73628060800142 8.59541337473166 11.738763604450208
-14.081324516012014 7.506094378400915 12.011718651701816
-13.978579343924382 9.503347843372856 12.032261929684292
10.534172860588034 -10.03129942234903 -8.86102227218501
10.22937287676797 -11.962154382262632 -8.438061170379736
13.550028403934807 -9.842600861149442 -10.554836959411968
12.39835527260239 -9.321309321686957 -9.005029187637735
13.95773770079668 -10.54217418093849 -8.72607500128518
12.94042843629468 -13.704310780976645 -9.708914755801416
11.788755304962262 -13.183019241514161 -8.159106984027183
13.652937716976616 -12.473029140852091 -8.303113899479905
12.532719139432807 -13.004737461187595 -11.537676713928207
10.973336711238517 -11.783872601936064 -11.81663090028076
12.837519123252871 -11.073882501273994 -11.960637815733481
-8.780999784862695 8.501080660600461 -11.986539452939969
-7.77446798157753 8.6979201891643 -13.70355661329984
-11.4860643153846 10.658039592074644 -12.160188678812304
-9.81333316749735 10.047441864366654 -11.249616923371995
-9.83913474684684 11.790642596696687 -12.229711554163893
-9.47300070881427 11.051718649202323 -15.594222999532048
-7.80026956092702 10.441120921494333 -14.683651244091738
-8.832602943561675 11.987482125260527 -13.946728714523767
-11.11993027735203 9.91911564458028 -15.524700124180457
-11.094128698002539 8.175914912250247 -14.54460549338856
-12.126462080637193 9.722276116016442 -13.807682963820586
6.551178208789283 9.016923244362294 11.51200474615192
9.309474288203374 11.11209048267029 11.557578662043523
7.621309254121381 10.489832267692313 10.684140895745681
7.691440299453479 12.287660987255236 11.557578662043522
7.309474288203374 11.7619298751361 14.960181895451683
5.621309254121381 11.139671660158124 14.086744129153843
6.691440299453479 12.612580683488142 13.258880278747602
8.927508276953269 10.586359370551156 14.960181895451683
8.85737723162117 8.788530650988232 14.086744129153843
9.927508276953269 10.261439674318249 13.258880278747602
10.271695033135995 -10.643165906604592 10.484930397881426
8.303018446550768 -10.349456178667044 10.679987038747594
8.98268101541471 -11.976776903923746 9.736649321047693
8.54418006218758 -10.988404211856954 14.076100477080624
7.4392609610765605 -10.522075331293223 12.475572078347195
7.255166044466297 -12.322015209176108 13.327819400246891
9.903505199915466 -14.243045662370362 12.18942504168082
8.798586098804448 -13.77671678180663 10.58889664294739
7.934828613330241 -13.949335934432812 12.38448168254699
11.19251921763675 -12.909434665051208 12.937706118514553
11.376614134247014 -11.109494787168323 12.085458796614855
10.512856648772807 -11.282113939794504 13.881043836214454
-1.7725178437073161 -18.88711171844954 -8.366954287507836
1.4635501337924723 -17.835649494211275 -10.469878735984373
1.8584562319567397 -20.066886712143862 -7.173573281244911
1.042969194124711 -20.853381135767876 -8.82172600861464
-0.7725178437073168 -20.263493638920714 -9.418416511746102
0.8455161450425773 -19.737762526801582 -10.46987873598437
10.106416159946734 -6.622469954783955 -13.634033737948247
8.110321284858108 -6.671426581513146 -13.519105506672304
9.013279044219539 -5.291541422960072 -14.650734524510721
8.076428747072034 -9.60684454020152 -15.358173940334359
7.095327578420757 -8.163613874221928 -14.381175607865359
6.983291631344841 -8.275916008377637 -16.374874726896834
9.882344265794899 -6.8470742230953725 -17.621431976011195
8.901243097143622 -5.40384355711578 -16.644433643542193
7.886249390706272 -6.896030849824563 -17.50650374473525
10.975481381522092 -8.178002754919255 -16.60473118944872
11.087517328598011 -8.065700620763547 -14.611032070417247
10.072523622160661 -9.557887913472328 -15.473102171610302
-8.83178560394637 8.376848407342969 13.554025441686347
-8.264558599849876 6.4591371296964555 13.528786951020553
-7.184856035408611 7.808149795260931 14.535964790573026
-10.962349437655408 5.634715477768873 15.539322584946378
-9.329840516704394 5.088070664909408 14.521435522650568
-9.31541986911765 5.066016865686835 16.521261933833056
-8.802944308772881 8.332740808897826 17.55367826405132
-7.170435387821868 7.786095996038361 16.535791201755515
-8.235717304676387 6.415029531251311 17.52843977338553
-10.44987387731064 8.901439420979864 16.571738915164644
-10.464294524897383 8.923493220202436 14.571912503982157
-11.529576441751903 7.5524267554153885 15.564561075612172
-17.026483605827593 -6.987493999601714 9.546963718728286
-16.939796866464004 -3.465576705388912 11.441319541150058
-19.324124348158318 -3.9725431119458277 8.269889655016671
-19.746954880237055 -4.890446603348791 9.995771320025097
-18.59813450907169 -6.397922047176735 10.634308351880904
-18.5547911393899 -4.636963400070334 11.58148626309179
14.778962399259445 11.245400941547883 -2.657525565725261
14.865649138623041 11.364715002352531 1.3397547051730427
17.098677400298833 8.694058926130275 -0.6303165892461055
17.570288439814966 10.636462326623814 -0.698522579874804
16.410430939295274 11.912133334332617 -1.7121270681143814
16.45377430897707 11.971790364734943 0.2865130673347702
-7.41028893058611 18.04779752255601 -2.3793633624104658
-7.323602191222518 18.167111583360658 1.617916908487838
-4.087534213722726 19.218573807598922 -0.48500753998869683
-5.705568202472621 20.39414431218387 -0.48500753998869783
-7.3669455609043135 19.808756169662413 -1.4321854511995822
-7.323602191222516 19.868413200064737 0.5664546842495699
-16.700462262445715 5.116287374922428 12.082552934017075
-15.868433630843944 4.1601317220384955 10.535460589115521
-17.57047445418557 5.179555348419945 10.282809632945078
-16.70046226244572 8.518890608330588 9.979628485540541
-15.868433630843947 7.562734955446657 8.43253614063899
-17.570474454185575 6.880856965124026 9.231347408706812
-15.830450070705863 8.455622634833071 11.779371786612536
-14.128409247364232 7.436199008451622 12.032022742782981
-15.83045007070586 6.754321018128991 12.830834010850802
9.512335077600875 -15.009895674190238 -11.631355677944772
8.41333126718367 -14.421199830642417 -10.067505356309745
9.92004437446275 -15.709468993979286 -9.802593719817985
12.835089794464256 -13.83911938914732 -9.736999855523004
11.73608598404705 -13.2504235455995 -8.173149533887976
11.58142173289444 -15.124080851457828 -8.8554158086071
12.427380497602382 -13.139546069358271 -11.565761813649793
10.920667390323302 -11.8512769060214 -11.830673450141553
10.76600313917069 -13.72493421187973 -12.512939724860678
-9.508084289478882 7.44600312373761 -17.63131400884655
-7.861154720941122 6.877304511655572 -16.64937465995987
-7.861154720941123 8.578606128359652 -17.70083688419814
-9.42139755011529 10.967920417950417 -15.736958186424783
-7.774467981577528 10.399221805868379 -14.755018837538104
-7.817811351259326 10.339564775466055 -16.753658972987257
-11.068327118653048 9.835317413328374 -15.667435311073193
-11.068327118653048 8.134015796624293 -14.615973086834927
-11.111670488334845 8.07435876622197 -16.614613222284078
7.255898936902767 8.285586496814894 17.210586633754303
5.594521578471077 7.700198354293439 16.26340872254342
5.637864948152874 9.46115700139984 17.210586633754303
7.25589893690277 11.688189730223057 15.107662185277773
5.594521578471079 11.1028015877016 14.160484274066889
5.637864948152875 11.162458618103921 16.15912440951604
8.873932925652664 10.51261922563811 15.107662185277771
8.830589555970867 8.751660578531709 14.160484274066885
8.873932925652664 8.811317608934027 16.159124409516036
10.921052435300659 -9.498805370315 8.978685422043515
10.600715004164602 -11.451045791804612 8.685187096809427
14.007196869715155 -9.213362450239828 10.526016953846376
12.788803353590243 -8.783903642132618 8.99922870002599
14.336216840743766 -10.021242335439846 8.726273652774378
13.366522007443042 -13.11784329321905 9.9390203033782
12.148128491318126 -12.68838448511184 8.412232049557813
14.01587940960771 -11.973482756929457 8.43277532754029
13.03750203641443 -12.309963408019032 11.738763604450197
11.490088549260907 -11.072624714711804 12.01171865170181
13.35783946755049 -10.35772298652942 12.032261929684287
-11.547740561868508 -11.01939450172564 -11.369179079345058
-12.378688628202468 -9.887436262706501 -9.945031665566365
-12.044342056261137 -11.830589500898311 -9.60981850541933
-15.291420020808067 -9.680861498182951 -11.808716912916863
-14.250528357672247 -9.218169760935156 -10.164800582352267
-15.788021515200693 -10.492056497355621 -10.049356338991137
-14.6227268769254 -13.567167974566571 -11.138290592622798
-13.581835213789581 -13.104476237318778 -9.494374262058201
-15.453674943259362 -12.435209735547431 -9.714143178844104
-14.126125382532774 -12.755972975393899 -12.897651166548524
-12.588632225004327 -11.482086238973434 -13.013095409909655
-14.460471954474107 -10.812819737202089 -13.232864326695555
10.798486318940101 -5.724248670302261 -11.986539452939967
10.67465640265123 -4.706153280438616 -13.70355661329984
13.68578707691181 -7.630380953059661 -12.1601886788123
12.588171777422637 -6.228204169440113 -11.249616923371994
14.254027319616307 -5.714064278714321 -12.229711554163892
13.438127244334071 -5.59419017333237 -15.594222999532045
12.3405119448449 -4.192013389712822 -14.683651244091738
14.130197403327438 -4.695968888850675 -13.946728714523765
12.869887001629573 -7.510506847677709 -15.524700124180454
11.204031459435905 -8.024646738403503 -14.544605493388556
12.993716917918443 -8.528602237541355 -13.80768296382058
-8.264558599849877 9.211900970638803 11.827485334316473
-7.184856035408613 9.509451411965012 13.484502566334756
-10.962349437655408 11.378871281262864 11.989239061712134
-9.329840516704396 10.71291240759875 11.045092144329367
-9.31541986911765 12.511474285884905 11.919716186360546
-8.80294430877288 11.973972163915281 15.303273525748702
-7.1704353878218665 11.308013290251166 14.359126608365935
-8.235717304676385 12.809024727211114 13.57673341837883
-10.44987387731064 10.841369159293238 15.372796401100292
-10.464294524897385 9.042807281007084 14.498172359069114
-11.529576441751903 10.543818717967032 13.715779169082008
-1.3840289122473335 -18.352402576884835 9.546963718728296
1.9387258046160492 -17.181626291841923 11.441319541150065
2.1933698121161194 -19.605917715492204 8.269889655016684
1.451053535440189 -20.291701226353844 9.995771320025112
-0.3376458267415374 -19.664943657050163 10.634308351880918
1.3237315316901543 -19.079555514528703 11.581486263091803
10.27169503313598 14.137775336201937 -4.83053356338705
8.303018446550755 14.180888316113473 -4.480599614770615
8.982681015414698 14.064901363680537 -6.35799297242121
8.544180062187559 17.504210766339234 -3.533304007808937
7.4392609610765446 15.864106031182121 -3.8319848369815572
7.2551660444662796 17.431336793817835 -5.060763416843098
9.903505199915449 17.27223686147336 -7.28809072311013
8.798586098804433 15.632132126316248 -7.586771552282752
7.9348286133302235 17.315349841384897 -6.938156774493695
11.19251921763673 17.34511083399476 -5.760631314075969
11.376614134246996 15.77788007135905 -4.531852734214429
10.512856648772786 17.461097786427697 -3.883237956425372
-1.7725178437073237 0.9629417196168641 -20.634961990734578
1.4635501337924635 -1.388199289553028 -20.634961990734585
1.858456231956732 2.557945557652242 -21.156488613744337
1.042969194124702 1.4355239424016477 -22.59702691894354
-0.7725178437073266 0.638022023383959 -22.33626360743866
0.8455161450425674 -0.5375484812009877 -22.336263607438664
10.69602810611565 -5.810938731983236 13.554025441686349
8.696893515203024 -5.864079168615953 13.528786951020555
9.646234360070252 -4.420353169757028 14.535964790573027
8.746485147113418 -8.684591025488555 15.539322584946381
7.722122035701909 -7.300905315368611 14.521435522650572
7.69669140106802 -7.294005463262348 16.52126193383306
10.645166836847876 -5.797139027770709 17.553678264051324
9.620803725436364 -4.413453317650765 16.535791201755515
8.646032245935249 -5.8502794644034255 17.52843977338553
11.694960582893275 -7.1877245899969155 16.571738915164648
11.720391217527162 -7.194624442103178 14.571912503982162
10.745619738026047 -8.631450588855838 15.564561075612177
-17.026483605827586 11.663966256616517 -1.9802726594324078
-16.939796866463997 11.783280317421168 2.017007611465896
-19.324124348158314 9.173389462387714 0.14525651026413888
-19.74695488023705 11.127563872731743 0.09609641365544001
-18.598134509071684 12.372852269846145 -0.966668171192833
-18.55479113938989 12.43250930024847 1.031971964256319
19.45438065138209 -1.4705274295558906 -2.3793633624104498
19.54106739074568 -1.3512133687512446 1.6179169084878537
19.541067390745678 2.0513898646569166 -0.4850075399886813
21.159101379495574 0.8758193600719711 -0.48500753998868074
21.115758009813778 -0.8851392870344328 -1.432185451199565
21.159101379495574 -0.8254822566321097 0.5664546842495871
10.026605100171817 -14.302063712883301 12.082552934017057
8.86013604893262 -13.806225807063099 10.535460589115509
10.355625071200429 -15.10994359808332 10.282809632945057
13.262673077671604 -13.250601488645028 9.97962848554052
12.096204026432408 -12.754763582824825 8.432536140638973
11.973659059950322 -14.584212485964182 9.231347408706789
12.933653106642995 -12.44272160344501 11.77937178661252
11.438164084375188 -11.139003812424791 12.032022742782972
11.315619117893101 -12.968452715564148 12.830834010850788
-10.312833652497345 -12.319450540560924 -10.483256271717174
-11.049031163338318 -14.67518607319593 -12.914001697571642
-10.06347895323225 -14.147346326296068 -11.255667580830465
-11.545632657730945 -15.486381072368602 -11.154641123645916
-14.512047970865897 -13.697463993870706 -11.16712616497596
-13.526495760759829 -13.169624246970844 -9.508792048234783
-13.277141061494735 -14.997520032705989 -10.281203357348076
-14.015446476473269 -12.886268994698032 -12.926486738901685
-12.533292771974573 -11.547234248625498 -13.027513196086234
-12.28393807270948 -13.375130034360645 -13.799924505199526
10.01972942058314 -6.741784015588606 -17.63131400884655
8.96993567453774 -5.3511984533623975 -16.649374659959875
10.587969663287637 -4.825467341243266 -17.700836884198143
13.342484137446522 -5.571007730545693 -15.736958186424785
12.292690391401125 -4.180422168319484 -14.755018837538108
12.249347021719329 -4.24007919872181 -16.75365897298726
12.774243894742026 -7.487324404891032 -15.667435311073193
11.15620990599213 -8.013055517010162 -14.615973086834927
11.112866536310335 -8.07271254741249 -16.614613222284078
-8.745098864582776 8.496162468147613 17.55130571258465
-7.141512665726815 7.867806825663255 16.534604926022176
-7.0981692960450165 9.628765472769656 17.481782837233062
-8.745098864582777 11.898765701555774 15.448381264108118
-7.141512665726815 11.270410059071414 14.431680477545644
-7.098169296045018 11.330067089473737 16.430320612994795
-10.392028433120537 10.766162696933733 15.517904139459706
-10.435371802802333 9.00520404982733 14.570726228248821
-10.392028433120537 9.064861080229651 16.569366363697974
-11.030203391472341 -10.307065697220557 12.495383550056921
-11.9235197788858 -9.26095008774538 11.043616363628276
-11.601494414314084 -11.22106201299911 10.810676661021423
-14.753058772603714 -8.939870809472195 13.016081111118934
-13.784947469451485 -8.5773526438712 11.303965144159283
-15.324349795445457 -9.853867125250748 11.331374222083436
-14.109008043460284 -12.860094659979655 12.550201705905227
-13.140896740308055 -12.49757649437866 10.838085738945576
-15.00232443087374 -11.813979050504479 11.098434519476584
-13.53771702061854 -11.946098344201104 14.234908594940727
-11.99831469462457 -10.669583862821554 14.207499517016574
-13.859742385190255 -9.985986418947373 14.46784829754758
10.921052435300647 12.27877528352317 -4.480599614770615
10.60071500416459 12.889330859095592 -6.357992972421211
14.007196869715138 13.53509672446238 -3.533304007808942
12.788803353590227 11.977435977653393 -3.8319848369815617
14.336216840743752 12.286652247356034 -5.060763416843104
13.366522007443026 14.756207875607222 -7.288090723110135
12.148128491318115 13.198547128798234 -7.586771552282754
14.015879409607695 12.897207822928454 -6.9381567744937005
13.037502036414411 16.004652352713567 -5.760631314075973
11.490088549260886 15.695436083010925 -4.53185273421443
13.357839467550468 15.394096777141147 -3.8832379564253774
-11.763139629552942 -6.206481586810437 -14.489963424179612
-12.578626667384972 -5.419987163186425 -12.841810696809883
-12.381173618302837 -4.30436855422013 -14.489963424179612
-15.394113705217002 -7.38625658050476 -13.296582417916685
-14.394113705216999 -6.009874660033586 -12.245120193678419
-16.012147693966895 -5.484143547914453 -13.296582417916687
-14.999207607052734 -5.155019362572169 -16.592887872656146
-13.999207607052732 -3.778637442100996 -15.54142564841788
-15.81469464488476 -4.368524938948157 -14.944735145286415
-14.381173618302839 -7.057132395162476 -16.592887872656146
-12.763139629552944 -7.58286350728161 -15.541425648417878
-14.578626667384974 -8.172751004128772 -14.944735145286414
11.314927503952923 -5.013428360263913 11.827485334316478
11.26426834882015 -3.8946220576378963 13.484502566334761
14.209501954641002 -6.909549263871433 11.98923906171214
13.071664428215596 -5.562733626208011 11.045092144329372
14.7777421973455 -4.993232589526093 11.91971618636055
14.108183644375458 -4.671936658619401 15.303273525748708
12.970346117950053 -3.325121020955978 14.359126608365939
14.727083042212726 -3.8744262869000767 13.576733418378835
13.539943401670962 -6.588253332964741 15.372796401100295
11.833865632541059 -7.157754369646659 14.498172359069118
13.590602556803734 -7.707059635590757 13.715779169082012
-1.3840289122473344 16.746507883991615 -12.145355914182609
1.9387258046160478 17.91728416903453 -10.251000091760844
2.193369812116117 16.164847128637412 -13.83765882223528
1.4510535354401863 18.015214327896178 -13.67920449667345
-0.33764582674153965 18.306044705573278 -12.833053042647116
1.323731531690152 18.891432848094738 -11.885875131436233
10.696028106115634 14.721819706109116 0.8640828441540658
8.696893515203007 14.723010839530785 0.8052655965325155
9.646234360070235 14.978204190532603 2.5469970091995897
8.746485147113397 17.782659827650555 -0.8183380310632491
7.722122035701888 16.253430900301503 -0.03594484107614182
7.696691401068 18.03904431207404 0.8645761339822752
10.645166836847856 18.29304652965419 2.6651247942708993
9.620803725436346 16.76381760230514 3.447517984258007
8.646032245935228 18.294237663075858 2.606307546649349
11.694960582893254 18.036662045230706 0.9822106292253752
11.720391217527144 16.25104863345817 0.0816896541669585
10.745619738026026 17.781468694228888 -0.7595207834416988
-0.8783171701775712 2.193703359936356 20.598227038701054
2.357750807322218 -0.1574376492335352 20.598227038701054
2.769773466488815 3.8122661230759833 20.865975593216024
2.01889890931172 2.7787759580356317 22.40483409163262
0.1948535909785265 1.9694945764658185 22.270959814375132
1.8128875797284212 0.7939240718808724 22.270959814375132
16.35456390284909 -12.58878438780449 -1.9802726594324003
16.441250642212683 -12.469470326999843 2.017007611465904
14.695894649712754 -15.543601143115936 0.1452565102641465
16.685086776800613 -15.341863773169017 0.09609641365544933
17.514421403368782 -13.864455395513293 -0.966668171192824
17.55776477305058 -13.804798365110969 1.031971964256328
-22.018685638499274 -0.9247345154835639 -1.496251876622565
-21.93199889913568 -0.805420454678918 2.501028394275738
-21.93199889913568 2.597182778729244 0.3981039457992039
-23.578928467673443 1.464579774107201 0.46762682115079324
-23.62227183735524 -0.29637887299920285 -0.4795510900600906
-23.57892846767344 -0.2367218425968799 1.5190890453890609
-9.833148429412999 -11.659220471990459 11.635885508828169
-10.460323694261387 -13.864899756312113 14.23235042903731
-9.548208580807522 -13.438137501536236 12.504368948318362
-11.031614717103132 -14.778896072090667 12.547643540001813
-13.99701566406356 -12.98858283832942 12.581932733423827
-13.084900550609696 -12.561820583553542 10.853951252704878
-12.799960702004219 -14.340737613099318 11.722434692195073
-13.425724641221818 -12.074586522550867 14.266639622459325
-11.942318504926206 -10.733827951996435 14.223365030775875
-11.65737865632073 -12.512744981542212 15.091848470266068
10.026605100171798 17.203041216988712 -7.388672731775684
8.860136048932606 15.597534304073923 -7.637062556615528
10.355625071200413 15.954596739882366 -8.916132140809847
13.26267307767159 14.851900207818822 -7.388672731775684
12.096204026432398 13.246393294904035 -7.637062556615528
11.973659059950307 14.77902623529742 -8.916132140809847
12.933653106642975 16.10034468492517 -5.861213322741523
11.438164084375169 15.743282249116726 -4.582143738547206
11.315619117893078 17.275915189510112 -5.861213322741523
-10.649665214539047 -4.793229593882743 -15.363401190477454
-11.432846012043608 -6.099162684941635 -18.474858501786333
-10.484518405784378 -4.739570142948341 -17.355848729280815
-12.0508800007935 -4.1970496523513265 -18.474858501786333
-14.895862819571187 -5.121440605616408 -16.727982969190652
-13.947535213311959 -3.7618480636231153 -15.608973196685131
-13.78238840455729 -3.708188612688714 -17.601420735488492
-14.277828830821294 -7.0235536382067165 -16.727982969190652
-12.711467235812172 -7.566074128803731 -15.608973196685133
-12.546320427057505 -7.51241467786933 -17.601420735488492
10.782714845479244 -5.691624671178587 17.551305712584654
9.689577729752049 -4.3606961393547055 16.53460492602218
11.350955088183738 -3.775307996833246 17.481782837233062
14.018782822979034 -4.6401624469403195 15.448381264108122
12.925645707251839 -3.3092339151164367 14.431680477545646
12.968989076933635 -3.249576884714112 16.430320612994798
13.450542580274538 -6.556479121285659 15.517904139459711
11.789165221842849 -7.141867263807118 14.570726228248827
11.832508591524643 -7.082210233404794 16.569366363697977
-11.030203391472345 15.785670718652252 -3.630814414444578
-11.923519778885803 14.019333549087003 -3.3443901916721437
-11.60149441431409 14.687574646887066 -5.2017413969597746
-14.753058772603717 15.639968634054345 -2.175095102995761
-13.784947469451488 13.946482506788048 -2.6165305359477347
-15.32434979544546 14.541872562289157 -3.7460220855109583
-14.10900804346029 16.97645082965447 -5.8897975135710245
-13.140896740308062 15.282964702388176 -6.331232946522999
-15.002324430873747 15.210113660089222 -5.603373290798589
-13.537717020618548 18.07454690141966 -4.318870531055827
-11.998314694624575 17.479156845918546 -3.1893789814926046
-13.85974238519026 17.406305803619592 -2.4615193257681955
11.314927503952907 12.820897806940483 0.8052655965325168
11.264268348820133 13.80263368594766 2.5469970091995906
14.209501954640988 13.813545785773698 -0.8183380310632462
13.07166442821558 12.366760846772774 -0.03594484107613938
14.777742197345482 12.894359765612242 0.8645761339822786
14.108183644375442 15.777017543788052 2.665124794270901
12.970346117950035 14.330232604787126 3.447517984258009
14.72708304221271 13.876095644619417 2.6063075466493526
13.539943401670946 16.69620356394951 0.9822106292253769
11.833865632541045 16.168604645110044 0.08168965416695895
13.59060255680372 15.714467684942333 -0.759520783441697
-2.26770470366467 -13.1053188823757 -14.48996342417961
-1.2677047036646691 -13.637853000779135 -12.841810696809882
-0.26770470366467025 -13.1053188823757 -14.489963424179612
-2.2677047036646694 -16.923150960124918 -13.296582417916687
-1.267704703664669 -15.546769039653743 -12.24512019367842
-0.2677047036646696 -16.923150960124914 -13.296582417916687
-0.26770470366467114 -15.858082723318049 -16.592887872656146
0.7322952963353297 -14.481700802846873 -15.54142564841788
0.7322952963353293 -16.39061684172148 -14.944735145286417
-2.2677047036646707 -15.858082723318047 -16.592887872656142
-3.26770470366467 -14.481700802846875 -15.541425648417876
-3.26770470366467 -16.39061684172148 -14.944735145286414
-11.116449254204097 -5.316388646037572 15.330083998753132
-12.003575040347995 -4.6284965003952 13.674846180334852
-11.736361890649363 -3.4168613501701097 15.243456200501484
-14.794177360089554 -6.560515041637788 14.367553224725112
-13.842439093290725 -5.250559698195309 13.193580793320843
-15.41408999653482 -4.660987745770326 14.280925426473466
-14.25975106069229 -4.137244741187606 17.504773265058375
-13.30801279389346 -2.8272893977451274 16.330800833654106
-15.14687684683619 -3.4493525955452355 15.849535446640097
-13.639838424247024 -6.036772037055069 17.591401063310023
-12.068187521002928 -6.62634398948005 16.5040564301574
-13.907051573945656 -7.248407187280158 16.022791043143393
16.354563902849094 3.8586658168537276 -12.145355914182598
16.441250642212687 7.380583111066534 -10.251000091760831
14.695894649712761 7.081231126680143 -13.83765882223527
16.68508677680062 6.947041305000476 -13.679204496673437
17.514421403368786 5.335758650087268 -12.8330530426471
17.557764773050582 7.096717297193671 -11.885875131436217
-0.878317170177563 17.442560382746425 11.173915109016898
2.3577508073222253 18.494022606984693 9.070990660540362
2.769773466488821 16.958198697409518 12.741342448463493
2.0188989093117273 18.79678643411616 12.505159185262961
0.19485359097853538 19.038967276784614 11.721445515539664
1.8128875797284296 19.564698388903746 10.669983291301396
-19.198218891770406 -12.120903455412705 -1.2232254081344878
-19.111532152406813 -12.001589394608061 2.7740548627638146
-17.52888642059363 -15.119517304154732 0.8314385757829236
-19.51237302734738 -14.865498776898121 0.8668711686724905
-20.347039262935766 -13.366191852527107 -0.16046082328621492
-20.30369589325397 -13.306534822124785 1.8381793121629362
5.924673269302186 -21.22677313731875 -1.4962518766225683
6.01136000866578 -21.107459076514107 2.5010283942757345
9.247427986165569 -20.055996852275836 0.39810394579920017
8.679187743461075 -21.97231352662118 0.4676268211507874
7.0178103850293825 -22.557701669142634 -0.4795510900600967
7.061153754711179 -22.49804463874031 1.5190890453890549
-9.833148429413002 15.621614298463372 -5.224597620782226
-10.460323694261392 18.93037288683712 -6.036242734748502
-9.548208580807525 17.193965382555806 -6.427311780934187
-11.031614717103137 17.832276815071936 -7.6071697172637
-13.997015664063568 17.062293583684514 -5.990530287103603
-13.084900550609701 15.325886079403201 -6.381599333289288
-12.799960702004224 16.898237163495633 -7.58431349344125
-13.425724641221823 18.1603896554497 -4.419603304588405
-11.942318504926213 17.522078222933565 -3.2397453682588924
-11.657378656320736 19.094429307025997 -4.442459528410854
10.782714845479227 18.243737000321925 2.7584386665758345
9.689577729752031 16.739162837639007 3.494174920410474
11.350955088183722 17.324550980160467 4.441352831621359
14.018782822979018 15.89259599115204 2.7584386665758363
12.925645707251824 14.388021828469123 3.494174920410476
12.96898907693362 16.148980475575524 4.441352831621359
13.450542580274522 16.811782011313497 1.0755245015303114
11.789165221842831 16.226393868792037 0.12834659031942675
11.832508591524626 17.98735251589844 1.075524501530311
-1.2677047036646707 -11.609622901099879 -15.363401190477456
-2.267704703664672 -12.75802762065763 -18.474858501786333
-1.2677047036646718 -11.435977270240844 -17.355848729280815
-0.26770470366467225 -12.758027620657629 -18.474858501786336
-0.2677047036646707 -15.74941958320927 -16.727982969190652
0.7322952963353297 -14.427369232792485 -15.608973196685135
0.732295296335328 -14.25372360193345 -17.601420735488496
-2.2677047036646707 -15.74941958320927 -16.72798296919065
-3.26770470366467 -14.427369232792486 -15.60897319668513
-3.267704703664671 -14.253723601933451 -17.60142073548849
-9.968015905748274 -3.855019809161457 16.068665048308223
-10.614003295160778 -4.972122373714626 19.283440647473544
-9.716792926226615 -3.6828866729999836 18.04534337266843
-11.233915931606045 -3.0725950778471645 19.1968128492219
-14.150695264962954 -4.095805455731932 17.633022951860063
-13.253484896028791 -2.80656975501729 16.39492567705495
-13.002261916507132 -2.6344366188558173 18.371604001415157
-13.530782628517686 -5.995332751599394 17.71965075011171
-12.013659623138258 -6.605624346752213 16.568181273558245
-11.7624366436166 -6.4334912105907405 18.544859597918453
18.42158530044096 -5.612306291850132 -3.63081441444458
17.017748770415988 -7.0077288664047535 -3.3443901916721464
17.55377251066252 -6.49496668945651 -5.201741396959778
19.43343996381615 -9.197976581556208 -2.1750951029957633
17.523676102103583 -8.800564011257793 -2.6165305359477378
18.565627174037708 -10.080636979162588 -3.746022085510961
20.50548744430921 -8.172452227659722 -5.889797513571027
18.595723582596644 -7.775039657361305 -6.331232946523002
19.10165091428424 -9.567874802214344 -5.603373290798594
21.373300234087655 -7.289791830053344 -4.318870531055829
20.33134916215353 -6.0097188621485484 -3.189378981492606
20.837276493841124 -7.8025540070015875 -2.4615193257681973
-11.116449254204108 16.089205250267124 2.1006994214595287
-12.003575040348004 14.301080818133526 1.9757240048149947
-11.736361890649375 15.162228560279194 3.7609471558035636
-14.794177360089563 15.784681792435038 0.5574620959615462
-13.84243909329073 14.148819089217485 1.204105342066003
-15.41408999653483 14.857705102447108 2.217709830305581
-14.259751060692308 17.50697727672637 4.127908397938684
-13.308012793893475 15.87111457350882 4.774551644043141
-15.146876846836202 15.718852844592774 4.002932981294149
-13.63983842424704 18.433953966714302 2.467660663594649
-12.06818752100294 17.725067953484675 1.4540561753550718
-13.907051573945669 17.572806224568634 0.68243751260608
-1.6210143283158227 -12.215225941602828 15.330083998753137
-0.6926530766276907 -12.846362337987905 13.674846180334857
0.3771070239888039 -12.217811678325672 15.24345620050149
-1.6677683585372185 -16.097409421257943 14.36755322472512
-0.7160300917383886 -14.787454077815463 13.193580793320848
0.33035299376740845 -16.099995157980786 14.280925426473472
0.4717518426957712 -14.840308101933477 17.504773265058382
1.4234901094946013 -13.530352758490997 16.330800833654113
1.4001130943839029 -15.471444498318553 15.849535446640104
-1.5263695096088556 -14.837722365210633 17.59140106331003
-2.572752595114653 -13.525181285045308 16.50405643015741
-2.5961296102253506 -15.466273024872864 16.022791043143396
-19.198218891770395 4.326546749245512 -11.388308662884699
-19.111532152406806 7.84846404345832 -9.493952840462931
-17.52888642059362 7.5053149656413485 -13.151476756716503
-19.51237302734737 7.423406301271373 -12.90842974165641
-20.34703926293576 5.834022193073456 -12.026845694740507
-20.303695893253963 7.594980840179859 -11.079667783529624
16.86027564491885 4.554718315608545 11.173915109016905
16.86027564491885 7.9573215490167035 9.07099066054037
15.272298304085446 7.874582695452251 12.741342448463499
17.25293215067214 7.7286134112204605 12.505159185262967
18.046920821088843 6.068681221298608 11.72144551553967
18.046920821088843 7.769982838002687 10.669983291301403
-8.988003346420825 -21.030519665973674 -1.1787070895760754
-8.901316607057232 -20.911205605169027 2.8185731813222286
-12.19517574413275 -19.77380838100495 0.8546944835488711
-11.675094801074696 -21.704447555337925 0.9010430671165962
-10.071508602218733 -22.332803197822287 -0.11565771944587688
-10.028165232536937 -22.273146167419963 1.882982416003275
5.924673269302184 8.154613172566352 -19.654947252722433
6.011360008665779 11.676530466779159 -17.760591430300668
9.247427986165569 9.325389457609266 -17.760591430300664
8.679187743461073 10.244575477770724 -19.44350559534619
7.017810385029381 9.659187335249266 -20.390683506557075
7.061153754711179 11.42014598235567 -19.443505595346192
17.895648046503077 -4.524535591694827 -5.224597620782227
21.23627227811324 -4.098552080096474 -6.0362427347485035
19.302991535339213 -3.767658485817998 -6.427311780934189
20.368459488334796 -4.981212477702853 -7.607169717263702
20.552521206432125 -8.03941427561984 -5.990530287103605
18.619240463658098 -7.708520681341364 -6.381599333289289
20.02658395249424 -6.951643575464535 -7.58431349344125
21.42033399621057 -7.156753878013463 -4.4196033045884064
20.354866043214987 -5.943199886128608 -3.239745368258893
21.762209532051127 -5.18632278025178 -4.442459528410856
-9.968015905748288 16.096268211855502 3.7380909319811133
-10.614003295160805 19.471234375148057 4.176615377537273
-9.716792926226637 17.787282774295967 4.776048910019986
-11.23391593160607 18.544257685160126 5.836863111881307
-14.150695264962973 17.60315507199544 4.222327825182172
-13.253484896028807 15.919203471143355 4.821761357664886
-13.002261916507155 17.61021803358382 5.859719335703757
-13.530782628517706 18.530131761983373 2.562080090838138
-12.013659623138272 17.773156851119214 1.5012658889768162
-11.76243664361662 19.46417141355968 2.539223867015688
-0.5860553948738998 -10.671413116378588 16.06866504830823
-1.4488619867818464 -11.630987309430612 19.28344064747355
-0.49997922410691126 -10.37929380029248 18.045343372668437
0.5492593655227805 -11.633573046153456 19.196812849221903
0.47746285094356067 -14.723784433324782 17.633022951860067
1.4263456136184955 -13.47209092418665 16.394925677054953
1.512421784385484 -13.179971608100542 18.37160400141516
-1.520658501361066 -14.721198696601938 17.719650750111715
-2.5698970909907577 -13.46691945074096 16.56818127355825
-2.4838209202237693 -13.174800134654854 18.544859597918457
-21.149391075440253 -5.091545218677474 -2.788205298033353
-19.771827397430133 -6.523571513683679 -2.561007139066282
-20.372742081220856 -5.995847025262279 -4.394148815840083
-22.19233924562013 -8.650173938355156 -1.2887318071694345
-20.29330148252007 -8.30288587352252 -1.8112703936343224
-21.415690251400733 -9.55447574493996 -2.894675324976165
-23.39416861320158 -7.594724961512354 -4.955015160717038
-21.49513085010152 -7.2474368966797185 -5.477553747181926
-22.01660493519146 -9.02675125651856 -4.727817001749966
-24.17081760742098 -6.69042315492755 -3.3490716429103076
-23.048428838540314 -5.438833283510109 -2.265666711568465
-23.569902923630252 -7.21814764334895 -1.5159299661365055
18.736915231932528 -5.600533652956038 2.1006994214595323
17.310444782871997 -6.9968012502279855 1.975724004814998
18.04687155015516 -6.476557155976724 3.760947155803567
19.583776698405583 -9.19236385687617 0.5574620959615522
17.733875516108526 -8.792716352188052 1.204105342066008
18.893733016628218 -10.068387359896857 2.217709830305587
21.056630232971905 -8.151875668373647 4.127908397938691
19.20672905067485 -7.752228163685528 4.774551644043147
19.630159783911378 -9.548143265645594 4.0029329812941565
21.746673914749273 -7.27585216535296 2.467660663594655
20.586816414229585 -6.000181157644155 1.4540561753550763
21.010247147466114 -7.796096259604222 0.6824375126060864
-1.62101432831584 19.174459081986083 -4.06980824197837
-0.6926530766277079 17.976222146699648 -5.374558652317227
0.37710702398878715 19.098133200350194 -4.110862124338415
-1.6677683585372405 20.049710617848326 -7.972595554865
-0.7160300917384083 18.413847914630768 -7.325952308760543
0.3303529937673866 19.973384736212434 -8.013649437225045
0.47175184269574955 22.29353272514942 -5.445202498907374
1.423490109494582 20.657670021931864 -4.798559252802917
1.4001130943838813 21.095295789862984 -6.7499529092462325
-1.5263695096088772 22.369858606785307 -5.404148616547329
-2.5727525951146717 20.810321785203637 -4.716451488082827
-2.5961296102253724 21.247947553134757 -6.667845144526142
10.047366378212786 -16.92161470580443 -11.388308662884672
13.370121095076165 -15.75083842076151 -9.493952840462905
12.554702501352416 -14.351691781183414 -13.15147675671648
13.089733801964329 -16.263410812797606 -12.90842974165638
11.836065740394512 -17.54837227510811 -12.026845694740476
13.497443098826203 -16.962984132586655 -11.079667783529594
-18.692507149700635 5.022599248000329 11.93096236031481
-18.69250714970064 8.42520248140849 9.828037911838276
-16.95248276622092 8.298666534413456 13.427524513982268
-18.944527653475838 8.204978407491357 13.275933940280003
-19.814539845215695 6.566944764284794 12.527652863446274
-19.814539845215695 8.268246380988874 11.476190639208006
-8.988003346420825 8.350866643911434 -19.33740246567594
-8.901316607057232 11.872783938124241 -17.44304664325417
-12.195175744132753 9.607577928880158 -17.30400089255099
-11.675094801074696 10.512441449053982 -19.01008934938038
-10.071508602218733 9.88408580656962 -20.026790135942854
-10.028165232536937 11.645044453676025 -19.079612224731967
6.759897643667934 9.304200900980224 18.858739361124037
6.759897643667935 12.706804134388385 16.755814912647505
9.995965621167723 10.355663125218493 16.755814912647505
9.499964327932888 11.374277529383823 18.403967640017235
7.881930339182994 10.84854641726469 19.4554298642555
7.881930339182994 12.54984803396877 18.403967640017235
-20.66333224603019 -4.017092566613901 -4.403537558847229
-24.02311162827018 -3.5029305540987687 -5.072506861253144
-22.10019252244515 -3.2227852343245478 -5.545688340457124
-23.246462634050783 -4.407232360683572 -6.678450379059874
-23.44193129865152 -7.460439471395523 -5.053729375238852
-21.51901219282649 -7.180294151621302 -5.526910854442832
-22.955872469241452 -6.385986819331951 -6.669061636052728
-24.218580292870918 -6.556137664810718 -3.4477858574321214
-23.072310181265287 -5.371690538451694 -2.3150238188293715
-24.50917045768025 -4.577383206162342 -3.4571746004392665
18.388747085995718 -4.506126058215041 3.7380909319811155
21.79815172935113 -4.077574674462489 4.176615377537279
19.91936533470502 -3.7446465689682666 4.776048910019989
21.10810804757376 -4.953598177483176 5.836863111881312
21.11440065767001 -8.018436869985855 4.222327825182179
19.2356142630239 -7.685508764491633 4.82176135766489
20.7662325117332 -6.92402927524486 5.859719335703764
21.80444433944738 -7.142413366965167 2.5620800908381454
20.615701626578637 -5.933461758450258 1.5012658889768211
22.146319875287936 -5.171982269203484 2.5392238670156946
-0.5860553948739144 19.144651971117934 -2.3586765865437433
-1.4488619867818673 22.44916930499821 -1.7792544821630254
-0.4999792241069282 20.782007082624 -1.2133997066360709
0.5492593655227602 22.372843423362326 -1.8203083645230718
0.47746285094353635 22.356131763462727 -5.28362555775237
1.4263456136184753 20.688969541088518 -4.717770782225417
1.5124217843854615 22.326324652594582 -3.572493902317744
-1.520658501361091 22.432457645098616 -5.242571675392324
-2.5698970909907786 20.841621304360288 -4.635663017505324
-2.483820920223793 22.478976415866356 -3.4903861375976515
1.6931740047582444 -21.68764019817187 -2.788205298033353
-0.0944545219521976 -20.820019747137536 -2.5610071390662794
0.5931341410302805 -21.22844773762411 -4.394148815840082
-1.3689943193284573 -23.779219602630715 -1.288731807169432
-1.6255386839955484 -21.865809449366957 -1.811270393634319
-2.4690341830564213 -23.32002714208295 -2.894675324976161
0.006183006636499261 -24.59607558360386 -4.955015160717037
-0.2503613580305919 -22.6826654303401 -5.477553747181924
-1.7814455200739427 -23.728455132569522 -4.727817001749964
1.1062228703644632 -25.055268044151624 -3.3490716429103085
1.9497183694253357 -23.601050351435628 -2.265666711568466
0.41863420738198487 -24.64684005366505 -1.5159299661365058
-21.220079972030817 -5.074692503485351 2.9515282739864217
-19.837442348916355 -6.507928461619263 2.7667367929588567
-20.48328226003205 -5.969493492520333 4.581393397736054
-22.22604089213015 -8.642139235912017 1.447744234128573
-20.34042280896602 -8.291651827832597 2.0148447730299317
-21.489243180131382 -9.536940224947 3.077609357878204
-23.517720714361538 -7.565269297714157 5.077057443682967
-21.632102631197412 -7.214781889634735 5.644157982584327
-22.13508309124708 -8.99850525584807 4.892265962655401
-24.254518426360306 -6.670468308679176 3.447192319933335
-23.105698055194942 -5.425179911564772 2.3844277350850622
-23.60867851524461 -7.208903277778106 1.6325357151561373
18.73691523193253 4.383557474328191 -4.069808241978377
17.310444782872 4.89620591593085 -5.374558652317234
18.046871550155164 6.260297812249849 -4.110862124338421
19.583776698405586 4.609559348157277 -7.972595554865007
17.73387551610853 5.009206852845392 -7.32595230876055
18.893733016628218 6.486299686078936 -8.013649437225052
21.056630232971912 7.337743140795277 -5.445202498907381
19.206729050674852 7.737390645483392 -4.7985592528029235
19.63015978391138 7.850391582397934 -6.749952909246239
21.74667391474928 5.461002802873618 -5.404148616547338
20.586816414229588 3.983909969640075 -4.716451488082836
21.010247147466117 4.096910906554619 -6.667845144526151
10.71959191794674 -5.9675394403686655 -19.337402465675936
14.042346634810123 -4.796763155325753 -17.44304664325417
12.905866149401128 -8.62939650401643 -17.304000892550988
13.605728646764728 -7.8551519287964915 -19.010089349380376
12.512591531037533 -6.524223396972608 -20.02679013594285
14.173968889469226 -5.938835254451152 -19.079612224731967
10.553078120282565 -16.225562207049617 11.930962360314785
13.78914609778235 -15.174099982811343 9.828037911838248
13.13110615572513 -13.55834021241131 13.427524513982247
13.657579175835878 -15.481838706577625 13.275933940279973
12.368565158114594 -16.81544970389678 12.527652863446242
13.986599146864487 -16.289718591777643 11.476190639207974
-8.152778972055057 9.50045437232531 19.176284148170517
-8.152778972055057 12.903057605733471 17.073359699693984
-11.446638109130575 10.637851596489387 17.212405450397164
-10.854318216602858 11.642143500667084 18.83738388598303
-9.207388648065098 11.073444888585044 19.819323234869707
-9.207388648065098 12.774746505289125 18.76786101063144
2.564838762400208 -20.89334665201975 -4.40353755884723
4.092064821296873 -23.929801927084004 -5.072506861253146
3.764284170669522 -22.01442751647582 -5.545688340457127
2.9920249575689097 -23.47060946653624 -6.678450379059875
0.14865557855701872 -24.600004098292708 -5.053729375238851
-0.1791250720703319 -22.684629687684527 -5.526910854442831
1.0203203361989823 -23.805710552140592 -6.669061636052728
1.248695442284982 -25.059196558840473 -3.4477858574321214
2.020954655385595 -23.603014608780054 -2.315023818829372
3.2204000636549095 -24.72409547323612 -3.457174600439269
-20.773872424841375 -3.9907390338719555 4.572004654728908
-24.149070614266325 -3.472901072535672 5.154997817554699
-22.238367745959128 -3.189843318397116 5.673739426513046
-23.412272902267556 -4.367702061570654 6.78486294130433
-23.567890284647667 -7.430409989832428 5.17377530356899
-21.657187416340474 -7.14735223569387 5.6925169125273385
-23.12168273745823 -6.346456520219032 6.794251684311476
-24.304687996646436 -6.535609000797446 3.5439101798193593
-23.130782840338007 -5.357750257623907 2.432786665028074
-24.595278161455763 -4.556854542149068 3.534521436812213
18.38874708599572 5.358651008264538 -2.3586765865437487
21.798151729351133 5.559225191103673 -1.7792544821630323
19.919365334705024 5.94648486665228 -1.2133997066360767
21.108108047573765 7.4359655290253315 -1.8203083645230778
21.114400657670014 7.362518799074293 -5.283625557752377
19.235614263023905 7.749778474622898 -4.717770782225422
20.766232511733204 8.337612333010641 -3.5724939023177495
21.804444339447382 5.485778461152635 -5.242571675392332
20.61570162657864 3.996297798779583 -4.635663017505332
22.14631987528794 4.584131657167325 -3.49038613759766
1.6931740047582382 7.205160918282793 -20.644938418193266
-0.09445452195220311 7.020361467971704 -19.767308989757908
0.5931341410302746 5.563404257438358 -20.952423970345386
-1.3689943193284637 9.481713526436746 -21.84511897847054
-1.6255386839955541 8.158637772048682 -20.36739926989655
-2.469034183056427 7.83995686559231 -22.15260453062266
0.006183006636492766 6.567799105370051 -24.215348939645498
-0.250361358030598 5.244723350981987 -22.7376292310715
-1.7814455200739492 6.3829996550589625 -23.33771951121014
1.1062228703644563 8.209555766214486 -23.90786338749338
1.9497183694253293 8.528236672670857 -22.122658126767263
0.4186342073819783 9.666512976747834 -22.7227484069059
1.7310459597190864 -21.749661558508304 2.9515282739864133
-0.059300960257252365 -20.877589305383093 2.7667367929588504
0.652356633885824 -21.325434005515838 4.581393397736047
-1.3509384817033965 -23.808788913554263 1.4477442341285696
-1.6002931809684942 -21.907152982906076 2.014844773029928
-2.4296278075366593 -23.384561360561797 3.077609357878203
0.072376706582756 -24.704478313819752 5.077057443682961
-0.1769779926823413 -22.802842383171562 5.644157982584321
-1.7179702133935828 -23.83240606069454 4.892265962655399
1.1510660324160185 -25.128705866812215 3.447192319933328
1.9804006589841836 -23.65129748915649 2.384427735085054
0.43940843827294207 -24.68086116667947 1.6325357151561317
-21.22007997203081 4.909398623798872 -3.218979389451481
-19.837442348916348 5.385078704539566 -4.583545864173369
-20.483282260032045 6.767361475706238 -3.290415882405929
-22.226040892130143 5.1597839691214205 -7.082313416697975
-20.340422808966014 5.51027137720084 -6.515212877796615
-21.489243180131375 7.017746821028786 -7.153749909652421
-23.51772071436153 7.9243495114547615 -4.496053453163093
-21.6321026311974 8.274836919534183 -3.928952914261735
-22.13508309124707 8.400029592195455 -5.860619927884981
-24.254518426360296 6.066386659547397 -4.4246169602086445
-23.105698055194935 4.558911215719451 -3.786079928352839
-23.608678515244602 4.684103888380726 -5.717746941976086
11.554816292312504 -4.8179517119547715 19.176284148170524
14.790884269812294 -3.7664894877165036 17.073359699693988
13.654403784403302 -7.599122836407184 17.21240545039717
14.426505231236561 -6.725449877183368 18.837383885983034
13.376711485191162 -5.334864314957162 19.81932323486971
14.994745473941057 -4.809133202838028 18.767861010631446
10.553078120282546 17.927669163485003 -9.176895452314723
13.789146097782336 15.576528154315115 -9.17689545231472
13.131106155725107 18.073417108527806 -6.1219766342463995
13.657579175835854 18.798045055024097 -7.910199354785438
12.368565158114574 18.725171082502694 -9.4376587638196
13.986599146864469 17.54960057791775 -9.4376587638196
2.564838762400202 5.405144949054393 -20.656899221164714
4.092064821296862 6.164744696174589 -23.67195955044536
3.764284170669514 4.884936838000292 -22.17040978729076
2.992024957568899 4.522988035330154 -23.97944510259748
0.14865557855700762 6.4812633129425175 -24.2630090488067
-0.179125072070341 5.20145545476822 -22.7614592856521
1.0203203361989712 4.6812473437141175 -24.27496985177815
1.2486954422849714 8.123019973786953 -23.955523496654582
2.020954655385587 8.484968776457091 -22.146488181347866
3.220400063654899 7.964760665402989 -23.659998747473914
2.624061255255751 -20.990332919911488 4.572004654728899
4.159548022685483 -24.040316421366303 5.154997817554683
3.8383122867389483 -22.135660351340487 5.673739426513035
3.0808586968522187 -23.61608886837384 6.784862941304317
0.2161387799456267 -24.71051859257501 5.173775303568976
-0.10509695600090696 -22.805862522549194 5.692516912527328
1.109154075482291 -23.951189953978194 6.7942516843114635
1.2948281057788904 -25.134746145567476 3.5439101798193446
2.05228169566562 -23.65431762853412 2.4327866650280625
3.2665327271488183 -24.799645059963122 3.534521436812198
-20.77387242484137 5.874038032607621 -1.5247628637959525
-24.14907061426632 6.163898793030482 -0.8008720421456048
-22.238367745959128 6.501288117223426 -0.31570919014301424
-23.412272902267556 8.021861644937847 -0.8723085351000532
-23.567890284647667 7.950545679227713 -4.332178079365558
-21.657187416340474 8.287935003420658 -3.8470152273629683
-23.12168273745823 8.915185088036464 -2.63796155371003
-24.304687996646432 6.0925828273203475 -4.26074158641111
-23.130782840338004 4.572009299605927 -3.7041422414540714
-24.59527816145576 5.199259384221732 -2.495088567801133
2.5764810215515492 8.420928726422458 20.08592465608264
0.7527570257764633 8.186448125079863 19.299127582608055
1.4929154249335177 6.8018469489811455 20.538096963708053
-0.4337697179222806 10.7689397593921 21.279756585019907
-0.7523683439604518 9.360453641564686 19.89604354707669
-1.5173353145403132 9.14985798195079 21.73192889264532
1.0465470803918282 7.999737407194665 23.7576953472199
0.7279484543536571 6.591251289367251 22.373982309276688
-0.7771769153832586 7.765256805852072 22.97089827374532
2.13011267700986 9.618819184635976 23.305523039594487
2.8950796475897214 9.829414844249873 21.469637694025856
1.389954277852806 11.003420360734694 22.066553658494488
1.731045959719073 12.36667148974621 -18.1335251213462
-0.059300960257263675 11.811386396594136 -17.43616124828255
0.6523566338858106 13.634746844806415 -17.025186620606323
-1.3509384817034125 11.942515903148067 -20.647777284751317
-1.6002931809685064 11.599308603295064 -18.693287329985107
-2.429627807536675 13.210591258208272 -19.53943878401144
0.07237670658273651 15.589236799572623 -19.82582802939887
-0.17697799268235814 15.246029499719622 -17.87133807463266
-1.7179702133936008 15.03395170642055 -19.128464156335223
1.1510660324159994 14.321161444512418 -20.934166530138747
1.9804006589841678 12.70987878959921 -20.08801507611241
0.4394084382729251 12.497800996300139 -21.345141157814968
11.226480885607366 -18.664407726789356 -3.2189793894514773
11.251621003463056 -17.202447976816984 -4.583545864173366
12.765825548523997 -17.38952936544485 -3.2904158824059273
11.775470519848938 -19.54376008814099 -7.082313416697971
11.526115820583842 -17.642124157492802 -6.515212877796613
13.31481518276557 -18.268881726796486 -7.153749909652421
14.803879609970819 -19.917922865396722 -4.496053453163094
14.554524910705723 -18.016286934748535 -3.928952914261735
14.829019727826509 -18.45596311542435 -5.860619927884982
13.264534947054187 -21.192801226741228 -4.4246169602086445
11.47583558487246 -20.566043657437547 -3.7860799283528364
11.750330401993246 -21.00571983811336 -5.717746941976084
11.554816292312484 19.306443472512864 4.266587966135227
14.790884269812276 16.955302463342978 4.266587966135228
13.654403784403282 18.793674503665894 0.9007596360441803
14.42650523123654 19.85638097585683 2.4089089356035727
13.37671148519114 20.112765460280315 4.091823100649096
14.994745473941038 18.937194955695368 4.091823100649097
3.450172256409513 6.623701963796406 20.167408334405675
5.105575711928588 7.559722762240754 23.062836534920255
4.714719601598032 6.193098981705555 21.655864273824484
4.022010115310557 5.940640984799443 23.515008842545672
1.191062048976598 7.916012732610231 23.80421379352501
0.8002059386460423 6.549388952075033 22.39724153242924
2.0647532838345617 6.118785969984182 23.88569747184805
2.274627645594629 9.535094510051543 23.352041485899594
2.967337131882105 9.787552506957656 21.492896917178406
4.231884477070625 9.356949524866804 22.981352856597216
2.624061255255737 13.47648753642245 -16.72966187142565
4.159548022685468 15.361926561322033 -19.19692757872876
3.8383122867389345 14.974115072210363 -17.261363100116935
3.080858696852205 16.63000191638224 -18.088589077988885
0.2161387799456136 15.678445178089962 -19.78797707709011
-0.10509695600091984 15.290633688978291 -17.85241259847828
1.109154075482278 16.788261224766202 -18.38411382716956
1.2948281057788762 14.410369823029756 -20.89631557782998
2.0522816956656063 12.75448297885788 -20.06908959995803
3.266532727148803 14.252110514645793 -20.60079082864931
12.006021766130134 -17.94194916064906 -1.5247628637959496
13.324689331064425 -21.062381491516152 -0.8008720421456017
13.055125988858665 -19.140936043012456 -0.3157091901430116
14.864033993981057 -19.787503130171647 -0.8723085351000495
14.844296895852152 -19.95754190110774 -4.332178079365554
14.57473355364639 -18.036096452604042 -3.8470152273629648
15.62383777637492 -19.23508333496744 -2.6379615537100265
13.304952232935518 -21.232420262452244 -4.260741586411107
11.496044227813126 -20.585853175293053 -3.7041422414540683
12.545148450541657 -21.784840057656453 -2.49508856780113
2.4988651465640466 13.423483936710525 17.27198799086592
0.6807123042219086 12.829927274732139 16.687171155519778
1.371543142814013 14.624622153141987 16.1377869130632
-0.47077387145356453 13.153958559734535 19.938183815225667
-0.8041072047868976 12.695164586244143 18.02026906769965
-1.5980958752035994 14.355096776165997 18.803982737422945
0.9108878057306438 16.743348316554233 18.839415330312512
0.5775544723973113 16.284554343063842 16.921500582786493
-0.907265036611494 16.149791654575846 18.254598494966366
2.0382098094806773 15.542210100122771 19.973616408115234
2.8321984798973787 13.882277910200918 19.189902738391936
1.347378970888573 13.747515221712924 20.52300065057181
11.226480885607362 5.467834194180933 -18.133525121346185
11.25162100346305 3.593520559001415 -17.43616124828253
12.765825548523992 4.833796516650831 -17.025186620606306
11.775470519848934 2.4056215235278957 -20.6477772847513
11.526115820583836 2.0624142236748964 -18.69328732998509
13.314815182765562 1.7715838459977946 -19.539438784011423
14.803879609970814 4.886173438826728 -19.825828029398853
14.554524910705718 4.542966138973729 -17.871338074632643
14.829019727826504 3.0118598036472104 -19.1284641563352
13.264534947054184 5.520211116356831 -20.93416653013873
11.475835584872458 5.811041494033933 -20.088015076112395
11.750330401993244 4.279935158707414 -21.345141157814954
-12.300889021321039 -18.632022871372705 -7.258769570870953
-12.300889021321037 -16.930721254668626 -8.310231795109221
-13.918923010070934 -17.45645236678776 -7.258769570870953
-12.387575760684635 -18.751336932177352 -11.256049841769258
-12.344232391002837 -16.99037828507095 -10.308871930558373
-14.005609749434528 -17.575766427592406 -11.256049841769258
-15.623643738184423 -19.802799156415617 -9.15312539329272
-15.580300368502625 -18.041840509309214 -8.205947482081836
-15.623643738184423 -18.101497539711538 -10.204587617530988
-14.005609749434528 -20.978369661000563 -9.15312539329272
-12.344232391002837 -20.392981518479107 -8.205947482081838
-12.387575760684635 -20.45263854888143 -10.20458761753099
3.328799974290008 14.446477167957248 15.767098283760824
4.967273695881328 16.473665574609242 18.04874484438112
4.563004248948649 15.971567986906608 16.15547671051842
3.8399516921312937 17.674803791040706 16.914543766578397
1.0527600329293374 16.829955544978716 18.790122102985872
0.6484905859966572 16.327857957276084 16.896853969123175
1.8826948606552987 17.852948776225443 17.285232395880776
2.180082036679371 15.628817328547257 19.92432318078859
2.903134593496726 13.92558152441316 19.165256124728614
4.137338868155367 15.450672343362518 19.553634551486216
12.006021766130127 6.660094229205298 -16.729661871425634
13.324689331064421 8.703061625606018 -19.196927578728747
13.05512598885866 8.277707944917841 -17.261363100116917
14.864033993981051 8.069023948075916 -18.088589077988868
14.844296895852143 5.050466200497081 -19.787977077090087
14.574733553646379 4.625112519808905 -17.852412598478256
15.623837776374913 6.242726235521448 -18.38411382716954
13.304952232935513 5.684503878027184 -20.896315577829963
11.496044227813119 5.893187874869108 -20.069089599958012
12.545148450541653 7.510801590581653 -20.60079082864929
-13.300889021321039 -18.307103175139797 -5.557467954166871
-14.441151111985237 -21.577840918032738 -5.6030418700584725
-14.371020066653138 -19.780012198469812 -4.729604103760631
-16.05918510073513 -20.40227041344779 -5.6030418700584725
-15.677219089485028 -19.87653930132866 -9.005645103466634
-15.607088044152928 -18.078710581765733 -8.132207337168794
-16.67721908948503 -19.551619605095752 -7.304343486762552
-14.059185100735133 -21.052109805913606 -9.005645103466634
-12.37102006665314 -20.429851590935627 -8.132207337168794
-13.441151111985237 -21.902760614265645 -7.304343486762552
11.994300072452324 6.524646641145269 17.271987990865927
11.991634267942217 4.6120614371394355 16.687171155519785
13.485012057452185 5.823671824986427 16.13778691306321
12.655635130098773 3.6170641801143883 19.938183815225678
12.32230179676544 3.1582702066239943 18.02026906769966
14.146347115098633 2.9160893639555447 18.80398273742296
15.642390709118708 6.040284955808369 18.839415330312526
15.309057375785377 5.581490982317976 16.921500582786507
15.639724904608602 4.127699751802535 18.254598494966384
14.151678724118847 6.741259771967213 19.97361640811524
12.327633405785654 6.983440614635662 19.189902738391943
12.65830093460888 5.529649384120222 20.52300065057182
-12.300889021321032 1.840053062354267 -19.911208318182958
-12.300889021321032 0.1387514456501871 -18.85974609394469
-13.918923010070927 1.3143219502351335 -18.85974609394469
-12.387575760684626 -1.6818642318585386 -21.805564140604723
-12.34423239100283 -1.6222072014562157 -19.806924005155572
-14.005609749434521 -2.2075953439776717 -20.75410191636646
-15.623643738184416 0.6692767773113542 -21.805564140604726
-15.58030036850262 0.7289338077136772 -19.806924005155576
-15.623643738184416 -1.0320248393927258 -20.75410191636646
-14.005609749434521 1.1950078894304879 -22.85702636484299
-12.344232391002828 1.7803960319519443 -21.909848453632108
-12.387575760684625 0.019437384845541264 -22.85702636484299
12.710760485164391 7.63008386074012 15.767098283760829
14.13241500426027 9.81480063889326 18.048744844381122
13.779817951068363 9.275160859614115 16.15547671051843
15.62312698926013 9.11382582273442 16.914543766578404
15.680918148835863 6.201976567385878 18.790122102985883
15.328321095643956 5.662336788106732 16.896853969123185
16.397378561547928 7.307413786980727 17.285232395880783
14.190206163836002 6.90295138354472 19.9243231807886
12.346897125644233 7.064286420424416 19.16525612472862
13.415954591548205 8.709363419298413 19.55363455148622
-13.30088902132103 3.2164349828254406 -18.859746093944693
-14.441151111985228 4.638390819188218 -21.80556414060473
-14.371020066653129 4.615603861242414 -19.80692400515558
-16.059185100735125 4.112659707069083 -20.754101916366462
-15.67721908948502 0.8341647540076034 -21.80556414060473
-15.60708804415292 0.8113777960618014 -19.80692400515558
-16.677219089485018 2.2105466744787767 -20.754101916366462
-14.059185100735123 1.3598958661267375 -22.857026364842994
-12.37102006665313 1.8628400203000695 -21.90984845363211
-13.441151111985228 3.2620088987170446 -22.857026364842994
-11.429281380736162 3.0397180605998058 20.28017563802726
-11.472624750417959 1.278759413493402 19.332997726816373
-13.090658739167853 2.4543299180783484 19.332997726816373
-11.429281380736164 -0.3628851728083553 22.38310008650379
-11.472624750417959 -0.4225422032106787 20.38445995105464
-13.090658739167853 -0.9482733153298124 21.435922175292905
-14.665349358235954 1.9882558363615375 22.38310008650379
-14.708692727917748 1.9285988059592145 20.38445995105464
-14.708692727917748 0.22729718925513387 21.435922175292905
-13.003971999804262 2.573643978882995 23.330277997714678
-11.385938011054368 3.0993750910021287 22.27881577347641
-11.385938011054368 1.398073474298048 23.330277997714678
5.551178208789298 -11.13023299313176 -19.91120831818295
3.9331442200394022 -11.655964105250893 -18.859746093944686
5.551178208789297 -12.831534609835838 -18.859746093944683
2.228423491925919 -12.301009278174675 -21.805564140604723
2.2717668616077122 -12.24135224777235 -19.80692400515557
2.2284234919259176 -14.002310894878754 -20.754101916366455
5.464491469425709 -14.652150287344565 -21.80556414060472
5.5078348391075025 -14.592493256942241 -19.806924005155565
3.846457480675813 -15.1778813994637 -20.75410191636645
5.46449146942571 -12.950848670640486 -22.857026364842987
5.507834839107504 -11.189890023534081 -21.9098484536321
3.8464574806758143 -11.77527816605554 -22.857026364842987
-12.475664466241959 4.352259140765132 19.19283100487464
-13.489099017527892 5.948778109346 22.09525716125164
-13.505573284637824 5.8067891651382295 20.10037176648683
-15.150476375959583 5.363389966824542 21.148079250040755
-14.71908756337968 2.1529196639724297 22.37559060513511
-14.735561830489612 2.0109307197646604 20.3807052103703
-15.765470648885476 3.465460744137757 21.28824597198249
-13.057710204947991 2.7383078064938875 23.322768516345995
-11.412807113626233 3.1817070048075755 22.27506103279207
-12.442715932022097 4.636237029180672 23.18260179440426
7.169212197539192 -11.655964105250893 -18.859746093944683
8.873932925652685 -12.301009278174671 -21.805564140604716
8.830589555970885 -12.24135224777235 -19.806924005155565
8.873932925652685 -14.002310894878754 -20.754101916366448
5.637864948152896 -14.652150287344568 -21.80556414060472
5.594521578471097 -14.592493256942245 -19.806924005155565
7.25589893690279 -15.1778813994637 -20.75410191636645
5.637864948152897 -12.950848670640488 -22.857026364842987
5.594521578471098 -11.189890023534085 -21.9098484536321
7.25589893690279 -11.77527816605554 -22.857026364842984
6.422785849374159 -9.930567994886196 20.28017563802726
4.761408490942467 -10.515956137407656 19.332997726816377
6.379442479692362 -11.691526641992601 19.332997726816377
3.18671787187437 -10.982030219124463 22.383100086503795
3.143374502192573 -11.041687249526788 20.384459951054644
3.143374502192573 -12.742988866230867 21.435922175292912
6.42278584937416 -13.333171228294354 22.3831000865038
6.379442479692363 -13.392828258696678 20.384459951054644
4.761408490942468 -13.918559370815812 21.435922175292912
6.466129219055957 -11.572212581187951 23.33027799771468
6.466129219055956 -9.870910964483873 22.278815773476413
4.848095230306062 -10.396642076603005 23.33027799771468
7.994436752618256 -10.520139947311176 19.19283100487464
9.82598502011001 -10.990621988016864 22.095257161251638
9.696036337986182 -11.05016694387651 20.10037176648683
9.782641650428214 -12.751580635123267 21.148079250040755
6.5959964742582216 -13.33339537737971 22.375590605135113
6.466047792134393 -13.392940333239356 20.3807052103703
8.16764737750232 -13.92296732980469 21.28824597198249
6.639339843940019 -11.572436730273308 23.322768516345995
6.552734531497987 -9.87102303902655 22.27506103279207
8.254334116865914 -10.401050035591885 23.18260179440426
-8.08658761611862 -11.130232993131752 -19.911208318182954
-9.704621604868516 -11.655964105250884 -18.859746093944686
-8.08658761611862 -12.831534609835831 -18.859746093944686
-11.409342332982002 -12.301009278174668 -21.805564140604723
-11.365998963300207 -12.241352247772344 -19.806924005155572
-11.409342332982002 -14.002310894878747 -20.754101916366455
-8.173274355482212 -14.652150287344558 -21.80556414060472
-8.129930985800415 -14.592493256942234 -19.80692400515557
-9.791308344232107 -15.177881399463693 -20.754101916366455
-8.173274355482212 -12.950848670640479 -22.857026364842987
-8.129930985800415 -11.189890023534074 -21.909848453632105
-9.791308344232107 -11.775278166055534 -22.85702636484299
6.422785849374153 22.580225547255523 0.18740022775308607
4.761408490942462 21.994837404734067 -0.7597776834577987
6.379442479692356 22.520568516853203 -1.8112399076960655
3.186717871874367 24.931366556425417 0.18740022775309007
3.143374502192569 23.170407909319014 -0.759777683457797
3.14337450219257 24.871709526023096 -1.8112399076960612
6.422785849374156 25.982828780663684 -1.9155242207234426
6.379442479692358 24.22187013355728 -2.8627021319343298
4.761408490942465 25.39744063814223 -2.8627021319343275
6.4661292190559525 26.042485811066005 0.08311591472570856
6.4661292190559525 24.341184194361922 1.1345781389639726
4.8480952303060585 25.51675469894687 1.1345781389639749
-7.202169696865253 -9.912936158930695 20.870880451268942
-8.863547055296944 -10.49832430145215 19.92370254005806
-7.24551306654705 -11.673894806037097 19.92370254005806
-10.438237674365045 -10.964398383168957 22.973804899745478
-10.48158104404684 -11.024055413571283 20.975164764296327
-10.481581044046841 -12.725357030275362 22.026626988534595
-7.202169696865255 -13.31553939233885 22.97380489974548
-7.245513066547051 -13.375196422741176 20.975164764296327
-8.863547055296946 -13.900927534860308 22.026626988534595
-7.1588263271834585 -11.554580745232448 23.920982810956364
-7.158826327183458 -9.853279128528369 22.869520586718096
-8.776860315933353 -10.379010240647501 23.920982810956364
7.994436752618248 21.871339534025893 -0.826204260486491
9.825985020110004 24.677754373201 0.05098824649569467
9.696036337986174 22.920103946998633 -0.894410251115187
9.782641650428205 24.61809734279868 -1.9476518889534569
6.595996474258216 25.97621233885561 -1.9190830479234533
6.466047792134387 24.218561912653243 -2.864481545534335
8.167647377502313 25.267326325625984 -2.932687536163031
6.639339843940012 26.035869369257934 0.0795570875256979
6.552734531497979 24.337875973457887 1.1327987253639673
8.254334116865905 25.386640386430628 1.0645927347352715
-7.202169696865248 23.100682797320477 0.4673418446678761
-8.863547055296939 22.51529465479902 -0.4798360665430084
-7.245513066547042 23.04102576691815 -1.5312982907812758
-10.438237674365036 25.451823806490374 0.46734184466787165
-10.481581044046834 23.69086515938397 -0.4798360665430105
-10.48158104404683 25.392166776088047 -1.5312982907812804
-7.202169696865243 26.503286030728635 -1.635582603808663
-7.245513066547041 24.74232738362223 -2.5827605150195456
-8.863547055296936 25.91789788820718 -2.5827605150195474
-7.158826327183448 26.56294306113096 0.3630575316404887
-7.1588263271834505 24.861641444426883 1.4145197558787583
-8.776860315933344 26.03721194901183 1.414519755878756
24.195647737962627 0.2888331443698372 0.4673418446678975
24.15230436828083 -1.4721255027365663 -0.47983606654298666
24.15230436828083 0.22917611396751436 -1.5312982907812545
27.431715715462417 -2.0623078648000557 0.46734184466790063
25.770338357030727 -2.647696007321513 -0.47983606654298544
27.38837234578062 -2.1219648952023786 -1.5312982907812516
27.431715715462417 1.340295368608106 -1.635582603808634
25.770338357030727 0.7549072260866486 -2.5827605150195203
27.38837234578062 -0.42066327849829777 -2.582760515019519
27.475059085144213 1.3999523990104286 0.36305753164051746
25.857025096394317 0.8742212868912945 1.4145197558787834
27.475059085144213 -0.3013492176936521 1.4145197558787843
-26.586579246352628 0.9571362656081637 1.5486790096191654
-26.629922616034424 -0.8038223814982408 0.6015010984082813
-26.629922616034428 0.8974792352058407 -0.4499611258299864
-29.880438383428142 -1.3080697436359239 1.6877247603223466
-28.27685218457218 -1.936425386120285 0.6710239737598719
-29.923781753109942 -1.367726774038247 -0.3109153751268052
-29.88043838342815 2.0945334897722385 -0.4151996881541876
-28.27685218457219 1.4661778472878786 -1.431900474716663
-29.923781753109946 0.3335748426658344 -1.3623775993650722
-29.83709501374635 2.1541905201745615 1.5834404472949637
-28.19016544520859 1.5854919080925243 2.5653797961816402
-29.837095013746346 0.45288890347048005 2.6349026715332307
-2.6433923493538916 -5.908376853090879 0.2336837638159114
-2.6433923493538902 2.851319568491652 -5.180106355852922
3.52861921440494 -1.632909315920011 -5.1801063558529234
-2.4202251245813047 3.1584829019103635 5.1105326881763675
-5.8521540055495125 -1.5331220924798186 -5.38765733193051
3.7517864391775255 -1.325745982501298 5.110532688176369
0.3503292850852271 -6.039489982368592 -5.3876573319305106
-2.885738692414561 -6.039489982368595 -5.387657331930509
-5.611314366484456 -1.2016347675378716 5.717888276921194
3.7517864391775246 5.163891024352871 1.0997164432913595
0.35032928508522887 -2.117925183467669 -7.811317666736424
-2.8857386924145594 -2.1179251834676696 -7.811317666736427
-1.2677047036646656 -3.2902995416912604 -7.897945464988074
0.5911689241502842 -5.708002657426645 5.717888276921195
-2.6418593375255055 -5.703818847523124 5.858054998862929
-5.611314366484455 5.651622154846337 1.4823425652522508
0.6910770363515605 -1.648926139183483 7.901169312118836
-2.5419512253242282 -1.6447423292799588 8.041336034060574
-0.920169181055879 -2.811957931651027 8.127537765309537
0.5911689241502835 7.6669311415290595 -2.5482754081131858
-2.6418593375255055 7.790429012237226 -2.481848831084491
7.109003578028655 -3.590229801592176 1.4823425652522515
0.6910770363515606 7.804442860871298 2.0586659618903758
-2.5419512253242287 7.927940731579466 2.1250925389190694
-0.9201691810558795 8.52703659017982 1.1196537525692107
7.109003578028653 2.931447074979319 -2.5482754081131844
8.22551770886655 -0.10518257983588786 -2.481848831084492
-9.580170321852139 -3.3705973106495395 1.8377154006312444
7.208911690229932 3.068958794321558 2.0586659618903784
8.325425821067826 0.032329139506349414 2.1250925389190707
8.394041628424072 1.7598663222853999 1.1196537525692127
-9.580170321852135 3.151079565921955 -2.1929025727341926
-10.772334062699294 0.14483252170114902 -2.077315899096803
-0.2451930976413399 -10.152855262000116 1.837715400631246
-9.480262209650858 3.288591285264196 2.41403879726937
-10.672425950498017 0.2823442410433903 2.5296254709067587
-10.738306940943804 2.0116514255554367 1.527050607521035
5.957290192993401 -8.137546275317398 -2.1929025727341904
3.46657820799354 -10.200342795494578 -2.077315899096801
-0.24519309764133967 6.184197529953627 -8.25913850079754
6.057198305194675 -8.000034555975155 2.4140387972693698
3.5664863201948163 -10.062831076152335 2.52962547090676
5.231513532355024 -9.591102312906866 1.5270506075210353
-7.990308192076146 -8.244951893623975 -3.6311442284221034
-5.372274203326253 -10.147064926214282 -3.631144228422103
-6.372274203326253 -8.770683005743109 -6.38390806936445
5.9572901929933995 1.6778296400648494 -8.259138500797535
3.4665782079935408 2.7037241524565987 -10.052467866034753
0.10477735664505 6.665890535932501 7.87862377503023
-7.81486405277505 -8.003473752237323 4.458898168160885
-5.196830064025154 -9.905586784827628 4.458898168160884
-7.053420815874729 -9.70820088844502 3.74188381122243
-6.078437285491888 -8.36625118446892 7.165436653297495
6.057198305194675 5.7369061583080185 -6.075857465599893
3.5664863201948167 6.762800670699768 -7.869186830837114
5.2315135323550255 5.655106935562797 -7.895624907626212
-7.990308192076146 0.4394604487286242 -8.998406228315098
-5.37227420332625 1.2901112570806645 -10.699707845019176
-6.372274203326252 -1.7875722800945886 -10.699707845019178
6.307260647279793 2.1595226460437256 7.878623775030232
3.8952379881131938 3.2937237238464427 9.713799668991797
-7.814864052775048 7.567422036730402 -5.164444664703775
-5.196830064025155 8.418072845082444 -6.865746281407856
-7.05342081587473 7.688482051477123 -7.009857537154893
-6.078437285491887 10.150462651158843 -4.2785218570758925
6.307260647279788 6.08108744494465 5.454963440224315
3.8952379881131893 7.2152885227473655 7.290139334185879
5.561278438881399 6.10898939091157 7.310423498044026
2.8870927450622372 -7.463433926267784 -8.9984062283151
2.8870927450622377 -4.710670085325435 -10.699707845019178
0.2690587563123443 -6.612783117915745 -10.69970784501918
-7.593614809884791 0.985462047947361 9.293833644481138
-4.905449775802798 1.9326399591582457 10.826399698213478
-5.900531412283426 -1.1382740313906383 11.053194218406864
9.61197184062536 -5.093915368395296 -5.164444664703768
9.61197184062536 -2.341151527452949 -6.865746281407848
9.491807856058946 -4.332330214256356 -7.009857537154887
11.532004068254514 -2.6442719292822217 -4.278521857075885
-7.593614809884798 7.871945494562484 5.037752811509469
-4.905449775802804 8.819123405773368 6.570318865241811
-6.753111302435612 8.10182263632022 6.8379501211571965
-5.900531412283432 10.395329078588603 3.9250354836882013
-5.422502152391575 -7.463433926267787 -8.998406228315098
-5.422502152391575 -4.7106700853254395 -10.699707845019178
-2.8044681636416806 -6.612783117915747 -10.699707845019178
3.2837861272535918 -6.917432327049045 9.29383364448114
3.353917172585689 -4.068141383247853 10.826399698213478
0.740801547355169 -5.963484869211793 11.053194218406865
-12.402447529332841 -4.80420170180606 -4.69567810515704
-12.402447529332841 -2.051437860863713 -6.39697972186112
-12.340943208610184 -4.045007334811847 -6.544959352468195
-14.217934567164871 -2.3053981660842915 -3.730212590326059
9.83322108351562 -4.789391910563211 5.037752811509466
9.903352128847718 -1.9401009667620193 6.570318865241808
9.792117369498072 -3.918989629413252 6.837950121157194
11.709909941462978 -2.39940550185246 3.925035483688199
-5.0180033695484285 -6.90668911470989 9.653754599645918
-4.947872324216329 -4.057398170908698 11.186320653378258
-2.3298383354664347 -5.959511203499005 11.186320653378257
3.283786127253589 11.406227302861023 -2.0308108050876075
3.3539171725856867 11.502754405719868 1.2030568653488134
0.7408015473551661 12.553228966415968 -0.39076429196652823
-0.736500275691492 -13.280008511043839 -4.695678105157038
1.8815337130584022 -12.429357702691801 -6.396979721861119
-0.03346940615785976 -12.986910464605309 -6.544959352468193
2.2010194576555957 -14.234466530481143 -3.7302125903260572
-12.181198286442582 -4.499678243973981 5.506519371056202
-12.111067241110486 -1.6503873001727902 7.039085424788546
-12.04063369517106 -3.6316667499687503 7.3028483058438916
-14.040028693956408 -2.060531738654535 4.473344750438031
9.833221083515614 6.64778427273173 -2.0308108050876035
9.903352128847713 6.744311375590574 1.2030568653488172
9.792117369498069 7.868673961961112 -0.44722662626181553
11.709909941462973 4.583705223796054 -0.39076429196652407
-5.018003369548423 11.723345881153646 -1.8602402393977608
-4.947872324216326 11.819872984012493 1.3736274310386603
-2.3298383354664303 12.67052379236453 -0.3276741856654197
-0.7365002756914969 1.7390581770585398 -13.977971797705628
1.881533713058396 -0.16305485553176724 -13.97797179770563
-0.03346940615786531 -0.046066685524586815 -14.542840651042717
2.2010194576555904 3.029443388122427 -14.399895698739499
-0.5152510328012412 -12.975485053211761 5.506519371056202
2.172914001280752 -12.028307142000877 7.039085424788544
0.26684010728125696 -12.573569879762209 7.302848305843892
2.37892533086405 -13.989600103051389 4.473344750438033
-12.181198286442575 6.937497939320959 -1.5620442455408712
-12.11106724111048 7.034025042179806 1.6718234248955501
-12.040633695171053 8.155996841405615 0.017671558424879955
-14.040028693956401 4.9225789869939796 0.15754497478330642
12.700212812074337 -1.1496916951880507 -1.8602402393977506
12.770343857406434 -1.0531645923292066 1.3736274310386707
12.770343857406434 1.6995992486131413 -0.3276741856654097
-0.13261637628506828 2.5702330582651833 13.868192618350937
2.4854176124648264 0.6681200256748765 13.868192618350939
0.5965287235759376 0.8210513501716734 14.507497534192945
2.8187509457981603 3.879677840107615 14.084805749172878
-0.5152510328012396 10.727993977243212 -9.143036321385383
2.172914001280754 11.6751718884541 -7.610470267653044
0.26684010728125873 12.154937490692875 -7.980209740149649
2.3789253308640514 10.257420541200696 -10.512138133630138
10.362149904337148 -9.441203244913218 -1.56204424554087
10.432280949669247 -9.344676142054375 1.6718234248955512
11.477574377752982 -8.9309815060527 0.017671558424881453
9.02025829050265 -11.831700215224021 0.1575449747833073
-15.242443540482874 -0.781961377613128 -1.2652400868677303
-15.172312495150775 -0.6854342747542839 1.9686275835686908
-15.172312495150775 2.067329566188064 0.2673259668646106
-0.13261637628506562 11.254645400617775 8.500930618457947
2.485417612464829 12.105296208969817 6.799629001753868
0.5965287235759404 12.608714941546035 7.2223207867739365
2.8187509457981617 10.862788565756127 9.769005973518151
10.362149904337148 2.825099602246805 -9.143036321385381
10.432280949669249 5.674390546047997 -7.610470267653042
11.47757437775298 4.009862273028013 -7.980209740149644
9.020258290502651 5.4322097033795425 -10.512138133630138
-13.112716373535072 -9.13226983777848 -1.0621794925365378
-13.042585328202971 -9.035742734919637 2.171688177899883
-14.146089456581842 -8.593769541651524 0.5632919782391227
-11.762198035091133 -11.558199400978848 0.6000785881827815
3.9664846261397475 -14.738064608064512 -1.2652400868677272
4.036615671471846 -14.641537505205667 1.968627583568694
6.654649660221743 -13.790886696853626 0.26732596686461385
10.744784560853319 3.351751025621371 8.500930618457948
10.744784560853319 6.104514866563717 6.799629001753868
11.807262994047658 4.463639723881177 7.2223207867739365
9.460083905436758 6.037577727934974 9.769005973518151
-13.112716373535068 3.134033009381554 -8.643171568381053
-13.042585328202971 5.983323953182746 -7.1106055146487135
-14.14608945658184 4.3470742374292 -7.434589320335407
-11.762198035091128 5.705710517624725 -10.069604520230666
-6.851757046093249 -14.5956946273605 -1.034880619110964
-6.78162600076115 -14.499167524501653 2.1989870513254575
-6.186342811223499 -15.539586447127526 0.5979978603263746
-9.446414019732446 -13.578993840798026 0.6101758099358702
3.96648462613975 5.459397727245609 -13.74795829658522
4.03661567147185 8.308688671046802 -12.21539224285288
6.654649660221743 6.406575638456494 -12.215392242852879
-12.73008171701889 3.6606844327561205 9.000795371462274
-12.730081717018892 6.413448273698467 7.299493754758194
-13.816400840287155 4.800851688282365 7.767941206588172
-11.322372420157013 6.311078542180159 10.211539586917619
7.032694717697402 -11.502464892549733 -8.643171568381046
9.720859751779393 -10.555286981338845 -7.1106055146487055
8.505695326357877 -12.110410742601196 -7.434589320335396
9.06117225192756 -9.423353572297565 -10.069604520230662
-6.85175704609325 5.601767707949625 -13.517598828828453
-6.781626000761152 8.45105865175082 -11.985032775096116
-6.186342811223499 7.484379874037988 -13.6315958819868
-9.446414019732446 6.618468494512098 -11.872542399781619
4.55117820878928 6.264159403419947 13.213306362856
4.551178208789281 9.016923244362294 11.51200474615192
7.169212197539176 7.114810211771988 11.51200474615192
7.415329374213583 -10.97581346917517 9.000795371462269
10.033363362963476 -10.125162660823127 7.299493754758189
8.835383942652564 -11.656633291748035 7.767941206588165
9.500997866861677 -8.817985547742135 10.211539586917617
-8.855696417615807 -11.278897413932198 -9.592189344160682
-11.657335866711692 -10.48790363598248 -8.178937351232985
-10.380567275897839 -11.990971120821545 -8.511578451415712
-10.85381776992043 -9.175362555817154 -11.025642558311334
-9.577049179106577 -10.678430040656218 -11.35828365849406
7.444907049988357 -4.785366766460988 -13.517598828828454
10.133072084070351 -3.8381888552501033 -11.985032775096117
9.029753311329474 -3.5707610692142224 -13.631595881986803
9.213640057598985 -6.938854367549026 -11.87254239978162
-6.267063463443707 6.406529384123965 13.443665830612757
-6.267063463443707 9.159293225066314 11.742364213908678
-5.599770580878582 8.291727286935176 13.41629657570606
-8.931851482415 7.326703067827594 11.854854589223171
-8.417320799515874 -10.675525138804083 10.622092821003264
-11.278564706955242 -9.966569859697806 9.286876857434816
-9.986644163872066 -11.448782471373535 9.652919319656194
-10.354196414529607 -8.487692755175928 12.012789864975348
-9.062275871446433 -9.969905366851657 12.378832327196726
7.415329374213572 12.959089125948749 -5.79178794974236
10.033363362963469 11.056976093358447 -5.7917879497423606
8.835383942652555 12.160862719088318 -6.952080855023716
9.500997866861665 13.077001690383604 -3.3203067094892584
-9.167511510040354 -4.311648662446551 -14.109886051870088
-11.96915095913624 -3.520654884496832 -12.696634058942394
-10.776987218289081 -3.133297403960889 -14.25506268973758
-10.969150959136243 -6.598338421672086 -12.696634058942394
-9.776987218289083 -6.2109809411361425 -14.255062689737578
8.0296006326379 -3.980605090286642 13.443665830612758
10.647634621387795 -3.129954281934601 11.742364213908681
9.616325541674389 -2.763413656317029 13.416296575706063
9.72820259491643 -6.230619794233525 11.854854589223175
-8.41732079951588 14.274928625605082 -4.7981356401343564
-11.278564706955244 12.763620722514512 -4.761153493135156
-9.98664416387207 13.75388468514876 -5.923185590225245
-10.354196414529612 14.540377489543326 -2.219340241581255
-9.062275871446438 15.530641452177573 -3.381372338671344
8.029600632637887 13.804560980309057 2.451828703423203
10.647634621387782 11.902447947718754 2.451828703423204
9.616325541674374 13.235736616925804 3.528277915724824
9.728202594916416 13.38972217032374 -0.27118361576910455
-1.267704703664671 -10.051194270304697 -14.109886051870088
0.3503292850852251 -12.471281204845598 -12.696634058942394
0.3503292850852242 -11.217766066238232 -14.25506268973758
-2.885738692414564 -12.4712812048456 -12.696634058942392
-2.885738692414565 -11.217766066238232 -14.255062689737578
-8.542171672586205 -3.450942216024284 14.72564996221167
-11.403415580025573 -2.741986936918007 13.390433998643223
-10.145370848732625 -2.2639520522297465 14.869895421961566
-10.400375864201575 -5.815486664189738 13.530600720584957
-9.142331132908627 -5.337451779501477 15.0100621439033
16.17735906318606 -3.594152257324919 -4.7981356401343564
15.624192826273955 -6.782376745993089 -4.761153493135159
16.166764417594703 -5.247678901587199 -5.9231855902252475
17.028343416007345 -5.354202222142472 -2.219340241581256
17.570915007328093 -3.8195043777365836 -3.3813723386713446
-8.54217167258622 14.714330007639806 3.4988943130928782
-11.403415580025584 13.203022104549236 3.5358764600920773
-10.145370848732638 14.312508930044755 4.625079121729449
-10.400375864201584 14.702901895728578 0.8495391961784233
-9.14233113290864 15.812388721224098 1.938741857815795
-0.6423648662105236 -9.190487823882423 14.725649962211676
0.9160646641958934 -11.692613257266768 13.39043399864323
0.9819456546416812 -10.348420714507082 14.869895421961573
-2.316963597479895 -11.688429447363246 13.530600720584964
-2.251082607034108 -10.34423690460356 15.010062143903307
-18.904572156800423 -3.132467815234052 -4.051114520754307
-18.434387393342497 -6.334159784717526 -4.035923215457107
-18.985367690912657 -4.785070603342354 -5.174669640187344
-19.691031863317903 -4.870968725575379 -1.4374520196332443
-20.242012160888063 -3.3218795442002063 -2.5761984443634813
16.633835652380565 -3.5771099993230333 3.498894313092879
16.080669415468456 -6.765334487991203 3.53587646009208
16.74709688894621 -5.226012564391034 4.625079121729452
17.197183546306352 -5.347898685159985 0.8495391961784255
17.863611019784106 -3.8085767615598147 1.9387418578157978
-0.6423648662105355 17.28113283546605 -1.634711342559593
0.9160646641958788 17.20586388324898 -4.469807097307387
0.9819456546416677 17.927993228208553 -2.605889474598128
-2.316963597479911 17.329361753957144 -4.403380520278692
-2.2510826070341223 18.05149109891672 -2.5394628975694333
2.8626801400755983 -18.947302326736853 -4.051114520754307
-0.3276049530761864 -19.489507272911684 -4.035923215457104
1.3159286827079393 -19.534825792418726 -5.174669640187344
1.4522969354154613 -20.23249628145566 -1.437452019633244
3.0958305711995866 -20.277814800962705 -2.5761984443634827
-19.00690251997574 -3.108071558547673 4.2578144522976755
-18.536717756517813 -6.309763528031146 4.273005757594877
-19.11546337152712 -4.7540549055614125 5.388722654966615
-19.72888149736497 -4.861945114605524 1.6358285902899172
-20.30762711237428 -3.306236492135789 2.751545487661656
16.63383565238057 4.72923843636136 -1.634711342559598
16.08066941546846 6.188133611057307 -4.469807097307393
16.747096888946214 6.473940396050111 -2.6058894745981327
17.197183546306356 3.1515039562420992 -4.4033805202786995
17.86361101978411 3.437310741234903 -2.5394628975694395
2.8626801400755935 4.85006421734745 -18.75869588773805
-0.32760495307619153 5.106133157348755 -19.236864976429164
1.3159286827079337 4.10787444946757 -19.786661975498454
1.4522969354154565 7.762551235851586 -18.739342901997507
3.095830571199582 6.764292527970399 -19.289139901066797
2.9175041802321315 -19.03708542753436 4.257814452297669
-0.27278091291965323 -19.579290373709195 4.273005757594871
1.385628140394603 -19.648969759502258 5.3887226549666085
1.4725750795802766 -20.2657049734152 1.635828590289911
3.1309841328945325 -20.335384359208263 2.751545487661648
-19.006902519975736 5.198276877136717 -0.8757912033547988
-18.536717756517806 6.643704571017359 -3.7326777998045912
-19.115463371527117 6.945898054879729 -1.8422459413609655
-19.728881497364966 3.6374575267965543 -3.6170911261672014
-20.307627112374277 3.939651010658923 -1.726659267723576
3.66623292318774 5.956059740167324 18.2945571258205
0.49932484514665343 6.244304381121577 18.894343927274853
2.1664191394495154 5.278474137659975 19.430970943663098
2.252570809514687 8.864033727587211 18.16271376476546
3.9196651038175485 7.8982034841256095 18.6993407811537
2.917504180232121 12.321948442254941 -15.123134333591281
-0.2727809129196641 12.578017382256245 -15.601303422282397
1.3856281403945911 13.607106481376334 -15.164662794354214
1.472575079580265 10.52622835747274 -17.394632787519615
3.1309841328945205 11.555317456592832 -16.95799215959143
10.817310986607819 -16.470282599708124 -0.8757912033547963
12.046699331301816 -15.57644859500946 -3.732677799804589
12.512944643768915 -16.033485461338465 -1.842245941360963
9.555987346301958 -17.639245115186643 -3.6170911261671996
10.022232658769054 -18.09628198151565 -1.726659267723574
3.5538749566792855 13.197837673673035 14.221057965523254
0.3869668786381997 13.486082314627287 14.820844766977611
2.0235750639298025 14.48516509315042 14.252208460103853
2.2110121969713914 11.542599855254753 16.656020660939177
3.8476203822629937 12.541682633777887 16.08738435406542
10.817310986607817 6.582402834396784 -15.123134333591267
12.046699331301813 3.6273910619074683 -15.601303422282378
12.51294464376891 5.522637819098979 -15.164662794354198
9.555987346301954 4.653285574299219 -17.3946327875196
10.022232658769052 6.548532331490731 -16.95799215959142
-12.300889021321039 -16.930721254668622 -4.506005729928604
-13.30088902132104 -15.554339334197447 -7.258769570870951
-13.918923010070934 -16.404990142549487 -5.557467954166871
-10.682855032571146 -17.456452366787754 -7.258769570870951
-11.30088902132104 -18.307103175139794 -5.557467954166871
11.453681763054972 7.4582920658148915 14.22105796552326
12.706447122859672 4.535455994278527 14.82084476697762
13.150891567304114 6.400696430873082 14.252208460103862
10.294424463693076 5.669657072081244 16.656020660939184
10.738868908137517 7.534897508675799 16.087384354065424
-12.30088902132103 3.5413546790583457 -17.15844447724061
-13.300889021321032 0.46367114188309255 -17.15844447724061
-13.918923010070927 2.3657841744734 -17.15844447724061
-10.682855032571135 1.3143219502351327 -18.85974609394469
-11.30088902132103 3.21643498282544 -18.85974609394469
-11.550713875093429 4.573882187512824 17.433470430948915
-12.545795511574054 1.5029681969639395 17.660264951142295
-13.165708148019323 3.4024954928314006 17.573637152890647
-9.857630477492062 2.450146108174825 19.192831004874638
-10.477543113937331 4.349673404042286 19.10620320662299
7.16921219753919 -10.604501881012624 -17.158444477240604
4.551178208789295 -12.506614913602933 -17.158444477240604
6.551178208789295 -12.506614913602931 -17.158444477240604
4.551178208789296 -9.753851072660584 -18.859746093944686
6.551178208789297 -9.753851072660584 -18.859746093944683
7.9193873437667825 -9.571974372558126 17.433470430948915
5.306271718536261 -11.467317858522064 17.660264951142302
7.304393070840889 -11.469903595244908 17.573637152890655
5.376402763868359 -8.618026914720872 19.19283100487464
7.374524116172988 -8.620612651443718 19.106203206622993
-9.704621604868516 -10.60450188101262 -17.158444477240607
-7.086587616118621 -12.506614913602927 -17.158444477240607
-9.08658761611862 -12.506614913602927 -17.158444477240607
-7.086587616118619 -9.753851072660579 -18.859746093944686
-9.086587616118619 -9.753851072660579 -18.859746093944686
-6.468553627368725 -11.655964105250886 -18.859746093944686
-8.938596464148418 -9.550158726699097 18.164341966132334
-6.320562475398523 -11.452271759289404 18.164341966132334
-8.31868382770315 -11.449686022566558 18.25096976438398
-6.250431430066424 -8.602980815488213 19.696908019864672
-8.248552782371052 -8.600395078765366 19.78353581811632
-5.630518793621157 -10.502508111355674 19.78353581811632
7.919387343766778 19.873687062118915 -0.7649491569034917
5.306271718536257 20.924161622815014 -2.358770314218833
7.304393070840884 20.847835741179125 -2.3998241965788782
5.376402763868356 21.020688725673857 0.8750973562175874
7.3745241161729815 20.94436284403797 0.8340434738575424
-8.938596464148413 20.51764218289204 -0.418580962960006
-6.320562475398515 21.368292991244072 -2.119882579664086
-8.318683827703143 21.444618872879964 -2.0788286973040413
-6.250431430066418 21.464820094102922 1.1139850907723352
-8.248552782371046 21.54114597573881 1.1550389731323798
-5.630518793621149 22.391796784090847 -0.5462626435717002
22.27561551033347 -2.1608102947432384 -0.41858096295998687
22.27561551033347 0.5919535461991103 -2.119882579664067
22.965659192110838 -1.2847867917225502 -2.0788286973040218
22.345746555665567 0.6884806490579545 1.1139850907723539
23.035790237442935 -1.1882596888637056 1.1550389731323996
23.03579023744293 1.5645041520786431 -0.5462626435716805
-24.771092208520596 -1.5416672701136074 0.5832134947881829
-24.771092208520596 1.2110965708287422 -1.1180881219158973
-25.50788992051936 -0.6468662810786259 -1.0466516289614491
-24.700961163188495 1.3076236736875866 2.1157795485205235
-25.43775887518726 -0.5503391782197815 2.1872160414749717
-25.437758875187264 2.202424662722568 0.4859144247708918
6.1884757584612125 -24.035110046798366 0.5832134947881756
8.806509747211107 -23.184459238446323 -1.1180881219159042
7.267165084294477 -24.45933759979083 -1.0466516289614571
8.876640792543206 -23.08793213558748 2.115779548520517
7.337296129626575 -24.362810496931985 2.187216041474964
9.95533011837647 -23.512159688579946 0.4859144247708839
7.46461813337661 -25.574956208757126 0.6015010984082725
9.082652122126506 -25.04922509663799 -0.44996112582999537
9.125995491808302 -24.989568066235666 1.5486790096191567
6.188475758461216 11.270469990162475 -21.236834960583415
8.80650974721111 9.368356957572166 -21.236834960583412
7.267165084294478 10.002394635102267 -22.34517346132329
8.876640792543208 12.217647901373358 -19.704268906851073
7.337296129626578 12.85168557890346 -20.81260740759095
9.955330118376471 10.949572546313153 -20.81260740759095
7.4646181333766135 11.975467058704902 -22.60593677282817
9.082652122126508 10.799896554119956 -22.60593677282817
9.125995491808304 12.56085520122636 -21.658758861617287
7.087941668766291 12.508478607186543 20.239143533978798
9.705975657516184 10.606365574596236 20.239143533978798
8.215263672516325 11.30734039075508 21.37334461178152
9.705975657516186 13.359129415538584 18.53784191727472
8.215263672516325 14.060104231697428 19.672042995077437
10.83329766126622 12.157991199107121 19.67204299507744
8.421275002099623 13.292192276909839 21.507218889039002
10.039308990849518 12.116621772324894 21.507218889039002
10.039308990849518 13.817923389028973 20.455756664800738
3 0 1 2
3 3 4 5
3 6 7 8
3 9 10 11
6 5 4 1 2 7 8
6 10 0 1 4 3 11
6 6 7 2 0 10 9
6 6 8 5 3 11 9
3 12 1 2
3 13 4 5
3 14 7 8
3 15 16 17
6 5 4 1 2 7 8
6 16 12 1 4 13 17
6 16 12 2 7 14 15
6 17 13 5 8 14 15
3 18 1 0
3 19 4 3
3 20 10 11
3 21 22 23
6 10 0 1 4 3 11
6 22 18 1 4 19 23
6 22 18 0 10 20 21
6 23 19 3 11 20 21
3 24 1 12
3 25 4 13
3 26 16 17
3 27 28 29
6 16 12 1 4 13 17
6 28 24 1 4 25 29
6 28 24 12 16 26 27
6 29 25 13 17 26 27
3 30 2 0
3 31 7 6
3 32 10 9
3 33 34 35
6 6 7 2 0 10 9
6 34 30 2 7 31 35
6 34 30 0 10 32 33
6 35 31 6 9 32 33
3 36 1 18
3 37 4 19
3 38 22 23
3 39 40 41
6 22 18 1 4 19 23
6 40 36 1 4 37 41
6 38 22 18 36 40 39
6 38 23 19 37 41 39
3 42 2 12
3 43 7 14
3 44 16 15
3 45 46 47
6 16 12 2 7 14 15
6 46 42 2 7 43 47
6 46 42 12 16 44 45
6 47 43 14 15 44 45
3 48 5 3
3 49 8 6
3 50 11 9
3 51 52 53
6 6 8 5 3 11 9
6 52 48 5 8 49 53
6 52 48 3 11 50 51
6 53 49 6 9 50 51
3 54 2 30
3 55 7 31
3 56 34 35
3 57 58 59
6 34 30 2 7 31 35
6 58 54 2 7 55 59
6 56 34 30 54 58 57
6 56 35 31 55 59 57
3 60 0 18
3 61 10 20
3 62 22 21
3 63 64 65
6 22 18 0 10 20 21
6 64 60 0 10 61 65
6 64 60 18 22 62 63
6 65 61 20 21 62 63
3 66 5 13
3 67 8 14
3 68 17 15
3 69 70 71
6 17 13 5 8 14 15
6 70 66 5 8 67 71
6 70 66 13 17 68 69
6 71 67 14 15 68 69
3 72 0 30
3 73 10 32
3 74 34 33
3 75 76 77
6 34 30 0 10 32 33
6 76 72 0 10 73 77
6 76 72 30 34 74 75
6 74 33 32 73 77 75
3 78 5 48
3 79 8 49
3 80 52 53
3 81 82 83
6 52 48 5 8 49 53
6 82 78 5 8 79 83
6 80 52 48 78 82 81
6 80 53 49 79 83 81
3 84 85 86
3 87 88 89
3 90 91 92
3 93 94 95
6 91 86 85 88 89 92
6 94 84 85 88 87 95
6 94 84 86 91 90 93
6 95 87 89 92 90 93
3 96 3 19
3 97 11 20
3 98 23 21
3 99 100 101
6 23 19 3 11 20 21
6 100 96 3 11 97 101
6 100 96 19 23 98 99
6 101 97 20 21 98 99
3 84 85 102
3 103 104 105
3 106 107 108
3 109 110 111
6 107 102 85 104 105 108
6 110 84 85 104 103 111
6 110 84 102 107 106 109
6 106 108 105 103 111 109
3 112 3 48
3 113 11 50
3 114 52 51
3 115 116 117
6 52 48 3 11 50 51
6 116 112 3 11 113 117
6 116 112 48 52 114 115
6 114 51 50 113 117 115
3 118 119 86
3 120 121 122
3 123 124 125
3 126 127 128
6 122 121 119 86 124 125
6 127 118 119 121 120 128
6 127 118 86 124 123 126
6 128 120 122 125 123 126
3 129 130 131
3 132 133 134
3 135 136 137
3 138 139 140
6 136 131 130 133 134 137
6 139 129 130 133 132 140
6 139 129 131 136 135 138
6 140 132 134 137 135 138
3 141 6 31
3 142 9 32
3 143 35 33
3 144 145 146
6 35 31 6 9 32 33
6 145 141 6 9 142 146
6 145 141 31 35 143 144
6 146 142 32 33 143 144
3 118 119 147
3 148 149 150
3 151 152 153
3 154 155 156
6 152 147 119 149 150 153
6 155 118 119 149 148 156
6 155 118 147 152 151 154
6 151 153 150 148 156 154
3 129 130 157
3 158 159 160
3 161 162 163
3 164 165 166
6 162 157 130 159 160 163
6 165 129 130 159 158 166
6 165 129 157 162 161 164
6 161 163 160 158 166 164
3 167 6 49
3 168 9 50
3 169 53 51
3 170 171 172
6 53 49 6 9 50 51
6 171 167 6 9 168 172
6 171 167 49 53 169 170
6 172 168 50 51 169 170
3 173 174 102
3 175 176 177
3 178 179 180
3 181 182 183
6 177 176 174 102 179 180
6 182 173 174 176 175 183
6 182 173 102 179 178 181
6 183 175 177 180 178 181
3 184 185 131
3 186 187 188
3 189 190 191
3 192 193 194
6 188 187 185 131 190 191
6 193 184 185 187 186 194
6 193 184 131 190 189 192
6 194 186 188 191 189 192
3 195 196 197
3 198 199 200
3 201 202 203
3 204 205 206
6 202 197 196 199 200 203
6 205 195 196 199 198 206
6 205 195 197 202 201 204
6 206 198 200 203 201 204
3 118 86 84
3 207 208 209
3 210 211 212
3 213 214 215
6 211 84 86 208 209 212
6 214 118 86 208 207 215
6 210 211 84 118 214 213
6 210 212 209 207 215 213
3 173 174 147
3 216 217 218
3 219 220 221
3 222 223 224
6 220 147 174 217 218 221
6 223 173 174 217 216 224
6 223 173 147 220 219 222
6 219 221 218 216 224 222
3 184 185 225
3 226 227 228
3 229 230 231
3 232 233 234
6 230 225 185 227 228 231
6 233 184 185 227 226 234
6 233 184 225 230 229 232
6 229 231 228 226 234 232
3 195 196 235
3 236 237 238
3 239 240 241
3 242 243 244
6 240 235 196 237 238 241
6 243 195 196 237 236 244
6 243 195 235 240 239 242
6 244 236 238 241 239 242
3 245 246 157
3 247 248 249
3 250 251 252
3 253 254 255
6 249 248 246 157 251 252
6 254 245 246 248 247 255
6 254 245 157 251 250 253
6 255 247 249 252 250 253
3 256 257 197
3 258 259 260
3 261 262 263
3 264 265 266
6 260 259 257 197 262 263
6 265 256 257 259 258 266
6 265 256 197 262 261 264
6 266 258 260 263 261 264
3 267 268 269
3 270 271 272
3 273 274 275
3 276 277 278
6 274 269 268 271 272 275
6 277 267 268 271 270 278
6 277 267 269 274 273 276
6 278 270 272 275 273 276
3 173 102 84
3 279 280 281
3 282 283 284
3 285 286 287
6 283 84 102 280 281 284
6 286 173 102 280 279 287
6 286 173 84 283 282 285
6 282 284 281 279 287 285
3 184 131 129
3 288 289 290
3 291 292 293
3 294 295 296
6 292 129 131 289 290 293
6 295 184 131 289 288 296
6 291 292 129 184 295 294
6 291 293 290 288 296 294
3 245 246 225
3 297 298 299
3 300 301 302
3 303 304 305
6 301 225 246 298 299 302
6 304 245 246 298 297 305
6 304 245 225 301 300 303
6 300 302 299 297 305 303
3 256 257 306
3 307 308 309
3 310 311 312
3 313 314 315
6 311 306 257 308 309 312
6 314 256 257 308 307 315
6 314 256 306 311 310 313
6 310 312 309 307 315 313
3 267 268 316
3 317 318 319
3 320 321 322
3 323 324 325
6 321 316 268 318 319 322
6 324 267 268 318 317 325
6 324 267 316 321 320 323
6 325 317 319 322 320 323
3 326 327 235
3 328 329 330
3 331 332 333
3 334 335 336
6 330 329 327 235 332 333
6 335 326 327 329 328 336
6 335 326 235 332 331 334
6 336 328 330 333 331 334
3 337 338 269
3 339 340 341
3 342 343 344
3 345 346 347
6 341 340 338 269 343 344
6 346 337 338 340 339 347
6 346 337 269 343 342 345
6 347 339 341 344 342 345
3 348 349 350
3 351 352 353
3 354 355 356
3 357 358 359
6 355 350 349 352 353 356
6 358 348 349 352 351 359
6 358 348 350 355 354 357
6 359 351 353 356 354 357
3 173 147 118
3 360 361 362
3 363 364 365
3 366 367 368
6 364 118 147 361 362 365
6 367 173 147 361 360 368
6 363 364 118 173 367 366
6 363 365 362 360 368 366
3 245 157 129
3 369 370 371
3 372 373 374
3 375 376 377
6 373 129 157 370 371 374
6 376 245 157 370 369 377
6 376 245 129 373 372 375
6 372 374 371 369 377 375
3 256 197 195
3 378 379 380
3 381 382 383
3 384 385 386
6 382 195 197 379 380 383
6 385 256 197 379 378 386
6 381 382 195 256 385 384
6 381 383 380 378 386 384
3 326 327 306
3 387 388 389
3 390 391 392
3 393 394 395
6 391 306 327 388 389 392
6 394 326 327 388 387 395
6 394 326 306 391 390 393
6 390 392 389 387 395 393
3 337 338 396
3 397 398 399
3 400 401 402
3 403 404 405
6 401 396 338 398 399 402
6 404 337 338 398 397 405
6 404 337 396 401 400 403
6 405 397 399 402 400 403
3 348 349 406
3 407 408 409
3 410 411 412
3 413 414 415
6 411 406 349 408 409 412
6 414 348 349 408 407 415
6 414 348 406 411 410 413
6 415 407 409 412 410 413
3 416 417 316
3 418 419 420
3 421 422 423
3 424 425 426
6 420 419 417 316 422 423
6 425 416 417 419 418 426
6 425 416 316 422 421 424
6 426 418 420 423 421 424
3 427 428 350
3 429 430 431
3 432 433 434
3 435 436 437
6 431 430 428 350 433 434
6 436 427 428 430 429 437
6 436 427 350 433 432 435
6 437 429 431 434 432 435
3 438 439 440
3 441 442 443
3 444 445 446
3 447 448 449
6 445 440 439 442 443 446
6 448 438 439 442 441 449
6 448 438 440 445 444 447
6 449 441 443 446 444 447
3 173 84 118
3 450 451 452
3 453 454 455
3 456 457 458
6 452 451 84 118 454 455
6 457 173 84 451 450 458
6 453 454 118 173 457 456
6 453 455 452 450 458 456
3 245 225 184
3 459 460 461
3 462 463 464
3 465 466 467
6 463 184 225 460 461 464
6 466 245 225 460 459 467
6 462 463 184 245 466 465
6 462 464 461 459 467 465
3 326 235 195
3 468 469 470
3 471 472 473
3 474 475 476
6 472 195 235 469 470 473
6 475 326 235 469 468 476
6 475 326 195 472 471 474
6 471 473 470 468 476 474
3 337 269 267
3 477 478 479
3 480 481 482
3 483 484 485
6 481 267 269 478 479 482
6 484 337 269 478 477 485
6 480 481 267 337 484 483
6 480 482 479 477 485 483
3 416 417 396
3 486 487 488
3 489 490 491
3 492 493 494
6 490 396 417 487 488 491
6 493 416 417 487 486 494
6 493 416 396 490 489 492
6 494 486 488 491 489 492
3 427 428 495
3 496 497 498
3 499 500 501
3 502 503 504
6 500 495 428 497 498 501
6 503 427 428 497 496 504
6 503 427 495 500 499 502
6 504 496 498 501 499 502
3 438 439 505
3 506 507 508
3 509 510 511
3 512 513 514
6 510 505 439 507 508 511
6 513 438 439 507 506 514
6 513 438 505 510 509 512
6 514 506 508 511 509 512
3 515 516 406
3 517 518 519
3 520 521 522
3 523 524 525
6 519 518 516 406 521 522
6 524 515 516 518 517 525
6 524 515 406 521 520 523
6 525 517 519 522 520 523
3 526 527 440
3 528 529 530
3 531 532 533
3 534 535 536
6 530 529 527 440 532 533
6 535 526 527 529 528 536
6 535 526 440 532 531 534
6 536 528 530 533 531 534
3 537 538 539
3 540 541 542
3 543 544 545
3 546 547 548
6 544 539 538 541 542 545
6 547 537 538 541 540 548
6 547 537 539 544 543 546
6 548 540 542 545 543 546
3 245 129 184
3 549 550 551
3 552 553 554
3 555 556 557
6 551 550 129 184 553 554
6 556 245 129 550 549 557
6 552 553 184 245 556 555
6 552 554 551 549 557 555
3 326 306 256
3 558 559 560
3 561 562 563
3 564 565 566
6 562 256 306 559 560 563
6 565 326 306 559 558 566
6 561 562 256 326 565 564
6 561 563 560 558 566 564
3 416 316 267
3 567 568 569
3 570 571 572
3 573 574 575
6 571 267 316 568 569 572
6 574 416 316 568 567 575
6 574 416 267 571 570 573
6 570 572 569 567 575 573
3 427 350 348
3 576 577 578
3 579 580 581
3 582 583 584
6 580 348 350 577 578 581
6 583 427 350 577 576 584
6 579 580 348 427 583 582
6 579 581 578 576 584 582
3 515 516 495
3 585 586 587
3 588 589 590
3 591 592 593
6 589 495 516 586 587 590
6 592 515 516 586 585 593
6 592 515 495 589 588 591
6 593 585 587 590 588 591
3 526 527 594
3 595 596 597
3 598 599 600
3 601 602 603
6 599 594 527 596 597 600
6 602 526 527 596 595 603
6 602 526 594 599 598 601
6 603 595 597 600 598 601
3 537 538 604
3 605 606 607
3 608 609 610
3 611 612 613
6 609 604 538 606 607 610
6 612 537 538 606 605 613
6 612 537 604 609 608 611
6 613 605 607 610 608 611
3 614 615 505
3 616 617 618
3 619 620 621
3 622 623 624
6 618 617 615 505 620 621
6 623 614 615 617 616 624
6 623 614 505 620 619 622
6 624 616 618 621 619 622
3 625 209 207
3 626 212 210
3 627 215 213
3 628 629 630
6 210 212 209 207 215 213
6 629 625 209 212 626 630
6 629 625 207 215 627 628
6 630 626 210 213 627 628
3 631 632 539
3 633 634 635
3 636 637 638
3 639 640 641
6 635 634 632 539 637 638
6 640 631 632 634 633 641
6 640 631 539 637 636 639
6 641 633 635 638 636 639
3 642 643 644
3 645 646 647
3 648 649 650
3 651 652 653
6 649 644 643 646 647 650
6 652 642 643 646 645 653
6 652 642 644 649 648 651
6 653 645 647 650 648 651
3 326 195 256
3 654 655 656
3 657 658 659
3 660 661 662
6 656 655 195 256 658 659
6 661 326 195 655 654 662
6 657 658 256 326 661 660
6 657 659 656 654 662 660
3 416 396 337
3 663 664 665
3 666 667 668
3 669 670 671
6 667 337 396 664 665 668
6 670 416 396 664 663 671
6 666 667 337 416 670 669
6 666 668 665 663 671 669
3 515 406 348
3 672 673 674
3 675 676 677
3 678 679 680
6 676 348 406 673 674 677
6 679 515 406 673 672 680
6 679 515 348 676 675 678
6 675 677 674 672 680 678
3 526 440 438
3 681 682 683
3 684 685 686
3 687 688 689
6 685 438 440 682 683 686
6 688 526 440 682 681 689
6 684 685 438 526 688 687
6 684 686 683 681 689 687
3 614 615 594
3 690 691 692
3 693 694 695
3 696 697 698
6 694 594 615 691 692 695
6 697 614 615 691 690 698
6 697 614 594 694 693 696
6 698 690 692 695 693 696
3 699 700 701
3 702 703 704
3 705 706 707
3 708 709 710
6 706 701 700 703 704 707
6 709 699 700 703 702 710
6 709 699 701 706 705 708
6 710 702 704 707 705 708
3 631 632 711
3 712 713 714
3 715 716 717
3 718 719 720
6 716 711 632 713 714 717
6 719 631 632 713 712 720
6 719 631 711 716 715 718
6 720 712 714 717 715 718
3 642 643 721
3 722 723 724
3 725 726 727
3 728 729 730
6 726 721 643 723 724 727
6 729 642 643 723 722 730
6 729 642 721 726 725 728
6 730 722 724 727 725 728
3 731 290 288
3 732 293 291
3 733 296 294
3 734 735 736
6 291 293 290 288 296 294
6 735 731 290 293 732 736
6 735 731 288 296 733 734
6 736 732 291 294 733 734
3 737 738 604
3 739 740 741
3 742 743 744
3 745 746 747
6 741 740 738 604 743 744
6 746 737 738 740 739 747
6 746 737 604 743 742 745
6 747 739 741 744 742 745
3 748 281 279
3 749 284 282
3 750 287 285
3 751 752 753
6 282 284 281 279 287 285
6 752 748 281 284 749 753
6 752 748 279 287 750 751
6 753 749 282 285 750 751
3 754 755 644
3 756 757 758
3 759 760 761
3 762 763 764
6 758 757 755 644 760 761
6 763 754 755 757 756 764
6 763 754 644 760 759 762
6 764 756 758 761 759 762
3 416 267 337
3 765 766 767
3 768 769 770
3 771 772 773
6 767 766 267 337 769 770
6 772 416 267 766 765 773
6 768 769 337 416 772 771
6 768 770 767 765 773 771
3 515 495 427
3 774 775 776
3 777 778 779
3 780 781 782
6 778 427 495 775 776 779
6 781 515 495 775 774 782
6 777 778 427 515 781 780
6 777 779 776 774 782 780
3 614 505 438
3 783 784 785
3 786 787 788
3 789 790 791
6 787 438 505 784 785 788
6 790 614 505 784 783 791
6 790 614 438 787 786 789
6 786 788 785 783 791 789
3 699 792 793
3 794 795 796
3 797 798 799
3 800 801 802
6 798 793 792 795 796 799
6 801 699 792 795 794 802
6 797 798 793 699 801 800
6 802 794 796 799 797 800
3 631 539 537
3 803 804 805
3 806 807 808
3 809 810 811
6 807 537 539 804 805 808
6 810 631 539 804 803 811
6 806 807 537 631 810 809
6 806 808 805 803 811 809
3 812 813 701
3 814 815 816
3 817 818 819
3 820 821 822
6 818 701 813 815 816 819
6 821 812 813 815 814 822
6 821 812 701 818 817 820
6 822 814 816 819 817 820
3 737 738 711
3 823 824 825
3 826 827 828
3 829 830 831
6 827 711 738 824 825 828
6 830 737 738 824 823 831
6 830 737 711 827 826 829
6 831 823 825 828 826 829
3 832 833 834
3 835 836 837
3 838 839 840
3 841 842 843
6 839 834 833 836 837 840
6 842 832 833 836 835 843
6 842 832 834 839 838 841
6 843 835 837 840 838 841
3 754 755 844
3 845 846 847
3 848 849 850
3 851 852 853
6 849 844 755 846 847 850
6 852 754 755 846 845 853
6 852 754 844 849 848 851
6 853 845 847 850 848 851
3 854 380 378
3 855 383 381
3 856 386 384
3 857 858 859
6 381 383 380 378 386 384
6 858 854 380 383 855 859
6 858 854 378 386 856 857
6 859 855 381 384 856 857
3 860 861 721
3 862 863 864
3 865 866 867
3 868 869 870
6 864 863 861 721 866 867
6 869 860 861 863 862 870
6 869 860 721 866 865 868
6 870 862 864 867 865 868
3 871 362 360
3 872 365 363
3 873 368 366
3 874 875 876
6 363 365 362 360 368 366
6 875 871 362 365 872 876
6 875 871 360 368 873 874
6 876 872 363 366 873 874
3 877 371 369
3 878 374 372
3 879 377 375
3 880 881 882
6 372 374 371 369 377 375
6 881 877 371 374 878 882
6 881 877 369 377 879 880
6 882 878 372 375 879 880
3 515 348 427
3 883 884 885
3 886 887 888
3 889 890 891
6 885 884 348 427 887 888
6 890 515 348 884 883 891
6 886 887 427 515 890 889
6 886 888 885 883 891 889
3 614 594 526
3 892 893 894
3 895 896 897
3 898 899 900
6 896 526 594 893 894 897
6 899 614 594 893 892 900
6 895 896 526 614 899 898
6 895 897 894 892 900 898
3 812 901 793
3 902 903 904
3 905 906 907
3 908 909 910
6 906 793 901 903 904 907
6 909 812 901 903 902 910
6 909 812 793 906 905 908
6 910 902 904 907 905 908
3 737 604 537
3 911 912 913
3 914 915 916
3 917 918 919
6 915 537 604 912 913 916
6 918 737 604 912 911 919
6 918 737 537 915 914 917
6 914 916 913 911 919 917
3 832 920 921
3 922 923 924
3 925 926 927
3 928 929 930
6 926 921 920 923 924 927
6 929 832 920 923 922 930
6 925 926 921 832 929 928
6 930 922 924 927 925 928
3 754 644 642
3 931 932 933
3 934 935 936
3 937 938 939
6 935 642 644 932 933 936
6 938 754 644 932 931 939
6 934 935 642 754 938 937
6 934 936 933 931 939 937
3 940 941 834
3 942 943 944
3 945 946 947
3 948 949 950
6 946 834 941 943 944 947
6 949 940 941 943 942 950
6 949 940 834 946 945 948
6 950 942 944 947 945 948
3 860 861 844
3 951 952 953
3 954 955 956
3 957 958 959
6 955 844 861 952 953 956
6 958 860 861 952 951 959
6 958 860 844 955 954 957
6 959 951 953 956 954 957
3 960 961 962
3 963 964 965
3 966 967 968
3 969 970 971
6 967 962 961 964 965 968
6 970 960 961 964 963 971
6 970 960 962 967 966 969
6 971 963 965 968 966 969
3 972 973 974
3 975 976 977
3 978 979 980
3 981 982 983
6 979 974 973 976 977 980
6 982 972 973 976 975 983
6 982 972 974 979 978 981
6 983 975 977 980 978 981
3 984 479 477
3 985 482 480
3 986 485 483
3 987 988 989
6 480 482 479 477 485 483
6 988 984 479 482 985 989
6 988 984 477 485 986 987
6 989 985 480 483 986 987
3 990 470 468
3 991 473 471
3 992 476 474
3 993 994 995
6 471 473 470 468 476 474
6 994 990 470 473 991 995
6 994 990 468 476 992 993
6 995 991 471 474 992 993
3 996 452 450
3 997 455 453
3 998 458 456
3 999 1000 1001
6 453 455 452 450 458 456
6 1000 996 452 455 997 1001
6 1000 996 450 458 998 999
6 1001 997 453 456 998 999
3 1002 461 459
3 1003 464 462
3 1004 467 465
3 1005 1006 1007
6 462 464 461 459 467 465
6 1006 1002 461 464 1003 1007
6 1006 1002 459 467 1004 1005
6 1007 1003 462 465 1004 1005
3 614 438 526
3 1008 1009 1010
3 1011 1012 1013
3 1014 1015 1016
6 1010 1009 438 526 1012 1013
6 1015 614 438 1009 1008 1016
6 1011 1012 526 614 1015 1014
6 1011 1013 1010 1008 1016 1014
3 812 701 699
3 1017 1018 1019
3 1020 1021 1022
3 1023 1024 1025
6 1021 699 701 1018 1019 1022
6 1024 812 701 1018 1017 1025
6 1020 1021 699 812 1024 1023
6 1020 1022 1019 1017 1025 1023
3 737 711 631
3 1026 1027 1028
3 1029 1030 1031
3 1032 1033 1034
6 1030 631 711 1027 1028 1031
6 1033 737 711 1027 1026 1034
6 1029 1030 631 737 1033 1032
6 1029 1031 1028 1026 1034 1032
3 940 1035 921
3 1036 1037 1038
3 1039 1040 1041
3 1042 1043 1044
6 1040 921 1035 1037 1038 1041
6 1043 940 1035 1037 1036 1044
6 1043 940 921 1040 1039 1042
6 1044 1036 1038 1041 1039 1042
3 860 721 642
3 1045 1046 1047
3 1048 1049 1050
3 1051 1052 1053
6 1049 642 721 1046 1047 1050
6 1052 860 721 1046 1045 1053
6 1052 860 642 1049 1048 1051
6 1048 1050 1047 1045 1053 1051
3 960 1054 1055
3 1056 1057 1058
3 1059 1060 1061
3 1062 1063 1064
6 1060 1055 1054 1057 1058 1061
6 1063 960 1054 1057 1056 1064
6 1059 1060 1055 960 1063 1062
6 1064 1056 1058 1061 1059 1062
3 972 1065 1066
3 1067 1068 1069
3 1070 1071 1072
3 1073 1074 1075
6 1071 1066 1065 1068 1069 1072
6 1074 972 1065 1068 1067 1075
6 1070 1071 1066 972 1074 1073
6 1075 1067 1069 1072 1070 1073
3 1076 1077 962
3 1078 1079 1080
3 1081 1082 1083
3 1084 1085 1086
6 1082 962 1077 1079 1080 1083
6 1085 1076 1077 1079 1078 1086
6 1085 1076 962 1082 1081 1084
6 1086 1078 1080 1083 1081 1084
3 1087 1088 974
3 1089 1090 1091
3 1092 1093 1094
3 1095 1096 1097
6 1093 974 1088 1090 1091 1094
6 1096 1087 1088 1090 1089 1097
6 1096 1087 974 1093 1092 1095
6 1097 1089 1091 1094 1092 1095
3 1098 1099 1100
3 1101 1102 1103
3 1104 1105 1106
3 1107 1108 1109
6 1105 1100 1099 1102 1103 1106
6 1108 1098 1099 1102 1101 1109
6 1108 1098 1100 1105 1104 1107
6 1109 1101 1103 1106 1104 1107
3 1110 1111 1112
3 1113 1114 1115
3 1116 1117 1118
3 1119 1120 1121
6 1117 1112 1111 1114 1115 1118
6 1120 1110 1111 1114 1113 1121
6 1120 1110 1112 1117 1116 1119
6 1121 1113 1115 1118 1116 1119
3 1122 578 576
3 1123 581 579
3 1124 584 582
3 1125 1126 1127
6 579 581 578 576 584 582
6 1126 1122 578 581 1123 1127
6 1126 1122 576 584 1124 1125
6 1127 1123 579 582 1124 1125
3 1128 569 567
3 1129 572 570
3 1130 575 573
3 1131 1132 1133
6 570 572 569 567 575 573
6 1132 1128 569 572 1129 1133
6 1132 1128 567 575 1130 1131
6 1133 1129 570 573 1130 1131
3 1134 551 549
3 1135 554 552
3 1136 557 555
3 1137 1138 1139
6 552 554 551 549 557 555
6 1138 1134 551 554 1135 1139
6 1138 1134 549 557 1136 1137
6 1139 1135 552 555 1136 1137
3 1140 560 558
3 1141 563 561
3 1142 566 564
3 1143 1144 1145
6 561 563 560 558 566 564
6 1144 1140 560 563 1141 1145
6 1144 1140 558 566 1142 1143
6 1145 1141 561 564 1142 1143
3 812 793 699
3 1146 1147 1148
3 1149 1150 1151
3 1152 1153 1154
6 1148 1147 793 699 1150 1151
6 1153 812 793 1147 1146 1154
6 1149 1150 699 812 1153 1152
6 1149 1151 1148 1146 1154 1152
3 737 537 631
3 1155 1156 1157
3 1158 1159 1160
3 1161 1162 1163
6 1157 1156 537 631 1159 1160
6 1162 737 537 1156 1155 1163
6 1158 1159 631 737 1162 1161
6 1158 1160 1157 1155 1163 1161
3 940 834 832
3 1164 1165 1166
3 1167 1168 1169
3 1170 1171 1172
6 1168 832 834 1165 1166 1169
6 1171 940 834 1165 1164 1172
6 1167 1168 832 940 1171 1170
6 1167 1169 1166 1164 1172 1170
3 860 844 754
3 1173 1174 1175
3 1176 1177 1178
3 1179 1180 1181
6 1177 754 844 1174 1175 1178
6 1180 860 844 1174 1173 1181
6 1176 1177 754 860 1180 1179
6 1176 1178 1175 1173 1181 1179
3 1076 1182 1055
3 1183 1184 1185
3 1186 1187 1188
3 1189 1190 1191
6 1187 1055 1182 1184 1185 1188
6 1190 1076 1182 1184 1183 1191
6 1190 1076 1055 1187 1186 1189
6 1191 1183 1185 1188 1186 1189
3 1087 1192 1066
3 1193 1194 1195
3 1196 1197 1198
3 1199 1200 1201
6 1197 1066 1192 1194 1195 1198
6 1200 1087 1192 1194 1193 1201
6 1200 1087 1066 1197 1196 1199
6 1201 1193 1195 1198 1196 1199
3 1098 1202 1203
3 1204 1205 1206
3 1207 1208 1209
3 1210 1211 1212
6 1208 1203 1202 1205 1206 1209
6 1211 1098 1202 1205 1204 1212
6 1207 1208 1203 1098 1211 1210
6 1212 1204 1206 1209 1207 1210
3 1110 1213 1214
3 1215 1216 1217
3 1218 1219 1220
3 1221 1222 1223
6 1219 1214 1213 1216 1217 1220
6 1222 1110 1213 1216 1215 1223
6 1218 1219 1214 1110 1222 1221
6 1223 1215 1217 1220 1218 1221
3 1224 1225 1100
3 1226 1227 1228
3 1229 1230 1231
3 1232 1233 1234
6 1230 1100 1225 1227 1228 1231
6 1233 1224 1225 1227 1226 1234
6 1233 1224 1100 1230 1229 1232
6 1234 1226 1228 1231 1229 1232
3 1235 1236 1112
3 1237 1238 1239
3 1240 1241 1242
3 1243 1244 1245
6 1241 1112 1236 1238 1239 1242
6 1244 1235 1236 1238 1237 1245
6 1244 1235 1112 1241 1240 1243
6 1245 1237 1239 1242 1240 1243
3 1246 1247 1248
3 1249 1250 1251
3 1252 1253 1254
3 1255 1256 1257
6 1253 1248 1247 1250 1251 1254
6 1256 1246 1247 1250 1249 1257
6 1256 1246 1248 1253 1252 1255
6 1257 1249 1251 1254 1252 1255
3 1258 1259 1260
3 1261 1262 1263
3 1264 1265 1266
3 1267 1268 1269
6 1265 1260 1259 1262 1263 1266
6 1268 1258 1259 1262 1261 1269
6 1268 1258 1260 1265 1264 1267
6 1269 1261 1263 1266 1264 1267
3 1270 683 681
3 1271 686 684
3 1272 689 687
3 1273 1274 1275
6 684 686 683 681 689 687
6 1274 1270 683 686 1271 1275
6 1274 1270 681 689 1272 1273
6 1275 1271 684 687 1272 1273
3 1276 674 672
3 1277 677 675
3 1278 680 678
3 1279 1280 1281
6 675 677 674 672 680 678
6 1280 1276 674 677 1277 1281
6 1280 1276 672 680 1278 1279
6 1281 1277 675 678 1278 1279
3 1282 665 663
3 1283 668 666
3 1284 671 669
3 1285 1286 1287
6 666 668 665 663 671 669
6 1286 1282 665 668 1283 1287
6 1286 1282 663 671 1284 1285
6 1287 1283 666 669 1284 1285
3 1288 656 654
3 1289 659 657
3 1290 662 660
3 1291 1292 1293
6 657 659 656 654 662 660
6 1292 1288 656 659 1289 1293
6 1292 1288 654 662 1290 1291
6 1293 1289 657 660 1290 1291
3 940 921 832
3 1294 1295 1296
3 1297 1298 1299
3 1300 1301 1302
6 1296 1295 921 832 1298 1299
6 1301 940 921 1295 1294 1302
6 1297 1298 832 940 1301 1300
6 1297 1299 1296 1294 1302 1300
3 860 642 754
3 1303 1304 1305
3 1306 1307 1308
3 1309 1310 1311
6 1305 1304 642 754 1307 1308
6 1310 860 642 1304 1303 1311
6 1306 1307 754 860 1310 1309
6 1306 1308 1305 1303 1311 1309
3 1076 962 960
3 1312 1313 1314
3 1315 1316 1317
3 1318 1319 1320
6 1316 960 962 1313 1314 1317
6 1319 1076 962 1313 1312 1320
6 1315 1316 960 1076 1319 1318
6 1315 1317 1314 1312 1320 1318
3 1087 974 972
3 1321 1322 1323
3 1324 1325 1326
3 1327 1328 1329
6 1325 972 974 1322 1323 1326
6 1328 1087 974 1322 1321 1329
6 1324 1325 972 1087 1328 1327
6 1324 1326 1323 1321 1329 1327
3 1224 1330 1203
3 1331 1332 1333
3 1334 1335 1336
3 1337 1338 1339
6 1335 1203 1330 1332 1333 1336
6 1338 1224 1330 1332 1331 1339
6 1338 1224 1203 1335 1334 1337
6 1339 1331 1333 1336 1334 1337
3 1235 1340 1214
3 1341 1342 1343
3 1344 1345 1346
3 1347 1348 1349
6 1345 1214 1340 1342 1343 1346
6 1348 1235 1340 1342 1341 1349
6 1348 1235 1214 1345 1344 1347
6 1349 1341 1343 1346 1344 1347
3 1350 1351 1352
3 1353 1354 1355
3 1356 1357 1358
3 1359 1360 1361
6 1357 1352 1351 1354 1355 1358
6 1360 1350 1351 1354 1353 1361
6 1356 1357 1352 1350 1360 1359
6 1356 1358 1355 1353 1361 1359
3 1246 1362 1363
3 1364 1365 1366
3 1367 1368 1369
3 1370 1371 1372
6 1368 1363 1362 1365 1366 1369
6 1371 1246 1362 1365 1364 1372
6 1367 1368 1363 1246 1371 1370
6 1372 1364 1366 1369 1367 1370
3 1258 1373 1374
3 1375 1376 1377
3 1378 1379 1380
3 1381 1382 1383
6 1379 1374 1373 1376 1377 1380
6 1382 1258 1373 1376 1375 1383
6 1378 1379 1374 1258 1382 1381
6 1383 1375 1377 1380 1378 1381
3 1384 1385 1386
3 1387 1388 1389
3 1390 1391 1392
3 1393 1394 1395
6 1391 1386 1385 1388 1389 1392
6 1394 1384 1385 1388 1387 1395
6 1394 1384 1386 1391 1390 1393
6 1395 1387 1389 1392 1390 1393
3 1396 1397 1248
3 1398 1399 1400
3 1401 1402 1403
3 1404 1405 1406
6 1402 1248 1397 1399 1400 1403
6 1405 1396 1397 1399 1398 1406
6 1405 1396 1248 1402 1401 1404
6 1406 1398 1400 1403 1401 1404
3 1407 1408 1260
3 1409 1410 1411
3 1412 1413 1414
3 1415 1416 1417
6 1413 1260 1408 1410 1411 1414
6 1416 1407 1408 1410 1409 1417
6 1416 1407 1260 1413 1412 1415
6 1417 1409 1411 1414 1412 1415
3 1418 1419 1420
3 1421 1422 1423
3 1424 1425 1426
3 1427 1428 1429
6 1425 1420 1419 1422 1423 1426
6 1428 1418 1419 1422 1421 1429
6 1428 1418 1420 1425 1424 1427
6 1429 1421 1423 1426 1424 1427
3 1430 805 803
3 1431 808 806
3 1432 811 809
3 1433 1434 1435
6 806 808 805 803 811 809
6 1434 1430 805 808 1431 1435
6 1434 1430 803 811 1432 1433
6 1435 1431 806 809 1432 1433
3 1436 785 783
3 1437 788 786
3 1438 791 789
3 1439 1440 1441
6 786 788 785 783 791 789
6 1440 1436 785 788 1437 1441
6 1440 1436 783 791 1438 1439
6 1441 1437 786 789 1438 1439
3 1442 776 774
3 1443 779 777
3 1444 782 780
3 1445 1446 1447
6 777 779 776 774 782 780
6 1446 1442 776 779 1443 1447
6 1446 1442 774 782 1444 1445
6 1447 1443 777 780 1444 1445
3 1448 767 765
3 1449 770 768
3 1450 773 771
3 1451 1452 1453
6 768 770 767 765 773 771
6 1452 1448 767 770 1449 1453
6 1452 1448 765 773 1450 1451
6 1453 1449 768 771 1450 1451
3 1076 1055 960
3 1454 1455 1456
3 1457 1458 1459
3 1460 1461 1462
6 1456 1455 1055 960 1458 1459
6 1461 1076 1055 1455 1454 1462
6 1457 1458 960 1076 1461 1460
6 1457 1459 1456 1454 1462 1460
3 1087 1066 972
3 1463 1464 1465
3 1466 1467 1468
3 1469 1470 1471
6 1465 1464 1066 972 1467 1468
6 1470 1087 1066 1464 1463 1471
6 1466 1467 972 1087 1470 1469
6 1466 1468 1465 1463 1471 1469
3 1224 1100 1098
3 1472 1473 1474
3 1475 1476 1477
3 1478 1479 1480
6 1476 1098 1100 1473 1474 1477
6 1479 1224 1100 1473 1472 1480
6 1475 1476 1098 1224 1479 1478
6 1475 1477 1474 1472 1480 1478
3 1235 1112 1110
3 1481 1482 1483
3 1484 1485 1486
3 1487 1488 1489
6 1485 1110 1112 1482 1483 1486
6 1488 1235 1112 1482 1481 1489
6 1484 1485 1110 1235 1488 1487
6 1484 1486 1483 1481 1489 1487
3 1384 1490 1352
3 1491 1492 1493
3 1494 1495 1496
3 1497 1498 1499
6 1495 1352 1490 1492 1493 1496
6 1498 1384 1490 1492 1491 1499
6 1498 1384 1352 1495 1494 1497
6 1499 1491 1493 1496 1494 1497
3 1396 1500 1363
3 1501 1502 1503
3 1504 1505 1506
3 1507 1508 1509
6 1505 1363 1500 1502 1503 1506
6 1508 1396 1500 1502 1501 1509
6 1508 1396 1363 1505 1504 1507
6 1509 1501 1503 1506 1504 1507
3 1407 1510 1374
3 1511 1512 1513
3 1514 1515 1516
3 1517 1518 1519
6 1515 1374 1510 1512 1513 1516
6 1518 1407 1510 1512 1511 1519
6 1518 1407 1374 1515 1514 1517
6 1519 1511 1513 1516 1514 1517
3 1520 1521 1522
3 1523 1524 1525
3 1526 1527 1528
3 1529 1530 1531
6 1527 1522 1521 1524 1525 1528
6 1530 1520 1521 1524 1523 1531
6 1526 1527 1522 1520 1530 1529
6 1526 1528 1525 1523 1531 1529
3 1418 1532 1533
3 1534 1535 1536
3 1537 1538 1539
3 1540 1541 1542
6 1538 1533 1532 1535 1536 1539
6 1541 1418 1532 1535 1534 1542
6 1537 1538 1533 1418 1541 1540
6 1542 1534 1536 1539 1537 1540
3 1543 1544 1545
3 1546 1547 1548
3 1549 1550 1551
3 1552 1553 1554
6 1550 1545 1544 1547 1548 1551
6 1553 1543 1544 1547 1546 1554
6 1553 1543 1545 1550 1549 1552
6 1554 1546 1548 1551 1549 1552
3 1555 1556 1557
3 1558 1559 1560
3 1561 1562 1563
3 1564 1565 1566
6 1562 1557 1556 1559 1560 1563
6 1565 1555 1556 1559 1558 1566
6 1565 1555 1557 1562 1561 1564
6 1566 1558 1560 1563 1561 1564
3 1567 1568 1420
3 1569 1570 1571
3 1572 1573 1574
3 1575 1576 1577
6 1573 1420 1568 1570 1571 1574
6 1576 1567 1568 1570 1569 1577
6 1576 1567 1420 1573 1572 1575
6 1577 1569 1571 1574 1572 1575
3 1578 1579 1580
3 1581 1582 1583
3 1584 1585 1586
3 1587 1588 1589
6 1585 1580 1579 1582 1583 1586
6 1588 1578 1579 1582 1581 1589
6 1588 1578 1580 1585 1584 1587
6 1589 1581 1583 1586 1584 1587
3 1590 933 931
3 1591 936 934
3 1592 939 937
3 1593 1594 1595
6 934 936 933 931 939 937
6 1594 1590 933 936 1591 1595
6 1594 1590 931 939 1592 1593
6 1595 1591 934 937 1592 1593
3 1596 913 911
3 1597 916 914
3 1598 919 917
3 1599 1600 1601
6 914 916 913 911 919 917
6 1600 1596 913 916 1597 1601
6 1600 1596 911 919 1598 1599
6 1601 1597 914 917 1598 1599
3 1602 894 892
3 1603 897 895
3 1604 900 898
3 1605 1606 1607
6 895 897 894 892 900 898
6 1606 1602 894 897 1603 1607
6 1606 1602 892 900 1604 1605
6 1607 1603 895 898 1604 1605
3 1608 885 883
3 1609 888 886
3 1610 891 889
3 1611 1612 1613
6 886 888 885 883 891 889
6 1612 1608 885 888 1609 1613
6 1612 1608 883 891 1610 1611
6 1613 1609 886 889 1610 1611
3 1224 1203 1098
3 1614 1615 1616
3 1617 1618 1619
3 1620 1621 1622
6 1616 1615 1203 1098 1618 1619
6 1621 1224 1203 1615 1614 1622
6 1617 1618 1098 1224 1621 1620
6 1617 1619 1616 1614 1622 1620
3 1235 1214 1110
3 1623 1624 1625
3 1626 1627 1628
3 1629 1630 1631
6 1625 1624 1214 1110 1627 1628
6 1630 1235 1214 1624 1623 1631
6 1626 1627 1110 1235 1630 1629
6 1626 1628 1625 1623 1631 1629
3 1384 1386 1350
3 1632 1633 1634
3 1635 1636 1637
3 1638 1639 1640
6 1636 1350 1386 1633 1634 1637
6 1639 1384 1386 1633 1632 1640
6 1635 1636 1350 1384 1639 1638
6 1640 1632 1634 1637 1635 1638
3 1396 1248 1246
3 1641 1642 1643
3 1644 1645 1646
3 1647 1648 1649
6 1645 1246 1248 1642 1643 1646
6 1648 1396 1248 1642 1641 1649
6 1644 1645 1246 1396 1648 1647
6 1644 1646 1643 1641 1649 1647
3 1407 1260 1258
3 1650 1651 1652
3 1653 1654 1655
3 1656 1657 1658
6 1654 1258 1260 1651 1652 1655
6 1657 1407 1260 1651 1650 1658
6 1653 1654 1258 1407 1657 1656
6 1653 1655 1652 1650 1658 1656
3 1543 1659 1660
3 1661 1662 1663
3 1664 1665 1666
3 1667 1668 1669
6 1665 1660 1659 1662 1663 1666
6 1668 1543 1659 1662 1661 1669
6 1668 1543 1660 1665 1664 1667
6 1669 1661 1663 1666 1664 1667
3 1555 1670 1522
3 1671 1672 1673
3 1674 1675 1676
3 1677 1678 1679
6 1675 1522 1670 1672 1673 1676
6 1678 1555 1670 1672 1671 1679
6 1678 1555 1522 1675 1674 1677
6 1679 1671 1673 1676 1674 1677
3 1567 1680 1533
3 1681 1682 1683
3 1684 1685 1686
3 1687 1688 1689
6 1685 1533 1680 1682 1683 1686
6 1688 1567 1680 1682 1681 1689
6 1688 1567 1533 1685 1684 1687
6 1689 1681 1683 1686 1684 1687
3 1690 1691 1692
3 1693 1694 1695
3 1696 1697 1698
3 1699 1700 1701
6 1697 1692 1691 1694 1695 1698
6 1700 1690 1691 1694 1693 1701
6 1696 1697 1692 1690 1700 1699
6 1696 1698 1695 1693 1701 1699
3 1578 1702 1703
3 1704 1705 1706
3 1707 1708 1709
3 1710 1711 1712
6 1708 1703 1702 1705 1706 1709
6 1711 1578 1702 1705 1704 1712
6 1707 1708 1703 1578 1711 1710
6 1712 1704 1706 1709 1707 1710
3 1713 1714 1715
3 1716 1717 1718
3 1719 1720 1721
3 1722 1723 1724
6 1720 1715 1714 1717 1718 1721
6 1723 1713 1714 1717 1716 1724
6 1723 1713 1715 1720 1719 1722
6 1724 1716 1718 1721 1719 1722
3 1725 1726 1727
3 1728 1729 1730
3 1731 1732 1733
3 1734 1735 1736
6 1732 1727 1726 1729 1730 1733
6 1735 1725 1726 1729 1728 1736
6 1735 1725 1727 1732 1731 1734
6 1736 1728 1730 1733 1731 1734
3 1737 1738 1580
3 1739 1740 1741
3 1742 1743 1744
3 1745 1746 1747
6 1743 1580 1738 1740 1741 1744
6 1746 1737 1738 1740 1739 1747
6 1746 1737 1580 1743 1742 1745
6 1747 1739 1741 1744 1742 1745
3 1748 1749 1750
3 1751 1752 1753
3 1754 1755 1756
3 1757 1758 1759
6 1755 1750 1749 1752 1753 1756
6 1758 1748 1749 1752 1751 1759
6 1758 1748 1750 1755 1754 1757
6 1759 1751 1753 1756 1754 1757
3 1760 1047 1045
3 1761 1050 1048
3 1762 1053 1051
3 1763 1764 1765
6 1048 1050 1047 1045 1053 1051
6 1764 1760 1047 1050 1761 1765
6 1764 1760 1045 1053 1762 1763
6 1765 1761 1048 1051 1762 1763
3 1766 1028 1026
3 1767 1031 1029
3 1768 1034 1032
3 1769 1770 1771
6 1029 1031 1028 1026 1034 1032
6 1770 1766 1028 1031 1767 1771
6 1770 1766 1026 1034 1768 1769
6 1771 1767 1029 1032 1768 1769
3 1772 1019 1017
3 1773 1022 1020
3 1774 1025 1023
3 1775 1776 1777
6 1020 1022 1019 1017 1025 1023
6 1776 1772 1019 1022 1773 1777
6 1776 1772 1017 1025 1774 1775
6 1777 1773 1020 1023 1774 1775
3 1778 1010 1008
3 1779 1013 1011
3 1780 1016 1014
3 1781 1782 1783
6 1011 1013 1010 1008 1016 1014
6 1782 1778 1010 1013 1779 1783
6 1782 1778 1008 1016 1780 1781
6 1783 1779 1011 1014 1780 1781
3 1384 1352 1350
3 1784 1785 1786
3 1787 1788 1789
3 1790 1791 1792
6 1786 1785 1352 1350 1788 1789
6 1791 1384 1352 1785 1784 1792
6 1787 1788 1350 1384 1791 1790
6 1787 1789 1786 1784 1792 1790
3 1396 1363 1246
3 1793 1794 1795
3 1796 1797 1798
3 1799 1800 1801
6 1795 1794 1363 1246 1797 1798
6 1800 1396 1363 1794 1793 1801
6 1796 1797 1246 1396 1800 1799
6 1796 1798 1795 1793 1801 1799
3 1407 1374 1258
3 1802 1803 1804
3 1805 1806 1807
3 1808 1809 1810
6 1804 1803 1374 1258 1806 1807
6 1809 1407 1374 1803 1802 1810
6 1805 1806 1258 1407 1809 1808
6 1805 1807 1804 1802 1810 1808
3 1543 1545 1811
3 1812 1813 1814
3 1815 1816 1817
3 1818 1819 1820
6 1816 1811 1545 1813 1814 1817
6 1819 1543 1545 1813 1812 1820
6 1815 1816 1811 1543 1819 1818
6 1820 1812 1814 1817 1815 1818
3 1555 1557 1520
3 1821 1822 1823
3 1824 1825 1826
3 1827 1828 1829
6 1825 1520 1557 1822 1823 1826
6 1828 1555 1557 1822 1821 1829
6 1824 1825 1520 1555 1828 1827
6 1829 1821 1823 1826 1824 1827
3 1567 1420 1418
3 1830 1831 1832
3 1833 1834 1835
3 1836 1837 1838
6 1834 1418 1420 1831 1832 1835
6 1837 1567 1420 1831 1830 1838
6 1833 1834 1418 1567 1837 1836
6 1833 1835 1832 1830 1838 1836
3 1713 1839 1840
3 1841 1842 1843
3 1844 1845 1846
3 1847 1848 1849
6 1845 1840 1839 1842 1843 1846
6 1848 1713 1839 1842 1841 1849
6 1848 1713 1840 1845 1844 1847
6 1849 1841 1843 1846 1844 1847
3 1725 1850 1692
3 1851 1852 1853
3 1854 1855 1856
3 1857 1858 1859
6 1855 1692 1850 1852 1853 1856
6 1858 1725 1850 1852 1851 1859
6 1858 1725 1692 1855 1854 1857
6 1859 1851 1853 1856 1854 1857
3 1737 1860 1703
3 1861 1862 1863
3 1864 1865 1866
3 1867 1868 1869
6 1865 1703 1860 1862 1863 1866
6 1868 1737 1860 1862 1861 1869
6 1868 1737 1703 1865 1864 1867
6 1869 1861 1863 1866 1864 1867
3 1870 1871 1872
3 1873 1874 1875
3 1876 1877 1878
3 1879 1880 1881
6 1877 1872 1871 1874 1875 1878
6 1880 1870 1871 1874 1873 1881
6 1876 1877 1872 1870 1880 1879
6 1876 1878 1875 1873 1881 1879
3 1748 1882 1883
3 1884 1885 1886
3 1887 1888 1889
3 1890 1891 1892
6 1888 1883 1882 1885 1886 1889
6 1891 1748 1882 1885 1884 1892
6 1887 1888 1883 1748 1891 1890
6 1892 1884 1886 1889 1887 1890
3 1893 1894 1895
3 1896 1897 1898
3 1899 1900 1901
3 1902 1903 1904
6 1900 1895 1894 1897 1898 1901
6 1903 1893 1894 1897 1896 1904
6 1903 1893 1895 1900 1899 1902
6 1904 1896 1898 1901 1899 1902
3 1905 1906 1907
3 1908 1909 1910
3 1911 1912 1913
3 1914 1915 1916
6 1912 1907 1906 1909 1910 1913
6 1915 1905 1906 1909 1908 1916
6 1915 1905 1907 1912 1911 1914
6 1916 1908 1910 1913 1911 1914
3 1917 1918 1750
3 1919 1920 1921
3 1922 1923 1924
3 1925 1926 1927
6 1923 1750 1918 1920 1921 1924
6 1926 1917 1918 1920 1919 1927
6 1926 1917 1750 1923 1922 1925
6 1927 1919 1921 1924 1922 1925
3 1928 1929 1930
3 1931 1932 1933
3 1934 1935 1936
3 1937 1938 1939
6 1935 1930 1929 1932 1933 1936
6 1938 1928 1929 1932 1931 1939
6 1938 1928 1930 1935 1934 1937
6 1939 1931 1933 1936 1934 1937
3 1940 1175 1173
3 1941 1178 1176
3 1942 1181 1179
3 1943 1944 1945
6 1176 1178 1175 1173 1181 1179
6 1944 1940 1175 1178 1941 1945
6 1944 1940 1173 1181 1942 1943
6 1945 1941 1176 1179 1942 1943
3 1946 1166 1164
3 1947 1169 1167
3 1948 1172 1170
3 1949 1950 1951
6 1167 1169 1166 1164 1172 1170
6 1950 1946 1166 1169 1947 1951
6 1950 1946 1164 1172 1948 1949
6 1951 1947 1167 1170 1948 1949
3 1952 1148 1146
3 1953 1151 1149
3 1954 1154 1152
3 1955 1956 1957
6 1149 1151 1148 1146 1154 1152
6 1956 1952 1148 1151 1953 1957
6 1956 1952 1146 1154 1954 1955
6 1957 1953 1149 1152 1954 1955
3 1958 1157 1155
3 1959 1160 1158
3 1960 1163 1161
3 1961 1962 1963
6 1158 1160 1157 1155 1163 1161
6 1962 1958 1157 1160 1959 1963
6 1962 1958 1155 1163 1960 1961
6 1963 1959 1158 1161 1960 1961
3 1543 1660 1811
3 1964 1965 1966
3 1967 1968 1969
3 1970 1971 1972
6 1966 1965 1660 1811 1968 1969
6 1971 1543 1660 1965 1964 1972
6 1967 1968 1811 1543 1971 1970
6 1972 1964 1966 1969 1967 1970
3 1555 1522 1520
3 1973 1974 1975
3 1976 1977 1978
3 1979 1980 1981
6 1975 1974 1522 1520 1977 1978
6 1980 1555 1522 1974 1973 1981
6 1976 1977 1520 1555 1980 1979
6 1976 1978 1975 1973 1981 1979
3 1567 1533 1418
3 1982 1983 1984
3 1985 1986 1987
3 1988 1989 1990
6 1984 1983 1533 1418 1986 1987
6 1989 1567 1533 1983 1982 1990
6 1985 1986 1418 1567 1989 1988
6 1985 1987 1984 1982 1990 1988
3 1713 1715 1991
3 1992 1993 1994
3 1995 1996 1997
3 1998 1999 2000
6 1996 1991 1715 1993 1994 1997
6 1999 1713 1715 1993 1992 2000
6 1995 1996 1991 1713 1999 1998
6 2000 1992 1994 1997 1995 1998
3 1725 1727 1690
3 2001 2002 2003
3 2004 2005 2006
3 2007 2008 2009
6 2005 1690 1727 2002 2003 2006
6 2008 1725 1727 2002 2001 2009
6 2004 2005 1690 1725 2008 2007
6 2009 2001 2003 2006 2004 2007
3 1737 1580 1578
3 2010 2011 2012
3 2013 2014 2015
3 2016 2017 2018
6 2014 1578 1580 2011 2012 2015
6 2017 1737 1580 2011 2010 2018
6 2013 2014 1578 1737 2017 2016
6 2013 2015 2012 2010 2018 2016
3 1893 2019 2020
3 2021 2022 2023
3 2024 2025 2026
3 2027 2028 2029
6 2025 2020 2019 2022 2023 2026
6 2028 1893 2019 2022 2021 2029
6 2028 1893 2020 2025 2024 2027
6 2029 2021 2023 2026 2024 2027
3 1905 2030 1872
3 2031 2032 2033
3 2034 2035 2036
3 2037 2038 2039
6 2035 1872 2030 2032 2033 2036
6 2038 1905 2030 2032 2031 2039
6 2038 1905 1872 2035 2034 2037
6 2039 2031 2033 2036 2034 2037
3 1917 2040 1883
3 2041 2042 2043
3 2044 2045 2046
3 2047 2048 2049
6 2045 1883 2040 2042 2043 2046
6 2048 1917 2040 2042 2041 2049
6 2048 1917 1883 2045 2044 2047
6 2049 2041 2043 2046 2044 2047
3 2050 2051 2052
3 2053 2054 2055
3 2056 2057 2058
3 2059 2060 2061
6 2057 2052 2051 2054 2055 2058
6 2060 2050 2051 2054 2053 2061
6 2056 2057 2052 2050 2060 2059
6 2056 2058 2055 2053 2061 2059
3 1928 2062 2063
3 2064 2065 2066
3 2067 2068 2069
3 2070 2071 2072
6 2068 2063 2062 2065 2066 2069
6 2071 1928 2062 2065 2064 2072
6 2067 2068 2063 1928 2071 2070
6 2072 2064 2066 2069 2067 2070
3 2073 2074 2075
3 2076 2077 2078
3 2079 2080 2081
3 2082 2083 2084
6 2080 2075 2074 2077 2078 2081
6 2083 2073 2074 2077 2076 2084
6 2083 2073 2075 2080 2079 2082
6 2084 2076 2078 2081 2079 2082
3 2085 2086 2087
3 2088 2089 2090
3 2091 2092 2093
3 2094 2095 2096
6 2092 2087 2086 2089 2090 2093
6 2095 2085 2086 2089 2088 2096
6 2095 2085 2087 2092 2091 2094
6 2096 2088 2090 2093 2091 2094
3 2097 2098 1930
3 2099 2100 2101
3 2102 2103 2104
3 2105 2106 2107
6 2103 1930 2098 2100 2101 2104
6 2106 2097 2098 2100 2099 2107
6 2106 2097 1930 2103 2102 2105
6 2107 2099 2101 2104 2102 2105
3 2108 2109 2110
3 2111 2112 2113
3 2114 2115 2116
3 2117 2118 2119
6 2115 2110 2109 2112 2113 2116
6 2118 2108 2109 2112 2111 2119
6 2118 2108 2110 2115 2114 2117
6 2119 2111 2113 2116 2114 2117
3 2120 1323 1321
3 2121 1326 1324
3 2122 1329 1327
3 2123 2124 2125
6 1324 1326 1323 1321 1329 1327
6 2124 2120 1323 1326 2121 2125
6 2124 2120 1321 1329 2122 2123
6 2125 2121 1324 1327 2122 2123
3 2126 1314 1312
3 2127 1317 1315
3 2128 1320 1318
3 2129 2130 2131
6 1315 1317 1314 1312 1320 1318
6 2130 2126 1314 1317 2127 2131
6 2130 2126 1312 1320 2128 2129
6 2131 2127 1315 1318 2128 2129
3 2132 1296 1294
3 2133 1299 1297
3 2134 1302 1300
3 2135 2136 2137
6 1297 1299 1296 1294 1302 1300
6 2136 2132 1296 1299 2133 2137
6 2136 2132 1294 1302 2134 2135
6 2137 2133 1297 1300 2134 2135
3 2138 1305 1303
3 2139 1308 1306
3 2140 1311 1309
3 2141 2142 2143
6 1306 1308 1305 1303 1311 1309
6 2142 2138 1305 1308 2139 2143
6 2142 2138 1303 1311 2140 2141
6 2143 2139 1306 1309 2140 2141
3 1713 1840 1991
3 2144 2145 2146
3 2147 2148 2149
3 2150 2151 2152
6 2146 2145 1840 1991 2148 2149
6 2151 1713 1840 2145 2144 2152
6 2147 2148 1991 1713 2151 2150
6 2152 2144 2146 2149 2147 2150
3 1725 1692 1690
3 2153 2154 2155
3 2156 2157 2158
3 2159 2160 2161
6 2155 2154 1692 1690 2157 2158
6 2160 1725 1692 2154 2153 2161
6 2156 2157 1690 1725 2160 2159
6 2156 2158 2155 2153 2161 2159
3 1737 1703 1578
3 2162 2163 2164
3 2165 2166 2167
3 2168 2169 2170
6 2164 2163 1703 1578 2166 2167
6 2169 1737 1703 2163 2162 2170
6 2165 2166 1578 1737 2169 2168
6 2165 2167 2164 2162 2170 2168
3 1893 1895 2171
3 2172 2173 2174
3 2175 2176 2177
3 2178 2179 2180
6 2176 2171 1895 2173 2174 2177
6 2179 1893 1895 2173 2172 2180
6 2175 2176 2171 1893 2179 2178
6 2180 2172 2174 2177 2175 2178
3 1905 1907 1870
3 2181 2182 2183
3 2184 2185 2186
3 2187 2188 2189
6 2185 1870 1907 2182 2183 2186
6 2188 1905 1907 2182 2181 2189
6 2184 2185 1870 1905 2188 2187
6 2189 2181 2183 2186 2184 2187
3 1917 1750 1748
3 2190 2191 2192
3 2193 2194 2195
3 2196 2197 2198
6 2194 1748 1750 2191 2192 2195
6 2197 1917 1750 2191 2190 2198
6 2193 2194 1748 1917 2197 2196
6 2193 2195 2192 2190 2198 2196
3 2073 2199 2200
3 2201 2202 2203
3 2204 2205 2206
3 2207 2208 2209
6 2205 2200 2199 2202 2203 2206
6 2208 2073 2199 2202 2201 2209
6 2208 2073 2200 2205 2204 2207
6 2209 2201 2203 2206 2204 2207
3 2085 2210 2052
3 2211 2212 2213
3 2214 2215 2216
3 2217 2218 2219
6 2215 2052 2210 2212 2213 2216
6 2218 2085 2210 2212 2211 2219
6 2218 2085 2052 2215 2214 2217
6 2219 2211 2213 2216 2214 2217
3 2097 2220 2063
3 2221 2222 2223
3 2224 2225 2226
3 2227 2228 2229
6 2225 2063 2220 2222 2223 2226
6 2228 2097 2220 2222 2221 2229
6 2228 2097 2063 2225 2224 2227
6 2229 2221 2223 2226 2224 2227
3 2230 2231 2232
3 2233 2234 2235
3 2236 2237 2238
3 2239 2240 2241
6 2237 2232 2231 2234 2235 2238
6 2240 2230 2231 2234 2233 2241
6 2236 2237 2232 2230 2240 2239
6 2236 2238 2235 2233 2241 2239
3 2108 2242 2243
3 2244 2245 2246
3 2247 2248 2249
3 2250 2251 2252
6 2248 2243 2242 2245 2246 2249
6 2251 2108 2242 2245 2244 2252
6 2247 2248 2243 2108 2251 2250
6 2252 2244 2246 2249 2247 2250
3 2253 2254 2255
3 2256 2257 2258
3 2259 2260 2261
3 2262 2263 2264
6 2260 2255 2254 2257 2258 2261
6 2263 2253 2254 2257 2256 2264
6 2263 2253 2255 2260 2259 2262
6 2264 2256 2258 2261 2259 2262
3 2265 2266 2267
3 2268 2269 2270
3 2271 2272 2273
3 2274 2275 2276
6 2272 2267 2266 2269 2270 2273
6 2275 2265 2266 2269 2268 2276
6 2275 2265 2267 2272 2271 2274
6 2276 2268 2270 2273 2271 2274
3 2277 2278 2110
3 2279 2280 2281
3 2282 2283 2284
3 2285 2286 2287
6 2283 2110 2278 2280 2281 2284
6 2286 2277 2278 2280 2279 2287
6 2286 2277 2110 2283 2282 2285
6 2287 2279 2281 2284 2282 2285
3 2288 2289 2290
3 2291 2292 2293
3 2294 2295 2296
3 2297 2298 2299
6 2295 2290 2289 2292 2293 2296
6 2298 2288 2289 2292 2291 2299
6 2298 2288 2290 2295 2294 2297
6 2299 2291 2293 2296 2294 2297
3 2300 1483 1481
3 2301 1486 1484
3 2302 1489 1487
3 2303 2304 2305
6 1484 1486 1483 1481 1489 1487
6 2304 2300 1483 1486 2301 2305
6 2304 2300 1481 1489 2302 2303
6 2305 2301 1484 1487 2302 2303
3 2306 1474 1472
3 2307 1477 1475
3 2308 1480 1478
3 2309 2310 2311
6 1475 1477 1474 1472 1480 1478
6 2310 2306 1474 1477 2307 2311
6 2310 2306 1472 1480 2308 2309
6 2311 2307 1475 1478 2308 2309
3 2312 1456 1454
3 2313 1459 1457
3 2314 1462 1460
3 2315 2316 2317
6 1457 1459 1456 1454 1462 1460
6 2316 2312 1456 1459 2313 2317
6 2316 2312 1454 1462 2314 2315
6 2317 2313 1457 1460 2314 2315
3 2318 1465 1463
3 2319 1468 1466
3 2320 1471 1469
3 2321 2322 2323
6 1466 1468 1465 1463 1471 1469
6 2322 2318 1465 1468 2319 2323
6 2322 2318 1463 1471 2320 2321
6 2323 2319 1466 1469 2320 2321
3 1893 2020 2171
3 2324 2325 2326
3 2327 2328 2329
3 2330 2331 2332
6 2326 2325 2020 2171 2328 2329
6 2331 1893 2020 2325 2324 2332
6 2327 2328 2171 1893 2331 2330
6 2332 2324 2326 2329 2327 2330
3 1905 1872 1870
3 2333 2334 2335
3 2336 2337 2338
3 2339 2340 2341
6 2335 2334 1872 1870 2337 2338
6 2340 1905 1872 2334 2333 2341
6 2336 2337 1870 1905 2340 2339
6 2336 2338 2335 2333 2341 2339
3 1917 1883 1748
3 2342 2343 2344
3 2345 2346 2347
3 2348 2349 2350
6 2344 2343 1883 1748 2346 2347
6 2349 1917 1883 2343 2342 2350
6 2345 2346 1748 1917 2349 2348
6 2345 2347 2344 2342 2350 2348
3 2073 2075 2351
3 2352 2353 2354
3 2355 2356 2357
3 2358 2359 2360
6 2356 2351 2075 2353 2354 2357
6 2359 2073 2075 2353 2352 2360
6 2355 2356 2351 2073 2359 2358
6 2360 2352 2354 2357 2355 2358
3 2085 2087 2050
3 2361 2362 2363
3 2364 2365 2366
3 2367 2368 2369
6 2365 2050 2087 2362 2363 2366
6 2368 2085 2087 2362 2361 2369
6 2364 2365 2050 2085 2368 2367
6 2369 2361 2363 2366 2364 2367
3 2097 1930 1928
3 2370 2371 2372
3 2373 2374 2375
3 2376 2377 2378
6 2374 1928 1930 2371 2372 2375
6 2377 2097 1930 2371 2370 2378
6 2373 2374 1928 2097 2377 2376
6 2373 2375 2372 2370 2378 2376
3 2253 2379 2380
3 2381 2382 2383
3 2384 2385 2386
3 2387 2388 2389
6 2385 2380 2379 2382 2383 2386
6 2388 2253 2379 2382 2381 2389
6 2388 2253 2380 2385 2384 2387
6 2389 2381 2383 2386 2384 2387
3 2265 2390 2232
3 2391 2392 2393
3 2394 2395 2396
3 2397 2398 2399
6 2395 2232 2390 2392 2393 2396
6 2398 2265 2390 2392 2391 2399
6 2398 2265 2232 2395 2394 2397
6 2399 2391 2393 2396 2394 2397
3 2277 2400 2243
3 2401 2402 2403
3 2404 2405 2406
3 2407 2408 2409
6 2405 2243 2400 2402 2403 2406
6 2408 2277 2400 2402 2401 2409
6 2408 2277 2243 2405 2404 2407
6 2409 2401 2403 2406 2404 2407
3 2410 2411 2412
3 2413 2414 2415
3 2416 2417 2418
3 2419 2420 2421
6 2417 2412 2411 2414 2415 2418
6 2420 2410 2411 2414 2413 2421
6 2416 2417 2412 2410 2420 2419
6 2416 2418 2415 2413 2421 2419
3 2422 2423 2424
3 2425 2426 2427
3 2428 2429 2430
3 2431 2432 2433
6 2429 2424 2423 2426 2427 2430
6 2432 2422 2423 2426 2425 2433
6 2428 2429 2424 2422 2432 2431
6 2428 2430 2427 2425 2433 2431
3 2288 2434 2435
3 2436 2437 2438
3 2439 2440 2441
3 2442 2443 2444
6 2440 2435 2434 2437 2438 2441
6 2443 2288 2434 2437 2436 2444
6 2439 2440 2435 2288 2443 2442
6 2444 2436 2438 2441 2439 2442
3 2445 2446 2447
3 2448 2449 2450
3 2451 2452 2453
3 2454 2455 2456
6 2452 2447 2446 2449 2450 2453
6 2455 2445 2446 2449 2448 2456
6 2455 2445 2447 2452 2451 2454
6 2456 2448 2450 2453 2451 2454
3 2457 1634 1632
3 2458 1637 1635
3 2459 1640 1638
3 2460 2461 2462
6 1640 1632 1634 1637 1635 1638
6 2461 2457 1634 1637 2458 2462
6 2461 2457 1632 1640 2459 2460
6 2462 2458 1635 1638 2459 2460
3 2463 2464 2465
3 2466 2467 2468
3 2469 2470 2471
3 2472 2473 2474
6 2470 2465 2464 2467 2468 2471
6 2473 2463 2464 2467 2466 2474
6 2473 2463 2465 2470 2469 2472
6 2474 2466 2468 2471 2469 2472
3 2475 2476 2290
3 2477 2478 2479
3 2480 2481 2482
3 2483 2484 2485
6 2481 2290 2476 2478 2479 2482
6 2484 2475 2476 2478 2477 2485
6 2484 2475 2290 2481 2480 2483
6 2485 2477 2479 2482 2480 2483
3 2486 1643 1641
3 2487 1646 1644
3 2488 1649 1647
3 2489 2490 2491
6 1644 1646 1643 1641 1649 1647
6 2490 2486 1643 1646 2487 2491
6 2490 2486 1641 1649 2488 2489
6 2491 2487 1644 1647 2488 2489
3 2492 1652 1650
3 2493 1655 1653
3 2494 1658 1656
3 2495 2496 2497
6 1653 1655 1652 1650 1658 1656
6 2496 2492 1652 1655 2493 2497
6 2496 2492 1650 1658 2494 2495
6 2497 2493 1653 1656 2494 2495
3 2498 1616 1614
3 2499 1619 1617
3 2500 1622 1620
3 2501 2502 2503
6 1617 1619 1616 1614 1622 1620
6 2502 2498 1616 1619 2499 2503
6 2502 2498 1614 1622 2500 2501
6 2503 2499 1617 1620 2500 2501
3 2504 1625 1623
3 2505 1628 1626
3 2506 1631 1629
3 2507 2508 2509
6 1626 1628 1625 1623 1631 1629
6 2508 2504 1625 1628 2505 2509
6 2508 2504 1623 1631 2506 2507
6 2509 2505 1626 1629 2506 2507
3 2073 2200 2351
3 2510 2511 2512
3 2513 2514 2515
3 2516 2517 2518
6 2512 2511 2200 2351 2514 2515
6 2517 2073 2200 2511 2510 2518
6 2513 2514 2351 2073 2517 2516
6 2518 2510 2512 2515 2513 2516
3 2085 2052 2050
3 2519 2520 2521
3 2522 2523 2524
3 2525 2526 2527
6 2521 2520 2052 2050 2523 2524
6 2526 2085 2052 2520 2519 2527
6 2522 2523 2050 2085 2526 2525
6 2522 2524 2521 2519 2527 2525
3 2097 2063 1928
3 2528 2529 2530
3 2531 2532 2533
3 2534 2535 2536
6 2530 2529 2063 1928 2532 2533
6 2535 2097 2063 2529 2528 2536
6 2531 2532 1928 2097 2535 2534
6 2531 2533 2530 2528 2536 2534
3 2253 2255 2537
3 2538 2539 2540
3 2541 2542 2543
3 2544 2545 2546
6 2542 2537 2255 2539 2540 2543
6 2545 2253 2255 2539 2538 2546
6 2541 2542 2537 2253 2545 2544
6 2546 2538 2540 2543 2541 2544
3 2265 2267 2230
3 2547 2548 2549
3 2550 2551 2552
3 2553 2554 2555
6 2551 2230 2267 2548 2549 2552
6 2554 2265 2267 2548 2547 2555
6 2550 2551 2230 2265 2554 2553
6 2555 2547 2549 2552 2550 2553
3 2277 2110 2108
3 2556 2557 2558
3 2559 2560 2561
3 2562 2563 2564
6 2560 2108 2110 2557 2558 2561
6 2563 2277 2110 2557 2556 2564
6 2559 2560 2108 2277 2563 2562
6 2559 2561 2558 2556 2564 2562
3 2445 2565 2566
3 2567 2568 2569
3 2570 2571 2572
3 2573 2574 2575
6 2571 2566 2565 2568 2569 2572
6 2574 2445 2565 2568 2567 2575
6 2574 2445 2566 2571 2570 2573
6 2575 2567 2569 2572 2570 2573
3 2576 2577 2412
3 2578 2579 2580
3 2581 2582 2583
3 2584 2585 2586
6 2582 2412 2577 2579 2580 2583
6 2585 2576 2577 2579 2578 2586
6 2585 2576 2412 2582 2581 2584
6 2586 2578 2580 2583 2581 2584
3 2463 2587 2424
3 2588 2589 2590
3 2591 2592 2593
3 2594 2595 2596
6 2592 2424 2587 2589 2590 2593
6 2595 2463 2587 2589 2588 2596
6 2595 2463 2424 2592 2591 2594
6 2596 2588 2590 2593 2591 2594
3 2475 2597 2435
3 2598 2599 2600
3 2601 2602 2603
3 2604 2605 2606
6 2602 2435 2597 2599 2600 2603
6 2605 2475 2597 2599 2598 2606
6 2605 2475 2435 2602 2601 2604
6 2606 2598 2600 2603 2601 2604
3 2607 2608 2609
3 2610 2611 2612
3 2613 2614 2615
3 2616 2617 2618
6 2614 2609 2608 2611 2612 2615
6 2617 2607 2608 2611 2610 2618
6 2613 2614 2609 2607 2617 2616
6 2613 2615 2612 2610 2618 2616
3 2619 2620 2621
3 2622 2623 2624
3 2625 2626 2627
3 2628 2629 2630
6 2626 2621 2620 2623 2624 2627
6 2629 2619 2620 2623 2622 2630
6 2625 2626 2621 2619 2629 2628
6 2625 2627 2624 2622 2630 2628
3 2631 1823 1821
3 2632 1826 1824
3 2633 1829 1827
3 2634 2635 2636
6 1829 1821 1823 1826 1824 1827
6 2635 2631 1823 1826 2632 2636
6 2635 2631 1821 1829 2633 2634
6 2636 2632 1824 1827 2633 2634
3 2637 2638 2639
3 2640 2641 2642
3 2643 2644 2645
3 2646 2647 2648
6 2644 2639 2638 2641 2642 2645
6 2647 2637 2638 2641 2640 2648
6 2647 2637 2639 2644 2643 2646
6 2648 2640 2642 2645 2643 2646
3 2649 1814 1812
3 2650 1817 1815
3 2651 1820 1818
3 2652 2653 2654
6 1820 1812 1814 1817 1815 1818
6 2653 2649 1814 1817 2650 2654
6 2653 2649 1812 1820 2651 2652
6 2654 2650 1815 1818 2651 2652
3 2655 2656 2657
3 2658 2659 2660
3 2661 2662 2663
3 2664 2665 2666
6 2662 2657 2656 2659 2660 2663
6 2665 2655 2656 2659 2658 2666
6 2665 2655 2657 2662 2661 2664
6 2666 2658 2660 2663 2661 2664
3 2667 1832 1830
3 2668 1835 1833
3 2669 1838 1836
3 2670 2671 2672
6 1833 1835 1832 1830 1838 1836
6 2671 2667 1832 1835 2668 2672
6 2671 2667 1830 1838 2669 2670
6 2672 2668 1833 1836 2669 2670
3 2673 1804 1802
3 2674 1807 1805
3 2675 1810 1808
3 2676 2677 2678
6 1805 1807 1804 1802 1810 1808
6 2677 2673 1804 1807 2674 2678
6 2677 2673 1802 1810 2675 2676
6 2678 2674 1805 1808 2675 2676
3 2679 1786 1784
3 2680 1789 1787
3 2681 1792 1790
3 2682 2683 2684
6 1787 1789 1786 1784 1792 1790
6 2683 2679 1786 1789 2680 2684
6 2683 2679 1784 1792 2681 2682
6 2684 2680 1787 1790 2681 2682
3 2685 1795 1793
3 2686 1798 1796
3 2687 1801 1799
3 2688 2689 2690
6 1796 1798 1795 1793 1801 1799
6 2689 2685 1795 1798 2686 2690
6 2689 2685 1793 1801 2687 2688
6 2690 2686 1796 1799 2687 2688
3 2253 2380 2537
3 2691 2692 2693
3 2694 2695 2696
3 2697 2698 2699
6 2693 2692 2380 2537 2695 2696
6 2698 2253 2380 2692 2691 2699
6 2694 2695 2537 2253 2698 2697
6 2699 2691 2693 2696 2694 2697
3 2265 2232 2230
3 2700 2701 2702
3 2703 2704 2705
3 2706 2707 2708
6 2702 2701 2232 2230 2704 2705
6 2707 2265 2232 2701 2700 2708
6 2703 2704 2230 2265 2707 2706
6 2703 2705 2702 2700 2708 2706
3 2277 2243 2108
3 2709 2710 2711
3 2712 2713 2714
3 2715 2716 2717
6 2711 2710 2243 2108 2713 2714
6 2716 2277 2243 2710 2709 2717
6 2712 2713 2108 2277 2716 2715
6 2712 2714 2711 2709 2717 2715
3 2445 2447 2718
3 2719 2720 2721
3 2722 2723 2724
3 2725 2726 2727
6 2723 2718 2447 2720 2721 2724
6 2726 2445 2447 2720 2719 2727
6 2722 2723 2718 2445 2726 2725
6 2727 2719 2721 2724 2722 2725
3 2576 2728 2410
3 2729 2730 2731
3 2732 2733 2734
3 2735 2736 2737
6 2733 2410 2728 2730 2731 2734
6 2736 2576 2728 2730 2729 2737
6 2732 2733 2410 2576 2736 2735
6 2737 2729 2731 2734 2732 2735
3 2463 2465 2422
3 2738 2739 2740
3 2741 2742 2743
3 2744 2745 2746
6 2742 2422 2465 2739 2740 2743
6 2745 2463 2465 2739 2738 2746
6 2741 2742 2422 2463 2745 2744
6 2746 2738 2740 2743 2741 2744
3 2475 2290 2288
3 2747 2748 2749
3 2750 2751 2752
3 2753 2754 2755
6 2751 2288 2290 2748 2749 2752
6 2754 2475 2290 2748 2747 2755
6 2750 2751 2288 2475 2754 2753
6 2750 2752 2749 2747 2755 2753
3 2756 2757 2758
3 2759 2760 2761
3 2762 2763 2764
3 2765 2766 2767
6 2763 2758 2757 2760 2761 2764
6 2766 2756 2757 2760 2759 2767
6 2766 2756 2758 2763 2762 2765
6 2767 2759 2761 2764 2762 2765
3 2637 2768 2769
3 2770 2771 2772
3 2773 2774 2775
3 2776 2777 2778
6 2774 2769 2768 2771 2772 2775
6 2777 2637 2768 2771 2770 2778
6 2777 2637 2769 2774 2773 2776
6 2778 2770 2772 2775 2773 2776
3 2779 2780 2609
3 2781 2782 2783
3 2784 2785 2786
3 2787 2788 2789
6 2785 2609 2780 2782 2783 2786
6 2788 2779 2780 2782 2781 2789
6 2788 2779 2609 2785 2784 2787
6 2789 2781 2783 2786 2784 2787
3 2655 2790 2621
3 2791 2792 2793
3 2794 2795 2796
3 2797 2798 2799
6 2795 2621 2790 2792 2793 2796
6 2798 2655 2790 2792 2791 2799
6 2798 2655 2621 2795 2794 2797
6 2799 2791 2793 2796 2794 2797
3 2800 2801 2802
3 2803 2804 2805
3 2806 2807 2808
3 2809 2810 2811
6 2807 2802 2801 2804 2805 2808
6 2810 2800 2801 2804 2803 2811
6 2806 2807 2802 2800 2810 2809
6 2806 2808 2805 2803 2811 2809
3 2812 2813 2814
3 2815 2816 2817
3 2818 2819 2820
3 2821 2822 2823
6 2819 2814 2813 2816 2817 2820
6 2822 2812 2813 2816 2815 2823
6 2818 2819 2814 2812 2822 2821
6 2818 2820 2817 2815 2823 2821
3 2824 2003 2001
3 2825 2006 2004
3 2826 2009 2007
3 2827 2828 2829
6 2009 2001 2003 2006 2004 2007
6 2828 2824 2003 2006 2825 2829
6 2828 2824 2001 2009 2826 2827
6 2829 2825 2004 2007 2826 2827
3 2830 2831 2832
3 2833 2834 2835
3 2836 2837 2838
3 2839 2840 2841
6 2837 2832 2831 2834 2835 2838
6 2840 2830 2831 2834 2833 2841
6 2840 2830 2832 2837 2836 2839
6 2841 2833 2835 2838 2836 2839
3 2842 1966 1964
3 2843 1969 1967
3 2844 1972 1970
3 2845 2846 2847
6 1972 1964 1966 1969 1967 1970
6 2846 2842 1966 1969 2843 2847
6 2846 2842 1964 1972 2844 2845
6 2847 2843 1967 1970 2844 2845
3 2848 1994 1992
3 2849 1997 1995
3 2850 2000 1998
3 2851 2852 2853
6 2000 1992 1994 1997 1995 1998
6 2852 2848 1994 1997 2849 2853
6 2852 2848 1992 2000 2850 2851
6 2853 2849 1995 1998 2850 2851
3 2854 2012 2010
3 2855 2015 2013
3 2856 2018 2016
3 2857 2858 2859
6 2013 2015 2012 2010 2018 2016
6 2858 2854 2012 2015 2855 2859
6 2858 2854 2010 2018 2856 2857
6 2859 2855 2013 2016 2856 2857
3 2860 1984 1982
3 2861 1987 1985
3 2862 1990 1988
3 2863 2864 2865
6 1985 1987 1984 1982 1990 1988
6 2864 2860 1984 1987 2861 2865
6 2864 2860 1982 1990 2862 2863
6 2865 2861 1985 1988 2862 2863
3 2866 1975 1973
3 2867 1978 1976
3 2868 1981 1979
3 2869 2870 2871
6 1976 1978 1975 1973 1981 1979
6 2870 2866 1975 1978 2867 2871
6 2870 2866 1973 1981 2868 2869
6 2871 2867 1976 1979 2868 2869
3 2445 2566 2718
3 2872 2873 2874
3 2875 2876 2877
3 2878 2879 2880
6 2874 2873 2566 2718 2876 2877
6 2879 2445 2566 2873 2872 2880
6 2875 2876 2718 2445 2879 2878
6 2880 2872 2874 2877 2875 2878
3 2576 2412 2410
3 2881 2882 2883
3 2884 2885 2886
3 2887 2888 2889
6 2883 2882 2412 2410 2885 2886
6 2888 2576 2412 2882 2881 2889
6 2884 2885 2410 2576 2888 2887
6 2884 2886 2883 2881 2889 2887
3 2463 2424 2422
3 2890 2891 2892
3 2893 2894 2895
3 2896 2897 2898
6 2892 2891 2424 2422 2894 2895
6 2897 2463 2424 2891 2890 2898
6 2893 2894 2422 2463 2897 2896
6 2893 2895 2892 2890 2898 2896
3 2475 2435 2288
3 2899 2900 2901
3 2902 2903 2904
3 2905 2906 2907
6 2901 2900 2435 2288 2903 2904
6 2906 2475 2435 2900 2899 2907
6 2902 2903 2288 2475 2906 2905
6 2902 2904 2901 2899 2907 2905
3 2756 2908 2909
3 2910 2911 2912
3 2913 2914 2915
3 2916 2917 2918
6 2914 2909 2908 2911 2912 2915
6 2917 2756 2908 2911 2910 2918
6 2913 2914 2909 2756 2917 2916
6 2918 2910 2912 2915 2913 2916
3 2637 2639 2919
3 2920 2921 2922
3 2923 2924 2925
3 2926 2927 2928
6 2924 2919 2639 2921 2922 2925
6 2927 2637 2639 2921 2920 2928
6 2923 2924 2919 2637 2927 2926
6 2928 2920 2922 2925 2923 2926
3 2779 2929 2607
3 2930 2931 2932
3 2933 2934 2935
3 2936 2937 2938
6 2934 2607 2929 2931 2932 2935
6 2937 2779 2929 2931 2930 2938
6 2933 2934 2607 2779 2937 2936
6 2938 2930 2932 2935 2933 2936
3 2655 2657 2619
3 2939 2940 2941
3 2942 2943 2944
3 2945 2946 2947
6 2943 2619 2657 2940 2941 2944
6 2946 2655 2657 2940 2939 2947
6 2942 2943 2619 2655 2946 2945
6 2947 2939 2941 2944 2942 2945
3 2948 2949 2950
3 2951 2952 2953
3 2954 2955 2956
3 2957 2958 2959
6 2955 2950 2949 2952 2953 2956
6 2958 2948 2949 2952 2951 2959
6 2958 2948 2950 2955 2954 2957
6 2959 2951 2953 2956 2954 2957
3 2830 2960 2961
3 2962 2963 2964
3 2965 2966 2967
3 2968 2969 2970
6 2966 2961 2960 2963 2964 2967
6 2969 2830 2960 2963 2962 2970
6 2969 2830 2961 2966 2965 2968
6 2970 2962 2964 2967 2965 2968
3 2971 2972 2802
3 2973 2974 2975
3 2976 2977 2978
3 2979 2980 2981
6 2977 2802 2972 2974 2975 2978
6 2980 2971 2972 2974 2973 2981
6 2980 2971 2802 2977 2976 2979
6 2981 2973 2975 2978 2976 2979
3 2982 2983 2814
3 2984 2985 2986
3 2987 2988 2989
3 2990 2991 2992
6 2988 2814 2983 2985 2986 2989
6 2991 2982 2983 2985 2984 2992
6 2991 2982 2814 2988 2987 2990
6 2992 2984 2986 2989 2987 2990
3 2993 2994 2995
3 2996 2997 2998
3 2999 3000 3001
3 3002 3003 3004
6 3000 2995 2994 2997 2998 3001
6 3003 2993 2994 2997 2996 3004
6 2999 3000 2995 2993 3003 3002
6 2999 3001 2998 2996 3004 3002
3 3005 3006 3007
3 3008 3009 3010
3 3011 3012 3013
3 3014 3015 3016
6 3012 3007 3006 3009 3010 3013
6 3015 3005 3006 3009 3008 3016
6 3011 3012 3007 3005 3015 3014
6 3011 3013 3010 3008 3016 3014
3 3017 2183 2181
3 3018 2186 2184
3 3019 2189 2187
3 3020 3021 3022
6 2189 2181 2183 2186 2184 2187
6 3021 3017 2183 2186 3018 3022
6 3021 3017 2181 2189 3019 3020
6 3022 3018 2184 2187 3019 3020
3 3023 2174 2172
3 3024 2177 2175
3 3025 2180 2178
3 3026 3027 3028
6 2180 2172 2174 2177 2175 2178
6 3027 3023 2174 2177 3024 3028
6 3027 3023 2172 2180 3025 3026
6 3028 3024 2175 2178 3025 3026
3 3029 2146 2144
3 3030 2149 2147
3 3031 2152 2150
3 3032 3033 3034
6 2152 2144 2146 2149 2147 2150
6 3033 3029 2146 2149 3030 3034
6 3033 3029 2144 2152 3031 3032
6 3034 3030 2147 2150 3031 3032
3 3035 2192 2190
3 3036 2195 2193
3 3037 2198 2196
3 3038 3039 3040
6 2193 2195 2192 2190 2198 2196
6 3039 3035 2192 2195 3036 3040
6 3039 3035 2190 2198 3037 3038
6 3040 3036 2193 2196 3037 3038
3 3041 2164 2162
3 3042 2167 2165
3 3043 2170 2168
3 3044 3045 3046
6 2165 2167 2164 2162 2170 2168
6 3045 3041 2164 2167 3042 3046
6 3045 3041 2162 2170 3043 3044
6 3046 3042 2165 2168 3043 3044
3 3047 2155 2153
3 3048 2158 2156
3 3049 2161 2159
3 3050 3051 3052
6 2156 2158 2155 2153 2161 2159
6 3051 3047 2155 2158 3048 3052
6 3051 3047 2153 2161 3049 3050
6 3052 3048 2156 2159 3049 3050
3 2756 2758 2909
3 3053 3054 3055
3 3056 3057 3058
3 3059 3060 3061
6 3055 3054 2758 2909 3057 3058
6 3060 2756 2758 3054 3053 3061
6 3056 3057 2909 2756 3060 3059
6 3061 3053 3055 3058 3056 3059
3 2637 2769 2919
3 3062 3063 3064
3 3065 3066 3067
3 3068 3069 3070
6 3064 3063 2769 2919 3066 3067
6 3069 2637 2769 3063 3062 3070
6 3065 3066 2919 2637 3069 3068
6 3070 3062 3064 3067 3065 3068
3 2779 2609 2607
3 3071 3072 3073
3 3074 3075 3076
3 3077 3078 3079
6 3073 3072 2609 2607 3075 3076
6 3078 2779 2609 3072 3071 3079
6 3074 3075 2607 2779 3078 3077
6 3074 3076 3073 3071 3079 3077
3 2655 2621 2619
3 3080 3081 3082
3 3083 3084 3085
3 3086 3087 3088
6 3082 3081 2621 2619 3084 3085
6 3087 2655 2621 3081 3080 3088
6 3083 3084 2619 2655 3087 3086
6 3083 3085 3082 3080 3088 3086
3 2948 3089 3090
3 3091 3092 3093
3 3094 3095 3096
3 3097 3098 3099
6 3095 3090 3089 3092 3093 3096
6 3098 2948 3089 3092 3091 3099
6 3094 3095 3090 2948 3098 3097
6 3099 3091 3093 3096 3094 3097
3 2830 2832 3100
3 3101 3102 3103
3 3104 3105 3106
3 3107 3108 3109
6 3105 3100 2832 3102 3103 3106
6 3108 2830 2832 3102 3101 3109
6 3104 3105 3100 2830 3108 3107
6 3109 3101 3103 3106 3104 3107
3 2971 3110 2800
3 3111 3112 3113
3 3114 3115 3116
3 3117 3118 3119
6 3115 2800 3110 3112 3113 3116
6 3118 2971 3110 3112 3111 3119
6 3114 3115 2800 2971 3118 3117
6 3119 3111 3113 3116 3114 3117
3 2982 3120 2812
3 3121 3122 3123
3 3124 3125 3126
3 3127 3128 3129
6 3125 2812 3120 3122 3123 3126
6 3128 2982 3120 3122 3121 3129
6 3124 3125 2812 2982 3128 3127
6 3129 3121 3123 3126 3124 3127
3 3130 3131 3132
3 3133 3134 3135
3 3136 3137 3138
3 3139 3140 3141
6 3137 3132 3131 3134 3135 3138
6 3140 3130 3131 3134 3133 3141
6 3140 3130 3132 3137 3136 3139
6 3141 3133 3135 3138 3136 3139
3 3142 3143 3144
3 3145 3146 3147
3 3148 3149 3150
3 3151 3152 3153
6 3149 3144 3143 3146 3147 3150
6 3152 3142 3143 3146 3145 3153
6 3152 3142 3144 3149 3148 3151
6 3153 3145 3147 3150 3148 3151
3 3154 3155 2995
3 3156 3157 3158
3 3159 3160 3161
3 3162 3163 3164
6 3160 2995 3155 3157 3158 3161
6 3163 3154 3155 3157 3156 3164
6 3163 3154 2995 3160 3159 3162
6 3159 3161 3158 3156 3164 3162
3 3165 3166 3007
3 3167 3168 3169
3 3170 3171 3172
3 3173 3174 3175
6 3171 3007 3166 3168 3169 3172
6 3174 3165 3166 3168 3167 3175
6 3174 3165 3007 3171 3170 3173
6 3175 3167 3169 3172 3170 3173
3 3176 3177 3178
3 3179 3180 3181
3 3182 3183 3184
3 3185 3186 3187
6 3183 3178 3177 3180 3181 3184
6 3186 3176 3177 3180 3179 3187
6 3182 3183 3178 3176 3186 3185
6 3182 3184 3181 3179 3187 3185
3 3188 3189 3190
3 3191 3192 3193
3 3194 3195 3196
3 3197 3198 3199
6 3195 3190 3189 3192 3193 3196
6 3198 3188 3189 3192 3191 3199
6 3194 3195 3190 3188 3198 3197
6 3194 3196 3193 3191 3199 3197
3 3200 2363 2361
3 3201 2366 2364
3 3202 2369 2367
3 3203 3204 3205
6 2369 2361 2363 2366 2364 2367
6 3204 3200 2363 2366 3201 3205
6 3204 3200 2361 2369 3202 3203
6 3205 3201 2364 2367 3202 3203
3 3206 2354 2352
3 3207 2357 2355
3 3208 2360 2358
3 3209 3210 3211
6 2360 2352 2354 2357 2355 2358
6 3210 3206 2354 2357 3207 3211
6 3210 3206 2352 2360 3208 3209
6 3211 3207 2355 2358 3208 3209
3 3212 2326 2324
3 3213 2329 2327
3 3214 2332 2330
3 3215 3216 3217
6 2332 2324 2326 2329 2327 2330
6 3216 3212 2326 2329 3213 3217
6 3216 3212 2324 2332 3214 3215
6 3217 3213 2327 2330 3214 3215
3 3218 2372 2370
3 3219 2375 2373
3 3220 2378 2376
3 3221 3222 3223
6 2373 2375 2372 2370 2378 2376
6 3222 3218 2372 2375 3219 3223
6 3222 3218 2370 2378 3220 3221
6 3223 3219 2373 2376 3220 3221
3 3224 2344 2342
3 3225 2347 2345
3 3226 2350 2348
3 3227 3228 3229
6 2345 2347 2344 2342 2350 2348
6 3228 3224 2344 2347 3225 3229
6 3228 3224 2342 2350 3226 3227
6 3229 3225 2345 2348 3226 3227
3 3230 2335 2333
3 3231 2338 2336
3 3232 2341 2339
3 3233 3234 3235
6 2336 2338 2335 2333 2341 2339
6 3234 3230 2335 2338 3231 3235
6 3234 3230 2333 2341 3232 3233
6 3235 3231 2336 2339 3232 3233
3 2948 2950 3090
3 3236 3237 3238
3 3239 3240 3241
3 3242 3243 3244
6 3238 3237 2950 3090 3240 3241
6 3243 2948 2950 3237 3236 3244
6 3239 3240 3090 2948 3243 3242
6 3244 3236 3238 3241 3239 3242
3 2830 2961 3100
3 3245 3246 3247
3 3248 3249 3250
3 3251 3252 3253
6 3247 3246 2961 3100 3249 3250
6 3252 2830 2961 3246 3245 3253
6 3248 3249 3100 2830 3252 3251
6 3253 3245 3247 3250 3248 3251
3 2971 2802 2800
3 3254 3255 3256
3 3257 3258 3259
3 3260 3261 3262
6 3256 3255 2802 2800 3258 3259
6 3261 2971 2802 3255 3254 3262
6 3257 3258 2800 2971 3261 3260
6 3257 3259 3256 3254 3262 3260
3 2982 2814 2812
3 3263 3264 3265
3 3266 3267 3268
3 3269 3270 3271
6 3265 3264 2814 2812 3267 3268
6 3270 2982 2814 3264 3263 3271
6 3266 3267 2812 2982 3270 3269
6 3266 3268 3265 3263 3271 3269
3 3130 3272 3273
3 3274 3275 3276
3 3277 3278 3279
3 3280 3281 3282
6 3278 3273 3272 3275 3276 3279
6 3281 3130 3272 3275 3274 3282
6 3277 3278 3273 3130 3281 3280
6 3282 3274 3276 3279 3277 3280
3 3142 3283 3284
3 3285 3286 3287
3 3288 3289 3290
3 3291 3292 3293
6 3289 3284 3283 3286 3287 3290
6 3292 3142 3283 3286 3285 3293
6 3288 3289 3284 3142 3292 3291
6 3293 3285 3287 3290 3288 3291
3 3154 3294 2993
3 3295 3296 3297
3 3298 3299 3300
3 3301 3302 3303
6 3299 2993 3294 3296 3297 3300
6 3302 3154 3294 3296 3295 3303
6 3298 3299 2993 3154 3302 3301
6 3298 3300 3297 3295 3303 3301
3 3165 3304 3005
3 3305 3306 3307
3 3308 3309 3310
3 3311 3312 3313
6 3309 3005 3304 3306 3307 3310
6 3312 3165 3304 3306 3305 3313
6 3308 3309 3005 3165 3312 3311
6 3313 3305 3307 3310 3308 3311
3 3314 3315 3316
3 3317 3318 3319
3 3320 3321 3322
3 3323 3324 3325
6 3321 3316 3315 3318 3319 3322
6 3324 3314 3315 3318 3317 3325
6 3324 3314 3316 3321 3320 3323
6 3325 3317 3319 3322 3320 3323
3 3326 3327 3328
3 3329 3330 3331
3 3332 3333 3334
3 3335 3336 3337
6 3333 3328 3327 3330 3331 3334
6 3336 3326 3327 3330 3329 3337
6 3336 3326 3328 3333 3332 3335
6 3337 3329 3331 3334 3332 3335
3 3338 3339 3178
3 3340 3341 3342
3 3343 3344 3345
3 3346 3347 3348
6 3344 3178 3339 3341 3342 3345
6 3347 3338 3339 3341 3340 3348
6 3347 3338 3178 3344 3343 3346
6 3343 3345 3342 3340 3348 3346
3 3349 3350 3190
3 3351 3352 3353
3 3354 3355 3356
3 3357 3358 3359
6 3355 3190 3350 3352 3353 3356
6 3358 3349 3350 3352 3351 3359
6 3358 3349 3190 3355 3354 3357
6 3359 3351 3353 3356 3354 3357
3 3360 3361 3362
3 3363 3364 3365
3 3366 3367 3368
3 3369 3370 3371
6 3367 3362 3361 3364 3365 3368
6 3370 3360 3361 3364 3363 3371
6 3366 3367 3362 3360 3370 3369
6 3366 3368 3365 3363 3371 3369
3 3372 2549 2547
3 3373 2552 2550
3 3374 2555 2553
3 3375 3376 3377
6 2555 2547 2549 2552 2550 2553
6 3376 3372 2549 2552 3373 3377
6 3376 3372 2547 2555 3374 3375
6 3377 3373 2550 2553 3374 3375
3 3378 2540 2538
3 3379 2543 2541
3 3380 2546 2544
3 3381 3382 3383
6 2546 2538 2540 2543 2541 2544
6 3382 3378 2540 2543 3379 3383
6 3382 3378 2538 2546 3380 3381
6 3383 3379 2541 2544 3380 3381
3 3384 2512 2510
3 3385 2515 2513
3 3386 2518 2516
3 3387 3388 3389
6 2518 2510 2512 2515 2513 2516
6 3388 3384 2512 2515 3385 3389
6 3388 3384 2510 2518 3386 3387
6 3389 3385 2513 2516 3386 3387
3 3390 2558 2556
3 3391 2561 2559
3 3392 2564 2562
3 3393 3394 3395
6 2559 2561 2558 2556 2564 2562
6 3394 3390 2558 2561 3391 3395
6 3394 3390 2556 2564 3392 3393
6 3395 3391 2559 2562 3392 3393
3 3396 2530 2528
3 3397 2533 2531
3 3398 2536 2534
3 3399 3400 3401
6 2531 2533 2530 2528 2536 2534
6 3400 3396 2530 2533 3397 3401
6 3400 3396 2528 2536 3398 3399
6 3401 3397 2531 2534 3398 3399
3 3402 2521 2519
3 3403 2524 2522
3 3404 2527 2525
3 3405 3406 3407
6 2522 2524 2521 2519 2527 2525
6 3406 3402 2521 2524 3403 3407
6 3406 3402 2519 2527 3404 3405
6 3407 3403 2522 2525 3404 3405
3 3130 3132 3273
3 3408 3409 3410
3 3411 3412 3413
3 3414 3415 3416
6 3410 3409 3132 3273 3412 3413
6 3415 3130 3132 3409 3408 3416
6 3411 3412 3273 3130 3415 3414
6 3416 3408 3410 3413 3411 3414
3 3142 3144 3284
3 3417 3418 3419
3 3420 3421 3422
3 3423 3424 3425
6 3419 3418 3144 3284 3421 3422
6 3424 3142 3144 3418 3417 3425
6 3420 3421 3284 3142 3424 3423
6 3425 3417 3419 3422 3420 3423
3 3154 2995 2993
3 3426 3427 3428
3 3429 3430 3431
3 3432 3433 3434
6 3428 3427 2995 2993 3430 3431
6 3433 3154 2995 3427 3426 3434
6 3429 3430 2993 3154 3433 3432
6 3429 3431 3428 3426 3434 3432
3 3165 3007 3005
3 3435 3436 3437
3 3438 3439 3440
3 3441 3442 3443
6 3437 3436 3007 3005 3439 3440
6 3442 3165 3007 3436 3435 3443
6 3438 3439 3005 3165 3442 3441
6 3438 3440 3437 3435 3443 3441
3 3314 3444 3445
3 3446 3447 3448
3 3449 3450 3451
3 3452 3453 3454
6 3450 3445 3444 3447 3448 3451
6 3453 3314 3444 3447 3446 3454
6 3449 3450 3445 3314 3453 3452
6 3454 3446 3448 3451 3449 3452
3 3326 3455 3456
3 3457 3458 3459
3 3460 3461 3462
3 3463 3464 3465
6 3461 3456 3455 3458 3459 3462
6 3464 3326 3455 3458 3457 3465
6 3460 3461 3456 3326 3464 3463
6 3465 3457 3459 3462 3460 3463
3 3338 3466 3176
3 3467 3468 3469
3 3470 3471 3472
3 3473 3474 3475
6 3471 3176 3466 3468 3469 3472
6 3474 3338 3466 3468 3467 3475
6 3470 3471 3176 3338 3474 3473
6 3470 3472 3469 3467 3475 3473
3 3349 3476 3188
3 3477 3478 3479
3 3480 3481 3482
3 3483 3484 3485
6 3481 3188 3476 3478 3479 3482
6 3484 3349 3476 3478 3477 3485
6 3480 3481 3188 3349 3484 3483
6 3485 3477 3479 3482 3480 3483
3 3486 3487 3488
3 3489 3490 3491
3 3492 3493 3494
3 3495 3496 3497
6 3493 3488 3487 3490 3491 3494
6 3496 3486 3487 3490 3489 3497
6 3496 3486 3488 3493 3492 3495
6 3497 3489 3491 3494 3492 3495
3 3498 3499 3500
3 3501 3502 3503
3 3504 3505 3506
3 3507 3508 3509
6 3505 3500 3499 3502 3503 3506
6 3508 3498 3499 3502 3501 3509
6 3508 3498 3500 3505 3504 3507
6 3509 3501 3503 3506 3504 3507
3 3510 3511 3512
3 3513 3514 3515
3 3516 3517 3518
3 3519 3520 3521
6 3517 3512 3511 3514 3515 3518
6 3520 3510 3511 3514 3513 3521
6 3520 3510 3512 3517 3516 3519
6 3521 3513 3515 3518 3516 3519
3 3522 3523 3362
3 3524 3525 3526
3 3527 3528 3529
3 3530 3531 3532
6 3528 3362 3523 3525 3526 3529
6 3531 3522 3523 3525 3524 3532
6 3531 3522 3362 3528 3527 3530
6 3527 3529 3526 3524 3532 3530
3 3533 3534 3535
3 3536 3537 3538
3 3539 3540 3541
3 3542 3543 3544
6 3540 3535 3534 3537 3538 3541
6 3543 3533 3534 3537 3536 3544
6 3539 3540 3535 3533 3543 3542
6 3539 3541 3538 3536 3544 3542
3 3545 2740 2738
3 3546 2743 2741
3 3547 2746 2744
3 3548 3549 3550
6 2746 2738 2740 2743 2741 2744
6 3549 3545 2740 2743 3546 3550
6 3549 3545 2738 2746 3547 3548
6 3550 3546 2741 2744 3547 3548
3 3551 2721 2719
3 3552 2724 2722
3 3553 2727 2725
3 3554 3555 3556
6 2727 2719 2721 2724 2722 2725
6 3555 3551 2721 2724 3552 3556
6 3555 3551 2719 2727 3553 3554
6 3556 3552 2722 2725 3553 3554
3 3557 2693 2691
3 3558 2696 2694
3 3559 2699 2697
3 3560 3561 3562
6 2699 2691 2693 2696 2694 2697
6 3561 3557 2693 2696 3558 3562
6 3561 3557 2691 2699 3559 3560
6 3562 3558 2694 2697 3559 3560
3 3563 2749 2747
3 3564 2752 2750
3 3565 2755 2753
3 3566 3567 3568
6 2750 2752 2749 2747 2755 2753
6 3567 3563 2749 2752 3564 3568
6 3567 3563 2747 2755 3565 3566
6 3568 3564 2750 2753 3565 3566
3 3569 2711 2709
3 3570 2714 2712
3 3571 2717 2715
3 3572 3573 3574
6 2712 2714 2711 2709 2717 2715
6 3573 3569 2711 2714 3570 3574
6 3573 3569 2709 2717 3571 3572
6 3574 3570 2712 2715 3571 3572
3 3575 2702 2700
3 3576 2705 2703
3 3577 2708 2706
3 3578 3579 3580
6 2703 2705 2702 2700 2708 2706
6 3579 3575 2702 2705 3576 3580
6 3579 3575 2700 2708 3577 3578
6 3580 3576 2703 2706 3577 3578
3 3314 3316 3445
3 3581 3582 3583
3 3584 3585 3586
3 3587 3588 3589
6 3583 3582 3316 3445 3585 3586
6 3588 3314 3316 3582 3581 3589
6 3584 3585 3445 3314 3588 3587
6 3589 3581 3583 3586 3584 3587
3 3326 3328 3456
3 3590 3591 3592
3 3593 3594 3595
3 3596 3597 3598
6 3592 3591 3328 3456 3594 3595
6 3597 3326 3328 3591 3590 3598
6 3593 3594 3456 3326 3597 3596
6 3598 3590 3592 3595 3593 3596
3 3338 3178 3176
3 3599 3600 3601
3 3602 3603 3604
3 3605 3606 3607
6 3601 3600 3178 3176 3603 3604
6 3606 3338 3178 3600 3599 3607
6 3602 3603 3176 3338 3606 3605
6 3602 3604 3601 3599 3607 3605
3 3349 3190 3188
3 3608 3609 3610
3 3611 3612 3613
3 3614 3615 3616
6 3610 3609 3190 3188 3612 3613
6 3615 3349 3190 3609 3608 3616
6 3611 3612 3188 3349 3615 3614
6 3611 3613 3610 3608 3616 3614
3 3486 3617 3618
3 3619 3620 3621
3 3622 3623 3624
3 3625 3626 3627
6 3623 3618 3617 3620 3621 3624
6 3626 3486 3617 3620 3619 3627
6 3622 3623 3618 3486 3626 3625
6 3627 3619 3621 3624 3622 3625
3 3498 3628 3629
3 3630 3631 3632
3 3633 3634 3635
3 3636 3637 3638
6 3634 3629 3628 3631 3632 3635
6 3637 3498 3628 3631 3630 3638
6 3633 3634 3629 3498 3637 3636
6 3638 3630 3632 3635 3633 3636
3 3510 3639 3640
3 3641 3642 3643
3 3644 3645 3646
3 3647 3648 3649
6 3645 3640 3639 3642 3643 3646
6 3648 3510 3639 3642 3641 3649
6 3644 3645 3640 3510 3648 3647
6 3649 3641 3643 3646 3644 3647
3 3522 3650 3360
3 3651 3652 3653
3 3654 3655 3656
3 3657 3658 3659
6 3655 3360 3650 3652 3653 3656
6 3658 3522 3650 3652 3651 3659
6 3654 3655 3360 3522 3658 3657
6 3654 3656 3653 3651 3659 3657
3 3660 3661 3662
3 3663 3664 3665
3 3666 3667 3668
3 3669 3670 3671
6 3667 3662 3661 3664 3665 3668
6 3670 3660 3661 3664 3663 3671
6 3670 3660 3662 3667 3666 3669
6 3671 3663 3665 3668 3666 3669
3 3672 3673 3674
3 3675 3676 3677
3 3678 3679 3680
3 3681 3682 3683
6 3679 3674 3673 3676 3677 3680
6 3682 3672 3673 3676 3675 3683
6 3682 3672 3674 3679 3678 3681
6 3683 3675 3677 3680 3678 3681
3 3684 3685 3686
3 3687 3688 3689
3 3690 3691 3692
3 3693 3694 3695
6 3691 3686 3685 3688 3689 3692
6 3694 3684 3685 3688 3687 3695
6 3694 3684 3686 3691 3690 3693
6 3695 3687 3689 3692 3690 3693
3 3696 3697 3535
3 3698 3699 3700
3 3701 3702 3703
3 3704 3705 3706
6 3702 3535 3697 3699 3700 3703
6 3705 3696 3697 3699 3698 3706
6 3705 3696 3535 3702 3701 3704
6 3701 3703 3700 3698 3706 3704
3 3707 3708 3709
3 3710 3711 3712
3 3713 3714 3715
3 3716 3717 3718
6 3714 3709 3708 3711 3712 3715
6 3717 3707 3708 3711 3710 3718
6 3713 3714 3709 3707 3717 3716
6 3713 3715 3712 3710 3718 3716
3 3719 2941 2939
3 3720 2944 2942
3 3721 2947 2945
3 3722 3723 3724
6 2947 2939 2941 2944 2942 2945
6 3723 3719 2941 2944 3720 3724
6 3723 3719 2939 2947 3721 3722
6 3724 3720 2942 2945 3721 3722
3 3725 2922 2920
3 3726 2925 2923
3 3727 2928 2926
3 3728 3729 3730
6 2928 2920 2922 2925 2923 2926
6 3729 3725 2922 2925 3726 3730
6 3729 3725 2920 2928 3727 3728
6 3730 3726 2923 2926 3727 3728
3 3731 2874 2872
3 3732 2877 2875
3 3733 2880 2878
3 3734 3735 3736
6 2880 2872 2874 2877 2875 2878
6 3735 3731 2874 2877 3732 3736
6 3735 3731 2872 2880 3733 3734
6 3736 3732 2875 2878 3733 3734
3 3737 2901 2899
3 3738 2904 2902
3 3739 2907 2905
3 3740 3741 3742
6 2902 2904 2901 2899 2907 2905
6 3741 3737 2901 2904 3738 3742
6 3741 3737 2899 2907 3739 3740
6 3742 3738 2902 2905 3739 3740
3 3743 2892 2890
3 3744 2895 2893
3 3745 2898 2896
3 3746 3747 3748
6 2893 2895 2892 2890 2898 2896
6 3747 3743 2892 2895 3744 3748
6 3747 3743 2890 2898 3745 3746
6 3748 3744 2893 2896 3745 3746
3 3749 2883 2881
3 3750 2886 2884
3 3751 2889 2887
3 3752 3753 3754
6 2884 2886 2883 2881 2889 2887
6 3753 3749 2883 2886 3750 3754
6 3753 3749 2881 2889 3751 3752
6 3754 3750 2884 2887 3751 3752
3 3486 3488 3618
3 3755 3756 3757
3 3758 3759 3760
3 3761 3762 3763
6 3757 3756 3488 3618 3759 3760
6 3762 3486 3488 3756 3755 3763
6 3758 3759 3618 3486 3762 3761
6 3763 3755 3757 3760 3758 3761
3 3498 3500 3629
3 3764 3765 3766
3 3767 3768 3769
3 3770 3771 3772
6 3766 3765 3500 3629 3768 3769
6 3771 3498 3500 3765 3764 3772
6 3767 3768 3629 3498 3771 3770
6 3772 3764 3766 3769 3767 3770
3 3510 3512 3640
3 3773 3774 3775
3 3776 3777 3778
3 3779 3780 3781
6 3775 3774 3512 3640 3777 3778
6 3780 3510 3512 3774 3773 3781
6 3776 3777 3640 3510 3780 3779
6 3781 3773 3775 3778 3776 3779
3 3522 3362 3360
3 3782 3783 3784
3 3785 3786 3787
3 3788 3789 3790
6 3784 3783 3362 3360 3786 3787
6 3789 3522 3362 3783 3782 3790
6 3785 3786 3360 3522 3789 3788
6 3785 3787 3784 3782 3790 3788
3 3660 3791 3792
3 3793 3794 3795
3 3796 3797 3798
3 3799 3800 3801
6 3797 3792 3791 3794 3795 3798
6 3800 3660 3791 3794 3793 3801
6 3796 3797 3792 3660 3800 3799
6 3801 3793 3795 3798 3796 3799
3 3672 3802 3803
3 3804 3805 3806
3 3807 3808 3809
3 3810 3811 3812
6 3808 3803 3802 3805 3806 3809
6 3811 3672 3802 3805 3804 3812
6 3807 3808 3803 3672 3811 3810
6 3812 3804 3806 3809 3807 3810
3 3684 3813 3814
3 3815 3816 3817
3 3818 3819 3820
3 3821 3822 3823
6 3819 3814 3813 3816 3817 3820
6 3822 3684 3813 3816 3815 3823
6 3818 3819 3814 3684 3822 3821
6 3823 3815 3817 3820 3818 3821
3 3696 3824 3533
3 3825 3826 3827
3 3828 3829 3830
3 3831 3832 3833
6 3829 3533 3824 3826 3827 3830
6 3832 3696 3824 3826 3825 3833
6 3828 3829 3533 3696 3832 3831
6 3828 3830 3827 3825 3833 3831
3 3834 3835 3836
3 3837 3838 3839
3 3840 3841 3842
3 3843 3844 3845
6 3841 3836 3835 3838 3839 3842
6 3844 3834 3835 3838 3837 3845
6 3844 3834 3836 3841 3840 3843
6 3845 3837 3839 3842 3840 3843
3 3846 3847 3848
3 3849 3850 3851
3 3852 3853 3854
3 3855 3856 3857
6 3853 3848 3847 3850 3851 3854
6 3856 3846 3847 3850 3849 3857
6 3856 3846 3848 3853 3852 3855
6 3857 3849 3851 3854 3852 3855
3 3858 3859 3860
3 3861 3862 3863
3 3864 3865 3866
3 3867 3868 3869
6 3865 3860 3859 3862 3863 3866
6 3868 3858 3859 3862 3861 3869
6 3868 3858 3860 3865 3864 3867
6 3869 3861 3863 3866 3864 3867
3 3870 3871 3709
3 3872 3873 3874
3 3875 3876 3877
3 3878 3879 3880
6 3876 3709 3871 3873 3874 3877
6 3879 3870 3871 3873 3872 3880
6 3879 3870 3709 3876 3875 3878
6 3875 3877 3874 3872 3880 3878
3 3881 3882 3883
3 3884 3885 3886
3 3887 3888 3889
3 3890 3891 3892
6 3888 3883 3882 3885 3886 3889
6 3891 3881 3882 3885 3884 3892
6 3887 3888 3883 3881 3891 3890
6 3887 3889 3886 3884 3892 3890
3 3893 3103 3101
3 3894 3106 3104
3 3895 3109 3107
3 3896 3897 3898
6 3109 3101 3103 3106 3104 3107
6 3897 3893 3103 3106 3894 3898
6 3897 3893 3101 3109 3895 3896
6 3898 3894 3104 3107 3895 3896
3 3899 3064 3062
3 3900 3067 3065
3 3901 3070 3068
3 3902 3903 3904
6 3070 3062 3064 3067 3065 3068
6 3903 3899 3064 3067 3900 3904
6 3903 3899 3062 3070 3901 3902
6 3904 3900 3065 3068 3901 3902
3 3905 3055 3053
3 3906 3058 3056
3 3907 3061 3059
3 3908 3909 3910
6 3061 3053 3055 3058 3056 3059
6 3909 3905 3055 3058 3906 3910
6 3909 3905 3053 3061 3907 3908
6 3910 3906 3056 3059 3907 3908
3 3911 3082 3080
3 3912 3085 3083
3 3913 3088 3086
3 3914 3915 3916
6 3083 3085 3082 3080 3088 3086
6 3915 3911 3082 3085 3912 3916
6 3915 3911 3080 3088 3913 3914
6 3916 3912 3083 3086 3913 3914
3 3917 3073 3071
3 3918 3076 3074
3 3919 3079 3077
3 3920 3921 3922
6 3074 3076 3073 3071 3079 3077
6 3921 3917 3073 3076 3918 3922
6 3921 3917 3071 3079 3919 3920
6 3922 3918 3074 3077 3919 3920
3 3660 3662 3792
3 3923 3924 3925
3 3926 3927 3928
3 3929 3930 3931
6 3925 3924 3662 3792 3927 3928
6 3930 3660 3662 3924 3923 3931
6 3926 3927 3792 3660 3930 3929
6 3931 3923 3925 3928 3926 3929
3 3672 3674 3803
3 3932 3933 3934
3 3935 3936 3937
3 3938 3939 3940
6 3934 3933 3674 3803 3936 3937
6 3939 3672 3674 3933 3932 3940
6 3935 3936 3803 3672 3939 3938
6 3940 3932 3934 3937 3935 3938
3 3684 3686 3814
3 3941 3942 3943
3 3944 3945 3946
3 3947 3948 3949
6 3943 3942 3686 3814 3945 3946
6 3948 3684 3686 3942 3941 3949
6 3944 3945 3814 3684 3948 3947
6 3949 3941 3943 3946 3944 3947
3 3696 3535 3533
3 3950 3951 3952
3 3953 3954 3955
3 3956 3957 3958
6 3952 3951 3535 3533 3954 3955
6 3957 3696 3535 3951 3950 3958
6 3953 3954 3533 3696 3957 3956
6 3953 3955 3952 3950 3958 3956
3 3834 3959 3960
3 3961 3962 3963
3 3964 3965 3966
3 3967 3968 3969
6 3965 3960 3959 3962 3963 3966
6 3968 3834 3959 3962 3961 3969
6 3964 3965 3960 3834 3968 3967
6 3969 3961 3963 3966 3964 3967
3 3846 3970 3971
3 3972 3973 3974
3 3975 3976 3977
3 3978 3979 3980
6 3976 3971 3970 3973 3974 3977
6 3979 3846 3970 3973 3972 3980
6 3975 3976 3971 3846 3979 3978
6 3980 3972 3974 3977 3975 3978
3 3858 3981 3982
3 3983 3984 3985
3 3986 3987 3988
3 3989 3990 3991
6 3987 3982 3981 3984 3985 3988
6 3990 3858 3981 3984 3983 3991
6 3986 3987 3982 3858 3990 3989
6 3991 3983 3985 3988 3986 3989
3 3870 3992 3707
3 3993 3994 3995
3 3996 3997 3998
3 3999 4000 4001
6 3997 3707 3992 3994 3995 3998
6 4000 3870 3992 3994 3993 4001
6 3996 3997 3707 3870 4000 3999
6 3996 3998 3995 3993 4001 3999
3 4002 4003 4004
3 4005 4006 4007
3 4008 4009 4010
3 4011 4012 4013
6 4009 4004 4003 4006 4007 4010
6 4012 4002 4003 4006 4005 4013
6 4012 4002 4004 4009 4008 4011
6 4013 4005 4007 4010 4008 4011
3 4014 4015 4016
3 4017 4018 4019
3 4020 4021 4022
3 4023 4024 4025
6 4021 4016 4015 4018 4019 4022
6 4024 4014 4015 4018 4017 4025
6 4024 4014 4016 4021 4020 4023
6 4025 4017 4019 4022 4020 4023
3 4026 4027 4028
3 4029 4030 4031
3 4032 4033 4034
3 4035 4036 4037
6 4033 4028 4027 4030 4031 4034
6 4036 4026 4027 4030 4029 4037
6 4036 4026 4028 4033 4032 4035
6 4037 4029 4031 4034 4032 4035
3 4038 4039 3883
3 4040 4041 4042
3 4043 4044 4045
3 4046 4047 4048
6 4044 3883 4039 4041 4042 4045
6 4047 4038 4039 4041 4040 4048
6 4047 4038 3883 4044 4043 4046
6 4043 4045 4042 4040 4048 4046
3 4049 4050 4051
3 4052 4053 4054
3 4055 4056 4057
3 4058 4059 4060
6 4056 4051 4050 4053 4054 4057
6 4059 4049 4050 4053 4052 4060
6 4055 4056 4051 4049 4059 4058
6 4055 4057 4054 4052 4060 4058
3 4061 3247 3245
3 4062 3250 3248
3 4063 3253 3251
3 4064 4065 4066
6 3253 3245 3247 3250 3248 3251
6 4065 4061 3247 3250 4062 4066
6 4065 4061 3245 3253 4063 4064
6 4066 4062 3248 3251 4063 4064
3 4067 3238 3236
3 4068 3241 3239
3 4069 3244 3242
3 4070 4071 4072
6 3244 3236 3238 3241 3239 3242
6 4071 4067 3238 3241 4068 4072
6 4071 4067 3236 3244 4069 4070
6 4072 4068 3239 3242 4069 4070
3 4073 3265 3263
3 4074 3268 3266
3 4075 3271 3269
3 4076 4077 4078
6 3266 3268 3265 3263 3271 3269
6 4077 4073 3265 3268 4074 4078
6 4077 4073 3263 3271 4075 4076
6 4078 4074 3266 3269 4075 4076
3 4079 3256 3254
3 4080 3259 3257
3 4081 3262 3260
3 4082 4083 4084
6 3257 3259 3256 3254 3262 3260
6 4083 4079 3256 3259 4080 4084
6 4083 4079 3254 3262 4081 4082
6 4084 4080 3257 3260 4081 4082
3 3834 3836 3960
3 4085 4086 4087
3 4088 4089 4090
3 4091 4092 4093
6 4087 4086 3836 3960 4089 4090
6 4092 3834 3836 4086 4085 4093
6 4088 4089 3960 3834 4092 4091
6 4093 4085 4087 4090 4088 4091
3 3846 3848 3971
3 4094 4095 4096
3 4097 4098 4099
3 4100 4101 4102
6 4096 4095 3848 3971 4098 4099
6 4101 3846 3848 4095 4094 4102
6 4097 4098 3971 3846 4101 4100
6 4102 4094 4096 4099 4097 4100
3 3858 3860 3982
3 4103 4104 4105
3 4106 4107 4108
3 4109 4110 4111
6 4105 4104 3860 3982 4107 4108
6 4110 3858 3860 4104 4103 4111
6 4106 4107 3982 3858 4110 4109
6 4111 4103 4105 4108 4106 4109
3 3870 3709 3707
3 4112 4113 4114
3 4115 4116 4117
3 4118 4119 4120
6 4114 4113 3709 3707 4116 4117
6 4119 3870 3709 4113 4112 4120
6 4115 4116 3707 3870 4119 4118
6 4115 4117 4114 4112 4120 4118
3 4002 4121 4122
3 4123 4124 4125
3 4126 4127 4128
3 4129 4130 4131
6 4127 4122 4121 4124 4125 4128
6 4130 4002 4121 4124 4123 4131
6 4126 4127 4122 4002 4130 4129
6 4131 4123 4125 4128 4126 4129
3 4014 4132 4133
3 4134 4135 4136
3 4137 4138 4139
3 4140 4141 4142
6 4138 4133 4132 4135 4136 4139
6 4141 4014 4132 4135 4134 4142
6 4137 4138 4133 4014 4141 4140
6 4142 4134 4136 4139 4137 4140
3 4026 4143 4144
3 4145 4146 4147
3 4148 4149 4150
3 4151 4152 4153
6 4149 4144 4143 4146 4147 4150
6 4152 4026 4143 4146 4145 4153
6 4148 4149 4144 4026 4152 4151
6 4153 4145 4147 4150 4148 4151
3 4038 4154 3881
3 4155 4156 4157
3 4158 4159 4160
3 4161 4162 4163
6 4159 3881 4154 4156 4157 4160
6 4162 4038 4154 4156 4155 4163
6 4158 4159 3881 4038 4162 4161
6 4158 4160 4157 4155 4163 4161
3 4164 4165 4166
3 4167 4168 4169
3 4170 4171 4172
3 4173 4174 4175
6 4171 4166 4165 4168 4169 4172
6 4174 4164 4165 4168 4167 4175
6 4174 4164 4166 4171 4170 4173
6 4175 4167 4169 4172 4170 4173
3 4176 4177 4178
3 4179 4180 4181
3 4182 4183 4184
3 4185 4186 4187
6 4183 4178 4177 4180 4181 4184
6 4186 4176 4177 4180 4179 4187
6 4186 4176 4178 4183 4182 4185
6 4187 4179 4181 4184 4182 4185
3 4188 4189 4190
3 4191 4192 4193
3 4194 4195 4196
3 4197 4198 4199
6 4195 4190 4189 4192 4193 4196
6 4198 4188 4189 4192 4191 4199
6 4198 4188 4190 4195 4194 4197
6 4194 4196 4193 4191 4199 4197
3 4200 4201 4051
3 4202 4203 4204
3 4205 4206 4207
3 4208 4209 4210
6 4206 4051 4201 4203 4204 4207
6 4209 4200 4201 4203 4202 4210
6 4209 4200 4051 4206 4205 4208
6 4205 4207 4204 4202 4210 4208
3 4211 4212 4213
3 4214 4215 4216
3 4217 4218 4219
3 4220 4221 4222
6 4218 4213 4212 4215 4216 4219
6 4221 4211 4212 4215 4214 4222
6 4217 4218 4213 4211 4221 4220
6 4217 4219 4216 4214 4222 4220
3 4223 3419 3417
3 4224 3422 3420
3 4225 3425 3423
3 4226 4227 4228
6 3425 3417 3419 3422 3420 3423
6 4227 4223 3419 3422 4224 4228
6 4227 4223 3417 3425 4225 4226
6 4228 4224 3420 3423 4225 4226
3 4229 3410 3408
3 4230 3413 3411
3 4231 3416 3414
3 4232 4233 4234
6 3416 3408 3410 3413 3411 3414
6 4233 4229 3410 3413 4230 4234
6 4233 4229 3408 3416 4231 4232
6 4234 4230 3411 3414 4231 4232
3 4235 3437 3435
3 4236 3440 3438
3 4237 3443 3441
3 4238 4239 4240
6 3438 3440 3437 3435 3443 3441
6 4239 4235 3437 3440 4236 4240
6 4239 4235 3435 3443 4237 4238
6 4240 4236 3438 3441 4237 4238
3 4241 3428 3426
3 4242 3431 3429
3 4243 3434 3432
3 4244 4245 4246
6 3429 3431 3428 3426 3434 3432
6 4245 4241 3428 3431 4242 4246
6 4245 4241 3426 3434 4243 4244
6 4246 4242 3429 3432 4243 4244
3 4002 4004 4122
3 4247 4248 4249
3 4250 4251 4252
3 4253 4254 4255
6 4249 4248 4004 4122 4251 4252
6 4254 4002 4004 4248 4247 4255
6 4250 4251 4122 4002 4254 4253
6 4255 4247 4249 4252 4250 4253
3 4014 4016 4133
3 4256 4257 4258
3 4259 4260 4261
3 4262 4263 4264
6 4258 4257 4016 4133 4260 4261
6 4263 4014 4016 4257 4256 4264
6 4259 4260 4133 4014 4263 4262
6 4264 4256 4258 4261 4259 4262
3 4026 4028 4144
3 4265 4266 4267
3 4268 4269 4270
3 4271 4272 4273
6 4267 4266 4028 4144 4269 4270
6 4272 4026 4028 4266 4265 4273
6 4268 4269 4144 4026 4272 4271
6 4273 4265 4267 4270 4268 4271
3 4038 3883 3881
3 4274 4275 4276
3 4277 4278 4279
3 4280 4281 4282
6 4276 4275 3883 3881 4278 4279
6 4281 4038 3883 4275 4274 4282
6 4277 4278 3881 4038 4281 4280
6 4277 4279 4276 4274 4282 4280
3 4164 4283 4284
3 4285 4286 4287
3 4288 4289 4290
3 4291 4292 4293
6 4289 4284 4283 4286 4287 4290
6 4292 4164 4283 4286 4285 4293
6 4288 4289 4284 4164 4292 4291
6 4293 4285 4287 4290 4288 4291
3 4176 4294 4295
3 4296 4297 4298
3 4299 4300 4301
3 4302 4303 4304
6 4300 4295 4294 4297 4298 4301
6 4303 4176 4294 4297 4296 4304
6 4299 4300 4295 4176 4303 4302
6 4304 4296 4298 4301 4299 4302
3 4188 4305 4306
3 4307 4308 4309
3 4310 4311 4312
3 4313 4314 4315
6 4311 4306 4305 4308 4309 4312
6 4314 4188 4305 4308 4307 4315
6 4310 4311 4306 4188 4314 4313
6 4310 4312 4309 4307 4315 4313
3 4200 4316 4049
3 4317 4318 4319
3 4320 4321 4322
3 4323 4324 4325
6 4321 4049 4316 4318 4319 4322
6 4324 4200 4316 4318 4317 4325
6 4320 4321 4049 4200 4324 4323
6 4320 4322 4319 4317 4325 4323
3 4326 4327 4328
3 4329 4330 4331
3 4332 4333 4334
3 4335 4336 4337
6 4333 4328 4327 4330 4331 4334
6 4336 4326 4327 4330 4329 4337
6 4336 4326 4328 4333 4332 4335
6 4337 4329 4331 4334 4332 4335
3 4338 4339 4340
3 4341 4342 4343
3 4344 4345 4346
3 4347 4348 4349
6 4345 4340 4339 4342 4343 4346
6 4348 4338 4339 4342 4341 4349
6 4348 4338 4340 4345 4344 4347
6 4349 4341 4343 4346 4344 4347
3 4350 4351 4352
3 4353 4354 4355
3 4356 4357 4358
3 4359 4360 4361
6 4357 4352 4351 4354 4355 4358
6 4360 4350 4351 4354 4353 4361
6 4360 4350 4352 4357 4356 4359
6 4356 4358 4355 4353 4361 4359
3 4362 4363 4213
3 4364 4365 4366
3 4367 4368 4369
3 4370 4371 4372
6 4368 4213 4363 4365 4366 4369
6 4371 4362 4363 4365 4364 4372
6 4371 4362 4213 4368 4367 4370
6 4367 4369 4366 4364 4372 4370
3 4373 3592 3590
3 4374 3595 3593
3 4375 3598 3596
3 4376 4377 4378
6 3598 3590 3592 3595 3593 3596
6 4377 4373 3592 3595 4374 4378
6 4377 4373 3590 3598 4375 4376
6 4378 4374 3593 3596 4375 4376
3 4379 3583 3581
3 4380 3586 3584
3 4381 3589 3587
3 4382 4383 4384
6 3589 3581 3583 3586 3584 3587
6 4383 4379 3583 3586 4380 4384
6 4383 4379 3581 3589 4381 4382
6 4384 4380 3584 3587 4381 4382
3 4385 3601 3599
3 4386 3604 3602
3 4387 3607 3605
3 4388 4389 4390
6 3602 3604 3601 3599 3607 3605
6 4389 4385 3601 3604 4386 4390
6 4389 4385 3599 3607 4387 4388
6 4390 4386 3602 3605 4387 4388
3 4391 3610 3608
3 4392 3613 3611
3 4393 3616 3614
3 4394 4395 4396
6 3611 3613 3610 3608 3616 3614
6 4395 4391 3610 3613 4392 4396
6 4395 4391 3608 3616 4393 4394
6 4396 4392 3611 3614 4393 4394
3 4164 4166 4284
3 4397 4398 4399
3 4400 4401 4402
3 4403 4404 4405
6 4399 4398 4166 4284 4401 4402
6 4404 4164 4166 4398 4397 4405
6 4400 4401 4284 4164 4404 4403
6 4405 4397 4399 4402 4400 4403
3 4176 4178 4295
3 4406 4407 4408
3 4409 4410 4411
3 4412 4413 4414
6 4408 4407 4178 4295 4410 4411
6 4413 4176 4178 4407 4406 4414
6 4409 4410 4295 4176 4413 4412
6 4414 4406 4408 4411 4409 4412
3 4188 4190 4306
3 4415 4416 4417
3 4418 4419 4420
3 4421 4422 4423
6 4417 4416 4190 4306 4419 4420
6 4422 4188 4190 4416 4415 4423
6 4418 4419 4306 4188 4422 4421
6 4423 4415 4417 4420 4418 4421
3 4200 4051 4049
3 4424 4425 4426
3 4427 4428 4429
3 4430 4431 4432
6 4426 4425 4051 4049 4428 4429
6 4431 4200 4051 4425 4424 4432
6 4427 4428 4049 4200 4431 4430
6 4427 4429 4426 4424 4432 4430
3 4326 4433 4434
3 4435 4436 4437
3 4438 4439 4440
3 4441 4442 4443
6 4439 4434 4433 4436 4437 4440
6 4442 4326 4433 4436 4435 4443
6 4438 4439 4434 4326 4442 4441
6 4443 4435 4437 4440 4438 4441
3 4338 4444 4445
3 4446 4447 4448
3 4449 4450 4451
3 4452 4453 4454
6 4450 4445 4444 4447 4448 4451
6 4453 4338 4444 4447 4446 4454
6 4449 4450 4445 4338 4453 4452
6 4454 4446 4448 4451 4449 4452
3 4350 4455 4456
3 4457 4458 4459
3 4460 4461 4462
3 4463 4464 4465
6 4461 4456 4455 4458 4459 4462
6 4464 4350 4455 4458 4457 4465
6 4460 4461 4456 4350 4464 4463
6 4460 4462 4459 4457 4465 4463
3 4362 4466 4211
3 4467 4468 4469
3 4470 4471 4472
3 4473 4474 4475
6 4471 4211 4466 4468 4469 4472
6 4474 4362 4466 4468 4467 4475
6 4470 4471 4211 4362 4474 4473
6 4470 4472 4469 4467 4475 4473
3 4476 4477 4478
3 4479 4480 4481
3 4482 4483 4484
3 4485 4486 4487
6 4483 4478 4477 4480 4481 4484
6 4486 4476 4477 4480 4479 4487
6 4486 4476 4478 4483 4482 4485
6 4487 4479 4481 4484 4482 4485
3 4488 3757 3755
3 4489 3760 3758
3 4490 3763 3761
3 4491 4492 4493
6 3763 3755 3757 3760 3758 3761
6 4492 4488 3757 3760 4489 4493
6 4492 4488 3755 3763 4490 4491
6 4493 4489 3758 3761 4490 4491
3 4494 4495 4496
3 4497 4498 4499
3 4500 4501 4502
3 4503 4504 4505
6 4501 4496 4495 4498 4499 4502
6 4504 4494 4495 4498 4497 4505
6 4504 4494 4496 4501 4500 4503
6 4500 4502 4499 4497 4505 4503
3 4506 4507 4508
3 4509 4510 4511
3 4512 4513 4514
3 4515 4516 4517
6 4513 4508 4507 4510 4511 4514
6 4516 4506 4507 4510 4509 4517
6 4516 4506 4508 4513 4512 4515
6 4512 4514 4511 4509 4517 4515
3 4518 3766 3764
3 4519 3769 3767
3 4520 3772 3770
3 4521 4522 4523
6 3772 3764 3766 3769 3767 3770
6 4522 4518 3766 3769 4519 4523
6 4522 4518 3764 3772 4520 4521
6 4523 4519 3767 3770 4520 4521
3 4524 3775 3773
3 4525 3778 3776
3 4526 3781 3779
3 4527 4528 4529
6 3781 3773 3775 3778 3776 3779
6 4528 4524 3775 3778 4525 4529
6 4528 4524 3773 3781 4526 4527
6 4529 4525 3776 3779 4526 4527
3 4530 3784 3782
3 4531 3787 3785
3 4532 3790 3788
3 4533 4534 4535
6 3785 3787 3784 3782 3790 3788
6 4534 4530 3784 3787 4531 4535
6 4534 4530 3782 3790 4532 4533
6 4535 4531 3785 3788 4532 4533
3 4326 4328 4434
3 4536 4537 4538
3 4539 4540 4541
3 4542 4543 4544
6 4538 4537 4328 4434 4540 4541
6 4543 4326 4328 4537 4536 4544
6 4539 4540 4434 4326 4543 4542
6 4544 4536 4538 4541 4539 4542
3 4338 4340 4445
3 4545 4546 4547
3 4548 4549 4550
3 4551 4552 4553
6 4547 4546 4340 4445 4549 4550
6 4552 4338 4340 4546 4545 4553
6 4548 4549 4445 4338 4552 4551
6 4553 4545 4547 4550 4548 4551
3 4350 4352 4456
3 4554 4555 4556
3 4557 4558 4559
3 4560 4561 4562
6 4556 4555 4352 4456 4558 4559
6 4561 4350 4352 4555 4554 4562
6 4557 4558 4456 4350 4561 4560
6 4562 4554 4556 4559 4557 4560
3 4362 4213 4211
3 4563 4564 4565
3 4566 4567 4568
3 4569 4570 4571
6 4565 4564 4213 4211 4567 4568
6 4570 4362 4213 4564 4563 4571
6 4566 4567 4211 4362 4570 4569
6 4566 4568 4565 4563 4571 4569
3 4476 4572 4573
3 4574 4575 4576
3 4577 4578 4579
3 4580 4581 4582
6 4578 4573 4572 4575 4576 4579
6 4581 4476 4572 4575 4574 4582
6 4577 4578 4573 4476 4581 4580
6 4582 4574 4576 4579 4577 4580
3 4583 4584 4585
3 4586 4587 4588
3 4589 4590 4591
3 4592 4593 4594
6 4590 4585 4584 4587 4588 4591
6 4593 4583 4584 4587 4586 4594
6 4589 4590 4585 4583 4593 4592
6 4594 4586 4588 4591 4589 4592
3 4494 4595 4596
3 4597 4598 4599
3 4600 4601 4602
3 4603 4604 4605
6 4601 4596 4595 4598 4599 4602
6 4604 4494 4595 4598 4597 4605
6 4600 4601 4596 4494 4604 4603
6 4600 4602 4599 4597 4605 4603
3 4506 4606 4607
3 4608 4609 4610
3 4611 4612 4613
3 4614 4615 4616
6 4612 4607 4606 4609 4610 4613
6 4615 4506 4606 4609 4608 4616
6 4611 4612 4607 4506 4615 4614
6 4611 4613 4610 4608 4616 4614
3 4617 3934 3932
3 4618 3937 3935
3 4619 3940 3938
3 4620 4621 4622
6 3940 3932 3934 3937 3935 3938
6 4621 4617 3934 3937 4618 4622
6 4621 4617 3932 3940 4619 4620
6 4622 4618 3935 3938 4619 4620
3 4623 4624 4625
3 4626 4627 4628
3 4629 4630 4631
3 4632 4633 4634
6 4630 4625 4624 4627 4628 4631
6 4633 4623 4624 4627 4626 4634
6 4633 4623 4625 4630 4629 4632
6 4634 4626 4628 4631 4629 4632
3 4635 3925 3923
3 4636 3928 3926
3 4637 3931 3929
3 4638 4639 4640
6 3931 3923 3925 3928 3926 3929
6 4639 4635 3925 3928 4636 4640
6 4639 4635 3923 3931 4637 4638
6 4640 4636 3926 3929 4637 4638
3 4641 4642 4643
3 4644 4645 4646
3 4647 4648 4649
3 4650 4651 4652
6 4648 4643 4642 4645 4646 4649
6 4651 4641 4642 4645 4644 4652
6 4651 4641 4643 4648 4647 4650
6 4647 4649 4646 4644 4652 4650
3 4653 3943 3941
3 4654 3946 3944
3 4655 3949 3947
3 4656 4657 4658
6 3949 3941 3943 3946 3944 3947
6 4657 4653 3943 3946 4654 4658
6 4657 4653 3941 3949 4655 4656
6 4658 4654 3944 3947 4655 4656
3 4659 3952 3950
3 4660 3955 3953
3 4661 3958 3956
3 4662 4663 4664
6 3953 3955 3952 3950 3958 3956
6 4663 4659 3952 3955 4660 4664
6 4663 4659 3950 3958 4661 4662
6 4664 4660 3953 3956 4661 4662
3 4476 4478 4573
3 4665 4666 4667
3 4668 4669 4670
3 4671 4672 4673
6 4667 4666 4478 4573 4669 4670
6 4672 4476 4478 4666 4665 4673
6 4668 4669 4573 4476 4672 4671
6 4673 4665 4667 4670 4668 4671
3 4583 4674 4585
3 4675 4676 4677
3 4678 4679 4680
3 4681 4682 4683
6 4677 4676 4674 4585 4679 4680
6 4682 4583 4674 4676 4675 4683
6 4678 4679 4585 4583 4682 4681
6 4683 4675 4677 4680 4678 4681
3 4494 4496 4596
3 4684 4685 4686
3 4687 4688 4689
3 4690 4691 4692
6 4686 4685 4496 4596 4688 4689
6 4691 4494 4496 4685 4684 4692
6 4687 4688 4596 4494 4691 4690
6 4692 4684 4686 4689 4687 4690
3 4506 4508 4607
3 4693 4694 4695
3 4696 4697 4698
3 4699 4700 4701
6 4695 4694 4508 4607 4697 4698
6 4700 4506 4508 4694 4693 4701
6 4696 4697 4607 4506 4700 4699
6 4701 4693 4695 4698 4696 4699
3 4702 4703 4704
3 4705 4706 4707
3 4708 4709 4710
3 4711 4712 4713
6 4709 4704 4703 4706 4707 4710
6 4712 4702 4703 4706 4705 4713
6 4708 4709 4704 4702 4712 4711
6 4713 4705 4707 4710 4708 4711
3 4623 4714 4715
3 4716 4717 4718
3 4719 4720 4721
3 4722 4723 4724
6 4720 4715 4714 4717 4718 4721
6 4723 4623 4714 4717 4716 4724
6 4719 4720 4715 4623 4723 4722
6 4724 4716 4718 4721 4719 4722
3 4725 4726 4727
3 4728 4729 4730
3 4731 4732 4733
3 4734 4735 4736
6 4732 4727 4726 4729 4730 4733
6 4735 4725 4726 4729 4728 4736
6 4731 4732 4727 4725 4735 4734
6 4731 4733 4730 4728 4736 4734
3 4641 4737 4738
3 4739 4740 4741
3 4742 4743 4744
3 4745 4746 4747
6 4743 4738 4737 4740 4741 4744
6 4746 4641 4737 4740 4739 4747
6 4742 4743 4738 4641 4746 4745
6 4742 4744 4741 4739 4747 4745
3 4748 4096 4094
3 4749 4099 4097
3 4750 4102 4100
3 4751 4752 4753
6 4102 4094 4096 4099 4097 4100
6 4752 4748 4096 4099 4749 4753
6 4752 4748 4094 4102 4750 4751
6 4753 4749 4097 4100 4750 4751
3 4754 4755 4756
3 4757 4758 4759
3 4760 4761 4762
3 4763 4764 4765
6 4761 4756 4755 4758 4759 4762
6 4764 4754 4755 4758 4757 4765
6 4764 4754 4756 4761 4760 4763
6 4760 4762 4759 4757 4765 4763
3 4766 4087 4085
3 4767 4090 4088
3 4768 4093 4091
3 4769 4770 4771
6 4093 4085 4087 4090 4088 4091
6 4770 4766 4087 4090 4767 4771
6 4770 4766 4085 4093 4768 4769
6 4771 4767 4088 4091 4768 4769
3 4772 4105 4103
3 4773 4108 4106
3 4774 4111 4109
3 4775 4776 4777
6 4111 4103 4105 4108 4106 4109
6 4776 4772 4105 4108 4773 4777
6 4776 4772 4103 4111 4774 4775
6 4777 4773 4106 4109 4774 4775
3 4778 4114 4112
3 4779 4117 4115
3 4780 4120 4118
3 4781 4782 4783
6 4115 4117 4114 4112 4120 4118
6 4782 4778 4114 4117 4779 4783
6 4782 4778 4112 4120 4780 4781
6 4783 4779 4115 4118 4780 4781
3 4702 4784 4704
3 4785 4786 4787
3 4788 4789 4790
3 4791 4792 4793
6 4787 4786 4784 4704 4789 4790
6 4792 4702 4784 4786 4785 4793
6 4788 4789 4704 4702 4792 4791
6 4793 4785 4787 4790 4788 4791
3 4623 4625 4715
3 4794 4795 4796
3 4797 4798 4799
3 4800 4801 4802
6 4796 4795 4625 4715 4798 4799
6 4801 4623 4625 4795 4794 4802
6 4797 4798 4715 4623 4801 4800
6 4802 4794 4796 4799 4797 4800
3 4725 4803 4727
3 4804 4805 4806
3 4807 4808 4809
3 4810 4811 4812
6 4806 4805 4803 4727 4808 4809
6 4811 4725 4803 4805 4804 4812
6 4807 4808 4727 4725 4811 4810
6 4812 4804 4806 4809 4807 4810
3 4641 4643 4738
3 4813 4814 4815
3 4816 4817 4818
3 4819 4820 4821
6 4815 4814 4643 4738 4817 4818
6 4820 4641 4643 4814 4813 4821
6 4816 4817 4738 4641 4820 4819
6 4821 4813 4815 4818 4816 4819
3 4822 4823 4824
3 4825 4826 4827
3 4828 4829 4830
3 4831 4832 4833
6 4829 4824 4823 4826 4827 4830
6 4832 4822 4823 4826 4825 4833
6 4828 4829 4824 4822 4832 4831
6 4833 4825 4827 4830 4828 4831
3 4754 4834 4835
3 4836 4837 4838
3 4839 4840 4841
3 4842 4843 4844
6 4840 4835 4834 4837 4838 4841
6 4843 4754 4834 4837 4836 4844
6 4839 4840 4835 4754 4843 4842
6 4839 4841 4838 4836 4844 4842
3 4845 4846 4847
3 4848 4849 4850
3 4851 4852 4853
3 4854 4855 4856
6 4852 4847 4846 4849 4850 4853
6 4855 4845 4846 4849 4848 4856
6 4851 4852 4847 4845 4855 4854
6 4851 4853 4850 4848 4856 4854
3 4857 4858 4859
3 4860 4861 4862
3 4863 4864 4865
3 4866 4867 4868
6 4864 4859 4858 4861 4862 4865
6 4867 4857 4858 4861 4860 4868
6 4863 4864 4859 4857 4867 4866
6 4863 4865 4862 4860 4868 4866
3 4869 4258 4256
3 4870 4261 4259
3 4871 4264 4262
3 4872 4873 4874
6 4264 4256 4258 4261 4259 4262
6 4873 4869 4258 4261 4870 4874
6 4873 4869 4256 4264 4871 4872
6 4874 4870 4259 4262 4871 4872
3 4875 4249 4247
3 4876 4252 4250
3 4877 4255 4253
3 4878 4879 4880
6 4255 4247 4249 4252 4250 4253
6 4879 4875 4249 4252 4876 4880
6 4879 4875 4247 4255 4877 4878
6 4880 4876 4250 4253 4877 4878
3 4881 4267 4265
3 4882 4270 4268
3 4883 4273 4271
3 4884 4885 4886
6 4273 4265 4267 4270 4268 4271
6 4885 4881 4267 4270 4882 4886
6 4885 4881 4265 4273 4883 4884
6 4886 4882 4268 4271 4883 4884
3 4887 4276 4274
3 4888 4279 4277
3 4889 4282 4280
3 4890 4891 4892
6 4277 4279 4276 4274 4282 4280
6 4891 4887 4276 4279 4888 4892
6 4891 4887 4274 4282 4889 4890
6 4892 4888 4277 4280 4889 4890
3 4822 4893 4824
3 4894 4895 4896
3 4897 4898 4899
3 4900 4901 4902
6 4896 4895 4893 4824 4898 4899
6 4901 4822 4893 4895 4894 4902
6 4897 4898 4824 4822 4901 4900
6 4902 4894 4896 4899 4897 4900
3 4754 4756 4835
3 4903 4904 4905
3 4906 4907 4908
3 4909 4910 4911
6 4905 4904 4756 4835 4907 4908
6 4910 4754 4756 4904 4903 4911
6 4906 4907 4835 4754 4910 4909
6 4911 4903 4905 4908 4906 4909
3 4845 4912 4847
3 4913 4914 4915
3 4916 4917 4918
3 4919 4920 4921
6 4915 4914 4912 4847 4917 4918
6 4920 4845 4912 4914 4913 4921
6 4916 4917 4847 4845 4920 4919
6 4916 4918 4915 4913 4921 4919
3 4857 4922 4859
3 4923 4924 4925
3 4926 4927 4928
3 4929 4930 4931
6 4925 4924 4922 4859 4927 4928
6 4930 4857 4922 4924 4923 4931
6 4926 4927 4859 4857 4930 4929
6 4931 4923 4925 4928 4926 4929
3 4932 4933 4934
3 4935 4936 4937
3 4938 4939 4940
3 4941 4942 4943
6 4939 4934 4933 4936 4937 4940
6 4942 4932 4933 4936 4935 4943
6 4938 4939 4934 4932 4942 4941
6 4943 4935 4937 4940 4938 4941
3 4944 4945 4946
3 4947 4948 4949
3 4950 4951 4952
3 4953 4954 4955
6 4951 4946 4945 4948 4949 4952
6 4954 4944 4945 4948 4947 4955
6 4950 4951 4946 4944 4954 4953
6 4950 4952 4949 4947 4955 4953
3 4956 4957 4958
3 4959 4960 4961
3 4962 4963 4964
3 4965 4966 4967
6 4963 4958 4957 4960 4961 4964
6 4966 4956 4957 4960 4959 4967
6 4962 4963 4958 4956 4966 4965
6 4962 4964 4961 4959 4967 4965
3 4968 4408 4406
3 4969 4411 4409
3 4970 4414 4412
3 4971 4972 4973
6 4414 4406 4408 4411 4409 4412
6 4972 4968 4408 4411 4969 4973
6 4972 4968 4406 4414 4970 4971
6 4973 4969 4409 4412 4970 4971
3 4974 4399 4397
3 4975 4402 4400
3 4976 4405 4403
3 4977 4978 4979
6 4405 4397 4399 4402 4400 4403
6 4978 4974 4399 4402 4975 4979
6 4978 4974 4397 4405 4976 4977
6 4979 4975 4400 4403 4976 4977
3 4980 4417 4415
3 4981 4420 4418
3 4982 4423 4421
3 4983 4984 4985
6 4423 4415 4417 4420 4418 4421
6 4984 4980 4417 4420 4981 4985
6 4984 4980 4415 4423 4982 4983
6 4985 4981 4418 4421 4982 4983
3 4986 4426 4424
3 4987 4429 4427
3 4988 4432 4430
3 4989 4990 4991
6 4427 4429 4426 4424 4432 4430
6 4990 4986 4426 4429 4987 4991
6 4990 4986 4424 4432 4988 4989
6 4991 4987 4427 4430 4988 4989
3 4932 4992 4934
3 4993 4994 4995
3 4996 4997 4998
3 4999 5000 5001
6 4995 4994 4992 4934 4997 4998
6 5000 4932 4992 4994 4993 5001
6 4996 4997 4934 4932 5000 4999
6 5001 4993 4995 4998 4996 4999
3 4944 5002 4946
3 5003 5004 5005
3 5006 5007 5008
3 5009 5010 5011
6 5005 5004 5002 4946 5007 5008
6 5010 4944 5002 5004 5003 5011
6 5006 5007 4946 4944 5010 5009
6 5011 5003 5005 5008 5006 5009
3 4956 5012 4958
3 5013 5014 5015
3 5016 5017 5018
3 5019 5020 5021
6 5015 5014 5012 4958 5017 5018
6 5020 4956 5012 5014 5013 5021
6 5016 5017 4958 4956 5020 5019
6 5016 5018 5015 5013 5021 5019
3 5022 5023 5024
3 5025 5026 5027
3 5028 5029 5030
3 5031 5032 5033
6 5029 5024 5023 5026 5027 5030
6 5032 5022 5023 5026 5025 5033
6 5028 5029 5024 5022 5032 5031
6 5033 5025 5027 5030 5028 5031
3 5034 5035 5036
3 5037 5038 5039
3 5040 5041 5042
3 5043 5044 5045
6 5041 5036 5035 5038 5039 5042
6 5044 5034 5035 5038 5037 5045
6 5040 5041 5036 5034 5044 5043
6 5040 5042 5039 5037 5045 5043
3 5046 5047 5048
3 5049 5050 5051
3 5052 5053 5054
3 5055 5056 5057
6 5053 5048 5047 5050 5051 5054
6 5056 5046 5047 5050 5049 5057
6 5052 5053 5048 5046 5056 5055
6 5052 5054 5051 5049 5057 5055
3 5058 4547 4545
3 5059 4550 4548
3 5060 4553 4551
3 5061 5062 5063
6 4553 4545 4547 4550 4548 4551
6 5062 5058 4547 4550 5059 5063
6 5062 5058 4545 4553 5060 5061
6 5063 5059 4548 4551 5060 5061
3 5064 4538 4536
3 5065 4541 4539
3 5066 4544 4542
3 5067 5068 5069
6 4544 4536 4538 4541 4539 4542
6 5068 5064 4538 4541 5065 5069
6 5068 5064 4536 4544 5066 5067
6 5069 5065 4539 4542 5066 5067
3 5070 4556 4554
3 5071 4559 4557
3 5072 4562 4560
3 5073 5074 5075
6 4562 4554 4556 4559 4557 4560
6 5074 5070 4556 4559 5071 5075
6 5074 5070 4554 4562 5072 5073
6 5075 5071 4557 4560 5072 5073
3 5076 4565 4563
3 5077 4568 4566
3 5078 4571 4569
3 5079 5080 5081
6 4566 4568 4565 4563 4571 4569
6 5080 5076 4565 4568 5077 5081
6 5080 5076 4563 4571 5078 5079
6 5081 5077 4566 4569 5078 5079
3 5022 5082 5024
3 5083 5084 5085
3 5086 5087 5088
3 5089 5090 5091
6 5085 5084 5082 5024 5087 5088
6 5090 5022 5082 5084 5083 5091
6 5086 5087 5024 5022 5090 5089
6 5091 5083 5085 5088 5086 5089
3 5034 5092 5036
3 5093 5094 5095
3 5096 5097 5098
3 5099 5100 5101
6 5095 5094 5092 5036 5097 5098
6 5100 5034 5092 5094 5093 5101
6 5096 5097 5036 5034 5100 5099
6 5101 5093 5095 5098 5096 5099
3 5046 5102 5048
3 5103 5104 5105
3 5106 5107 5108
3 5109 5110 5111
6 5105 5104 5102 5048 5107 5108
6 5110 5046 5102 5104 5103 5111
6 5106 5107 5048 5046 5110 5109
6 5106 5108 5105 5103 5111 5109
3 5112 5113 5114
3 5115 5116 5117
3 5118 5119 5120
3 5121 5122 5123
6 5119 5114 5113 5116 5117 5120
6 5122 5112 5113 5116 5115 5123
6 5118 5119 5114 5112 5122 5121
6 5123 5115 5117 5120 5118 5121
3 5124 5125 5126
3 5127 5128 5129
3 5130 5131 5132
3 5133 5134 5135
6 5131 5126 5125 5128 5129 5132
6 5134 5124 5125 5128 5127 5135
6 5130 5131 5126 5124 5134 5133
6 5130 5132 5129 5127 5135 5133
3 5136 5137 5138
3 5139 5140 5141
3 5142 5143 5144
3 5145 5146 5147
6 5143 5138 5137 5140 5141 5144
6 5146 5136 5137 5140 5139 5147
6 5142 5143 5138 5136 5146 5145
6 5142 5144 5141 5139 5147 5145
3 5148 4686 4684
3 5149 4689 4687
3 5150 4692 4690
3 5151 5152 5153
6 4692 4684 4686 4689 4687 4690
6 5152 5148 4686 4689 5149 5153
6 5152 5148 4684 4692 5150 5151
6 5153 5149 4687 4690 5150 5151
3 5154 4667 4665
3 5155 4670 4668
3 5156 4673 4671
3 5157 5158 5159
6 4673 4665 4667 4670 4668 4671
6 5158 5154 4667 4670 5155 5159
6 5158 5154 4665 4673 5156 5157
6 5159 5155 4668 4671 5156 5157
3 5160 4695 4693
3 5161 4698 4696
3 5162 4701 4699
3 5163 5164 5165
6 4701 4693 4695 4698 4696 4699
6 5164 5160 4695 4698 5161 5165
6 5164 5160 4693 4701 5162 5163
6 5165 5161 4696 4699 5162 5163
3 5112 5166 5114
3 5167 5168 5169
3 5170 5171 5172
3 5173 5174 5175
6 5169 5168 5166 5114 5171 5172
6 5174 5112 5166 5168 5167 5175
6 5170 5171 5114 5112 5174 5173
6 5175 5167 5169 5172 5170 5173
3 5124 5176 5126
3 5177 5178 5179
3 5180 5181 5182
3 5183 5184 5185
6 5179 5178 5176 5126 5181 5182
6 5184 5124 5176 5178 5177 5185
6 5180 5181 5126 5124 5184 5183
6 5185 5177 5179 5182 5180 5183
3 5136 5186 5138
3 5187 5188 5189
3 5190 5191 5192
3 5193 5194 5195
6 5189 5188 5186 5138 5191 5192
6 5194 5136 5186 5188 5187 5195
6 5190 5191 5138 5136 5194 5193
6 5190 5192 5189 5187 5195 5193
3 5196 5197 5198
3 5199 5200 5201
3 5202 5203 5204
3 5205 5206 5207
6 5203 5198 5197 5200 5201 5204
6 5206 5196 5197 5200 5199 5207
6 5202 5203 5198 5196 5206 5205
6 5207 5199 5201 5204 5202 5205
3 5208 5209 5210
3 5211 5212 5213
3 5214 5215 5216
3 5217 5218 5219
6 5215 5210 5209 5212 5213 5216
6 5218 5208 5209 5212 5211 5219
6 5214 5215 5210 5208 5218 5217
6 5219 5211 5213 5216 5214 5217
3 5220 5221 5222
3 5223 5224 5225
3 5226 5227 5228
3 5229 5230 5231
6 5227 5222 5221 5224 5225 5228
6 5230 5220 5221 5224 5223 5231
6 5226 5227 5222 5220 5230 5229
6 5226 5228 5225 5223 5231 5229
3 5232 4815 4813
3 5233 4818 4816
3 5234 4821 4819
3 5235 5236 5237
6 4821 4813 4815 4818 4816 4819
6 5236 5232 4815 4818 5233 5237
6 5236 5232 4813 4821 5234 5235
6 5237 5233 4816 4819 5234 5235
3 5238 4796 4794
3 5239 4799 4797
3 5240 4802 4800
3 5241 5242 5243
6 4802 4794 4796 4799 4797 4800
6 5242 5238 4796 4799 5239 5243
6 5242 5238 4794 4802 5240 5241
6 5243 5239 4797 4800 5240 5241
3 5196 5244 5198
3 5245 5246 5247
3 5248 5249 5250
3 5251 5252 5253
6 5247 5246 5244 5198 5249 5250
6 5252 5196 5244 5246 5245 5253
6 5248 5249 5198 5196 5252 5251
6 5253 5245 5247 5250 5248 5251
3 5208 5254 5210
3 5255 5256 5257
3 5258 5259 5260
3 5261 5262 5263
6 5257 5256 5254 5210 5259 5260
6 5262 5208 5254 5256 5255 5263
6 5258 5259 5210 5208 5262 5261
6 5263 5255 5257 5260 5258 5261
3 5220 5264 5222
3 5265 5266 5267
3 5268 5269 5270
3 5271 5272 5273
6 5267 5266 5264 5222 5269 5270
6 5272 5220 5264 5266 5265 5273
6 5268 5269 5222 5220 5272 5271
6 5268 5270 5267 5265 5273 5271
3 5274 5275 5276
3 5277 5278 5279
3 5280 5281 5282
3 5283 5284 5285
6 5281 5276 5275 5278 5279 5282
6 5284 5274 5275 5278 5277 5285
6 5280 5281 5276 5274 5284 5283
6 5285 5277 5279 5282 5280 5283
3 5286 5287 5288
3 5289 5290 5291
3 5292 5293 5294
3 5295 5296 5297
6 5293 5288 5287 5290 5291 5294
6 5296 5286 5287 5290 5289 5297
6 5292 5293 5288 5286 5296 5295
6 5297 5289 5291 5294 5292 5295
3 5298 5299 5300
3 5301 5302 5303
3 5304 5305 5306
3 5307 5308 5309
6 5305 5300 5299 5302 5303 5306
6 5308 5298 5299 5302 5301 5309
6 5304 5305 5300 5298 5308 5307
6 5304 5306 5303 5301 5309 5307
3 5310 4905 4903
3 5311 4908 4906
3 5312 4911 4909
3 5313 5314 5315
6 4911 4903 4905 4908 4906 4909
6 5314 5310 4905 4908 5311 5315
6 5314 5310 4903 4911 5312 5313
6 5315 5311 4906 4909 5312 5313
3 5274 5316 5276
3 5317 5318 5319
3 5320 5321 5322
3 5323 5324 5325
6 5319 5318 5316 5276 5321 5322
6 5324 5274 5316 5318 5317 5325
6 5320 5321 5276 5274 5324 5323
6 5325 5317 5319 5322 5320 5323
3 5286 5326 5288
3 5327 5328 5329
3 5330 5331 5332
3 5333 5334 5335
6 5329 5328 5326 5288 5331 5332
6 5334 5286 5326 5328 5327 5335
6 5330 5331 5288 5286 5334 5333
6 5335 5327 5329 5332 5330 5333
3 5298 5336 5300
3 5337 5338 5339
3 5340 5341 5342
3 5343 5344 5345
6 5339 5338 5336 5300 5341 5342
6 5344 5298 5336 5338 5337 5345
6 5340 5341 5300 5298 5344 5343
6 5340 5342 5339 5337 5345 5343
3 5346 5347 5348
3 5349 5350 5351
3 5352 5353 5354
3 5355 5356 5357
6 5353 5348 5347 5350 5351 5354
6 5356 5346 5347 5350 5349 5357
6 5352 5353 5348 5346 5356 5355
6 5357 5349 5351 5354 5352 5355
3 5358 5359 5360
3 5361 5362 5363
3 5364 5365 5366
3 5367 5368 5369
6 5365 5360 5359 5362 5363 5366
6 5368 5358 5359 5362 5361 5369
6 5364 5365 5360 5358 5368 5367
6 5369 5361 5363 5366 5364 5367
3 5370 5371 5372
3 5373 5374 5375
3 5376 5377 5378
3 5379 5380 5381
6 5377 5372 5371 5374 5375 5378
6 5380 5370 5371 5374 5373 5381
6 5376 5377 5372 5370 5380 5379
6 5376 5378 5375 5373 5381 5379
3 5346 5382 5348
3 5383 5384 5385
3 5386 5387 5388
3 5389 5390 5391
6 5385 5384 5382 5348 5387 5388
6 5390 5346 5382 5384 5383 5391
6 5386 5387 5348 5346 5390 5389
6 5391 5383 5385 5388 5386 5389
3 5358 5392 5360
3 5393 5394 5395
3 5396 5397 5398
3 5399 5400 5401
6 5395 5394 5392 5360 5397 5398
6 5400 5358 5392 5394 5393 5401
6 5396 5397 5360 5358 5400 5399
6 5396 5398 5395 5393 5401 5399
3 5370 5402 5372
3 5403 5404 5405
3 5406 5407 5408
3 5409 5410 5411
6 5405 5404 5402 5372 5407 5408
6 5410 5370 5402 5404 5403 5411
6 5406 5407 5372 5370 5410 5409
6 5406 5408 5405 5403 5411 5409
3 5412 5413 5414
3 5415 5416 5417
3 5418 5419 5420
3 5421 5422 5423
6 5419 5414 5413 5416 5417 5420
6 5422 5412 5413 5416 5415 5423
6 5418 5419 5414 5412 5422 5421
6 5423 5415 5417 5420 5418 5421
3 5424 5425 5426
3 5427 5428 5429
3 5430 5431 5432
3 5433 5434 5435
6 5431 5426 5425 5428 5429 5432
6 5434 5424 5425 5428 5427 5435
6 5430 5431 5426 5424 5434 5433
6 5435 5427 5429 5432 5430 5433
3 5412 5436 5414
3 5437 5438 5439
3 5440 5441 5442
3 5443 5444 5445
6 5439 5438 5436 5414 5441 5442
6 5444 5412 5436 5438 5437 5445
6 5440 5441 5414 5412 5444 5443
6 5445 5437 5439 5442 5440 5443
3 5424 5446 5426
3 5447 5448 5449
3 5450 5451 5452
3 5453 5454 5455
6 5449 5448 5446 5426 5451 5452
6 5454 5424 5446 5448 5447 5455
6 5450 5451 5426 5424 5454 5453
6 5450 5452 5449 5447 5455 5453
3 5456 5457 5458
3 5459 5460 5461
3 5462 5463 5464
3 5465 5466 5467
6 5463 5458 5457 5460 5461 5464
6 5466 5456 5457 5460 5459 5467
6 5462 5463 5458 5456 5466 5465
6 5467 5459 5461 5464 5462 5465
3 5468 5469 5470
3 5471 5472 5473
3 5474 5475 5476
3 5477 5478 5479
6 5475 5470 5469 5472 5473 5476
6 5478 5468 5469 5472 5471 5479
6 5474 5475 5470 5468 5478 5477
6 5474 5476 5473 5471 5479 5477
3 5456 5480 5458
3 5481 5482 5483
3 5484 5485 5486
3 5487 5488 5489
6 5483 5482 5480 5458 5485 5486
6 5488 5456 5480 5482 5481 5489
6 5484 5485 5458 5456 5488 5487
6 5489 5481 5483 5486 5484 5487
3 5468 5490 5470
3 5491 5492 5493
3 5494 5495 5496
3 5497 5498 5499
6 5493 5492 5490 5470 5495 5496
6 5498 5468 5490 5492 5491 5499
6 5494 5495 5470 5468 5498 5497
6 5494 5496 5493 5491 5499 5497
3 5500 5501 5502
3 5503 5504 5505
3 5506 5507 5508
3 5509 5510 5511
6 5507 5502 5501 5504 5505 5508
6 5510 5500 5501 5504 5503 5511
6 5506 5507 5502 5500 5510 5509
6 5506 5508 5505 5503 5511 5509
3 5500 5512 5502
3 5513 5514 5515
3 5516 5517 5518
3 5519 5520 5521
6 5515 5514 5512 5502 5517 5518
6 5520 5500 5512 5514 5513 5521
6 5516 5517 5502 5500 5520 5519
6 5521 5513 5515 5518 5516 5519
3 5522 5523 5524
3 5525 5526 5527
3 5528 5529 5530
3 5531 5532 5533
6 5527 5526 5523 5524 5529 5530
6 5532 5522 5523 5526 5525 5533
6 5528 5529 5524 5522 5532 5531
6 5528 5530 5527 5525 5533 5531
3 5534 5535 5536
3 5537 5538 5539
3 5540 5541 5542
3 5543 5544 5545
6 5541 5536 5535 5538 5539 5542
6 5544 5534 5535 5538 5537 5545
6 5540 5541 5536 5534 5544 5543
6 5540 5542 5539 5537 5545 5543
3 5546 5547 5548
3 5549 5550 5551
3 5552 5553 5554
3 5555 5556 5557
6 5551 5550 5547 5548 5553 5554
6 5556 5546 5547 5550 5549 5557
6 5552 5553 5548 5546 5556 5555
6 5557 5549 5551 5554 5552 5555
3 5534 5558 5536
3 5559 5560 5561
3 5562 5563 5564
3 5565 5566 5567
6 5561 5560 5558 5536 5563 5564
6 5566 5534 5558 5560 5559 5567
6 5562 5563 5536 5534 5566 5565
6 5562 5564 5561 5559 5567 5565
3 5568 5569 5570
3 5571 5572 5573
3 5574 5575 5576
3 5577 5578 5579
6 5573 5572 5569 5570 5575 5576
6 5578 5568 5569 5572 5571 5579
6 5574 5575 5570 5568 5578 5577
6 5574 5576 5573 5571 5579 5577
3 5580 5581 5582
3 5583 5584 5585
3 5586 5587 5588
3 5589 5590 5591
6 5585 5584 5581 5582 5587 5588
6 5590 5580 5581 5584 5583 5591
6 5586 5587 5582 5580 5590 5589
6 5586 5588 5585 5583 5591 5589
3 5592 5593 5594
3 5595 5596 5597
3 5598 5599 5600
3 5601 5602 5603
6 5597 5596 5593 5594 5599 5600
6 5602 5592 5593 5596 5595 5603
6 5598 5599 5594 5592 5602 5601
6 5598 5600 5597 5595 5603 5601
3 0 1 2
3 85 1 2
3 119 1 0
3 86 1 85
3 174 2 0
3 86 1 119
3 102 2 85
3 102 2 174
3 147 0 119
3 147 0 174
3 84 85 86
3 84 85 102
3 118 119 86
3 118 119 147
3 173 174 102
3 118 86 84
3 173 174 147
3 173 102 84
3 173 147 118
3 173 84 118
3 3 4 5
3 130 4 5
3 185 4 3
3 131 4 130
3 246 5 3
3 131 4 185
3 157 5 130
3 157 5 246
3 225 3 185
3 225 3 246
3 129 130 131
3 129 130 157
3 184 185 131
3 184 185 225
3 245 246 157
3 184 131 129
3 245 246 225
3 245 157 129
3 245 225 184
3 245 129 184
3 6 7 8
3 196 7 8
3 257 7 6
3 197 7 196
3 327 8 6
3 197 7 257
3 235 8 196
3 235 8 327
3 306 6 257
3 306 6 327
3 195 196 197
3 195 196 235
3 256 257 197
3 256 257 306
3 326 327 235
3 256 197 195
3 326 327 306
3 326 235 195
3 326 306 256
3 326 195 256
3 9 10 11
3 268 10 11
3 338 10 9
3 269 10 268
3 417 11 9
3 269 10 338
3 316 11 268
3 316 11 417
3 396 9 338
3 396 9 417
3 267 268 269
3 267 268 316
3 337 338 269
3 337 338 396
3 416 417 316
3 337 269 267
3 416 417 396
3 416 316 267
3 416 396 337
3 416 267 337
3 15 16 17
3 349 16 17
3 428 16 15
3 350 16 349
3 516 17 15
3 350 16 428
3 406 17 349
3 406 17 516
3 495 15 428
3 495 15 516
3 348 349 350
3 348 349 406
3 427 428 350
3 427 428 495
3 515 516 406
3 427 350 348
3 515 516 495
3 515 406 348
3 515 495 427
3 515 348 427
3 21 22 23
3 439 22 23
3 527 22 21
3 440 22 439
3 615 23 21
3 440 22 527
3 505 23 439
3 505 23 615
3 594 21 527
3 594 21 615
3 438 439 440
3 438 439 505
3 526 527 440
3 526 527 594
3 614 615 505
3 526 440 438
3 614 615 594
3 614 505 438
3 614 594 526
3 614 438 526
3 27 28 29
3 5604 28 29
3 700 28 27
3 792 28 5604
3 813 29 27
3 792 28 700
3 901 29 5604
3 901 29 813
3 701 27 700
3 701 27 813
3 793 5604 792
3 793 5604 901
3 699 700 792
3 699 700 701
3 812 813 901
3 699 792 793
3 812 813 701
3 812 901 793
3 812 701 699
3 812 793 699
3 33 34 35
3 538 34 35
3 632 34 33
3 539 34 538
3 738 35 33
3 539 34 632
3 604 35 538
3 604 35 738
3 711 33 632
3 711 33 738
3 537 538 539
3 537 538 604
3 631 632 539
3 631 632 711
3 737 738 604
3 631 539 537
3 737 738 711
3 737 604 537
3 737 711 631
3 737 537 631
3 45 46 47
3 5605 46 47
3 833 46 45
3 920 46 5605
3 941 47 45
3 920 46 833
3 1035 47 5605
3 1035 47 941
3 834 45 833
3 834 45 941
3 921 5605 920
3 921 5605 1035
3 832 833 920
3 832 833 834
3 940 941 1035
3 832 920 921
3 940 941 834
3 940 1035 921
3 940 834 832
3 940 921 832
3 51 52 53
3 643 52 53
3 755 52 51
3 644 52 643
3 861 53 51
3 644 52 755
3 721 53 643
3 721 53 861
3 844 51 755
3 844 51 861
3 642 643 644
3 642 643 721
3 754 755 644
3 754 755 844
3 860 861 721
3 754 644 642
3 860 861 844
3 860 721 642
3 860 844 754
3 860 642 754
3 63 64 65
3 5606 64 65
3 961 64 63
3 1054 64 5606
3 1077 65 63
3 1054 64 961
3 1182 65 5606
3 1182 65 1077
3 962 63 961
3 962 63 1077
3 1055 5606 1054
3 1055 5606 1182
3 960 961 1054
3 960 961 962
3 1076 1077 1182
3 960 1054 1055
3 1076 1077 962
3 1076 1182 1055
3 1076 962 960
3 1076 1055 960
3 69 70 71
3 5607 70 71
3 973 70 69
3 1065 70 5607
3 1088 71 69
3 1065 70 973
3 1192 71 5607
3 1192 71 1088
3 974 69 973
3 974 69 1088
3 1066 5607 1065
3 1066 5607 1192
3 972 973 1065
3 972 973 974
3 1087 1088 1192
3 972 1065 1066
3 1087 1088 974
3 1087 1192 1066
3 1087 974 972
3 1087 1066 972
3 93 94 95
3 5608 94 95
3 1099 94 93
3 1202 94 5608
3 1225 95 93
3 1202 94 1099
3 1330 95 5608
3 1330 95 1225
3 1100 93 1099
3 1100 93 1225
3 1203 5608 1202
3 1203 5608 1330
3 1098 1099 1202
3 1098 1099 1100
3 1224 1225 1330
3 1098 1202 1203
3 1224 1225 1100
3 1224 1330 1203
3 1224 1100 1098
3 1224 1203 1098
3 99 100 101
3 5609 100 101
3 1111 100 99
3 1213 100 5609
3 1236 101 99
3 1213 100 1111
3 1340 101 5609
3 1340 101 1236
3 1112 99 1111
3 1112 99 1236
3 1214 5609 1213
3 1214 5609 1340
3 1110 1111 1213
3 1110 1111 1112
3 1235 1236 1340
3 1110 1213 1214
3 1235 1236 1112
3 1235 1340 1214
3 1235 1112 1110
3 1235 1214 1110
3 126 127 128
3 5610 127 128
3 5611 127 126
3 1351 127 5610
3 1385 128 126
3 1351 127 5611
3 1490 128 5610
3 1490 128 1385
3 1386 126 5611
3 1386 126 1385
3 1352 5610 1351
3 1352 5610 1490
3 1350 5611 1351
3 1350 5611 1386
3 1384 1385 1490
3 1350 1351 1352
3 1384 1385 1386
3 1384 1490 1352
3 1384 1386 1350
3 1384 1352 1350
3 138 139 140
3 5612 139 140
3 1247 139 138
3 1362 139 5612
3 1397 140 138
3 1362 139 1247
3 1500 140 5612
3 1500 140 1397
3 1248 138 1247
3 1248 138 1397
3 1363 5612 1362
3 1363 5612 1500
3 1246 1247 1362
3 1246 1247 1248
3 1396 1397 1500
3 1246 1362 1363
3 1396 1397 1248
3 1396 1500 1363
3 1396 1248 1246
3 1396 1363 1246
3 144 145 146
3 5613 145 146
3 1259 145 144
3 1373 145 5613
3 1408 146 144
3 1373 145 1259
3 1510 146 5613
3 1510 146 1408
3 1260 144 1259
3 1260 144 1408
3 1374 5613 1373
3 1374 5613 1510
3 1258 1259 1373
3 1258 1259 1260
3 1407 1408 1510
3 1258 1373 1374
3 1407 1408 1260
3 1407 1510 1374
3 1407 1260 1258
3 1407 1374 1258
3 181 182 183
3 5614 182 183
3 5615 182 181
3 5616 182 5614
3 1544 183 181
3 5616 182 5615
3 1659 183 5614
3 1659 183 1544
3 1545 181 5615
3 1545 181 1544
3 1660 5614 5616
3 1660 5614 1659
3 1811 5615 5616
3 1811 5615 1545
3 1543 1544 1659
3 1811 5616 1660
3 1543 1544 1545
3 1543 1659 1660
3 1543 1545 1811
3 1543 1660 1811
3 192 193 194
3 5617 193 194
3 5618 193 192
3 1521 193 5617
3 1556 194 192
3 1521 193 5618
3 1670 194 5617
3 1670 194 1556
3 1557 192 5618
3 1557 192 1556
3 1522 5617 1521
3 1522 5617 1670
3 1520 5618 1521
3 1520 5618 1557
3 1555 1556 1670
3 1520 1521 1522
3 1555 1556 1557
3 1555 1670 1522
3 1555 1557 1520
3 1555 1522 1520
3 204 205 206
3 5619 205 206
3 1419 205 204
3 1532 205 5619
3 1568 206 204
3 1532 205 1419
3 1680 206 5619
3 1680 206 1568
3 1420 204 1419
3 1420 204 1568
3 1533 5619 1532
3 1533 5619 1680
3 1418 1419 1532
3 1418 1419 1420
3 1567 1568 1680
3 1418 1532 1533
3 1567 1568 1420
3 1567 1680 1533
3 1567 1420 1418
3 1567 1533 1418
3 253 254 255
3 5620 254 255
3 5621 254 253
3 5622 254 5620
3 1714 255 253
3 5622 254 5621
3 1839 255 5620
3 1839 255 1714
3 1715 253 5621
3 1715 253 1714
3 1840 5620 5622
3 1840 5620 1839
3 1991 5621 5622
3 1991 5621 1715
3 1713 1714 1839
3 1991 5622 1840
3 1713 1714 1715
3 1713 1839 1840
3 1713 1715 1991
3 1713 1840 1991
3 264 265 266
3 5623 265 266
3 5624 265 264
3 1691 265 5623
3 1726 266 264
3 1691 265 5624
3 1850 266 5623
3 1850 266 1726
3 1727 264 5624
3 1727 264 1726
3 1692 5623 1691
3 1692 5623 1850
3 1690 5624 1691
3 1690 5624 1727
3 1725 1726 1850
3 1690 1691 1692
3 1725 1726 1727
3 1725 1850 1692
3 1725 1727 1690
3 1725 1692 1690
3 276 277 278
3 5625 277 278
3 1579 277 276
3 1702 277 5625
3 1738 278 276
3 1702 277 1579
3 1860 278 5625
3 1860 278 1738
3 1580 276 1579
3 1580 276 1738
3 1703 5625 1702
3 1703 5625 1860
3 1578 1579 1702
3 1578 1579 1580
3 1737 1738 1860
3 1578 1702 1703
3 1737 1738 1580
3 1737 1860 1703
3 1737 1580 1578
3 1737 1703 1578
3 334 335 336
3 5626 335 336
3 5627 335 334
3 5628 335 5626
3 1894 336 334
3 5628 335 5627
3 2019 336 5626
3 2019 336 1894
3 1895 334 5627
3 1895 334 1894
3 2020 5626 5628
3 2020 5626 2019
3 2171 5627 5628
3 2171 5627 1895
3 1893 1894 2019
3 2171 5628 2020
3 1893 1894 1895
3 1893 2019 2020
3 1893 1895 2171
3 1893 2020 2171
3 345 346 347
3 5629 346 347
3 5630 346 345
3 1871 346 5629
3 1906 347 345
3 1871 346 5630
3 2030 347 5629
3 2030 347 1906
3 1907 345 5630
3 1907 345 1906
3 1872 5629 1871
3 1872 5629 2030
3 1870 5630 1871
3 1870 5630 1907
3 1905 1906 2030
3 1870 1871 1872
3 1905 1906 1907
3 1905 2030 1872
3 1905 1907 1870
3 1905 1872 1870
3 357 358 359
3 5631 358 359
3 1749 358 357
3 1882 358 5631
3 1918 359 357
3 1882 358 1749
3 2040 359 5631
3 2040 359 1918
3 1750 357 1749
3 1750 357 1918
3 1883 5631 1882
3 1883 5631 2040
3 1748 1749 1882
3 1748 1749 1750
3 1917 1918 2040
3 1748 1882 1883
3 1917 1918 1750
3 1917 2040 1883
3 1917 1750 1748
3 1917 1883 1748
3 424 425 426
3 5632 425 426
3 5633 425 424
3 5634 425 5632
3 2074 426 424
3 5634 425 5633
3 2199 426 5632
3 2199 426 2074
3 2075 424 5633
3 2075 424 2074
3 2200 5632 5634
3 2200 5632 2199
3 2351 5633 5634
3 2351 5633 2075
3 2073 2074 2199
3 2351 5634 2200
3 2073 2074 2075
3 2073 2199 2200
3 2073 2075 2351
3 2073 2200 2351
3 435 436 437
3 5635 436 437
3 5636 436 435
3 2051 436 5635
3 2086 437 435
3 2051 436 5636
3 2210 437 5635
3 2210 437 2086
3 2087 435 5636
3 2087 435 2086
3 2052 5635 2051
3 2052 5635 2210
3 2050 5636 2051
3 2050 5636 2087
3 2085 2086 2210
3 2050 2051 2052
3 2085 2086 2087
3 2085 2210 2052
3 2085 2087 2050
3 2085 2052 2050
3 447 448 449
3 5637 448 449
3 1929 448 447
3 2062 448 5637
3 2098 449 447
3 2062 448 1929
3 2220 449 5637
3 2220 449 2098
3 1930 447 1929
3 1930 447 2098
3 2063 5637 2062
3 2063 5637 2220
3 1928 1929 2062
3 1928 1929 1930
3 2097 2098 2220
3 1928 2062 2063
3 2097 2098 1930
3 2097 2220 2063
3 2097 1930 1928
3 2097 2063 1928
3 523 524 525
3 5638 524 525
3 5639 524 523
3 5640 524 5638
3 2254 525 523
3 5640 524 5639
3 2379 525 5638
3 2379 525 2254
3 2255 523 5639
3 2255 523 2254
3 2380 5638 5640
3 2380 5638 2379
3 2537 5639 5640
3 2537 5639 2255
3 2253 2254 2379
3 2537 5640 2380
3 2253 2254 2255
3 2253 2379 2380
3 2253 2255 2537
3 2253 2380 2537
3 534 535 536
3 5641 535 536
3 5642 535 534
3 2231 535 5641
3 2266 536 534
3 2231 535 5642
3 2390 536 5641
3 2390 536 2266
3 2267 534 5642
3 2267 534 2266
3 2232 5641 2231
3 2232 5641 2390
3 2230 5642 2231
3 2230 5642 2267
3 2265 2266 2390
3 2230 2231 2232
3 2265 2266 2267
3 2265 2390 2232
3 2265 2267 2230
3 2265 2232 2230
3 546 547 548
3 5643 547 548
3 2109 547 546
3 2242 547 5643
3 2278 548 546
3 2242 547 2109
3 2400 548 5643
3 2400 548 2278
3 2110 546 2109
3 2110 546 2278
3 2243 5643 2242
3 2243 5643 2400
3 2108 2109 2242
3 2108 2109 2110
3 2277 2278 2400
3 2108 2242 2243
3 2277 2278 2110
3 2277 2400 2243
3 2277 2110 2108
3 2277 2243 2108
3 622 623 624
3 5644 623 624
3 5645 623 622
3 5646 623 5644
3 2446 624 622
3 5646 623 5645
3 2565 624 5644
3 2565 624 2446
3 2447 622 5645
3 2447 622 2446
3 2566 5644 5646
3 2566 5644 2565
3 2718 5645 5646
3 2718 5645 2447
3 2445 2446 2565
3 2718 5646 2566
3 2445 2446 2447
3 2445 2565 2566
3 2445 2447 2718
3 2445 2566 2718
3 628 629 630
3 5647 629 630
3 5648 629 628
3 2411 629 5647
3 5649 630 628
3 2411 629 5648
3 2577 630 5647
3 2577 630 5649
3 2728 628 5648
3 2728 628 5649
3 2412 5647 2411
3 2412 5647 2577
3 2410 5648 2411
3 2410 5648 2728
3 2576 5649 2577
3 2410 2411 2412
3 2576 5649 2728
3 2576 2577 2412
3 2576 2728 2410
3 2576 2412 2410
3 639 640 641
3 5650 640 641
3 5651 640 639
3 2423 640 5650
3 2464 641 639
3 2423 640 5651
3 2587 641 5650
3 2587 641 2464
3 2465 639 5651
3 2465 639 2464
3 2424 5650 2423
3 2424 5650 2587
3 2422 5651 2423
3 2422 5651 2465
3 2463 2464 2587
3 2422 2423 2424
3 2463 2464 2465
3 2463 2587 2424
3 2463 2465 2422
3 2463 2424 2422
3 651 652 653
3 5652 652 653
3 2289 652 651
3 2434 652 5652
3 2476 653 651
3 2434 652 2289
3 2597 653 5652
3 2597 653 2476
3 2290 651 2289
3 2290 651 2476
3 2435 5652 2434
3 2435 5652 2597
3 2288 2289 2434
3 2288 2289 2290
3 2475 2476 2597
3 2288 2434 2435
3 2475 2476 2290
3 2475 2597 2435
3 2475 2290 2288
3 2475 2435 2288
3 734 735 736
3 5653 735 736
3 5654 735 734
3 5655 735 5653
3 5656 736 734
3 5655 735 5654
3 2757 736 5653
3 2757 736 5656
3 2908 734 5654
3 2908 734 5656
3 2758 5653 5655
3 2758 5653 2757
3 2909 5654 5655
3 2909 5654 2908
3 2756 5656 2757
3 2909 5655 2758
3 2756 5656 2908
3 2756 2757 2758
3 2756 2908 2909
3 2756 2758 2909
3 745 746 747
3 5657 746 747
3 5658 746 745
3 5659 746 5657
3 2638 747 745
3 5659 746 5658
3 2768 747 5657
3 2768 747 2638
3 2639 745 5658
3 2639 745 2638
3 2769 5657 5659
3 2769 5657 2768
3 2919 5658 5659
3 2919 5658 2639
3 2637 2638 2768
3 2919 5659 2769
3 2637 2638 2639
3 2637 2768 2769
3 2637 2639 2919
3 2637 2769 2919
3 751 752 753
3 5660 752 753
3 5661 752 751
3 2608 752 5660
3 5662 753 751
3 2608 752 5661
3 2780 753 5660
3 2780 753 5662
3 2929 751 5661
3 2929 751 5662
3 2609 5660 2608
3 2609 5660 2780
3 2607 5661 2608
3 2607 5661 2929
3 2779 5662 2780
3 2607 2608 2609
3 2779 5662 2929
3 2779 2780 2609
3 2779 2929 2607
3 2779 2609 2607
3 762 763 764
3 5663 763 764
3 5664 763 762
3 2620 763 5663
3 2656 764 762
3 2620 763 5664
3 2790 764 5663
3 2790 764 2656
3 2657 762 5664
3 2657 762 2656
3 2621 5663 2620
3 2621 5663 2790
3 2619 5664 2620
3 2619 5664 2657
3 2655 2656 2790
3 2619 2620 2621
3 2655 2656 2657
3 2655 2790 2621
3 2655 2657 2619
3 2655 2621 2619
3 857 858 859
3 5665 858 859
3 5666 858 857
3 5667 858 5665
3 5668 859 857
3 5667 858 5666
3 2949 859 5665
3 2949 859 5668
3 3089 857 5666
3 3089 857 5668
3 2950 5665 5667
3 2950 5665 2949
3 3090 5666 5667
3 3090 5666 3089
3 2948 5668 2949
3 3090 5667 2950
3 2948 5668 3089
3 2948 2949 2950
3 2948 3089 3090
3 2948 2950 3090
3 868 869 870
3 5669 869 870
3 5670 869 868
3 5671 869 5669
3 2831 870 868
3 5671 869 5670
3 2960 870 5669
3 2960 870 2831
3 2832 868 5670
3 2832 868 2831
3 2961 5669 5671
3 2961 5669 2960
3 3100 5670 5671
3 3100 5670 2832
3 2830 2831 2960
3 3100 5671 2961
3 2830 2831 2832
3 2830 2960 2961
3 2830 2832 3100
3 2830 2961 3100
3 874 875 876
3 5672 875 876
3 5673 875 874
3 2801 875 5672
3 5674 876 874
3 2801 875 5673
3 2972 876 5672
3 2972 876 5674
3 3110 874 5673
3 3110 874 5674
3 2802 5672 2801
3 2802 5672 2972
3 2800 5673 2801
3 2800 5673 3110
3 2971 5674 2972
3 2800 2801 2802
3 2971 5674 3110
3 2971 2972 2802
3 2971 3110 2800
3 2971 2802 2800
3 880 881 882
3 5675 881 882
3 5676 881 880
3 2813 881 5675
3 5677 882 880
3 2813 881 5676
3 2983 882 5675
3 2983 882 5677
3 3120 880 5676
3 3120 880 5677
3 2814 5675 2813
3 2814 5675 2983
3 2812 5676 2813
3 2812 5676 3120
3 2982 5677 2983
3 2812 2813 2814
3 2982 5677 3120
3 2982 2983 2814
3 2982 3120 2812
3 2982 2814 2812
3 987 988 989
3 5678 988 989
3 5679 988 987
3 5680 988 5678
3 5681 989 987
3 5680 988 5679
3 3131 989 5678
3 3131 989 5681
3 3272 987 5679
3 3272 987 5681
3 3132 5678 5680
3 3132 5678 3131
3 3273 5679 5680
3 3273 5679 3272
3 3130 5681 3131
3 3273 5680 3132
3 3130 5681 3272
3 3130 3131 3132
3 3130 3272 3273
3 3130 3132 3273
3 993 994 995
3 5682 994 995
3 5683 994 993
3 5684 994 5682
3 5685 995 993
3 5684 994 5683
3 3143 995 5682
3 3143 995 5685
3 3283 993 5683
3 3283 993 5685
3 3144 5682 5684
3 3144 5682 3143
3 3284 5683 5684
3 3284 5683 3283
3 3142 5685 3143
3 3284 5684 3144
3 3142 5685 3283
3 3142 3143 3144
3 3142 3283 3284
3 3142 3144 3284
3 999 1000 1001
3 5686 1000 1001
3 5687 1000 999
3 2994 1000 5686
3 5688 1001 999
3 2994 1000 5687
3 3155 1001 5686
3 3155 1001 5688
3 3294 999 5687
3 3294 999 5688
3 2995 5686 2994
3 2995 5686 3155
3 2993 5687 2994
3 2993 5687 3294
3 3154 5688 3155
3 2993 2994 2995
3 3154 5688 3294
3 3154 3155 2995
3 3154 3294 2993
3 3154 2995 2993
3 1005 1006 1007
3 5689 1006 1007
3 5690 1006 1005
3 3006 1006 5689
3 5691 1007 1005
3 3006 1006 5690
3 3166 1007 5689
3 3166 1007 5691
3 3304 1005 5690
3 3304 1005 5691
3 3007 5689 3006
3 3007 5689 3166
3 3005 5690 3006
3 3005 5690 3304
3 3165 5691 3166
3 3005 3006 3007
3 3165 5691 3304
3 3165 3166 3007
3 3165 3304 3005
3 3165 3007 3005
3 1125 1126 1127
3 5692 1126 1127
3 5693 1126 1125
3 5694 1126 5692
3 5695 1127 1125
3 5694 1126 5693
3 3315 1127 5692
3 3315 1127 5695
3 3444 1125 5693
3 3444 1125 5695
3 3316 5692 5694
3 3316 5692 3315
3 3445 5693 5694
3 3445 5693 3444
3 3314 5695 3315
3 3445 5694 3316
3 3314 5695 3444
3 3314 3315 3316
3 3314 3444 3445
3 3314 3316 3445
3 1131 1132 1133
3 5696 1132 1133
3 5697 1132 1131
3 5698 1132 5696
3 5699 1133 1131
3 5698 1132 5697
3 3327 1133 5696
3 3327 1133 5699
3 3455 1131 5697
3 3455 1131 5699
3 3328 5696 5698
3 3328 5696 3327
3 3456 5697 5698
3 3456 5697 3455
3 3326 5699 3327
3 3456 5698 3328
3 3326 5699 3455
3 3326 3327 3328
3 3326 3455 3456
3 3326 3328 3456
3 1137 1138 1139
3 5700 1138 1139
3 5701 1138 1137
3 3177 1138 5700
3 5702 1139 1137
3 3177 1138 5701
3 3339 1139 5700
3 3339 1139 5702
3 3466 1137 5701
3 3466 1137 5702
3 3178 5700 3177
3 3178 5700 3339
3 3176 5701 3177
3 3176 5701 3466
3 3338 5702 3339
3 3176 3177 3178
3 3338 5702 3466
3 3338 3339 3178
3 3338 3466 3176
3 3338 3178 3176
3 1143 1144 1145
3 5703 1144 1145
3 5704 1144 1143
3 3189 1144 5703
3 5705 1145 1143
3 3189 1144 5704
3 3350 1145 5703
3 3350 1145 5705
3 3476 1143 5704
3 3476 1143 5705
3 3190 5703 3189
3 3190 5703 3350
3 3188 5704 3189
3 3188 5704 3476
3 3349 5705 3350
3 3188 3189 3190
3 3349 5705 3476
3 3349 3350 3190
3 3349 3476 3188
3 3349 3190 3188
3 1273 1274 1275
3 5706 1274 1275
3 5707 1274 1273
3 5708 1274 5706
3 5709 1275 1273
3 5708 1274 5707
3 3487 1275 5706
3 3487 1275 5709
3 3617 1273 5707
3 3617 1273 5709
3 3488 5706 5708
3 3488 5706 3487
3 3618 5707 5708
3 3618 5707 3617
3 3486 5709 3487
3 3618 5708 3488
3 3486 5709 3617
3 3486 3487 3488
3 3486 3617 3618
3 3486 3488 3618
3 1279 1280 1281
3 5710 1280 1281
3 5711 1280 1279
3 5712 1280 5710
3 5713 1281 1279
3 5712 1280 5711
3 3499 1281 5710
3 3499 1281 5713
3 3628 1279 5711
3 3628 1279 5713
3 3500 5710 5712
3 3500 5710 3499
3 3629 5711 5712
3 3629 5711 3628
3 3498 5713 3499
3 3629 5712 3500
3 3498 5713 3628
3 3498 3499 3500
3 3498 3628 3629
3 3498 3500 3629
3 1285 1286 1287
3 5714 1286 1287
3 5715 1286 1285
3 5716 1286 5714
3 5717 1287 1285
3 5716 1286 5715
3 3511 1287 5714
3 3511 1287 5717
3 3639 1285 5715
3 3639 1285 5717
3 3512 5714 5716
3 3512 5714 3511
3 3640 5715 5716
3 3640 5715 3639
3 3510 5717 3511
3 3640 5716 3512
3 3510 5717 3639
3 3510 3511 3512
3 3510 3639 3640
3 3510 3512 3640
3 1291 1292 1293
3 5718 1292 1293
3 5719 1292 1291
3 3361 1292 5718
3 5720 1293 1291
3 3361 1292 5719
3 3523 1293 5718
3 3523 1293 5720
3 3650 1291 5719
3 3650 1291 5720
3 3362 5718 3361
3 3362 5718 3523
3 3360 5719 3361
3 3360 5719 3650
3 3522 5720 3523
3 3360 3361 3362
3 3522 5720 3650
3 3522 3523 3362
3 3522 3650 3360
3 3522 3362 3360
3 1433 1434 1435
3 5721 1434 1435
3 5722 1434 1433
3 5723 1434 5721
3 5724 1435 1433
3 5723 1434 5722
3 3661 1435 5721
3 3661 1435 5724
3 3791 1433 5722
3 3791 1433 5724
3 3662 5721 5723
3 3662 5721 3661
3 3792 5722 5723
3 3792 5722 3791
3 3660 5724 3661
3 3792 5723 3662
3 3660 5724 3791
3 3660 3661 3662
3 3660 3791 3792
3 3660 3662 3792
3 1439 1440 1441
3 5725 1440 1441
3 5726 1440 1439
3 5727 1440 5725
3 5728 1441 1439
3 5727 1440 5726
3 3673 1441 5725
3 3673 1441 5728
3 3802 1439 5726
3 3802 1439 5728
3 3674 5725 5727
3 3674 5725 3673
3 3803 5726 5727
3 3803 5726 3802
3 3672 5728 3673
3 3803 5727 3674
3 3672 5728 3802
3 3672 3673 3674
3 3672 3802 3803
3 3672 3674 3803
3 1445 1446 1447
3 5729 1446 1447
3 5730 1446 1445
3 5731 1446 5729
3 5732 1447 1445
3 5731 1446 5730
3 3685 1447 5729
3 3685 1447 5732
3 3813 1445 5730
3 3813 1445 5732
3 3686 5729 5731
3 3686 5729 3685
3 3814 5730 5731
3 3814 5730 3813
3 3684 5732 3685
3 3814 5731 3686
3 3684 5732 3813
3 3684 3685 3686
3 3684 3813 3814
3 3684 3686 3814
3 1451 1452 1453
3 5733 1452 1453
3 5734 1452 1451
3 3534 1452 5733
3 5735 1453 1451
3 3534 1452 5734
3 3697 1453 5733
3 3697 1453 5735
3 3824 1451 5734
3 3824 1451 5735
3 3535 5733 3534
3 3535 5733 3697
3 3533 5734 3534
3 3533 5734 3824
3 3696 5735 3697
3 3533 3534 3535
3 3696 5735 3824
3 3696 3697 3535
3 3696 3824 3533
3 3696 3535 3533
3 1593 1594 1595
3 5736 1594 1595
3 5737 1594 1593
3 5738 1594 5736
3 5739 1595 1593
3 5738 1594 5737
3 3835 1595 5736
3 3835 1595 5739
3 3959 1593 5737
3 3959 1593 5739
3 3836 5736 5738
3 3836 5736 3835
3 3960 5737 5738
3 3960 5737 3959
3 3834 5739 3835
3 3960 5738 3836
3 3834 5739 3959
3 3834 3835 3836
3 3834 3959 3960
3 3834 3836 3960
3 1599 1600 1601
3 5740 1600 1601
3 5741 1600 1599
3 5742 1600 5740
3 5743 1601 1599
3 5742 1600 5741
3 3847 1601 5740
3 3847 1601 5743
3 3970 1599 5741
3 3970 1599 5743
3 3848 5740 5742
3 3848 5740 3847
3 3971 5741 5742
3 3971 5741 3970
3 3846 5743 3847
3 3971 5742 3848
3 3846 5743 3970
3 3846 3847 3848
3 3846 3970 3971
3 3846 3848 3971
3 1605 1606 1607
3 5744 1606 1607
3 5745 1606 1605
3 5746 1606 5744
3 5747 1607 1605
3 5746 1606 5745
3 3859 1607 5744
3 3859 1607 5747
3 3981 1605 5745
3 3981 1605 5747
3 3860 5744 5746
3 3860 5744 3859
3 3982 5745 5746
3 3982 5745 3981
3 3858 5747 3859
3 3982 5746 3860
3 3858 5747 3981
3 3858 3859 3860
3 3858 3981 3982
3 3858 3860 3982
3 1611 1612 1613
3 5748 1612 1613
3 5749 1612 1611
3 3708 1612 5748
3 5750 1613 1611
3 3708 1612 5749
3 3871 1613 5748
3 3871 1613 5750
3 3992 1611 5749
3 3992 1611 5750
3 3709 5748 3708
3 3709 5748 3871
3 3707 5749 3708
3 3707 5749 3992
3 3870 5750 3871
3 3707 3708 3709
3 3870 5750 3992
3 3870 3871 3709
3 3870 3992 3707
3 3870 3709 3707
3 1763 1764 1765
3 5751 1764 1765
3 5752 1764 1763
3 5753 1764 5751
3 5754 1765 1763
3 5753 1764 5752
3 4003 1765 5751
3 4003 1765 5754
3 4121 1763 5752
3 4121 1763 5754
3 4004 5751 5753
3 4004 5751 4003
3 4122 5752 5753
3 4122 5752 4121
3 4002 5754 4003
3 4122 5753 4004
3 4002 5754 4121
3 4002 4003 4004
3 4002 4121 4122
3 4002 4004 4122
3 1769 1770 1771
3 5755 1770 1771
3 5756 1770 1769
3 5757 1770 5755
3 5758 1771 1769
3 5757 1770 5756
3 4015 1771 5755
3 4015 1771 5758
3 4132 1769 5756
3 4132 1769 5758
3 4016 5755 5757
3 4016 5755 4015
3 4133 5756 5757
3 4133 5756 4132
3 4014 5758 4015
3 4133 5757 4016
3 4014 5758 4132
3 4014 4015 4016
3 4014 4132 4133
3 4014 4016 4133
3 1775 1776 1777
3 5759 1776 1777
3 5760 1776 1775
3 5761 1776 5759
3 5762 1777 1775
3 5761 1776 5760
3 4027 1777 5759
3 4027 1777 5762
3 4143 1775 5760
3 4143 1775 5762
3 4028 5759 5761
3 4028 5759 4027
3 4144 5760 5761
3 4144 5760 4143
3 4026 5762 4027
3 4144 5761 4028
3 4026 5762 4143
3 4026 4027 4028
3 4026 4143 4144
3 4026 4028 4144
3 1781 1782 1783
3 5763 1782 1783
3 5764 1782 1781
3 3882 1782 5763
3 5765 1783 1781
3 3882 1782 5764
3 4039 1783 5763
3 4039 1783 5765
3 4154 1781 5764
3 4154 1781 5765
3 3883 5763 3882
3 3883 5763 4039
3 3881 5764 3882
3 3881 5764 4154
3 4038 5765 4039
3 3881 3882 3883
3 4038 5765 4154
3 4038 4039 3883
3 4038 4154 3881
3 4038 3883 3881
3 1943 1944 1945
3 5766 1944 1945
3 5767 1944 1943
3 5768 1944 5766
3 5769 1945 1943
3 5768 1944 5767
3 4165 1945 5766
3 4165 1945 5769
3 4283 1943 5767
3 4283 1943 5769
3 4166 5766 5768
3 4166 5766 4165
3 4284 5767 5768
3 4284 5767 4283
3 4164 5769 4165
3 4284 5768 4166
3 4164 5769 4283
3 4164 4165 4166
3 4164 4283 4284
3 4164 4166 4284
3 1949 1950 1951
3 5770 1950 1951
3 5771 1950 1949
3 5772 1950 5770
3 5773 1951 1949
3 5772 1950 5771
3 4177 1951 5770
3 4177 1951 5773
3 4294 1949 5771
3 4294 1949 5773
3 4178 5770 5772
3 4178 5770 4177
3 4295 5771 5772
3 4295 5771 4294
3 4176 5773 4177
3 4295 5772 4178
3 4176 5773 4294
3 4176 4177 4178
3 4176 4294 4295
3 4176 4178 4295
3 1955 1956 1957
3 5774 1956 1957
3 5775 1956 1955
3 5776 1956 5774
3 5777 1957 1955
3 5776 1956 5775
3 4189 1957 5774
3 4189 1957 5777
3 4305 1955 5775
3 4305 1955 5777
3 4190 5774 5776
3 4190 5774 4189
3 4306 5775 5776
3 4306 5775 4305
3 4188 5777 4189
3 4306 5776 4190
3 4188 5777 4305
3 4188 4189 4190
3 4188 4305 4306
3 4188 4190 4306
3 1961 1962 1963
3 5778 1962 1963
3 5779 1962 1961
3 4050 1962 5778
3 5780 1963 1961
3 4050 1962 5779
3 4201 1963 5778
3 4201 1963 5780
3 4316 1961 5779
3 4316 1961 5780
3 4051 5778 4050
3 4051 5778 4201
3 4049 5779 4050
3 4049 5779 4316
3 4200 5780 4201
3 4049 4050 4051
3 4200 5780 4316
3 4200 4201 4051
3 4200 4316 4049
3 4200 4051 4049
3 2123 2124 2125
3 5781 2124 2125
3 5782 2124 2123
3 5783 2124 5781
3 5784 2125 2123
3 5783 2124 5782
3 4327 2125 5781
3 4327 2125 5784
3 4433 2123 5782
3 4433 2123 5784
3 4328 5781 5783
3 4328 5781 4327
3 4434 5782 5783
3 4434 5782 4433
3 4326 5784 4327
3 4434 5783 4328
3 4326 5784 4433
3 4326 4327 4328
3 4326 4433 4434
3 4326 4328 4434
3 2129 2130 2131
3 5785 2130 2131
3 5786 2130 2129
3 5787 2130 5785
3 5788 2131 2129
3 5787 2130 5786
3 4339 2131 5785
3 4339 2131 5788
3 4444 2129 5786
3 4444 2129 5788
3 4340 5785 5787
3 4340 5785 4339
3 4445 5786 5787
3 4445 5786 4444
3 4338 5788 4339
3 4445 5787 4340
3 4338 5788 4444
3 4338 4339 4340
3 4338 4444 4445
3 4338 4340 4445
3 2135 2136 2137
3 5789 2136 2137
3 5790 2136 2135
3 5791 2136 5789
3 5792 2137 2135
3 5791 2136 5790
3 4351 2137 5789
3 4351 2137 5792
3 4455 2135 5790
3 4455 2135 5792
3 4352 5789 5791
3 4352 5789 4351
3 4456 5790 5791
3 4456 5790 4455
3 4350 5792 4351
3 4456 5791 4352
3 4350 5792 4455
3 4350 4351 4352
3 4350 4455 4456
3 4350 4352 4456
3 2141 2142 2143
3 5793 2142 2143
3 5794 2142 2141
3 4212 2142 5793
3 5795 2143 2141
3 4212 2142 5794
3 4363 2143 5793
3 4363 2143 5795
3 4466 2141 5794
3 4466 2141 5795
3 4213 5793 4212
3 4213 5793 4363
3 4211 5794 4212
3 4211 5794 4466
3 4362 5795 4363
3 4211 4212 4213
3 4362 5795 4466
3 4362 4363 4213
3 4362 4466 4211
3 4362 4213 4211
3 2303 2304 2305
3 5796 2304 2305
3 5797 2304 2303
3 5798 2304 5796
3 5799 2305 2303
3 5798 2304 5797
3 4477 2305 5796
3 4477 2305 5799
3 4572 2303 5797
3 4572 2303 5799
3 4478 5796 5798
3 4478 5796 4477
3 4573 5797 5798
3 4573 5797 4572
3 4476 5799 4477
3 4573 5798 4478
3 4476 5799 4572
3 4476 4477 4478
3 4476 4572 4573
3 4476 4478 4573
3 2309 2310 2311
3 5800 2310 2311
3 5801 2310 2309
3 5802 2310 5800
3 5803 2311 2309
3 5802 2310 5801
3 5804 2311 5800
3 5804 2311 5803
3 4584 2309 5801
3 4584 2309 5803
3 4674 5800 5802
3 4674 5800 5804
3 4585 5801 5802
3 4585 5801 4584
3 4583 5803 5804
3 4585 5802 4674
3 4583 5803 4584
3 4583 5804 4674
3 4583 4584 4585
3 4583 4674 4585
3 2315 2316 2317
3 5805 2316 2317
3 5806 2316 2315
3 5807 2316 5805
3 5808 2317 2315
3 5807 2316 5806
3 4495 2317 5805
3 4495 2317 5808
3 4595 2315 5806
3 4595 2315 5808
3 4496 5805 5807
3 4496 5805 4495
3 4596 5806 5807
3 4596 5806 4595
3 4494 5808 4495
3 4596 5807 4496
3 4494 5808 4595
3 4494 4495 4496
3 4494 4595 4596
3 4494 4496 4596
3 2321 2322 2323
3 5809 2322 2323
3 5810 2322 2321
3 5811 2322 5809
3 5812 2323 2321
3 5811 2322 5810
3 4507 2323 5809
3 4507 2323 5812
3 4606 2321 5810
3 4606 2321 5812
3 4508 5809 5811
3 4508 5809 4507
3 4607 5810 5811
3 4607 5810 4606
3 4506 5812 4507
3 4607 5811 4508
3 4506 5812 4606
3 4506 4507 4508
3 4506 4606 4607
3 4506 4508 4607
3 2489 2490 2491
3 5813 2490 2491
3 5814 2490 2489
3 5815 2490 5813
3 5816 2491 2489
3 5815 2490 5814
3 5817 2491 5813
3 5817 2491 5816
3 4703 2489 5814
3 4703 2489 5816
3 4784 5813 5815
3 4784 5813 5817
3 4704 5814 5815
3 4704 5814 4703
3 4702 5816 5817
3 4704 5815 4784
3 4702 5816 4703
3 4702 5817 4784
3 4702 4703 4704
3 4702 4784 4704
3 2495 2496 2497
3 5818 2496 2497
3 5819 2496 2495
3 5820 2496 5818
3 5821 2497 2495
3 5820 2496 5819
3 4624 2497 5818
3 4624 2497 5821
3 4714 2495 5819
3 4714 2495 5821
3 4625 5818 5820
3 4625 5818 4624
3 4715 5819 5820
3 4715 5819 4714
3 4623 5821 4624
3 4715 5820 4625
3 4623 5821 4714
3 4623 4624 4625
3 4623 4714 4715
3 4623 4625 4715
3 2501 2502 2503
3 5822 2502 2503
3 5823 2502 2501
3 5824 2502 5822
3 5825 2503 2501
3 5824 2502 5823
3 5826 2503 5822
3 5826 2503 5825
3 4726 2501 5823
3 4726 2501 5825
3 4803 5822 5824
3 4803 5822 5826
3 4727 5823 5824
3 4727 5823 4726
3 4725 5825 5826
3 4727 5824 4803
3 4725 5825 4726
3 4725 5826 4803
3 4725 4726 4727
3 4725 4803 4727
3 2507 2508 2509
3 5827 2508 2509
3 5828 2508 2507
3 5829 2508 5827
3 5830 2509 2507
3 5829 2508 5828
3 4642 2509 5827
3 4642 2509 5830
3 4737 2507 5828
3 4737 2507 5830
3 4643 5827 5829
3 4643 5827 4642
3 4738 5828 5829
3 4738 5828 4737
3 4641 5830 4642
3 4738 5829 4643
3 4641 5830 4737
3 4641 4642 4643
3 4641 4737 4738
3 4641 4643 4738
3 2670 2671 2672
3 5831 2671 2672
3 5832 2671 2670
3 5833 2671 5831
3 5834 2672 2670
3 5833 2671 5832
3 5835 2672 5831
3 5835 2672 5834
3 4823 2670 5832
3 4823 2670 5834
3 4893 5831 5833
3 4893 5831 5835
3 4824 5832 5833
3 4824 5832 4823
3 4822 5834 5835
3 4824 5833 4893
3 4822 5834 4823
3 4822 5835 4893
3 4822 4823 4824
3 4822 4893 4824
3 2676 2677 2678
3 5836 2677 2678
3 5837 2677 2676
3 5838 2677 5836
3 5839 2678 2676
3 5838 2677 5837
3 4755 2678 5836
3 4755 2678 5839
3 4834 2676 5837
3 4834 2676 5839
3 4756 5836 5838
3 4756 5836 4755
3 4835 5837 5838
3 4835 5837 4834
3 4754 5839 4755
3 4835 5838 4756
3 4754 5839 4834
3 4754 4755 4756
3 4754 4834 4835
3 4754 4756 4835
3 2682 2683 2684
3 5840 2683 2684
3 5841 2683 2682
3 5842 2683 5840
3 5843 2684 2682
3 5842 2683 5841
3 5844 2684 5840
3 5844 2684 5843
3 4846 2682 5841
3 4846 2682 5843
3 4912 5840 5842
3 4912 5840 5844
3 4847 5841 5842
3 4847 5841 4846
3 4845 5843 5844
3 4847 5842 4912
3 4845 5843 4846
3 4845 5844 4912
3 4845 4846 4847
3 4845 4912 4847
3 2688 2689 2690
3 5845 2689 2690
3 5846 2689 2688
3 5847 2689 5845
3 5848 2690 2688
3 5847 2689 5846
3 5849 2690 5845
3 5849 2690 5848
3 4858 2688 5846
3 4858 2688 5848
3 4922 5845 5847
3 4922 5845 5849
3 4859 5846 5847
3 4859 5846 4858
3 4857 5848 5849
3 4859 5847 4922
3 4857 5848 4858
3 4857 5849 4922
3 4857 4858 4859
3 4857 4922 4859
3 2857 2858 2859
3 5850 2858 2859
3 5851 2858 2857
3 5852 2858 5850
3 5853 2859 2857
3 5852 2858 5851
3 5854 2859 5850
3 5854 2859 5853
3 4933 2857 5851
3 4933 2857 5853
3 4992 5850 5852
3 4992 5850 5854
3 4934 5851 5852
3 4934 5851 4933
3 4932 5853 5854
3 4934 5852 4992
3 4932 5853 4933
3 4932 5854 4992
3 4932 4933 4934
3 4932 4992 4934
3 2863 2864 2865
3 5855 2864 2865
3 5856 2864 2863
3 5857 2864 5855
3 5858 2865 2863
3 5857 2864 5856
3 5859 2865 5855
3 5859 2865 5858
3 4945 2863 5856
3 4945 2863 5858
3 5002 5855 5857
3 5002 5855 5859
3 4946 5856 5857
3 4946 5856 4945
3 4944 5858 5859
3 4946 5857 5002
3 4944 5858 4945
3 4944 5859 5002
3 4944 4945 4946
3 4944 5002 4946
3 2869 2870 2871
3 5860 2870 2871
3 5861 2870 2869
3 5862 2870 5860
3 5863 2871 2869
3 5862 2870 5861
3 5864 2871 5860
3 5864 2871 5863
3 4957 2869 5861
3 4957 2869 5863
3 5012 5860 5862
3 5012 5860 5864
3 4958 5861 5862
3 4958 5861 4957
3 4956 5863 5864
3 4958 5862 5012
3 4956 5863 4957
3 4956 5864 5012
3 4956 4957 4958
3 4956 5012 4958
3 3038 3039 3040
3 5865 3039 3040
3 5866 3039 3038
3 5867 3039 5865
3 5868 3040 3038
3 5867 3039 5866
3 5869 3040 5865
3 5869 3040 5868
3 5023 3038 5866
3 5023 3038 5868
3 5082 5865 5867
3 5082 5865 5869
3 5024 5866 5867
3 5024 5866 5023
3 5022 5868 5869
3 5024 5867 5082
3 5022 5868 5023
3 5022 5869 5082
3 5022 5023 5024
3 5022 5082 5024
3 3044 3045 3046
3 5870 3045 3046
3 5871 3045 3044
3 5872 3045 5870
3 5873 3046 3044
3 5872 3045 5871
3 5874 3046 5870
3 5874 3046 5873
3 5035 3044 5871
3 5035 3044 5873
3 5092 5870 5872
3 5092 5870 5874
3 5036 5871 5872
3 5036 5871 5035
3 5034 5873 5874
3 5036 5872 5092
3 5034 5873 5035
3 5034 5874 5092
3 5034 5035 5036
3 5034 5092 5036
3 3050 3051 3052
3 5875 3051 3052
3 5876 3051 3050
3 5877 3051 5875
3 5878 3052 3050
3 5877 3051 5876
3 5879 3052 5875
3 5879 3052 5878
3 5047 3050 5876
3 5047 3050 5878
3 5102 5875 5877
3 5102 5875 5879
3 5048 5876 5877
3 5048 5876 5047
3 5046 5878 5879
3 5048 5877 5102
3 5046 5878 5047
3 5046 5879 5102
3 5046 5047 5048
3 5046 5102 5048
3 3221 3222 3223
3 5880 3222 3223
3 5881 3222 3221
3 5882 3222 5880
3 5883 3223 3221
3 5882 3222 5881
3 5884 3223 5880
3 5884 3223 5883
3 5113 3221 5881
3 5113 3221 5883
3 5166 5880 5882
3 5166 5880 5884
3 5114 5881 5882
3 5114 5881 5113
3 5112 5883 5884
3 5114 5882 5166
3 5112 5883 5113
3 5112 5884 5166
3 5112 5113 5114
3 5112 5166 5114
3 3227 3228 3229
3 5885 3228 3229
3 5886 3228 3227
3 5887 3228 5885
3 5888 3229 3227
3 5887 3228 5886
3 5889 3229 5885
3 5889 3229 5888
3 5125 3227 5886
3 5125 3227 5888
3 5176 5885 5887
3 5176 5885 5889
3 5126 5886 5887
3 5126 5886 5125
3 5124 5888 5889
3 5126 5887 5176
3 5124 5888 5125
3 5124 5889 5176
3 5124 5125 5126
3 5124 5176 5126
3 3233 3234 3235
3 5890 3234 3235
3 5891 3234 3233
3 5892 3234 5890
3 5893 3235 3233
3 5892 3234 5891
3 5894 3235 5890
3 5894 3235 5893
3 5137 3233 5891
3 5137 3233 5893
3 5186 5890 5892
3 5186 5890 5894
3 5138 5891 5892
3 5138 5891 5137
3 5136 5893 5894
3 5138 5892 5186
3 5136 5893 5137
3 5136 5894 5186
3 5136 5137 5138
3 5136 5186 5138
3 3393 3394 3395
3 5895 3394 3395
3 5896 3394 3393
3 5897 3394 5895
3 5898 3395 3393
3 5897 3394 5896
3 5899 3395 5895
3 5899 3395 5898
3 5197 3393 5896
3 5197 3393 5898
3 5244 5895 5897
3 5244 5895 5899
3 5198 5896 5897
3 5198 5896 5197
3 5196 5898 5899
3 5198 5897 5244
3 5196 5898 5197
3 5196 5899 5244
3 5196 5197 5198
3 5196 5244 5198
3 3399 3400 3401
3 5900 3400 3401
3 5901 3400 3399
3 5902 3400 5900
3 5903 3401 3399
3 5902 3400 5901
3 5904 3401 5900
3 5904 3401 5903
3 5209 3399 5901
3 5209 3399 5903
3 5254 5900 5902
3 5254 5900 5904
3 5210 5901 5902
3 5210 5901 5209
3 5208 5903 5904
3 5210 5902 5254
3 5208 5903 5209
3 5208 5904 5254
3 5208 5209 5210
3 5208 5254 5210
3 3405 3406 3407
3 5905 3406 3407
3 5906 3406 3405
3 5907 3406 5905
3 5908 3407 3405
3 5907 3406 5906
3 5909 3407 5905
3 5909 3407 5908
3 5221 3405 5906
3 5221 3405 5908
3 5264 5905 5907
3 5264 5905 5909
3 5222 5906 5907
3 5222 5906 5221
3 5220 5908 5909
3 5222 5907 5264
3 5220 5908 5221
3 5220 5909 5264
3 5220 5221 5222
3 5220 5264 5222
3 3566 3567 3568
3 5910 3567 3568
3 5911 3567 3566
3 5912 3567 5910
3 5913 3568 3566
3 5912 3567 5911
3 5914 3568 5910
3 5914 3568 5913
3 5275 3566 5911
3 5275 3566 5913
3 5316 5910 5912
3 5316 5910 5914
3 5276 5911 5912
3 5276 5911 5275
3 5274 5913 5914
3 5276 5912 5316
3 5274 5913 5275
3 5274 5914 5316
3 5274 5275 5276
3 5274 5316 5276
3 3572 3573 3574
3 5915 3573 3574
3 5916 3573 3572
3 5917 3573 5915
3 5918 3574 3572
3 5917 3573 5916
3 5919 3574 5915
3 5919 3574 5918
3 5287 3572 5916
3 5287 3572 5918
3 5326 5915 5917
3 5326 5915 5919
3 5288 5916 5917
3 5288 5916 5287
3 5286 5918 5919
3 5288 5917 5326
3 5286 5918 5287
3 5286 5919 5326
3 5286 5287 5288
3 5286 5326 5288
3 3578 3579 3580
3 5920 3579 3580
3 5921 3579 3578
3 5922 3579 5920
3 5923 3580 3578
3 5922 3579 5921
3 5924 3580 5920
3 5924 3580 5923
3 5299 3578 5921
3 5299 3578 5923
3 5336 5920 5922
3 5336 5920 5924
3 5300 5921 5922
3 5300 5921 5299
3 5298 5923 5924
3 5300 5922 5336
3 5298 5923 5299
3 5298 5924 5336
3 5298 5299 5300
3 5298 5336 5300
3 3740 3741 3742
3 5925 3741 3742
3 5926 3741 3740
3 5927 3741 5925
3 5928 3742 3740
3 5927 3741 5926
3 5929 3742 5925
3 5929 3742 5928
3 5347 3740 5926
3 5347 3740 5928
3 5382 5925 5927
3 5382 5925 5929
3 5348 5926 5927
3 5348 5926 5347
3 5346 5928 5929
3 5348 5927 5382
3 5346 5928 5347
3 5346 5929 5382
3 5346 5347 5348
3 5346 5382 5348
3 3746 3747 3748
3 5930 3747 3748
3 5931 3747 3746
3 5932 3747 5930
3 5933 3748 3746
3 5932 3747 5931
3 5934 3748 5930
3 5934 3748 5933
3 5359 3746 5931
3 5359 3746 5933
3 5392 5930 5932
3 5392 5930 5934
3 5360 5931 5932
3 5360 5931 5359
3 5358 5933 5934
3 5360 5932 5392
3 5358 5933 5359
3 5358 5934 5392
3 5358 5359 5360
3 5358 5392 5360
3 3752 3753 3754
3 5935 3753 3754
3 5936 3753 3752
3 5937 3753 5935
3 5938 3754 3752
3 5937 3753 5936
3 5939 3754 5935
3 5939 3754 5938
3 5371 3752 5936
3 5371 3752 5938
3 5402 5935 5937
3 5402 5935 5939
3 5372 5936 5937
3 5372 5936 5371
3 5370 5938 5939
3 5372 5937 5402
3 5370 5938 5371
3 5370 5939 5402
3 5370 5371 5372
3 5370 5402 5372
3 3914 3915 3916
3 5940 3915 3916
3 5941 3915 3914
3 5942 3915 5940
3 5943 3916 3914
3 5942 3915 5941
3 5944 3916 5940
3 5944 3916 5943
3 5413 3914 5941
3 5413 3914 5943
3 5436 5940 5942
3 5436 5940 5944
3 5414 5941 5942
3 5414 5941 5413
3 5412 5943 5944
3 5414 5942 5436
3 5412 5943 5413
3 5412 5944 5436
3 5412 5413 5414
3 5412 5436 5414
3 3920 3921 3922
3 5945 3921 3922
3 5946 3921 3920
3 5947 3921 5945
3 5948 3922 3920
3 5947 3921 5946
3 5949 3922 5945
3 5949 3922 5948
3 5425 3920 5946
3 5425 3920 5948
3 5446 5945 5947
3 5446 5945 5949
3 5426 5946 5947
3 5426 5946 5425
3 5424 5948 5949
3 5426 5947 5446
3 5424 5948 5425
3 5424 5949 5446
3 5424 5425 5426
3 5424 5446 5426
3 4076 4077 4078
3 5950 4077 4078
3 5951 4077 4076
3 5952 4077 5950
3 5953 4078 4076
3 5952 4077 5951
3 5954 4078 5950
3 5954 4078 5953
3 5457 4076 5951
3 5457 4076 5953
3 5480 5950 5952
3 5480 5950 5954
3 5458 5951 5952
3 5458 5951 5457
3 5456 5953 5954
3 5458 5952 5480
3 5456 5953 5457
3 5456 5954 5480
3 5456 5457 5458
3 5456 5480 5458
3 4082 4083 4084
3 5955 4083 4084
3 5956 4083 4082
3 5957 4083 5955
3 5958 4084 4082
3 5957 4083 5956
3 5959 4084 5955
3 5959 4084 5958
3 5469 4082 5956
3 5469 4082 5958
3 5490 5955 5957
3 5490 5955 5959
3 5470 5956 5957
3 5470 5956 5469
3 5468 5958 5959
3 5470 5957 5490
3 5468 5958 5469
3 5468 5959 5490
3 5468 5469 5470
3 5468 5490 5470
3 4238 4239 4240
3 5960 4239 4240
3 5961 4239 4238
3 5962 4239 5960
3 5963 4240 4238
3 5962 4239 5961
3 5964 4240 5960
3 5964 4240 5963
3 5501 4238 5961
3 5501 4238 5963
3 5512 5960 5962
3 5512 5960 5964
3 5502 5961 5962
3 5502 5961 5501
3 5500 5963 5964
3 5502 5962 5512
3 5500 5963 5501
3 5500 5964 5512
3 5500 5501 5502
3 5500 5512 5502
3 4244 4245 4246
3 5965 4245 4246
3 5966 4245 4244
3 5967 4245 5965
3 5968 4246 4244
3 5967 4245 5966
3 5969 4246 5965
3 5969 4246 5968
3 5970 4244 5966
3 5970 4244 5968
3 5523 5965 5967
3 5523 5965 5969
3 5524 5966 5967
3 5524 5966 5970
3 5522 5968 5969
3 5524 5967 5523
3 5522 5968 5970
3 5522 5969 5523
3 5522 5970 5524
3 5522 5523 5524
3 4388 4389 4390
3 5971 4389 4390
3 5972 4389 4388
3 5973 4389 5971
3 5974 4390 4388
3 5973 4389 5972
3 5975 4390 5971
3 5975 4390 5974
3 5976 4388 5972
3 5976 4388 5974
3 5547 5971 5973
3 5547 5971 5975
3 5548 5972 5973
3 5548 5972 5976
3 5546 5974 5975
3 5548 5973 5547
3 5546 5974 5976
3 5546 5975 5547
3 5546 5976 5548
3 5546 5547 5548
3 4394 4395 4396
3 5977 4395 4396
3 5978 4395 4394
3 5979 4395 5977
3 5980 4396 4394
3 5979 4395 5978
3 5981 4396 5977
3 5981 4396 5980
3 5535 4394 5978
3 5535 4394 5980
3 5558 5977 5979
3 5558 5977 5981
3 5536 5978 5979
3 5536 5978 5535
3 5534 5980 5981
3 5536 5979 5558
3 5534 5980 5535
3 5534 5981 5558
3 5534 5535 5536
3 5534 5558 5536
3 4533 4534 4535
3 5982 4534 4535
3 5983 4534 4533
3 5984 4534 5982
3 5985 4535 4533
3 5984 4534 5983
3 5986 4535 5982
3 5986 4535 5985
3 5987 4533 5983
3 5987 4533 5985
3 5569 5982 5984
3 5569 5982 5986
3 5570 5983 5984
3 5570 5983 5987
3 5568 5985 5986
3 5570 5984 5569
3 5568 5985 5987
3 5568 5986 5569
3 5568 5987 5570
3 5568 5569 5570
3 4662 4663 4664
3 5988 4663 4664
3 5989 4663 4662
3 5990 4663 5988
3 5991 4664 4662
3 5990 4663 5989
3 5992 4664 5988
3 5992 4664 5991
3 5993 4662 5989
3 5993 4662 5991
3 5581 5988 5990
3 5581 5988 5992
3 5582 5989 5990
3 5582 5989 5993
3 5580 5991 5992
3 5582 5990 5581
3 5580 5991 5993
3 5580 5992 5581
3 5580 5993 5582
3 5580 5581 5582
3 4781 4782 4783
3 5994 4782 4783
3 5995 4782 4781
3 5996 4782 5994
3 5997 4783 4781
3 5996 4782 5995
3 5998 4783 5994
3 5998 4783 5997
3 5999 4781 5995
3 5999 4781 5997
3 5593 5994 5996
3 5593 5994 5998
3 5594 5995 5996
3 5594 5995 5999
3 5592 5997 5998
3 5594 5996 5593
3 5592 5997 5999
3 5592 5998 5593
3 5592 5999 5594
3 5592 5593 5594
3 4890 4891 4892
3 6000 4891 4892
3 6001 4891 4890
3 6002 4891 6000
3 6003 4892 4890
3 6002 4891 6001
3 6004 4892 6000
3 6004 4892 6003
3 6005 4890 6001
3 6005 4890 6003
3 6006 6000 6002
3 6006 6000 6004
3 6007 6001 6002
3 6007 6001 6005
3 6008 6003 6004
3 6007 6002 6006
3 6008 6003 6005
3 6008 6004 6006
3 6008 6005 6007
3 6008 6006 6007
3 4989 4990 4991
3 6009 4990 4991
3 6010 4990 4989
3 6011 4990 6009
3 6012 4991 4989
3 6011 4990 6010
3 6013 4991 6009
3 6013 4991 6012
3 6014 4989 6010
3 6014 4989 6012
3 6015 6009 6011
3 6015 6009 6013
3 6016 6010 6011
3 6016 6010 6014
3 6017 6012 6013
3 6016 6011 6015
3 6017 6012 6014
3 6017 6013 6015
3 6017 6014 6016
3 6017 6015 6016
3 5079 5080 5081
3 6018 5080 5081
3 6019 5080 5079
3 6020 5080 6018
3 6021 5081 5079
3 6020 5080 6019
3 6022 5081 6018
3 6022 5081 6021
3 6023 5079 6019
3 6023 5079 6021
3 6024 6018 6020
3 6024 6018 6022
3 6025 6019 6020
3 6025 6019 6023
3 6026 6021 6022
3 6025 6020 6024
3 6026 6021 6023
3 6026 6022 6024
3 6026 6023 6025
3 6026 6024 6025
# cell 1: 0 1 2 3 4 5 6 7
# cell 2: 8 9 10 11 12 13 14 15
# cell 3: 16 17 18 19 20 21 22 23
# cell 4: 24 25 26 27 28 29 30 31
# cell 5: 32 33 34 35 36 37 38 39
# cell 6: 40 41 42 43 44 45 46 47
# cell 7: 48 49 50 51 52 53 54 55
# cell 8: 56 57 58 59 60 61 62 63
# cell 9: 64 65 66 67 68 69 70 71
# cell 10: 72 73 74 75 76 77 78 79
# cell 11: 80 81 82 83 84 85 86 87
# cell 12: 88 89 90 91 92 93 94 95
# cell 13: 96 97 98 99 100 101 102 103
# cell 14: 104 105 106 107 108 109 110 111
# cell 15: 112 113 114 115 116 117 118 119
# cell 16: 120 121 122 123 124 125 126 127
# cell 17: 128 129 130 131 132 133 134 135
# cell 18: 136 137 138 139 140 141 142 143
# cell 19: 144 145 146 147 148 149 150 151
# cell 20: 152 153 154 155 156 157 158 159
# cell 21: 160 161 162 163 164 165 166 167
# cell 22: 168 169 170 171 172 173 174 175
# cell 23: 176 177 178 179 180 181 182 183
# cell 24: 184 185 186 187 188 189 190 191
# cell 25: 192 193 194 195 196 197 198 199
# cell 26: 200 201 202 203 204 205 206 207
# cell 27: 208 209 210 211 212 213 214 215
# cell 28: 216 217 218 219 220 221 222 223
# cell 29: 224 225 226 227 228 229 230 231
# cell 30: 232 233 234 235 236 237 238 239
# cell 31: 240 241 242 243 244 245 246 247
# cell 32: 248 249 250 251 252 253 254 255
# cell 33: 256 257 258 259 260 261 262 263
# cell 34: 264 265 266 267 268 269 270 271
# cell 35: 272 273 274 275 276 277 278 279
# cell 36: 280 281 282 283 284 285 286 287
# cell 37: 288 289 290 291 292 293 294 295
# cell 38: 296 297 298 299 300 301 302 303
# cell 39: 304 305 306 307 308 309 310 311
# cell 40: 312 313 314 315 316 317 318 319
# cell 41: 320 321 322 323 324 325 326 327
# cell 42: 328 329 330 331 332 333 334 335
# cell 43: 336 337 338 339 340 341 342 343
# cell 44: 344 345 346 347 348 349 350 351
# cell 45: 352 353 354 355 356 357 358 359
# cell 46: 360 361 362 363 364 365 366 367
# cell 47: 368 369 370 371 372 373 374 375
# cell 48: 376 377 378 379 380 381 382 383
# cell 49: 384 385 386 387 388 389 390 391
# cell 50: 392 393 394 395 396 397 398 399
# cell 51: 400 401 402 403 404 405 406 407
# cell 52: 408 409 410 411 412 413 414 415
# cell 53: 416 417 418 419 420 421 422 423
# cell 54: 424 425 426 427 428 429 430 431
# cell 55: 432 433 434 435 436 437 438 439
# cell 56: 440 441 442 443 444 445 446 447
# cell 57: 448 449 450 451 452 453 454 455
# cell 58: 456 457 458 459 460 461 462 463
# cell 59: 464 465 466 467 468 469 470 471
# cell 60: 472 473 474 475 476 477 478 479
# cell 61: 480 481 482 483 484 485 486 487
# cell 62: 488 489 490 491 492 493 494 495
# cell 63: 496 497 498 499 500 501 502 503
# cell 64: 504 505 506 507 508 509 510 511
# cell 65: 512 513 514 515 516 517 518 519
# cell 66: 520 521 522 523 524 525 526 527
# cell 67: 528 529 530 531 532 533 534 535
# cell 68: 536 537 538 539 540 541 542 543
# cell 69: 544 545 546 547 548 549 550 551
# cell 70: 552 553 554 555 556 557 558 559
# cell 71: 560 561 562 563 564 565 566 567
# cell 72: 568 569 570 571 572 573 574 575
# cell 73: 576 577 578 579 580 581 582 583
# cell 74: 584 585 586 587 588 589 590 591
# cell 75: 592 593 594 595 596 597 598 599
# cell 76: 600 601 602 603 604 605 606 607
# cell 77: 608 609 610 611 612 613 614 615
# cell 78: 616 617 618 619 620 621 622 623
# cell 79: 624 625 626 627 628 629 630 631
# cell 80: 632 633 634 635 636 637 638 639
# cell 81: 640 641 642 643 644 645 646 647
# cell 82: 648 649 650 651 652 653 654 655
# cell 83: 656 657 658 659 660 661 662 663
# cell 84: 664 665 666 667 668 669 670 671
# cell 85: 672 673 674 675 676 677 678 679
# cell 86: 680 681 682 683 684 685 686 687
# cell 87: 688 689 690 691 692 693 694 695
# cell 88: 696 697 698 699 700 701 702 703
# cell 89: 704 705 706 707 708 709 710 711
# cell 90: 712 713 714 715 716 717 718 719
# cell 91: 720 721 722 723 724 725 726 727
# cell 92: 728 729 730 731 732 733 734 735
# cell 93: 736 737 738 739 740 741 742 743
# cell 94: 744 745 746 747 748 749 750 751
# cell 95: 752 753 754 755 756 757 758 759
# cell 96: 760 761 762 763 764 765 766 767
# cell 97: 768 769 770 771 772 773 774 775
# cell 98: 776 777 778 779 780 781 782 783
# cell 99: 784 785 786 787 788 789 790 791
# cell 100: 792 793 794 795 796 797 798 799
# cell 101: 800 801 802 803 804 805 806 807
# cell 102: 808 809 810 811 812 813 814 815
# cell 103: 816 817 818 819 820 821 822 823
# cell 104: 824 825 826 827 828 829 830 831
# cell 105: 832 833 834 835 836 837 838 839
# cell 106: 840 841 842 843 844 845 846 847
# cell 107: 848 849 850 851 852 853 854 855
# cell 108: 856 857 858 859 860 861 862 863
# cell 109: 864 865 866 867 868 869 870 871
# cell 110: 872 873 874 875 876 877 878 879
# cell 111: 880 881 882 883 884 885 886 887
# cell 112: 888 889 890 891 892 893 894 895
# cell 113: 896 897 898 899 900 901 902 903
# cell 114: 904 905 906 907 908 909 910 911
# cell 115: 912 913 914 915 916 917 918 919
# cell 116: 920 921 922 923 924 925 926 927
# cell 117: 928 929 930 931 932 933 934 935
# cell 118: 936 937 938 939 940 941 942 943
# cell 119: 944 945 946 947 948 949 950 951
# cell 120: 952 953 954 955 956 957 958 959
# cell 121: 960 961 962 963 964 965 966 967
# cell 122: 968 969 970 971 972 973 974 975
# cell 123: 976 977 978 979 980 981 982 983
# cell 124: 984 985 986 987 988 989 990 991
# cell 125: 992 993 994 995 996 997 998 999
# cell 126: 1000 1001 1002 1003 1004 1005 1006 1007
# cell 127: 1008 1009 1010 1011 1012 1013 1014 1015
# cell 128: 1016 1017 1018 1019 1020 1021 1022 1023
# cell 129: 1024 1025 1026 1027 1028 1029 1030 1031
# cell 130: 1032 1033 1034 1035 1036 1037 1038 1039
# cell 131: 1040 1041 1042 1043 1044 1045 1046 1047
# cell 132: 1048 1049 1050 1051 1052 1053 1054 1055
# cell 133: 1056 1057 1058 1059 1060 1061 1062 1063
# cell 134: 1064 1065 1066 1067 1068 1069 1070 1071
# cell 135: 1072 1073 1074 1075 1076 1077 1078 1079
# cell 136: 1080 1081 1082 1083 1084 1085 1086 1087
# cell 137: 1088 1089 1090 1091 1092 1093 1094 1095
# cell 138: 1096 1097 1098 1099 1100 1101 1102 1103
# cell 139: 1104 1105 1106 1107 1108 1109 1110 1111
# cell 140: 1112 1113 1114 1115 1116 1117 1118 1119
# cell 141: 1120 1121 1122 1123 1124 1125 1126 1127
# cell 142: 1128 1129 1130 1131 1132 1133 1134 1135
# cell 143: 1136 1137 1138 1139 1140 1141 1142 1143
# cell 144: 1144 1145 1146 1147 1148 1149 1150 1151
# cell 145: 1152 1153 1154 1155 1156 1157 1158 1159
# cell 146: 1160 1161 1162 1163 1164 1165 1166 1167
# cell 147: 1168 1169 1170 1171 1172 1173 1174 1175
# cell 148: 1176 1177 1178 1179 1180 1181 1182 1183
# cell 149: 1184 1185 1186 1187 1188 1189 1190 1191
# cell 150: 1192 1193 1194 1195 1196 1197 1198 1199
# cell 151: 1200 1201 1202 1203 1204 1205 1206 1207
# cell 152: 1208 1209 1210 1211 1212 1213 1214 1215
# cell 153: 1216 1217 1218 1219 1220 1221 1222 1223
# cell 154: 1224 1225 1226 1227 1228 1229 1230 1231
# cell 155: 1232 1233 1234 1235 1236 1237 1238 1239
# cell 156: 1240 1241 1242 1243 1244 1245 1246 1247
# cell 157: 1248 1249 1250 1251 1252 1253 1254 1255
# cell 158: 1256 1257 1258 1259 1260 1261 1262 1263
# cell 159: 1264 1265 1266 1267 1268 1269 1270 1271
# cell 160: 1272 1273 1274 1275 1276 1277 1278 1279
# cell 161: 1280 1281 1282 1283 1284 1285 1286 1287
# cell 162: 1288 1289 1290 1291 1292 1293 1294 1295
# cell 163: 1296 1297 1298 1299 1300 1301 1302 1303
# cell 164: 1304 1305 1306 1307 1308 1309 1310 1311
# cell 165: 1312 1313 1314 1315 1316 1317 1318 1319
# cell 166: 1320 1321 1322 1323 1324 1325 1326 1327
# cell 167: 1328 1329 1330 1331 1332 1333 1334 1335
# cell 168: 1336 1337 1338 1339 1340 1341 1342 1343
# cell 169: 1344 1345 1346 1347 1348 1349 1350 1351
# cell 170: 1352 1353 1354 1355 1356 1357 1358 1359
# cell 171: 1360 1361 1362 1363 1364 1365 1366 1367
# cell 172: 1368 1369 1370 1371 1372 1373 1374 1375
# cell 173: 1376 1377 1378 1379 1380 1381 1382 1383
# cell 174: 1384 1385 1386 1387 1388 1389 1390 1391
# cell 175: 1392 1393 1394 1395 1396 1397 1398 1399
# cell 176: 1400 1401 1402 1403 1404 1405 1406 1407
# cell 177: 1408 1409 1410 1411 1412 1413 1414 1415
# cell 178: 1416 1417 1418 1419 1420 1421 1422 1423
# cell 179: 1424 1425 1426 1427 1428 1429 1430 1431
# cell 180: 1432 1433 1434 1435 1436 1437 1438 1439
# cell 181: 1440 1441 1442 1443 1444 1445 1446 1447
# cell 182: 1448 1449 1450 1451 1452 1453 1454 1455
# cell 183: 1456 1457 1458 1459 1460 1461 1462 1463
# cell 184: 1464 1465 1466 1467 1468 1469 1470 1471
# cell 185: 1472 1473 1474 1475 1476 1477 1478 1479
# cell 186: 1480 1481 1482 1483 1484 1485 1486 1487
# cell 187: 1488 1489 1490 1491 1492 1493 1494 1495
# cell 188: 1496 1497 1498 1499 1500 1501 1502 1503
# cell 189: 1504 1505 1506 1507 1508 1509 1510 1511
# cell 190: 1512 1513 1514 1515 1516 1517 1518 1519
# cell 191: 1520 1521 1522 1523 1524 1525 1526 1527
# cell 192: 1528 1529 1530 1531 1532 1533 1534 1535
# cell 193: 1536 1537 1538 1539 1540 1541 1542 1543
# cell 194: 1544 1545 1546 1547 1548 1549 1550 1551
# cell 195: 1552 1553 1554 1555 1556 1557 1558 1559
# cell 196: 1560 1561 1562 1563 1564 1565 1566 1567
# cell 197: 1568 1569 1570 1571 1572 1573 1574 1575
# cell 198: 1576 1577 1578 1579 1580 1581 1582 1583
# cell 199: 1584 1585 1586 1587 1588 1589 1590 1591
# cell 200: 1592 1593 1594 1595 1596 1597 1598 1599
# cell 201: 1600 1601 1602 1603 1604 1605 1606 1607
# cell 202: 1608 1609 1610 1611 1612 1613 1614 1615
# cell 203: 1616 1617 1618 1619 1620 1621 1622 1623
# cell 204: 1624 1625 1626 1627 1628 1629 1630 1631
# cell 205: 1632 1633 1634 1635 1636 1637 1638 1639
# cell 206: 1640 1641 1642 1643 1644 1645 1646 1647
# cell 207: 1648 1649 1650 1651 1652 1653 1654 1655
# cell 208: 1656 1657 1658 1659 1660 1661 1662 1663
# cell 209: 1664 1665 1666 1667 1668 1669 1670 1671
# cell 210: 1672 1673 1674 1675 1676 1677 1678 1679
# cell 211: 1680 1681 1682 1683 1684 1685 1686 1687
# cell 212: 1688 1689 1690 1691 1692 1693 1694 1695
# cell 213: 1696 1697 1698 1699 1700 1701 1702 1703
# cell 214: 1704 1705 1706 1707 1708 1709 1710 1711
# cell 215: 1712 1713 1714 1715 1716 1717 1718 1719
# cell 216: 1720 1721 1722 1723 1724 1725 1726 1727
# cell 217: 1728 1729 1730 1731 1732 1733 1734 1735
# cell 218: 1736 1737 1738 1739 1740 1741 1742 1743
# cell 219: 1744 1745 1746 1747 1748 1749 1750 1751
# cell 220: 1752 1753 1754 1755 1756 1757 1758 1759
# cell 221: 1760 1761 1762 1763 1764 1765 1766 1767
# cell 222: 1768 1769 1770 1771 1772 1773 1774 1775
# cell 223: 1776 1777 1778 1779 1780 1781 1782 1783
# cell 224: 1784 1785 1786 1787 1788 1789 1790 1791
# cell 225: 1792 1793 1794 1795 1796 1797 1798 1799
# cell 226: 1800 1801 1802 1803 1804 1805 1806 1807
# cell 227: 1808 1809 1810 1811 1812 1813 1814 1815
# cell 228: 1816 1817 1818 1819 1820 1821 1822 1823
# cell 229: 1824 1825 1826 1827 1828 1829 1830 1831
# cell 230: 1832 1833 1834 1835 1836 1837 1838 1839
# cell 231: 1840 1841 1842 1843 1844 1845 1846 1847
# cell 232: 1848 1849 1850 1851 1852 1853 1854 1855
# cell 233: 1856 1857 1858 1859 1860 1861 1862 1863
# cell 234: 1864 1865 1866 1867 1868 1869 1870 1871
# cell 235: 1872 1873 1874 1875 1876 1877 1878 1879
# cell 236: 1880 1881 1882 1883 1884 1885 1886 1887
# cell 237: 1888 1889 1890 1891 1892 1893 1894 1895
# cell 238: 1896 1897 1898 1899 1900 1901 1902 1903
# cell 239: 1904 1905 1906 1907 1908 1909 1910 1911
# cell 240: 1912 1913 1914 1915 1916 1917 1918 1919
# cell 241: 1920 1921 1922 1923 1924 1925 1926 1927
# cell 242: 1928 1929 1930 1931 1932 1933 1934 1935
# cell 243: 1936 1937 1938 1939 1940 1941 1942 1943
# cell 244: 1944 1945 1946 1947 1948 1949 1950 1951
# cell 245: 1952 1953 1954 1955 1956 1957 1958 1959
# cell 246: 1960 1961 1962 1963 1964 1965 1966 1967
# cell 247: 1968 1969 1970 1971 1972 1973 1974 1975
# cell 248: 1976 1977 1978 1979 1980 1981 1982 1983
# cell 249: 1984 1985 1986 1987 1988 1989 1990 1991
# cell 250: 1992 1993 1994 1995 1996 1997 1998 1999
# cell 251: 2000 2001 2002 2003 2004 2005 2006 2007
# cell 252: 2008 2009 2010 2011 2012 2013 2014 2015
# cell 253: 2016 2017 2018 2019 2020 2021 2022 2023
# cell 254: 2024 2025 2026 2027 2028 2029 2030 2031
# cell 255: 2032 2033 2034 2035 2036 2037 2038 2039
# cell 256: 2040 2041 2042 2043 2044 2045 2046 2047
# cell 257: 2048 2049 2050 2051 2052 2053 2054 2055
# cell 258: 2056 2057 2058 2059 2060 2061 2062 2063
# cell 259: 2064 2065 2066 2067 2068 2069 2070 2071
# cell 260: 2072 2073 2074 2075 2076 2077 2078 2079
# cell 261: 2080 2081 2082 2083 2084 2085 2086 2087
# cell 262: 2088 2089 2090 2091 2092 2093 2094 2095
# cell 263: 2096 2097 2098 2099 2100 2101 2102 2103
# cell 264: 2104 2105 2106 2107 2108 2109 2110 2111
# cell 265: 2112 2113 2114 2115 2116 2117 2118 2119
# cell 266: 2120 2121 2122 2123 2124 2125 2126 2127
# cell 267: 2128 2129 2130 2131 2132 2133 2134 2135
# cell 268: 2136 2137 2138 2139 2140 2141 2142 2143
# cell 269: 2144 2145 2146 2147 2148 2149 2150 2151
# cell 270: 2152 2153 2154 2155 2156 2157 2158 2159
# cell 271: 2160 2161 2162 2163 2164 2165 2166 2167
# cell 272: 2168 2169 2170 2171 2172 2173 2174 2175
# cell 273: 2176 2177 2178 2179 2180 2181 2182 2183
# cell 274: 2184 2185 2186 2187 2188 2189 2190 2191
# cell 275: 2192 2193 2194 2195 2196 2197 2198 2199
# cell 276: 2200 2201 2202 2203 2204 2205 2206 2207
# cell 277: 2208 2209 2210 2211 2212 2213 2214 2215
# cell 278: 2216 2217 2218 2219 2220 2221 2222 2223
# cell 279: 2224 2225 2226 2227 2228 2229 2230 2231
# cell 280: 2232 2233 2234 2235 2236 2237 2238 2239
# cell 281: 2240 2241 2242 2243 2244 2245 2246 2247
# cell 282: 2248 2249 2250 2251 2252 2253 2254 2255
# cell 283: 2256 2257 2258 2259 2260 2261 2262 2263
# cell 284: 2264 2265 2266 2267 2268 2269 2270 2271
# cell 285: 2272 2273 2274 2275 2276 2277 2278 2279
# cell 286: 2280 2281 2282 2283 2284 2285 2286 2287
# cell 287: 2288 2289 2290 2291 2292 2293 2294 2295
# cell 288: 2296 2297 2298 2299 2300 2301 2302 2303
# cell 289: 2304 2305 2306 2307 2308 2309 2310 2311
# cell 290: 2312 2313 2314 2315 2316 2317 2318 2319
# cell 291: 2320 2321 2322 2323 2324 2325 2326 2327
# cell 292: 2328 2329 2330 2331 2332 2333 2334 2335
# cell 293: 2336 2337 2338 2339 2340 2341 2342 2343
# cell 294: 2344 2345 2346 2347 2348 2349 2350 2351
# cell 295: 2352 2353 2354 2355 2356 2357 2358 2359
# cell 296: 2360 2361 2362 2363 2364 2365 2366 2367
# cell 297: 2368 2369 2370 2371 2372 2373 2374 2375
# cell 298: 2376 2377 2378 2379 2380 2381 2382 2383
# cell 299: 2384 2385 2386 2387 2388 2389 2390 2391
# cell 300: 2392 2393 2394 2395 2396 2397 2398 2399
# cell 301: 2400 2401 2402 2403 2404 2405 2406 2407
# cell 302: 2408 2409 2410 2411 2412 2413 2414 2415
# cell 303: 2416 2417 2418 2419 2420 2421 2422 2423
# cell 304: 2424 2425 2426 2427 2428 2429 2430 2431
# cell 305: 2432 2433 2434 2435 2436 2437 2438 2439
# cell 306: 2440 2441 2442 2443 2444 2445 2446 2447
# cell 307: 2448 2449 2450 2451 2452 2453 2454 2455
# cell 308: 2456 2457 2458 2459 2460 2461 2462 2463
# cell 309: 2464 2465 2466 2467 2468 2469 2470 2471
# cell 310: 2472 2473 2474 2475 2476 2477 2478 2479
# cell 311: 2480 2481 2482 2483 2484 2485 2486 2487
# cell 312: 2488 2489 2490 2491 2492 2493 2494 2495
# cell 313: 2496 2497 2498 2499 2500 2501 2502 2503
# cell 314: 2504 2505 2506 2507 2508 2509 2510 2511
# cell 315: 2512 2513 2514 2515 2516 2517 2518 2519
# cell 316: 2520 2521 2522 2523 2524 2525 2526 2527
# cell 317: 2528 2529 2530 2531 2532 2533 2534 2535
# cell 318: 2536 2537 2538 2539 2540 2541 2542 2543
# cell 319: 2544 2545 2546 2547 2548 2549 2550 2551
# cell 320: 2552 2553 2554 2555 2556 2557 2558 2559
# cell 321: 2560 2561 2562 2563 2564 2565 2566 2567
# cell 322: 2568 2569 2570 2571 2572 2573 2574 2575
# cell 323: 2576 2577 2578 2579 2580 2581 2582 2583
# cell 324: 2584 2585 2586 2587 2588 2589 2590 2591
# cell 325: 2592 2593 2594 2595 2596 2597 2598 2599
# cell 326: 2600 2601 2602 2603 2604 2605 2606 2607
# cell 327: 2608 2609 2610 2611 2612 2613 2614 2615
# cell 328: 2616 2617 2618 2619 2620 2621 2622 2623
# cell 329: 2624 2625 2626 2627 2628 2629 2630 2631
# cell 330: 2632 2633 2634 2635 2636 2637 2638 2639
# cell 331: 2640 2641 2642 2643 2644 2645 2646 2647
# cell 332: 2648 2649 2650 2651 2652 2653 2654 2655
# cell 333: 2656 2657 2658 2659 2660 2661 2662 2663
# cell 334: 2664 2665 2666 2667 2668 2669 2670 2671
# cell 335: 2672 2673 2674 2675 2676 2677 2678 2679
# cell 336: 2680 2681 2682 2683 2684 2685 2686 2687
# cell 337: 2688 2689 2690 2691 2692 2693 2694 2695
# cell 338: 2696 2697 2698 2699 2700 2701 2702 2703
# cell 339: 2704 2705 2706 2707 2708 2709 2710 2711
# cell 340: 2712 2713 2714 2715 2716 2717 2718 2719
# cell 341: 2720 2721 2722 2723 2724 2725 2726 2727
# cell 342: 2728 2729 2730 2731 2732 2733 2734 2735
# cell 343: 2736 2737 2738 2739 2740 2741 2742 2743
# cell 344: 2744 2745 2746 2747 2748 2749 2750 2751
# cell 345: 2752 2753 2754 2755 2756 2757 2758 2759
# cell 346: 2760 2761 2762 2763 2764 2765 2766 2767
# cell 347: 2768 2769 2770 2771 2772 2773 2774 2775
# cell 348: 2776 2777 2778 2779 2780 2781 2782 2783
# cell 349: 2784 2785 2786 2787 2788 2789 2790 2791
# cell 350: 2792 2793 2794 2795 2796 2797 2798 2799
# cell 351: 2800 2801 2802 2803 2804 2805 2806 2807
# cell 352: 2808 2809 2810 2811 2812 2813 2814 2815
# cell 353: 2816 2817 2818 2819 2820 2821 2822 2823
# cell 354: 2824 2825 2826 2827 2828 2829 2830 2831
# cell 355: 2832 2833 2834 2835 2836 2837 2838 2839
# cell 356: 2840 2841 2842 2843 2844 2845 2846 2847
# cell 357: 2848 2849 2850 2851 2852 2853 2854 2855
# cell 358: 2856 2857 2858 2859 2860 2861 2862 2863
# cell 359: 2864 2865 2866 2867 2868 2869 2870 2871
# cell 360: 2872 2873 2874 2875 2876 2877 2878 2879
# cell 361: 2880 2881 2882 2883 2884 2885 2886 2887
# cell 362: 2888 2889 2890 2891 2892 2893 2894 2895
# cell 363: 2896 2897 2898 2899 2900 2901 2902 2903
# cell 364: 2904 2905 2906 2907 2908 2909 2910 2911
# cell 365: 2912 2913 2914 2915 2916 2917 2918 2919
# cell 366: 2920 2921 2922 2923 2924 2925 2926 2927
# cell 367: 2928 2929 2930 2931 2932 2933 2934 2935
# cell 368: 2936 2937 2938 2939 2940 2941 2942 2943
# cell 369: 2944 2945 2946 2947 2948 2949 2950 2951
# cell 370: 2952 2953 2954 2955 2956 2957 2958 2959
# cell 371: 2960 2961 2962 2963 2964 2965 2966 2967
# cell 372: 2968 2969 2970 2971 2972 2973 2974 2975
# cell 373: 2976 2977 2978 2979 2980 2981 2982 2983
# cell 374: 2984 2985 2986 2987 2988 2989 2990 2991
# cell 375: 2992 2993 2994 2995 2996 2997 2998 2999
# cell 376: 3000 3001 3002 3003 3004 3005 3006 3007
# cell 377: 3008 3009 3010 3011 3012 3013 3014 3015
# cell 378: 3016 3017 3018 3019 3020 3021 3022 3023
# cell 379: 3024 3025 3026 3027 3028 3029 3030 3031
# cell 380: 3032 3033 3034 3035 3036 3037 3038 3039
# cell 381: 3040 3041 3042 3043 3044 3045 3046 3047
# cell 382: 3048 3049 3050 3051 3052 3053 3054 3055
# cell 383: 3056 3057 3058 3059 3060 3061 3062 3063
# cell 384: 3064 3065 3066 3067 3068 3069 3070 3071
# cell 385: 3072 3073 3074 3075 3076 3077 3078 3079
# cell 386: 3080 3081 3082 3083 3084 3085 3086 3087
# cell 387: 3088 3089 3090 3091 3092 3093 3094 3095
# cell 388: 3096 3097 3098 3099 3100 3101 3102 3103
# cell 389: 3104 3105 3106 3107 3108 3109 3110 3111
# cell 390: 3112 3113 3114 3115 3116 3117 3118 3119
# cell 391: 3120 3121 3122 3123 3124 3125 3126 3127
# cell 392: 3128 3129 3130 3131 3132 3133 3134 3135
# cell 393: 3136 3137 3138 3139 3140 3141 3142 3143
# cell 394: 3144 3145 3146 3147 3148 3149 3150 3151
# cell 395: 3152 3153 3154 3155 3156 3157 3158 3159
# cell 396: 3160 3161 3162 3163 3164 3165 3166 3167
# cell 397: 3168 3169 3170 3171 3172 3173 3174 3175
# cell 398: 3176 3177 3178 3179 3180 3181 3182 3183
# cell 399: 3184 3185 3186 3187 3188 3189 3190 3191
# cell 400: 3192 3193 3194 3195 3196 3197 3198 3199
# cell 401: 3200 3201 3202 3203 3204 3205 3206 3207
# cell 402: 3208 3209 3210 3211 3212 3213 3214 3215
# cell 403: 3216 3217 3218 3219 3220 3221 3222 3223
# cell 404: 3224 3225 3226 3227 3228 3229 3230 3231
# cell 405: 3232 3233 3234 3235 3236 3237 3238 3239
# cell 406: 3240 3241 3242 3243 3244 3245 3246 3247
# cell 407: 3248 3249 3250 3251 3252 3253 3254 3255
# cell 408: 3256 3257 3258 3259 3260 3261 3262 3263
# cell 409: 3264 3265 3266 3267 3268 3269 3270 3271
# cell 410: 3272 3273 3274 3275 3276 3277 3278 3279
# cell 411: 3280 3281 3282 3283 3284 3285 3286 3287
# cell 412: 3288 3289 3290 3291 3292 3293 3294 3295
# cell 413: 3296 3297 3298 3299 3300 3301 3302 3303
# cell 414: 3304 3305 3306 3307 3308 3309 3310 3311
# cell 415: 3312 3313 3314 3315 3316 3317 3318 3319
# cell 416: 3320 3321 3322 3323 3324 3325 3326 3327
# cell 417: 3328 3329 3330 3331 3332 3333 3334 3335
# cell 418: 3336 3337 3338 3339 3340 3341 3342 3343
# cell 419: 3344 3345 3346 3347 3348 3349 3350 3351
# cell 420: 3352 3353 3354 3355 3356 3357 3358 3359
# cell 421: 3360 3361 3362 3363 3364 3365 3366 3367
# cell 422: 3368 3369 3370 3371 3372 3373 3374 3375
# cell 423: 3376 3377 3378 3379 3380 3381 3382 3383
# cell 424: 3384 3385 3386 3387 3388 3389 3390 3391
# cell 425: 3392 3393 3394 3395 3396 3397 3398 3399
# cell 426: 3400 3401 3402 3403 3404 3405 3406 3407
# cell 427: 3408 3409 3410 3411 3412 3413 3414 3415
# cell 428: 3416 3417 3418 3419 3420 3421 3422 3423
# cell 429: 3424 3425 3426 3427 3428 3429 3430 3431
# cell 430: 3432 3433 3434 3435 3436 3437 3438 3439
# cell 431: 3440 3441 3442 3443 3444 3445 3446 3447
# cell 432: 3448 3449 3450 3451 3452 3453 3454 3455
# cell 433: 3456 3457 3458 3459 3460 3461 3462 3463
# cell 434: 3464 3465 3466 3467 3468 3469 3470 3471
# cell 435: 3472 3473 3474 3475 3476 3477 3478 3479
# cell 436: 3480 3481 3482 3483 3484 3485 3486 3487
# cell 437: 3488 3489 3490 3491 3492 3493 3494 3495
# cell 438: 3496 3497 3498 3499 3500 3501 3502 3503
# cell 439: 3504 3505 3506 3507 3508 3509 3510 3511
# cell 440: 3512 3513 3514 3515 3516 3517 3518 3519
# cell 441: 3520 3521 3522 3523 3524 3525 3526 3527
# cell 442: 3528 3529 3530 3531 3532 3533 3534 3535
# cell 443: 3536 3537 3538 3539 3540 3541 3542 3543
# cell 444: 3544 3545 3546 3547 3548 3549 3550 3551
# cell 445: 3552 3553 3554 3555 3556 3557 3558 3559
# cell 446: 3560 3561 3562 3563 3564 3565 3566 3567
# cell 447: 3568 3569 3570 3571 3572 3573 3574 3575
# cell 448: 3576 3577 3578 3579 3580 3581 3582 3583
# cell 449: 3584 3585 3586 3587 3588 3589 3590 3591
# cell 450: 3592 3593 3594 3595 3596 3597 3598 3599
# cell 451: 3600 3601 3602 3603 3604 3605 3606 3607
# cell 452: 3608 3609 3610 3611 3612 3613 3614 3615
# cell 453: 3616 3617 3618 3619 3620 3621 3622 3623
# cell 454: 3624 3625 3626 3627 3628 3629 3630 3631
# cell 455: 3632 3633 3634 3635 3636 3637 3638 3639
# cell 456: 3640 3641 3642 3643 3644 3645 3646 3647
# cell 457: 3648 3649 3650 3651 3652 3653 3654 3655
# cell 458: 3656 3657 3658 3659 3660 3661 3662 3663
# cell 459: 3664 3665 3666 3667 3668 3669 3670 3671
# cell 460: 3672 3673 3674 3675 3676 3677 3678 3679
# cell 461: 3680 3681 3682 3683 3684 3685 3686 3687
# cell 462: 3688 3689 3690 3691 3692 3693 3694 3695
# cell 463: 3696 3697 3698 3699 3700 3701 3702 3703
# cell 464: 3704 3705 3706 3707 3708 3709 3710 3711
# cell 465: 3712 3713 3714 3715 3716 3717 3718 3719
# cell 466: 3720 3721 3722 3723 3724 3725 3726 3727
# cell 467: 3728 3729 3730 3731 3732 3733 3734 3735
# cell 468: 3736 3737 3738 3739 3740 3741 3742 3743
# cell 469: 3744 3745 3746 3747 3748 3749 3750 3751
# cell 470: 3752 3753 3754 3755 3756 3757 3758 3759
# cell 471: 3760 3761 3762 3763 3764 3765 3766 3767
# cell 472: 3768 3769 3770 3771 3772 3773 3774 3775
# cell 473: 3776 3777 3778 3779 3780 3781 3782 3783
# cell 474: 3784 3785 3786 3787 3788 3789 3790 3791
# cell 475: 3792 3793 3794 3795 3796 3797 3798 3799
# cell 476: 3800 3801 3802 3803 3804 3805 3806 3807
# cell 477: 3808 3809 3810 3811 3812 3813 3814 3815
# cell 478: 3816 3817 3818 3819 3820 3821 3822 3823
# cell 479: 3824 3825 3826 3827 3828 3829 3830 3831
# cell 480: 3832 3833 3834 3835 3836 3837 3838 3839
# cell 481: 3840 3841 3842 3843 3844 3845 3846 3847
# cell 482: 3848 3849 3850 3851 3852 3853 3854 3855
# cell 483: 3856 3857 3858 3859 3860 3861 3862 3863
# cell 484: 3864 3865 3866 3867 3868 3869 3870 3871
# cell 485: 3872 3873 3874 3875 3876 3877 3878 3879
# cell 486: 3880 3881 3882 3883 3884 3885 3886 3887
# cell 487: 3888 3889 3890 3891 3892 3893 3894 3895
# cell 488: 3896 3897 3898 3899 3900 3901 3902 3903
# cell 489: 3904 3905 3906 3907 3908 3909 3910 3911
# cell 490: 3912 3913 3914 3915 3916 3917 3918 3919
# cell 491: 3920 3921 3922 3923 3924 3925 3926 3927
# cell 492: 3928 3929 3930 3931 3932 3933 3934 3935
# cell 493: 3936 3937 3938 3939 3940 3941 3942 3943
# cell 494: 3944 3945 3946 3947 3948 3949 3950 3951
# cell 495: 3952 3953 3954 3955 3956 3957 3958 3959
# cell 496: 3960 3961 3962 3963 3964 3965 3966 3967
# cell 497: 3968 3969 3970 3971 3972 3973 3974 3975
# cell 498: 3976 3977 3978 3979 3980 3981 3982 3983
# cell 499: 3984 3985 3986 3987 3988 3989 3990 3991
# cell 500: 3992 3993 3994 3995 3996 3997 3998 3999
# cell 501: 4000 4001 4002 4003 4004 4005 4006 4007
# cell 502: 4008 4009 4010 4011 4012 4013 4014 4015
# cell 503: 4016 4017 4018 4019 4020 4021 4022 4023
# cell 504: 4024 4025 4026 4027 4028 4029 4030 4031
# cell 505: 4032 4033 4034 4035 4036 4037 4038 4039
# cell 506: 4040 4041 4042 4043 4044 4045 4046 4047
# cell 507: 4048 4049 4050 4051 4052 4053 4054 4055
# cell 508: 4056 4057 4058 4059 4060 4061 4062 4063
# cell 509: 4064 4065 4066 4067 4068 4069 4070 4071
# cell 510: 4072 4073 4074 4075 4076 4077 4078 4079
# cell 511: 4080 4081 4082 4083 4084 4085 4086 4087
# cell 512: 4088 4089 4090 4091 4092 4093 4094 4095
# cell 513: 4096 4097 4098 4099 4100 4101 4102 4103
# cell 514: 4104 4105 4106 4107 4108 4109 4110 4111
# cell 515: 4112 4113 4114 4115 4116 4117 4118 4119
# cell 516: 4120 4121 4122 4123 4124 4125 4126 4127
# cell 517: 4128 4129 4130 4131 4132 4133 4134 4135
# cell 518: 4136 4137 4138 4139 4140 4141 4142 4143
# cell 519: 4144 4145 4146 4147 4148 4149 4150 4151
# cell 520: 4152 4153 4154 4155 4156 4157 4158 4159
# cell 521: 4160 4161 4162 4163 4164 4165 4166 4167
# cell 522: 4168 4169 4170 4171 4172 4173 4174 4175
# cell 523: 4176 4177 4178 4179 4180 4181 4182 4183
# cell 524: 4184 4185 4186 4187 4188 4189 4190 4191
# cell 525: 4192 4193 4194 4195 4196 4197 4198 4199
# cell 526: 4200 4201 4202 4203 4204 4205 4206 4207
# cell 527: 4208 4209 4210 4211 4212 4213 4214 4215
# cell 528: 4216 4217 4218 4219 4220 4221 4222 4223
# cell 529: 4224 4225 4226 4227 4228 4229 4230 4231
# cell 530: 4232 4233 4234 4235 4236 4237 4238 4239
# cell 531: 4240 4241 4242 4243 4244 4245 4246 4247
# cell 532: 4248 4249 4250 4251 4252 4253 4254 4255
# cell 533: 4256 4257 4258 4259 4260 4261 4262 4263
# cell 534: 4264 4265 4266 4267 4268 4269 4270 4271
# cell 535: 4272 4273 4274 4275 4276 4277 4278 4279
# cell 536: 4280 4281 4282 4283 4284 4285 4286 4287
# cell 537: 4288 4289 4290 4291 4292 4293 4294 4295
# cell 538: 4296 4297 4298 4299 4300 4301 4302 4303
# cell 539: 4304 4305 4306 4307 4308 4309 4310 4311
# cell 540: 4312 4313 4314 4315 4316 4317 4318 4319
# cell 541: 4320 4321 4322 4323 4324 4325 4326 4327
# cell 542: 4328 4329 4330 4331 4332 4333 4334 4335
# cell 543: 4336 4337 4338 4339 4340 4341 4342 4343
# cell 544: 4344 4345 4346 4347 4348 4349 4350 4351
# cell 545: 4352 4353 4354 4355 4356 4357 4358 4359
# cell 546: 4360 4361 4362 4363 4364 4365 4366 4367
# cell 547: 4368 4369 4370 4371 4372 4373 4374 4375
# cell 548: 4376 4377 4378 4379 4380 4381 4382 4383
# cell 549: 4384 4385 4386 4387 4388 4389 4390 4391
# cell 550: 4392 4393 4394 4395 4396 4397 4398 4399
# cell 551: 4400 4401 4402 4403 4404 4405 4406 4407
# cell 552: 4408 4409 4410 4411 4412 4413 4414 4415
# cell 553: 4416 4417 4418 4419 4420 4421 4422 4423
# cell 554: 4424 4425 4426 4427 4428 4429 4430 4431
# cell 555: 4432 4433 4434 4435 4436 4437 4438 4439
# cell 556: 4440 4441 4442 4443 4444 4445 4446 4447
# cell 557: 4448 4449 4450 4451 4452 4453 4454 4455
# cell 558: 4456 4457 4458 4459 4460 4461 4462 4463
# cell 559: 4464 4465 4466 4467 4468 4469 4470 4471
# cell 560: 4472 4473 4474 4475 4476 4477 4478 4479
# cell 561: 4480 4481 4482 4483 4484 4485 4486 4487
# cell 562: 4488 4489 4490 4491 4492 4493 4494 4495
# cell 563: 4496 4497 4498 4499 4500 4501 4502 4503
# cell 564: 4504 4505 4506 4507 4508 4509 4510 4511
# cell 565: 4512 4513 4514 4515 4516 4517 4518 4519
# cell 566: 4520 4521 4522 4523 4524 4525 4526 4527
# cell 567: 4528 4529 4530 4531 4532 4533 4534 4535
# cell 568: 4536 4537 4538 4539 4540 4541 4542 4543
# cell 569: 4544 4545 4546 4547 4548 4549 4550 4551
# cell 570: 4552 4553 4554 4555 4556 4557 4558 4559
# cell 571: 4560 4561 4562 4563 4564 4565 4566 4567
# cell 572: 4568 4569 4570 4571 4572 4573 4574 4575
# cell 573: 4576 4577 4578 4579 4580 4581 4582 4583
# cell 574: 4584 4585 4586 4587 4588 4589 4590 4591
# cell 575: 4592 4593 4594 4595 4596 4597 4598 4599
# cell 576: 4600 4601 4602 4603 4604 4605 4606 4607
# cell 577: 4608 4609 4610 4611 4612 4613 4614 4615
# cell 578: 4616 4617 4618 4619 4620 4621 4622 4623
# cell 579: 4624 4625 4626 4627 4628 4629 4630 4631
# cell 580: 4632 4633 4634 4635 4636 4637 4638 4639
# cell 581: 4640 4641 4642 4643 4644 4645 4646 4647
# cell 582: 4648 4649 4650 4651 4652 4653 4654 4655
# cell 583: 4656 4657 4658 4659 4660 4661 4662 4663
# cell 584: 4664 4665 4666 4667 4668 4669 4670 4671
# cell 585: 4672 4673 4674 4675 4676 4677 4678 4679
# cell 586: 4680 4681 4682 4683 4684 4685 4686 4687
# cell 587: 4688 4689 4690 4691 4692 4693 4694 4695
# cell 588: 4696 4697 4698 4699 4700 4701 4702 4703
# cell 589: 4704 4705 4706 4707 4708 4709 4710 4711
# cell 590: 4712 4713 4714 4715 4716 4717 4718 4719
# cell 591: 4720 4721 4722 4723 4724 4725 4726 4727
# cell 592: 4728 4729 4730 4731 4732 4733 4734 4735
# cell 593: 4736 4737 4738 4739 4740 4741 4742 4743
# cell 594: 4744 4745 4746 4747 4748 4749 4750 4751
# cell 595: 4752 4753 4754 4755 4756 4757 4758 4759
# cell 596: 4760 4761 4762 4763 4764 4765 4766 4767
# cell 597: 4768 4769 4770 4771 4772 4773 4774 4775
# cell 598: 4776 4777 4778 4779 4780 4781 4782 4783
# cell 599: 4784 4785 4786 4787 4788 4789 4790 4791
# cell 600: 4792 4793 4794 4795 4796 4797 4798 4799
# cell 601: 4800 4801 4802 4803 4804 4805 4806 4807 4808 4809 4810 4811 4812 4813 4814 4815 4816 4817 4818 4819
# cell 602: 4820 4821 4822 4823 4824 4825 4826 4827 4828 4829 4830 4831 4832 4833 4834 4835 4836 4837 4838 4839
# cell 603: 4840 4841 4842 4843 4844 4845 4846 4847 4848 4849 4850 4851 4852 4853 4854 4855 4856 4857 4858 4859
# cell 604: 4860 4861 4862 4863 4864 4865 4866 4867 4868 4869 4870 4871 4872 4873 4874 4875 4876 4877 4878 4879
# cell 605: 4880 4881 4882 4883 4884 4885 4886 4887 4888 4889 4890 4891 4892 4893 4894 4895 4896 4897 4898 4899
# cell 606: 4900 4901 4902 4903 4904 4905 4906 4907 4908 4909 4910 4911 4912 4913 4914 4915 4916 4917 4918 4919
# cell 607: 4920 4921 4922 4923 4924 4925 4926 4927 4928 4929 4930 4931 4932 4933 4934 4935 4936 4937 4938 4939
# cell 608: 4940 4941 4942 4943 4944 4945 4946 4947 4948 4949 4950 4951 4952 4953 4954 4955 4956 4957 4958 4959
# cell 609: 4960 4961 4962 4963 4964 4965 4966 4967 4968 4969 4970 4971 4972 4973 4974 4975 4976 4977 4978 4979
# cell 610: 4980 4981 4982 4983 4984 4985 4986 4987 4988 4989 4990 4991 4992 4993 4994 4995 4996 4997 4998 4999
# cell 611: 5000 5001 5002 5003 5004 5005 5006 5007 5008 5009 5010 5011 5012 5013 5014 5015 5016 5017 5018 5019
# cell 612: 5020 5021 5022 5023 5024 5025 5026 5027 5028 5029 5030 5031 5032 5033 5034 5035 5036 5037 5038 5039
# cell 613: 5040 5041 5042 5043 5044 5045 5046 5047 5048 5049 5050 5051 5052 5053 5054 5055 5056 5057 5058 5059
# cell 614: 5060 5061 5062 5063 5064 5065 5066 5067 5068 5069 5070 5071 5072 5073 5074 5075 5076 5077 5078 5079
# cell 615: 5080 5081 5082 5083 5084 5085 5086 5087 5088 5089 5090 5091 5092 5093 5094 5095 5096 5097 5098 5099
# cell 616: 5100 5101 5102 5103 5104 5105 5106 5107 5108 5109 5110 5111 5112 5113 5114 5115 5116 5117 5118 5119
# cell 617: 5120 5121 5122 5123 5124 5125 5126 5127 5128 5129 5130 5131 5132 5133 5134 5135 5136 5137 5138 5139
# cell 618: 5140 5141 5142 5143 5144 5145 5146 5147 5148 5149 5150 5151 5152 5153 5154 5155 5156 5157 5158 5159
# cell 619: 5160 5161 5162 5163 5164 5165 5166 5167 5168 5169 5170 5171 5172 5173 5174 5175 5176 5177 5178 5179
# cell 620: 5180 5181 5182 5183 5184 5185 5186 5187 5188 5189 5190 5191 5192 5193 5194 5195 5196 5197 5198 5199
# cell 621: 5200 5201 5202 5203 5204 5205 5206 5207 5208 5209 5210 5211 5212 5213 5214 5215 5216 5217 5218 5219
# cell 622: 5220 5221 5222 5223 5224 5225 5226 5227 5228 5229 5230 5231 5232 5233 5234 5235 5236 5237 5238 5239
# cell 623: 5240 5241 5242 5243 5244 5245 5246 5247 5248 5249 5250 5251 5252 5253 5254 5255 5256 5257 5258 5259
# cell 624: 5260 5261 5262 5263 5264 5265 5266 5267 5268 5269 5270 5271 5272 5273 5274 5275 5276 5277 5278 5279
# cell 625: 5280 5281 5282 5283 5284 5285 5286 5287 5288 5289 5290 5291 5292 5293 5294 5295 5296 5297 5298 5299
# cell 626: 5300 5301 5302 5303 5304 5305 5306 5307 5308 5309 5310 5311 5312 5313 5314 5315 5316 5317 5318 5319
# cell 627: 5320 5321 5322 5323 5324 5325 5326 5327 5328 5329 5330 5331 5332 5333 5334 5335 5336 5337 5338 5339
# cell 628: 5340 5341 5342 5343 5344 5345 5346 5347 5348 5349 5350 5351 5352 5353 5354 5355 5356 5357 5358 5359
# cell 629: 5360 5361 5362 5363 5364 5365 5366 5367 5368 5369 5370 5371 5372 5373 5374 5375 5376 5377 5378 5379
# cell 630: 5380 5381 5382 5383 5384 5385 5386 5387 5388 5389 5390 5391 5392 5393 5394 5395 5396 5397 5398 5399
# cell 631: 5400 5401 5402 5403 5404 5405 5406 5407 5408 5409 5410 5411 5412 5413 5414 5415 5416 5417 5418 5419
# cell 632: 5420 5421 5422 5423 5424 5425 5426 5427 5428 5429 5430 5431 5432 5433 5434 5435 5436 5437 5438 5439
# cell 633: 5440 5441 5442 5443 5444 5445 5446 5447 5448 5449 5450 5451 5452 5453 5454 5455 5456 5457 5458 5459
# cell 634: 5460 5461 5462 5463 5464 5465 5466 5467 5468 5469 5470 5471 5472 5473 5474 5475 5476 5477 5478 5479
# cell 635: 5480 5481 5482 5483 5484 5485 5486 5487 5488 5489 5490 5491 5492 5493 5494 5495 5496 5497 5498 5499
# cell 636: 5500 5501 5502 5503 5504 5505 5506 5507 5508 5509 5510 5511 5512 5513 5514 5515 5516 5517 5518 5519
# cell 637: 5520 5521 5522 5523 5524 5525 5526 5527 5528 5529 5530 5531 5532 5533 5534 5535 5536 5537 5538 5539
# cell 638: 5540 5541 5542 5543 5544 5545 5546 5547 5548 5549 5550 5551 5552 5553 5554 5555 5556 5557 5558 5559
# cell 639: 5560 5561 5562 5563 5564 5565 5566 5567 5568 5569 5570 5571 5572 5573 5574 5575 5576 5577 5578 5579
# cell 640: 5580 5581 5582 5583 5584 5585 5586 5587 5588 5589 5590 5591 5592 5593 5594 5595 5596 5597 5598 5599
# cell 641: 5600 5601 5602 5603 5604 5605 5606 5607 5608 5609 5610 5611 5612 5613 5614 5615 5616 5617 5618 5619
# cell 642: 5620 5621 5622 5623 5624 5625 5626 5627 5628 5629 5630 5631 5632 5633 5634 5635 5636 5637 5638 5639
# cell 643: 5640 5641 5642 5643 5644 5645 5646 5647 5648 5649 5650 5651 5652 5653 5654 5655 5656 5657 5658 5659
# cell 644: 5660 5661 5662 5663 5664 5665 5666 5667 5668 5669 5670 5671 5672 5673 5674 5675 5676 5677 5678 5679
# cell 645: 5680 5681 5682 5683 5684 5685 5686 5687 5688 5689 5690 5691 5692 5693 5694 5695 5696 5697 5698 5699
# cell 646: 5700 5701 5702 5703 5704 5705 5706 5707 5708 5709 5710 5711 5712 5713 5714 5715 5716 5717 5718 5719
# cell 647: 5720 5721 5722 5723 5724 5725 5726 5727 5728 5729 5730 5731 5732 5733 5734 5735 5736 5737 5738 5739
# cell 648: 5740 5741 5742 5743 5744 5745 5746 5747 5748 5749 5750 5751 5752 5753 5754 5755 5756 5757 5758 5759
# cell 649: 5760 5761 5762 5763 5764 5765 5766 5767 5768 5769 5770 5771 5772 5773 5774 5775 5776 5777 5778 5779
# cell 650: 5780 5781 5782 5783 5784 5785 5786 5787 5788 5789 5790 5791 5792 5793 5794 5795 5796 5797 5798 5799
# cell 651: 5800 5801 5802 5803 5804 5805 5806 5807 5808 5809 5810 5811 5812 5813 5814 5815 5816 5817 5818 5819
# cell 652: 5820 5821 5822 5823 5824 5825 5826 5827 5828 5829 5830 5831 5832 5833 5834 5835 5836 5837 5838 5839
# cell 653: 5840 5841 5842 5843 5844 5845 5846 5847 5848 5849 5850 5851 5852 5853 5854 5855 5856 5857 5858 5859
# cell 654: 5860 5861 5862 5863 5864 5865 5866 5867 5868 5869 5870 5871 5872 5873 5874 5875 5876 5877 5878 5879
# cell 655: 5880 5881 5882 5883 5884 5885 5886 5887 5888 5889 5890 5891 5892 5893 5894 5895 5896 5897 5898 5899
# cell 656: 5900 5901 5902 5903 5904 5905 5906 5907 5908 5909 5910 5911 5912 5913 5914 5915 5916 5917 5918 5919
# cell 657: 5920 5921 5922 5923 5924 5925 5926 5927 5928 5929 5930 5931 5932 5933 5934 5935 5936 5937 5938 5939
# cell 658: 5940 5941 5942 5943 5944 5945 5946 5947 5948 5949 5950 5951 5952 5953 5954 5955 5956 5957 5958 5959
# cell 659: 5960 5961 5962 5963 5964 5965 5966 5967 5968 5969 5970 5971 5972 5973 5974 5975 5976 5977 5978 5979
# cell 660: 5980 5981 5982 5983 5984 5985 5986 5987 5988 5989 5990 5991 5992 5993 5994 5995 5996 5997 5998 5999
# cell 661: 6000 6001 6002 6003 6004 6005 6006 6007 6008 6009 6010 6011 6012 6013 6014 6015 6016 6017 6018 6019
# cell 662: 6020 6021 6022 6023 6024 6025 6026 6027 6028 6029 6030 6031 6032 6033 6034 6035 6036 6037 6038 6039
# cell 663: 6040 6041 6042 6043 6044 6045 6046 6047 6048 6049 6050 6051 6052 6053 6054 6055 6056 6057 6058 6059
# cell 664: 6060 6061 6062 6063 6064 6065 6066 6067 6068 6069 6070 6071 6072 6073 6074 6075 6076 6077 6078 6079
# cell 665: 6080 6081 6082 6083 6084 6085 6086 6087 6088 6089 6090 6091 6092 6093 6094 6095 6096 6097 6098 6099
# cell 666: 6100 6101 6102 6103 6104 6105 6106 6107 6108 6109 6110 6111 6112 6113 6114 6115 6116 6117 6118 6119
# cell 667: 6120 6121 6122 6123 6124 6125 6126 6127 6128 6129 6130 6131 6132 6133 6134 6135 6136 6137 6138 6139
# cell 668: 6140 6141 6142 6143 6144 6145 6146 6147 6148 6149 6150 6151 6152 6153 6154 6155 6156 6157 6158 6159
# cell 669: 6160 6161 6162 6163 6164 6165 6166 6167 6168 6169 6170 6171 6172 6173 6174 6175 6176 6177 6178 6179
# cell 670: 6180 6181 6182 6183 6184 6185 6186 6187 6188 6189 6190 6191 6192 6193 6194 6195 6196 6197 6198 6199
# cell 671: 6200 6201 6202 6203 6204 6205 6206 6207 6208 6209 6210 6211 6212 6213 6214 6215 6216 6217 6218 6219
# cell 672: 6220 6221 6222 6223 6224 6225 6226 6227 6228 6229 6230 6231 6232 6233 6234 6235 6236 6237 6238 6239
# cell 673: 6240 6241 6242 6243 6244 6245 6246 6247 6248 6249 6250 6251 6252 6253 6254 6255 6256 6257 6258 6259
# cell 674: 6260 6261 6262 6263 6264 6265 6266 6267 6268 6269 6270 6271 6272 6273 6274 6275 6276 6277 6278 6279
# cell 675: 6280 6281 6282 6283 6284 6285 6286 6287 6288 6289 6290 6291 6292 6293 6294 6295 6296 6297 6298 6299
# cell 676: 6300 6301 6302 6303 6304 6305 6306 6307 6308 6309 6310 6311 6312 6313 6314 6315 6316 6317 6318 6319
# cell 677: 6320 6321 6322 6323 6324 6325 6326 6327 6328 6329 6330 6331 6332 6333 6334 6335 6336 6337 6338 6339
# cell 678: 6340 6341 6342 6343 6344 6345 6346 6347 6348 6349 6350 6351 6352 6353 6354 6355 6356 6357 6358 6359
# cell 679: 6360 6361 6362 6363 6364 6365 6366 6367 6368 6369 6370 6371 6372 6373 6374 6375 6376 6377 6378 6379
# cell 680: 6380 6381 6382 6383 6384 6385 6386 6387 6388 6389 6390 6391 6392 6393 6394 6395 6396 6397 6398 6399
# cell 681: 6400 6401 6402 6403 6404 6405 6406 6407 6408 6409 6410 6411 6412 6413 6414 6415 6416 6417 6418 6419
# cell 682: 6420 6421 6422 6423 6424 6425 6426 6427 6428 6429 6430 6431 6432 6433 6434 6435 6436 6437 6438 6439
# cell 683: 6440 6441 6442 6443 6444 6445 6446 6447 6448 6449 6450 6451 6452 6453 6454 6455 6456 6457 6458 6459
# cell 684: 6460 6461 6462 6463 6464 6465 6466 6467 6468 6469 6470 6471 6472 6473 6474 6475 6476 6477 6478 6479
# cell 685: 6480 6481 6482 6483 6484 6485 6486 6487 6488 6489 6490 6491 6492 6493 6494 6495 6496 6497 6498 6499
# cell 686: 6500 6501 6502 6503 6504 6505 6506 6507 6508 6509 6510 6511 6512 6513 6514 6515 6516 6517 6518 6519
# cell 687: 6520 6521 6522 6523 6524 6525 6526 6527 6528 6529 6530 6531 6532 6533 6534 6535 6536 6537 6538 6539
# cell 688: 6540 6541 6542 6543 6544 6545 6546 6547 6548 6549 6550 6551 6552 6553 6554 6555 6556 6557 6558 6559
# cell 689: 6560 6561 6562 6563 6564 6565 6566 6567 6568 6569 6570 6571 6572 6573 6574 6575 6576 6577 6578 6579
# cell 690: 6580 6581 6582 6583 6584 6585 6586 6587 6588 6589 6590 6591 6592 6593 6594 6595 6596 6597 6598 6599
# cell 691: 6600 6601 6602 6603 6604 6605 6606 6607 6608 6609 6610 6611 6612 6613 6614 6615 6616 6617 6618 6619
# cell 692: 6620 6621 6622 6623 6624 6625 6626 6627 6628 6629 6630 6631 6632 6633 6634 6635 6636 6637 6638 6639
# cell 693: 6640 6641 6642 6643 6644 6645 6646 6647 6648 6649 6650 6651 6652 6653 6654 6655 6656 6657 6658 6659
# cell 694: 6660 6661 6662 6663 6664 6665 6666 6667 6668 6669 6670 6671 6672 6673 6674 6675 6676 6677 6678 6679
# cell 695: 6680 6681 6682 6683 6684 6685 6686 6687 6688 6689 6690 6691 6692 6693 6694 6695 6696 6697 6698 6699
# cell 696: 6700 6701 6702 6703 6704 6705 6706 6707 6708 6709 6710 6711 6712 6713 6714 6715 6716 6717 6718 6719
# cell 697: 6720 6721 6722 6723 6724 6725 6726 6727 6728 6729 6730 6731 6732 6733 6734 6735 6736 6737 6738 6739
# cell 698: 6740 6741 6742 6743 6744 6745 6746 6747 6748 6749 6750 6751 6752 6753 6754 6755 6756 6757 6758 6759
# cell 699: 6760 6761 6762 6763 6764 6765 6766 6767 6768 6769 6770 6771 6772 6773 6774 6775 6776 6777 6778 6779
# cell 700: 6780 6781 6782 6783 6784 6785 6786 6787 6788 6789 6790 6791 6792 6793 6794 6795 6796 6797 6798 6799
# cell 701: 6800 6801 6802 6803 6804 6805 6806 6807 6808 6809 6810 6811 6812 6813 6814 6815 6816 6817 6818 6819
# cell 702: 6820 6821 6822 6823 6824 6825 6826 6827 6828 6829 6830 6831 6832 6833 6834 6835 6836 6837 6838 6839
# cell 703: 6840 6841 6842 6843 6844 6845 6846 6847 6848 6849 6850 6851 6852 6853 6854 6855 6856 6857 6858 6859
# cell 704: 6860 6861 6862 6863 6864 6865 6866 6867 6868 6869 6870 6871 6872 6873 6874 6875 6876 6877 6878 6879
# cell 705: 6880 6881 6882 6883 6884 6885 6886 6887 6888 6889 6890 6891 6892 6893 6894 6895 6896 6897 6898 6899
# cell 706: 6900 6901 6902 6903 6904 6905 6906 6907 6908 6909 6910 6911 6912 6913 6914 6915 6916 6917 6918 6919
# cell 707: 6920 6921 6922 6923 6924 6925 6926 6927 6928 6929 6930 6931 6932 6933 6934 6935 6936 6937 6938 6939
# cell 708: 6940 6941 6942 6943 6944 6945 6946 6947 6948 6949 6950 6951 6952 6953 6954 6955 6956 6957 6958 6959
# cell 709: 6960 6961 6962 6963 6964 6965 6966 6967 6968 6969 6970 6971 6972 6973 6974 6975 6976 6977 6978 6979
# cell 710: 6980 6981 6982 6983 6984 6985 6986 6987 6988 6989 6990 6991 6992 6993 6994 6995 6996 6997 6998 6999
# cell 711: 7000 7001 7002 7003 7004 7005 7006 7007 7008 7009 7010 7011 7012 7013 7014 7015 7016 7017 7018 7019
# cell 712: 7020 7021 7022 7023 7024 7025 7026 7027 7028 7029 7030 7031 7032 7033 7034 7035 7036 7037 7038 7039
# cell 713: 7040 7041 7042 7043 7044 7045 7046 7047 7048 7049 7050 7051 7052 7053 7054 7055 7056 7057 7058 7059
# cell 714: 7060 7061 7062 7063 7064 7065 7066 7067 7068 7069 7070 7071 7072 7073 7074 7075 7076 7077 7078 7079
# cell 715: 7080 7081 7082 7083 7084 7085 7086 7087 7088 7089 7090 7091 7092 7093 7094 7095 7096 7097 7098 7099
# cell 716: 7100 7101 7102 7103 7104 7105 7106 7107 7108 7109 7110 7111 7112 7113 7114 7115 7116 7117 7118 7119
# cell 717: 7120 7121 7122 7123 7124 7125 7126 7127 7128 7129 7130 7131 7132 7133 7134 7135 7136 7137 7138 7139
# cell 718: 7140 7141 7142 7143 7144 7145 7146 7147 7148 7149 7150 7151 7152 7153 7154 7155 7156 7157 7158 7159
# cell 719: 7160 7161 7162 7163 7164 7165 7166 7167 7168 7169 7170 7171 7172 7173 7174 7175 7176 7177 7178 7179
# cell 720: 7180 7181 7182 7183 7184 7185 7186 7187 7188 7189 7190 7191 7192 7193 7194 7195 7196 7197 7198 7199