OFF
# face-rotation BFS net; polygonal faces are preserved
# the cell decomposition is listed below as comments
10288 8640 0
-0.43701602444882 1.0998006616965346 -2.024711213705997
-2.055050013198715 0.5740695495774008 -0.9732489894677291
-2.055050013198715 -1.1272320671266798 0.07821323477053783
-0.4370160244488202 -2.302802571711626 0.07821323477053783
1.181017964301075 -1.777071459592492 -0.9732489894677291
1.181017964301075 -0.07576984288841163 -2.024711213705997
-0.35032928508522715 1.2191147225011802 1.972569057192307
-2.0117066435169186 0.6337265799797231 1.0253911459814224
1.2243613339828712 -1.7174144291901692 1.0253911459814224
1.2677047036646678 0.043544217916234015 1.972569057192307
1.2243613339828712 1.6851888042179928 -1.0775333024951124
1.2677047036646678 1.744845834620315 0.9211068329540391
-5.348909150274234 -1.6911364596666845 -0.8342032387645519
-3.7019795817364747 -2.259835071748722 0.1477361101221264
-3.7019795817364747 1.1427681616594385 -1.9551883383544086
-5.348909150274234 0.010165157037395747 -1.8856654630028198
-3.615292842372882 1.2620822224640844 2.0420919325438955
-5.305565780592438 -1.6314794292643617 1.1644368966845995
-5.262222410910641 0.12947921784204136 2.1116148078954837
-5.305565780592438 1.7711238041437998 -0.9384875517919353
-5.262222410910641 1.830780834546122 1.060152583657216
0.04453747889208226 -5.609704808283173 -0.8342032387645515
-1.0052562671533167 -4.219119246056966 0.14773611012212642
2.230811710346473 -3.167657021818698 -1.9551883383544078
1.6625714676419774 -5.083973696164039 -1.8856654630028196
2.3174984497100657 -3.048342961014052 2.042091932543895
0.08788084857387868 -5.550047777880851 1.1644368966846004
1.7492582070055702 -4.964659635359393 2.111614807895484
3.3239488260736687 -4.498585553642582 -0.9384875517919347
3.3672921957554642 -4.438928523240258 1.060152583657217
-4.308747264158125 -5.552414808332633 -0.7415060716291021
-3.1818986386784216 -4.190474246081697 0.19408469368985132
-6.475757775753939 -3.0530770219176193 -1.7697940040835063
-5.955676832695885 -4.983716196250596 -1.7234454205157814
-6.389071036390347 -2.9337629611129765 2.2274862668147972
-4.2654038944763295 -5.492757777930311 1.2571340638200494
-5.868990093332293 -4.8644021354459515 2.273834850382522
-7.559263031551847 -4.355360553766233 -0.7067446339533083
-7.515919661870051 -4.295703523363912 1.291895501495843
0.04453747889208293 1.7626021974345103 -5.390539543797045
-1.0052562671533158 2.0189866818579953 -3.7076253787515214
2.2308117103464733 -0.3321543273118974 -3.707625378751521
1.6625714676419776 0.5870316928495631 -5.390539543797045
2.317498449710067 3.18976296690091 -1.813269556329752
0.08788084857387957 3.5235608445409135 -4.443361632586161
1.7492582070055718 4.1089489870623686 -3.496183721375276
3.3239488260736687 1.1724198353710196 -4.443361632586161
3.367292195755465 2.9333784824774236 -3.496183721375276
-0.9025295922820785 -7.102264315487991 -1.7697940040835038
-3.0021170843728755 -4.321093191035579 0.19408469368985304
-3.9491841555470355 -5.813652698240399 -0.7415060716290984
-2.8993904095016374 -7.204238260466605 -1.7234454205157779
-0.8158428529184845 -6.982950254683346 2.227486266814799
-3.905840785865238 -5.753995667838077 1.2571340638200528
-2.8127036701380437 -7.08492419966196 2.2738348503825256
-1.806253293774442 -8.535166792290488 -0.7067446339533048
-1.7629099240926447 -8.475509761888166 1.2918955014958464
-4.308747264158123 1.8198921973850455 -5.297842376661594
-3.1818986386784194 2.047631681833263 -3.661276795183796
-6.475757775753938 -0.21757432741082328 -3.522231044480616
-5.955676832695882 0.6872891927630016 -5.228319501310004
-6.3890710363903445 3.304342966801985 -1.6278752220588502
-4.265403894476327 3.580850844491449 -4.350664465450711
-5.86899009333229 4.209206486975809 -3.333963678888238
-7.559263031551845 1.3156448352473618 -4.211618714747531
-7.51591966187005 3.0766034823537662 -3.2644408035366475
0.2757021171949954 2.080773026246899 5.268874511931768
-0.8463305783200634 2.2377291266665127 3.6207217845620363
2.3897373991797264 -0.11341188250337986 3.6207217845620385
1.8937361059448907 0.9052025216619524 5.268874511931768
2.3897373991797264 3.2891913509047814 1.5177973360855017
0.2757021171949956 3.7820746429509793 4.217412287693499
1.8937361059448907 4.307805755070112 3.16595006345523
3.5117700946947856 1.4309336337810865 4.2174122876935005
3.5117700946947856 3.1322352504851674 3.165950063455231
-0.9025295922820745 1.5932772809995275 -7.143934261301315
-3.002117084372874 2.106046249846501 -3.7781059312102694
-3.949184155547034 1.9367213334115203 -5.531500648714543
-2.899390409501634 1.680336848988033 -7.214414813760065
-0.8158428529184834 5.115194575212335 -5.249578438879548
-3.9058407858652373 3.697679980517924 -4.584322737503658
-2.812703670138043 5.202254143200841 -5.320058991338299
-1.8062532937744382 3.1849110116709514 -7.950151067594704
-1.7629099240926425 4.945869658777353 -7.0029731563838205
3.0622964623691753 -3.5354845457241524 -5.297842376661593
2.930674207710072 -2.3934124465987554 -3.661276795183795
1.7941937223010802 -6.226045795289436 -3.5222310444806166
2.49405621966468 -5.451801220069493 -5.228319501310004
5.116948439164463 -5.055269510246522 -1.6278752220588486
4.723673820800868 -2.9500964032026955 -4.350664465450709
5.8168109365280625 -4.281024935026579 -3.333963678888235
3.5871933353918743 -6.782729751893376 -4.21161871474753
5.248570693823567 -6.19734160937192 -3.264440803536646
-4.077582625855212 2.1380630261974356 5.361571679067218
-3.0229729498451676 2.266374126641782 3.667070368129763
-6.3168320869206855 0.0011681173976949566 3.806116118832939
-5.72451219439297 1.005460021575392 5.431094554418807
-6.316832086920685 3.4037713508058562 1.703191670356404
-4.077582625855211 3.8393646429015167 4.31010945482895
-5.72451219439297 4.408063254983555 3.3281701059422706
-7.371441762930727 1.5741586336574291 4.449155205532126
-7.371441762930729 3.275460250361511 3.3976929812938583
1.7941937223010782 -0.36600689330871233 -7.143934261301316
2.9306742077100707 -2.2043789336316353 -3.7781059312102707
3.062296462369173 -3.157417519789912 -5.531500648714544
2.4940562196646763 -2.2382314996284505 -7.214414813760066
5.116948439164463 0.8047693917341994 -5.249578438879549
4.723673820800866 -2.572029377268456 -4.58432273750366
5.816810936528061 -1.0674552145855392 -5.320058991338299
3.587193335391872 -0.7336573369455336 -7.950151067594706
5.248570693823563 -0.14826919442407738 -7.002973156383822
-0.59431007454486 2.0175050527493816 7.0686178130037645
-2.8383754655749778 2.331417253588609 3.7723123582643048
-3.7083876573148338 2.2681492800910927 5.572055659336302
-2.5863549617997745 2.1111931796714787 7.220208386706032
-0.5943100745448602 5.420108286157542 4.965693364527229
-3.7083876573148338 3.9694508967951725 4.520593435098034
-2.5863549617997745 5.513796413079639 5.117283938229496
-1.464322266284716 3.655538695955945 7.816898889837493
-1.4643222662847157 5.356840312660024 6.765436665599227
-6.909151979448399 -3.354264795949897 -5.427314447114155
-6.909151979448399 -2.302802571711629 -3.726012830410075
-6.291117990698504 -3.153453380063669 -2.024711213705995
-5.673084001948609 -5.055566412653976 -2.0247112137059937
-5.673084001948609 -6.1070286368922435 -3.7260128304100726
-6.291117990698504 -5.256377828540204 -5.427314447114154
-9.136100809476188 -5.129306557567021 -1.9791372978143893
-7.404592405712398 -4.566705372991364 -1.1512734474081512
-8.640660383212191 -2.8654037562872854 -4.5538766808163125
-9.754134798226083 -4.278655749214981 -3.6804389145184695
-7.404592405712399 -6.6696298214679 -4.553876680816311
-9.136100809476188 -6.1807687818052885 -3.680438914518469
3.2934611006720904 -3.2173137169117636 5.361571679067217
3.0895998965433256 -2.174670001790238 3.667070368129762
1.9531194111343346 -6.007303350480919 3.8061161188329407
2.725220857967596 -5.133630391257105 5.431094554418808
5.189187388634124 -4.9558411262426505 1.7031916703564038
4.911495089421987 -2.6915826047926297 4.310109454828949
5.961288835467386 -4.082168167018836 3.3281701059422697
3.7750146040129944 -6.52421595348331 4.449155205532128
5.393048592762889 -5.998484841364177 3.3976929812938588
-5.67308400194861 -0.601500955007548 -7.128616063818237
-5.6730840019486095 0.44996126923071933 -5.427314447114156
-6.291117990698504 -0.400689539121321 -3.7260128304100766
-6.291117990698504 -2.503613987597855 -7.128616063818236
-9.136100809476188 0.5237014141437617 -5.472888363005758
-7.404592405712399 1.0125624538063738 -4.599450596707918
-8.64066038321219 -2.791663611374241 -4.599450596707916
-9.754134798226083 -1.3784116184465462 -5.472888363005758
-7.404592405712401 -1.0903619946701606 -8.002053830116077
-9.13610080947619 -0.5277608100945056 -7.174189979709838
2.1024132400382993 0.05822087844113755 7.068617813003765
3.0944158265079698 -1.9790079298895251 3.772312358264307
3.3030929606013775 -2.8259895731103395 5.572055659336304
2.8070916673665427 -1.8073751689450082 7.220208386706035
5.33848121753809 1.1096831026794065 4.965693364527231
4.921126949351273 -2.3002584609912056 4.520593435098038
6.043159644866332 -0.7559129447067396 5.117283938229501
3.9291243628816015 -0.26302965266054285 7.816898889837498
5.547158351631497 0.2627014594585917 6.765436665599229
-1.0550500131987144 -7.607518837710092 -5.427314447114152
-0.05505001319871461 -7.282599141477186 -3.7260128304100726
-1.0550500131987146 -6.957679445244279 -2.024711213705993
-3.055050013198715 -6.957679445244279 -2.0247112137059933
-4.055050013198715 -7.282599141477186 -3.7260128304100726
-3.0550500131987146 -7.607518837710092 -5.427314447114153
-2.0550500131987155 -10.273991104028823 -1.9791372978143882
-2.055050013198715 -8.453375426520099 -1.1512734474081503
-0.05505001319871461 -9.103214818985911 -4.553876680816311
-1.0550500131987153 -10.598910800261732 -3.680438914518468
-4.055050013198715 -9.103214818985913 -4.553876680816311
-3.0550500131987164 -10.598910800261734 -3.6804389145184686
-6.663247274909861 -3.0158060064642496 5.911790370868969
-6.738296683761333 -2.067640431711196 4.152429796943243
-6.193433456167539 -3.019002152825604 2.4796970212691654
-5.573520819722271 -4.918529448693066 2.5663248195208137
-5.498471410870797 -5.86669502344612 4.32568539344654
-6.043334638464593 -4.91533330233171 5.998418169120618
-9.035163380672973 -4.990378105463427 2.6752676978330534
-7.341866804623358 -4.4803709897017185 1.7411159717140703
-8.431593259810949 -2.5776475474729033 5.086581523062225
-9.580026608266769 -4.039016384349019 4.34800047350713
-7.1917679869204125 -6.376702139207826 5.259837119565522
-8.9601139718215 -5.9385436802164815 4.434628271758779
3.2934611006720895 6.234361931444239 -0.4798851222564928
3.0895998965433256 4.252469439091844 -0.3051202567703606
1.9531194111343326 6.090841479414764 -3.6709485868614093
2.725220857967592 7.1535479516057 -2.1627992873020174
5.1891873886341235 3.739700470244872 -3.6709485868614085
4.911495089421985 5.058791426859294 -0.4798851222564924
5.961288835467383 4.802406942435808 -2.1627992873020165
3.7750146040129904 6.897163467182212 -3.845713452347541
5.393048592762888 5.721592962597267 -3.8457134523475407
1.1810179643010752 -5.581297524773106 -7.128616063818233
2.181017964301075 -5.2563778285402 -5.427314447114155
1.5629839755511803 -6.10702863689224 -3.7260128304100735
-0.4370160244488188 -6.7568680293580545 -7.128616063818233
3.321280054965272 -8.527115571433143 -5.472888363005755
3.251149009633173 -6.729286851870218 -4.599450596707914
0.015081032133383854 -9.08042786104011 -4.599450596707913
1.703246066215377 -9.702686076018088 -5.472888363005755
1.2511490096331745 -7.379126244336032 -8.002053830116076
2.3212800549652717 -8.852035267666048 -7.174189979709836
-5.358209320206601 -0.16811313584373522 7.390817500911222
-5.433258729058071 0.7800524389093175 5.631456926985498
-6.1233024108354375 -0.16971120902441317 4.012263075001507
-5.973203593132494 -2.066042358530519 7.5309842228529575
-8.89114399461803 0.8608555454107334 5.822507570017825
-7.1997260662637865 1.294536779536552 4.847301961538797
-8.429714612115575 -2.5013216658370148 5.12763540542227
-9.506138267543925 -1.0370736772760503 5.962674291959562
-7.049627248560844 -0.6017943699695539 8.366023109390248
-8.816094585766558 -0.08731002934231935 7.5818681439435505
2.102413240038298 6.2963268063561015 3.2132563241301155
3.0944158265079698 4.259097998025434 -0.08304913060934238
3.3030929606013775 6.247619049311421 -0.035742869934457744
2.8070916673665414 7.2662334534767545 1.6124098574352708
5.338481217538088 3.9451857971862085 3.2132563241301173
4.921126949351274 5.072048544726476 -0.035742869934456856
6.043159644866332 4.915092444306862 1.6124098574352725
3.9291243628816006 7.109277353057141 3.260562584805001
5.547158351631497 5.9337068484721955 3.260562584805002
-1.0550500131987144 -1.4521517633595873 -9.231540512294773
-0.05505001319871461 -0.07576984288841337 -8.180078288056505
-1.0550500131987148 1.30061207758276 -7.128616063818237
-3.055050013198715 1.300612077582759 -7.128616063818237
-4.055050013198715 -0.07576984288841493 -8.180078288056505
-3.0550500131987146 -1.4521517633595877 -9.231540512294771
-2.0550500131987155 2.8244742878800206 -10.074434110478274
-2.055050013198715 2.7507341429669774 -8.075793975029121
-0.0550500131987155 -0.002029697975370004 -10.178718423505659
-1.0550500131987157 1.4480923674088473 -11.125896334716542
-4.055050013198715 -0.0020296979753714472 -10.178718423505657
-3.055050013198716 1.448092367408846 -11.125896334716543
-0.8091453086601772 -7.269060048224447 5.911790370868967
0.11580528248835043 -7.047437001476755 4.15242979694324
-0.9573654786677482 -6.823228218006218 2.4796970212691636
-2.9554868309723754 -6.820642481283372 2.566324819520813
-3.880437422120903 -7.042265528031064 4.325685393446539
-2.8072666609648045 -7.266474311501602 5.998418169120617
-1.9541125843954987 -10.135062651925235 2.675267697833051
-1.9923244121096728 -8.367041043230458 1.7411159717140685
0.15401711020252495 -8.815458610171534 5.086581523062223
-0.8809418232394 -10.359271435395772 4.348000473507128
-3.8422255944067283 -8.810287136725842 5.259837119565521
-2.879063175544027 -10.356685698672926 4.434628271758777
-6.663247274909861 6.636375502677926 -0.053585867364150275
-6.738296683761334 4.638723030770942 0.007669236218850184
-6.193433456167538 3.5680472488518893 -1.5913233945421845
-5.573520819722271 4.495023938839818 -3.25157112888622
-5.498471410870798 6.492676410746801 -3.3128262324692206
-6.043334638464593 7.563352192665855 -1.7138336017081857
-9.035163380672975 4.624597107594195 -3.2671137848243186
-7.341866804623359 3.5609842872635147 -3.228714905063769
-8.43159325981095 5.7023358511016236 -0.030729643541699492
-9.58002660826677 5.695272889513249 -1.6681211540632839
-7.191767986920413 7.556289231077481 -3.3512251122297707
-8.960113971821501 6.622249579501179 -3.3283688884073195
-5.291117990698504 -5.58129752477311 -7.128616063818233
-3.67308400194861 -6.7568680293580545 -7.128616063818233
-7.4313800813627 -8.527115571433146 -5.4728883630057545
-7.361249036030603 -6.729286851870222 -4.599450596707914
-4.125181058530812 -9.080427861040112 -4.5994505967079125
-5.813346092612805 -9.70268607601809 -5.472888363005754
-5.3612490360306015 -7.379126244336035 -8.002053830116074
-6.4313800813627005 -8.852035267666054 -7.174189979709833
1.1810179643010754 -3.8799959080690267 -8.180078288056501
2.181017964301075 -2.503613987597852 -7.128616063818235
1.5629839755511798 -0.601500955007545 -7.128616063818235
-0.4370160244488195 -3.354264795949894 -9.23154051229477
3.3212800549652712 -1.0816581512350765 -10.074434110478274
3.251149009633173 -1.1044451091808771 -8.075793975029121
0.015081032133382744 -0.05298288494261172 -10.178718423505657
1.7032460662153759 -0.5559270391159432 -11.125896334716542
1.2511490096331734 -3.8572089501232254 -10.178718423505655
2.3212800549652712 -2.4580400717062503 -11.12589633471654
1.4958926460430835 -5.147909705609294 7.39081750091122
2.420843237191612 -4.926286658861602 5.631456926985494
1.7307995554142452 -5.876050306795332 4.0122630750015045
-0.11910162688281134 -6.319296400290717 7.530984222852956
3.5662368698234306 -8.189961440166169 5.822507570017822
3.456015349081785 -6.44731252614004 4.847301961538795
0.22602680322999547 -8.790085915502885 5.127635405422267
1.9512425968975349 -9.361348134847592 5.9626742919595594
1.606114166784729 -6.890558619635424 8.366023109390245
2.641286278674901 -8.411584486913862 7.581868143943549
-5.3582093202065995 6.6857306164644905 3.154909108403623
-5.433258729058071 4.688078144557506 3.216164211986624
-6.1233024108354375 3.664574351710733 1.6425442758942377
-5.973203593132494 7.6598792955247 1.5200340687282352
-8.891143994618028 4.822822786757574 3.3738771525518203
-7.199726066263784 3.7566242297040486 3.3256482340607225
-8.429714612115577 5.70492158782447 0.05589815470994863
-9.506138267543925 5.796971465817784 1.739002112876434
-7.049627248560843 7.751929173518016 3.2031380268947203
-8.816094585766558 6.820475258664557 3.3126220489688194
-0.6523275239644855 -0.8978518102104505 9.338712247023077
0.29941074283434466 0.41210353323203075 8.164739815618807
-0.7469723426714522 1.7246446133973583 7.077395182466187
-2.745093694976079 1.7272303501202033 7.164022980717837
-3.696831961774909 0.41727500667772155 8.337995412122106
-2.6504488762691127 -0.8952660734876052 9.425340045274726
-1.620408306346562 3.4227072750740533 9.967670742750776
-1.7068818672619055 3.229946484318369 7.978860646032171
0.3858843037496882 0.6048643239877148 10.153549912337413
-0.574025220840765 2.110166194908726 11.055015375903395
-3.6103584008595657 0.6100357974334056 10.32680550884071
-2.5721465731453916 2.1127519316315717 11.141643174155044
-0.8091453086601756 8.538488535268234 -3.8578119325447666
0.1158052824883522 6.865755759594156 -4.446396221427578
-0.9573654786677467 5.269348865555969 -4.993926627950345
-2.955486830972374 5.345674747191859 -4.952872745590302
-3.8804374221209015 7.018407522865937 -4.364288456707489
-2.807266660964803 8.614814416904125 -3.816758050184722
-1.954112584395495 6.925369981330453 -7.868659532296835
-1.9923244121096704 5.299155976424116 -6.7050582833849734
0.15401711020252762 8.49196976450049 -5.609997470339439
-0.880941823239396 8.521776875368639 -7.321129125774068
-3.8422255944067265 8.644621527772271 -5.527889705619351
-2.8790631755440232 8.59810275700453 -7.280075243414023
8.370624812073075 -4.286371929107887 -0.05358586736415072
6.493935954125715 -4.975056721114558 0.007669236218850628
5.307290777955722 -4.7877180101005425 -1.5913233945421843
5.9973344597330875 -3.9116945070798543 -3.2515711288862197
7.874023317680447 -3.2230097150731813 -3.31282623246922
9.06066849385044 -3.4103484260871983 -1.713833601708186
7.1902722459993305 -7.163871910596548 -3.2671137848243195
5.655458923892528 -5.882125604841538 -3.228714905063769
8.028749276232515 -6.25680302686957 -0.030729643541699936
8.376917422169324 -7.351210621610566 -1.6681211540632848
9.408836639787246 -4.504756020828194 -3.3512251122297707
9.06696110394669 -6.4751871185898775 -3.3283688884073204
-5.291117990698505 -3.879995908069029 -8.180078288056503
-3.6730840019486095 -3.354264795949895 -9.231540512294771
-7.4313800813627 -1.0816581512350787 -10.074434110478274
-7.361249036030602 -1.10444510918088 -8.075793975029121
-4.125181058530812 -0.05298288494261216 -10.178718423505655
-5.8133460926128055 -0.5559270391159445 -11.12589633471654
-5.3612490360306015 -3.857208950123227 -10.178718423505655
-6.431380081362699 -2.458040071706252 -11.12589633471654
-4.970163877308496 -5.13954208580225 7.671150944794695
-3.3521298885586006 -6.315112590387195 7.671150944794695
-7.1763230364124215 -8.17605966607478 6.288247206497008
-7.146414218016558 -6.433592092467977 5.306966299971774
-3.910346240516768 -8.784733101637869 5.306966299971773
-5.558289047662527 -9.351630170659725 6.288247206497007
-5.00007269570436 -6.8820096594090545 8.652431851319927
-6.103152275256322 -8.400268449545319 7.960979982171086
1.5392360157248808 -3.3869510585028912 8.337995412122106
2.4909742825237107 -2.07699571506041 7.164022980717837
1.8710616460784426 -0.17746841919294898 7.077395182466187
-0.032414887519217395 -2.797379106077911 9.425340045274726
3.755921761817424 -0.48342516404104363 9.967670742750776
3.5993171555699828 -0.6252327678294863 7.978860646032173
0.4560153490817864 0.553911137020473 10.153549912337413
2.184270858573327 0.10614678838393643 11.055015375903395
1.6958406219723228 -3.245143454714449 10.32680550884071
2.804183495018595 -1.7933805074835245 11.141643174155043
1.4958926460430855 8.912763345287702 -1.2991563492428053
2.4208432371916127 7.240030569613624 -1.887740638125617
1.730799555414247 6.216526776766852 -3.4613605742180042
-0.11910162688280823 9.561992328115007 -2.284191996452381
3.5662368698234346 8.870471193089513 -4.72141966011206
3.4560153490817873 7.218884493514529 -3.5988722935602446
0.22602680323000057 8.517342459169138 -5.568943587979396
1.951242596897541 9.519700175916817 -5.706455307321635
1.606114166784733 10.564350044862685 -2.4217037157946213
2.641286278674908 10.543203968763589 -4.132835371229249
8.014285408344644 -3.029955509355494 3.154909108403623
6.137596550397284 -3.718640301362166 3.216164211986624
5.377421823287819 -4.691190907241698 1.6425442758942372
9.130799539182538 -3.313821323228355 1.5200340687282357
7.334291632054272 -6.965646231433166 3.373877152551821
5.7975996622520976 -5.686485662401003 3.325648234060723
8.030627923927888 -6.254217290146725 0.05589815470994952
8.450805762892166 -7.2495120453060276 1.7390021128764337
9.550977378146817 -4.3091160783876585 3.203138026894721
9.210980490001631 -6.276961439426497 3.3126220489688203
-0.6523275239644843 8.754329698931723 3.373336008789958
0.29941074283434554 7.118466995714164 4.019979254894416
-0.7469723426714517 5.558930174132501 4.707676383358921
-2.7450936949760787 5.635256055768391 4.748730265718967
-3.6968319617749086 7.271118758985946 4.102087019614507
-2.650448876269112 8.830655580567612 3.4143898911500044
-1.6204083063465595 7.384674516420888 7.519040325284775
-1.7068818672619044 5.69203393448586 6.4572069185541
0.3858843037496902 8.811107577649194 5.081812661625093
-0.5740252208407624 8.944211338002553 6.83134319682027
-3.610358400859564 8.963759340920973 5.163920426345184
-2.5721465731453894 9.020537219638443 6.872397079180316
8.370624812073073 1.8689951452426237 -3.8578119325447675
6.493935954125712 2.2317725774742185 -4.446396221427579
5.3072907779557195 0.7178096717841544 -4.993926627950347
5.997334459733086 -1.1589306661375054 -4.952872745590301
7.874023317680444 -1.521708098369101 -4.364288456707489
9.06066849385044 -0.007745192679036839 -3.8167580501847223
7.190272245999328 0.28158550960152107 -7.868659532296835
5.655458923892526 -0.2572838621521943 -6.7050582833849734
8.028749276232512 2.7706419492279344 -5.609997470339441
8.37691742216932 1.7955484152915853 -7.3211291257740685
9.408836639787246 -0.9828387266153855 -5.52788970561935
9.066961103946689 -0.08119192263007441 -7.280075243414023
-12.556374448479765 -4.0109689041814836 0.39202558757130834
-10.69754404096594 -4.748813792796851 0.37373798395121227
-9.57551134545088 -4.591857692377236 -1.2744147434185178
-10.312309057449646 -3.6970567033422537 -2.9042798671681513
-12.171139464963469 -2.9592118147268875 -2.8859922635480553
-13.293172160478532 -3.1161679151465025 -1.237839536178325
-11.589959135344811 -6.916720732023642 -2.867214777533762
-10.021718892640317 -5.675811161990631 -2.8948911241610045
-12.265784283670435 -5.989723362829861 0.4014143305784543
-12.711991830859871 -7.073676832443258 -1.2190620501640321
-13.739379707667968 -4.200121384759899 -2.8583159169208114
-13.448789542858638 -6.178875843408276 -2.8489271739136655
-2.055050013198714 -6.2311369172389215 -8.180078288056501
-2.0550500131987146 -4.529835300534841 -9.231540512294771
1.2677047036646687 -7.401913202281833 -10.07443411047827
1.2243613339828723 -7.34225617187951 -8.075793975029118
1.2243613339828714 -3.9396529384713492 -10.178718423505655
1.267704703664668 -5.700611585577754 -11.125896334716538
-2.0117066435169173 -6.2907939476412436 -10.178718423505654
-0.3503292850852258 -6.8761820901626995 -11.125896334716538
-4.926820507626699 -3.3785834386958458 8.61832885600558
-3.2654431491950078 -2.793195296174389 9.565506767216464
-6.9866381444184285 -0.4695233899496535 10.43341037922996
-7.003112411528361 -0.611512334157423 8.438524984465149
-3.680357694664977 0.5592639508854915 10.332880806886918
-5.325260785986736 0.11586475257180373 11.380588290440842
-4.910346240516767 -3.2365944944880765 10.61321425077039
-5.940255058912631 -1.78206447011498 11.52075501238258
-4.970163877308494 9.159759086704042 -1.1663031951854195
-3.352129888558599 9.685490198823176 -2.2177654194236878
-7.176323036412421 9.280824325507671 -4.500700437964881
-7.146414218016556 7.6238848120676685 -3.3810322230979177
-3.910346240516767 8.675347036305936 -5.483956671574454
-5.558289047662525 9.806555437626805 -5.55216266220315
-5.0000726957043575 10.816698600144043 -2.2859714100523836
-6.1031522752563205 10.877231219545857 -3.9531700314421148
1.539236015724882 8.972420375690024 0.6994837862063465
2.490974282523711 7.336557672472471 1.3461270323108037
1.871061646078443 6.409580982484542 3.0063747666548393
-0.03241488751921606 9.681306388919653 1.713088274445923
3.7559217618174268 9.13155004901657 4.025289260093405
3.5993171555699828 7.416122509135743 3.009029769254333
0.4560153490817884 8.833894535594995 5.036238745733488
2.184270858573329 9.840436062246196 5.038893748332983
1.6958406219723248 10.687847915570853 1.7157432770454177
2.804183495018597 10.767412752234126 3.378646013988947
8.014285408344637 4.176873789233284 -1.2991563492428049
6.1375965503972765 4.539651221464878 -1.887740638125617
5.377421823287813 3.5671006155853457 -3.461360574218004
9.130799539182533 2.8415457511221542 -2.28419199645238
7.334291632054267 6.132819160475684 -4.721419660112058
5.797599662252091 5.5176239070860795 -3.5988722935602437
8.030627923927883 2.8469678308638247 -5.568943587979396
8.450805762892161 4.7974911223645575 -5.706455307321635
9.550977378146811 4.792069042622887 -2.4217037157946204
9.210980490001626 5.770041728244089 -4.132835371229247
-12.030877374299275 -2.7661576090092 3.5817430773247887
-10.17204696678545 -3.5040024976245676 3.5634554737046926
-9.505380300118784 -4.495330589518392 1.9594529270179037
-13.223041115146435 -3.0196408122876575 1.9960281342580963
-11.445939749289874 -6.718495052860261 3.7737761598423787
-9.87957815428075 -5.480171219550099 3.6594720149634874
-12.263905635975064 -5.987137626107015 0.4880421288301029
-12.63810349013703 -6.971978256138719 2.1880612167756865
-13.597238969308398 -4.004481442319364 3.6960472222036804
-13.304770156803698 -5.980650164244896 3.7920637634624748
8.527442596768763 2.084836308906113 3.373336008789959
6.677541414471703 2.4844838135942293 4.019979254894416
5.5176839139520135 1.0073909803606862 4.707676383358921
6.20772759572938 -0.8693493575609733 4.748730265718967
8.057628778026437 -1.26899686224909 4.102087019614509
9.217486278546131 0.20809597098445265 3.4143898911500052
7.523976524048262 0.7408900446919605 7.5190403252847755
5.940901468740291 0.13559409590955174 6.457206918554099
8.260616469779672 3.0897797623766374 5.081812661625093
8.683834024567952 2.2179828779255035 6.831343196820272
9.64070383333441 -0.6637009134666815 5.163920426345185
9.37387770634532 0.3412425400038438 6.872397079180316
-12.556374448479762 2.1443981701690262 -3.412200477609307
-10.697544040965937 2.4580155057919257 -4.080327473695217
-9.575511345450877 0.91366998950746 -4.677017976826678
-10.312309057449644 -0.9442928623999062 -4.605581483872233
-12.171139464963469 -1.257910198022807 -3.937454487786324
-13.293172160478525 0.28643531826165924 -3.3407639846548616
-11.589959135344808 0.5287366881744274 -7.468760525006276
-10.021718892640314 -0.05096941930128862 -6.371234502482208
-12.26578428367043 3.0377216132676432 -5.177853496219283
-12.711991830859866 2.0730822044588932 -6.872070021874814
-13.739379707667965 -0.6782040905470902 -5.034980510310391
-13.448789542858634 0.2151193525515267 -6.800633528920368
0.06547497933657387 -13.181279295570189 0.3920255875713079
-1.2106673955788225 -11.64143313361143 0.3737379839512118
-1.4081204446609559 -10.525814524645131 -1.2744147434185182
-0.32943111882769205 -10.950042077637598 -2.9042798671681505
0.9467112560877045 -12.489888239596358 -2.885992263548055
1.1441643051698374 -13.605506848562653 -1.2378395361783252
-2.996697986652151 -13.160090410805063 -2.8672147775337624
-2.30113574019762 -11.285143163241951 -2.894891124161005
-1.9062296420333544 -13.516380381174542 0.4014143305784539
-2.799244937570019 -14.275709019771359 -1.2190620501640328
0.25114900963317344 -14.364835487159471 -2.8583159169208123
-1.7205556117367542 -14.699936572763825 -2.848927173913666
-5.377804730062097 -7.401913202281835 -10.07443411047827
-5.334461360380302 -7.342256171879512 -8.075793975029118
-5.3344613603803 -3.939652938471352 -10.178718423505655
-5.377804730062098 -5.700611585577755 -11.125896334716538
-2.098393382880511 -6.290793947641243 -10.178718423505654
-3.7597707413122023 -6.876182090162701 -11.125896334716536
-1.6907525301269084 -5.729724447865737 8.61832885600558
-1.647409160445112 -3.9687658007593343 9.565506767216464
1.7124466406089427 -6.7897784409964075 10.433410379229958
1.582497958485115 -6.849323396856052 8.438524984465147
1.6691846978487086 -3.3274061026432467 10.332880806886918
1.7557900102907396 -5.028819793890006 11.380588290440842
-1.560803848003081 -5.670179492006094 10.61321425077039
0.14079573736484496 -6.200206488571429 11.520755012382578
-4.926820507626699 9.219416117106366 0.8323369402637333
-3.2654431491950078 9.804804259627824 1.7795148514746169
-6.986638144418429 9.54190318143473 4.246008482240584
-7.003112411528361 7.821122827688883 3.2268698397166604
-3.6803576946649788 8.991899112731796 5.121225662138431
-5.325260785986738 10.127291323956188 5.193186393451468
-4.910346240516768 10.940196470852216 1.8514755827876557
-5.940255058912632 11.101440003016398 3.558311353776081
10.247313670020432 -1.8963855203971336 -1.166303195185419
10.24731367002043 -0.19508390369305384 -2.217765419423687
11.044194226740506 -3.957156348428776 -4.500700437964882
9.459108772210474 -4.44073384010302 -3.3810322230979177
9.459108772210476 -1.0381306066948581 -5.483956671574452
11.044194226740505 -2.2558547317246957 -5.55216266220315
11.832399124550463 -1.412808028722891 -2.2859714100523845
12.2308394029105 -2.4431934427387123 -3.9531700314421157
8.057628778026437 4.236530819635606 0.699483786206347
6.207727595729381 4.636178324323723 1.3461270323108039
5.517683913952015 3.7601548213030354 3.00637476665484
9.21748627854613 2.9608598119268006 1.7130882744459242
7.523976524048263 6.393898016402742 4.0252892600934045
5.940901468740293 5.714861922707292 3.0090297692543326
8.260616469779675 3.1635199072896825 5.03623874573349
8.683834024567956 5.118227008693939 5.038893748332982
9.640703833334408 4.915566913331057 1.715743277045417
9.373877706345322 5.994250511714626 3.3786460139889454
-12.03087737429927 4.440671689579578 -0.87232238032164
-10.172046966785446 4.7542890252024765 -1.5404493764075495
-9.50538030011878 3.7629609333086522 -3.144451923094338
-13.22304111514643 3.1357262620628514 -1.80819793092252
-11.445939749289863 6.3799703390485885 -4.321520652821503
-9.879578154280741 5.723938349936983 -3.2650485126574815
-12.26390563597506 3.1140474949035317 -5.13679961385924
-12.638103490137022 5.075024911531863 -5.257396203422383
-13.597238969308393 5.096703678691183 -1.9287945204856631
-13.30477015680369 6.066353003425689 -3.6533936567355947
1.086973346751901 -12.296834033878667 3.581743077324788
-0.189169028163496 -10.756987871919907 3.5634554737046913
-1.3379893993288583 -10.429287421786286 1.959452927017903
1.2142953505019354 -13.508979745703806 1.9960281342580957
-2.8526786005972093 -12.961864731641683 3.773776159842379
-2.1589950018380506 -11.089503220801415 3.6594720149634874
-1.904350994337982 -13.513794644451693 0.48804212883010356
-2.725356596847174 -14.174010443466821 2.188061216775687
0.3932897479927431 -14.169195544718935 3.6960472222036795
-1.5765362256818114 -14.501710893600444 3.7920637634624756
-12.39955666378407 2.360239333832516 3.818947463725419
-10.513938580619945 2.7107267419119365 4.386048002626778
-9.365118209454582 1.2032512980839918 5.024585034482586
-10.10191592145335 -0.6547115538233745 5.096021527437035
-11.987534004617475 -1.0051989619027963 4.528920988535674
-13.136354375782835 0.5022764819251487 3.890383956679866
-11.256254857295872 0.9880412232648632 7.918939332575332
-9.736276347792549 0.34190853876045546 6.791030699456861
-12.033917090123268 3.356859426416345 5.513956635745249
-12.405075228461234 2.495516667092808 7.280402300719524
-13.507512514120803 -0.35906627739838837 5.656829621654143
-13.14187294046 0.6375538151854414 7.351838793673973
5.919576945586258 -11.279166262979876 -3.412200477609308
5.643434570670863 -9.414400404788209 -4.080327473695218
3.827947532838834 -8.824512907941047 -4.677017976826679
2.2886028699222023 -10.099391269285553 -4.605581483872232
2.564745244837599 -11.96415712747722 -3.9374544877863222
4.380232282669628 -12.554044624324382 -3.3407639846548607
4.084352809625322 -10.8593175370688 -7.468760525006276
3.0484066523160633 -9.546971474081344 -6.371234502482209
6.679380727980121 -10.726746467775666 -5.177853496219285
5.8998398474573515 -11.449205033915964 -6.872070021874815
3.6006914021468575 -13.276503190464679 -5.0349805103103895
4.360495184540718 -12.724083395260468 -6.8006335289203665
0.06547497933657609 6.24548565215259 -11.614375441576446
-1.2106673955788207 5.54048858361016 -10.245273629331693
-1.408120444660955 3.5674161600075256 -9.984510317826812
-0.32943111882769227 2.2993408049473194 -11.09284881856669
0.9467112560877047 3.0043378734897495 -12.461950630811444
1.1441643051698387 4.977410297092385 -12.722713942316322
-2.9966979866521513 3.320856490257678 -13.053000129172789
-2.3011357401976205 2.457600113331284 -11.388373567747362
-1.9062296420333524 6.403744960536555 -11.909900190757119
-2.799244937570018 5.293928913860314 -13.313763440677665
0.25114900963317366 3.8675942504161442 -14.126577192236871
-1.7205556117367546 4.025853558800108 -14.422101941417543
-4.926820507626699 -6.781186672104007 10.721253304482113
-4.970163877308495 -6.840843702506331 8.722613169032961
-4.883477137944903 -3.3189264082935246 10.616968991454733
-4.883477137944902 -5.020228024997605 11.668431215692998
-1.647409160445112 -5.670067417463416 10.616968991454732
-3.2654431491950064 -6.19579852958255 11.668431215692998
-1.690752530126908 10.270878341344632 -1.2705875082128024
-1.647409160445111 10.330535371746954 0.7280526272363497
1.712446640608943 12.368407167290119 -1.4069994894701985
1.582497958485116 10.610756741087748 -2.352397987081078
1.6691846978487093 10.730070801892396 1.6448822838172257
1.7557900102907396 12.42806419769244 0.5916406459789534
-1.5608038480030806 12.028528767547003 -0.3251890106019232
0.14079573736484513 13.077293180519742 -0.3933950012306208
10.29065703970223 -1.8367284899948109 0.8323369402637333
10.334000409384023 -0.07576984288840838 1.7795148514746177
11.2338791187345 -3.6960774925017192 4.246008482240584
9.602410578698672 -4.2434958244818075 3.2268698397166613
9.689097318062267 -0.7215785302690019 5.121225662138432
11.277222488416296 -1.9351188453953165 5.1931863934514695
11.922125579738056 -1.2893101580147226 1.8514755827876561
12.393736619254192 -2.218984659268177 3.5583113537760815
-14.415204855993585 -1.5718223988620357 -0.6411490330468617
-14.415204855993585 0.12947921784204475 -1.6926112572851295
-15.407207442463259 -3.609051207192698 -3.937454487786321
-13.789173453713365 -4.134782319311833 -2.885992263548053
-13.789173453713362 -0.7321790859036723 -4.98891671202459
-15.407207442463259 -1.9077495904886175 -4.988916712024588
-16.033238844743483 -1.0460912867429004 -1.6926112572851288
-16.52924013797832 -2.064705690908232 -3.3407639846548585
-11.987534004617475 4.5003287199819 1.1263177551275128
-10.101915921453347 4.850816128061322 1.6934182940288725
-9.365118209454582 3.9560151390263396 3.3232834177785042
-13.13635437578284 3.2550403228674973 2.1890823399757853
-11.256254857295872 6.641049194975645 4.425188267383964
-9.736276347792547 5.921176365558194 3.3428535501570975
-12.033917090123271 3.430599571329389 5.468382719853645
-12.405075228461232 5.395760797861244 5.487952852232238
-13.5075125141208 5.220201549399352 2.208652472354379
-13.141872940459999 6.290561786896225 3.858087728482604
7.941075313001585 -10.069801305055451 -0.8723223803216391
7.6649329380861895 -8.205035446863786 -1.540449376407549
6.516112566920827 -7.877334996730163 -3.144451923094338
7.0683973167516205 -11.606866713113495 -1.8081979309225187
9.604702263844253 -8.914216325309738 -4.321520652821502
8.496746413507521 -7.627242956990928 -3.2650485126574806
6.751390421007591 -10.701373773107019 -5.136799613859239
8.732024267594285 -10.451281733367784 -5.257396203422382
9.049031163338315 -11.356774673374263 -1.9287945204856618
9.88084463875965 -10.778982183501405 -3.653393656735594
1.0869733467519032 8.702919761092133 -9.396818523346761
-0.18916902816349335 7.997922692549703 -8.027716711102007
-1.3379893993288552 6.416707103808717 -8.451944264094472
1.214295350501938 7.826701240893578 -11.190147888583981
-2.8526786005972067 9.17209014113184 -9.905760256988016
-2.158995001838048 8.232507882569557 -8.282187577922635
-1.9043509943379786 6.480070842172442 -11.868846308397073
-2.7253565968471714 8.295871620933283 -11.699089622225236
0.3932897479927453 9.642502019654419 -11.020391202412144
-1.5765362256818098 9.87708720967427 -11.274862069232771
6.076394730281947 -11.063325099316389 3.818947463725418
5.827040031016852 -9.1616891686682 4.386048002626778
4.0383406688351275 -8.534931599364517 5.024585034482587
2.498996005918495 -9.809809960709025 5.096021527437035
2.7483507051835905 -11.711445891357215 4.528920988535672
4.537050067365317 -12.338203460660894 3.890383956679865
4.418057087674257 -10.400013001978365 7.918939332575333
3.333849197163828 -9.154093516019602 6.791030699456865
6.9112479215272815 -10.407608654626967 5.513956635745247
6.206756449855984 -11.02677057128205 7.280402300719523
3.8325585956940187 -12.957365377315977 5.6568296216541425
4.667411786939352 -12.301648932626556 7.35183879367397
-9.44432016827686 -11.297689914053473 -4.9513617399959955
-9.246867119194727 -9.324617490450835 -5.212125051500876
-6.010799141694937 -11.675758499620727 -5.212125051500874
-7.826286179526965 -12.473260418638418 -4.951361739995995
-7.246867119194727 -9.974456882916648 -8.614728284909035
-10.062354157026755 -10.447039105701432 -6.652663356700076
-9.062354157026755 -10.77195880193434 -8.353964973404157
-6.8262861795269645 -12.798180114871327 -6.652663356700074
-7.44432016827686 -11.947529306519286 -8.353964973404157
5.919576945586261 1.9922316103923885 -11.614375441576444
5.643434570670863 0.5606920138445974 -10.24527362933169
3.8279475328388344 -0.23680990517309208 -9.98451031782681
2.288602869922203 0.39722777235701023 -11.092848818566686
2.5647452448376002 1.8287673689048012 -12.461950630811442
4.380232282669629 2.62626928792249 -12.72271394231632
4.084352809625322 -1.8238280562041358 -13.053000129172785
3.048406652316065 -1.429069940197458 -11.388373567747358
6.679380727980121 0.16593389783791998 -11.909900190757115
5.899839847457353 -1.026326137186446 -13.313763440677661
3.6006914021468583 1.4340092528981243 -14.12657719223687
4.36049518454072 -0.3922884596563443 -14.422101941417539
0.5604027726115541 6.926695318754976 11.207628455460336
-0.7729305607217782 6.142981649031677 9.939553100400131
-0.978941890305076 4.158129762876918 9.805678823142646
0.14838011344495905 2.9569915464454555 10.939879900945368
1.481713446778291 3.740705216168754 12.207955256005572
1.6877247763615886 5.725557102323514 12.341829533263056
-2.4328002161737006 4.096995186538229 12.949332514610328
-1.808876718031037 3.135136531630193 11.310568530247744
-1.3968540588644411 7.104840303939714 11.578317084762714
-2.226788886590403 6.081847072692988 13.083206791867811
0.857789948635628 4.702563871076788 13.846719240368156
-1.099466882840368 4.880708856261526 14.217407869670533
-4.926820507626697 12.622019350514526 -1.2705875082128026
-4.970163877308494 10.861060703408123 -2.2177654194236873
-4.883477137944902 10.98037476421277 1.7795148514746166
-4.883477137944902 12.681676380916848 0.7280526272363497
-1.647409160445111 12.031836988451035 -0.3234095970019182
-3.265443149195006 13.207407493035982 -0.3234095970019177
10.290657039702229 1.56587474341335 -1.2705875082128024
10.334000409384025 1.625531773815673 0.7280526272363499
11.233879118734498 5.450681544400433 -1.4069994894701974
9.60241057869867 4.783949151615697 -2.3523979870810776
9.689097318062263 4.903263212420342 1.6448822838172261
11.277222488416294 5.510338574802756 0.5916406459789545
11.922125579738054 2.2326071361980855 -0.32518901060192257
12.393736619254192 4.175010536691627 -0.39339500123061955
-14.371861486311792 -1.512165368459713 1.3574911024022889
-14.328518116629995 0.2487932786466902 2.304669013613171
-15.217522550469269 -3.3479723512656383 4.809254432419144
-13.645871647225174 -3.937544303690621 3.7219097992665247
-13.559184907861576 -0.4156270094778145 5.616265621688292
-15.174179180787473 -1.5870137041592352 5.756432343630027
-15.943512389555892 -0.9225934160347304 2.444835735554906
-16.366342921634633 -1.8404969074376931 4.170717400563334
2.9596513430018647 -14.195394345409817 -0.641149033046863
4.577685331751759 -13.66966323329068 -1.6926112572851306
1.3286772673378102 -15.768383192657838 -3.937454487786324
0.32867726733780955 -14.392001272186667 -2.8859922635480557
3.5647452448375985 -13.340539047948395 -4.98891671202459
2.9467112560877053 -15.242652080538702 -4.988916712024591
3.9596513430018647 -15.571776265880988 -1.692611257285132
3.144164305169838 -16.358270689505 -3.3407639846548616
7.984418682683378 -10.010144274653133 1.1263177551275123
7.735063983418285 -8.108508344004944 1.6934182940288716
6.6563746575850224 -7.684280791012478 3.3232834177785047
7.155084056115212 -11.487552652308855 2.1890823399757844
9.794387155838244 -8.653137469382681 4.425188267383963
8.640048219995718 -7.430004941369719 3.342853550157097
6.98137896685938 -10.384821696681167 5.468382719853644
8.965052529270075 -10.130545847038405 5.487952852232237
9.138757618525908 -11.233276802666095 2.208652472354378
10.043741855103338 -10.554773400030871 3.858087728482604
-11.632758777198374 -10.505591184253516 -1.7340942025038446
-11.461938383948437 -8.569175466632448 -2.204322404337825
-10.291117990698503 -8.009141669482553 -3.726012830410072
-9.2911179906985 -9.385523589953726 -4.777475054648338
-9.461938383948436 -11.321939307574796 -4.307246852814358
-10.632758777198374 -11.88197310472469 -2.7855564267421116
-13.268153714333165 -9.11528785353848 -5.109377901424068
-12.279635852515835 -7.87402380127493 -3.891964253797936
-10.279635852515831 -10.626787642217277 -5.994888702274469
-12.268153714333163 -10.491669774009655 -6.160840125662335
-12.621276639015704 -11.746855236517069 -2.9515078501299765
-13.4389741075831 -11.05170357115955 -4.639149699590088
7.941075313001588 3.723123191326571 -9.39681852334676
7.6649329380861895 2.29158359477878 -8.027716711102006
6.516112566920828 0.7103680060377938 -8.451944264094468
7.068397316751623 3.573447199133376 -11.19014788858398
9.604702263844253 0.12127315555493068 -9.905760256988012
8.496746413507523 0.4906585768929601 -8.282187577922631
6.751390421007592 0.19130659250656867 -11.868846308397071
8.732024267594287 -0.028402836638264928 -11.699089622225232
9.049031163338318 3.353737769988543 -11.020391202412142
9.880844638759651 1.5528127521027217 -11.274862069232768
1.4817134467782915 9.24623289805345 8.80535202259741
0.1483801134449596 8.46251922833015 7.537276667537203
-0.9789418903050745 6.9108936038192645 8.104377206438565
1.687724776361589 8.478320943265862 10.640527916558975
-2.432800216173701 9.750003158249008 9.455581449418958
-1.8088767180310361 8.714404358427931 7.862391380947978
-1.3968540588644407 7.178580448852755 11.532743168871109
-2.2267888865904024 8.982091203461422 11.29075734338052
0.8577899486356277 10.281831697874528 10.39854209106839
-1.0994668828403686 10.533716827972308 10.723656804479164
-9.84390439519854 -11.847670419693927 2.899582445774417
-9.73833158619846 -10.001060297388772 3.660427658810539
-8.014724788448477 -9.330020679668564 4.421272871846662
-6.396690799698584 -10.505591184253511 4.4212728718466625
-6.502263608698667 -12.352201306558666 3.660427658810539
-8.225870406448646 -13.023240924278872 2.899582445774417
-8.353845104576775 -11.498081368356102 7.101666548409263
-7.322481547637638 -10.07853121515223 6.1418923166460235
-10.769695143137595 -11.420610450592646 4.620201890573778
-10.077451902326755 -12.169120986076308 6.340821335373139
-7.533627165637805 -13.771751459762537 4.620201890573779
-8.459417913576859 -13.344691490661255 6.34082133537314
6.076394730281953 8.363439848406387 -8.187453565422334
5.827040031016859 8.020232548553384 -6.232963610656124
4.038340668835131 8.311062926230484 -5.386812156629787
2.4989960059185004 8.945100603760588 -6.495150657369664
2.7483507051835954 9.288307903613589 -8.449640612135875
4.537050067365321 8.99747752593649 -9.29579206616221
4.418057087674262 11.733941870795155 -5.760597084255062
3.333849197163835 10.167917587351369 -5.150628893429258
6.911247921527288 9.58625683199717 -6.842931801481927
6.20675644985599 11.443111493118055 -6.606748538281398
3.8325585956940245 10.854332187057377 -9.05960880296168
4.667411786939358 12.077149170648159 -7.715087039021274
-9.444320168276858 0.6238479545783784 -12.319277340979468
-9.246867119194727 -0.49177065438791673 -10.671124613609738
-6.010799141694937 0.5596915698503504 -12.774049062086274
-7.8262861795269645 1.1495790666975116 -13.370739565217734
-7.246867119194727 -3.2445344953302637 -12.774049062086274
-10.062354157026757 -1.2782650780119287 -12.319277340979468
-9.062354157026755 -2.654646998483102 -13.370739565217734
-6.8262861795269645 -0.22680285377366127 -14.422201789456002
-7.444320168276859 -2.128915886363968 -14.422201789456
6.41450473886124 2.6734412769947764 11.207628455460343
6.0811714055279085 1.163185079266118 9.939553100400138
4.257126087194713 0.35390369769630403 9.805678823142653
2.766414102194854 1.054878513855149 10.93987990094537
3.099747435528187 2.5651347115838075 12.207955256005574
4.92379275386138 3.374416093153621 12.34182953326306
4.648250580103773 -1.0476893599235795 12.949332514610333
3.540665674482648 -0.7515335218985446 11.310568530247748
7.1887563111490325 0.8670292412410825 11.57831708476272
6.472295898436968 -0.23840797835376626 13.083206791867818
4.207332341149312 2.2689788735587726 13.846719240368158
4.981583913437106 0.4625668378050787 14.217407869670538
13.526725017202017 -0.7852662657565415 -1.2705875082128035
11.865347658770327 -1.370654408277999 -2.2177654194236873
11.95203439813392 -1.2513403474733535 1.7795148514746166
13.570068386883815 -0.7256092353542188 0.7280526272363486
11.952034398133918 2.1512628859348073 -0.3234095970019187
13.570068386883815 0.9756923813498612 -0.3234095970019186
-14.371861486311788 1.890437864948447 -0.745433346074246
-14.328518116629992 1.9500948953507704 1.2532067893749061
-15.217522550469262 5.7987866856365065 -0.843753539291638
-13.645871647225164 5.0899006724068805 -1.8573580275312154
-13.559184907861571 5.209214733211526 2.1399222433670886
-15.174179180787466 5.858443716038829 1.1548865961575139
-15.943512389555888 2.599323878178073 0.26817114216533083
-16.366342921634622 4.553498288522103 0.21901104555663498
3.002994712683662 -14.135737315007491 1.3574911024022893
4.664372071115354 -13.550349172486033 2.3046690136131733
1.5183621593318015 -15.507304336730778 4.809254432419144
0.47197907382600546 -14.194763256565452 3.7219097992665233
3.7947337906893885 -13.023986971522538 5.616265621688293
3.179739517763493 -14.921916194209322 5.756432343630029
4.049377798189457 -15.448278395172817 2.444835735554909
3.307061521513528 -16.13406190603446 4.170717400563336
-6.396690799698584 -14.309817249434131 -1.7340942025038433
-4.607836417698753 -13.548972036398007 -2.204322404337824
-4.437016024448817 -12.262395711242752 -3.7260128304100717
-6.055050013198711 -11.736664599123621 -4.777475054648339
-7.843904395198543 -12.497509812159743 -4.307246852814359
-8.01472478844848 -13.784086137314999 -2.7855564267421116
-4.569068929305794 -15.435542904585237 -5.109377901424066
-3.6940254825023575 -14.111834863973563 -3.8919642537979353
-6.930093460002147 -13.060372639735297 -5.99488870227447
-6.187102918055689 -14.909811792466105 -6.160840125662334
-7.271734246502021 -15.633525290045807 -2.9515078501299756
-6.357923311305625 -16.19638811762136 -4.639149699590086
2.959651343001868 5.774912216110074 -12.9834772538212
4.577685331751762 4.5993417115251285 -12.9834772538212
1.3286772673378116 3.5300689856088816 -15.864553864219602
0.32867726733781133 3.8549886818417893 -14.163252247515523
3.5647452448375994 1.503847672671896 -14.163252247515521
2.946711256087706 2.354498481023935 -15.864553864219602
3.959651343001868 5.449992519877169 -14.68477887052528
3.144164305169839 4.327570904626572 -16.12531717572448
-11.738331586198457 -10.65089968985459 0.2578244254023794
-11.632758777198376 -8.804289567549436 1.0186696384385008
-10.632758777198376 -8.479369871316528 2.719971255142581
-10.843904395198543 -12.172590115926834 1.1982808290703373
-13.730175172740763 -9.751205835760423 3.607915483217894
-12.628680570469529 -8.354442640502354 2.6937151673462583
-10.839826188469694 -11.397823492646845 4.5746279746821745
-12.835747981740848 -11.27289626183267 4.548371886885852
-12.839826188469697 -12.04766288511266 1.1720247412740143
-13.835747981740848 -11.597815958065578 2.8470702701817716
7.984418682683383 5.484081838432974 -8.449640612135877
7.735063983418288 5.140874538579974 -6.495150657369666
6.656374657585025 6.4089498936401785 -5.38681215662979
7.155084056115215 7.095364493346183 -9.295792066162212
9.794387155838248 7.827809431680058 -5.760597084255063
8.64004821999572 6.312738335203514 -5.150628893429259
6.981378966859382 9.53530364502993 -6.84293180148193
8.965052529270077 9.439092086593266 -6.6067485382813995
9.138757618525911 6.999152934909519 -9.059608802961682
10.043741855103342 8.171016731533062 -7.715087039021275
-11.632758777198381 3.147222199887911 -10.171996915962726
-11.461938383948446 1.8606458747326529 -8.65030648989048
-10.29111799069851 0.24914985334449036 -8.829917680522316
-9.29111799069851 -0.0757698428884147 -10.531219297226396
-9.461938383948445 1.2108064822668423 -12.052909723298642
-10.632758777198383 2.822302503655004 -11.873298532666809
-13.268153714333172 -0.4934858691297488 -10.437944572059958
-12.279635852515842 0.04029184022382337 -8.783280317939097
-10.279635852515842 -0.6095475522419873 -12.185883551347258
-12.268153714333172 -0.8184055653626541 -12.139246188764039
-12.621276639015715 2.613444490534339 -11.826661170083588
-13.438974107583109 0.7930904560255085 -11.959634998132204
8.33581541302798 4.266436328287889 8.805352022597413
8.002482079694644 2.7561801305592306 7.537276667537208
6.875160075944612 1.2045545060483442 8.104377206438569
7.541826742611277 4.225066901505663 10.640527916558977
10.024580648267767 0.6991861726721056 9.455581449418963
8.84686469731454 0.9725550527513385 7.862391380947982
7.258887356481135 0.889816199186884 11.532743168871114
9.230591977851063 0.6578167458898783 11.290757343380527
9.513531363981206 3.9930674482086568 10.398542091068391
10.3579139816011 2.2094423704007644 10.723656804479166
-9.843904395198548 7.891904668736482 -9.300145882356293
-9.738331586198465 7.746596163135409 -7.3082272544500695
-8.014724788448484 8.127018769653471 -6.3677708507821125
-6.396690799698588 8.652749881772607 -7.41923307502038
-6.502263608698674 8.798058387373677 -9.411151702926606
-8.225870406448655 8.417635780855615 -10.351608106594561
-8.353845104576783 11.494021972405363 -7.108234789031339
-7.322481547637643 10.000731674288447 -6.267774618072748
-10.769695143137602 9.239886461252325 -8.14868742540866
-10.077451902326763 11.1135993658873 -8.048691192699296
-7.533627165637813 10.291348685490593 -10.251611873885198
-8.459417913576868 11.639330478006435 -9.100153416937564
6.41450473886124 8.828808351345284 7.403402390279721
6.081171405527908 8.370014377854893 5.485487642753704
4.257126087194714 8.612195220523345 4.701773973030406
2.7664141021948536 9.31317003668219 5.835975050833125
3.099747435528186 9.77196401017258 7.753889798359145
4.923792753861379 9.529783167504128 8.537603468082441
4.648250580103773 12.050776031985269 4.8540357019464455
3.540665674482648 10.452576047588533 4.386048002626776
7.188756311149033 9.968214362251627 5.953475342073371
6.472295898436967 11.808595189316815 5.637749371669743
4.207332341149312 11.370163994569316 8.221877497678813
4.981583913437105 12.509570005475661 6.771950449472462
3.511770094694788 -8.789302618146682 -12.319277340979461
2.389737399179728 -8.946258718566297 -10.67112461360973
2.389737399179728 -5.543655485158137 -12.774049062086267
3.511770094694788 -7.088001001442602 -13.370739565217727
-0.8463305783200603 -7.894796494328031 -12.774049062086267
1.8937361059448938 -9.96487312273163 -12.319277340979461
0.2757021171949998 -9.439142010612496 -13.370739565217727
1.8937361059448934 -6.562269889323469 -14.422201789455997
0.2757021171949994 -7.737840393908417 -14.422201789455995
-8.902659510350187 1.3693798911791706 12.65766235415246
-8.775337506600156 0.157234179354031 11.071947411085768
-5.45258278973677 1.3280104643969437 12.966303233507533
-7.241282151918496 1.9547680337006277 13.604840265363341
-6.682571335588562 -2.467847980976623 13.246636677391008
-9.517653783276085 -0.5285493315076124 12.797829076094196
-8.471270697770287 -1.841090411672939 13.885173709246816
-6.194899066412699 0.6422269535353008 14.692184898515961
-6.809893339338594 -1.2557022691514823 14.8323516204577
-17.665720623387312 -0.37476814429563543 -0.6063875953710697
-16.06213442453135 -1.003123786779997 -1.6230883819335427
-15.975447685167758 -0.8838097259753515 2.374191888964761
-17.622377253705515 -0.3151111138933127 1.3922525400780823
-15.975447685167754 2.518793507432809 0.2712674404882265
-17.622377253705515 1.3861905028107675 0.34079031583981495
6.239062690183452 -13.084275090769223 -0.7454333460742463
6.28240605986525 -13.024618060366901 1.253206789374906
10.217446944359175 -12.680800350875385 -0.8437535392916392
9.05758944383948 -11.405129343166582 -1.857358027531216
9.144276183203075 -11.285815282361936 2.1399222433670886
10.26079031404097 -12.621143320473065 1.154886596157513
7.398920190703144 -14.359946098478028 0.26817114216532995
9.388112317791004 -14.158208728531111 0.219011045556634
-6.5022636086986685 -14.455125755035203 0.2578244254023807
-4.778656810948689 -13.784086137314995 1.0186696384385026
-4.778656810948689 -12.732623913076727 2.7199712551425823
-8.225870406448646 -14.074703148517141 1.1982808290703386
-5.031090387713391 -16.071460886807177 3.607915483217897
-4.04307020045605 -14.592253703200985 2.6937151673462605
-7.490283795956009 -13.831408490164861 4.574627974682176
-6.754697185463371 -15.691038280289117 4.548371886885854
-7.490283795956009 -15.934332938641397 1.1720247412740168
-6.754697185463371 -16.742500504527385 2.8470702701817734
3.0029947126836634 7.535870863216479 -12.036299342610318
4.664372071115356 8.121259005737935 -11.089121431399432
1.5183621593318042 11.23660526173401 -11.719390691486652
0.4719790738260077 9.677068440152343 -11.031693563022149
3.7947337906893908 10.847844725195255 -9.13733774060038
3.1797395177634957 11.821993404255466 -10.772212780275767
4.049377798189459 9.095407684798145 -12.723996471074818
3.3070615215135306 10.94577488405691 -12.565542145512987
-6.3966907996985904 4.848523816591993 -13.57460014937089
-4.607836417698758 4.0876786035558705 -13.104371947536912
-4.437016024448821 2.151262885934802 -12.634143745702932
-6.0550500131987155 0.9756923813498541 -12.634143745702932
-7.843904395198548 1.7365375943859762 -13.10437194753691
-8.014724788448486 3.6729533120070466 -13.57460014937089
-4.569068929305798 2.333018116725645 -16.09095254377074
-3.6940254825023624 2.829925753622697 -14.362548144736838
-6.930093460002153 0.4787847444528026 -14.362548144736836
-6.187102918055694 1.1574476121406976 -16.09095254377074
-7.271734246502026 4.3516161796949415 -15.303004548404795
-6.3579233113056315 3.093863329761768 -16.561180745604716
3.511770094694781 6.534838483893327 12.475703810520539
5.129804083444677 5.359267979308383 12.475703810520539
2.0100209803405926 4.467858153812624 15.553420807353726
0.9368502191844943 4.692066937283161 13.880688031679648
4.172918196684284 2.3409259281132697 13.880688031679648
3.628054969090487 3.292287649227678 15.553420807353726
4.58494085585088 6.3106297004227905 14.148436586194617
3.8340662986737857 5.277139535382439 15.68729508461121
-11.738331586198461 4.993832322193063 -9.411151702926606
-11.63275877719838 4.8485238165919915 -7.41923307502038
-10.63275877719838 6.224905737063164 -6.3677708507821125
-10.843904395198548 6.515522748265307 -10.351608106594563
-13.730175172740768 7.587889533290264 -7.10823478903134
-12.628680570469534 6.145552422140591 -6.267774618072748
-10.8398261884697 9.188933274285084 -8.148687425408662
-12.835747981740852 9.109579959362511 -8.048691192699298
-12.8398261884697 6.4361694333427355 -10.251611873885198
-13.835747981740854 7.733198038891336 -9.100153416937564
8.335815413027978 5.967737944991968 7.753889798359147
8.002482079694646 5.5089439715015756 5.835975050833127
6.875160075944611 6.710082187933038 4.701773973030407
7.541826742611277 7.62767013491382 8.537603468082441
10.024580648267765 8.144643592870171 4.854035701946447
8.84686469731454 6.597396795440677 4.3860480026267785
7.258887356481135 9.917261175284384 5.953475342073371
9.230591977851063 9.804575782792023 5.637749371669744
9.513531363981205 7.5149847424214595 8.221877497678815
10.357913981601099 8.603437566360562 6.771950449472465
6.5879063350508 -10.090865892704693 -10.17199691596272
5.31151313280078 -10.325979993621681 -8.650306489890474
3.4170859418008623 -9.71044328618663 -8.829917680522309
2.7990519530509683 -8.85979247783459 -10.53121929722639
4.075445155300989 -8.6246783769176 -12.052909723298635
5.969872346300906 -9.240215084352652 -11.8732985326668
3.6307520301726073 -12.771259569267292 -10.437944572059951
3.832935980361682 -11.666176831902982 -8.783280317939088
2.5968680028618936 -9.9648752151989 -12.185883551347251
3.0127180414227133 -11.920608760915252 -12.13924618876403
6.385722384861726 -11.195948630069003 -11.826661170083582
4.9071452324226295 -12.536145468350302 -11.959634998132195
-11.185311945146967 3.7630799298955666 10.460575114843266
-11.078898979356358 2.387854386041233 9.01232410612889
-9.89931525240965 0.7884200587163611 9.236805873088596
-8.826144491253551 0.5642112752458235 10.909538648762673
-8.93255745704416 1.939436819100156 12.357789657477047
-10.112141183990872 3.5388711464250284 12.133307890517344
-12.802944530592363 0.14681964060823516 11.013681197461022
-11.887715272079058 0.5797242413975672 9.28887714743777
-9.74137374976686 0.1313066744564908 12.634342698785925
-11.729773769436266 -0.07738914286230303 12.6864139731351
-12.100541203660274 3.3301753291062353 12.185379164866518
-12.909357496382972 1.5220451844625689 12.461932206175396
10.54758111030057 -6.92337676021352 -9.30014588235629
10.376760717050635 -6.8678738499283645 -7.308227254450066
10.205940323800698 -5.111069322939128 -6.36777085078211
10.205940323800696 -3.4097677062350487 -7.419233075020378
10.376760717050633 -3.465270616520204 -9.411151702926604
10.547581110300571 -5.22207514350944 -10.351608106594558
13.512944600985985 -4.393130699635808 -7.1082347890313375
11.774032265768374 -3.8736977477928503 -6.267774618072745
12.115673052268248 -7.387306801771322 -8.148687425408658
13.68376499423592 -6.149935226625043 -8.048691192699295
12.115673052268248 -3.9847035683631615 -10.251611873885194
13.68376499423592 -4.448633609920964 -9.100153416937562
-9.442035394299538 8.44502989597169 9.23075100651523
-9.422651650103058 8.18109231983262 7.248338025735807
-7.741890547474887 8.502542886215007 6.213102956167267
-6.080513189043196 9.087931028736467 7.160280867378152
-6.099896933239675 9.351868604875536 9.142693848157576
-7.780658035867847 9.03041803849315 10.177928917726113
-8.052973031389023 11.908136854315678 6.7655135033494735
-7.057051238117869 10.366065153456537 5.971690694974101
-10.41857344337421 9.723164020691762 8.04216083411118
-9.733734134017194 11.586686287933292 7.800748572918012
-7.095818726510829 10.893940305734679 9.936516656532948
-8.072356775585503 12.172074430454751 8.747926484128897
-7.621870121092215 -8.78930261814669 -12.319277340979463
-6.499837425577156 -8.946258718566302 -10.671124613609733
-6.499837425577156 -5.543655485158144 -12.774049062086272
-7.621870121092217 -7.088001001442611 -13.370739565217733
-3.263769448077366 -7.894796494328035 -12.774049062086268
-6.003836132342321 -9.964873122731634 -12.319277340979461
-4.385802143592425 -9.439142010612503 -13.370739565217729
-6.003836132342321 -6.562269889323477 -14.422201789456
-4.385802143592425 -7.737840393908423 -14.422201789455999
4.053430752621462 -8.043770681545892 12.657662354152459
2.8612670117743035 -8.29725388482435 11.071947411085766
2.9479537511378973 -4.7753365906115475 12.966303233507535
4.096774122303258 -6.28281203443949 13.604840265363341
-0.2820347947138919 -7.118109979974392 13.246636677391008
2.4384364796955666 -9.215157376227314 12.797829076094194
0.86678557645147 -8.625585423802335 13.885173709246814
2.525123219059161 -5.69324008201451 14.692184898515963
0.910128946133266 -6.864626776695933 14.8323516204577
5.102582204774458 -16.9169084394599 -0.6063875953710699
4.009445089047262 -15.585979907636016 -1.623088381933543
4.096131828410856 -15.466665846831372 2.3741918889647606
5.145925574456254 -16.857251409057582 1.3922525400780819
7.332199805910646 -14.415203622593104 0.27126744048822626
6.76395956320615 -16.331520296938447 0.3407903158398146
-9.73833158619846 -13.403663530796937 -1.845100023074154
-9.843904395198543 -13.548972036398009 0.146818604832071
-13.730175172740765 -13.244956900951792 -2.045092488492883
-12.62868057046953 -11.802619789802119 -2.885552659451477
-12.839826188469695 -12.093236801004261 1.0982845963609726
-13.835747981740848 -13.390265406552864 -0.053173860586658184
-10.839826188469695 -14.84600064194661 -1.0046398521155606
-12.835747981740848 -14.766647327024039 -1.104636084824925
6.239062690183455 5.184729854046583 -12.036299342610313
6.2824060598652505 6.945688501152986 -11.08912143139943
10.217446944359175 4.91635021068725 -11.719390691486648
9.057589443839483 3.43925737745371 -11.031693563022145
9.144276183203077 6.961174671666515 -9.137337740600378
10.260790314040971 6.677308857793654 -10.772212780275764
7.398920190703145 6.661822687280124 -12.723996471074816
9.388112317791006 6.527632865600458 -12.565542145512985
-6.502263608698675 6.695133938897146 -12.813754936334766
-4.778656810948695 7.075556545415209 -11.873298532666809
-4.778656810948694 8.127018769653475 -10.17199691596273
-8.225870406448653 7.366173556617349 -12.052909723298642
-5.0310903877134 10.414393519145658 -12.761242760742123
-4.043070200456057 8.935186335539465 -11.847042444870487
-7.490283795956016 10.277265570979875 -10.325352018798242
-6.754697185463381 11.085433136865863 -12.000397547706
-7.490283795956017 8.174341122503339 -13.7279552522064
-6.75469718546338 10.033970912627597 -13.70169916441008
3.511770094694782 8.23614010059741 11.424241586282273
5.129804083444677 8.761871212716544 10.372779362044005
2.0100209803405917 11.913315574010692 10.95187505988121
0.9368502191844938 10.316908679972505 10.404344653358443
4.172918196684284 11.368370904210773 8.30142020488191
3.6280549690904866 12.439046686129828 9.900412835642943
4.5849408558508795 9.832546994635598 11.97177199280504
3.8340662986737843 11.671134731342239 11.73558872960451
6.5879063350508025 -4.585338210819996 -13.574600149370886
5.311513132800782 -3.1191506950329053 -13.104371947536906
3.4170859418008646 -3.5550762118361217 -12.634143745702929
2.79905195305097 -5.45718924442643 -12.634143745702927
4.07544515530099 -6.923376760213521 -13.104371947536904
5.969872346300908 -6.4874512434103035 -13.574600149370884
3.6307520301726086 -3.624500532365143 -16.090952543770737
3.8329359803616843 -2.638731855805479 -14.362548144736833
2.5968680028618945 -6.442957920986094 -14.362548144736833
3.0127180414227146 -5.526613564955451 -16.090952543770737
6.385722384861727 -5.571106887379661 -15.30300454840479
4.907145232422631 -5.090688048152234 -16.561180745604712
-5.808981876982983 5.657435752317339 13.52570722230795
-4.041191552760681 4.867598350984463 13.024634124804463
-3.888395501464276 2.9063742549701637 12.663727749242708
-5.50338977439017 1.7349875602887392 12.803894471184444
-7.271180098612471 2.524824961621615 13.304967568687932
-7.423976149908877 4.486049057635915 13.665873944249684
-3.870831483889207 3.294059512793011 16.10602228140486
-3.0721163562137934 3.6859102312222984 14.314791654352918
-6.302104902065583 1.3431368418594505 14.595125098236387
-5.485825756815101 2.122672818111586 16.246189003346597
-6.607697004658397 5.265585033888051 15.316937849359896
-5.638621808111509 4.083896914125886 16.60709537890835
8.376760717050635 -9.62063769087071 -9.4111517029266
8.205940323800696 -9.565134780585554 -7.419233075020376
9.205940323800696 -8.188752860114379 -6.367770850782108
9.547581110300573 -8.299758680684693 -10.351608106594558
11.45936924968538 -10.713385750682562 -7.108234789031332
9.747244590118068 -10.11150881049148 -6.267774618072742
12.088885376617945 -7.469750790119443 -8.148687425408657
12.630189642935317 -9.392506740496543 -8.048691192699291
10.088885376617945 -10.222514631061792 -10.25161187388519
11.630189642935317 -10.76888866096772 -9.100153416937555
-11.326128183700717 5.561181632947656 9.596282888544346
-11.306744439504238 5.2972440568085855 7.613869907764921
-10.355006172705409 6.6071994002510674 6.4398974763606525
-10.39377366109837 7.1350745525292085 10.404723437919499
-13.419202869460888 8.01590618929197 7.231253139828655
-12.353281782384324 6.524606334980741 6.431355033407076
-10.488572737179625 9.672392174143848 8.048236132157385
-12.486848346858539 9.589799108873521 8.039693689203808
-12.392049270777283 7.052481487258883 10.396180994965924
-13.438586613657368 8.279843765431039 9.213666120608078
-10.698006361448233 -10.090865892704693 -10.17199691596272
-9.421613159198213 -10.325979993621683 -8.650306489890475
-7.527185968198296 -9.710443286186631 -8.82991768052231
-6.909151979448401 -8.859792477834594 -10.531219297226391
-8.185545181698423 -8.624678376917604 -12.052909723298637
-10.07997237269834 -9.240215084352654 -11.873298532666801
-7.740852056570041 -12.771259569267293 -10.437944572059951
-7.943036006759116 -11.666176831902982 -8.783280317939091
-6.706968029259327 -9.964875215198902 -12.185883551347253
-7.1228180678201465 -11.920608760915254 -12.139246188764032
-10.495822411259159 -11.195948630069006 -11.826661170083582
-9.017245258820063 -12.536145468350306 -11.959634998132199
7.035353167102212 -9.475008162697033 10.460575114843262
5.6945525373928625 -9.798771482313098 9.012324106128887
3.8088886800897166 -9.171173080814755 9.236805873088592
3.264025452495921 -8.219811359700348 10.90953864876267
4.604826082205269 -7.896048040084281 12.357789657477044
6.490489939508415 -8.523646441582624 12.133307890517338
4.095961213913409 -12.130954059529302 11.013681197461018
4.224856560798461 -11.126744430729234 9.288877147437764
3.1351301056108687 -9.224020988500415 12.634342698785922
3.5510979863196135 -11.179592338414892 12.686413973135094
6.906457820217158 -10.479217791497103 12.185379164866513
5.436761843622757 -11.807190739913235 12.46193220617539
-14.657681136698 -6.923376760213523 -9.30014588235629
-14.48686074344806 -6.867873849928367 -7.308227254450066
-14.316040350198126 -5.111069322939133 -6.36777085078211
-14.316040350198126 -3.4097677062350527 -7.4192330750203785
-14.486860743448062 -3.4652706165202085 -9.411151702926604
-14.657681136698 -5.222075143509444 -10.35160810659456
-17.62304462738341 -4.393130699635812 -7.108234789031334
-15.884132292165798 -3.8736977477928543 -6.267774618072744
-16.225773078665675 -7.3873068017713255 -8.148687425408657
-17.793865020633348 -6.149935226625047 -8.04869119269929
-16.225773078665675 -3.984703568363166 -10.251611873885194
-17.793865020633348 -4.448633609920968 -9.100153416937559
10.949450111199583 -6.370251532978308 9.230751006515222
10.692440653146043 -6.433377693231153 7.248338025735799
10.478774564774298 -4.735545206377593 6.21310295616726
10.522117934456094 -2.9745865592711906 7.160280867378145
10.779127392509634 -2.9114603990183463 9.14269384815757
10.99279348088138 -4.609292885871906 10.177928917726108
13.813816674173749 -3.9790158177254913 6.765513503349465
12.039462575288152 -3.5083642686247627 5.971690694974093
12.466794752031642 -6.90402924233188 8.04216083411117
14.027482762545494 -5.6768483045790505 7.800748572918003
12.553481491395234 -3.382111948119076 9.936516656532941
14.070826132227293 -3.915889657472648 8.747926484128888
-7.069751369399294 -8.029376350363435 13.139903723362279
-6.019957623353895 -8.285760834786924 11.456989558316753
-5.9332708839903 -4.763843540574117 13.35134538073852
-7.026407999717497 -6.268417703257033 14.087081634573162
-2.697202906490512 -7.114984549744009 13.35134538073852
-5.4517173806493995 -9.20494685494838 13.139903723362279
-3.7903400222177073 -8.619558712426926 14.087081634573162
-5.365030641285806 -5.683029560735576 15.034259545784044
-3.7469966525359104 -6.858600065320522 15.034259545784044
4.0534307526214635 14.918640991921247 -1.533888523717591
2.861267011774304 13.613695564404523 -2.469764074318471
2.947953751137897 13.733009625209167 1.5275161965798334
4.096774122303261 14.97829802232357 0.4647516117315611
-0.28203479471389015 15.031467590863777 -0.44255509783931607
2.4384364796955698 15.567869974748554 -2.518924170927166
0.8667855764514714 16.27675598797818 -1.505319682687588
2.525123219059162 15.687184035553198 1.4783560999711385
0.9101289461332673 16.336413018380505 0.493320452761564
-8.353845104576774 -17.15108934006689 -2.0450924884928825
-7.322481547637637 -15.657799041949973 -2.885552659451476
-7.533627165637805 -15.948416053152116 1.0982845963609735
-8.459417913576857 -17.29639784566796 -0.05317386058665774
-10.769695143137593 -14.896953828913851 -1.0046398521155608
-10.077451902326754 -16.77066673354883 -1.1046360848249253
5.102582204774461 7.023101894369501 -15.402127672701363
4.009445089047267 5.518527731686586 -14.666391418866723
4.0961318284108605 9.040445025899395 -12.772035596444956
5.14592557445626 8.784060541475904 -14.45494976149048
7.332199805910648 6.6893040167294995 -12.772035596444955
6.7639595632061535 7.608490036890958 -14.454949761490479
-9.738331586198466 4.343992929727252 -12.813754936334764
-9.84390439519855 6.190603052032404 -12.05290972329864
-13.730175172740774 4.0941384680989 -12.761242760742117
-12.628680570469538 2.69737527284083 -11.847042444870482
-12.839826188469702 6.390595517451134 -10.325352018798236
-13.835747981740857 5.940748590404051 -12.000397547705992
-10.839826188469704 5.740756124985322 -13.727955252206396
-12.835747981740857 5.615828894171145 -13.701699164410075
6.747838072194574 5.884999091427515 11.424241586282275
6.7478380721945745 7.5863007081315965 10.372779362044007
10.709105765367966 5.593060522963936 10.951875059881218
9.522460589197973 4.079097617273873 10.404344653358448
9.522460589197973 7.481700850682032 8.301420204881913
10.709105765367966 7.294362139668016 9.900412835642948
7.9344832483645655 7.3989619971175795 11.971771992805042
9.91511709495126 7.25299271288579 11.735588729604514
8.376760717050635 -4.115110008986017 -12.81375493633476
8.205940323800696 -2.358305481996781 -11.873298532666805
9.2059403238007 -2.033385785763874 -10.171996915962724
9.547581110300571 -5.546994839742345 -12.052909723298637
11.45936924968538 -1.5666267137804168 -12.76124276074212
9.74724459011807 -1.0840638343939815 -11.847042444870484
12.088885376617949 -3.9478334959066377 -10.325352018798236
12.630189642935319 -2.9985115445367447 -12.000397547705996
10.088885376617945 -4.597672888372452 -13.727955252206396
11.630189642935317 -3.3234312407696525 -13.701699164410076
-5.949798115536731 7.455537455369431 12.661414996009023
-4.26903701290856 7.77698802175182 11.626179926440484
-4.344086421760032 8.725153596504871 9.86681935251476
-7.705608627016373 8.082252463740097 11.937289491651839
-4.487089822757728 11.163146061476748 12.323594223772492
-3.537682866519058 9.630792324805478 11.45726954032222
-7.0493038894783435 10.88422234154681 10.009018531607847
-6.242900334237371 11.789861069847419 11.599468719415304
-6.899205071775401 8.987891192040703 13.527739679459296
-6.167850925385898 10.841695495094362 13.358829293341032
-10.698006361448236 -4.58533821082 -13.574600149370887
-9.421613159198214 -3.119150695032909 -13.104371947536908
-7.527185968198298 -3.555076211836125 -12.634143745702934
-6.909151979448403 -5.457189244426432 -12.634143745702932
-8.185545181698425 -6.923376760213523 -13.104371947536908
-10.079972372698341 -6.487451243410307 -13.574600149370886
-7.740852056570046 -3.624500532365146 -16.09095254377074
-7.943036006759119 -2.638731855805482 -14.362548144736836
-6.706968029259328 -6.442957920986096 -14.362548144736836
-7.12281806782015 -5.526613564955453 -16.09095254377074
-10.495822411259162 -5.571106887379665 -15.30300454840479
-9.017245258820065 -5.090688048152238 -16.561180745604716
7.17561525776641 -3.77642627509465 13.525707222307943
5.878157997738858 -2.3392309476043125 13.024634124804455
3.9657064647854097 -2.799964842800759 12.663727749242703
3.3507121918595155 -4.697894065487543 12.803894471184439
4.648169451887067 -6.13508939297788 13.304967568687927
6.560620984840514 -5.674355497781434 13.665873944249679
4.328989475589201 -2.6634591362977744 16.106022281404854
4.454845106650252 -1.7827473782058747 14.314791654352911
3.2248565607984623 -5.5786058235794425 14.595125098236382
3.7139952026633054 -4.5613883589845585 16.24618900334659
7.049759626705356 -4.657138033186549 15.316937849359888
5.626446735616753 -4.1006544637881115 16.607095378908344
-12.48686074344806 -9.620637690870716 -9.411151702926599
-12.316040350198126 -9.565134780585558 -7.419233075020375
-13.316040350198127 -8.188752860114384 -6.367770850782107
-13.657681136697999 -8.299758680684697 -10.351608106594556
-15.569469276082806 -10.71338575068257 -7.108234789031332
-13.8573446165155 -10.111508810491486 -6.267774618072741
-16.198985403015374 -7.46975079011945 -8.148687425408655
-16.740289669332746 -9.39250674049655 -8.04869119269929
-14.198985403015373 -10.222514631061797 -10.25161187388519
-15.740289669332745 -10.768888660967724 -9.100153416937555
8.78896411954838 -9.053288380116113 9.59628288854434
8.531954661494838 -9.116414540368956 7.613869907764914
9.48369292829367 -7.806459196926475 6.439897476360645
9.997711844400754 -7.680206876420789 10.404723437919493
11.770341552965263 -10.285369094680856 7.231253139828646
10.022643378203279 -9.732454897651326 6.431355033407068
12.44013882790803 -6.986291890260679 8.048236132157376
12.979089277817636 -8.912287590985532 8.039693689203801
10.536662294310362 -9.60620257714564 10.396180994965917
12.027351011018805 -10.222242934428012 9.21366612060807
-10.234322459371976 -9.45265975307341 11.209295393677232
-9.02473457772908 -9.779723489465324 9.650473252148567
-7.125103014308814 -9.15702357792351 9.710844962603893
-6.4350593325314485 -8.207259929989778 11.330038814587883
-7.644647214174346 -7.880196193597863 12.888860956116549
-9.54427877759461 -8.502896105139678 12.82848924566122
-7.264961253924112 -12.116252072386926 11.506229709773006
-7.540053975005147 -11.111519649122084 9.798940410196455
-6.159966611450415 -9.211992353254619 13.037328114164435
-6.574917572146746 -11.166488424453195 13.125423561756994
-9.95922973829094 -10.457392176338253 12.916584693253782
-8.47454913556701 -11.78918833599501 13.06505185130167
7.035353167102215 13.593575284044071 -3.796593527555938
5.694552537392867 12.443011560713384 -4.733853784862541
3.8088886800897206 12.36312361930175 -4.072121411408109
3.264025452495925 13.433799401220803 -2.473128780647073
4.604826082205274 14.58436312455149 -1.5358685233404712
6.49048993950842 14.664251065963125 -2.1976008967949037
4.095961213913415 15.27606351782056 -5.924787195606994
4.224856560798466 13.284255677601628 -5.797950618888068
3.1351301056108745 15.425607241439735 -2.599965357365999
3.5510979863196193 16.346739299739614 -4.3257945648459595
6.906457820217163 15.585383124263004 -3.923430104274864
5.436761843622763 16.426627241151248 -4.987526938300392
-2.055050013198714 -16.079724236199734 -9.300145882356286
-2.055050013198714 -15.9001130455679 -7.308227254450062
-0.43701602444881926 -15.19477074281693 -6.367770850782106
1.1810179643010752 -14.669039630697796 -7.419233075020374
1.181017964301075 -14.848650821329631 -9.411151702926599
-0.43701602444881943 -15.553993124080602 -10.351608106594554
1.2677047036646698 -18.11806347453106 -7.10823478903133
1.2243613339828718 -16.30374595729851 -6.26777461807274
-2.011706643516917 -17.714430562800448 -8.148687425408653
-0.35032928508522493 -18.82340577728203 -8.048691192699287
1.224361333982872 -16.66296833856218 -10.251611873885189
1.2677047036646696 -18.297674665162894 -9.100153416937555
-14.232136231883196 -6.337664446877797 10.322489192921672
-14.147825814774965 -6.401232303694478 8.325278417578525
-14.020172027984936 -4.703841513404757 7.275245553446264
-13.97682865830314 -2.9428828662983535 8.222423464657147
-14.061139075411369 -2.8793150094816724 10.219634240000296
-14.188792862201398 -4.5767057997713945 11.269667104132557
-17.292925776992135 -3.9387610823505277 8.114134599969816
-15.592722009093524 -3.4726059027327807 7.169673644641909
-15.848029582673579 -6.867387483312225 9.269739372906432
-17.420579563782166 -5.63615187264025 9.164167464102077
-15.761342843309983 -3.345470189099419 11.164095195328203
-17.377236194100366 -3.875193225533847 10.111345375312963
10.949450111199585 11.105097785879403 -1.569608837816166
10.692440653146047 9.360204589175874 -2.5126326289098824
10.4787745647743 7.674968422874668 -1.457016284554447
10.522117934456096 7.734625453276992 0.5416238508947049
10.779127392509638 9.47951864998052 1.4846476419884218
10.992793480881383 11.164754816281727 0.42903129763298664
13.813816674173749 7.830729208869085 -0.533310321556011
12.039462575288155 6.910230732721274 -0.4673551308775109
12.466794752031642 10.280703065323687 -2.5785878195883822
14.027482762545494 9.51596537517029 -1.5889266659114463
12.553481491395235 10.400017126128333 1.4186924513099224
14.070826132227293 9.575622405572613 0.40971346953770615
-7.069751369399292 15.343533444564617 -1.3053489458885952
-6.019957623353894 13.95294788233841 -2.287288294775275
-5.933270883990299 14.072261943143053 1.7099919761230291
-7.026407999717494 15.403190474966939 0.6932911895605571
-2.6972029064905096 15.123724167381322 -0.3929324723535059
-5.451717380649397 15.869264556683751 -2.356811170126863
-3.7903400222177046 16.45465269920521 -1.4096332589159781
-5.365030641285804 15.988578617488393 1.6404691007714416
-3.7469966525359073 16.51430972960753 0.5890068765331742
-8.353845104576783 5.841014000694583 -16.25499382593349
-7.3224815476376435 4.421463847490712 -15.295219594170248
-7.533627165637812 8.114684092101015 -13.773529168098001
-8.459417913576868 7.687624122999735 -15.494148612897364
-10.769695143137602 5.763543082931122 -13.773529168098001
-10.077451902326763 6.5120536184147895 -15.494148612897362
5.7558354857249 7.922227899758177 14.720547041021735
4.633802790209841 6.377882383473713 14.123856537890271
4.633802790209841 9.780485616881874 12.020932089413737
5.7558354857249014 9.62352951646226 13.669084816783467
7.86987076770963 7.429344607711982 12.020932089413739
7.3738694744747955 8.447959011877312 13.669084816783467
7.140692739550843 -7.9193360741666305 -12.813754936334758
8.929547121550677 -7.449107872332653 -12.052909723298637
8.136614532821996 -11.79301420394227 -12.76124276074211
6.467833242936482 -11.177054149240469 -11.847042444870477
10.045542006936147 -10.23659774557251 -10.325352018798231
9.925468914821828 -11.322786002108293 -12.000397547705987
8.809474029436357 -8.535296128868435 -13.727955252206392
9.307434926071931 -10.472135193756255 -13.70169916441007
-9.17978666138852 5.112764066006582 12.941748439892496
-9.32060289994227 6.910865769058672 12.077456213593571
-13.169832092201851 4.865384553413783 13.077176785503825
-12.107163899397536 3.4151813901286303 12.201022063323007
-12.38879637650503 7.01138479623281 10.472437610725162
-13.310648330755598 6.663486256465873 12.212884559204904
-10.242454854192836 6.562967229291735 13.817903162073314
-12.2374775695995 6.439277472995335 13.88561733487898
-12.486860743448062 -4.115110008986021 -12.813754936334764
-12.316040350198127 -2.358305481996786 -11.873298532666809
-13.316040350198126 -2.033385785763879 -10.171996915962728
-13.657681136698 -5.54699483974235 -12.052909723298637
-15.569469276082808 -1.566626713780424 -12.76124276074212
-13.8573446165155 -1.0840638343939872 -11.847042444870485
-16.198985403015374 -3.947833495906645 -10.325352018798236
-16.740289669332746 -2.9985115445367523 -12.000397547705994
-14.198985403015373 -4.5976728883724585 -13.727955252206396
-15.740289669332745 -3.323431240769659 -13.701699164410076
8.929226210212576 -3.354706492513732 12.661414996009022
8.71556012184083 -1.656874005660173 11.62617992644048
9.64051071298936 -1.435250958912481 9.866819352514755
10.06784288973285 -4.8309159326196 11.937289491651834
12.003369814641053 -0.8178741714493276 12.323594223772485
10.25263192405507 -0.388457845127971 11.457269540322214
12.529865283095615 -3.3408767253397045 10.00901853160784
13.141986494161326 -2.294083611555194 11.599468719415299
10.67996410079856 -3.7841228188350895 13.527739679459293
12.217035903012796 -2.5157066583028866 13.358829293341024
-1.0550500131987146 -11.591356093522542 -13.574600149370882
-0.05505001319871461 -9.924357161849224 -13.104371947536904
-1.055050013198714 -8.257358230175907 -12.634143745702927
-3.055050013198714 -8.257358230175907 -12.634143745702927
-4.055050013198715 -9.924357161849226 -13.104371947536903
-3.055050013198715 -11.591356093522544 -13.57460014937088
-1.0550500131987148 -8.482020050699553 -16.090952543770733
-0.05505001319871505 -8.36968914043773 -14.36254814473683
-4.055050013198715 -8.36968914043773 -14.36254814473683
-3.0550500131987155 -8.482020050699553 -16.090952543770733
-2.055050013198715 -11.703687003784367 -15.303004548404786
-2.0550500131987155 -10.149018982372871 -16.56118074560471
-10.094060368707778 -3.754077865471028 14.274427501141911
-8.841129117383085 -2.320182954756539 13.662783270824134
-6.968285229613124 -2.785815339909512 13.137766838758003
-6.348372593167856 -4.685342635776973 13.224394637009652
-7.601303844492549 -6.119237546491462 13.83603886732743
-9.47414773226251 -5.653605161338488 14.361055299393561
-7.031932992248324 -2.6487571491553963 16.598570793716846
-7.310065429153358 -1.7675225965987238 14.8248549171116
-6.070240156262822 -5.566577188333646 14.998110513614895
-6.4120203558030555 -4.548284445022858 16.685198591968494
-9.815927931802745 -4.6353124180277 16.048143377747156
-8.284864243573018 -4.0826520598698846 17.21021502403462
7.17561525776641 13.78662948976176 2.6711418133169054
5.878157997738857 12.695722796833392 3.7325216914594557
3.96570646478541 12.578964782965237 3.1590265299266176
3.3507121918595164 13.553113462025445 1.5241514902512294
4.64816945188707 14.644020154953811 0.46277161210867934
6.560620984840517 14.760778168821968 1.0362667736415174
4.328989475589202 15.596799404149941 4.820561860047624
4.454845106650252 13.600807754027484 4.807231714824814
3.2248565607984654 15.549105112147902 1.5374816354740384
3.7139952026633076 16.570948083210148 3.185686820372235
7.049759626705358 15.782621139884213 2.6844719585397145
5.626446735616755 16.687706097078305 3.7591819819050727
-5.291117990698505 -14.848650821329633 -9.411151702926595
-5.291117990698504 -14.669039630697798 -7.41923307502037
-3.67308400194861 -15.194770742816932 -6.367770850782103
-3.6730840019486104 -15.553993124080604 -10.35160810659455
-5.377804730062099 -18.118063474531063 -7.108234789031325
-5.334461360380303 -16.303745957298514 -6.267774618072735
-2.098393382880513 -17.71443056280045 -8.14868742540865
-3.759770741312204 -18.82340577728203 -8.048691192699282
-5.3344613603803035 -16.662968338562184 -10.251611873885185
-5.3778047300621 -18.297674665162898 -9.10015341693755
-12.055059643763368 -9.026314464025132 10.499967683883769
-11.970749226655137 -9.089882320841815 8.502756908540622
-13.017132312160934 -7.777341240676486 7.415412275388
-13.185753146377397 -7.650205527043124 11.409833826074294
-15.233108140200407 -10.250424364504882 8.401977525221971
-13.559773474873658 -9.70193727108169 7.453761829209722
-15.82116048010171 -6.949719397117672 9.273494113590774
-16.363801642814437 -8.874315427522872 9.311843667412496
-13.728394309090119 -9.574801557448327 11.448183379896015
-15.317418557308638 -10.186856507688201 10.399188300565116
8.788964119548382 12.631929995610985 -3.8059191211187975
8.53195466149484 10.887036798907456 -4.748942912212514
9.48369292829367 9.251174095689901 -4.102299666108055
9.997711844400754 12.740960489096958 -2.216252083920623
11.770341552965267 11.06758632714263 -5.9655990711196125
10.022643378203282 10.104864964673279 -5.828782887212922
12.440138827908026 10.322925951645225 -2.6494488128165727
12.979089277817636 11.176616820628604 -4.375932033921439
10.536662294310364 13.594651358080338 -3.9427353050254887
12.027351011018807 12.81247952384616 -5.022575280025896
-10.234322459371972 14.253256547264725 -3.441766614391894
-9.024734577729076 13.005270987458248 -4.431427768068831
-7.125103014308813 12.780789220498544 -3.8474689856533804
-6.435059332531445 13.804293013345315 -2.2738490495609938
-7.644647214174341 15.052278573151792 -1.284187895884057
-9.544278777594604 15.276760340111496 -1.868146678299507
-7.264961253924107 15.710037371588019 -5.69136294739592
-7.540053975005144 13.733661399619896 -5.556225934570843
-6.159966611450409 15.78066898531344 -2.4089860623860697
-6.574917572146741 16.73354116443479 -4.117743011303533
-9.959229738290936 16.22963251923285 -3.5769036272169705
-8.474549135567004 16.958022931394495 -4.701701793718982
-2.0550500131987164 -1.1272320671266813 -18.541294259360075
-2.055050013198716 0.5740695495773989 -17.48983203512181
-0.4370160244488208 1.0998006616965326 -16.438369810883543
1.1810179643010739 -0.07576984288841292 -16.438369810883543
1.1810179643010745 -1.777071459592493 -17.48983203512181
-0.4370160244488211 -2.3028025717116267 -18.541294259360075
1.2677047036646658 1.744845834620314 -19.38418785754358
1.2243613339828698 1.6851888042179917 -17.38554772209443
-2.01170664351692 0.6337265799797217 -19.48847217057096
-0.35032928508522876 1.2191147225011782 -20.435650081781848
1.2243613339828703 -1.7174144291901698 -19.48847217057096
1.267704703664666 0.04354421791623299 -20.435650081781848
-1.6295051083839052 -15.494011922864013 10.322489192921667
-1.7160150845256112 -15.433471499334015 8.32527841757852
-0.14114770223562567 -14.787542933282557 7.275245553446258
1.520229656196066 -14.202154790761101 8.222423464657142
1.6067396323377718 -14.2626952142911 10.219634240000289
0.031872250047787265 -14.908623780342554 11.26966710413255
1.5978235540559493 -17.663693857245782 8.114134599969809
1.5157716170551547 -15.902654112238444 7.169673644641902
-1.6339631475248162 -17.194511244341353 9.269739372906425
0.022956171765964706 -18.309622423297238 9.16416746410207
1.6887915693385673 -16.023734959298437 11.164095195328196
1.6843335301976563 -17.72423428077578 10.111345375312956
-14.232136231883189 12.067004717312388 -1.0522219022449781
-14.147825814774958 10.30907350349267 -2.002258533667874
-14.02017202798493 8.610799320075273 -0.9536550296416192
-13.976828658303132 8.670456350477595 1.0449851058075328
-14.061139075411365 10.428387564297314 1.9950217372304295
-14.18879286220139 12.126661747714712 0.9464182332041743
-17.29292577699213 9.01897012309951 0.10581629791654969
-15.592722009093515 7.965747629878694 0.10038238615059314
-15.848029582673572 11.36229599671349 -1.9968246219019177
-17.42057956378216 10.717244306516909 -0.9427872061097056
-15.761342843309977 11.481610057518134 2.000455648996386
-17.37723619410036 10.77690133691923 1.0558529293394467
16.77724078459574 -1.9823205203229395 -1.3053489458885976
15.130311216057983 -1.4136219082409018 -2.2872882947752764
15.216997955421574 -1.2943078474362564 1.7099919761230278
16.820584154277537 -1.9226634899206168 0.6932911895605547
15.216997955421572 2.1082953859719047 -0.3929324723535077
16.77724078459574 -0.28101890361885895 -2.356811170126865
16.820584154277537 1.479939743487544 -1.4096332589159806
16.863927523959333 -0.1617048428142134 1.6404691007714391
16.863927523959333 1.5395967738898668 0.5890068765331717
8.136614532821996 -6.140006232231492 -16.254993825933482
6.467833242936483 -5.597786322442733 -15.295219594170245
10.045542006936145 -4.657329918774775 -13.773529168098
9.92546891482183 -5.669778030397513 -15.494148612897359
8.809474029436355 -8.46155598395539 -13.773529168097998
9.307434926071933 -7.571891062987821 -15.494148612897359
-7.649482637982921 6.810485765172849 16.2244166576886
-6.658824138206078 5.334909907219048 15.307208053147736
-6.940456615313576 8.931113313323229 13.57862360054989
-7.790298876536667 8.60858746822494 15.360124431389679
-10.170445161165365 6.588339923960382 13.858957044433364
-9.405293149462564 7.437200773543516 15.500291153331414
-11.250792765948276 -7.919336074166633 -12.813754936334762
-13.039647147948108 -7.449107872332654 -12.052909723298637
-12.246714559219429 -11.793014203942272 -12.761242760742114
-10.577933269333915 -11.177054149240472 -11.84704244487048
-14.155642033333578 -10.236597745572514 -10.325352018798231
-14.03556894121926 -11.322786002108295 -12.000397547705989
-12.919574055833788 -8.535296128868435 -13.727955252206394
-13.417534952469365 -10.472135193756255 -13.70169916441007
7.699237664360786 -7.150564937887298 12.941748439892496
9.452848616806953 -6.728845155306383 12.077456213593573
8.696957613360913 -11.021768118627383 13.077176785503825
6.989349914008478 -10.459248031952667 12.201022063323006
10.496571818900813 -9.615808466790833 10.47243761072516
10.450568565807082 -10.60004833604647 12.212884559204902
9.406845363713222 -7.713085024562016 13.817903162073314
9.905705338213284 -9.64868661493206 13.885617334878981
-0.05505001319871572 -13.14734920462555 -12.813754936334757
1.5629839755511798 -12.442006901874581 -11.8732985326668
2.1810179643010748 -13.29265771022662 -10.17199691596272
-1.055050013198715 -14.703342315728559 -12.052909723298633
3.321280054965271 -15.291559488675668 -12.761242760742114
3.2511490096331737 -13.514112043899642 -11.847042444870478
1.251149009633173 -16.626098266105657 -10.325352018798231
2.32128005496527 -16.847552599778677 -12.000397547705989
0.015081032133382966 -14.924796649401578 -13.72795525220639
1.7032460662153759 -15.99690179142664 -13.70169916441007
-11.914797553099168 -3.32773257642275 13.56509979134845
-11.787143766309141 -1.6303417861330287 12.515066927216187
-12.860314527465238 -1.4061330026624903 10.842334151542111
-13.115622101045297 -4.8009145832419335 12.942399879806635
-15.00007987852461 -0.7829294412733536 13.49431860916581
-13.32978492902186 -0.3579402185583298 12.479676336124868
-15.731434024914115 -3.3043042321966967 11.23427651304124
-16.200904426470736 -2.256111448092537 12.871618697623996
-13.585092502601917 -3.752721799137774 14.579742064389391
-15.127733665314638 -2.4803202315630752 14.544351473298072
8.929226210212576 12.824984201328677 2.661816219754045
8.71556012184083 11.13974803502747 3.7174325641094805
9.64051071298936 9.467015259353394 3.128848275226668
10.06784288973285 12.837487591955805 1.0176155865157979
12.003369814641053 11.388322213472014 4.779749984535004
10.25263192405507 10.42141704109914 4.77639944649996
12.529865283095617 10.446423822353397 1.4879981800234656
13.141986494161326 11.400825604099143 3.135549351296757
10.67996410079856 13.79188937370155 2.6651667577890894
12.217035903012798 13.07355837977322 3.724133640179568
-0.45110402045825826 -10.760095748173574 14.274427501141911
0.5254340286164143 -9.125389421572859 13.66278327082413
-0.4961492746135411 -7.488097358249298 13.137766838758
-2.4942706269181683 -7.485511621526452 13.224394637009649
-3.4708086759928407 -9.120217948127168 13.83603886732743
-2.4492253727628857 -10.757510011450728 14.36105529939356
-0.3461309488769946 -7.506276667489805 16.59857079371684
0.5779205644070455 -7.498479881230975 14.824854917111596
-3.418322140202209 -7.493308407785284 14.998110513614893
-2.3442523011816223 -7.503690930766959 16.68519859196849
-1.3751555337422987 -10.767892534432406 16.048143377747156
-1.3226689979516668 -9.140982994090521 17.210215024034618
-10.09406036870777 14.446310752982413 3.0259687264809503
-8.841129117383078 13.257982223578257 4.034947708253165
-6.968285229613117 12.996630384162032 3.3836789556813454
-6.348372593167849 13.92360707414996 1.72343122133731
-7.601303844492543 15.111935603554116 0.7144522395650945
-9.474147732262503 15.37328744297034 1.3657209921369147
-7.031932992248313 16.0307732579174 5.053986108258696
-7.310065429153349 14.050213476045752 5.048956399142038
-6.070240156262814 15.90416685602161 1.7284609304539675
-6.412020355803046 16.957749947905327 3.393738373914661
-9.815927931802737 16.42687053485406 3.030998435597608
-8.284864243573006 17.219101787321552 4.045007126486481
-5.291117990698504 -1.7770714595924946 -17.48983203512181
-5.291117990698504 -0.07576984288841482 -16.438369810883543
-3.67308400194861 1.0998006616965328 -16.438369810883543
-3.67308400194861 -2.3028025717116276 -18.54129425936008
-5.377804730062099 1.7448458346203122 -19.38418785754358
-5.334461360380302 1.6851888042179897 -17.38554772209443
-2.0983933828805124 0.6337265799797221 -19.48847217057096
-3.759770741312204 1.219114722501179 -20.435650081781848
-5.334461360380301 -1.7174144291901712 -19.488472170570965
-5.377804730062099 0.04354421791623198 -20.435650081781848
-4.859316891013809 -14.254327594484055 10.499967683883765
-4.945826867155514 -14.193787170954055 8.502756908540618
-3.3741759639114157 -14.783359123379036 7.415412275387998
-3.201156011628004 -14.904439970439034 11.409833826074289
-5.041443594179692 -17.65510208835338 8.401977525221966
-5.036890218738456 -15.894174417888719 7.453761829209718
-1.7205684599668474 -17.194399169798675 9.273494113590768
-3.3832827147938875 -18.30521446430836 9.311843667412491
-4.863870266455045 -16.015255264948717 11.448183379896012
-4.954933618037987 -17.71564251188338 10.399188300565111
-12.05505964376337 13.428147146656004 -3.377652790596881
-11.970749226655139 11.670215932836287 -4.327689422019779
-13.017132312160935 10.110679111254619 -3.639992293555275
-13.185753146377397 13.626541538894056 -1.7399190307094814
-15.233108140200407 12.099086292179313 -5.410779692536837
-13.559773474873658 11.00568550559794 -5.344252872989757
-15.821160480101712 11.402474290074046 -2.068785353214957
-16.363801642814433 12.297480684417367 -3.773045932649438
-13.728394309090119 14.521547933237379 -3.4441796101439626
-15.317418557308637 13.857017505999034 -4.4607430611139405
16.71823208356182 -5.328920566560775 -3.441766614391896
15.157544073047967 -4.56418287640738 -4.431427768068833
14.35703078964358 -2.8268945803744536 -3.8474689856533804
15.117205516753044 -1.854343974494922 -2.2738490495609938
16.677893527266896 -2.6190816646483164 -1.2841878958840578
17.478406810671284 -4.356369960681243 -1.8681466782995089
17.186129904427244 -2.054720211090108 -5.6913629473959215
15.391492983480681 -2.927082698672047 -5.556225934570845
16.911842437699608 -0.981981486912983 -2.40898606238607
17.94630463153671 -1.0821696052105763 -4.117743011303535
18.512869004508385 -4.456558078978836 -3.576903627216973
18.746817914941097 -2.8194579012435024 -4.701701793718985
-1.2485665438254103 -0.017202800722401212 18.6470979284009
-1.2963090315741566 1.6183869190059883 17.497068831559268
0.2739824694269919 2.078406134149432 16.347039734717644
1.8920164581768866 0.9028356295644862 16.347039734717644
1.9397589459256332 -0.7327540901639034 17.49706883155927
0.3694674449244848 -1.1927733053073468 18.6470979284009
2.1038628199272216 2.8957187484993248 19.172555261710496
1.974068395177681 2.7170720488961004 17.184782949793256
-1.166514606824616 1.7970336186092122 19.484841143476512
0.5335713189260731 2.43569953335588 20.322584358552124
2.069553370675173 -0.554107390560679 19.484841143476512
2.1516053076759682 1.2601290287709344 20.322584358552124
-1.629505108383901 16.16184779369515 -9.241908055010498
-1.716015084525608 14.348413669590276 -10.080938865863084
-0.14114770223562279 13.120367688006858 -9.972791765504786
1.5202296561960695 13.705755830528313 -9.025613854293903
1.6067396323377758 15.519189954633186 -8.186583043441317
0.03187225004779087 16.747235936216605 -8.294730143799615
1.5978235540559513 15.156946657355636 -12.170136770595697
1.515771617055157 13.524634181889537 -11.017390717871093
-1.6339631475248138 15.980726145056375 -11.233684918587688
0.02295617176596626 16.384992638939053 -12.278283870953995
1.6887915693385707 17.151502430099285 -9.33932909616592
1.6843335301976585 16.97038078146051 -11.331105959743109
15.87437543047564 -9.80665637528068 -1.0522219022449801
14.176430142684463 -10.269703023710806 -2.0022585336678764
12.521828224575085 -10.67309264173861 -0.9536550296416205
12.565171594256878 -10.613435611336287 1.0449851058075317
14.263116882048054 -10.15038896290616 1.9950217372304275
15.917718800157434 -9.746999344878354 0.9464182332041726
13.921358253400257 -13.659534706219143 0.10581629791654916
12.39429227993298 -12.368008482992781 0.10038238615059264
15.70349611615174 -11.56122924693717 -1.9968246219019192
15.575960171509639 -13.256145088191337 -0.9427872061097063
15.790182855515333 -11.44191518613252 2.0004556489963847
15.619303541191435 -13.196488057789013 1.0558529293394456
-20.945131970568898 -1.4858873989362251 -0.5021032823436848
-19.327097981819005 -0.9601562868170916 -1.5535655065819534
-19.24041124245541 -0.8408422260124464 2.4437147643163506
-20.9017886008871 -1.4262303685339022 1.496536853105467
-19.24041124245541 2.561761007395715 0.34079031583981545
-20.945131970568898 0.21541421776785552 -1.5535655065819525
-20.9017886008871 1.9763728648742585 -0.606387595371068
-20.858445231205305 0.3347282785725009 2.4437147643163515
-20.8584452312053 2.036029895276581 1.392252540078084
-12.246714559219429 -6.140006232231497 -16.254993825933482
-10.577933269333915 -5.5977863224427375 -15.295219594170247
-14.155642033333578 -4.6573299187747805 -13.773529168097998
-14.03556894121926 -5.669778030397518 -15.494148612897359
-12.919574055833786 -8.461555983955394 -13.773529168097996
-13.417534952469364 -7.5718910629878255 -15.494148612897359
8.840976999415858 -5.170534467753225 16.224416657688597
7.131490652368049 -4.684340262714395 15.307208053147733
10.638712557260387 -3.8409006975525615 13.578623600549887
10.594587951862026 -4.748814685172308 15.360124431389673
9.408724011408594 -7.6367591429261275 13.858957044433357
9.97959367893613 -6.646743907859092 15.50029115333141
-4.055050013198715 -13.147349204625554 -12.813754936334758
-5.6730840019486095 -12.442006901874587 -11.873298532666801
-6.291117990698504 -13.292657710226626 -10.17199691596272
-3.0550500131987155 -14.703342315728563 -12.052909723298633
-7.431380081362702 -15.291559488675674 -12.761242760742114
-7.3612490360306015 -13.514112043899647 -11.847042444870478
-5.361249036030604 -16.62609826610566 -10.325352018798231
-6.431380081362703 -16.847552599778684 -12.000397547705989
-4.125181058530814 -14.924796649401582 -13.727955252206392
-5.813346092612807 -15.996901791426644 -13.70169916441007
-10.674972280208635 -7.126787168157673 13.738355387851747
-12.495709464600033 -6.7004418791093965 13.029027678058283
-11.66722493156911 -10.995415157343816 13.96005824564499
-10.040405103274846 -10.437210099732752 12.939340674557842
-13.681879472057634 -9.584519521636198 11.520685254970916
-13.487962115960507 -10.569069868295538 13.250730535851527
-12.3017921085029 -7.684992225768736 14.759072958938894
-12.79791843418314 -9.619306220361807 14.869924387835518
7.69923766436079 14.773281559449098 -0.6079338595967285
9.452848616806957 13.811636271016017 -0.6172594531595887
8.696957613360917 16.625667047565653 -4.009877848962571
6.989349914008482 15.590443810021403 -3.8985728914778246
10.496571818900819 13.66715323315524 -3.917224078603544
10.450568565807085 15.664021759132572 -4.019203442525431
9.406845363713225 15.808504796993349 -0.7192388170814754
9.90570533821329 16.734697541051624 -2.4202108117643966
-0.05505001319871505 -5.581297524773108 -17.489832035121815
1.5629839755511807 -5.055566412653973 -16.438369810883547
2.1810179643010743 -3.1534533800636657 -16.438369810883547
-1.055050013198715 -4.2049156043019345 -18.541294259360082
3.3212800549652717 -4.575409216426442 -19.384187857543584
3.251149009633175 -4.552622258480641 -17.385547722094433
1.2511490096331732 -1.7998584175382941 -19.488472170570965
2.3212800549652703 -3.1990272959552684 -20.43565008178185
0.01508103213338341 -5.604084482718909 -19.488472170570965
1.7032460662153766 -5.1011403285455765 -20.43565008178185
0.5170131771501796 -12.359971772062282 13.565099791348446
2.0918805594401646 -11.714043206010825 12.515066927216184
2.63674378703396 -12.665404927125232 10.842334151542106
-0.5129909775460089 -13.957262059228144 12.942399879806631
3.890669452523469 -14.507862216168602 13.494318609165804
3.7787086971268096 -12.787988428063985 12.479676336124863
1.7187003877344318 -15.982569002395712 11.234276513041232
2.86066529782728 -16.105152503334466 12.871618697623989
0.6289739325468402 -14.079845560166898 14.579742064389386
2.315802070233485 -15.153790782220058 14.544351473298066
-11.914797553099167 13.621201352373692 3.0900825502759637
-11.78714376630914 11.922927168956296 4.138686054302219
-12.860314527465238 10.32652027491811 3.591155647779452
-13.115622101045293 13.723068641752903 1.493948639726942
-15.000079878524609 12.419822178508692 5.334569363117783
-13.32978492902186 11.322237582023796 5.260929460723129
-15.731434024914114 11.525972160782215 2.068661639625085
-16.200904426470736 12.521689467887903 3.738435452568761
-13.585092502601915 14.71878594885859 3.1637224526706187
-15.127733665314636 14.118096361926089 4.285965859091527
-0.45110402045825493 17.57949720044282 -3.240404168439868
0.5254340286164165 16.301363075722747 -2.0518139960358175
-0.49614927461353875 15.099554832638564 -0.8221699412717225
-2.494270626918166 15.175880714274454 -0.7811160589116775
-3.470808675992837 16.454014838994528 -1.9697062313157279
-2.449225372762882 17.655823082078708 -3.1993502860798224
-0.34613094887699214 18.20312202692295 0.7092885702475895
0.5779205644070478 16.613175488962813 -0.0769676266920889
-3.418322140202206 16.765827252234594 0.005140138028001395
-2.344252301181619 18.27944790855884 0.7503424526076343
-1.3751555337422954 19.169443738402958 -2.4541479715001895
-1.3226689979516637 19.481256151643024 -0.47930160215646056
16.858494174226017 -5.135866360843085 3.02596872648095
15.34114953339396 -4.311471640287368 4.034947708253164
14.51384857433927 -2.6110534167109636 3.3836789556813445
15.203892256116639 -1.7350299136902756 1.72343122133731
16.721236896948696 -2.5594246342459925 0.7144522395650945
17.548537856003385 -4.259842857822398 1.365720992136914
17.419158166103035 -1.7339843247607263 5.053986108258697
15.621481529332469 -2.6105306222461886 5.048956399142038
17.001568892887203 -0.8584836162048128 1.7284609304539689
18.1092018478804 -0.8579608217400387 3.3937383739146623
18.656170810996585 -4.259320063357623 3.0309984355976076
18.936502806935092 -2.5583790453164434 4.045007126486481
-4.526297577425946 -0.7243864703568585 17.777402275442743
-4.574040065174692 0.9112032493715321 16.62737317860112
-2.959045792248797 2.0825899440529563 16.487206456659383
-2.8635608167513045 -1.1885894954038254 18.787264650342635
-4.535404328308419 2.904310517391724 19.460398186962657
-4.578593440615928 2.725551743245824 17.468871134361073
-1.2531199192666467 1.7971456931518888 19.488595884160855
-2.8726675676337776 2.4401074923447563 20.470260561862546
-4.483108465118436 -0.5456276962109579 19.768929328044326
-4.487661840559673 1.268720797663333 20.61042728380428
-4.859316891013806 15.766185696049526 -8.053729889383932
-4.945826867155512 13.952751571944653 -8.892760700236517
-3.3741759639114126 13.243865558715026 -9.906365188476094
-3.2011560116279996 16.870733806924775 -8.228303566770922
-5.04144359417969 15.410558840580043 -12.033724789338304
-5.036890218738454 13.77493814420991 -10.882758150213704
-1.720568459966843 15.984034365960406 -11.231905504987685
-3.383282714793884 16.51510695145529 -12.208298466725294
-4.863870266455041 17.401806392419658 -9.20469652850853
-4.954933618037982 17.223992964684918 -11.194693978485715
16.496145143723844 -7.315517357243722 -3.3776527905968816
14.798199855932667 -7.77856400567385 -4.3276894220197795
13.638342355412977 -9.255656838907392 -3.6399922935552764
17.03423293099533 -8.329563542047138 -1.739919030709483
16.214204151867776 -10.74872347947397 -5.41077969253684
14.657229360004632 -9.495167066788975 -5.344252872989757
15.733404934547602 -11.523259436395804 -2.068785353214959
16.75229193913926 -11.762769664277386 -3.773045932649441
18.053119935586984 -8.56907376992872 -3.4441796101439652
17.91214943965895 -10.285676831043844 -4.460743061113943
-21.065152848592138 -4.831684514094867 -2.6372217810702607
-19.5284244635636 -4.107709373515267 -3.6928381254256957
-18.658362745201728 -2.392406141041843 -3.1444519230943424
-19.325029411868393 -1.401078049148017 -1.540449376407553
-20.86175779689693 -2.1250531897276166 -0.4848330320521179
-21.731819515258803 -3.840356422201041 -1.0332192343834719
-21.542084589887306 -1.5450500338737196 -4.866699277607653
-19.766890334211183 -2.4643921334046937 -4.8075768736943925
-21.100223667544515 -0.4817359496170428 -1.599571780320814
-22.20875125655397 -0.5537219419798938 -3.262696730920864
-22.84034710426826 -3.9123424145638928 -2.6963441849835226
-23.07881297491584 -2.2690251744533194 -3.811082933252219
-1.2485665438254079 16.686164746763698 8.323849057472511
-1.2963090315741541 14.926089492784971 9.272456328789403
0.27398246942699445 13.691745350925377 9.169601375868028
1.8920164581768886 14.217476463044509 8.118139151629757
1.9397589459256352 15.977551717023234 7.169531880312865
0.36946744492448663 17.21189585888283 7.272386833234242
2.103862819927225 15.853449953949358 11.164236959657226
1.9740683951776836 14.155425581507568 10.115491691301939
-1.1665146068246128 16.62411386522676 10.32120159714469
0.5335713189260769 17.087794095808952 11.267091912578604
2.069553370675176 17.675576089465025 8.218277148668154
2.151605307675971 17.613525207928085 10.215629688340332
15.87437543047564 3.4445341770882965 -9.241908055010503
14.176430142684461 2.801876338026334 -10.08093886586309
12.521828224575081 3.9201771460707757 -9.97279176550479
12.565171594256878 5.681135793177178 -9.025613854293905
14.263116882048053 6.323793632239141 -8.18658304344132
15.917718800157436 5.205492824194699 -8.294730143799619
13.921358253400253 6.203374602932236 -12.170136770595702
12.394292279932978 5.620926278523726 -11.017390717871097
15.70349611615174 3.3843246624348433 -11.233684918587693
15.575960171509635 5.085073794887794 -12.278283870953999
15.790182855515331 6.90624195664765 -9.339329096165926
15.619303541191433 6.846032441994197 -11.331105959743114
-20.238434499912074 -9.331405386374275 -0.2832496490074452
-18.595229784170733 -9.8384221619234 -1.3044314405985356
-16.9086816987476 -10.285781907070207 -0.32697309674047403
-16.865338329065803 -10.226124876667889 1.6716670387086783
-18.508543044807144 -9.71910810111876 2.692848830299768
-20.195091130230278 -9.271748355971953 1.715390486441707
-18.339922210590682 -13.234970528758199 0.7927755674539717
-16.781027911957572 -11.984056090487606 0.7216304072857798
-20.154124082803843 -11.089336600193993 -1.2332862804303437
-20.026470296013816 -12.78761078361139 -0.18468277640408992
-20.067437343440254 -10.970022539389353 2.7639939904679607
-19.983126926332023 -12.727953753209071 1.8139573590450626
5.05923883509266 -20.37916870327038 -0.5021032823436897
5.05923883509266 -18.677867086566298 -1.5535655065819558
5.145925574456253 -18.558553025761658 2.4437147643163475
5.102582204774456 -20.319511672868057 1.4965368531054624
8.381993551956045 -17.50709080152339 0.34079031583981306
6.677272823842555 -19.853437591151245 -1.5535655065819571
8.338650182274247 -19.268049448629792 -0.6063875953710727
6.763959563206148 -19.734123530346604 2.443714764316346
8.381993551956043 -19.20839241822747 1.3922525400780792
-2.0550500131987146 -13.544683956079991 -16.25499382593348
-2.055050013198714 -11.790023469249766 -15.295219594170243
-0.05505001319871505 -14.90200969145578 -13.773529168097994
-1.0550500131987146 -15.100677067183 -15.494148612897355
-4.055050013198715 -14.90200969145578 -13.773529168097996
-3.0550500131987146 -15.100677067183 -15.494148612897355
-11.523205545514173 -5.1441815064696526 17.10729811782976
-9.89826436491528 -4.662302330494479 16.045526664382567
-13.53973873369807 -3.8096117523979247 14.626871244795641
-13.343942729905566 -4.717836217421375 16.397970408036297
-12.299913460807531 -7.608666344132844 14.800126841298939
-12.724030093460298 -6.617363513288836 16.48459820628795
8.840976999415863 16.823892726729028 2.631113088413568
7.131490652368054 15.786083752461934 2.655790247646667
10.63871255726039 13.86279317559577 2.6371390605209473
10.594587951862032 15.862247438295949 2.6217874948507083
9.4087240114086 15.811090533716191 -0.6326110188298286
9.979593678936135 16.83639611735616 0.9869124551753207
-4.055050013198715 -5.58129752477311 -17.489832035121808
-5.67308400194861 -5.055566412653976 -16.43836981088354
-6.291117990698505 -3.153453380063669 -16.43836981088354
-3.0550500131987146 -4.2049156043019345 -18.541294259360075
-7.431380081362702 -4.575409216426444 -19.384187857543576
-7.361249036030602 -4.552622258480644 -17.385547722094422
-5.361249036030603 -1.799858417538296 -19.488472170570958
-6.431380081362702 -3.199027295955271 -20.435650081781844
-4.1251810585308135 -5.6040844827189105 -19.488472170570958
-5.813346092612807 -5.101140328545578 -20.435650081781844
-3.4792295274590748 -12.354800298616592 13.738355387851744
-5.1373904068448795 -11.704687922661615 12.82848924566122
-5.827434088622245 -12.654451570595345 11.20929539367723
-2.511112329850637 -13.954676322505302 13.029027678058279
-6.851890453712384 -14.493960442077215 13.96005824564499
-6.823720869971534 -12.774267994391927 12.939340674557842
-4.887486474754659 -15.974020042169343 11.520685254970912
-5.883773256103947 -16.09383646596592 13.250730535851526
-3.5073991111999243 -14.074492746301882 14.75907295893889
-5.1937295743265794 -15.144072818032193 14.869924387835514
-10.674972280208634 15.475154732349552 -0.23041291841210754
-12.495709464600031 14.65004533174083 -0.16629909461709413
-11.66722493156911 17.403554829377924 -3.59147045163719
-10.040405103274844 16.240960388625684 -3.548675444912048
-13.681879472057634 14.590741587408246 -3.420447797322022
-13.487962115960507 16.578445428769204 -3.5273566278421766
-12.301792108502898 16.637749173101792 -0.27320792513724945
-12.797918434183135 17.601949221615975 -1.9537366917497907
0.7097704000738436 -4.52861253553747 17.777402275442746
2.2800619010749927 -4.068593320394026 16.62737317860112
2.895056174000886 -2.1706640977072422 16.487206456659383
-0.2455268280014109 -3.0907025279941305 18.787264650342635
4.16368045671895 -3.415944533655029 19.460398186962653
4.007016929397546 -3.5122593194528053 17.468871134361073
2.096422473247038 -0.6364393043661258 19.488595884160855
3.2083832286436964 -1.978034526111689 20.470260561862546
0.8664339273952486 -4.4322977497396945 19.76892932804433
2.593388955717802 -3.8759637487984726 20.61042728380428
0.5170131771501834 17.660541518471295 -4.988597781919246
2.0918805594401695 16.432495536887874 -4.880450681560948
2.636743787033965 15.36181975496882 -6.479443312321983
-0.5129909775460049 17.817911718135658 -6.69573751303858
3.8906694525234737 18.55779871276481 -6.941383705394464
3.778708697126814 16.881124134034632 -5.856843643298556
1.718700387734436 17.195864533363363 -9.271123105537223
2.860665297827284 18.715168912429174 -8.648523436513797
0.6289739325468431 19.33721609720147 -6.073137844015153
2.315802070233488 19.785844694348228 -7.049530805752762
16.636407234388038 -7.122463151526034 3.09008255027596
14.981805316278656 -7.525852769553838 4.138686054302215
13.795160140108663 -9.039815675243903 3.5911556477794484
17.104363976327427 -8.233036439188293 1.4939486397269388
16.447232413543556 -10.427987593144586 5.3345693631177795
14.887217905856417 -9.178614990363114 5.2609294607231245
15.823131389735194 -11.399761565687635 2.0686616396250823
16.91518915548295 -11.538560880806846 3.7384354525687593
18.19642174207518 -8.371835754307504 3.163722452670615
18.10183433165294 -10.024597975116784 4.285965859091523
16.858494174226017 5.003337969319875 -3.240404168439875
15.34114953339396 5.537115678673446 -2.0518139960358237
14.513848574339269 4.194153050105361 -0.8221699412717276
15.203892256116635 2.3174127121837014 -0.7811160589116823
16.721236896948692 1.783635002830128 -1.9697062313157332
17.54853785600338 3.126597631398215 -3.19935028607983
17.419158166103035 5.295883962579242 0.7092885702475822
15.62148152933247 5.68338867530313 -0.07696762669209489
17.001568892887203 1.929907999459811 0.0051401380279954
18.109201847880403 3.4191436246575813 0.7503424526076272
18.65617081099658 4.615833256595986 -2.454147971500198
18.93650280693509 4.762106253225668 -0.4793016021564691
-20.924890757927944 -4.638630308377182 3.8305135598025823
-19.34481900321761 -3.8549981373952598 4.7735373508963
-18.50154496050604 -2.176564977378356 4.086696018240386
-19.2383426725048 -1.2817639883433734 2.4568308944907526
-20.818414427215135 -2.065396159325295 1.513807103397034
-21.661688469926705 -3.7438293193421988 2.2006484360529495
-21.30905632821152 -1.2243141475443424 5.878649778046965
-19.536901788359398 -2.1478400569788407 5.797605460018493
-21.01049721235692 -0.35823807890887527 2.537875212519225
-22.04585404021028 -0.32951315850936025 4.248784654297331
-22.697045297780065 -3.7151043989426835 3.911557877831055
-22.889128082921854 -2.007946318526264 4.935625986953245
-4.526297577425943 16.224547458439577 7.30238503437025
-4.574040065174691 14.46447220446085 8.250992305687141
-2.9590457922487956 13.815243221633548 9.236027952896718
-2.863560816751302 17.335393729591 7.338813410262931
-4.535404328308415 16.10706213717377 11.30064894091462
-4.5785934406159265 14.405729543827945 10.250124258959328
-1.2531199192666431 16.627422086130796 10.322981010744689
-2.8726675676337745 17.217908408325194 11.337077316807301
-4.483108465118432 17.925880051785402 8.352909716325541
-4.487661840559669 17.867137391152497 10.352041669597726
16.49614514372384 0.25053432260872555 -8.053729889383936
14.798199855932664 -0.39212351645323684 -8.89276070023652
13.638342355412972 0.8835474912555683 -9.906365188476101
17.034232930995323 2.1688631693794918 -8.228303566770926
16.214204151867772 -0.03257320722473578 -12.033724789338308
14.65722936000463 -0.5336772813699673 -10.882758150213707
15.7334049345476 3.302980412171567 -11.231905504987688
16.752291939139255 1.8857556395460313 -12.2082984667253
18.05311993558698 0.751638396753957 -9.204696528508533
17.91214943965895 0.6100846318372264 -11.19469397848572
-20.892870526501458 -6.823471274267509 -2.5815055043101514
-19.24966581076012 -7.330488049816639 -3.602687295901243
-18.10084543959476 -8.837963493644587 -2.964150264045436
-21.387254871077438 -7.823929942546324 -0.9217866808632524
-20.788120283508732 -10.261766321788187 -4.622866460336239
-19.197290689263756 -9.04963557357698 -4.623367773914287
-20.186059378415717 -11.050552910134613 -1.3039301270204882
-21.282504628084713 -11.262224990067004 -2.9631476368893397
-22.483700120746434 -8.035602022478717 -2.5810041907321044
-22.43132499925007 -9.754749546239058 -3.601684668745148
1.91428517750848 -21.527223509720557 -2.637221781070256
2.1279512658802244 -19.84198734341935 -3.6928381254256917
3.4904377254173315 -18.484451627251765 -3.144451923094339
4.639258096582693 -18.812152077385388 -1.5404493764075504
4.425592008210949 -20.497388243686594 -0.48483303205211525
3.0631055486738417 -21.85492395985418 -1.0332192343834674
5.187440329820178 -20.96518664142032 -4.866699277607651
3.7645288420360736 -19.56096890926923 -4.807576873694389
6.0621695843667975 -20.216369809536477 -1.599571780320813
6.336260700985539 -21.292887091553943 -3.2626967309208634
3.337196665292584 -22.931441241871646 -2.696344184983518
4.973774241448433 -22.650422807721526 -3.8110829332522167
16.25531399503413 3.968851130156854 8.323849057472513
14.596136195635912 3.3795521612210377 9.272456328789405
12.936958396237697 4.491554808989303 9.169601375868028
12.936958396237696 6.192856425693383 8.118139151629759
14.59613619563591 6.7821553946292 7.169531880312865
16.25531399503413 5.670152746860934 7.272386833234243
14.427397519271526 6.899877899525966 11.164236959657229
12.8525890580555 6.251717678141767 10.11549169130194
16.170944656851937 4.027712382605237 10.321201597144693
16.086575318669745 5.787875251757701 11.267091912578604
16.170944656851933 7.430315616013399 8.218277148668156
16.08657531866974 7.489176868461781 10.215629688340336
-20.238434499912067 3.9197851659946883 -8.472935801772953
-18.595229784170726 3.233157199813728 -9.383111772793736
-16.908681698747593 4.30748788073917 -9.346109832603632
-16.865338329065793 6.068446527845572 -8.398931921392748
-18.508543044807134 6.755074494026534 -7.488755950371967
-20.195091130230267 5.680743813101092 -7.52575789056207
-18.33992221059067 6.627938780393172 -11.48317750105826
-16.781027911957565 6.004878671028891 -10.396142696735895
-20.154124082803836 3.856217309178008 -10.4701465771161
-20.02647029601381 5.553608099467731 -11.52017944124836
-20.06743734344024 7.378134603390814 -8.575790754694331
-19.983126926332012 7.314566746574133 -10.573001530037477
-2.6206736988858954 -22.1314578565456 -0.28324964900743876
-3.6106534895439775 -20.725354104110746 -1.3044314405985302
-4.5572899105202636 -19.259593321273563 -0.32697309674046937
-4.513946540838466 -19.199936290871243 1.6716670387086827
-3.5239667501803837 -20.606040043306102 2.6928488302997744
-2.5773303292040994 -22.07180082614328 1.7153904864417135
-6.919857325762737 -21.532133340166354 0.7927755674539803
-6.2118918286296445 -19.66298293930137 0.7216304072857859
-4.318618986677072 -22.594504504975728 -1.2332862804303357
-5.973220904786453 -22.997894123003533 -0.18468277640408037
-4.231932247313481 -22.475190444171083 2.7639939904679687
-5.929877535104658 -22.93823709260121 1.813957359045072
5.059238835092668 8.664746480671255 -18.452230032388783
5.059238835092666 6.963444863967176 -17.400767808150515
5.1459255744562595 10.485362158179983 -15.50641198572875
5.102582204774464 10.42570512777766 -17.5050521211779
8.381993551956048 8.13422114901009 -15.506411985728748
6.677272823842562 7.489175976086308 -18.452230032388783
8.338650182274252 8.074564118607764 -17.5050521211779
6.763959563206154 11.011093270299117 -16.557874209967018
8.38199355195605 9.83552276571417 -16.557874209967014
-3.0550500131987146 -6.957679445244281 -16.438369810883543
-1.0550500131987142 -6.957679445244281 -16.438369810883543
-2.055050013198714 -8.481541655541541 -19.38418785754358
-2.055050013198714 -8.407801510628499 -17.385547722094426
-0.05505001319871505 -5.65503766968615 -19.48847217057096
-1.0550500131987144 -7.105159735070366 -20.435650081781848
-4.055050013198715 -5.655037669686151 -19.48847217057096
-3.0550500131987146 -7.105159735070368 -20.435650081781844
-1.3315409994934555 -12.548859230318149 17.10729811782976
-1.3753811087800756 -10.854539477301506 16.045526664382567
0.5608532864367997 -14.054291525078925 14.62687124479564
-0.36342380188501755 -14.148735254206857 16.397970408036297
-3.435389418172454 -14.049120051633235 14.800126841298937
-2.3615451541896446 -14.14614951748401 16.484598206287945
-11.523205545514163 17.601780508541303 3.0495204857389515
-9.89826436491527 16.436600331066217 3.005687694212444
-13.539738733698059 14.786381529848779 3.1339153418024708
-13.343942729905558 16.776671107932582 3.1136343095339645
-12.299913460807524 16.64033490982464 -0.1865801268856
-12.72403009346029 17.703647797920514 1.4533865751899298
-3.28647230453541 -4.523441062091779 17.950657871946042
-4.949209065210051 -4.059238037044812 16.940795497046153
-5.56912170165532 -2.1597107411773515 16.854167698794505
-2.2436481803060366 -3.088116791271285 18.873892448594283
-6.578879449516901 -3.4020427595636393 19.926137823441838
-6.595412637700797 -3.4985388857807425 17.92853547279405
-4.509764389242051 -0.6278903441397539 19.77500462609053
-5.536055325287528 -1.9667184887431448 20.84937240009008
-3.269939116351514 -4.426944935874676 19.94826022259383
-4.9161426888422595 -3.866245784610606 20.936000198341727
-3.479229527459071 17.81319328174308 -4.906490017199155
-5.137390406844876 16.70864517086783 -4.731916339812166
-5.827434088622242 15.685141378021058 -6.305536275904552
-2.5111123298506337 17.894237599771554 -6.654683630678534
-6.851890453712383 18.968151845182977 -6.720664483247285
-6.823720869971532 17.286124452587778 -5.639003572836229
-4.887486474754656 17.44821308864473 -9.135390799794985
-5.883773256103945 19.04919616321145 -8.468858096726663
-3.5073991111999216 19.495220674338277 -5.988150927610211
-5.193729574326579 20.072699956058223 -6.8952381606342765
18.01649459794277 -5.370416145484656 -0.23041291841210887
17.79440765810479 -7.357012936167604 -0.1662990946170959
20.157135008229798 -5.7181960934361165 -3.591470451637192
18.5487270158148 -4.530259934656971 -3.5486754449120497
18.104553136138843 -8.503453516022866 -3.4204477973220238
19.93504806839182 -7.704792884119064 -3.5273566278421784
19.62490259035777 -6.558352304263801 -0.273207925137251
20.695222795501284 -6.732242278239531 -1.9537366917497923
0.7097704000738472 17.925849075143656 3.8997818009620895
2.2800619010749954 16.69150493328406 3.796926848040713
2.8950561740008895 15.717356254223853 5.431801887716101
-0.24552682800140646 18.18604453794304 5.637511793558853
4.163680456718954 18.933566123029152 5.647640969203837
4.00701692939755 17.195363457226808 4.670856432161587
2.0964224732470407 17.71575438282558 8.146316417355116
3.2083832286436986 19.19376158582854 7.385370961800602
0.8664339273952515 19.664051740946 4.87656633800434
2.5933889557178045 20.167910264888746 5.750495922125213
16.636407234388038 5.949116210211109 -4.988597781919253
14.981805316278658 7.067417018255551 -4.880450681560953
13.795160140108665 7.254755729269566 -6.479443312321988
17.104363976327427 5.018154113180684 -6.695737513038585
16.44723241354356 9.434921716006794 -6.941383705394473
14.88721790585642 8.810319771153393 -5.856843643298562
15.823131389735194 6.9483955770925405 -9.271123105537228
16.91518915548295 8.503959618976367 -8.648523436513804
18.19642174207518 6.573718155064509 -6.073137844015161
18.10183433165294 8.316620907962351 -7.04953080575277
-20.752608435837256 -6.630417068549825 3.8862298365626926
-19.066060350414123 -7.077776813696632 4.863688180420755
-17.944027654899067 -8.622122329981101 4.266997677289293
-21.31712382574533 -7.727402839687483 2.312080989573168
-20.555092021832937 -9.941030435458812 6.1224825953183775
-18.967302143411963 -8.733083497151128 5.9818145597985986
-20.096332923228115 -10.927055039426445 2.8335168658195493
-21.119607411741015 -11.03801620659647 4.548333748328854
-22.34039831425823 -7.8383640068575104 4.026897872082474
-22.241640107256075 -9.493670690312005 5.145024251460315
-20.924890757927937 5.500574021785765 -2.435859335118225
-19.344819003217605 5.993589181565544 -1.3132243533926746
-18.501544960506035 4.628641489437957 -0.1191528787126773
-19.2383426725048 2.7706786375305903 -0.04771638575823017
-20.818414427215135 2.2776634777508105 -1.1703513674837804
-21.661688469926702 3.6426111698783976 -2.364422842163778
-21.309056328211515 5.8055541397956105 1.5339522400358652
-19.53690178835939 6.146079240570467 0.6716814341843707
-21.01049721235692 2.4301535367557334 0.8145544200932648
-22.04585404021028 3.947591287888242 1.6053887329903123
-22.697045297780058 5.160048921010908 -1.5735885292667304
-22.88912808292185 5.312538980015829 0.41131725831031485
2.054547268172677 -21.334169304002867 3.830513559802588
2.3115567262262187 -19.58927610729934 4.773537350896304
3.647255510113024 -18.268610463588278 4.08669601824039
4.7259448359462874 -18.692838016580744 2.456830894490756
4.468935377892746 -20.43773121328427 1.5138071033970397
3.1332365940059397 -21.758396856995333 2.2006484360529557
5.420468591495968 -20.64445075509094 5.878649778046972
3.9945173878878646 -19.244416832843374 5.797605460018498
6.151896039554391 -20.092871938828306 2.537875212519231
6.4991579173292315 -21.068678308083406 4.2487846542973395
3.48049847178078 -22.734203226250433 3.9115578778310622
5.1634591334424265 -22.38934395179447 4.935625986953253
16.829164457311705 0.7088960849987811 7.302385034370255
15.169986657913487 0.11959711606296497 8.250992305687147
14.053472527075591 1.4549251541740924 9.23602795289672
17.371828125872025 2.633523092045724 7.338813410262938
16.720243417739045 0.6639300893689917 11.300648940914625
15.115526138127159 0.09711411824807037 10.250124258959332
16.2008534752478 3.9463681323419566 10.3229810107447
17.262907086299364 2.588557096415935 11.337077316807306
18.433881736923592 1.2757120561197026 8.352909716325549
18.379421217137264 1.2532290583048078 10.352041669597734
-20.892870526501447 0.7425804055849202 -7.2575826030971875
-19.24966581076011 0.05595243940395922 -8.167758574117972
-18.10084543959475 1.3012408365183628 -9.230523158966246
-21.387254871077428 2.6744967688802848 -7.410171216924681
-20.788120283508718 0.45438395046102675 -11.24581155713769
-19.197290689263745 -0.08814578815798746 -10.161873051138224
-20.1860593784157 3.775686938432741 -10.467050278793206
-21.282504628084695 2.386300313756391 -11.398400170965182
-22.483700120746423 1.2851101442039348 -8.341521109096655
-22.43132499925006 1.1410119166419879 -10.335635586116906
-0.03325476518052506 -21.97886924271811 -2.5815055043101447
-1.023234555838608 -20.57276549028325 -3.6026872959012373
-2.8119339180203355 -19.946007920979568 -2.9641502640454305
-0.8319743367041685 -22.758215425849283 -0.921786680863246
-3.3356372803200793 -22.941737442895477 -4.622866460336233
-2.674425813408386 -21.054199590371933 -4.623367773914282
-4.271864956455673 -22.612891956634282 -1.3039301270204842
-4.134356851843723 -23.72108362602665 -2.9631476368893352
-0.694466232092219 -23.866407095241648 -2.5810041907320977
-2.3456574896619964 -24.347841195330332 -3.601684668745142
1.9142851775084795 7.268464157226888 -20.43393548866994
2.1279512658802235 5.570631670373328 -19.398700419101402
3.49043772541733 5.4540147722607575 -17.939237796540397
4.639258096582692 7.035230361001743 -17.51501024354793
4.425592008210948 8.733062847855301 -18.55024531311647
3.0631055486738408 8.849679745967876 -20.009707935677476
5.187440329820178 5.023008333925338 -20.928287078630504
3.7645288420360723 4.447903758722553 -19.64587621408168
6.0621695843667975 7.610334936204527 -18.797421108096753
6.336260700985541 6.604223922666324 -20.504059525638038
3.337196665292584 7.843568732429673 -21.71634635321876
4.973774241448434 6.720840820778897 -21.96352214819904
-19.85749593535357 4.4441021190632295 9.092821310710058
-18.175523731219272 3.8108330230084153 9.970283421858754
-16.49355152708497 4.878865543657682 9.796283308769182
-16.493551527084975 6.580167160361763 8.744821084530916
-18.175523731219272 7.213436256416578 7.867358973382219
-19.857495935353572 6.145403735767311 8.04135908647179
-17.8338829447194 7.324442076986884 11.851196229194668
-16.322731133835035 6.635670070646916 10.736739712437139
-19.686675542103632 4.499605029348383 11.084739938616284
-19.515855148853696 6.256409556337618 12.02519634228424
-19.686675542103636 7.902208262756547 8.981815490139748
-19.5158551488537 7.9577111730417 10.973734118045973
9.981957424613395 -18.036614780162832 -8.472935801772962
8.821157240705373 -16.68601393801313 -9.383111772793745
9.321734415229045 -14.750024953341967 -9.346109832603641
10.983111773660736 -14.164636810820511 -8.398931921392755
12.143911957568756 -15.515237652970214 -7.488755950371974
11.643334783045084 -17.451226637641373 -7.52575789056208
11.970892005285343 -15.394156805910216 -11.48317750105827
10.896601797519027 -14.104096387290513 -10.396142696735902
9.895447448471689 -17.976074356632832 -10.47014657711611
11.470314830761675 -17.330145790581373 -11.520179441248372
13.218202165335072 -16.805298071589917 -8.57579075469434
13.131692189193366 -16.744757648059917 -10.573001530037489
-2.620673698885895 9.64414265376811 -19.921650777319815
-3.6106534895439784 8.101941177642653 -19.120679728451602
-4.5572899105202636 8.320698348623598 -17.37253076837251
-4.513946540838465 10.08165699573 -16.425352857161624
-3.523966750180382 11.623858471855456 -17.226323906029833
-2.577330329204098 11.405101300874511 -18.97447286610893
-6.919857325762738 10.338542793731536 -18.904385527735002
-6.2118918286296445 9.43899915666804 -17.264383668014208
-4.318618986677074 9.00148481470615 -20.7606815881724
-5.973220904786454 10.119785622750591 -20.652534487814098
-4.231932247313479 12.523402108918955 -18.866325765750627
-5.929877535104657 11.880744269856994 -19.70535657660321
5.842522225088494 9.742843577266902 17.666365087681772
5.799178855406697 7.9818849301605 16.719187176470886
5.799178855406698 11.384488163568662 14.616262727994354
5.842522225088494 11.444145193970984 16.614902863443508
9.035246832906486 9.033347154398768 14.616262727994354
7.460556213838388 8.567273072681957 17.666365087681772
9.078590202588284 9.09300418480109 16.614902863443504
7.460556213838389 11.969876306090118 15.56344063920524
9.078590202588284 10.794305801505171 15.563440639205238
-2.3311750764601564 -5.961351069635119 16.94079549704615
-0.33305372415552903 -5.963936806357965 16.8541676987945
-1.2025493813529162 -7.308175198678734 19.926137823441838
-1.289213614868909 -7.353718137928597 17.92853547279405
0.796434633589836 -4.483069596287608 19.77500462609053
-0.15972525712354324 -5.87285092785824 20.84937240009008
-3.199808071019418 -4.477898122841917 19.948260222593827
-2.1578466094281703 -5.870265191135394 20.936000198341727
-1.331540999493451 20.913253056942033 -3.573424611062509
-1.3753811087800722 19.20585296967819 -2.5328175830114996
0.5608532864368043 19.36794160573514 -6.029204809970256
-0.36342380188501244 20.994297374970508 -5.321618224541886
-3.43538941817245 19.52059336900692 -5.947097045250166
-2.3615451541896397 21.0706232566064 -5.280564342181842
20.30115439428474 -5.519970414272738 3.049520485738948
18.69086775417437 -4.334619992216439 3.005687694212442
18.246693874498412 -8.307813573582331 3.1339153418024672
20.07906745444676 -7.506567204955685 3.1136343095339605
19.626781238053145 -6.5557665675409575 -0.18658012688560333
20.76911113622413 -6.6305437019349975 1.4533865751899255
-3.286472304535406 18.078500838415433 3.98188956568218
-4.949209065210047 16.96765456726401 3.945461189789497
-5.569121701655314 16.04067787727608 5.605708924133531
-2.243648180306034 18.262370419578932 5.678565675918899
-6.578879449516897 19.34391925544731 5.868360191351014
-6.595412637700792 17.600363775779947 4.8886965026239135
-4.509764389242049 17.968102938106938 8.282048723097352
-5.536055325287526 19.527788836610807 7.5650363015877335
-3.2699391163515115 19.822056318082797 4.961553254409281
-4.916142688842258 20.454765526598734 5.904788567243699
18.016494597942774 2.19563553436779 -4.906490017199164
17.478406810671288 0.27730668759702337 -4.731916339812171
16.718232083561826 -0.6952439182825088 -6.305536275904558
17.794407658104795 3.141413775259024 -6.654683630678543
20.1571350082298 -0.6550537928976659 -6.720664483247294
18.5487270158148 -1.1480379760357047 -5.639003572836235
18.104553136138843 0.7435185057467643 -9.135390799794994
19.935048068391822 0.29072444799356845 -8.468858096726672
19.624902590357774 2.688619717505828 -5.988150927610221
20.695222795501287 1.2632750538731004 -6.895238160634285
-22.226203859834786 -4.840815090479858 0.6264995890634257
-22.0539215377441 -6.832601850652501 0.6822158658235355
-24.516359715006317 -5.13028497308716 -2.6402102765485904
-22.87689744284457 -3.985091363504691 -2.6665741671894803
-22.532332798663198 -7.968664883849977 -2.55514161366926
-24.34407739291563 -7.122071733259801 -2.58449399978848
-23.86566613199653 -5.986008700062325 0.652863479704316
-25.010744059582297 -6.130743641365976 -0.9804914531016921
16.829164457311702 6.214423766883477 3.8997818009620935
15.169986657913487 7.32642641465174 3.7969268480407155
14.05347252707559 7.610292228524601 5.431801887716104
17.371828125872025 5.386286932988073 5.637511793558858
16.72024341773904 9.81068912627114 5.64764096920384
15.115526138127155 9.124559094345571 4.670856432161589
16.2008534752478 7.468285426554765 8.146316417355118
17.262907086299364 8.982552292375734 7.385370961800605
18.433881736923592 6.900553798809043 4.876566338004345
18.37942121713726 8.698686478502875 5.750495922125217
-20.752608435837246 6.441162293187302 -4.192450495632506
-19.06606035041411 7.515492974112747 -4.155448555442403
-17.944027654899052 7.672449074532362 -5.803601282812134
-21.317123825745323 5.523787712681477 -5.87760516319234
-20.55509202183292 9.921878873692558 -6.153470473193852
-18.967302143411946 9.255851264365374 -5.135958544223076
-20.096332923228104 7.42110210335372 -8.506267879342742
-21.119607411741 9.00450429318673 -7.8386251407536855
-22.34039831425822 7.107189902514488 -5.2099624246032805
-22.241640107256057 8.847548192767116 -6.190472413383953
0.10700732548367187 -21.78581503700042 3.886229836562699
-0.8396290954926142 -20.320054254163242 4.863688180420759
-2.6551161333246434 -19.73016675731608 4.266997677289298
-0.7618432913720699 -22.66168832299044 2.3120809895731753
-3.1026090186442885 -22.621001556566096 6.122482595318388
-2.4444372675565953 -20.73764751394608 5.981814559798605
-4.18213850126808 -22.48939408592612 2.8335168658195595
-3.9714596355000316 -23.496874842556117 4.548333748328866
-0.5511644256040213 -23.66916907962044 4.026897872082482
-2.1559725976680024 -24.08676233940328 5.145024251460326
11.6975036164222 -18.200982856542442 -2.435859335118233
11.678119872225716 -16.545895255154832 -1.3132243533926815
10.119391465112603 -16.165686015111728 -0.11915287871268337
8.580046802195973 -17.440564376456233 -0.04771638575823661
8.599430546392455 -19.095651977843843 -1.1703513674837884
10.158158953505568 -19.475861217886948 -2.3644228421637865
12.106270634867297 -18.472101986085367 1.533952240035857
11.882503381448267 -16.681454819926294 0.6716814341843638
8.803814055615003 -19.231211542615306 0.8145544200932571
10.566925971950665 -19.746980347429872 1.6053887329903036
11.921270869841228 -19.991630022701518 -1.57358852926674
12.125654379063775 -20.12718958747298 0.4113172583103052
2.0545472681726795 12.96704604482927 -17.368803381205254
2.3115567262262213 13.030172205082113 -15.386390400425832
3.647255510113025 11.825223010274751 -14.512315920386285
4.7259448359462874 10.557147655214546 -15.620654421126162
4.468935377892746 10.494021494961704 -17.603067401905587
3.1332365940059415 11.698970689769066 -18.477141881945133
5.420468591495973 14.490503257156863 -15.835945994686663
3.994517387887868 13.79190081124591 -14.619961707166535
6.1518960395543925 11.255750101125503 -16.836638708646287
6.499157917329235 13.22242790209666 -16.94428449542654
3.4804984717807845 13.665648490740224 -18.584787668725383
5.163459133442431 14.427377096904019 -17.818358975466086
-20.559851212913586 1.2009421679749612 8.098532320656993
-18.877879008779285 0.567673071920147 8.975994431805692
-17.685715267932128 1.872618499436874 9.911869982406571
-21.049659676200726 3.139156691546502 8.156945760109178
-20.28208101763744 1.150887247054739 12.088562173115236
-18.738993911141215 0.5426456114600358 10.971009358034811
-19.7186108377155 4.419074658603118 11.087836236939179
-20.771889480924585 3.08910177062628 12.146975612567417
-22.102938319409812 1.8091838035696641 9.216085135737416
-21.964053221771742 1.7841563431095526 11.211100061966539
7.1624879875690395 -19.640830693324574 -7.257582603097198
6.001687803661017 -18.29022985117487 -8.167758574117979
6.831022430229187 -16.812821473519147 -9.230523158966253
9.152622798045229 -19.514023157818553 -7.410171216924692
6.856027265700636 -19.630264894494733 -11.2458115571377
5.848457442726817 -18.28494695175995 -10.16187305113823
9.828727063679192 -18.031331880747906 -10.467050278793213
8.846162076176824 -19.503457358988708 -11.398400170965193
8.170057810542858 -20.986148636059355 -8.34152110909667
8.016827449608655 -20.980865736644436 -10.335635586116922
-0.03325476518052506 7.520280422288456 -20.812982636504277
-1.023234555838609 5.978078946162999 -20.012011587636064
-2.8119339180203355 6.268909323840099 -19.16586013360973
-0.8319743367041685 9.353312276091012 -20.76780223134615
-3.335637280320083 6.125039426367034 -22.58712250894972
-2.6744258134083876 5.280458448202287 -20.899081523858786
-4.271864956455673 8.9465221558074 -20.808720713542534
-4.134356851843725 7.95807128016959 -22.541942103791595
-0.694466232092221 8.364861400453202 -22.501023621595206
-2.3456574896619995 7.667240902492491 -23.38809355781793
2.7881632969448003 8.471254201514395 19.862144299741146
2.958983690194737 6.714449674525159 18.92168789607319
4.25712608719471 6.509270772046811 17.414130953503875
5.384448090944745 8.060896396557697 16.847030414602514
5.2136276976948075 9.817700923546932 17.787486818270473
3.9154853006948347 10.022879826025282 19.29504376083979
6.082559270255917 6.255033860212408 20.347244876766986
4.606181676850295 5.606339503874166 19.16423818458611
6.860825684350366 8.709590752895938 18.03003710678339
7.2098812740059515 7.806659484723292 19.78014433786563
4.264540890350421 9.119948557852638 21.045150991922025
5.91173887700598 8.011838387201642 21.287701280434945
10.362895989171891 -17.512297827094276 9.09282131071006
9.24086329365683 -16.108338114818427 9.970283421858756
9.736864586891665 -14.178647290423442 9.796283308769182
11.354898575641558 -13.652916178304308 8.744821084530914
12.47693127115662 -15.056875890580157 7.867358973382219
11.980929977921786 -16.98656671497514 8.041359086471793
12.476931271156618 -14.697653509316487 11.851196229194668
11.354898575641556 -13.473304987672474 10.73673971243714
10.362895989171891 -17.332686636462437 11.084739938616286
11.980929977921786 -16.62734433371147 12.02519634228424
13.598963966671683 -16.28122441222417 8.981815490139748
13.598963966671679 -16.101613221592334 10.973734118045973
-12.91604035019812 -17.777404422088875 -10.153034858039872
-11.821613159198204 -16.271054623124538 -10.883198816860174
-12.450792765948268 -14.384282217642141 -10.672906372012521
-14.174399563698248 -14.003859611124081 -9.732449968344563
-15.268826754698164 -15.510209410088418 -9.00228600952426
-14.6396471479481 -17.396981815570815 -9.212578454371917
-14.987658704842117 -14.975734499826332 -12.956433338347567
-14.033815538770224 -13.73662215599304 -11.709523632756216
-12.775456325270097 -17.510166966957833 -12.130108522451525
-14.358479098092054 -16.862506905308727 -13.166725783195222
-16.222669920770056 -16.749321753921713 -10.249195715115611
-16.082085895842035 -16.482084298790667 -12.226269379527265
9.98195742461339 0.4877951777818901 -19.921650777319815
8.821157240705368 -0.9302980179968863 -19.120679728451602
9.32173441522904 -1.7630030712542064 -17.372530768372506
10.983111773660731 -1.17761492873275 -16.425352857161624
12.14391195756875 0.24047826704602615 -17.226323906029837
11.643334783045079 1.0731833203033463 -18.97447286610893
11.970892005285336 -3.386389981163725 -18.904385527735005
10.896601797519024 -2.991049052837626 -17.264383668014208
9.89544744847168 -1.3256389463229856 -20.7606815881724
11.470314830761666 -2.5536849279064042 -20.652534487814098
13.218202165335065 -0.15486266128007342 -18.86632576575063
13.131692189193359 -1.9682967853849487 -19.705356576603215
-1.7677962723049125 10.818027724092165 19.4060495814101
-2.789545467054862 9.232099414550516 18.74207670544136
-3.8112946618048116 9.34747272171295 17.02664160523435
-3.8112946618048107 11.04877433841703 15.975179380996083
-2.789545467054864 12.634702647958676 16.639152256964827
-1.7677962723049134 12.519329340796244 18.354587357171834
-6.107901065851297 11.456104710087041 18.536366799598603
-5.4704724612030295 10.459475369481213 16.923786652312973
-3.4269740717031305 10.228728755156347 20.35465685272699
-5.086151871101348 11.340731402924611 20.251801899805614
-3.4269740717031323 13.631331988564508 18.251732404250458
-5.086151871101349 13.04203301962869 19.200339675567346
-2.331175076460153 17.81830537561605 2.2441595730854167
-0.3330537241555258 17.741979493980157 2.2031056907253714
-1.20254938135291 21.09079478804299 2.374609126159646
-1.2892136148689042 19.324452350429826 1.4405193533241492
0.7964346335898411 19.69219151275682 4.8338715737975875
-0.15972525712353747 21.274664369206487 4.071285236396365
-3.1998080710194126 19.8448432760286 4.915979338517677
-2.157846609428164 21.350990250842376 4.1123391187564104
20.301154394284744 5.196179857976496 -3.57342461106252
18.690867754174374 4.626869793202568 -2.5328175830115085
18.246693874498416 6.518426274985036 -6.029204809970266
20.079067454446765 6.141958098867731 -5.321618224541899
19.626781238053148 2.7649455991417176 -5.947097045250175
20.769111136224133 4.26521776094607 -5.280564342181853
-24.372340328951378 -4.932059293923779 4.000780660827551
-22.734756704485 -3.789451421064159 3.887788971935011
-22.390192060303633 -7.773024941409444 3.999221525455232
-24.200058006860694 -6.923846054096421 4.05649693758766
-23.863787484301156 -5.983422963339478 0.7394912779559646
-24.936855718859455 -6.029045065061438 2.4266318138380267
18.20925182086644 2.4609430910401584 3.981889565682185
17.666588152306122 0.5363160839932152 3.9454611897895018
16.976544470528754 -0.33970741902747315 5.605708924133536
18.061871807649396 3.5095465950664133 5.678565675918905
20.430146012425286 -0.27928638263331895 5.8683601913510195
18.777035248085543 -0.8337986528435237 4.888696502623918
18.482275221651456 1.2634083552089865 8.282048723097358
20.28276599920824 0.769317121392936 7.56503630158774
19.862362585206185 3.015455361250363 4.961553254409287
20.97280968098561 1.6453406244136242 5.904788567243704
-22.22620385983478 2.7252365893725705 -4.04957750972361
-21.731819515258803 0.7933202260772058 -3.8969888958961194
-21.065152848592138 -0.1980078658166189 -5.500991442582909
-22.053921537744092 3.6658248607741104 -5.806168670237892
-24.516359715006317 -0.06714267254872941 -5.769404308158673
-22.87689744284457 -0.6028694048834442 -4.75690229511365
-22.532332798663194 1.2783071379196358 -8.27008461614221
-24.344077392915626 0.8734455988528104 -7.525995468672953
-23.865666131996523 3.260963321707285 -5.062079522768633
-25.01074405958229 1.864773690746635 -5.9219929219861625
2.264385977150198 -22.634270142985354 0.6264995890634317
0.31684603446119297 -23.085915875982906 0.6822158658235429
2.696780838040621 -24.90178890546312 -2.640210276548581
3.279302979119053 -22.988683341093065 -2.6665741671894736
-0.6157769062589571 -23.89197480708817 -2.555141613669253
0.7492408953516156 -25.353434638460673 -2.584493999788471
1.6818638360717655 -24.54737570735541 0.6528634797043251
1.8980612665169772 -25.681135088594296 -0.9804914531016813
-20.55985121291359 6.706469849859659 4.695929087248831
-18.877879008779292 7.774502370508928 4.521928974159261
-17.685715267932135 8.027985573787385 6.107643917225954
-21.049659676200733 5.891920532488852 6.455644143405095
-20.282081017637445 10.29764628395689 6.435554201404453
-18.73899391114122 9.57009058755754 5.391741531237072
-19.718610837715502 7.940991952815926 8.9111716435496
-20.77188948092459 9.483096966586082 8.195269257560717
-22.102938319409816 7.434025546259008 5.739741757416213
-21.964053221771746 9.229613763307626 6.609554314494025
12.538818055733024 -17.746474870902805 -4.192450495632515
13.039395230256693 -15.810485886231646 -4.15544855544241
12.841942181174561 -14.694867277265349 -5.803601282812139
11.84078783212722 -18.566845246607667 -5.877605163192349
15.788140312403792 -16.48302502230996 -6.15347047319386
14.664056358592077 -15.178760961935222 -5.135958544223082
13.267995911380472 -16.81950171334495 -8.506267879342749
15.090110088797989 -17.30339539801482 -7.8386251407536935
13.662902009544739 -19.05073893127754 -5.209962424603291
15.28756313788012 -18.41901400698112 -6.190472413383963
0.10700732548367364 13.218862309890836 -17.747850529039596
-0.839629095492612 13.43761948087178 -15.9997015689605
-2.6551161333246407 12.64011756185409 -15.73893825745562
-0.7618432913720687 12.202603219892202 -19.23523617761381
-3.10260901864429 15.592534349598559 -17.494781425005883
-2.444437267556594 14.624455500725643 -15.873167016943643
-4.1821385012680805 12.591937320728373 -18.847938314092076
-3.9714596355000333 14.576275259599925 -18.982167073580097
-0.5511644256040229 14.186941158763753 -19.369464937101835
-2.155972597668005 15.373777178617612 -19.24293038508498
-14.79243355244814 -18.658736484656735 -4.226922286459866
-14.91604035019812 -17.127565029623064 -2.9462055594510916
-13.421613159198202 -16.77196407917434 -1.6654888324423176
-11.803579170448305 -17.947534583759282 -1.6654888324423185
-11.679972372698328 -19.478706038792954 -2.946205559451093
-13.174399563698243 -19.83430698924168 -4.2269222864598675
-15.298020947366897 -19.354617834241036 -0.32050058195841746
-15.168834047657498 -17.475505704415216 -0.9929947072003669
-11.932766070157708 -19.826646713585102 -0.9929947072003686
-13.679986958617002 -20.530188338825983 -0.32050058195841835
-14.921620452157537 -20.53784861448256 -3.5544281612179165
-15.174414149616918 -20.885789289274708 -1.601217308967192
11.697503616422194 5.961028162126717 -17.368803381205254
11.678119872225714 6.224965738265789 -15.386390400425832
10.119391465112601 7.122940991934963 -14.512315920386285
8.580046802195971 7.756978669465066 -15.62065442112616
8.599430546392451 7.493041093325992 -17.603067401905584
10.158158953505561 6.595065839656819 -18.477141881945133
12.106270634867295 9.63298373882245 -15.835945994686663
11.882503381448265 8.060943526613654 -14.619961707166535
8.803814055615002 9.32901888167386 -16.836638708646287
10.566925971950665 10.267021416352554 -16.944284495426537
11.921270869841223 7.533068374335512 -18.584787668725383
12.125654379063775 9.369046162683379 -17.818358975466086
2.7881632969448003 13.97678188339909 16.459541066332992
2.9589836901947386 13.921278973113935 14.467622438426766
4.257126087194711 12.66463784639732 13.609904888323262
5.384448090944745 11.463499629965856 14.744105966125982
5.2136276976948075 11.51900254025101 16.73602459403221
3.915485300694835 12.775643666967628 17.59374214413571
6.082559270255919 15.401792897114557 14.694236905056211
4.606181676850297 14.63378447997167 13.584970357788375
6.860825684350367 12.231508047108743 15.853372513393818
7.209881274005952 14.200654680683094 15.828437982858931
4.264540890350421 14.744790300541979 17.568807613600825
5.91173887700598 15.457295807399712 16.686155532962434
7.4955073011569 -19.182468930934526 8.098532320656998
6.3734746056418405 -17.778509218658677 8.975994431805697
7.246152601891804 -16.24144381060063 9.911869982406573
9.490217992921927 -19.049363235152324 8.156945760109183
7.3620665315719105 -18.933761597901007 12.08856217311524
6.306754220849345 -17.65415555214192 10.971009358034815
10.296175604379394 -17.38794416057752 11.087836236939182
9.356777223336934 -18.80065590211881 12.146975612567424
8.550819611879467 -20.462074976693614 9.216085135737424
8.48409922708697 -20.337721310176857 11.211100061966546
-10.03275877719837 -19.31443547526903 -9.002286009524259
-8.938331586198457 -17.808085676304692 -9.732449968344564
-9.832758777198373 -16.286395250232445 -10.672906372012521
-12.021613159198205 -19.29909484816112 -9.212578454371913
-9.611328636678131 -18.881866938941425 -12.956433338347567
-8.727616515938337 -17.591801408140892 -11.709523632756218
-12.705325279938 -17.56112015392507 -12.130108522451524
-11.600183018677964 -18.866526311833518 -13.166725783195218
-10.916470897938169 -20.604501006069565 -10.249195715115608
-10.705755827678047 -20.38821673790576 -12.226269379527263
7.1624879875690315 2.2922672918295284 -20.812982636504273
6.00168780366101 0.8741740960507512 -20.012011587636064
6.831022430229179 -0.7371085588624573 -19.16586013360973
9.15262279804522 2.0990778326950976 -20.767802231346153
6.856027265700624 -1.279638297481472 -22.58712250894972
5.848457442726808 -0.9117786986047494 -20.899081523858786
9.828727063679183 -1.2981576168736118 -20.808720713542538
8.846162076176812 -1.4728277566159034 -22.541942103791598
8.170057810542847 1.9244076929528051 -22.50102362159521
8.016827449608643 0.13845489829730495 -23.388093557817932
0.8585451696115229 8.747737729213611 20.30950404488796
-0.1632040251384277 7.161809419671964 19.645531168919216
-1.987249343471621 7.403990262340417 18.86181749919592
0.05624904602828007 10.575846881423711 20.189763251133403
-2.362086560466988 7.465017035834532 22.305038780739128
-1.7735198901776836 6.520449072982425 20.643298536844803
-3.3781121373441687 10.176667377402625 20.40381694933569
-3.1643826840502323 9.293126188044633 22.185297986984573
0.26997849932221674 9.69230569206572 21.971244288782287
-1.340337365717039 9.05094534537618 22.96901165670787
-13.843904395198548 -19.054499718282695 7.353647903420847
-12.843904395198548 -17.67811779781152 8.405110127659114
-13.461938383948443 -15.776004765221215 8.405110127659112
-15.079972372698336 -15.250273653102079 7.353647903420844
-16.079972372698336 -16.626655573573256 6.302185679182575
-15.461938383948443 -18.52876860616356 6.3021856791825765
-16.220234463362534 -16.672229489464854 10.29946595008088
-15.150103418030435 -15.27306061104788 9.352288038869997
-13.91403544053065 -19.077286676228496 9.35228803887
-15.602200474612642 -18.57434252205516 10.29946595008088
-17.150103418030437 -18.02582445199023 7.249363590393461
-17.220234463362537 -18.048611409936026 9.248003725842612
10.36289598917189 15.964604299923504 -11.59704204184059
9.240863293656831 16.121560400343117 -9.948889314470861
9.736864586891665 15.102945996177787 -8.30073658710113
11.354898575641561 13.927375491592844 -8.30073658710113
12.476931271156623 13.770419391173228 -9.94888931447086
11.980929977921786 14.789033795338561 -11.597042041840588
12.476931271156618 17.17302262458139 -7.845964865994325
11.35489857564156 15.628677108296921 -7.249274362862862
10.362895989171887 17.665905916627583 -10.545579817602324
11.980929977921782 18.191637028746722 -9.494117593364054
13.59896396667168 15.314764907457695 -10.545579817602322
13.598963966671679 17.016066524161776 -9.494117593364054
-12.916040350198125 -1.1308534979416263 -20.441169124618845
-11.821613159198208 -2.4575921062741277 -19.4203881545964
-12.450792765948272 -3.1132910968864245 -17.63876197153783
-14.174399563698252 -2.4422514791662193 -16.877916758501705
-15.26882675469817 -1.115512870833717 -17.89869772852415
-14.639647147948104 -0.4598138802214211 -19.680323911582725
-14.987658704842122 -4.891234205275791 -19.18899727993813
-14.033815538770227 -4.330112146387257 -17.52306653420869
-12.775456325270103 -3.018714165162663 -21.086318900325836
-14.35847909809206 -4.2355352146634955 -20.9706234629967
-16.222669920770063 -1.676634929722253 -19.56462847425359
-16.08208589584204 -3.56449559694329 -20.20977824996058
10.834834851194373 1.6616802481059556 19.406049581410105
9.642265263194487 0.1998602189109872 18.742076705441363
10.067729663944496 -0.7362286981648469 17.026641605234357
11.68576365269439 -0.21049758604571317 15.975179380996089
12.878333240694277 1.2513224431492556 16.63915225696483
12.45286883994427 2.1874113602250898 18.354587357171837
12.782848265196783 -2.268828064808201 18.536366799598614
11.638021164945643 -1.970572840024441 16.92378665231298
10.787092363445627 -0.09839500587277261 20.354656852726997
12.357383864446776 -1.3327391477323651 20.25180189980562
14.023160340945418 0.9530672183654949 18.251732404250465
13.97541785319667 -0.8070080356132334 19.200339675567353
17.666588152306115 3.289079924935563 2.2441595730854216
16.97654447052875 5.165820262857223 2.203105690725376
20.430146012425283 5.373721589077464 2.3746091261596534
18.77703524808554 4.745469173954215 1.4405193533241554
18.48227522165145 6.842676182006727 4.833871573797593
20.282765999208237 6.42232509310372 4.071285236396372
19.86236258520618 3.089195506163408 4.915979338517684
20.972809680985602 4.54558475518206 4.1123391187564176
-24.372340328951367 5.784090978325432 -2.622164435973895
-22.734756704484994 5.172038364354829 -1.6507163052889209
-22.39019206030362 7.0532149071579076 -5.16389862631748
-24.20005800686068 6.724679249726972 -4.378755596488174
-23.863787484301152 3.3372892033431745 -5.021025640408585
-24.936855718859444 4.866716397819604 -4.307319103533726
2.840800224095562 -24.703563226299742 4.000780660827558
3.4214437174786214 -22.793043398652532 3.8877889719350174
-0.47363616789938856 -23.69633486464764 3.999221525455238
0.8932602814065568 -25.155208959297294 4.056496937587667
1.6837424837671375 -24.544789970632568 0.7394912779559712
1.9719496072398197 -25.57943651228976 2.4266318138380347
-22.033446636911115 2.9905441460449236 4.8388020731577255
-21.54363817362397 1.0523296224733825 4.780388633705541
-20.806840461625207 0.15752863343840162 6.410253757455173
-21.78645738819949 4.033957680581484 6.527080636359543
-24.243348710810828 0.30862473771559884 6.819620366439629
-22.64858921057383 -0.28863008169127946 5.770797780346491
-22.154610713150582 1.7981969873818398 9.147354906750127
-23.996359462099207 1.3520382722521584 8.507898929641446
-23.628206137148112 3.5877989654518023 5.887624659250862
-24.73315717409797 2.24683926128714 6.878033805891813
9.460128729899761 -20.29623159359182 -4.049577509723621
7.4699939194235725 -20.423039129097845 -3.896988895896129
6.321173548258211 -20.095338678964225 -5.500991442582917
10.301443169210588 -19.84172360795218 -5.806168670237901
7.512115315897354 -23.337191889658065 -5.769404308158683
6.49598721242237 -21.943519277130964 -4.756902295113661
8.178616091044022 -21.03450330585168 -8.27008461614222
8.35342975520818 -22.88268390401842 -7.5259954686729635
10.476256833374745 -21.68990420611892 -5.062079522768643
9.502250126373541 -23.21038435415204 -5.921992921986174
2.264385977150199 10.682711599770428 -19.964527530519344
0.3168460344611934 10.934527864831997 -20.343574678353686
2.6967808380406195 8.774942689490658 -23.45357503223747
3.279302979119052 7.895795290827987 -21.75423168653653
-0.6157769062589584 8.399427820951125 -22.512325982205212
0.7492408953516144 9.026758954552228 -23.832622180071812
1.6818638360717664 11.561858998433099 -21.663870876220283
1.8980612665169767 10.607974543293215 -23.408394627079346
12.73157527865669 -17.481167314230436 4.695929087248837
13.227576571891523 -15.551476489835451 4.521928974159264
13.100254568141487 -14.33933077801031 6.107643917225953
12.108251981671824 -18.198712426800277 6.4556441434051015
16.061151316599275 -16.107257612045608 6.435554201404452
14.892364590862817 -14.864521638743039 5.39174153123707
13.64571799689308 -16.299611863882724 8.911171643549599
15.437828019614408 -16.82480272461545 8.195269257560717
13.90036200439315 -18.723903287533005 5.739741757416218
15.565150023364444 -18.03694843644059 6.609554314494029
-15.610467541198036 -18.083362060398926 -5.958905157379768
-16.239647147948098 -16.196589654916533 -5.748612712532115
-16.06882675469816 -14.910013329761275 -7.27030313860436
-14.810467541198035 -18.683558140726067 -7.6908880282996686
-18.878007689113186 -16.83658944090906 -7.900229297510163
-17.873417221905672 -15.573203345171597 -6.719274782597311
-16.27341722190567 -16.773595505825877 -10.18324052443711
-18.078007689113186 -17.4367855212362 -9.632212168430064
-16.615058008405548 -19.346748156136393 -7.139859672292618
-18.24882808236312 -18.72336184639146 -8.110521742357816
12.538818055733019 4.186623114251297 -17.7478505290396
13.03939523025669 3.353918060993977 -15.999701568960505
12.841942181174556 1.3808456373913418 -15.738938257455626
11.84078783212721 3.046255743905982 -19.235236177613817
15.788140312403787 1.8676015747033006 -17.49478142500589
14.664056358592076 2.194407291219979 -15.87316701694365
13.267995911380464 -0.08632744947065252 -18.84793831409208
15.090110088797982 0.7272342043579851 -18.982167073580104
13.662902009544732 3.859817397734619 -19.369464937101842
15.287563137880115 2.7003066279606207 -19.242930385084986
0.8585451696115229 14.253265411098308 16.906900811479794
-0.16320402513842747 14.36863871826074 15.191465711272784
-1.9872493434716199 13.559357336690926 15.057591434015297
0.05624904602828029 13.328610722366063 18.488461634429317
-2.362086560466987 16.61177607273668 16.652030809028343
-1.7735198901776834 15.547894049079929 15.064030710047057
-3.3781121373441687 13.698584671615434 18.227152355946107
-3.1643826840502314 15.687121384004437 18.233591631977866
0.26997849932221696 15.317147434755064 18.494900910461077
-1.340337365717038 16.496402765574253 18.36746590923535
-14.79243355244815 4.56376640353633 -18.579218375205784
-14.916040350198129 5.02451357640888 -16.63694305943823
-13.421613159198214 6.0109918614005675 -15.746129967908946
-11.80357917044832 6.536722973519704 -16.797592192147214
-11.67997237269834 6.075975800647151 -18.739867507914767
-13.174399563698255 5.089497515655463 -19.63068059944405
-15.298020947366913 8.368983795943622 -17.454628679974533
-15.16883404765751 6.927122272612527 -16.07464821182261
-11.932766070157722 7.978584496850797 -18.17757266029914
-13.679986958617018 8.894714908062756 -18.5060909042128
-14.921620452157553 6.005627926867422 -19.95919884335771
-15.174414149616933 7.908236623071069 -19.39690399574209
12.43111964519432 6.970764000696547 16.459541066332992
12.325546836194237 7.116072506297618 14.467622438426769
10.729262042194291 7.962355828057534 13.609904888323264
9.23855005719443 8.663330644216378 14.744105966125984
9.344122866194514 8.518022138615306 16.73602459403221
10.940407660194456 7.671738816855391 17.593742144135714
12.768361313627242 10.54427337878015 14.694236905056211
12.494167670410699 8.90282719533942 13.584970357788377
9.512743700410976 10.304776827657108 15.853372513393817
11.277649328627383 11.245248194938991 15.82843798285893
12.705313288410865 8.612210184137275 17.568807613600825
12.873934122627325 10.398964873179079 16.686155532962434
-10.84390439519855 -20.430881638753874 6.30218567918258
-9.84390439519855 -19.0544997182827 7.35364790342085
-10.84390439519855 -17.678117797811524 8.405110127659116
-12.843904395198551 -20.430881638753874 6.30218567918258
-10.843904395198553 -20.57836192857996 10.299465950080887
-9.84390439519855 -19.12823986319574 9.352288038870002
-13.843904395198551 -19.12823986319574 9.35228803887
-12.843904395198551 -20.57836192857996 10.299465950080885
-11.843904395198551 -21.88100370413809 7.249363590393465
-11.843904395198553 -21.95474384905113 9.248003725842619
7.4955073011568984 15.822208415956727 -13.535548044945298
6.373474605641839 15.979164516376343 -11.887395317575569
7.246152601891804 16.12884050856954 -10.09406595233835
9.490217992921924 15.814928307730309 -13.390371407077808
7.362066531571905 19.27977430826364 -11.528701847209039
6.306754220849342 17.7079474625298 -10.88397221870744
10.296175604379393 17.693387246076963 -10.593618942972459
9.35677722333693 19.27249420003722 -11.383525209341549
8.550819611879461 17.39403526169057 -14.180277673446898
8.484099227086965 19.122818207844023 -13.176854574578769
-10.03275877719838 0.5857887458703659 -21.30130096193231
-8.938331586198464 -0.7409498624621358 -20.280519991909863
-9.832758777198379 -2.2626402885343824 -19.340063588241904
-12.021613159198214 0.39083692813062143 -21.3816255282868
-9.61132863667814 -3.144358672680105 -22.682748345129493
-8.727616515938344 -2.6060235717373716 -20.971243683508455
-12.705325279938009 -2.9959272072168606 -21.131892816217437
-11.60018301867797 -3.339310490419849 -22.763072911483984
-10.916470897938177 0.04745364492763238 -23.01280562355335
-10.705755827678056 -1.8176200643476037 -23.703529315151943
8.054287922361077 3.5197245987546935 20.30950404488796
6.86171833436119 2.0579045695597253 19.645531168919216
7.655707004777893 0.39797237963787246 18.86181749919592
10.040846180777667 3.3216124380278083 20.189763251133403
7.829577985553719 0.06033931198603848 22.305038780739128
6.749363365957511 0.3282119261753982 20.6432985368448
10.72247988279069 -0.068012395278372 20.40381694933569
9.816136243970307 -0.13777284874084628 22.185297986984573
9.134502541957286 3.251851984565334 21.971244288782284
9.022147573553607 1.5221593411810062 22.96901165670787
-13.84390439519856 15.098733967325254 -13.754211340002719
-12.843904395198559 15.42365366355816 -12.05290972329864
-13.461938383948453 14.57300285520612 -10.351608106594558
-15.079972372698348 13.397432350621171 -10.351608106594558
-16.079972372698347 13.072512654388264 -12.052909723298638
-15.461938383948455 13.923163462740304 -13.754211340002717
-16.220234463362544 16.668170093514117 -10.306034190702954
-15.150103418030445 15.195261070184097 -9.478170340296717
-13.91403544053066 16.896562686888178 -12.880773573704879
-15.602200474612653 17.518820901866153 -12.007335807407035
-17.150103418030447 14.545421677718283 -12.880773573704875
-17.220234463362548 16.343250397281206 -12.007335807407033
10.834834851194369 16.614172417179013 10.164901204406315
9.642265263194485 16.674042814056286 8.560471924769615
10.067729663944492 15.55834270634862 6.956042645132917
11.68576365269439 14.382772201763675 6.956042645132918
12.878333240694278 14.3229018048864 8.560471924769617
12.452868839944268 15.43860191259407 10.164901204406315
12.782848265196781 17.59408124434318 6.26041373108636
11.638021164945641 16.018361921492065 5.80601354829129
10.787092363445625 18.2497621369074 9.014872107564686
12.357383864446772 18.709781352050847 7.8648430107230585
14.023160340945418 15.898621127737513 9.014872107564688
13.97541785319667 17.534210847465904 7.86484301072306
2.9157703800512236 -12.633337288799396 -20.44116912461883
1.3157703800512235 -12.002459954256434 -19.420388154596385
0.886590773301161 -12.8034674504698 -17.638761971537814
2.057411166551098 -14.235352281226128 -16.877916758501687
3.657411166551098 -14.86622961576909 -17.898697728524134
4.08659077330116 -14.065222119555726 -19.680323911582708
-0.02039891796545068 -15.765584968146156 -19.188997279938107
0.21850612429282368 -14.685029957414661 -17.523066534208674
1.076865337792949 -13.08301496498793 -21.08631890032582
0.4087806887846115 -14.96457747193279 -20.97062346299668
3.418506124292824 -15.946784626500584 -19.56462847425357
1.5796010820345492 -16.396462302689116 -20.209778249960557
-12.01705922329295 0.10648787197544496 21.012455142129774
-10.96615875944762 -1.2801601366699082 20.026141036375655
-11.67106880708193 -2.040093136944595 18.315701426264354
-13.426879318561575 -1.4133781285739295 17.591575921907168
-14.477779782406905 -0.026730119928576324 18.577890027661283
-13.772869734772593 0.7332028803461106 20.28832963777259
-14.136106425138403 -3.719173043155598 20.077598191152955
-13.256042639927323 -3.259599590187441 18.341430003653006
-11.8462225446587 -1.7397335896380657 21.76230922387561
-13.431196377504092 -2.95924004288091 21.78803780126426
-15.357843567617987 -0.4863035728967342 20.31405821516124
-15.187006888983737 -2.3325250345102453 21.063912296907073
-21.54363817362397 3.8050934634157323 3.079087017001461
-20.80684046162521 5.6630563153231 3.0076505240470146
-24.24334871081083 5.961632709426381 3.3258693012482636
-22.64858921057383 5.29063774510646 2.32262063104673
-22.154610713150586 7.377464814179579 5.699177757450364
-23.996359462099207 7.005046243962941 5.014147864450081
-23.628206137148112 3.661539110364844 5.842050743359257
-24.733157174097972 5.147083392055572 5.085584357404527
13.03246477011628 -21.392090677898995 -2.622164435973909
11.944326973613826 -20.023790760040544 -1.650716305288931
13.626955852235481 -19.114774788761256 -5.163898626317492
13.87377920942711 -20.93758269225935 -4.3787555964881895
10.548266526402216 -21.664531511450267 -5.021025640408599
12.334434546510478 -22.212461053603857 -4.307319103533743
2.840800224095565 14.62617634036482 -20.306335160052697
3.421443717478625 13.67070306006626 -18.648045696711804
-0.47363616789938634 14.174335590189399 -19.406139992380485
0.8932602814065598 14.87799260542639 -20.685382307887036
1.6837424837671389 11.638184880068989 -21.622816993860237
1.971949607239822 13.609917250366188 -21.793720808626915
9.652885952823432 -20.030924036919448 4.8388020731577335
7.658175261058408 -20.164029732701646 4.780388633705551
6.5794859352251445 -19.739802179709184 6.410253757455183
10.568907318755192 -19.473590788144783 6.52708063635955
7.785126320092844 -22.961424479393713 6.819620366439638
6.724295444693113 -21.62927995393878 5.770797780346501
8.556338176556634 -20.51461345638945 9.147354906750135
8.701147686024605 -22.40409123061905 8.507898929641456
10.713716828223163 -21.36306856237438 5.88762465925087
9.779837011857868 -22.828318783611515 6.878033805891823
-12.374399563698244 -20.434503069568823 -5.958905157379768
-10.38554518169841 -20.44984369667673 -5.748612712532113
-9.214724788448473 -19.88980989952684 -7.270303138604358
-13.192433552448136 -19.859128645311017 -7.6908880282996686
-10.178922904085814 -23.156844491955816 -7.900229297510159
-9.287806851892196 -21.81101440787023 -6.71927478259731
-10.923874829391986 -20.66026555935462 -10.18324052443711
-10.996956892835708 -22.581470067698014 -9.63221216843006
-13.26551561589186 -21.78033315365441 -7.139859672292617
-12.167777286085645 -23.141503864847905 -8.110521742357813
9.460128729899752 5.454698469311501 -19.964527530519344
7.469993919423565 5.647887928445933 -20.00970793567747
6.321173548258203 4.0666723397049465 -20.43393548866993
10.301443169210577 3.680293421436084 -20.343574678353683
7.512115315897343 5.27639740475725 -23.453575032237467
6.49598721242236 5.558737396168807 -21.754231686536528
8.178616091044011 2.0099273004179716 -22.51232598220521
8.353429755208168 3.5019923568818325 -23.83262218007181
10.476256833374737 5.1723584778999445 -21.66387087622028
9.50225012637353 5.083207945622819 -23.408394627079343
3.1131891771115923 11.850988978235382 19.175302967085234
1.1835710497783147 12.127472505934595 19.62266271223204
3.698768624797199 10.154060563715351 22.74987016696311
4.208275024537638 9.174415618765266 21.08232736077873
0.3490387698710835 9.727382674163696 21.977046851072338
1.7691504974639218 10.430544091414566 23.197229912109915
2.603682777371153 12.830633923185466 20.842845773269616
2.8964725012139563 11.982169715925453 22.630129373208554
-16.07997237269834 -18.729580022049795 2.899582445774417
-16.698006361448233 -16.827466989459488 2.899582445774418
-16.698006361448233 -15.776004765221218 4.600884062478497
-15.461938383948445 -19.580230830401835 4.6008840624784995
-19.54298918022592 -17.751857942724566 4.6464579783700986
-18.429514765212023 -16.33860594979687 3.7730202120722574
-17.193446787712233 -18.039907566500954 7.17562344548042
-18.924955191476023 -18.602508751076606 6.347759595074181
-17.193446787712237 -20.142832014977486 3.773020212072261
-18.924955191476027 -19.653970975314873 4.646457978370102
12.731575278656692 12.017982350776116 -13.535548044945298
13.227576571891529 10.999367946610784 -11.887395317575567
13.10025456814149 11.87558646680934 -10.094065952338347
12.108251981671822 13.912815275140002 -13.390371407077806
16.06115131659928 12.959519257216884 -11.528701847209035
14.892364590862822 11.47013639983117 -10.883972218707436
13.645717996893078 15.259802248558943 -10.593618942972457
15.437828019614408 14.854352181580772 -11.383525209341546
13.900362004393148 13.507365208161831 -14.180277673446895
15.565150023364444 13.978133661382216 -13.176854574578766
-15.610467541198044 2.7573185644084215 -18.83915413219211
-16.239647147948105 2.1016195737961247 -17.05752794913354
-16.06882675469817 0.16520385617505562 -16.58729974729956
-14.810467541198044 1.4766018373996488 -20.1505521134167
-18.878007689113193 0.46337180099829933 -18.592193349064754
-17.873417221905683 0.9546461920910636 -16.934047557569862
-16.27341722190568 -1.606787261926482 -19.556843520019044
-18.078007689113196 -0.8173449260104737 -19.903591330289345
-16.615058008405555 2.266044173315657 -20.497299923687002
-18.248828082363133 1.1190707916105957 -20.373819532123328
13.29035589986087 5.221026215458776 16.906900811479797
13.715820300610877 4.284937298382943 15.19146571127279
13.509808971027578 2.300085412228182 15.057591434015308
12.658880169527563 4.17226324637985 18.488461634429324
16.528662770581093 2.886843297841434 16.65203080902835
15.334973735970987 3.117845839574271 15.064030710047067
14.072022275304375 1.0203199014164186 18.227152355946117
15.897187040247784 1.838080328762508 18.233591631977877
14.484044934470974 4.990023673725939 18.494900910461084
16.103198369831084 3.8229322149172678 18.36746590923536
8.911513132800781 -12.658158944868728 -18.579218375205773
9.387906335050802 -12.633337288799389 -16.63694305943822
9.864299537300822 -10.907214016025971 -15.746129967908935
9.864299537300822 -9.205912399321893 -16.797592192147206
9.387906335050802 -9.230734055391231 -18.73986750791476
8.91151313280078 -10.956857328164649 -19.63068059944404
12.686725026941042 -11.963124289817927 -17.454628679974522
11.275512282120932 -12.285819961273988 -16.074648211822595
11.275512282120932 -8.883216727865832 -18.177572660299134
12.686725026941042 -10.261822673113848 -18.50609090421279
10.32272587762089 -12.335463273412666 -19.9591988433577
12.210331824691023 -11.987945945887265 -19.396903995742072
-13.979700625498745 5.682397310361096 18.897347455446123
-14.187914518980019 6.026692806325522 16.938238579957073
-12.734751054029601 6.956376444811405 15.926307615678903
-11.073373695597908 7.541764587332863 16.873485526889787
-10.865159802116635 7.197469091368438 18.832594402378838
-12.318323267067056 6.267785452882554 19.84452536665701
-14.53844311991254 9.41445298484258 17.570860641524927
-14.467285766186915 7.892720643566263 16.274995172996473
-11.144531049323533 9.06349692860918 18.16935099541824
-12.877065761480848 9.999841127364038 18.51803855273581
-14.050857979224368 7.2041296516374125 20.193212923974578
-14.330229226431264 9.070157488878156 19.52996951701398
-10.84390439519856 14.77381427109235 -15.455512956706801
-9.84390439519856 15.098733967325256 -13.75421134000272
-10.843904395198559 15.423653663558163 -12.05290972329864
-12.843904395198562 14.773814271092348 -15.455512956706798
-10.843904395198562 18.4150456261098 -13.799785255894323
-9.84390439519856 16.919349644833982 -12.926347489596482
-13.843904395198562 16.91934964483398 -12.92634748959648
-12.843904395198564 18.4150456261098 -13.79978525589432
-11.843904395198562 16.26951025236817 -16.328950723004642
-11.843904395198564 18.090125929876894 -15.501086872598403
8.054287922361073 16.59130396049184 12.230823712692741
6.861718334361186 16.651174357369115 10.626394433056042
7.655707004777891 16.692543784151344 8.791218539094478
10.040846180777663 16.57280299039679 12.000077098367877
7.829577985553711 19.92324862113742 10.029085712226879
6.749363365957505 18.317146687691906 9.52552543282311
10.722479882790687 18.28014474750181 9.06403220417338
9.8161362439703 19.904747651042374 9.798339097902012
9.134502541957279 18.197405893937358 12.73438399209651
9.022147573553598 19.86337822426015 11.633514991863576
3.6574111665510975 -9.360701933884398 -21.301300961932306
2.057411166551097 -8.729824599341438 -20.28051999190986
0.8865907733011597 -10.050703609527455 -19.3400635882419
4.086590773301161 -11.312458278613377 -21.381625528286794
-0.020398917965450236 -10.11257699643538 -22.68274834512949
0.218506124292823 -9.105762130616927 -20.97124368350845
1.07686533779295 -13.009274820074886 -21.131892816217427
0.40878068878461304 -12.06433334116436 -22.763072911483977
3.4185061242928243 -10.36751679970285 -23.012805623553344
1.5796010820345505 -10.743454330978341 -23.703529315151936
-9.10144971424292 1.8676257024931973 21.64302213512597
-8.050549250397587 0.4809776938478436 20.656708029371853
-8.982903772999938 -1.0929152257337098 19.8482674799967
-11.084704700690601 1.6803807915569982 21.820895691504933
-8.615756970919476 -1.7740718313965291 23.22483806333773
-7.807702878735867 -1.3398710730970198 21.447615993477733
-11.774212851631228 -1.7143608949694178 21.80336310623566
-10.599011957367157 -1.9613167423327278 23.402711619716694
-9.90950380642653 1.4334249441936882 23.420244204985966
-9.666657434764806 -0.38742382275117504 24.211152169091847
18.637751054050046 -8.500570096570922 -13.754211340002714
18.637751054050042 -7.449107872332652 -12.052909723298635
18.01971706530015 -8.299758680684693 -10.351608106594554
17.401683076550256 -10.201871713275 -10.351608106594552
17.401683076550256 -11.253333937513267 -12.052909723298631
18.01971706530015 -10.402683129161229 -13.754211340002712
20.864699884077837 -10.275611858188041 -10.306034190702949
19.133191480314046 -9.713010673612386 -9.47817034029671
20.369259457813833 -8.011709056908307 -12.880773573704872
21.48273387282773 -9.424961049836003 -12.007335807407028
19.133191480314046 -11.815935122088922 -12.88077357370487
20.864699884077837 -11.32707408242631 -12.007335807407028
-13.254672638562804 15.90974190412617 13.41631662169409
-12.329722047414275 16.13136495087386 11.656956047768364
-13.019765729191642 15.181601302940129 10.037762195784376
-14.634760002117536 14.010214608258707 10.177928917726112
-15.559710593266065 13.788591561511014 11.937289491651837
-14.869666911488698 14.738355209444745 13.556483343635827
-15.780153634749356 17.273889389563276 9.986878274693781
-14.744981522859181 15.752863522284837 9.202723309247084
-13.364894159304448 17.6523908181523 12.441111013215062
-15.09010995297199 18.223653037497005 11.606072126677772
-16.59488270515624 15.309617428789453 12.721444457098535
-16.705104225897887 17.05226634281558 11.746238848619507
3.8147515069563918 -11.395995918882308 21.012455142129763
2.1712247798018063 -10.825027984652198 20.02614103637565
1.6663147321674947 -11.730269490527961 18.315701426264344
2.804931411687768 -13.206478930633827 17.591575921907157
4.448458138842353 -13.777446864863935 18.577890027661272
4.9533681864766645 -12.872205358988177 20.288329637772573
0.8311533617382598 -14.593523806025948 20.077598191152944
0.9962790231357213 -13.614517401214831 18.34143000365299
2.006099118404345 -11.804034389463315 21.762309223875597
1.3360634093725718 -13.688282300150188 21.78803780126425
4.283332477444892 -14.756453269675049 20.314058215161225
2.474680088892845 -15.164491740256057 21.06391229690706
10.2762092498083 -19.313378924349607 3.07908701700147
11.815553912724933 -18.0385005630051 3.007650524047021
13.161456388256825 -21.214548946798025 3.3258693012482734
12.030494467524996 -19.905191379288897 2.322620631046739
13.862537199388521 -18.790524881739568 5.699177757450371
14.077477754188589 -20.65721569802336 5.014147864450088
10.783847873555258 -21.34028160442858 5.842050743359268
12.538133091271956 -21.93209405936787 5.085584357404537
-15.906045521327343 -21.892793481746462 -4.775323346218081
-14.940222542512792 -20.5634521953305 -3.635131380879024
-16.576290520012584 -19.41270334681489 -7.099097122718824
-16.72407951007724 -21.317419057488657 -6.50730621713798
-13.340222542512794 -21.76384435598478 -7.099097122718824
-15.106045521327344 -22.492989562073603 -6.50730621713798
13.032464770116276 7.221498616516318 -20.3063351600527
11.944326973613823 7.478465913259226 -18.648045696711808
13.626955852235477 3.9296558175083907 -19.40613999238049
13.873779209427102 5.4470935686409 -20.68538230788704
10.548266526402212 5.197731172568595 -21.622816993860237
12.334434546510472 6.081131246171003 -21.793720808626915
3.6987686247971987 15.80706853542613 19.256119101771745
4.208275024537638 14.753683445563002 17.634150211478968
0.3490387698710835 15.306650500961432 18.528869701772575
1.7691504974639214 16.083552063125346 19.70347884691855
2.6036827773711533 12.904374068098507 20.797271857378014
2.896472501213956 14.882413846693881 20.837679924721268
-12.84390439519855 -21.08072103121969 2.899582445774419
-10.84390439519855 -21.08072103121969 2.8995824457744206
-9.84390439519855 -20.755801334986785 4.6008840624785
-13.84390439519855 -20.75580133498678 4.6008840624784995
-10.843904395198551 -24.07211299377133 4.646457978370106
-9.84390439519855 -22.57641701249551 3.7730202120722627
-11.843904395198551 -21.926577620029693 7.175623445480421
-11.843904395198551 -23.74719329753842 6.347759595074185
-13.843904395198551 -22.576417012495508 3.773020212072261
-12.843904395198553 -24.072112993771327 4.646457978370106
9.652885952823427 13.28605770583632 -15.75222504642505
7.6581752610584015 13.29333781406274 -15.897401684292538
6.579485935225138 14.561413169122945 -14.789063183552663
10.568907318755187 14.546852952670108 -14.498709907817684
7.785126320092832 16.368315087270833 -17.487495454440626
6.724295444693105 14.834466504779995 -16.765036888300326
8.556338176556626 17.356056998447567 -14.258006611085596
8.701147686024594 17.629110334104617 -16.23398031583326
10.713716828223154 14.819906288327157 -16.474683612565347
9.779837011857857 16.361034979044412 -17.342318816573133
-12.374399563698255 3.8087807886466907 -20.942078580668646
-10.385545181698422 4.003732606386436 -20.861754014314158
-9.214724788448486 2.3922365849982734 -21.04136520494599
-13.192433552448149 2.0023329495187836 -21.202014337654973
-10.178922904085825 3.2898757868536945 -24.24520132077554
-9.287806851892208 3.7442801054899375 -22.513315384367605
-10.923874829391998 0.13138442723412247 -23.03318689834025
-10.99695689283572 1.483427947725787 -24.505137077761866
-13.265515615891871 3.354376470010448 -22.673964517076584
-12.167777286085657 3.0949239691139496 -24.32552588713003
10.308931929861146 6.622975847776465 19.175302967085237
8.322373671444558 6.82108800850335 19.29504376083979
7.195051667694521 5.269462383992464 19.86214429974115
11.1681681845277 4.873238062538694 19.62266271223204
8.514103102653918 6.655515278981952 22.74987016696311
7.424959257840943 6.837357724106093 21.082327360778727
9.14343176717405 3.337882153630552 21.977046851072338
9.373339357320473 4.905777493744181 23.197229912109915
11.398075774674123 6.441133402652323 20.84284577326962
10.500661361070508 6.457403118255066 22.630129373208554
-16.07997237269835 10.96958820591173 -15.455512956706796
-16.698006361448243 10.118937397559689 -13.754211340002717
-16.698006361448243 11.170399621797957 -12.052909723298637
-15.461938383948455 12.87170123850204 -15.455512956706798
-19.54298918022593 12.09479057506304 -13.799785255894315
-18.429514765212033 10.681538582135344 -12.926347489596475
-17.193446787712244 14.48576464731596 -12.926347489596477
-18.924955191476034 13.996903607653348 -13.799785255894317
-17.193446787712247 12.382840198839425 -16.32895072300464
-18.924955191476037 12.945441383415078 -15.501086872598398
13.29035589986087 12.78707789531123 12.230823712692747
13.715820300610877 11.67137778760356 10.626394433056051
13.50980897102758 12.43928974239115 8.791218539094483
12.658880169527563 14.670689957806484 12.00007709836788
16.528662770581093 13.602993570090675 10.029085712226884
15.334973735970989 12.079335624993282 9.525525432823118
14.072022275304375 15.846559749983792 9.064032204173383
15.897187040247784 15.48660563258593 9.798339097902016
14.484044934470973 14.31073584040862 12.734383992096515
16.103198369831084 14.718693677798344 11.633514991863581
7.4462655485509295 -13.994378582162659 -18.839154132192096
7.017085941800866 -14.795386078376024 -17.057527949133522
5.12265875080095 -15.23131159517924 -16.587299747299543
5.981017964301077 -13.629296602752508 -20.150552113416687
6.274317966683767 -17.810862466178527 -18.592193349064733
6.431112150867284 -16.703628020383956 -16.93404755756984
3.5006169823675792 -15.973464061563657 -19.556843520019026
4.809070382433914 -17.445780486768378 -19.903591330289323
7.289471364367412 -15.101613027957226 -20.497299923686988
6.70349757343383 -17.00985496996516 -20.373819532123306
-14.783371884999719 3.8957180721000246 19.29970277878479
-15.488281932634031 3.1357850718253375 17.589263168673487
-15.335485881337624 1.1745609758110378 17.228356793111736
-13.925665786069 2.6944269763604116 20.649236013334342
-18.05557381778587 1.595354912276332 19.331700341137775
-17.124382899027104 1.985603491913491 17.60526194984998
-15.408970701165671 -0.4169786995657345 20.30432841894908
-17.19786771885515 0.3940638165367192 20.681233575687326
-15.714562803758483 3.505469492462865 21.026141170072584
-17.350663770151556 2.355287912551019 21.042139951249077
-13.021613159198207 -12.658158944868728 -18.579218375205777
-13.49800636144823 -12.633337288799389 -16.636943059438224
-13.974399563698249 -10.907214016025975 -15.746129967908942
-13.974399563698249 -9.205912399321894 -16.797592192147206
-13.498006361448228 -9.230734055391231 -18.739867507914763
-13.021613159198207 -10.956857328164647 -19.630680599444048
-16.79682505333847 -11.96312428981793 -17.454628679974526
-15.385612308518358 -12.285819961273992 -16.0746482118226
-15.385612308518361 -8.883216727865832 -18.177572660299134
-16.79682505333847 -10.26182267311385 -18.506090904212794
-14.432825904018316 -12.335463273412664 -19.959198843357704
-16.320431851088447 -11.987945945887265 -19.39690399574208
9.72424605975018 -11.53952803804395 18.897347455446113
10.116032166268907 -11.631158058882743 16.93823857995706
10.55116164246943 -9.96182943261513 15.92630761567889
10.594505012151227 -8.200870785508727 16.873485526889777
10.202718905632501 -8.109240764669934 18.832594402378827
9.767589429431977 -9.778569390937548 19.844525366656995
13.44630285439541 -10.91765510091896 17.570860641524913
11.977060563591523 -11.320221590320246 16.27499517299646
12.063747302955116 -7.798304296107441 18.169350995418228
13.489646224077209 -9.156696453812556 18.518038552735796
11.193488350554068 -11.136961548642667 20.193212923974563
13.054516747876685 -10.82602508008017 19.529969517013964
17.40168307655026 -5.747806255628575 -15.455512956706794
17.401683076550256 -4.696344031390306 -13.754211340002714
18.019717065300153 -5.546994839742346 -12.052909723298633
18.019717065300153 -7.649919288218882 -15.455512956706793
20.864699884077837 -4.622603886477265 -13.799785255894317
19.133191480314046 -4.133742846814651 -12.926347489596475
20.369259457813836 -7.9379689119952666 -12.926347489596473
21.482733872827733 -6.524716919067572 -13.799785255894314
19.13319148031405 -6.236667295291188 -16.328950723004635
20.86469988407784 -5.674066110715533 -15.501086872598394
-10.183380525102079 15.682947383932786 15.00242159911652
-9.25842993395355 15.90457043068048 13.243061025190794
-10.33160069510965 16.128779214151017 11.570328249516717
-12.181501877406706 15.68553312065563 15.08904939736817
-10.259804180530429 19.218990601322343 13.134118146878556
-9.296641761667725 17.672592039375257 12.308909299071813
-13.29288446627698 17.67776351282095 12.48216489557511
-12.257925532835054 19.22157633804519 13.220745945130206
-11.146542943964782 17.22934594587987 15.827630446923264
-11.184754771678955 18.997367554574648 14.893478720804282
4.588720229506551 -8.078864977261551 21.643022135125957
2.9451935023519673 -7.507897043031442 20.65670802937184
1.7364457774995943 -8.880978546726768 19.848267479996686
5.0234992318087635 -10.022914415186985 21.82089569150492
0.975172747793204 -8.742290155151782 23.224838063337717
1.138419761495293 -7.839609631976557 21.44761599347772
2.0079777660997165 -11.727708507827424 21.803363106235647
1.4099517500954153 -10.686339593077214 23.40271161971668
4.4254732158044625 -8.981545500436775 23.420244204985952
2.618699474947788 -9.31325808938189 24.211152169091832
-22.74785108044748 -8.500570096570938 -13.75421134000271
-22.74785108044748 -7.44910787233267 -12.052909723298631
-22.129817091697582 -8.299758680684706 -10.35160810659455
-21.511783102947682 -10.201871713275013 -10.351608106594549
-21.511783102947682 -11.253333937513279 -12.052909723298628
-22.12981709169758 -10.402683129161243 -13.754211340002708
-24.974799910475262 -10.275611858188062 -10.306034190702942
-23.243291506711472 -9.713010673612402 -9.478170340296707
-24.479359484211265 -8.011709056908328 -12.880773573704868
-25.59283389922516 -9.424961049836025 -12.007335807407022
-23.243291506711472 -11.81593512208894 -12.880773573704865
-24.974799910475262 -11.32707408242633 -12.00733580740702
19.2269828106858 -7.689562159770004 13.416316621694083
19.151933401834327 -6.74139658501695 11.656956047768357
18.461889720056963 -7.691160232950682 10.037762195784367
17.846895447131068 -9.589089455637465 10.177928917726105
17.92194485598254 -10.537255030390519 11.93728949165183
18.611988537759906 -9.587491382456788 13.556483343635819
21.304780712691027 -9.669892562138882 9.986878274693773
19.53831337548531 -9.155408221511648 9.202723309247077
20.918400739040045 -7.255880925644185 12.441111013215055
21.99482439446839 -8.720128914205151 11.606072126677763
19.688412193188256 -11.051739371017753 12.721444457098528
21.379830121542497 -10.618058136891936 11.7462388486195
3.8147515069564055 23.890555537973064 -0.7958330039789825
2.1712247798018196 22.753024760137585 -0.7262368359411462
1.6663147321675078 21.627997372929237 -2.3008413011415563
2.8049314116877815 21.64050076355636 -3.9450419343798027
4.448458138842367 22.77803154139184 -4.01463810241764
4.953368186476679 23.90305892860019 -2.4400336372172298
0.8311533617382758 24.48437200444501 -4.073869628545234
0.9962790231357357 22.493670995082947 -3.9746576974436003
2.0060991184043595 24.743725769499648 -0.8254487670427797
1.3360634093725876 25.609399391653362 -2.4992651633448237
4.283332477444907 24.768732550753903 -4.113850033519275
2.4746800888928613 25.62190278228049 -4.143465796583072
-13.461938383948443 -20.230070222867646 1.1982808290703397
-15.079972372698338 -19.054499718282695 1.1982808290703388
-16.22023446336254 -22.325237461175636 1.1527069131787346
-15.150103418030438 -20.85232843784562 0.3248430627724961
-17.15010341803044 -20.202489045379806 3.727446296180655
-17.220234463362537 -22.000317764942732 2.8540085298828144
-13.914035440530654 -22.5536300545497 3.7274462961806574
-15.602200474612644 -23.17588826952768 2.8540085298828153
10.276209249808296 11.391224781472431 -15.897401684292538
11.815553912724926 10.757187103942329 -14.789063183552663
13.16145638825682 12.462182648155732 -17.487495454440626
12.030494467524992 10.979287252632137 -16.765036888300326
13.862537199388514 13.500877746299711 -14.258006611085598
14.077477754188582 13.722977894989517 -16.23398031583326
10.783847873555253 14.768953101359912 -16.47468361256535
12.53813309127195 14.35701557251962 -17.342318816573137
-15.90604552132736 5.519575841835707 -21.717099300356836
-14.940222542512808 5.944895042249971 -20.018190959288148
-16.5762905200126 2.3319993639941563 -20.538062473260798
-16.724079510077257 3.713128002707799 -21.97703505734316
-13.340222542512807 3.3834615882324264 -22.64098692173733
-15.10604552132736 4.2388591148269334 -23.028497281581426
13.890433170817909 8.402390811577636 19.256119101771745
12.731158280672837 8.561446298755977 17.634150211478964
14.449630790005946 5.061970728280434 18.52886970177257
14.749669425484464 6.652653026339866 19.703478846918546
11.468206820006223 6.463920360598125 20.797271857378014
13.258957440484604 7.35362784249871 20.837679924721268
-12.84390439519856 12.021050430150002 -17.558437405183334
-10.84390439519856 12.021050430150005 -17.558437405183337
-9.84390439519856 13.39743235062118 -16.506975180945073
-13.84390439519856 13.397432350621175 -16.506975180945066
-10.843904395198566 14.921294560918438 -19.452793227605106
-9.843904395198562 13.471172495534223 -18.505615316394223
-11.843904395198564 16.22393633647657 -16.402690867917684
-11.843904395198567 16.297676481389612 -18.40133100336684
-13.843904395198564 13.471172495534217 -18.50561531639422
-12.843904395198567 14.921294560918435 -19.452793227605106
10.308931929861144 14.189027527628916 14.499225868298186
8.322373671444554 14.207528497723967 14.729972482623051
7.195051667694519 15.408666714155427 13.595771404820331
11.168168184527698 15.371664773965328 13.134278176170598
8.514103102653912 17.37166555123119 16.126925070161644
7.424959257840938 15.798847509525102 15.543822083554781
9.143431767174045 18.164122002197928 12.813926699299607
9.373339357320468 18.5543027975676 14.761977378034057
11.398075774674119 15.761845569335003 15.082328854905048
10.500661361070502 17.353164581136138 15.896178455836779
7.44626554855093 -10.591775348754497 -20.94207858066864
7.017085941800866 -8.640019004025518 -20.86175401431415
5.122658750800952 -8.024482296590469 -21.041365204945983
5.981017964301076 -11.927994986048427 -21.20201433765496
6.274317966683768 -8.664103429276382 -24.245201320775532
6.4311121508672855 -7.676183044286461 -22.513315384367598
3.5006169823675792 -10.34862231887432 -23.03318689834024
4.809070382433914 -10.000323066570312 -24.50513707776185
7.289471364367411 -11.579695733744419 -22.673964517076573
6.703497573433831 -10.615859774005362 -24.32552588713002
-11.460617168136334 5.06649435714294 21.19405860120656
-9.477362181688653 5.253739268079139 21.016185044827598
-8.297778454741945 3.654304940754267 21.2406668117873
-12.264288427637307 3.279815118881869 21.596413924545224
-9.12346077108271 4.742594784461108 24.42404142508161
-8.308783983161842 5.091789481738223 22.63117645676512
-9.916126502163788 1.5184310052160823 23.435887103442454
-9.927132030583683 2.9559155462000377 24.826396748420276
-12.275293956057205 4.717299659865825 22.986923569523046
-11.106715757530392 4.555349873524909 24.601914981460574
15.40168307655026 -11.903173329979085 -15.455512956706793
14.783649087800365 -12.753824138331122 -13.754211340002712
15.783649087800365 -12.428904442098217 -12.052909723298633
17.019717065300156 -10.727602825394138 -15.455512956706793
17.541945167214458 -14.84899137663912 -13.799785255894314
15.853780133132462 -14.226733161661143 -12.926347489596472
19.089848110632254 -11.875592152491249 -12.926347489596473
19.15997915596435 -13.673420872054175 -13.799785255894314
17.089848110632254 -12.525431544957064 -16.328950723004635
18.15997915596435 -13.99834056828708 -15.501086872598394
-15.409611775563121 11.892260412004912 15.45601063950329
-16.09965545734049 10.94249676407118 13.8368167875193
-16.17470486619196 11.890662338824235 12.077456213593575
-14.794617502637225 13.790189634691696 15.315843917561555
-18.94254644997455 12.921229093259383 13.887700708609895
-17.866122794546204 11.456981104698416 13.052661822072603
-16.636134248694415 15.252839550071982 12.772328378189131
-18.327552177048656 14.819158315946167 13.74753398666816
-16.486035430991468 13.356508400565879 16.29104952604058
-18.252502768197182 13.870992741193113 15.506894560593885
-11.556365574948352 -13.994378582162653 -18.839154132192103
-11.127185968198289 -14.795386078376023 -17.057527949133533
-9.232758777198374 -15.231311595179237 -16.587299747299554
-7.767511192948521 -14.866229615769086 -17.898697728524148
-8.196690799698585 -14.065222119555717 -19.680323911582718
-10.0911179906985 -13.629296602752502 -20.150552113416698
-10.384417993081192 -17.81086246617852 -18.592193349064747
-10.54121217726471 -16.703628020383952 -16.934047557569855
-7.610717008765004 -15.973464061563652 -19.55684352001904
-8.919170408831338 -17.44578048676837 -19.90359133028934
-11.399571390764835 -15.10161302795722 -20.497299923687
-10.813597599831255 -17.009854969965154 -20.373819532123317
8.273361204749246 -12.855979074471044 19.299702778784777
7.768451157114934 -13.761220580346803 17.589263168673476
5.855999624161488 -14.221954475543248 17.228356793111722
6.865819719430111 -12.411471463791733 20.64923601333433
7.096751838011083 -16.678879354900484 19.33170034113776
7.180146473745852 -15.672670720561523 17.605261949849968
4.3650635031075815 -14.783655499202899 20.30432841894907
5.689210352691949 -16.23437174422117 20.681233575687312
8.189966569014477 -13.862187708810005 21.026141170072574
7.601661885645395 -15.773637849024725 21.042139951249066
-12.188277923668418 -11.511171392993935 19.847356675171724
-12.748383246658236 -11.601569586435152 17.929516693895643
-13.265145199966254 -9.931009132769965 16.958854623830447
-13.221801830284456 -8.170050485663563 17.906032535041334
-12.66169650729464 -8.079652292222345 19.823872516317415
-12.144934553986621 -9.75021274588753 20.79453458638261
-16.00955262417924 -10.879536751837739 18.847908155573336
-14.659020596913646 -11.285752265857054 17.42979243409645
-14.572333857550053 -7.763834971644249 19.32414825651822
-15.966209254497443 -9.118578104731338 19.795086066784222
-13.538809950934011 -11.10495587897462 21.26547239664861
-15.449447301189421 -10.789138558396521 20.765748136849417
9.72424605975019 22.062935226190277 -1.8701169475703856
10.116032166268914 20.35163316889865 -2.828213453903826
10.551161642469438 18.699988142009346 -1.7876698247881144
10.594505012151233 18.759645172411673 0.21097031066103722
10.202718905632508 20.4709472297033 1.1690668169944776
9.767589429431986 22.1225922565926 0.12852318787876615
13.446302854395416 20.59837931916052 -1.9071198206957938
11.977060563591529 19.619355215383774 -2.8467148904665303
12.063747302955123 19.73866927618842 1.1505653804317737
13.489646224077216 20.658036349562845 0.09152031475335809
11.193488350554075 23.04195932996703 -0.9305218777996491
13.05451674787669 22.30968137645215 -0.9490233143623532
-21.511783102947692 -5.74780625562859 -15.455512956706794
-21.511783102947692 -4.696344031390322 -13.754211340002716
-22.129817091697586 -5.5469948397423625 -12.052909723298633
-22.129817091697586 -7.649919288218898 -15.455512956706793
-24.974799910475273 -4.622603886477283 -13.799785255894314
-23.243291506711483 -4.133742846814669 -12.926347489596475
-24.47935948421127 -7.937968911995284 -12.92634748959647
-25.592833899225166 -6.5247169190675915 -13.799785255894314
-23.243291506711483 -6.236667295291205 -16.328950723004635
-24.974799910475273 -5.674066110715551 -15.501086872598394
18.062206946646736 -4.838673142788134 15.002421599116513
17.987157537795262 -3.8905075680350807 13.243061025190789
18.53202076538906 -4.841869289149488 11.57032824951671
18.682119583092003 -6.7382004386555945 15.089049397368163
21.448800098745966 -3.8186589112647207 13.134118146878548
19.680454113844878 -3.380500452273374 12.308909299071805
20.920279386735412 -7.179555044008296 12.482164895575101
22.068712735191234 -5.718186207132182 13.220745945130195
19.830552931547825 -5.27683160177948 15.827630446923255
21.52384950759744 -4.766824486017773 14.893478720804271
4.588720229506563 22.971085747109537 2.453097238455203
2.9451935023519766 21.83355496927406 2.5226934064930404
1.736445777499605 21.724524475788087 0.9330263692948663
5.023499231808778 23.99958603145904 0.7938340332191914
0.9751727477932186 24.6825976836084 2.567121308830907
1.1384197614953044 22.689310937523494 2.5797054416808924
2.0079777660997338 24.7463115062225 -0.73882096879113
1.4099517500954333 25.711097967957905 0.9078581035948949
4.425473215804478 24.964372493194446 2.440513105605217
2.618699474947805 25.82012846144388 2.497525140793069
-1.0550500131987235 -24.261312623487235 -13.754211340002708
-0.0550500131987226 -23.936392927254328 -12.052909723298628
-1.0550500131987215 -23.61147323102142 -10.351608106594547
-3.0550500131987217 -23.611473231021417 -10.351608106594547
-4.0550500131987235 -23.936392927254325 -12.052909723298626
-3.0550500131987235 -24.261312623487232 -13.754211340002707
-2.055050013198725 -26.927784889805963 -10.306034190702942
-2.0550500131987226 -25.107169212297237 -9.478170340296703
-0.05505001319872438 -25.757008604763055 -12.880773573704866
-1.0550500131987255 -27.252704586038874 -12.007335807407022
-4.055050013198725 -25.75700860476305 -12.880773573704863
-3.055050013198726 -27.25270458603887 -12.00733580740702
-22.119744840775937 -7.636056024151874 15.208888417809208
-22.19479424962741 -6.687890449398822 13.449527843883482
-21.64993102203361 -7.639252170513229 11.776795068209404
-21.030018385588342 -9.53877946638069 11.863422866461054
-20.954968976736872 -10.486945041133744 13.62278344038678
-21.49983220433067 -9.535583320019335 15.295516216060856
-24.491660946539046 -9.610628123151052 11.97236574477329
-22.79836437048943 -9.100621007389345 11.038214018654308
-23.888090825677025 -7.197897565160528 14.383679570002464
-25.036524174132843 -8.659266402036643 13.645098520447366
-22.648265552786487 -10.99695215689545 14.556935166505761
-24.416611537687576 -10.558793697904104 13.731726318699016
19.226982810685797 15.43879513079849 -0.8777942878286704
19.151933401834327 13.441142658891506 -0.81653918424567
18.46188972005696 12.417638866044733 -2.390159120338055
17.846895447131065 13.391787545104942 -4.025034160013442
17.921944855982538 15.389440017011925 -4.086289263596445
18.611988537759906 16.4129438098587 -2.512669327504059
21.304780712691024 13.257042902904873 -4.18274710057864
19.53831337548531 12.325588988051415 -4.0732630785045405
20.91840073904004 14.372596573744962 -0.9260232063197675
21.994824394468388 14.280546695751646 -2.609127164486253
19.688412193188253 16.32089393186538 -4.195773285670544
21.379830121542494 15.254695374811856 -4.2440022041616405
-13.461938383948459 10.118937397559694 -17.55843740518333
-15.079972372698352 9.593206285440559 -16.506975180945062
-16.220234463362548 11.015162121803337 -19.4527932276051
-15.150103418030449 9.615993243386363 -18.505615316394216
-17.15010341803045 12.368757084328706 -16.402690867917677
-17.22023446336255 12.391544042274509 -18.401331003366828
-13.914035440530663 13.420219308566978 -18.505615316394216
-15.602200474612658 12.917275154393645 -19.4527932276051
10.940407660194456 12.305415465133656 14.729972482623053
12.431119645194316 11.604440648974816 13.595771404820335
13.890433170817907 13.465533112116093 16.12692507016165
12.731158280672833 11.943668257377247 15.543822083554787
14.449630790005944 14.308942750050072 12.813926699299612
14.749669425484463 14.648170358452505 14.761977378034064
11.46820682000622 15.710892382367758 15.08232885490505
13.258957440484599 15.349145174611348 15.896178455836782
10.16466695095484 -13.421905504677099 -21.717099300356818
10.270713834002738 -12.371922406125947 -20.018190959288134
7.340218665503034 -15.044361680713806 -20.538062473260783
8.699419366704987 -14.758125141971028 -21.977035057343144
7.340218665503032 -11.641758447305648 -22.64098692173732
8.699419366704987 -13.056823525266948 -23.028497281581412
-14.957588430020007 6.825015034653816 22.017949989877692
-14.066808898008889 7.14704579163799 20.256471060992574
-15.674151417010837 3.57368731511585 21.06118170766991
-15.76125968952098 5.0383357963927455 22.420305313216357
-12.351396700147454 4.744463600158765 22.955537530091675
-14.099882331089287 5.623723938914203 23.36748322442724
15.401683076550261 -8.500570096570925 -17.558437405183327
14.783649087800368 -6.598457063980619 -17.558437405183327
15.783649087800368 -5.222075143509444 -16.506975180945062
17.019717065300156 -9.02630120869006 -16.50697518094506
17.541945167214458 -5.702232339736977 -19.4527932276051
15.853780133132465 -5.199288185563644 -18.505615316394213
19.089848110632254 -6.25075040980191 -16.40269086791768
19.159979155964354 -6.227963451856109 -18.40133100336683
17.089848110632254 -9.003514250744258 -18.505615316394213
18.159979155964354 -7.604345372327284 -19.452793227605095
-12.086857058699737 13.063036697047824 17.350366461925056
-10.088735706395111 13.060450960324978 17.263738663673408
-9.136997439596279 14.37040630376746 16.089766232269138
-13.133240144205534 14.375577777213152 16.263021828772434
-10.01043340327139 16.068468965444158 18.980041792553727
-9.050523878680936 14.563167094523145 18.078576328987744
-11.143290049692531 17.1882492548538 15.9038870626825
-11.056816488777187 17.381010045609486 17.892697159401106
-13.046766583290191 14.568338567968834 18.25183192549104
-12.008554755576018 16.071054702167 19.066669590805375
-11.556365574948357 -10.591775348754494 -20.94207858066864
-11.127185968198294 -8.640019004025515 -20.86175401431415
-9.232758777198379 -8.024482296590463 -21.041365204945983
-7.767511192948525 -9.36070193388439 -21.30130096193231
-8.196690799698588 -11.31245827861337 -21.3816255282868
-10.091117990698505 -11.927994986048422 -21.202014337654965
-10.384417993081199 -8.664103429276373 -24.245201320775532
-10.541212177264715 -7.676183044286455 -22.513315384367598
-7.610717008765009 -10.34862231887431 -23.033186898340247
-8.919170408831345 -10.000323066570303 -24.50513707776186
-11.39957139076484 -11.579695733744414 -22.673964517076577
-10.81359759983126 -10.615859774005353 -24.32552588713002
8.360047944112841 -9.334061780258235 21.194058601206546
7.925268941810629 -7.390012342332802 21.016185044827584
6.039605084507484 -6.76241394083446 21.240666811787285
6.9091630891119085 -10.650512816685325 21.59641392454521
7.329780099686877 -7.21138443166895 24.424041425081594
7.4101350195976465 -6.32867366803816 22.631176456765107
4.508365309595781 -8.961575740892341 23.43588710344244
5.878895244685944 -8.527835468096042 24.826396748420258
8.279693024202071 -10.216772543889025 22.986923569523032
7.76455910198909 -9.155433869594383 24.601914981460556
-19.511783102947685 -11.903173329979097 -15.45551295670679
-18.89374911419779 -12.753824138331133 -13.75421134000271
-19.89374911419779 -12.428904442098228 -12.052909723298628
-21.129817091697586 -10.727602825394152 -15.45551295670679
-21.65204519361188 -14.848991376639136 -13.799785255894308
-19.963880159529886 -14.226733161661155 -12.926347489596468
-23.19994813702968 -11.875592152491265 -12.92634748959647
-23.270079182361776 -13.67342087205419 -13.799785255894308
-21.19994813702968 -12.52543154495708 -16.32895072300463
-22.270079182361776 -13.998340568287098 -15.50108687259839
16.072043673685478 -10.980501123885901 15.456010639503281
15.38199999190811 -11.93026477181963 13.836816787519293
16.30695058305664 -11.70864172507194 12.077456213593566
17.687037946611373 -9.80911442920448 15.315843917561546
18.142387897465824 -14.022552858442777 13.887700708609884
16.417172103798286 -13.451290639098069 13.052661822072594
19.647160649650075 -11.108517249735224 12.77232837818912
19.757382170391722 -12.851166163761354 13.747533986668149
17.79725946735302 -11.55176334323061 16.291049526040574
18.832431579243192 -13.072789210509047 15.506894560593874
-10.711420294166945 -12.831411173907682 20.122780826393278
-10.358777405580254 -13.737762425253308 18.37516233189471
-8.485933517810292 -14.20339481040628 17.85014589982858
-6.965732518627023 -13.762675944213624 19.072747962261015
-7.318375407213716 -12.856324692867997 20.820366456759587
-9.191219294983679 -12.390692307715025 21.345382888825718
-9.54633617379456 -16.657341802236804 20.053255150062764
-9.77623534539406 -15.65072773941787 18.340399493729453
-6.735833347027522 -14.769290007032561 20.78560361859433
-8.02613517461129 -16.21662293604415 21.275857212495204
-10.481521122567445 -13.838025236726613 21.835636482726592
-9.898979062381251 -15.750990550891174 21.800873644561335
8.27336120474926 23.011547569128155 -2.867647779351965
7.7684511571149475 21.886520181919806 -4.4422522445523756
5.855999624161501 21.76976216805165 -5.015747406085213
6.865819719430125 24.01981694246835 -1.8665384756843921
7.0967518380111 24.749820038591025 -6.27264399374215
7.180146473745867 22.75565641665124 -6.144750351747468
4.365063503107599 24.77219516333163 -4.142531744412322
5.6892103526919655 25.75808941193122 -5.271534690074576
8.18996656901449 25.005711191067938 -2.995541421346646
7.601661885645412 25.874847425799373 -4.698039528541739
-12.188277923668409 22.899967826824355 -1.4198969542805067
-12.748383246658227 21.225026900699806 -2.3584356701316502
-13.265145199966245 19.609743004977584 -1.2983342505336424
-13.22180183028445 19.669400035379905 0.7003058849155094
-12.661696507294634 21.344340961504454 1.6388446007666535
-12.144934553986612 22.95962485722668 0.5787431811686453
-16.009552624179232 21.723558295977156 -1.3019127224196372
-14.659020596913638 20.636822135276205 -2.2994435542012153
-14.572333857550046 20.756136196080853 1.6978367166970885
-15.966209254497434 21.783215326379477 0.696727413029515
-13.538809950934002 23.986703987525303 -0.4223661224989278
-15.449447301189414 23.398499222101705 -0.36337400656849284
1.1810179643010679 -22.23509131055025 -15.455512956706793
2.1810179643010676 -21.910171614317342 -13.754211340002712
1.5629839755511732 -22.76082242266938 -12.052909723298631
-0.43701602444882837 -23.410661815135192 -15.455512956706789
3.321280054965262 -25.180909357210286 -13.799785255894314
3.2511490096331648 -23.38308063764736 -12.926347489596472
0.015081032133373862 -25.73422164681725 -12.92634748959647
1.7032460662153663 -26.35647986179523 -13.799785255894312
1.2511490096331646 -24.03292003011317 -16.328950723004635
2.321280054965261 -25.505829053443193 -15.501086872598393
-20.814706886072678 -4.788363153531362 16.68791554785146
-20.889756294924144 -3.8401975787783087 14.928554973925737
-21.579799976701512 -4.789961226712038 13.309361121941746
-21.429701158998572 -6.6862923762181445 16.828082269793196
-24.347641560484103 -3.759394472276889 15.119605616958063
-22.65622363212986 -3.325713238151072 14.144400008479037
-23.88621217798165 -7.121571683524639 14.424733452362508
-24.96263583341 -5.657323694963672 15.2597723388998
-22.50612481442692 -5.222044387657179 17.66312115633049
-24.272592151632633 -4.707560047029942 16.878966190883787
18.062206946646732 15.582494222729618 2.381446077276398
17.987157537795262 13.584841750822633 2.4427011808593995
18.53202076538906 12.51416596890358 0.8437085500983654
18.682119583092 16.509470912717546 0.7211983429323623
21.448800098745966 13.455268582068259 2.458243836797498
19.680454113844878 12.521228930491954 2.4811000606199496
20.920279386735412 14.375182310467812 -0.8393954080681219
22.068712735191234 14.382245272056188 0.7979961024534623
19.83055293154782 16.51653387430592 2.358589853453946
21.523849507597436 15.452921053975242 2.3969887332144957
-1.0550500131987133 -1.4521517633595882 -27.85104800642539
-0.05505001319871372 -0.07576984288841404 -26.799585782187123
-1.0550500131987137 1.3006120775827594 -25.74812355794886
-3.0550500131987137 1.3006120775827588 -25.74812355794886
-4.055050013198714 -0.07576984288841548 -26.799585782187123
-3.0550500131987133 -1.4521517633595886 -27.85104800642539
-2.0550500131987137 2.8244742878800198 -28.69394160460889
-2.0550500131987137 2.750734142966976 -26.69530146915974
-0.05505001319871328 -0.002029697975371003 -28.798225917636273
-1.0550500131987128 1.448092367408845 -29.74540382884716
-4.055050013198713 -0.0020296979753723354 -28.798225917636277
-3.0550500131987137 1.4480923674088446 -29.74540382884716
-0.4269437735271675 -23.396798551068184 15.20888841780921
0.4980068176213608 -23.175175504320496 13.449527843883484
-0.5751639435347374 -22.950966720849955 11.776795068209406
-2.573285295839365 -22.94838098412711 11.863422866461054
-3.498235886987893 -23.170004030874797 13.622783440386781
-2.425065125831795 -23.394212814345337 15.295516216060859
-1.5719110492624908 -26.262801154768972 11.972365744773294
-1.6101228769766636 -24.494779546074195 11.038214018654312
0.5362186453355335 -24.943197113015273 14.383679570002466
-0.49874028810639226 -26.487009938239513 13.645098520447371
-3.460024059273721 -24.938025639569577 14.556935166505763
-2.4968616404110193 -26.484424201516664 13.73172631869902
-22.119744840775923 17.018191415772318 -0.028274467114012936
-22.194794249627392 15.020538943865335 0.03298063646898708
-21.649931022033595 13.949863161946281 -1.5660119942920472
-21.030018385588328 14.87683985193421 -3.226259728636082
-20.95496897673686 16.874492323841192 -3.287514832219083
-21.499832204330655 17.945168105760246 -1.6885222014580483
-24.49166094653903 15.006413020688584 -3.2418023845741812
-22.798364370489416 13.942800200357905 -3.2034035048136316
-23.88809082567701 16.08415176419601 -0.0054182432915621526
-25.03652417413283 16.077088802607637 -1.6428097538131465
-22.648265552786476 17.938105144171875 -3.3259137119796334
-24.41661153768756 17.00406549259557 -3.303057488157183
13.783649087800368 -9.676140601155868 -17.55843740518333
13.783649087800367 -11.377442217859949 -16.506975180945062
15.488369815913856 -12.022487390783729 -19.452793227605095
13.826992457482165 -11.437099248262271 -18.505615316394213
17.063060434981953 -12.48856147250054 -16.402690867917677
17.10640380466375 -12.548218502902863 -18.40133100336683
17.063060434981953 -9.085958239092381 -18.505615316394213
17.10640380466375 -10.846916886198784 -19.4527932276051
-12.70185133162563 11.165107474361038 17.4905331838668
-14.363228690057321 10.579719331839582 16.543355272655916
-15.376663241343252 12.17623830042045 19.445781429032916
-14.346754422947386 10.721708276047352 18.538240667420727
-16.43952059395898 13.346790436378008 16.363551401115483
-16.42304632684905 13.488779380585775 18.358436795880294
-13.1167658770956 14.517566721420922 18.257907223537256
-14.761668968417359 14.074167523107233 19.30561470709118
-14.274766977352263 -13.421905504677094 -21.717099300356825
-14.38081386040016 -12.371922406125945 -20.01819095928814
-11.450318691900454 -15.0443616807138 -20.53806247326079
-12.80951939310241 -14.758125141971021 -21.977035057343148
-11.450318691900456 -11.641758447305643 -22.640986921737326
-12.80951939310241 -13.05682352526694 -23.02849728158142
11.113124042262188 -12.116466311858977 22.01794998987768
11.144127478506649 -11.169771656737918 20.256471060992563
8.242357768504784 -13.802673729592101 21.061181707669896
9.662239187261255 -13.432917348286068 22.420305313216346
8.32904450786838 -10.280756435379294 22.955537530091664
9.705582556943051 -11.671958701179664 23.36748322442723
-19.511783102947692 -8.500570096570938 -17.558437405183327
-18.8937491141978 -6.598457063980631 -17.55843740518333
-19.8937491141978 -5.222075143509458 -16.506975180945062
-21.129817091697586 -9.026301208690075 -16.50697518094506
-21.65204519361189 -5.702232339736993 -19.4527932276051
-19.9638801595299 -5.199288185563658 -18.505615316394216
-23.199948137029686 -6.250750409801927 -16.40269086791768
-23.270079182361787 -6.2279634518561275 -18.40133100336683
-21.199948137029683 -9.003514250744274 -18.505615316394213
-22.270079182361783 -7.604345372327301 -19.452793227605095
16.15873041304907 -7.458583829673097 17.350366461925052
15.538817776603805 -5.559056533805636 17.263738663673404
16.490556043402634 -4.249101190363155 16.089766232269135
17.730381316293172 -8.048155782098078 16.26302182877243
18.37541615914162 -4.555057935211249 18.98004179255372
16.647160649650075 -4.107293586574712 18.078576328987737
19.790462456138275 -5.286437491424672 15.903887062682493
19.94706706238572 -5.144629887636229 17.8926971594011
17.886985922540614 -7.906348178309634 18.251831925491036
18.99532879558689 -6.45458523107871 19.06666959080537
-10.624733554803353 -9.30949387969488 22.01713664881505
-10.201959620884562 -7.366554187239317 21.80208420804882
-8.302328057464297 -6.743854275697502 21.862455918504146
-6.825470427962825 -8.06409405661125 22.137880069725703
-7.248244361881616 -10.007033749066812 22.35293251049193
-9.14787592530188 -10.629733660608625 22.292560800036604
-9.313307912118768 -7.189846879005282 25.145596234006607
-9.546246799542269 -6.306730686894518 23.3663140006446
-6.5925315405393246 -8.947210248722012 23.917162303087707
-7.836450282617296 -8.510086659919029 25.42102038522816
-10.391794667379852 -10.192610071805644 23.796418882177058
-9.73608184603756 -9.132786571460846 25.360648674772833
8.360047944112852 23.130861629932802 1.129632491546338
7.925268941810638 22.102361345583297 2.7888956967823497
6.039605084507493 22.022473404171667 3.450628070236782
6.909163089111921 24.079473972870673 0.13210165976475885
7.329780099686889 25.07055592492041 4.472705061912469
7.410135019597655 23.072208493077103 4.460431981965414
4.508365309595796 24.969433178952844 2.4653703184022566
5.878895244685959 26.019168267858284 3.47517423013089
8.279693024202084 25.12920906177611 1.1419055714933917
7.764559101989104 26.099056209269914 2.813441856676458
-5.291117990698512 -22.235091310550242 -15.455512956706787
-6.2911179906985115 -21.910171614317335 -13.754211340002707
-5.6730840019486175 -22.760822422669374 -12.052909723298626
-3.6730840019486184 -23.410661815135192 -15.455512956706787
-7.431380081362712 -25.18090935721028 -13.799785255894307
-7.36124903603061 -23.383080637647353 -12.926347489596466
-4.125181058530822 -25.734221646817247 -12.926347489596466
-5.813346092612817 -26.356479861795226 -13.799785255894307
-5.361249036030613 -24.032920030113168 -16.328950723004628
-6.431380081362711 -25.505829053443186 -15.501086872598387
-18.808627454424677 -10.935362608074822 16.968248991734935
-18.26376422683088 -11.88672432918923 15.295516216060857
-19.33693498798698 -11.662515545718692 13.62278344038678
-20.426661443174574 -9.759792103489875 16.968248991734935
-21.014786613528603 -13.971880188347352 15.585345253437243
-19.366843806382843 -13.404983119325495 14.604064346912013
-22.602911783882632 -11.053842110155601 14.604064346912011
-22.6328206022785 -12.796309683762406 15.585345253437243
-20.456570261570437 -11.50225967709668 17.949529898260167
-21.5596498411224 -13.020518467232945 17.25807802911132
16.072043673685474 18.73490556836008 -2.909120685830822
15.38199999190811 17.711401775513306 -4.4827406219232095
16.306950583056636 16.038668999839228 -5.07132491080602
17.687037946611373 18.085676585532777 -1.9240850386212478
18.142387897465824 18.69261341616189 -6.331383996700078
16.417172103798283 17.69025569941421 -6.193872277357836
19.647160649650072 16.391797733759603 -4.2238009829386876
19.75738217039172 18.043384433334584 -5.346348349490503
17.797259467353015 19.73726328510776 -3.0466324051730638
18.83243157924319 19.716117209008665 -4.757764060607692
-10.711420294166938 23.736743856079496 -2.4775818880142206
-10.358777405580247 22.578958957005803 -4.069805842301479
-8.485933517810286 22.317607117589574 -4.721074594873299
-6.965732518627015 23.214040177247043 -3.7801193931578587
-7.318375407213707 24.371825076320736 -2.187895438870601
-9.191219294983668 24.63317691573696 -1.5366266862987819
-9.546336173794552 25.385566393125305 -5.93069110056252
-9.776235345394053 23.403370225528707 -5.796360448575629
-6.735833347027514 25.19623634484364 -3.914450045144751
-8.026135174611282 26.28199945278277 -4.98973589884708
-10.481521122567434 25.718940023676094 -2.611912540001111
-9.898979062381242 26.543351292199 -4.338467146275261
25.5455486352292 -4.5152619125929645 -1.4198969542805107
24.125667216472728 -5.5655389405806295 -2.358435670131654
22.749129167398053 -6.55615893816597 -1.2983342505336455
22.79247253707985 -6.496501907763646 0.7003058849155064
24.21235395583632 -5.446224879775981 1.63884460076665
25.588892004910992 -4.45560488219064 0.5787431811686413
25.60755550771812 -8.513040654444037 -1.3019127224196378
24.15667065271719 -7.564428311506167 -2.2994435542012175
24.24335739208078 -7.445114250701518 1.6978367166970862
25.650898877399914 -8.453383624041713 0.6967274130295142
26.996433490230128 -5.463874255530836 -0.4223661224989306
27.02743692647459 -7.462763626456372 -0.3633740065684941
1.1810179643010776 -3.879995908069028 -26.799585782187123
2.181017964301077 -2.503613987597854 -25.748123557948855
1.5629839755511818 -0.6015009550075467 -25.748123557948855
-0.43701602444881726 -3.354264795949895 -27.85104800642539
3.321280054965275 -1.0816581512350767 -28.693941604608888
3.251149009633176 -1.1044451091808782 -26.695301469159737
0.01508103213338563 -0.05298288494261216 -28.798225917636273
1.703246066215379 -0.5559270391159434 -29.74540382884716
1.2511490096331765 -3.8572089501232263 -28.798225917636273
2.3212800549652752 -2.4580400717062507 -29.745403828847156
1.878094181176094 -21.27564820845303 16.68791554785146
2.803044772324623 -21.05402516170534 14.928554973925735
2.113001090547257 -22.00378880963907 13.309361121941745
0.26309990825019836 -22.44703490313445 16.828082269793196
3.9484384049564407 -24.31769994300991 15.119605616958061
3.8382168842147966 -22.575051028983776 14.144400008479037
0.6082283383630052 -24.917824418346623 14.424733452362508
2.333444132030545 -25.48908663769133 15.2597723388998
1.9883157019177398 -23.01829712247916 17.66312115633049
3.023487813807912 -24.5393229897576 16.878966190883787
-20.814706886072667 17.06754652955888 3.1802205086537616
-20.889756294924137 15.069894057651897 3.241475612236762
-21.5797999767015 14.046390264805122 1.6678556761443748
-21.42970115899856 18.04169520861909 1.545345468978374
-24.347641560484092 15.204638699851962 3.3991885528019585
-22.65622363212985 14.138440142798437 3.3509596343108603
-23.88621217798164 16.086737500918858 0.08120955496008597
-24.96263583340999 16.178787378912173 1.764313513126571
-22.50612481442691 18.133745086612404 3.228449427144859
-24.272592151632626 17.202291171758944 3.337933449218958
0.15415594540881217 0.2121774561938321 27.907596940653438
1.1058942122076427 1.5221327996363134 26.733624509249168
0.05951112670184722 2.834673879801641 25.64627987609655
-1.9386102256027802 2.837259616524485 25.732907674348198
-2.8903484924016114 1.5273042730820037 26.906880105752464
-1.843965406895815 0.21476319291667778 27.994224738905086
-0.8139248369732645 4.532736541478337 28.536555436381136
-0.9003983978886068 4.339975750722653 26.547745339662534
1.1923677731229854 1.7148935903919986 28.722434605967774
0.23245824853253172 3.2201954613130104 29.623900069533757
-2.8038749314862685 1.7200650638376889 28.89569020247107
-1.7656631037720956 3.2227811980358556 29.710527867785405
-0.42694377352716684 24.06660974898366 -14.125111133536683
0.4980068176213617 22.393876973309585 -14.713695422419498
-0.5751639435347358 20.797470079271395 -15.261225828942264
-2.573285295839363 20.873795960907284 -15.220171946582216
-3.4982358869878922 22.546528736581358 -14.631587657699402
-2.425065125831794 24.142935630619547 -14.084057251176638
-1.5719110492624897 22.453491195045874 -18.135958733288753
-1.6101228769766618 20.82727719013954 -16.97235748437689
0.5362186453355344 24.02009097821592 -15.877296671331358
-0.4987402881063916 24.049898089084063 -17.588428326765985
-3.460024059273719 24.172742741487696 -15.795188906611264
-2.4968616404110184 24.126223970719952 -17.547374444405936
23.020638908565836 -15.778217108606563 -0.02827446711401871
21.143950050618475 -16.466901900613237 0.03298063646898175
19.957304874448482 -16.279563189599216 -1.566011994292052
20.647348556225847 -15.403539686578528 -3.2262597286360877
22.524037414173208 -14.714854894571861 -3.287514832219089
23.710682590343204 -14.902193605585879 -1.688522201458055
21.84028634249209 -18.655717090095226 -3.2418023845741883
20.30547302038529 -17.373970784340212 -3.203403504813638
22.678763372725275 -17.748648206368248 -0.005418243291568814
23.02693151866208 -18.843055801109244 -1.642809753813154
24.058850736280007 -15.996601200326872 -3.3259137119796414
23.716975200439446 -17.967032298088554 -3.30305748815719
-17.893749114197796 -9.676140601155879 -17.558437405183327
-17.893749114197796 -11.37744221785996 -16.50697518094506
-19.59846984231128 -12.022487390783743 -19.452793227605095
-17.937092483879592 -11.437099248262284 -18.50561531639421
-21.17316046137938 -12.488561472500553 -16.402690867917674
-21.21650383106118 -12.548218502902879 -18.401331003366824
-21.173160461379382 -9.085958239092395 -18.505615316394213
-21.21650383106118 -10.846916886198798 -19.452793227605095
14.54373614012318 -8.629970524354519 17.490533183866788
14.500392770441382 -10.390929171460922 16.5433552726559
16.331941037933138 -10.861411212166614 19.445781429032902
14.63034145256521 -10.331384215601277 18.538240667420713
17.773643259053408 -11.510528120451239 16.36355140111547
17.903591941177236 -11.450983164591594 18.35843679588028
17.860329998417 -7.988610826238434 18.25790722353724
17.946935310859033 -9.690024517485192 19.305614707091166
-13.303353342932098 -12.084869340961989 23.076517165740622
-13.484244448050994 -11.13790047652109 21.324224844845396
-10.530529189048048 -13.778380038348583 21.8750731472885
-11.826495713430624 -13.405109121875736 23.351941316962172
-10.443842449684457 -10.256462744135778 23.769428969710273
-11.783152343748828 -11.644150474769335 24.299119228173062
11.1131240422622 25.112101625103485 -0.9905703476496761
11.144127478506661 23.11321225417795 -0.9315782317192413
8.2423577685048 25.01043694005369 -2.9266398952824
9.66223918726127 26.060713968041355 -1.9881011794312553
8.32904450786839 25.129751000858338 1.070640375615904
9.705582556943066 26.12037099844368 0.01053895601789645
-2.0550500131987235 -21.18362908631198 -17.558437405183327
-0.4370160244488271 -20.008058581727035 -17.558437405183327
1.1810179643010668 -20.533789693846167 -16.50697518094506
-2.0550500131987244 -22.884930703016057 -16.50697518094506
1.267704703664659 -22.354405371354897 -19.452793227605095
1.224361333982863 -20.593446724248494 -18.505615316394213
1.2243613339828616 -23.99604995765665 -16.402690867917677
1.2677047036646574 -24.055706988058976 -18.401331003366828
-2.011706643516928 -22.944587733418384 -18.50561531639421
-0.35032928508523675 -23.52997587593984 -19.452793227605095
-18.721940715061084 -7.413445313862015 18.862604814156704
-18.10694644213519 -5.515516091175233 18.722438092214972
-19.153329527640985 -4.2029750110099044 17.635093459062347
-20.383318073492777 -7.998833456383472 17.915426902945818
-20.781758351852815 -4.504385265115821 20.677686337381083
-19.136855260531053 -4.060986066802135 19.629978853827158
-22.459609977394436 -5.231762351845047 17.73562303140539
-22.44313571028451 -5.089773407637278 19.730508426170196
-20.366843806382846 -7.856844512175702 19.91031229771063
-21.39675262477871 -6.402314487802605 20.817853059322818
16.15873041304907 18.854219629164724 1.088159585067483
15.538817776603803 17.927242939176796 2.748407319411518
16.490556043402634 16.29138023595924 3.3950505655159766
17.73038131629317 18.1453336159351 0.07455509682790584
18.375416159141615 19.013349302491275 4.413965058954542
16.647160649650075 18.006807775840073 4.411310056355047
19.790462456138272 16.58903574938082 2.384101079875894
19.947067062385713 18.304463289261648 3.400360570714965
17.88698592254061 19.86076115581593 1.090814587666978
18.995328795586882 19.940325992479202 2.7537173246105078
-10.62473355480334 23.85605791688414 1.5196983828840842
-10.20195962088455 22.79480012066929 3.161342099033247
-8.302328057464287 22.570318353709585 3.745300881448697
-6.825470427962814 23.40709438296473 2.6876159477149844
-7.2482443618816035 24.46835217917958 1.0459722315658213
-9.147875925301868 24.692833946139285 0.46201344915037135
-9.313307912118754 25.706302279454682 4.814657955092103
-9.546246799542255 23.71992230195456 4.808821885137256
-6.592531540539312 25.39347436046485 2.6934520176698307
-7.836450282617282 26.543078308709827 3.75697302135839
-10.391794667379838 25.84243789438426 1.5255344528389307
-9.736081846037546 26.767560075669532 3.1730142389429403
-5.291117990698502 -3.87999590806903 -26.799585782187123
-6.291117990698502 -2.503613987597857 -25.74812355794886
-5.673084001948608 -0.6015009550075499 -25.74812355794886
-3.673084001948607 -3.354264795949896 -27.85104800642539
-7.431380081362699 -1.081658151235082 -28.69394160460889
-7.3612490360306 -1.1044451091808827 -26.69530146915974
-4.125181058530812 -0.052982884942614605 -28.798225917636277
-5.813346092612805 -0.5559270391159485 -29.745403828847163
-5.361249036030601 -3.85720895012323 -28.798225917636277
-6.431380081362699 -2.458040071706255 -29.74540382884716
-4.587962342175486 -21.26728058864598 16.968248991734935
-5.661133103331585 -21.043071805175444 15.295516216060857
-5.11626987573779 -21.99443352628985 13.62278344038678
-2.9699283534255905 -22.442851093230924 16.96824899173493
-6.794121501279411 -24.30379816891851 15.585345253437248
-6.764212682883548 -22.561330595311706 14.604064346912015
-3.528144705383757 -24.9124716044816 14.604064346912013
-5.1760875125295165 -25.47936867350346 15.585345253437248
-4.617871160571349 -23.009748162252784 17.949529898260167
-5.720950740123311 -24.52800695238905 17.258078029111324
-18.80862745442466 20.067306111917567 -2.1924540191735495
-18.26376422683086 18.996630329998514 -3.791446649934584
-19.33693498798696 17.400223435960324 -4.338977056457351
-20.426661443174556 19.541574999798435 -1.1409917949352821
-21.014786613528585 20.18837135072119 -5.526851261953014
-19.366843806382825 19.057162949400325 -5.4586452713243165
-22.602911783882615 18.005700725162058 -3.3557208228477817
-22.63282060227848 19.66264023860206 -4.475389037714747
-20.45657026157042 21.198514513238436 -2.2606600098022467
-21.559649841122383 21.259047132640248 -3.9278586311919796
25.884995824743637 -2.8521088268899484 -2.477581888014223
24.674904306492714 -2.874500719418882 -4.0698058423014825
23.847603347438024 -1.1740824958424758 -4.7210745948733015
24.230393906634255 0.5487276202628639 -3.780119393157861
25.44048542488518 0.5711195127917972 -2.1878954388706022
26.267786383939868 -1.1292987107846089 -1.5366266862987832
27.09308844974391 -1.2345337975222104 -5.930691100562521
25.27895061899285 -2.065713204735013 -5.796360448575631
26.044531737385313 1.3799070274756664 -3.914450045144751
27.47587900894014 0.4882763185831287 -4.98973589884708
27.69913365549469 -2.020929419677146 -2.6119125400011116
28.30317996799483 -1.2121419049932767 -4.338467146275262
-29.773959509209767 -3.7872473658949817 -0.24194467341891046
-28.423427481944177 -4.873983526595935 -1.2394755052004895
-27.02955208499679 -5.901062656894564 -0.23836620153291654
-26.986208715314994 -5.841405626492243 1.7602739339162357
-28.336740742580584 -4.754669465791292 2.7578047656978155
-29.73061613952797 -3.727590335492661 1.756695462030242
-29.936024310769955 -7.782077284741612 -0.11918914571004968
-28.504459882724273 -6.871398486019251 -1.178097741346059
-28.417773143360677 -6.752084425214607 2.8191825295522457
-29.89268094108816 -7.7224202543392915 1.879450989739103
-31.205523937255457 -4.697926164617347 0.8169639222170997
-31.28655633803555 -6.695341124040662 0.8783416860715302
2.34571948509818 -2.2769217920986096 26.906880105752467
3.2974577518970114 -0.9669664486561281 25.732907674348198
2.677545115451743 0.9325608472113327 25.64627987609655
0.7740685818540811 -1.6873498396736293 27.994224738905086
4.562405231190722 0.6266041023632402 28.53655543638114
4.405800624943282 0.4847964985747959 26.547745339662534
1.2624988184550838 1.6639404034247562 28.722434605967774
2.9907543279466235 1.2161760547882199 29.623900069533757
2.5023240913456206 -2.135114188310166 28.895690202471073
3.6106669643918927 -0.6833512410792406 29.71052786778541
1.8780941811760958 24.44088455900313 -11.566455550234728
2.8030447723246246 22.768151783329053 -12.15503983911754
2.113001090547258 21.744647990482278 -13.728659775209925
0.263099908250201 25.090113541830434 -12.5514911974443
3.9484384049564416 24.39859240680494 -14.98871886110398
3.8382168842147975 22.747005707229956 -13.866171494552168
0.6082283383630076 24.045463672884566 -15.836242788971314
2.333444132030547 25.047821389632244 -15.973754508313554
1.9883157019177402 26.09247125857811 -12.689002916786542
3.0234878138079133 26.07132518247902 -14.400134572221168
22.664299504837405 -14.521800688854173 3.180220508653756
20.787610646890045 -15.210485480860843 3.2414756122367567
20.027435919780583 -16.183036086740376 1.6678556761443706
23.7808136356753 -14.805666502727036 1.545345468978368
21.98430572854703 -18.457491410931848 3.399188552801954
20.447613758744858 -17.17833084189968 3.350959634310856
22.68064202042065 -17.746062469645405 0.08120955496008064
23.100819859384927 -18.74135722480471 1.7643135131265661
24.20099147463958 -15.800961257886339 3.228449427144854
23.860994586494392 -17.768806618925176 3.3379334492189523
0.15415594540881694 24.866424896118023 12.670434055730196
1.1058942122076472 23.230562192900464 13.317077301834656
0.05951112670185088 21.671025371318798 14.004774430299157
-1.9386102256027762 21.747351252954687 14.045828312659202
-2.8903484924016065 23.38321395617224 13.399185066554743
-1.84396540689581 24.94275077775391 12.711487938090242
-0.8139248369732611 23.496769713607186 16.816138372225012
-0.9003983978886034 21.80412913167216 15.754304965494336
1.19236777312299 24.92320277483549 14.378910708565332
0.2324582485325356 25.056306535188853 16.12844124376051
-2.803874931486264 25.07585453810727 14.461018473285417
-1.7656631037720916 25.13263241682474 16.169495126120555
23.020638908565836 7.030943751521087 -14.12511113353669
21.143950050618475 7.393721183752682 -14.713695422419505
19.95730487444848 5.879758278062619 -15.26122582894227
20.647348556225847 4.003017940140959 -15.220171946582225
22.524037414173208 3.6402405079093634 -14.631587657699415
23.710682590343204 5.154203413599427 -14.084057251176645
21.84028634249209 5.443534115879985 -18.135958733288756
20.305473020385286 4.904664744126269 -16.972357484376897
22.678763372725275 7.932590555506398 -15.877296671331365
23.02693151866208 6.957497021570049 -17.588428326765992
24.058850736280007 4.179109879663079 -15.795188906611276
23.71697520043945 5.08075668364839 -17.54737444440595
-27.489243167799433 -15.113498094699537 1.047263490355785
-25.630412760285612 -15.851342983314908 1.0289758867356897
-24.50838006477055 -15.694386882895296 -0.6191768406340387
-25.24517777676931 -14.79958589386031 -2.249041964383672
-27.104008184283135 -14.061741005244938 -2.2307543607635774
-28.226040879798198 -14.218697105664551 -0.5826016333938487
-26.522827854664488 -18.019249922541697 -2.211976874749285
-24.95458761195999 -16.77834035250869 -2.2396532213765257
-27.198653002990113 -17.092252553347915 1.056652233362931
-27.64486055017955 -18.176206022961306 -0.5638241473795566
-28.672248426987636 -15.302650575277948 -2.203078014136337
-28.381658262178313 -17.281405033926326 -2.1936892711291907
-3.6730840019486166 -20.00805858172703 -17.558437405183323
-5.291117990698512 -20.533789693846163 -16.50697518094505
-5.377804730062108 -22.354405371354886 -19.45279322760509
-5.334461360380309 -20.593446724248487 -18.505615316394206
-5.3344613603803115 -23.99604995765664 -16.40269086791767
-5.37780473006211 -24.05570698805897 -18.40133100336682
-2.0983933828805212 -22.94458773341838 -18.505615316394206
-3.7597707413122134 -23.529975875939837 -19.45279322760509
-17.10390672631119 -8.589015818446962 18.862604814156708
-17.147250095992987 -10.349974465553364 17.91542690294582
-18.721940715061088 -10.816048547270174 20.96552926263324
-17.103906726311187 -10.29031743515104 19.914067038394975
-20.426661443174574 -11.461093720193954 18.019711215973203
-20.38331807349278 -11.40143668979163 20.018351351422353
-20.33997470381098 -7.939176425981148 19.914067038394972
-20.339974703810984 -9.640478042685226 20.96552926263324
14.543736140123173 19.503448611992027 0.10312393785790863
14.500392770441374 19.443791581589707 -1.8955161975912436
16.331941037933127 22.25020642076482 -1.018323690609061
14.630341452565201 21.201442007792075 -0.9501176999803631
17.7736432590534 19.783669981332825 -2.977326676459518
17.903591941177226 21.541320407535196 -2.0319281788486383
17.860329998416994 19.902984042137472 1.019953594438785
17.946935310859022 21.600977437937516 -0.033288043399486655
-13.303353342932088 26.044782295733548 -0.4889035249302568
-13.484244448050983 24.053987046651383 -0.4255577727385251
-10.530529189048039 25.72753910516167 -2.540927640205951
-11.826495713430614 26.881558324988692 -1.5465884586639695
-10.443842449684443 25.846853165966316 1.4563526306923527
-11.783152343748817 26.941215355391016 0.45205167678518215
-2.055050013198713 -6.2311369172389215 -26.79958578218712
-0.43701602444881793 -6.756868029358055 -25.74812355794885
1.1810179643010765 -5.581297524773108 -25.74812355794885
-2.055050013198713 -4.529835300534842 -27.851048006425387
1.2677047036646703 -7.4019132022818335 -28.693941604608884
1.2243613339828736 -7.3422561718795105 -26.695301469159734
1.2243613339828736 -3.9396529384713506 -28.79822591763627
1.2677047036646707 -5.700611585577754 -29.745403828847152
-2.011706643516916 -6.290793947641244 -28.79822591763627
-0.35032928508522415 -6.876182090162701 -29.745403828847152
-1.2652076253121023 -20.096504303603062 18.862604814156708
0.34978664761379336 -18.92511760892164 18.722438092214972
1.9214375508578911 -19.51468956134662 17.63509345906235
-1.3085509949938987 -21.85746295070947 17.91542690294582
2.1379915454237493 -21.156558296733735 20.677686337381086
2.051386232981719 -19.455144605486975 19.62997885382716
1.9646994936181257 -22.977061899699784 17.735623031405392
2.094648175741953 -22.91751694384014 19.7305084261702
-1.1786023128700716 -21.797917994849826 19.910312297710632
0.5229972724978542 -22.32794499141516 20.81785305932282
-18.721940715061077 20.18662017272221 1.8048262517247542
-18.106946442135182 19.212471493662004 3.4397012914001412
-19.153329527640977 17.652934672080335 4.127398419864644
-20.38331807349277 19.601232030200755 0.8576483405138702
-20.781758351852805 20.509107237050575 5.218497793701607
-19.136855260531046 19.373715025826183 5.146537062388568
-22.45960997739443 18.202938740783267 3.2521812399668
-22.443135710284498 19.923719094529115 4.271319882490724
-20.36684380638284 21.322012383946603 1.8767869830377932
-21.396752624778703 21.48325591611078 3.58362275402622
25.971682564107226 -2.732794766085302 1.5196983828840804
24.831722091188404 -2.658659555755391 3.1613420990332433
24.03120880778402 -0.9213712597224629 3.745300881448694
24.370655997298453 0.7417818259805533 2.6876159477149812
25.510616470217276 0.6676466156506418 1.0459722315658175
26.311129753621664 -1.0696416803822857 0.4620134491503678
27.326116711419697 -0.9137979111928287 4.814657955092097
25.508939164844637 -1.7491611283091544 4.8088218851372515
26.18783354387351 1.5771450430968792 2.693452017669826
27.66556390093413 0.7493551745101874 3.7569730213583843
27.788860110682286 -1.8974315489689764 1.5255344528389252
28.46607718433852 -0.9879331215227394 3.1730142389429337
-4.120337038253401 -2.268554172291564 27.18721354963593
-5.166720123759196 -0.9560130921262378 26.099868916483313
-4.551725850833303 0.9419161305605457 25.959702194541578
-2.4589596798217093 -1.6831660297701065 28.134391460846818
-6.180154675045132 0.6405058764546295 29.002295072860313
-6.196628942155062 0.49851693224685867 27.007409678095502
-2.873874225291679 1.6692932172897732 28.90176550051727
-4.5187773166134395 1.2258940189760867 29.949472984071196
-4.103862771143469 -2.1265652280837934 29.182098944400746
-5.133771589539333 -0.672035203710697 30.089639706012935
-4.5879623421754845 24.68788030041947 -11.43360239617734
-5.661133103331582 23.09147340638128 -11.981132802700106
-5.116269875737786 22.020797624462226 -13.58012543346114
-2.9699283534255905 25.213611412538604 -12.485064620415608
-6.794121501279413 24.808945539223096 -14.7679996389568
-6.764212682883546 23.15200602578309 -13.648331424089836
-3.5281447053837587 24.203468250021363 -15.75125587256637
-5.176087512529519 25.334676651342228 -15.819461863195066
-4.617871160571351 26.34481981385947 -12.553270611044303
-5.720950740123315 26.40535243326128 -14.220469232434032
24.897327766513193 -11.686929083191737 -2.192454019173555
23.710682590343197 -11.499590372177718 -3.7914466499345894
22.524037414173204 -13.01355327786778 -4.338977056457356
24.89732776651319 -13.388230699895816 -1.140991794935288
25.694208323233266 -13.747699911223378 -5.52685126195302
24.109122868703235 -12.529975786193539 -5.458645271324321
24.109122868703235 -15.932579019601699 -3.355720822847788
25.694208323233262 -15.449001527927459 -4.475389037714752
26.48241322104322 -12.904653208221575 -2.260660009802253
26.88085349940326 -13.935038622237395 -3.9278586311919854
-30.11424986037923 -2.1151488134994105 -1.2851555379988384
-28.974028836179997 -2.168471236280401 -2.9274261415239784
-28.130754793468423 -0.490038076263498 -3.6142674741798926
-28.42770177495608 1.2417175065343955 -2.658838203310668
-29.567922799155312 1.2950399293153854 -1.0165675997855288
-30.411196841866882 -0.3833932307015173 -0.3297262671296144
-31.425247206498927 -0.46442211295939384 -4.684624219806539
-29.629527509239846 -1.3431078860103927 -4.627160482427828
-30.22342147221516 2.1204032795853935 -2.7163019406893807
-31.722194187986585 1.267333469838499 -3.729194948937315
-31.909969557638306 -1.2364630404484118 -1.342619275377549
-32.56546823069816 -0.41109969017840353 -3.0423536162814
5.5987731920212696 -29.48704200510533 -0.24194467341889636
4.147888337020339 -28.53842966216746 -1.2394755052004767
2.7403468517012017 -27.530160288827265 -0.2383662015329051
2.783690221382996 -27.47050325842494 1.7602739339162472
4.234575076383927 -28.41911560136281 2.757804765697828
5.642116561703064 -29.427384974703006 1.7566954620302562
1.8495449440834393 -30.875645125252316 -0.11918914571003703
2.2732742130514234 -29.232731222240954 -1.1780977413460474
2.359960952415012 -29.113417161436303 2.8191825295522577
1.892888313765233 -30.815988094849992 1.8794509897391154
5.175043923053286 -31.129955908116695 0.8169639222171142
3.3004297990843705 -31.824257468190186 0.8783416860715441
2.3457194850981837 25.084515572876327 9.996581833146582
3.2974577518970136 23.448652869658773 10.64322507925104
2.6775451154517453 22.52167617967084 12.303472813595077
0.7740685818540844 25.793401586105954 11.010186321386158
4.562405231190725 25.243645246202874 13.322387307033642
4.405800624943287 23.528217706322046 12.306127816194572
1.2624988184550883 24.9459897327813 14.333336792673725
2.990754327946628 25.9525312594325 14.335991795273218
2.5023240913456237 26.799943112757155 11.012841323985652
3.6106669643918963 26.87950794942043 12.675744060929183
22.664299504837405 9.338822395511745 -11.566455550234732
20.787610646890045 9.701599827743339 -12.155039839117544
20.02743591978058 8.729049221863807 -13.72865977520993
23.7808136356753 8.003494357400616 -12.551491197444305
21.984305728547035 11.294767766754143 -14.988718861103987
20.44761375874486 10.679572513364539 -13.866171494552171
22.68064202042065 8.008916437142283 -15.83624278897132
23.10081985938493 9.959439728643014 -15.973754508313561
24.20099147463958 9.954017648901347 -12.689002916786547
23.860994586494392 10.931990334522547 -14.400134572221175
-26.96374609361893 -13.868686799527257 4.2369809801092675
-25.10491568610511 -14.60653168814263 4.218693376489172
-24.438249019438445 -15.597859780036453 2.6146908298023837
-28.15590983446609 -14.122170002805712 2.6512660370425736
-26.37880846860954 -17.82102424337832 4.4290140626268535
-24.81244687360041 -16.582700410068163 4.314709917747965
-27.19677435529473 -17.08966681662507 1.143280031614577
-27.5709722094567 -18.074507446656774 2.843299119560159
-28.53010768862806 -15.107010632837419 4.351285124988156
-28.237638876123363 -17.08317935476295 4.447301666246948
23.601738627501813 7.830758898655462 12.670434055730201
21.751837445204753 8.23040640334358 13.31707730183466
20.591979944685065 6.753313570110036 14.004774430299165
21.282023626462433 4.876573232188377 14.045828312659209
23.13192480875949 4.4769257275002605 13.39918506655475
24.29178230927918 5.954018560733802 12.711487938090247
22.598272554781314 6.486812634441311 16.81613837222502
21.015197499473345 5.881516685658902 15.754304965494342
23.334912500512722 8.835702352125988 14.378910708565337
23.758130055301002 7.963905467674854 16.128441243760516
24.714999864067458 5.0822216762826695 14.46101847328543
24.44817373707837 6.087165129753195 16.169495126120562
-27.489243167799398 7.695662765428077 -13.049573176066858
-25.630412760285573 8.009280101050976 -13.71770017215277
-24.508380064770513 6.46493458476651 -14.314390675284233
-25.24517777676928 4.606971732859144 -14.242954182329784
-27.104008184283103 4.293354397236243 -13.574827186243871
-28.226040879798163 5.8376999135207095 -12.978136683112409
-26.52282785466445 6.080001283433477 -17.106133223463825
-24.95458761195995 5.50029517595776 -16.00860720093976
-27.19865300299007 8.588986208526691 -14.815226194676834
-27.64486055017951 7.624346799717942 -16.509442720332363
-28.6722484269876 4.873060504711959 -14.672353208767937
-28.381658262178274 5.766383947810575 -16.43800622737791
-3.6730840019486077 -6.7568680293580545 -25.74812355794886
-5.291117990698503 -5.581297524773109 -25.74812355794886
-5.377804730062093 -7.401913202281835 -28.693941604608895
-5.334461360380298 -7.342256171879512 -26.695301469159745
-5.334461360380297 -3.939652938471353 -28.79822591763628
-5.377804730062092 -5.7006115855777555 -29.745403828847163
-2.0983933828805066 -6.290793947641243 -28.798225917636277
-3.759770741312196 -6.8761820901627 -29.745403828847163
-2.8832416140619967 -18.920933799018126 18.862604814156704
-4.544618972493689 -19.506321941539582 17.915426902945818
-4.501275602811893 -21.14796652784134 20.965529262633236
-4.5012756028118925 -19.446664911137262 19.914067038394972
-4.587962342175486 -22.968582205350067 18.019711215973203
-4.544618972493691 -22.908925174947747 20.018351351422353
-1.2652076253121027 -21.797805920307155 19.91406703839497
-2.8832416140619976 -22.323537032426287 20.965529262633236
-17.10390672631118 20.712351284841343 0.7533640274864869
-17.14725009599298 20.652694254439023 -1.2452761079626655
-18.721940715061077 23.589223406130372 -0.2980981967517785
-17.10390672631118 22.413652901545426 -0.2980981967517795
-20.426661443174563 21.24287661650251 -2.1924540191735473
-20.38331807349277 23.003835263608913 -1.2452761079626624
-20.33997470381097 21.362190677307154 1.8048262517247564
-20.339974703810974 23.063492294011233 0.7533640274864899
28.88102218298682 -4.603960541195075 -0.4889035249302635
27.043561814350795 -5.391187769745528 -0.42555777273853035
27.722456193379664 -2.0648815983394946 -2.5409276402059557
29.220469372501253 -2.940807455492058 -1.546588458663976
27.80914293274326 -1.945567537534848 1.4563526306923478
29.26381274218305 -2.881150425089735 0.4520516767851759
-0.8842690607536106 -4.619695181461455 27.18721354963594
0.6873818424904886 -5.209267133886436 26.09986891648332
2.302376115416383 -4.037880439205011 25.95970219454158
-0.840925691071815 -2.8587365343550517 28.13439146084682
2.518930109982241 -5.679749174592123 29.00229507286032
2.3889814278584147 -5.7392941304517695 27.00740967809551
2.4756681672220067 -2.217376836238962 28.90176550051728
2.5622734796640367 -3.9187905274857195 29.949472984071203
-0.7543203786297836 -4.560150225601809 29.18209894440075
0.9472792067381424 -5.090177222167144 30.08963970601294
-1.265207625312101 25.858656585462377 -9.53924657375557
0.3497866476137946 25.209427602635074 -8.554210926545997
1.9214375508578923 24.50054158940545 -9.567815414785576
-1.3085509949938983 25.798999555060057 -11.53788670920472
2.1379915454237484 27.956185411407866 -9.675658555012964
2.051386232981719 26.25819201560782 -8.622416917174695
1.9646994936181248 26.138877954803174 -12.619697188072998
2.094648175741951 27.89652838100554 -11.674298690462116
-1.178602312870072 27.556649981262424 -10.59248821159384
0.5229972724978529 28.60541439423517 -10.660694202222539
24.984014505876786 -11.567615022387091 1.8048262517247495
23.86750037503889 -11.283749208514228 3.4397012914001373
22.7076428745192 -12.760842041747772 4.127398419864639
24.94067113619499 -13.328573669493492 0.8576483405138648
25.927236584909057 -13.426964024893998 5.2184977937016015
24.339111414555028 -12.213423709767683 5.146537062388562
24.25242467519143 -15.735341003980487 3.2521812399667938
25.883893215227257 -15.187922672000402 4.271319882490717
26.572139676230815 -12.781155337513406 1.8767869830377886
27.043750715746953 -13.710829838766859 3.583622754026214
-30.02756312101563 -1.9958347526947688 2.7121247328994667
-28.8172110514843 -1.9526300726169177 4.3037217998107495
-27.94714933312242 -0.23732684014349387 4.852108002142103
-28.28743968429188 1.4347717122520784 3.808897137562176
-29.497791753823208 1.3915670321742273 2.217300070650893
-30.367853472185082 -0.32373620029919636 1.668913868319538
-31.19221894482313 -0.14368622663002334 6.06072483584808
-29.39953896338805 -1.026555809584545 5.978021851285056
-30.080119665726958 2.3176412952065997 3.891600122125199
-31.532509295992586 1.528412325765549 5.017513971268153
-31.82024310245071 -1.1129651697402472 2.79482771746249
-32.40257101435446 -0.18689090670787412 4.469127768936796
-4.120337038253394 25.33151131429266 10.129434987203968
-5.16672012375919 23.771974492710992 10.817132115668471
-4.551725850833296 22.797825813650782 12.452007155343857
-2.4589596798217035 25.916899456814118 11.07661289841485
-6.180154675045125 25.653998378621022 13.543106529180818
-6.196628942155056 23.933218024875174 12.523967886656898
-2.8738742252916727 25.103994309918086 14.418323709078665
-4.518777316613433 26.239386521142478 14.490284440391704
-4.103862771143463 27.052291668038507 11.14857362972789
-5.133771589539327 27.21353520020269 12.855409400716317
24.8973277665132 3.265563085881329 -11.433602396177347
23.710682590343207 1.7516001801912646 -11.981132802700113
22.524037414173215 1.9389388912052812 -13.580125433461147
24.8973277665132 4.966864702585409 -12.485064620415613
25.694208323233276 1.2047922578496866 -14.767999638956809
24.109122868703246 0.7212147661754442 -13.648331424089843
24.109122868703246 4.123817999583604 -15.751255872566379
25.694208323233276 2.906093874553767 -15.819461863195073
26.48241322104323 3.7491405775555715 -12.553270611044308
26.88085349940327 2.7187551635397504 -14.22046923243404
-29.348073575313244 -10.973049972676007 -1.0373733545006532
-28.22604087979818 -10.816093872256396 -2.685526081870382
-27.104008184283124 -12.360439388540863 -3.282216585001842
-29.34807357531325 -12.67435158938009 0.014088869737613585
-30.340076161782914 -13.010278781006665 -4.333678809240116
-28.722042173033017 -11.834708276421724 -4.333678809240113
-28.722042173033028 -15.237311509829887 -2.23075436076358
-30.34007616178292 -14.711580397710748 -3.2822165850018505
-30.966107564063144 -12.148620477260952 -1.037373354500657
-31.462108857297977 -13.16723488142628 -2.685526081870388
7.2941889176979515 -29.293970492057433 -1.2851555379988242
6.891128606226278 -28.226033391796594 -2.927426141523965
8.226827390113083 -26.90536774808553 -3.614267474179881
9.96558648547156 -26.652639204635307 -2.658838203310658
10.368646796943233 -27.720576304896145 -1.0165675997855175
9.032948013056428 -29.041241948607208 -0.32972626712960107
9.26924376240037 -30.030700457394886 -4.684624219806525
7.878656028577487 -28.594398374465317 -4.627160482427815
11.356174219294443 -28.088941287564875 -2.7163019406893683
11.008002857758848 -29.77797191394466 -3.7291949489373017
8.684776651520835 -30.730272574986998 -1.3426192753775341
9.672304073872043 -31.098637557655724 -3.0423536162813853
5.598773192021264 12.970604181137983 -26.48221309883462
4.147888337020332 11.65415314471089 -26.079857775495952
2.740346851701197 12.098660755390204 -24.730324540946402
2.7836902213829946 13.859619402496605 -23.78314662973552
4.234575076383928 15.176070438923697 -24.185501953074183
5.642116561703062 14.731562828244384 -25.535035187623734
1.8495449440834333 13.701402257049725 -27.66931954608723
2.2732742130514163 12.019552182666763 -26.673410999122257
2.3599609524150127 15.54146947687957 -24.77905517670049
1.8928883137652315 15.46236090415613 -26.722141634876344
5.175043923053282 14.652454255520944 -27.47812164579959
3.300429799084366 15.017853293476817 -28.071674869425898
23.131924808759486 9.982453409384956 9.996581833146587
21.28202362646243 10.382100914073073 10.643225079251046
20.591979944685065 9.506077411052384 12.30347281359508
24.291782309279178 8.70678240167615 11.010186321386165
22.59827255478131 12.139820606152092 13.322387307033647
21.01519749947334 11.460784512456641 12.306127816194577
23.334912500512726 8.90944249703903 14.333336792673732
23.758130055301006 10.864149598443285 14.335991795273223
24.714999864067458 10.661489503080407 11.012841323985661
24.44817373707837 11.740173101463974 12.67574406092919
-26.963746093618898 9.991936284838626 -10.509695078779188
-25.104915686105073 10.305553620461527 -11.1778220748651
-24.43824901943841 9.314225528567704 -12.781824621551891
-28.15590983446606 8.686990857321902 -11.445570629380068
-26.378808468609495 11.93123493430764 -13.95889335127905
-24.812446873600372 11.275202945196032 -12.902421211115032
-27.196774355294693 8.665312090162582 -14.774172312316788
-27.570972209456656 10.626289506790913 -14.894768901879928
-28.53010768862802 10.647968273950232 -11.56616721894321
-28.23763887612332 11.617617598684738 -13.29076635519314
-26.90814344886342 8.495477912562416 13.745972013200022
-25.02252536569929 8.84596532064184 14.313072552101385
-23.87370499453393 7.338489876813897 14.951609583957191
-24.610502706532692 5.480527024906528 15.023046076911637
-26.496120789696818 5.130039616827103 14.455945538010274
-27.64494116086218 6.637515060655048 13.817408506154468
-25.764841642375224 7.123279801994763 17.845963882049936
-24.244863132871895 6.477147117490357 16.718055248931467
-26.54250387520262 9.492098005146245 15.440981185219853
-26.913662013540584 8.630755245822705 17.20742685019413
-28.016099299200146 5.776172301331508 15.583854171128744
-27.65045972553935 6.7727923939153385 17.278863343148572
15.813653521625781 -23.76573326526185 -13.04957317606687
15.537511146710383 -21.900967407070183 -13.717700172152778
13.722024108878355 -21.31107991022302 -14.31439067528424
12.182679445961723 -22.58595827156753 -14.242954182329793
12.458821820877123 -24.450724129759195 -13.574827186243883
14.27430885870915 -25.040611626606356 -12.978136683112421
13.978429385664844 -23.345884539350777 -17.106133223463836
12.942483228355584 -22.033538476363322 -16.00860720093977
16.573457304019644 -23.213313470057642 -14.815226194676848
15.793916423496873 -23.93577203619794 -16.509442720332373
13.494767978186381 -25.763070192746653 -14.67235320876795
14.254571760580243 -25.210650397542445 -16.438006227377926
-2.5456464191853008 -5.205083323982913 26.240035638425052
-4.163680407935196 -4.029512819397967 26.240035638425052
-4.1203370382534015 -5.671157405699724 29.290137998112474
-4.163680407935196 -5.7308144361020465 27.29149786266332
-4.076993668571604 -2.20889714188924 29.18585368508509
-4.076993668571605 -3.910198758593319 30.237315909323357
-0.8409256910718144 -4.560038151059132 29.18585368508509
-2.4589596798217093 -5.085769263178265 30.237315909323357
-2.8832416140619954 25.332925473343252 -8.487784349517302
-4.544618972493688 24.747537330821796 -9.434962260728186
-4.501275602811891 28.209797594632278 -9.539246573755566
-4.501275602811891 26.5084959779282 -8.487784349517302
-4.587962342175486 26.389181917123555 -12.485064620415603
-4.544618972493689 28.150140564229957 -11.537886709204718
-1.2652076253121018 27.559958202166467 -10.590708797993836
-2.883241614061997 28.735528706751413 -10.590708797993834
24.984014505876793 -9.866313405683009 0.7533640274864815
24.940671136194997 -9.925970436085333 -1.2452761079626706
28.220082483376583 -10.516152798148823 -0.2980981967517856
26.602048494626686 -9.340582293563875 -0.29809819675178556
26.51536175526309 -12.862499587776684 -2.192454019173555
28.176739113694783 -12.277111445255228 -1.24527610796267
26.602048494626683 -12.743185526972038 1.8048262517247498
28.22008248337658 -12.217454414852906 0.7533640274864819
-33.067965119382166 -3.788700872009693 0.8302143294685844
-31.250817138711238 -4.624023395150125 0.8157402603148017
-31.93139784105015 -1.2798262903589792 -1.270681468845055
-33.40825547055162 -2.1166023196141204 -0.21299653511134375
-31.844711101686556 -1.160512229554337 2.726598802053249
-33.36491210086982 -2.056945289211799 1.7856436003378087
-0.884269060753605 26.38297353853093 8.026510538727434
0.6873818424904936 25.674087525301303 7.012906050487858
2.302376115416388 25.024858542474 7.997941697697434
-0.8409256910718104 26.44263056893325 10.025150674176587
2.5189301099822443 28.480502364476415 7.890098557470041
2.3889814278584187 26.722851938274047 6.944700059859162
2.4756681672220093 26.84216599907869 10.941980330757465
2.5622734796640394 28.54015939487874 9.888738692919194
-0.7543203786297799 28.140623964733297 8.971909036338314
0.9472792067381457 29.18938837770604 8.90370304570962
24.984014505876786 6.787480380094133 -9.539246573755578
23.86750037503889 8.122808418205262 -8.554210926546002
22.7076428745192 9.398479425914068 -9.567815414785581
24.94067113619499 6.727823349691809 -11.537886709204729
25.92723658490906 10.672287181081213 -9.675658555012973
24.339111414555028 10.065211818698803 -8.622416917174702
24.252424675191435 9.945897757894155 -12.619697188073005
25.88389321522726 10.61263015067889 -11.674298690462127
26.572139676230815 7.394555742476544 -10.592488211593851
27.043750715746953 9.336959142970084 -10.660694202222547
-29.261386835949644 -10.853735911871365 2.9599069163976512
-28.069223095102487 -10.60025270859291 4.545621859464346
-26.920402723937126 -12.10772815242086 5.184158891320153
-29.304730205631444 -12.614694558977767 2.012729005186767
-30.107047900107126 -12.689542894677292 6.411670246414506
-28.492053627181228 -11.518156199995873 6.271503524472772
-28.57874036654483 -15.040073494208679 4.377147702051001
-30.150391269788926 -14.450501541783694 5.464492335203621
-30.876381108875545 -12.025122606552783 3.100073638339386
-31.299211640954283 -12.943026097955745 4.825955303347812
7.380875657061541 -29.174656431252785 2.712124732899479
7.047946390921963 -28.0101922281331 4.303721799810762
8.410432850459067 -26.65265651196551 4.852108002142114
10.105848576135749 -26.459584998917613 3.808897137562185
10.438777842275329 -27.6240492020373 2.217300070650903
9.076291382738225 -28.981584918204888 1.6689138683195504
9.502272024076152 -29.709964571065495 6.060724835848093
8.108644574429269 -28.277846298039453 5.978021851285068
11.499476025782634 -27.891703271943655 3.8916001221252094
11.197687749752836 -29.516893058017594 5.017513971268164
8.774503106708424 -30.606774704278827 2.794827717462504
9.83520129021573 -30.87442877418518 4.4691277689368105
25.364953070435284 3.909194099754541 10.129434987203975
24.205095569915592 2.432101266520998 10.817132115668478
23.088581439077696 2.7159670803938583 12.452007155343868
25.408296440117077 5.6701527468609445 11.07661289841486
26.308175149467555 2.049845097247635 13.543106529180827
24.67670660943173 1.502426765267546 12.523967886656905
24.76339334879532 5.0243440594803515 14.418323709078674
26.35151851914935 3.810803744354039 14.490284440391711
26.99642161047111 4.456612431734632 11.148573629727899
27.468032649987247 3.526937930481179 12.855409400716324
-29.348073575313222 3.9794421963970152 -10.278521731504412
-28.226040879798163 2.435096680112549 -10.875212234635875
-27.104008184283103 2.592052780532164 -12.523364962005607
-29.348073575313222 5.680743813101095 -11.32998395574268
-30.340076161782896 1.9422133880663524 -13.57482718624387
-28.722042173033 1.4164822759472182 -12.523364962005603
-28.722042173033 4.8190855093553795 -14.626289410482139
-30.340076161782896 3.6435150047704337 -14.626289410482137
-30.96610756406312 4.5051733085161505 -11.32998395574268
-31.462108857297952 3.486558904350818 -12.978136683112405
-1.366937193207797 -31.302535536193698 -1.0373733545006378
-1.5643902422899314 -30.186916927227404 -2.685526081870368
-3.37987728012196 -29.597029430380243 -3.2822165850018292
-4.997911268871854 -30.12276054249938 -2.2307543607635614
-4.8004582197897205 -31.238379151465672 -0.5826016333938322
-2.9849711819576914 -31.828266648312834 0.014088869737629572
-2.9979112688718517 -32.87552438344172 -4.333678809240098
-2.3798772801219585 -30.973411350851414 -4.333678809240098
-5.615945257621748 -32.024873575089686 -2.2307543607635627
-4.615945257621748 -33.40125549556086 -3.2822165850018314
-1.9849711819576907 -33.20464856878401 -1.037373354500639
-2.800458219789718 -33.991142992408015 -2.6855260818703695
7.294188917697947 11.951183812372388 -26.776062769370498
6.891128606226271 10.004696339224212 -26.55531653000596
8.226827390113074 8.799747144416852 -25.68124204996641
9.965586485471556 9.541285422757666 -25.0279138092914
10.36864679694323 11.487772895905842 -25.24866004865594
9.032948013056426 12.692722090713204 -26.122734528695485
9.269243762400363 9.240082245122057 -28.95530269477346
7.878656028577479 8.649145555599047 -27.644936492707444
11.356174219294438 10.132222112280676 -26.338280011357423
11.008002857758843 9.981620523462873 -28.30197445409845
8.684776651520831 12.5421205018954 -28.086428971436515
9.672304073872038 11.186569718270235 -29.176048934138
6.723792753861366 14.519060766231117 25.39444683707735
5.258545169611515 13.182841128937188 25.134511080091023
3.793297585361664 13.547923108347339 23.82311309886643
3.7932975853616635 15.249224725051418 22.77165087462816
5.258545169611515 16.58544436234535 23.03158663161449
6.723792753861367 16.2203623829352 24.342984612839082
3.02855962862422 15.324176752821707 26.69715186826683
3.4109286069929414 13.585399122232483 25.785863595685765
3.4109286069929423 16.988002355640642 23.68293914720923
3.02855962862422 17.025478369525786 25.64568964402856
6.341423775492645 16.257838396820343 26.305735109658418
4.493807212874072 16.660396390115636 26.95708762525316
-26.496120789696818 10.635567298711802 11.053342304602117
-24.610502706532692 10.986054706791226 11.62044284350348
-23.873704994533927 10.091253717756246 13.250307967253113
-27.644941160862178 9.390278901597396 12.116106889450387
-25.764841642375224 12.776287773705546 14.35221281685857
-24.244863132871895 12.056414944288099 13.269878099631708
-26.542503875202616 9.565838150059287 15.395407269328249
-26.913662013540584 11.530999376591142 15.41497740170684
-28.016099299200146 11.355440128129251 12.135677021828982
-27.65045972553935 12.425800365626124 13.785112277957209
17.835151889041107 -22.556368307337426 -10.509695078779203
17.55900951412571 -20.69160244914576 -11.17782207486511
16.41018914296035 -20.36390199901214 -12.781824621551898
16.962473892791145 -24.093433715395474 -11.44557062938008
19.498778839883773 -21.40078332759171 -13.958893351279063
18.390822989547043 -20.113809959272903 -12.902421211115042
16.645466997047116 -23.187940775388995 -14.7741723123168
18.62610084363381 -22.937848735649755 -14.894768901879942
18.94310773937784 -23.843341675656237 -11.566167218943223
19.77492121479917 -23.265549185783378 -13.290766355193155
16.39475324056176 -22.965918118127487 13.745972013200031
16.14539854129666 -21.064282187479296 14.31307255210139
14.356699179114935 -20.437524618175612 14.951609583957195
12.817354516198304 -21.712402979520117 15.023046076911644
13.066709215463401 -23.614038910168308 14.455945538010287
14.855408577645127 -24.240796479471992 13.81740850615448
14.736415597954064 -22.302606020789458 17.845963882049944
13.652207707443637 -21.056686534830693 16.718055248931474
17.229606431807092 -22.31020167343806 15.44098118521986
16.52511496013579 -22.92936359009314 17.207426850194135
14.15091710597383 -24.859958396127073 15.583854171128756
14.985770297219162 -24.204241951437645 17.278863343148586
-18.21735591194776 -23.372737699289495 -15.47895134929273
-18.046535518697823 -21.436321981668428 -15.94917955112671
-16.257681136697993 -20.6754767686323 -16.419407752960687
-14.639647147948097 -21.851047273217247 -16.419407752960687
-14.810467541198031 -23.787462990838318 -15.949179551126708
-16.599321923197863 -24.54830820387444 -15.478951349292728
-16.296448625090953 -22.430137255462533 -19.405988349194516
-15.382637689894556 -21.172384405529357 -18.147812151994593
-18.96034645389422 -22.694074831601604 -17.207355748326634
-18.085303007090783 -23.190982468498657 -18.93576014736054
-15.724278476394428 -25.045215840771494 -17.20735574832663
-16.46726901834089 -24.3665529730836 -18.93576014736054
-2.545646419185296 25.79758539600947 7.079332627516551
-4.163680407935192 25.271854283890338 8.130794851754818
-4.1203370382533935 28.734114547700823 8.026510538727432
-4.163680407935191 26.97315590059442 7.07933262751655
-4.0769936685716 27.09246996139907 11.076612898414853
-4.076993668571598 28.793771578103147 10.025150674176585
-0.8409256910718081 28.143932185637333 8.973688449938317
-2.458959679821703 29.31950269022228 8.973688449938317
24.984014505876786 5.086178763390055 -8.487784349517307
24.94067113619499 3.3252201162836528 -9.434962260728195
28.220082483376576 4.4363393709242445 -9.539246573755573
26.60204849462668 3.9106082588051096 -8.487784349517309
26.515361755263086 3.7912941980004637 -12.485064620415612
28.17673911369478 4.376682340521921 -11.537886709204727
26.60204849462668 7.31321149221327 -10.590708797993843
28.220082483376576 6.137640987628324 -10.590708797993843
-29.261386835949644 -9.152434295167282 1.9084446921593852
-29.304730205631436 -9.212091325569602 -0.09019544328976736
-32.555245973025166 -9.716338687707271 0.9960282186242893
-30.908316404487397 -8.583735683085237 0.9265053432727043
-30.995003143851005 -12.10565297729804 -0.9678504791490672
-32.598589342706966 -11.477297334813676 0.04885030741340379
-30.908316404487415 -11.986338916493398 3.0294297917492368
-32.55524597302517 -11.417640304411353 2.0474904428625558
6.615294538669087 -32.62027666346346 0.8302143294686023
5.259326002506837 -31.150195090808342 0.8157402603148175
8.650157453860203 -30.764052064712544 -1.2706814688450399
8.31071026434577 -32.42720515041556 -0.21299653511132643
8.736844193223792 -30.644738003907893 2.7265988020532648
8.354053634027563 -32.36754812001323 1.785643600337826
25.364953070435284 7.311797333162701 8.026510538727441
24.205095569915592 8.587468340871505 7.012906050487863
23.088581439077696 9.922796378982634 7.997941697697437
25.40829644011708 7.371454363565023 10.025150674176592
26.308175149467555 11.196604134149782 7.8900985574700435
24.676706609431726 10.529871741365046 6.944700059859166
24.76339334879532 10.649185802169693 10.94198033075747
26.35151851914935 11.256261164552106 9.888738692919198
26.99642161047111 7.978529725947437 8.971909036338321
27.468032649987244 9.920933126440975 8.903703045709623
-29.261386835949622 7.501359490609818 -8.38416590908264
-28.069223095102462 8.806304918126546 -7.4482903584817635
-26.9204027239371 10.05159331524095 -8.511054943330036
-29.30473020563142 7.441702460207498 -10.382806044531794
-30.107047900107094 11.40970831129788 -8.48248610230003
-28.492053627181196 10.760479328470577 -7.4974504550904575
-28.578740366544793 10.641165267665933 -11.494730725988763
-30.15039126978889 11.350051280895558 -10.481126237749182
-30.876381108875517 8.150588473437125 -9.369201556292216
-31.299211640954255 10.104762883781154 -9.418361652900908
-1.2802504538442043 -31.183221475389047 2.9599069163976663
-1.4075724575942405 -29.97107576356391 4.545621859464359
-3.196271819775966 -29.344318194260225 5.184158891320167
-4.857649178207657 -29.929706336781685 4.236980980109282
-4.7303271744576225 -31.141852048606825 2.651266037042589
-2.941627812275895 -31.768609617910506 2.0127290051867814
-2.7648830071960626 -32.55478849711234 6.411670246414521
-2.149888734270169 -30.656859274425553 6.271503524472786
-5.47264345113355 -31.82763555946847 4.377147702051016
-4.426260365627754 -33.14017663963379 5.464492335203636
-1.8952447267700974 -33.08115069807583 3.1000736383394
-2.6375610034460264 -33.76693420893748 4.825955303347828
7.380875657061543 15.473101106585192 -24.881706946948725
7.047946390921966 16.37590457723821 -23.128394653851846
8.410432850459074 16.259287679125638 -21.66893203129084
10.105848576135754 15.239867310360047 -21.962781701826717
10.43877784227533 14.337063839707032 -23.716093994923597
9.076291382738223 14.453680737819603 -25.1755566174846
9.502272024076158 18.707577168353584 -23.86296161082962
8.108644574429274 17.993142608122405 -22.619021985792294
11.499476025782638 15.954301870591227 -23.20672132686404
11.19768774975284 17.688156799587997 -24.156811281365496
8.774503106708424 16.187535666816373 -26.125646571986053
9.835201290215732 17.80477369770057 -25.616273903926498
-28.880448271391128 4.623073210270182 11.284515651876887
-27.731627900225764 3.1155977664422396 11.923052683732696
-26.539464159378607 3.3690809697206987 13.50876762679939
-28.837104901709335 6.384031857376585 12.231693563087774
-29.726109335548603 2.787266227464251 14.73627898189374
-28.1544584323045 2.1976942750392734 13.648934348741124
-28.067771692940916 5.719611569252079 15.543290171162896
-29.68276596586681 4.548224874570654 15.683456893104628
-30.45209917463523 5.21264516269516 12.371860285029507
-30.874929706713964 4.2947416712921935 14.097741950037934
12.85372791904139 -26.681961347691793 -10.278521731504426
11.038240881209362 -26.092073850844635 -10.875212234635889
10.840787832127228 -24.976455241878337 -12.52336496200562
14.471761907791286 -26.156230235572657 -11.329983955742692
11.222753843377337 -28.254950194939816 -13.574827186243889
10.222753843377337 -26.878568274468645 -12.52336496200562
13.458821820877127 -25.827106050230373 -14.626289410482153
12.840787832127234 -27.72921908282068 -14.626289410482151
13.853727919041393 -28.058343268162965 -11.329983955742696
13.038240881209369 -28.844837691786978 -12.978136683112426
-1.3669371932078136 13.071064529922218 -28.461766398554854
-1.564390242289946 11.097992106319582 -28.201003087049973
-3.379877280121975 10.300490187301893 -27.94023977554509
-4.997911268871871 11.47606069188684 -27.94023977554509
-4.800458219789738 13.449133115489474 -28.20100308704997
-2.9849711819577087 14.246635034507163 -28.46176639855485
-2.997911268871874 10.826221299421025 -31.342843008953253
-2.3798772801219763 9.975570491068986 -29.641541392249174
-5.615945257621769 12.326711500238877 -29.64154139224917
-4.61594525762177 12.001791804005972 -31.342843008953253
-1.9849711819577114 13.921715338274257 -30.163068015258933
-2.8004582197897405 12.799293723023661 -31.603606320458134
8.431661686444695 13.516780766303718 25.67483676354089
8.021935150861342 11.561118022810419 25.588191511212113
9.320077547861315 10.304476896093801 24.730473961108608
11.027946480444642 11.003498512870488 23.959401663333878
11.437673016027995 12.959161256363789 24.046046915662654
10.139530619028022 14.215802383080405 24.90376446576616
10.502757790771769 10.937868652420047 27.924230734259503
9.05748320302488 10.271661965868581 26.71288849657142
12.473221068191531 11.669705199421953 25.170743901021964
12.210626723355096 11.636890269196734 27.153158436484777
9.876936274191586 14.182987452855185 26.88617900122897
10.912484326355122 12.89353139591335 28.01087598658828
18.302777192963195 -21.91273729346423 11.053342304602129
18.053422493698097 -20.01110136281604 11.620442843503488
16.974733167864834 -19.586873809823572 13.25030796725312
17.473442566395025 -23.39014567111995 12.116106889450403
20.112745666118055 -20.555730488193777 14.352212816858579
18.95840673027553 -19.332597960180813 13.269878099631713
17.29973747713919 -22.287414715492257 15.395407269328258
19.283411039549886 -22.033138865849498 15.414977401706853
19.45711612880572 -23.13586982147719 12.135677021828997
20.36210036538315 -22.457366418841964 13.785112277957221
-20.3881763051977 -22.55638957596822 -12.905798698982219
-20.217355911947767 -20.619973858347148 -13.3760269008162
-19.046535518697826 -20.059940061197253 -14.897717326888447
-19.3881763051977 -23.93277149643939 -13.957260923220485
-22.02357124233249 -21.166086245253183 -16.28108239790244
-21.03505338051516 -19.92482219298963 -15.063668750276312
-19.03505338051516 -22.677586033931977 -17.166593198752842
-21.023571242332487 -22.542468165724358 -17.33254462214071
-21.376694167015028 -23.79765362823177 -14.123212346608351
-22.194391635582424 -23.102501962874253 -15.810854196068462
-19.632758777198383 -25.320872613203512 11.226479338662985
-19.527185968198296 -23.474262490898358 11.987324551699109
-17.80357917044832 -22.803222873178154 12.748169764735232
-16.185545181698423 -23.9787933777631 12.748169764735232
-16.29111799069851 -25.825403500068255 11.987324551699109
-18.014724788448486 -26.49644311778846 11.226479338662985
-18.142699486576618 -24.97128356186569 15.42856344129783
-17.111335929637477 -23.55173340866182 14.468789209534593
-20.558549525137437 -24.89381264410223 12.947098783462348
-19.866306284326598 -25.642323179585897 14.667718228261709
-17.322481547637647 -27.244953653272123 12.947098783462346
-18.2482722955767 -26.817893684170844 14.667718228261709
16.39475324056175 22.565441950895384 -14.393956063465868
16.145398541296654 22.222234651042378 -12.439466108699659
14.356699179114928 22.513065028719474 -11.593314654673323
12.817354516198296 23.14710270624958 -12.701653155413199
13.066709215463394 23.490310006102582 -14.65614311017941
14.855408577645122 23.199479628425486 -15.502294564205744
14.736415597954059 25.935943973284147 -11.967099582298593
13.65220770744363 24.369919689840362 -11.357131391472791
17.229606431807085 23.788258934486162 -13.04943429952546
16.525114960135785 25.64511359560705 -12.813251036324926
14.150917105973821 25.05633428954637 -15.266111301005212
14.985770297219155 26.279151273137153 -13.921589537064802
25.321609700753484 5.550838686056295 7.079332627516555
25.321609700753488 3.8495370693522153 8.130794851754825
28.60102104793507 4.9606563239928105 8.026510538727438
26.93964368950338 4.375268181471352 7.079332627516556
27.026330428866974 4.494582242275998 11.07661289841486
28.64436441761687 5.0203133543951335 10.02515067417659
27.02633042886697 7.897185475684157 8.973688449938322
28.644364417616867 6.721614971099214 8.973688449938324
-29.26138683594963 5.8000578739057405 -7.3327036848443745
-29.304730205631422 4.039099226799337 -8.279881596055258
-32.555245973025144 5.236153481365734 -8.24512015837946
-30.908316404487387 4.667454869283697 -7.263180809492782
-30.99500314385098 4.548140808479053 -11.26046108039109
-32.598589342706944 5.176496450963413 -10.243760293828615
-30.908316404487387 8.070058102691858 -9.36610525796932
-32.555245973025144 6.937455098069814 -9.296582382617729
0.3377835349056906 -30.657490363269922 1.9084446921593994
0.29444016522389416 -30.717147393672242 -0.09019544328975282
0.8193370382465928 -33.96439259984147 0.9960282186243085
1.387577280951089 -32.04807592549613 0.9265053432727206
-1.9351774359122933 -33.21885221053904 -0.9678504791490491
-0.8420403201850987 -34.54978074236293 0.04885030741342378
-1.8484906965487 -33.09953814973439 3.029429791749255
-0.7986969505033011 -34.4901237119606 2.0474904428625758
6.615294538669077 15.330797483505334 -28.80517929042451
5.25932600250683 14.660411016704451 -27.496771359361627
8.650157453860192 12.621570279173273 -28.08447070043338
8.31071026434576 14.311377114739747 -29.099028960960382
8.736844193223789 16.14348757338608 -26.19011487801161
8.354053634027556 16.072335761846148 -28.151851049749496
-28.880448271391128 8.025676443678345 9.181591203400355
-27.731627900225767 9.270964840792752 8.118826618552086
-26.53946415937861 10.57591026830948 9.054702169152966
-28.83710490170933 8.085333474080667 11.18023133884951
-29.726109335548607 11.934025264366404 9.083271010182967
-28.154458432304505 11.22513925113678 8.06966652194339
-28.067771692940916 11.344453311941422 12.066946792841694
-29.68276596586681 11.993682294768725 11.081911145632121
-30.452099174635226 8.734562456907968 10.195195691639933
-30.874929706713967 10.688736867251997 10.14603559503124
16.176482635904772 -25.511185062648874 -8.384165909082656
17.049160632154734 -23.97411965459083 -7.448290358481777
17.878495258722904 -22.496711276935105 -8.51105494333005
16.133139266222976 -25.570842093051194 -10.38280604453181
20.15486689008049 -25.107710322755036 -8.482486102300049
19.038352759242596 -23.772382284643907 -7.497450455090473
18.951666019879003 -23.89169634544855 -11.494730725988777
20.111523520398695 -25.16736735315736 -10.481126237749201
17.292996766742668 -26.84651310076 -9.369201556292234
19.28218889383053 -26.644775730813084 -9.418361652900929
-1.2802504538442183 16.59298182413502 -26.56741057613308
-1.4075724575942532 17.46920034433358 -24.77408121089586
-3.1962718197759785 17.760030722010676 -23.927929756869524
-4.857649178207671 17.17464257948922 -24.875107668080407
-4.7303271744576385 16.298424059290664 -26.66843703331763
-2.941627812275912 16.007593681613564 -27.514588487343968
-2.7648830071960795 20.293716222652556 -26.250501925009416
-2.1498887342701827 19.319567543592342 -24.615626885334027
-5.4726434511335675 18.14879125854943 -26.509982707755796
-4.426260365627773 19.708328080131096 -27.1976798362203
-1.8952447267701158 17.56713050319523 -28.20228561580847
-2.637561003446045 19.417497702453996 -28.043831290246636
8.431661686444695 16.91938399971188 23.571912315064353
8.021935150861342 17.71648509716093 21.783965446031498
9.320077547861315 17.511306194682582 20.276408503462182
11.027946480444642 16.509026194755187 20.55679842992572
11.437673016027995 15.711925097306139 22.34474529895858
10.13953061902802 15.917103999784487 23.852302241527894
10.502757790771767 20.084627689322197 22.271222762548728
9.057483203024878 19.299106941966087 21.133620669773684
12.473221068191531 17.294546942111296 21.694400522700764
12.210626723355094 19.0823476893948 22.551612689012266
9.876936274191584 17.704904747067992 24.709514407839396
10.91248432635512 19.287526591873153 24.059169631581582
13.32135322296347 -26.038330333818593 11.284515651876907
11.532653860781744 -25.41157276451491 11.923052683732713
11.405331857031708 -24.19942705268977 13.508767626799404
14.982730581395163 -25.452942191297133 12.231693563087793
11.83672066961161 -27.40989735554188 14.736278981893761
10.790337584105814 -26.09735627537655 13.64893434874114
14.113092300969196 -24.926579990333636 15.543290171162909
13.498098028043302 -26.82450921302042 15.683456893104644
14.367736308469269 -27.350871413983917 12.37186028502953
13.625420031793338 -28.03665492484556 14.097741950037957
-15.152108327697908 -26.360615641148826 -12.905798698982217
-13.363253945698075 -25.599770428112702 -13.376026900816196
-13.19243355244814 -24.313194102957446 -14.897717326888444
-16.770142316447803 -25.834884529029697 -13.957260923220483
-13.324486457305115 -27.48634129629993 -16.281082397902438
-12.44944301050168 -26.162633255688256 -15.063668750276308
-15.68551098800147 -25.11117103144999 -17.16659319875284
-14.942520446055012 -26.960610184180798 -17.332544622140706
-16.027151774501345 -27.684323681760503 -14.12321234660835
-15.113340839304948 -28.247186509336053 -15.81085419606846
12.853727919041372 2.7391465493510396 -28.461766398554857
11.038240881209344 1.9416446303333519 -28.201003087049976
10.840787832127209 -0.03142779326928358 -27.940239775545095
12.458821820877104 -1.206998297854231 -27.940239775545095
14.274308858709132 -0.4094963788365441 -28.201003087049976
14.471761907791265 1.5635760447660916 -28.461766398554854
11.222753843377314 0.494303318849844 -31.342843008953256
10.222753843377316 0.8192230150827533 -29.641541392249177
13.458821820877102 -1.5319179940871415 -29.641541392249174
12.840787832127209 -0.6812671857351039 -31.342843008953256
13.853727919041372 2.4142268531181292 -30.163068015258936
13.038240881209344 1.2918052378675307 -31.603606320458137
-0.14976228355502164 14.746362069619455 27.664341104237145
-0.35577361313832045 12.761510183464695 27.53046682697966
-2.1798189314715137 11.952228801894881 27.396592549722175
-3.797852920221408 13.127799306479826 27.396592549722172
-3.5918415906381096 15.112651192634587 27.53046682697966
-1.7677962723049168 15.921932574204401 27.664341104237145
-1.6515113979092126 12.67938173953875 30.742058101070327
-1.1066481703154147 11.728020018424344 29.06932532539625
-4.342716147815206 14.079161027594235 29.06932532539625
-3.269545386659109 13.854952244123696 30.742058101070327
-0.69462551114882 15.697723790733864 29.337073879911223
-1.445500068325915 14.664233625693512 30.875932378327814
-21.527185968198296 -24.124101883364172 8.584721318290947
-21.421613159198213 -22.277491761059025 9.34556653132707
-20.421613159198213 -21.952572064826118 11.046868148031152
-20.632758777198383 -25.645792309436423 9.525177721958906
-23.519029554740605 -23.22440802927001 11.934812376106462
-22.417534952469367 -21.82764483401194 11.020612060234827
-20.628680570469538 -24.871025686156432 12.901524867570744
-22.62460236374069 -24.746098455342256 12.87526877977442
-22.628680570469534 -25.520865078622247 9.498921634162583
-23.62460236374069 -25.071018151575164 11.173967163070339
18.302777192963188 19.686083940921975 -14.656143110179407
18.05342249369809 19.342876641068976 -12.701653155413197
16.974733167864827 20.610951996129177 -11.593314654673321
17.47344256639502 21.297366595835186 -15.502294564205743
20.11274566611805 22.02981153416906 -11.967099582298593
18.958406730275524 20.514740437692513 -11.35713139147279
17.299737477139185 23.73730574751893 -13.04943429952546
19.283411039549883 23.641094189082267 -12.813251036324928
19.457116128805716 21.20115503739852 -15.266111301005212
20.362100365383146 22.373018834022062 -13.921589537064804
-19.632758777198404 21.36510686224607 -17.62704277524486
-19.527185968198317 21.219798356644997 -15.635124147338635
-17.803579170448337 21.60022096316306 -14.694667743670678
-16.185545181698444 22.125952075282196 -15.746129967908947
-16.29111799069853 22.27126058088327 -17.738048595815172
-18.014724788448508 21.890837974365205 -18.678504999483128
-18.142699486576642 24.96722416591495 -15.435131681919906
-17.1113359296375 23.47393386779804 -14.594671510961314
-20.558549525137458 22.71308865476191 -16.475584318297226
-19.86630628432662 24.586801559396886 -16.37558808558786
-17.32248154763767 23.764550879000183 -18.578508766773762
-18.248272295576726 25.11253267151602 -17.42705030982613
-28.92379164107292 6.264717796571944 8.234413292189473
-28.92379164107292 4.563416179867863 9.285875516427737
-32.174307408466646 5.760470434434256 9.320636954103527
-30.570721209610674 5.132114791949899 8.303936167541053
-30.48403447024709 5.251428852754541 12.301216438439361
-32.13096403878485 5.820127464836578 11.319277089552681
-30.484034470247092 8.654032086162704 10.198291989962827
-32.13096403878485 7.521429081540659 10.267814865314413
14.558448647154878 -26.036916174768006 -7.33270368484439
12.897071288723186 -26.622304317289462 -8.279881596055274
15.040002150495782 -29.34381841133955 -8.245120158379482
13.990208404450383 -27.95323284911335 -7.263180809492803
13.903521665086792 -28.07254690991799 -11.260461080391106
14.996658780813988 -29.403475441741872 -10.243760293828634
17.226276381950175 -26.901770624875073 -9.366105257969338
16.65803613924568 -28.818087299220416 -9.29658238261775
0.33778353490567614 15.41741131955008 -26.567410576133085
0.2944401652238795 13.656452672443676 -27.514588487343964
0.8193370382465774 16.080212855288053 -29.93323890622413
1.3875772809510747 15.161026835126592 -28.250324741178606
-1.93517743591231 13.990250550083678 -30.144680563600375
-0.8420403201851151 15.494824712766595 -30.880416817435016
-1.8484906965487156 17.512167844296485 -28.25032474117861
-0.7986969505033178 17.255783359873 -29.93323890622413
7.836924561814339 17.01222696086728 27.526361447010586
6.4264241915461895 16.2667838635129 26.320209178812195
9.842162056712842 14.262223863658107 26.880989031739276
9.544793494397666 16.009946960939885 27.806751373474125
9.842162056712842 17.66482709706627 24.77806458326274
9.544793494397664 17.711248577643968 26.755289149235857
16.55742120046326 -24.98686810958032 9.181591203400373
17.38675582703143 -23.509459731924597 8.1188266185521
18.259433823281395 -21.97239432386655 9.054702169152979
16.60076457014506 -24.927211079177994 11.180231338849525
20.535805454638982 -24.583393369686483 9.083271010182985
19.375947954119294 -23.307722361977678 8.069666521943407
19.46263469348288 -23.18840830117303 12.06694679284171
20.57914882432078 -24.523736339284156 11.081911145632137
17.717278700982956 -26.262539117289123 10.195195691639954
19.706470828070817 -26.060801747342204 10.14603559503126
-18.599321923197866 -25.599770428112706 -11.024885891646301
-19.59932192319787 -24.223388507641534 -9.973423667408037
-20.493749114197787 -22.701698081569287 -10.913880071075992
-18.493749114197783 -25.454461922511634 -13.016804519552528
-22.591165509740172 -25.441063798267564 -11.224878357065032
-21.59524371646902 -24.144035192718963 -10.0734199001174
-21.38409809846885 -23.85341818151682 -14.05725715592985
-22.48559270074009 -25.29575529266649 -13.216796984971259
-19.595243716469017 -26.89679903366131 -12.176344348593934
-21.591165509740172 -26.81744571873874 -12.2763405813033
16.176482635904758 3.909922834393954 -26.567410576133085
17.049160632154724 4.05959882658715 -24.774081210895865
17.87849525872289 2.448316171673942 -23.92792975686953
17.83515188904109 0.6873575245675372 -24.875107668080414
16.962473892791127 0.5376815323743416 -26.66843703331763
16.13313926622296 2.148964187287549 -27.51458848734397
20.154866890080477 3.641543191034618 -26.25050192500942
19.03835275924258 3.9254090049074826 -24.615626885334034
18.951666019878985 0.40349171069467404 -26.5099827077558
20.11152352039868 1.8805845439282127 -27.197679836220306
17.29299676674265 3.626057020521089 -28.202285615808474
19.28218889383051 3.491867198841421 -28.043831290246644
-0.14976228355502252 18.14896530302762 25.561416655760613
-0.3557736131383209 18.91687725781521 23.726240761799048
-2.1798189314715146 19.159058100483662 22.94252709207575
-3.797852920221409 18.633326988364523 23.99398931631402
-3.5918415906381114 17.865415033576937 25.829165210275583
-1.767796272304917 17.623234190908484 26.61287887999888
-1.6515113979092135 21.8261407764409 25.089050129359553
-1.1066481703154165 20.755464994521848 23.49005749859852
-4.3427161478152065 19.704002770283576 25.592981947075053
-3.269545386659111 21.300409664321766 26.14051235359782
-0.6946255111488202 19.219641084946673 27.16040928652165
-1.445500068325916 21.058228821653316 26.92422602332112
-16.291117990698513 -27.92832794854479 8.584721318290951
-14.567511192948535 -27.257288330824586 9.345566531327073
-14.567511192948533 -26.20582610658632 11.046868148031153
-18.014724788448493 -27.54790534202673 9.525177721958908
-14.819944769713238 -29.54466308031677 11.934812376106466
-13.831924582455896 -28.065455896710574 11.020612060234832
-17.279138177955854 -27.30461068367445 12.901524867570744
-16.54355156746322 -29.164240473798706 12.875268779774423
-17.279138177955858 -29.407535132150986 9.498921634162587
-16.54355156746322 -30.215702698036978 11.173967163070342
13.321353222963468 21.73787296570548 -18.242801840653843
11.53265386078174 22.028703343382578 -17.39665038662751
11.405331857031706 22.904921863581134 -15.60332102139029
14.98273058139516 22.323261108226937 -17.295623929442957
11.836720669611609 25.43860736422301 -17.92589318953018
10.790337584105814 23.879070542641344 -17.23819606106568
14.113092300969194 25.049846827684256 -15.343840238643907
13.498098028043302 26.023995506744466 -16.978715278319292
14.367736308469265 23.297409787287148 -18.930498969118343
13.625420031793338 25.147776986545914 -18.772044643556512
-15.152108327697917 0.2455284225295531 -29.349300039911707
-13.363253945698084 -0.5153167905065696 -28.879071838077728
-13.192433552448147 -2.4517325081276393 -28.40884363624375
-14.810467541198044 -3.627303012712586 -28.40884363624375
-16.599321923197877 -2.866457799676463 -28.879071838077728
-16.770142316447814 -0.9300420820553932 -29.349300039911707
-13.324486457305124 -2.269977277336795 -31.865652434311556
-12.449443010501689 -1.773069640439744 -30.13724803527765
-15.68551098800148 -4.124210649609637 -30.137248035277654
-14.94252044605502 -3.445547781921742 -31.865652434311556
-16.027151774501352 -0.2513792143674989 -31.07770443894561
-15.113340839304957 -1.5091320643006731 -32.33588063614554
14.070902828694154 4.414444089048313 27.664341104237145
12.246857510360961 3.605162707478498 27.530466826979662
12.040846180777665 1.620310821323737 27.39659254972218
13.65888016952756 0.4447403167387922 27.39659254972218
15.482925487860753 1.2540216983086079 27.530466826979662
15.68893681744405 3.2388735844633687 27.66434110423715
12.569153714339965 2.347463758967611 30.74205810107033
11.495982953183868 2.5716725424381455 29.069325325396253
14.732050930683657 0.22053153326825647 29.069325325396257
14.18718770308986 1.1718932543826657 30.742058101070334
15.144073589850253 4.190235305577778 29.337073879911223
14.393199032673158 3.1567451405374265 30.875932378327818
-21.52718596819832 18.467034515702647 -17.738048595815165
-21.421613159198237 18.321726010101575 -15.74612996790894
-20.421613159198237 19.69810793057275 -14.694667743670676
-20.63275877719841 19.98872494177489 -18.678504999483124
-23.51902955474063 21.061091726799845 -15.4351316819199
-22.417534952469396 19.618754615650175 -14.594671510961309
-20.628680570469566 22.66213546779467 -16.475584318297226
-22.62460236374072 22.582782152872092 -16.37558808558786
-22.62868057046956 19.90937162685232 -18.57850876677376
-23.624602363740717 21.206400232400917 -17.427050309826125
26.386280211299656 -12.06968206083455 -17.627042775244846
26.21545981804972 -12.014179150549394 -15.63512414733862
26.044639424799783 -10.257374623560159 -14.694667743670665
26.04463942479978 -8.556073006856078 -15.746129967908933
26.215459818049716 -8.611575917141234 -17.738048595815158
26.386280211299656 -10.36838044413047 -18.678504999483113
29.35164370198507 -9.539436000256835 -15.435131681919891
27.612731366767456 -9.020003048413878 -14.5946715109613
27.95437215326733 -12.53361210239235 -16.475584318297212
29.522464095235005 -11.296240527246072 -16.375588085587847
27.95437215326733 -9.13100886898419 -18.57850876677375
29.522464095235005 -9.594938910541991 -17.427050309826118
14.89604384203157 -25.57225625210178 8.23441329218949
13.278009853281674 -26.097987364220916 9.285875516427756
15.420940715054273 -28.819501458271002 9.320636954103557
14.327803599327076 -27.488572926447123 8.303936167541082
14.414490338690667 -27.36925886564247 12.301216438439385
15.464284084736066 -28.75984442786868 11.319277089552706
17.65055831619046 -26.3177966414042 10.19829198996285
17.082318073485965 -28.234113315749543 10.267814865314442
-16.981287934447966 -26.125501540231838 -9.973423667408037
-15.257681136697986 -26.5059241467499 -10.913880071075992
-17.214835441576177 -29.347196237382658 -11.224878357065034
-16.289044693637123 -27.999214444866816 -10.0734199001174
-16.077899075636957 -27.70859743366467 -14.05725715592985
-17.109262632576094 -29.201887731781586 -13.216796984971259
-19.525112671136917 -26.94775222062855 -12.176344348593936
-18.832869430326074 -28.821465125263526 -12.276340581303302
14.558448647154863 5.085493338978902 -26.56741057613309
12.897071288723172 4.5001051964574454 -27.51458848734397
15.040002150495765 5.74829487471687 -29.93323890622414
13.990208404450367 6.0046793591403596 -28.250324741178613
13.903521665086773 2.4827620649275497 -30.14468056360038
14.996658780813968 3.9873362276104647 -30.88041681743502
17.226276381950157 3.653538349970464 -28.250324741178613
16.65803613924566 4.572724370131922 -29.933238906224137
1.4682717051948735 16.97339479844267 25.56141665576061
1.4682717051948735 15.272093181738589 26.612878879998878
2.0943031074750946 17.835053102188386 28.85772211050007
2.5903044007099316 16.816438698023056 27.209569383130344
-0.6457635767898589 15.764976473784785 29.312493831606876
0.4762691187251994 17.309321990069254 29.909184334738338
-0.6457635767898589 19.16757970719295 27.20956938313034
0.47626911872519895 19.010623606773333 28.857722110500074
-19.527185968198296 -26.87686572430652 6.481796869814416
-20.42161315919821 -25.355175298234272 5.541340466146458
-21.42161315919821 -23.978793377763097 6.592802690384724
-19.63275877719838 -27.02217422990759 8.47371549772064
-23.5190295547406 -26.71815909446137 6.281804404395682
-22.417534952469364 -25.2758219833117 5.441344233437091
-22.628680570469534 -25.56643899451384 9.42518148924954
-23.624602363740685 -26.863467600062446 8.273723032301907
-20.628680570469534 -28.319202835456192 7.3222570407730085
-22.624602363740685 -28.239849520533618 7.222260808063641
16.55742120046326 19.386731956535584 -18.242801840653847
17.38675582703143 17.775449301622377 -17.396650386627513
18.259433823281395 17.92512529381557 -15.603321021390293
16.600764570145056 21.147690603641987 -17.295623929442964
20.535805454638982 19.118352313176253 -17.92589318953018
19.37594795411929 17.64125947994271 -17.23819606106568
19.46263469348288 21.163176774155513 -15.34384023864391
20.579148824320775 20.879310960282655 -16.978715278319296
17.717278700982952 20.863824789769126 -18.93049896911835
19.706470828070813 20.72963496808946 -18.772044643556516
-18.599321923197877 1.5876076579699632 -27.827609613839456
-19.599321923197877 1.912527354202868 -26.126307997135378
-20.493749114197797 0.39083692813062104 -25.18585159346742
-20.38817630519771 -1.4557731941745304 -25.946696806503542
-19.38817630519771 -1.780692890407435 -27.647998423207625
-18.493749114197794 -0.25900246433518825 -28.58845482687558
-22.591165509740186 1.3377531963416127 -27.775097438246814
-21.59524371646903 1.7876001233886925 -26.10005190933905
-21.384098098468865 -1.905620121221609 -27.6217423354113
-22.4855927007401 -0.5088569259635388 -28.535942651282937
-19.595243716469028 1.1377607309228832 -29.502655142747216
-21.591165509740183 1.012833500108708 -29.476399054950893
17.306970806193952 5.465906313286582 25.56141665576061
18.100959476610655 5.507275740068808 23.726240761799044
18.894948147027357 3.8473435501469533 22.94252709207575
18.894948147027357 2.1460419334428735 23.993989316314018
18.100959476610655 2.10467250666065 25.829165210275583
17.30697080619395 3.764604696582502 26.61287887999888
21.26823849936734 5.173967744823004 25.08905012935955
20.08159332319735 5.361306455837019 23.490057498598517
20.08159332319735 1.9587032224288605 25.592981947075057
21.26823849936734 3.472666128118924 26.14051235359782
18.49361598236394 5.278567602272568 27.160409286521645
20.474249828950636 5.132598318040778 26.924226023321115
-16.29111799069853 20.168336132406726 -21.140651829223327
-14.567511192948551 20.54875873892479 -20.20019542555537
-14.567511192948553 21.60022096316306 -18.498893808851292
-18.01472478844851 20.83937575012693 -20.379806616187203
-14.81994476971326 23.88759571265524 -21.088139653630684
-13.831924582455915 22.40838852904905 -20.173939337759048
-17.279138177955875 23.750467764489457 -18.6522489116868
-16.54355156746324 24.558635330375445 -20.32729444059456
-17.279138177955875 21.64754331601292 -22.054852145094962
-16.54355156746324 23.507173106137177 -22.02859605729864
14.070902828694143 22.769539491529525 16.320268278756814
12.246857510360952 23.011720334197975 15.536554609033518
12.04084618077765 23.77963228898556 13.70137871507195
13.658880169527547 24.305363401104696 12.649916490833686
15.48292548786074 24.063182558436246 13.433630160556984
15.688936817444038 23.29527060364866 15.268806054518548
12.569153714339947 26.446714964942807 15.847901752355751
11.495982953183853 24.850308070904614 15.300371345832986
14.732050930683641 25.90177029514289 13.19744689735645
14.187187703089844 26.972446077061942 14.796439528117485
15.144073589850239 24.365946385567714 16.86779868527958
14.393199032673142 26.204534122274353 16.63161542207905
-13.866960405590012 2.0143827876499554 29.91116438569288
-12.099170081367712 1.2245453863170797 29.410091288189392
-11.946374030071304 -0.7366787096972205 29.04918491262764
-13.561368302997199 -1.9080654043786438 29.189351634569377
-15.329158627219499 -1.1182280030457667 29.690424732072863
-15.481954678515907 0.8429960929685327 30.051331107634617
-11.928810012496236 -0.34899345187436914 32.49147944478979
-11.130094884820823 0.04285726655491706 30.70024881773785
-14.360083430672612 -2.2999161228079292 30.98058226162132
-13.54380428542213 -1.5203801465557922 32.63164616673153
-14.665675533265425 1.622532069220669 31.702395012744827
-13.696600336718538 0.44084394945850713 32.99255254229328
24.215459818049716 -14.766942991491742 -17.738048595815155
24.04463942479978 -14.711440081206588 -15.74612996790893
25.04463942479978 -13.335058160735413 -14.694667743670664
25.386280211299653 -13.446063981305725 -18.678504999483113
27.29806835068446 -15.859691051303596 -15.435131681919888
25.58594369111715 -15.257814111112515 -14.594671510961296
27.927584477617025 -12.616056090740479 -16.475584318297212
28.468888743934397 -14.538812041117577 -16.375588085587843
25.927584477617025 -15.368819931682825 -18.578508766773748
27.468888743934397 -15.915193961588752 -17.427050309826114
-30.496380237697075 -12.06968206083457 -17.62704277524484
-30.325559844447138 -12.014179150549415 -15.635124147338617
-30.1547394511972 -10.257374623560178 -14.69466774367066
-30.1547394511972 -8.5560730068561 -15.74612996790893
-30.32555984444714 -8.611575917141256 -17.738048595815155
-30.49638023769708 -10.36838044413049 -18.67850499948311
-33.46174372838249 -9.53943600025686 -15.435131681919886
-31.722831393164874 -9.020003048413901 -14.594671510961296
-32.06447217966475 -12.533612102392372 -16.475584318297205
-33.63256412163243 -11.296240527246097 -16.37558808558784
-32.064472179664754 -9.131008868984214 -18.578508766773744
-33.63256412163243 -9.594938910542016 -17.427050309826107
-17.80357917044832 -27.257288330824586 5.541340466146458
-16.185545181698423 -27.78301944294372 6.592802690384726
-18.14269948657662 -30.624291533576475 6.281804404395685
-17.11133592963748 -29.13100123545956 5.441344233437094
-17.32248154763765 -29.421618246661705 9.425181489249542
-18.248272295576704 -30.769600039177547 8.273723032301909
-20.558549525137437 -28.370156022423437 7.322257040773007
-19.866306284326598 -30.243868927058415 7.222260808063642
14.896043842031567 18.801343814014125 -19.189979751864737
13.278009853281672 19.97691431859907 -19.189979751864737
15.420940715054268 21.225103996858504 -21.6086301707449
14.327803599327071 19.720529834175586 -20.87289391691026
14.414490338690664 23.24244712838839 -18.97853809448849
15.464284084736065 22.986062643964907 -20.661452259534016
17.650558316190455 20.8913061192185 -18.97853809448849
17.082318073485958 21.81049213937996 -20.661452259534013
-16.98128793444798 2.76317816255491 -27.82760961383946
-15.257681136697999 2.0921385448347047 -28.58845482687558
-17.21483544157619 3.0846287289372984 -31.26884850343818
-16.289044693637138 3.5116886980385775 -29.548229058638817
-16.077899075636967 -0.18153154657172577 -31.069919484711065
-17.109262632576108 1.2380186066321466 -32.029693716474306
-19.525112671136927 1.160547688868684 -29.54822905863882
-18.832869430326085 1.909058224352352 -31.268848503438182
15.688936817444048 6.641476817871526 25.56141665576061
14.070902828694152 6.115745705752391 26.612878879998878
16.31496821972427 7.503135121617246 28.85772211050007
15.192935524209211 7.660091222036859 27.20956938313034
15.192935524209213 4.257487988628699 29.312493831606876
16.31496821972427 5.801833504913167 29.909184334738338
18.429003501709005 5.308950212866969 27.209569383130344
17.933002208474168 6.327564617032301 28.85772211050007
-19.527185968198314 17.817195123236836 -21.140651829223323
-20.42161315919823 16.29550469716459 -20.200195425555368
-21.42161315919823 16.620424393397496 -18.498893808851285
-19.6327587771984 19.663805245541987 -20.379806616187203
-23.51902955474062 17.56734066160848 -21.088139653630677
-22.41753495246938 16.170577466350412 -20.173939337759045
-22.62868057046955 19.863797710960718 -18.6522489116868
-23.624602363740706 19.413950783913634 -20.327294440594557
-20.62868057046955 19.213958318494903 -22.05485214509496
-22.624602363740706 19.089031087680727 -22.02859605729864
17.306970806193938 20.41839848235964 16.320268278756817
18.100959476610644 18.758466292437785 15.536554609033523
18.894948147027346 18.799835719220013 13.701378715071957
18.894948147027343 20.501137335924092 12.649916490833688
18.10095947661064 22.161069525845942 13.433630160556984
17.306970806193934 22.119700099063717 15.26880605451855
21.268238499367328 20.126459913896063 15.847901752355758
20.08159332319734 18.612497008206 15.300371345832994
20.081593323197335 22.015100241614157 13.197446897356455
21.268238499367328 21.827761530600142 14.79643952811749
18.493615982363927 21.932361388049706 16.867798685279585
20.474249828950622 21.786392103817917 16.631615422079054
7.257411166551101 -17.198408567016145 -27.82760961383943
7.875445155300996 -18.049059375368184 -26.12630799713535
6.704624762051059 -19.3699383855542 -25.185851593467394
4.915770380051227 -19.840166587388183 -25.946696806503514
4.297736391301332 -18.989515779036143 -27.647998423207596
5.46855678455127 -17.668636768850124 -28.588454826875555
8.253332959822256 -21.072086696791786 -27.77509743824678
8.373406051936573 -19.985898440256 -26.100051909339026
4.79569728793691 -20.926354843923964 -27.621742335411273
6.464478577822424 -21.542314898625765 -28.535942651282905
7.1373380744367845 -18.28459682355193 -29.50265514274719
7.635298971072361 -20.221435888439746 -29.476399054950864
-17.378581428549296 3.267812804391289 28.46291337697851
-18.451752189705395 3.4920215878618266 26.79018060130443
-19.384106712307744 1.9181286682802734 25.981740051929275
-19.243290473753994 0.12002696522818379 26.846032278228197
-18.170119712597895 -0.10418181824235218 28.518765053902275
-17.237765189995546 1.4697111013391988 29.32720560327743
-21.368626859362625 3.0204332917984873 28.598341722589836
-20.44677490511206 3.368331831565426 26.857894774110097
-20.16514242800456 -0.2278715745387534 28.586479226707937
-21.227810620808874 1.222331588746398 29.462633948888758
-18.300433382799863 2.919914264624351 30.20336032545825
-20.29545609820653 2.7962245083279504 30.271074498263914
24.21545981804972 -9.261415309607049 -21.14065182922332
24.044639424799783 -7.504610782617813 -20.200195425555364
25.044639424799783 -7.1796910863849055 -18.49889380885128
25.386280211299656 -10.693300140363379 -20.379806616187196
27.298068350684467 -6.712932014401449 -21.088139653630673
25.585943691117155 -6.230369135015014 -20.17393933775904
27.927584477617028 -9.094138796527671 -18.65224891168679
28.468888743934404 -8.144816845157779 -20.327294440594546
25.92758447761703 -9.743978188993486 -22.054852145094955
27.468888743934404 -8.469736541390686 -22.028596057298632
-15.386206297967366 21.413840225904863 20.586441412659354
-13.705445195339195 21.73529079228725 19.551206343090815
-13.780494604190665 22.6834563670403 17.79184576916509
-15.536305115670308 23.310171375410967 17.067720264807903
-17.21706621829848 22.98872080902858 18.102955334376443
-17.142016809447007 22.04055523427553 19.86231590830217
-13.92349800518836 25.12144883201218 20.248620640422818
-12.974091048949692 23.589095095340905 19.382295956972545
-16.485712071908978 24.842525112082242 17.934044948258173
-15.679308516668003 25.748163840382848 19.52449513606563
-16.335613254206034 22.946193962576135 21.452766096109624
-15.604259107816532 24.799998265629796 21.283855709991357
-28.32555984444714 -14.76694299149176 -17.738048595815147
-28.1547394511972 -14.711440081206604 -15.746129967908923
-29.1547394511972 -13.335058160735429 -14.694667743670657
-29.496380237697082 -13.446063981305745 -18.678504999483106
-31.408168377081886 -15.859691051303615 -15.435131681919877
-29.696043717514574 -15.25781411111253 -14.594671510961287
-32.03768450401445 -12.616056090740498 -16.4755843182972
-32.578988770331826 -14.538812041117598 -16.375588085587836
-30.03768450401445 -15.368819931682847 -18.578508766773737
-31.578988770331822 -15.915193961588772 -17.4270503098261
-2.055050013198732 -32.73351802197686 -17.627042775244846
-2.0550500131987315 -32.55390683134503 -15.63512414733862
-0.4370160244488354 -31.84856452859406 -14.694667743670665
1.1810179643010603 -31.322833416474932 -15.746129967908935
1.1810179643010583 -31.502444607106764 -17.738048595815158
-0.4370160244488372 -32.20778690985773 -18.678504999483113
1.2677047036646507 -34.771857260308195 -15.435131681919891
1.2243613339828567 -32.95753974307564 -14.5946715109613
-2.011706643516936 -34.36822434857758 -16.475584318297212
-0.3503292850852439 -35.47719956305916 -16.375588085587847
1.2243613339828536 -33.31676212433931 -18.578508766773748
1.2677047036646505 -34.95146845094003 -17.427050309826114
-17.80357917044834 17.14615550551663 -21.901497042259447
-16.185545181698448 18.32172601010158 -21.90149704225945
-18.142699486576642 19.314216194204167 -24.58189071882205
-17.1113359296375 17.894666041000296 -23.62211648705881
-17.322481547637675 21.5878862856106 -22.100426060986567
-18.24827229557673 21.16082631650932 -23.821045505785925
-20.55854952513746 19.236745276440704 -22.100426060986564
-19.866306284326622 19.98525581192437 -23.821045505785925
15.688936817444041 19.892667370240506 17.371730502995085
14.070902828694145 21.06823787482545 17.371730502995085
16.314968219724264 22.455627290690305 19.616573733496274
15.192935524209206 20.91128177440584 19.019883230364815
15.1929355242092 24.313885007813997 16.916958781888276
16.314968219724264 24.156928907394384 18.565111509258006
18.429003501708994 21.962743998644108 16.91695878188828
17.933002208474157 22.98135840280944 18.56511150925801
7.875445155300996 -15.296295534425836 -27.82760961383944
6.704624762051059 -13.864410703669506 -28.588454826875562
4.915770380051226 -14.334638905503487 -29.349300039911686
4.297736391301333 -16.236751938093796 -29.349300039911682
8.253332959822256 -15.419078725081006 -31.26884850343816
8.373406051936573 -14.406630613458265 -29.5482290586388
4.795697287936909 -15.347087017126226 -31.069919484711043
6.464478577822423 -15.889306926914985 -32.029693716474284
7.1373380744367845 -18.210856678638883 -29.548229058638796
7.63529897107236 -17.321191757671315 -31.268848503438157
-15.763587155623405 4.439199499072712 28.322746655036774
-14.00777664414376 3.8124844907020456 29.046872159393963
-15.848277405143703 4.965534503557558 31.745581594774613
-14.998435143920606 5.288060348655847 29.964080763934827
-14.71680266681311 1.6918569425516665 31.69266521653267
-15.707461166589955 3.1674328005054675 32.609873821073535
-18.228423689772395 2.945286959293 30.244414207818295
-17.463271678069596 3.7941478088761347 31.88574831671635
22.979391840549933 -13.065641374787665 -21.14065182922332
21.808571447299993 -14.386520384973684 -20.200195425555364
22.42660543604989 -15.237171193325723 -18.49889380885128
24.768246222549763 -12.595413172953686 -20.379806616187196
23.975313633821084 -16.939319504563304 -21.088139653630673
22.306532343935572 -16.323359449861503 -20.17393933775904
25.884241107935235 -15.382903046193546 -18.652248911686794
25.764168015820918 -16.46909130272933 -20.32729444059455
24.648173130435445 -13.681601429489467 -22.054852145094955
25.14613402707102 -15.618440494377287 -22.028596057298632
-18.616194843819155 19.07106683654201 20.866774856542822
-19.548549366421504 17.497173916960456 20.05833430716767
-20.621720127577603 17.721382700430993 18.38560153149359
-20.76253636613135 19.519484403483087 17.521309305194666
-19.830181843529004 21.093377323064637 18.329749854569823
-18.757011082372905 20.8691685395941 20.0024826302439
-22.606240274632484 18.82368732394921 21.00220320215415
-21.54357208182817 17.373484160664056 20.12604847997333
-21.825204558935667 20.969687566768236 18.397464027375488
-22.747056513186234 20.6217890270013 20.137910975855227
-19.678863036623472 20.52126999982716 21.74292957872364
-21.673885752030138 20.39758024353076 21.810643751529305
8.478151661199664 -15.518203420594798 28.4629133769785
9.02301488879346 -16.469565141709207 26.79018060130442
7.814267163941089 -17.84264664540453 25.981740051929265
6.06065621149492 -18.264366427985447 26.846032278228183
5.5157929839011235 -17.313004706871038 28.518765053902264
6.724540708753496 -15.939923203175715 29.327205603277417
9.47587161019979 -19.389406601334883 28.598341722589826
9.521874863293524 -18.40516673207925 26.857894774110086
6.014652958401187 -19.248606297241082 28.586479226707926
7.722260657753622 -19.811126383915802 29.462633948888747
8.432148408105931 -16.502443289850433 30.203360325458238
8.931008382605993 -18.438044880220477 30.2710744982639
-28.32555984444714 -9.261415309607067 -21.140651829223312
-28.15473945119721 -7.504610782617831 -20.20019542555536
-29.154739451197205 -7.179691086384924 -18.498893808851278
-29.49638023769708 -10.693300140363394 -20.37980661618719
-31.40816837708189 -6.71293201440147 -21.08813965363067
-29.69604371751458 -6.230369135015032 -20.173939337759034
-32.03768450401445 -9.09413879652769 -18.652248911686787
-32.578988770331826 -8.1448168451578 -20.327294440594546
-30.037684504014454 -9.743978188993504 -22.054852145094948
-31.578988770331826 -8.469736541390706 -22.028596057298625
25.12037151078087 -8.015911216108913 20.58644141265935
24.906705422409125 -6.318078729255355 19.551206343090808
25.83165601355765 -6.096455682507663 17.791845769165082
26.970272693077927 -7.57266512261353 17.067720264807896
27.18393878144967 -9.270497609467087 18.102955334376436
26.258988190301142 -9.49212065621478 19.86231590830216
28.19451511520935 -5.479078895044508 20.24862064042281
26.443777224623364 -5.049662568723152 19.38229595697254
28.721010583663908 -8.002081448934886 17.934044948258165
29.33313179472962 -6.955288335150376 19.52449513606562
26.871109401366855 -8.44532754243027 21.45276609610962
28.408181203581094 -7.176911381898068 21.28385570999135
-5.291117990698521 -31.502444607106764 -17.738048595815147
-5.29111799069852 -31.32283341647493 -15.746129967908924
-3.6730840019486246 -31.84856452859406 -14.694667743670658
-3.673084001948627 -32.20778690985773 -18.678504999483106
-5.377804730062116 -34.771857260308195 -15.43513168191988
-5.334461360380317 -32.95753974307564 -14.59467151096129
-2.0983933828805292 -34.36822434857758 -16.475584318297205
-3.759770741312221 -35.47719956305916 -16.375588085587836
-5.33446136038032 -33.31676212433931 -18.57850876677374
-5.377804730062117 -34.95146845094003 -17.427050309826104
-2.0550500131987195 -1.127232067126684 -37.16080175349071
-2.0550500131987186 0.5740695495773971 -36.109339529252445
-0.43701602444882276 1.099800661696531 -35.05787730501418
1.1810179643010728 -0.07576984288841383 -35.05787730501418
1.1810179643010716 -1.7770714595924944 -36.109339529252445
-0.4370160244488246 -2.302802571711629 -37.16080175349071
1.2677047036646618 1.7448458346203122 -38.00369535167422
1.224361333982867 1.6851888042179897 -36.00505521622507
-2.011706643516925 0.6337265799797195 -38.107979664701595
-0.3503292850852344 1.2191147225011756 -39.05515757591248
1.2243613339828663 -1.7174144291901718 -38.107979664701595
1.26770470366466 0.04354421791623098 -39.05515757591248
21.808571447299993 -11.633756544031339 -21.901497042259436
22.426605436049886 -9.73164351144103 -21.90149704225944
23.97531363382108 -11.28631153285253 -24.581890718822034
22.30653234393557 -10.74409162306377 -23.6221164870588
25.884241107935228 -9.803635219395812 -22.100426060986557
25.76416801582091 -10.81608333101855 -23.821045505785914
24.64817313043544 -13.607861284576426 -22.10042606098655
25.146134027071017 -12.718196363608858 -23.82104550578591
-16.860384332339507 18.444351828171342 21.590900360900008
-15.245390059413612 19.61573852285277 21.450733638958273
-17.085890820413553 20.76878853570828 24.149443074338926
-16.095232320636708 19.29321267775448 23.232234469798062
-16.376864797744208 22.88941608385866 21.503650017200215
-17.226707058967303 22.56689023876037 23.285150848040004
-19.606853343595994 20.54664269449581 21.783983461083686
-18.841701331893198 21.395503544078945 23.425317569981736
9.09314593412556 -13.62027419790801 28.322746655036767
7.954529254605287 -12.144064757802143 29.04687215939395
6.200918302159119 -12.565784540383058 29.91116438569287
5.585924029233223 -14.463713763069842 30.05133110763461
9.619890996254737 -13.538172950460723 31.745581594774603
9.664015601653096 -12.630258962840974 29.964080763934817
6.15679369676076 -13.473698528002807 31.69266521653266
7.866280043808568 -13.959892733041638 32.60987382107353
8.434027055801305 -16.42611740821454 30.244414207818288
9.00489672332884 -15.436102173147507 31.885748316716338
-27.089491866947352 -13.065641374787683 -21.140651829223312
-25.91867147369741 -14.386520384973698 -20.200195425555354
-26.536705462447305 -15.237171193325736 -18.49889380885127
-28.87834624894718 -12.595413172953704 -20.379806616187185
-28.0854136602185 -16.939319504563322 -21.088139653630662
-26.416632370332987 -16.323359449861517 -20.17393933775903
-29.99434113433265 -15.382903046193563 -18.652248911686783
-29.874268042218333 -16.469091302729343 -20.32729444059454
-28.758273156832864 -13.681601429489486 -22.054852145094944
-29.25623405346844 -15.618440494377305 -22.028596057298618
23.890382964929085 -11.811769661482481 20.86677485654282
22.681635240076712 -13.184851165177806 20.058334307167666
23.22649846767051 -14.136212886292215 18.385601531493588
24.98010942011668 -13.714493103711296 17.521309305194663
26.188857144969052 -12.341411600015972 18.32974985456982
25.643993917375255 -11.390049878901564 20.002482630243897
24.888102913929217 -15.682972842222568 21.00220320215415
23.18049521457678 -15.120452755547849 20.12604847997333
26.687717119469117 -14.277013190386015 18.397464027375484
26.641713866375383 -15.26125305964165 20.137910975855227
25.59799066428152 -12.3742897481572 21.74292957872364
26.096850638781586 -14.309891338527242 21.8106437515293
8.478151661199695 32.397955206868744 -1.1509012651254862
9.02301488879349 31.327279424949687 -2.74989389588652
7.814267163941117 31.218248931463712 -4.339560933084694
6.06065621149495 32.179894219896795 -4.330235339521835
5.5157929839011555 33.25057000181585 -2.7312427087608016
6.724540708753526 33.35960049530183 -1.1415756715626268
9.475871610199825 34.2503406949853 -4.552845254491328
9.521874863293554 32.25347216900796 -4.450865890569441
6.01465295840122 34.17676274587413 -4.432214703443722
7.722260657753657 35.21198598341837 -4.543519660928469
8.432148408105963 34.39482373284607 -1.2528806290473737
8.931008382606029 35.32101647690435 -2.953852623730295
-0.05505001319873215 -29.80114299040269 -21.14065182922332
1.5629839755511643 -29.09580068765172 -20.200195425555364
2.1810179643010588 -29.94645149600376 -18.498893808851285
-1.0550500131987328 -31.357136101505695 -20.379806616187196
3.3212800549652535 -31.94535327445281 -21.088139653630677
3.2511490096331563 -30.167905829676783 -20.173939337759045
1.2511490096331548 -33.2798920518828 -18.652248911686797
2.3212800549652517 -33.50134638555582 -20.327294440594553
0.015081032133363648 -31.578590435178715 -22.05485214509495
1.703246066215357 -32.65069557720378 -22.028596057298632
-27.371295118965243 -7.947982594110374 22.862197838288683
-27.243641332175216 -6.250591803820653 21.812164974156424
-28.316812093331315 -6.0263830203501145 20.139432198482346
-29.51763664127744 -7.4995650271692975 19.51673228694053
-29.64529042806747 -9.196955817459019 20.566765151072794
-28.57211966691137 -9.421164600929558 22.239497926746868
-30.45657744439069 -5.403179458960976 22.791416656106044
-28.786282494887935 -4.978190236245954 21.776774383065103
-31.18793159078019 -7.924554249884319 20.53137455998147
-31.657401992336816 -6.8763614657801595 22.168716744564225
-29.041590068467993 -8.372971816825396 23.876840111329624
-30.584231231180716 -7.100570249250697 23.841449520238303
-5.29111799069851 -1.7770714595924968 -36.10933952925243
-5.29111799069851 -0.07576984288841689 -35.057877305014166
-3.673084001948614 1.0998006616965308 -35.057877305014166
-3.6730840019486153 -2.30280257171163 -37.1608017534907
-5.377804730062106 1.7448458346203104 -38.0036953516742
-5.334461360380307 1.6851888042179868 -36.00505521622505
-2.0983933828805186 0.6337265799797203 -38.10797966470159
-3.7597707413122112 1.2191147225011771 -39.05515757591247
-5.334461360380308 -1.7174144291901732 -38.10797966470158
-5.377804730062106 0.04354421791622903 -39.05515757591247
-0.44208307445211625 1.0928264656818933 37.21598262203126
-0.48982556220086204 2.7284161854102806 36.065953525189634
1.0804659388002884 3.1884354005537237 34.915924428348006
2.6984999275501833 2.0128648959687783 34.915924428348006
2.746242415298928 0.37727517624038964 36.065953525189634
1.1759509142977793 -0.08274403890305226 37.21598262203126
2.9103462893005165 4.005748014903618 37.74143995534086
2.7805518645509766 3.8271013153003937 35.75366764342362
-0.36003113745132165 2.9070628850135067 38.053725837106875
1.3400547882993679 3.545728799760175 38.89146905218249
2.8760368400484686 0.555921875843616 38.05372583710688
2.958088777049263 2.37015829517523 38.891469052182494
-25.918671473697415 -11.633756544031352 -21.901497042259443
-26.536705462447312 -9.731643511441044 -21.901497042259443
-28.085413660218503 -11.286311532852544 -24.58189071882204
-26.41663237033299 -10.744091623063783 -23.622116487058804
-29.994341134332654 -9.803635219395828 -22.10042606098656
-29.874268042218336 -10.816083331018566 -23.821045505785918
-28.758273156832864 -13.60786128457644 -22.100426060986557
-29.25623405346844 -12.718196363608872 -23.821045505785914
22.751766285408813 -10.335560221376618 21.590900360900005
23.366760558334704 -8.437630998689832 21.45073363895827
25.032122299984156 -9.83173919134841 24.14944307433892
23.32263595293635 -9.34554498630958 23.232234469798055
26.829857857828685 -8.502105421147746 21.50365001720021
26.785733252430326 -9.410019408767493 23.285150848039997
25.599869311976896 -12.297963866521313 21.783983461083682
26.170738979504428 -11.307948631454275 23.425317569981733
9.093145934125587 31.42380652780853 0.4839737745499012
7.954529254605315 31.411303137181402 2.1281744077881486
6.200918302159149 32.37294842561449 2.1375000013510084
5.585924029233256 33.347097104674695 0.5026249616756203
9.619890996254767 34.448566374148676 2.08814568288481
9.664015601653125 32.4491121114485 2.10349724855505
6.156793696760793 34.372402688314665 2.122148435680768
7.866280043808602 35.41021166258176 2.0974712764476697
8.434027055801337 34.39740946956891 -1.1662528307957265
9.004896723328876 35.42271505320888 0.4532706432094229
-4.055050013198732 -29.80114299040269 -21.140651829223316
-5.673084001948626 -29.095800687651717 -20.200195425555357
-6.29111799069852 -29.946451496003757 -18.498893808851278
-3.0550500131987333 -31.3571361015057 -20.379806616187192
-7.43138008136272 -31.945353274452806 -21.088139653630666
-7.361249036030619 -30.167905829676776 -20.173939337759034
-5.361249036030622 -33.2798920518828 -18.652248911686787
-6.431380081362721 -33.50134638555581 -20.327294440594542
-4.125181058530833 -31.578590435178718 -22.05485214509495
-5.813346092612827 -32.65069557720378 -22.02859605729862
-26.13146984607472 -11.747037185845294 23.035453434791982
-25.00077634346069 -13.1231461228273 22.125587292601455
-25.690820025238057 -14.072909770761031 20.506393440617465
-27.51155720962945 -13.646564481712753 19.797065730824002
-28.642250712243477 -12.270455544730744 20.70693187301453
-27.952207030466113 -11.320691896797014 22.326125724998516
-27.123722497435196 -15.615665175031435 23.257156292585226
-25.49690266914093 -15.057460117420373 22.236438721498075
-29.138377037923718 -14.204769539323816 20.81778330191115
-28.94445968182659 -15.189319885983156 22.54782858279176
-27.758289674368985 -12.305242243456355 24.05617100587913
-28.254416000049225 -14.239556238049426 24.16702243477575
23.890382964929085 23.94619479969417 -1.2328625489751674
22.681635240076716 23.837164306208194 -2.822529586173342
23.22649846767051 22.76648852428914 -4.421522216934376
24.980109420116676 21.804843235856058 -4.430847810497235
26.18885714496905 21.91387372934203 -2.8411807732990595
25.64399391737525 22.984549511261083 -1.242188142538026
24.888102913929217 25.798580287810722 -4.634806538341008
23.18049521457678 24.76335705026647 -4.523501580856262
26.687717119469113 22.84006647340031 -4.542152767981981
26.641713866375383 24.83693499937764 -4.644132131903866
25.59799066428152 24.981418037238416 -1.3441675064599126
26.096850638781586 25.907610781296693 -3.0451395011428333
-0.055050013198718384 -5.58129752477311 -36.10933952925243
1.5629839755511772 -5.055566412653976 -35.057877305014166
2.1810179643010716 -3.1534533800636675 -35.057877305014166
-1.0550500131987186 -4.204915604301937 -37.160801753490695
3.321280054965268 -4.575409216426447 -38.0036953516742
3.2511490096331714 -4.5526222584806435 -36.005055216225045
1.2511490096331694 -1.7998584175382986 -38.10797966470158
2.321280054965267 -3.1990272959552737 -39.05515757591247
0.015081032133378969 -5.604084482718913 -38.10797966470158
1.7032460662153728 -5.101140328545581 -39.05515757591247
0.8992147122831877 -28.487710274906025 22.862197838288683
2.474082094573172 -27.84178170885457 21.81216497415642
3.018945322166968 -28.79314342996898 20.139432198482346
1.9889411674707793 -30.39043371713484 19.516732286940528
0.41407378518079474 -31.036362283186296 20.56676515107279
-0.13078944241300183 -30.085000562071887 22.239497926746864
4.272870987656476 -30.63560071901235 22.79141665610604
4.160910232259817 -28.91572693090773 21.7767743830651
2.100901922867438 -32.11030750523946 20.53137455998147
3.242866832960286 -32.232891006178214 22.168716744564225
1.0111754676798461 -30.20758406301064 23.87684011132962
2.6980036053664893 -31.281529285063804 23.841449520238303
-3.7198141080526517 0.3856427960474367 36.346286969073105
-3.7675565958013966 2.0212325157758246 35.19625787223148
-2.152562322875502 3.1926192104572473 35.05609115028974
-2.057077347378011 -0.07856022899952864 37.356149343972994
-3.7289208589351253 4.014339783796022 38.02928288059301
-3.7721099712426334 3.8355810096501175 36.037755827991425
-0.44663644989335216 2.907174959556186 38.05748057779121
-2.0661840982604844 3.5501367587490567 39.0391452554929
-3.6766249957451427 0.5644015701933409 38.33781402167469
-3.6811783711863795 2.378750064067633 39.17931197743464
-3.0550500131987306 -28.245149879299678 -21.901497042259436
-1.0550500131987304 -28.24514987929968 -21.901497042259436
-2.055050013198732 -30.198477741857126 -24.581890718822034
-2.0550500131987306 -28.443817255026897 -23.622116487058797
-0.05505001319873282 -31.555803477232914 -22.10042606098655
-1.0550500131987326 -31.754470852960132 -23.82104550578591
-4.055050013198732 -31.555803477232914 -22.100426060986553
-3.055050013198733 -31.754470852960132 -23.82104550578591
-24.93064529812859 -10.273855179026112 23.658153346333798
-25.550557934573856 -8.37432788315865 23.57152554808215
-26.979703111380253 -9.764431524157274 26.404396164769995
-25.354761930781358 -9.2825523481821 25.342624711322806
-28.996236299564146 -8.429861770085546 23.923969291735876
-28.800440295771647 -9.338086235108996 25.695068454976532
-27.75641102667361 -12.228916361820467 24.09722488823917
-28.18052765932638 -11.237613530976459 25.78169625322818
22.751766285408806 23.933691409067038 0.4113380842630795
23.3667605583347 22.959542730006824 2.0462131239384673
25.120371510780867 21.99789744157374 2.0368875303756075
26.258988190301142 22.010400832200872 0.392686897137361
25.032122299984152 25.9968059669741 2.0061843990351305
23.32263595293634 24.958996992707004 2.030861558268229
26.829857857828678 23.03570641584084 2.01221037114251
26.78573325243032 25.03516067854102 1.9968588054722716
25.59986931197689 24.98400377396126 -1.2575397082082655
26.170738979504424 26.00930935760123 0.36198376579688407
-4.05505001319872 -5.581297524773111 -36.10933952925244
-5.673084001948614 -5.055566412653978 -35.057877305014166
-6.291117990698509 -3.1534533800636706 -35.057877305014166
-3.055050013198721 -4.204915604301938 -37.16080175349071
-7.431380081362709 -4.57540921642645 -38.0036953516742
-7.361249036030607 -4.552622258480646 -36.005055216225045
-5.361249036030611 -1.7998584175382994 -38.10797966470159
-6.431380081362711 -3.1990272959552755 -39.05515757591247
-4.125181058530821 -5.604084482718914 -38.10797966470159
-5.813346092612816 -5.101140328545583 -39.05515757591247
-3.0970279923260655 -28.48253880146033 23.035453434791986
-4.75518887171187 -27.83242642550535 22.12558729260146
-5.445232553489238 -28.782190073439082 20.506393440617472
-4.477115355880801 -30.382066097327794 19.79706573082401
-2.818954476494995 -31.032178473282773 20.706931873014533
-2.1289107947176276 -30.08241482534904 22.326125724998523
-6.469688918579376 -30.621698944920954 23.257156292585233
-6.441519334838525 -28.902006497235664 22.236438721498082
-4.50528493962165 -32.101758545013084 20.817783301911156
-5.501571720970938 -32.22157496880966 22.54782858279177
-3.125197576066916 -30.20223124914562 24.056171005879133
-4.811528039193571 -31.27181132087593 24.167022434775756
-26.131469846074715 25.85697064544393 -0.20510151816197286
-25.00077634346069 25.65857625320588 -1.842835278049372
-25.69082002523805 24.635072460359105 -3.416455214141759
-27.511557209629444 23.80996305975038 -3.352341390346747
-28.642250712243474 24.008357451988434 -1.7146076304593474
-27.95220703046611 25.031861244835206 -0.1409876943669599
-27.123722497435192 27.7853707424723 -3.5661590513870554
-25.496902669140926 26.622776301720062 -3.523364044661914
-29.138377037923714 24.972557500502617 -3.395136397071889
-28.944459681826586 26.96026134186358 -3.5020452275920437
-27.75828967436898 27.019565086196167 -0.24789652488711478
-28.254416000049222 27.98376513471035 -1.9284252914996562
1.5162538694471392 -3.418583269133177 36.34628696907312
3.0865453704482886 -2.9585640539897335 35.19625787223149
3.7015396433741827 -1.06063483130295 35.05609115028975
0.560956641371885 -1.9806732615898355 37.35614934397301
4.970163926092246 -2.3059152672507324 38.02928288059302
4.813500398770842 -2.4022300530485117 36.03775582799145
2.902905942620332 0.4735899620381705 38.057480577791225
4.014866698016991 -0.8680052597073915 39.03914525549291
1.6729173967685431 -3.322268483335397 38.337814021674696
3.3998724250910977 -2.765934482394175 39.17931197743465
0.8992147122831904 33.18866273218672 -15.255896982911167
2.4740820945731747 31.9606167506033 -15.14774988255287
3.0189453221669718 30.889940968684243 -16.746742513313905
1.9889411674707815 31.04731116834861 -18.453882244433235
0.41407378518079696 32.27535714993203 -18.562029344791533
-0.1307894424129996 33.346032931851084 -16.963036714030498
4.2728709876564785 34.08591992648024 -17.208682906386386
4.160910232259819 32.40924534775006 -16.12414284429048
2.1009019228674406 32.723985747078785 -19.538422306529142
3.242866832960288 34.2432901261446 -18.91582263750572
1.0111754676798488 34.86533731091689 -16.340437045007075
2.698003605366492 35.31396590806365 -17.316830006744684
-3.0550500131987177 -6.957679445244285 -35.05787730501417
-1.0550500131987173 -6.957679445244285 -35.05787730501417
-2.05505001319872 -8.481541655541548 -38.0036953516742
-2.0550500131987186 -8.407801510628502 -36.00505521622505
-0.05505001319872038 -5.655037669686157 -38.107979664701595
-1.0550500131987208 -7.105159735070375 -39.055157575912474
-4.05505001319872 -5.655037669686157 -38.10797966470159
-3.0550500131987213 -7.105159735070375 -39.055157575912474
-2.067023837629877 -26.88524851429447 23.658153346333798
-0.06890248532524945 -26.887834251017317 23.571525548082146
-0.9493394643604458 -28.676597733161895 26.404396164769995
-0.9931795736470664 -26.98227798014525 25.342624711322802
0.9430548215698094 -30.182030027922668 23.923969291735872
0.0187777332479917 -30.276473757050603 25.69506845497653
-3.0531878830394446 -30.176858554476976 24.09722488823917
-1.9793436190566351 -30.273888020327757 25.78169625322818
-24.930645298128578 25.75510335606472 1.3910323923870505
-25.550557934573845 24.828126666076788 3.0512801267310863
-27.37129511896524 24.003017265468067 3.115393950526099
-28.572119666911366 24.10488455484727 1.519260039977076
-26.979703111380243 27.983596421635678 3.0748318859890853
-25.354761930781347 26.81841624416059 3.0309990944625786
-28.996236299564135 25.168197442943146 3.159226742052605
-28.800440295771637 27.158487021026954 3.138945709784098
-27.7564110266736 27.022150822919006 -0.16126872663546665
-28.18052765932637 28.08546371101488 1.4786979754400624
-2.4799888351621155 -3.4134117956874857 36.519542565576415
-4.142725595836756 -2.949208770640521 35.50968019067652
-4.7626382322820255 -1.0496814747730596 35.42305239242487
-1.437164710932744 -1.9780875248669898 37.44277714222466
-5.772395980143608 -2.2920134931593448 38.49502251707221
-5.788929168327503 -2.3885096193764497 36.49742016642442
-3.7032809198687593 0.482138922264542 38.3438893197209
-4.729571855914237 -0.8566892223388488 39.41825709372045
-2.463455646978222 -3.3169156694703803 38.517144916224204
-4.109659219468968 -2.7562165182063105 39.5048848919721
-3.0970279923260637 33.341314495458505 -15.173789218191075
-4.755188871711868 32.236766384583255 -14.999215540804085
-5.445232553489236 31.21326259173648 -16.572835476896472
-4.477115355880799 31.29430690976496 -18.32102909037585
-2.818954476494994 32.398855020640205 -18.49560276776284
-2.1289107947176267 33.42235881348698 -16.921982831670455
-6.469688918579374 34.4962730588984 -16.987963684239205
-6.441519334838524 32.81424566630321 -15.906302773828148
-4.505284939621649 32.97633430236016 -19.402690000786905
-5.501571720970938 34.57731737692688 -18.73615729771858
-3.125197576066914 35.0233418880537 -16.25545012860213
-4.81152803919357 35.600821169773646 -17.162537361626196
32.666508694435535 -16.862261324983333 -0.20510151816197775
32.128420907164056 -15.84821514017992 -1.842835278049377
31.368246180054587 -16.820765746059454 -3.416455214141764
31.14615924021661 -18.807362536742403 -3.3523413903467505
31.684247027488095 -19.821408721545815 -1.7146076304593512
32.444421754597556 -18.848858115666285 -0.14098769436696523
34.80714910472256 -17.210041272934795 -3.5661590513870616
33.198741112307566 -16.02210511415565 -3.523364044661919
32.75456723263161 -19.995298695521548 -3.395136397071893
34.58506216488459 -19.196638063617744 -3.502045227592048
34.27491668685054 -18.05019748376248 -0.24789652488711988
35.34523689199405 -18.22408745773821 -1.928425291499662
1.5162538694471481 34.03794427232995 13.19687984790232
3.086545370448296 32.80360013047036 13.094024894980947
3.70153964337419 31.82945145141015 14.728899934656333
2.7462424152989366 32.08964691420954 16.4666299272531
1.1759509142977886 33.32399105606913 16.569484880174475
0.5609566413718938 34.29813973512934 14.934609840499085
4.970163926092255 35.04566132021545 14.94473901614407
4.813500398770849 33.307458654413104 13.96795447910182
2.9029059426203414 33.82784958001188 17.443414464295348
4.014866698017001 35.30585678301484 16.68246900874083
1.672917396768553 35.7761469381323 14.173664384944571
3.3998724250911065 36.280005462075046 15.047593969065444
-1.5246916070868606 -4.851321803230826 35.50968019067652
0.4734297452177669 -4.853907539953672 35.42305239242487
-0.3960659119796219 -6.198145932274437 38.49502251707221
-0.4827301454956134 -6.243688871524304 36.49742016642442
1.602918102963131 -3.3730403298833123 38.3438893197209
0.6467582122497506 -4.762821661453942 39.41825709372045
-2.393324601646124 -3.36786885643762 38.5171449162242
-1.3513631400548771 -4.760235924731096 39.5048848919721
-2.0670238376298755 33.183944295794134 -13.466649487071749
-0.06890248532524834 33.107618414158246 -13.507703369431793
-0.9493394643604464 36.441374270657455 -13.840723812054438
-0.9931795736470663 34.73397418339361 -12.800116784003428
0.9430548215698096 34.89606281945056 -16.296504010962185
0.018777733247991257 36.52241858868593 -15.588917425533817
-3.053187883039445 35.04871458272234 -16.214396246242092
-1.9793436190566354 36.59874447032182 -15.54786354317377
32.19855195249615 -15.75168803732107 1.3910323923870442
31.508508270718785 -16.62771154034176 3.051280126731079
31.286421330880803 -18.61430833102471 3.1153939505260926
31.75437807282019 -19.724881618686968 1.5192600399770697
34.951168490777505 -17.01181559377141 3.074831885989081
33.34088185066713 -15.82646517171511 3.0309990944625738
32.89670797099117 -19.799658753081008 3.159226742052599
34.729081550939526 -18.998412384454358 3.1389457097840934
34.27679533454591 -18.047611747039632 -0.16126872663547154
35.419125232716894 -18.12238888143367 1.478697975440058
-2.479988835162106 34.19059603560174 13.278987612622414
-4.142725595836747 33.07974976445032 13.242559236729733
-4.762638232282014 32.152773074462395 14.902806971073767
-3.7198141080526423 32.33664265562589 16.599483081310485
-2.0570773473780015 33.44748892677732 16.635911457203168
-1.4371647109327337 34.37446561676524 14.975663722859133
-5.772395980143598 35.456014452633625 15.165458238291249
-5.788929168327492 33.71245897296626 14.185794549564148
-3.7032809198687473 34.08019813529325 17.579146770037585
-4.729571855914226 35.639884033797124 16.862134348527967
-2.4634556469782116 35.93415151526911 14.258651301349513
-4.109659219468957 36.56686072378505 15.20188661418393
32.666508694435535 7.35758414064626 -15.17378921819108
32.128420907164056 5.439255293875492 -14.999215540804093
31.368246180054594 4.46670468799596 -16.57283547689648
31.146159240216615 5.412482928887195 -18.321029090375855
31.684247027488098 7.330811775657963 -18.495602767762847
32.44442175459756 8.303362381537495 -16.92198283167046
34.80714910472257 4.506894813380807 -16.98796368423921
33.19874111230757 4.013910630242766 -15.906302773828155
32.754567232631615 5.905467112025237 -19.402690000786908
34.58506216488459 5.452673054272043 -18.736157297718588
34.27491668685054 7.850568323784301 -16.255450128602135
35.345236891994055 6.425223660151575 -17.1625373616262
-37.15907257915444 -15.943344280997911 1.281737491847894
-36.664688234578456 -14.942885612719095 -0.37798133159900377
-35.99802156791179 -15.93421370461292 -1.9819838782857924
-35.825739245821104 -17.926000464785563 -1.9262676015256839
-36.32012359039709 -18.92645913306438 -0.26654877807878546
-36.98679025706375 -17.935131041170553 1.3374537686080026
-39.44922843432597 -16.232814163605212 -1.9849723737641225
-37.80976616216422 -15.087620554022745 -2.011336264405012
-37.46520151798285 -19.07119407436803 -1.8999037108847938
-39.27694611223529 -18.224600923777853 -1.929256097004014
-38.798534851316184 -17.08853789058038 1.308101382488783
-39.94361277890195 -17.23327283188403 -0.3252535503172257
-1.524691607086851 33.930400572802355 11.541257620025647
0.4734297452177753 33.85407469116647 11.5002037376656
-0.3960659119796103 37.2028899852293 11.671707173099875
-0.4827301454956033 35.43654754761613 10.73761740026438
1.6029181029631412 35.80428670994313 14.130969620737817
0.6467582122497626 37.3867595663928 13.368383283336595
-2.3933246016461123 35.956938473214905 14.213077385457908
-1.3513631400548645 37.463085448028686 13.40943716569664
32.198551952496146 8.288546237676682 -13.466649487071749
31.50850827071878 10.165286575598342 -13.507703369431793
31.286421330880806 11.111064816489577 -15.25589698291117
31.754378072820195 10.180102719459153 -16.9630367140305
34.951168490777505 10.358128464254962 -13.840723812054433
33.34088185066713 9.788818399481034 -12.800116784003425
32.89670797099118 11.680374881263505 -16.296504010962177
34.729081550939526 11.303906705146199 -15.58891742553381
34.27679533454591 7.9268942054201865 -16.21439624624209
35.419125232716894 9.427166367224538 -15.547863543173765
-36.59455718924636 -14.846358509860252 2.8558863388374185
-35.8577594772476 -15.741159498895238 4.485751462587051
-35.68547715515692 -17.73294625906788 4.541467739347159
-36.24999254506499 -18.82993203020554 2.9673188923576355
-39.30520904827103 -16.034588484441837 4.656018563612016
-37.66762542380466 -14.891980611582216 4.543026874719479
-37.32306077962329 -18.8755541319275 4.654459428239696
-39.13292672618035 -18.026375244614478 4.711734840372125
-38.79665620362081 -17.085952153857534 1.3947291807404307
-39.869724438179105 -17.131574255579494 3.0818697166224926
33.28354785159948 8.206865680789509 13.278987612622428
32.740884183039164 6.282238673742565 13.242559236729745
32.050840501261796 5.406215170721877 14.90280697107378
31.90346048804475 6.4548186747481315 16.5994830813105
32.44612415660507 8.379445681795076 16.635911457203182
33.13616783838244 9.255469184815764 14.975663722859148
35.50444204315833 5.466636207116034 15.165458238291267
33.851331278818584 4.912123936905827 14.185794549564164
33.556571252384494 7.009330944958338 17.579146770037603
35.35706202994128 6.515239711142288 16.862134348527984
34.93665861593923 8.761377950999714 14.25865130134953
36.04710571171865 7.391263214162977 15.20188661418395
-37.15907257915442 8.276501184631625 -13.68695020818115
-36.66468823457844 6.3445848213362614 -13.53436159435366
-35.99802156791178 5.353256729442436 -15.138364141040451
-35.82573924582109 6.293845000843977 -16.89495530155473
-36.32012359039707 8.225761364139341 -17.04754391538222
-36.98679025706373 9.217089456033166 -15.44354136869543
-39.44922843432595 5.484121922710325 -15.406777006616206
-37.80976616216421 4.94839519037561 -14.394274993571187
-37.465201517982834 6.829571733178691 -17.90745731459975
-39.276946112235265 6.4247101941118645 -17.163368167130486
-38.79853485131616 8.81222791696634 -14.699452221226169
-39.94361277890193 7.41603828600569 -15.559365620443698
32.740884183039164 9.03500251468491 11.541257620025666
32.050840501261796 10.911742852606567 11.500203737665618
31.90346048804475 11.960346356632822 13.196879847902338
32.44612415660507 11.13220952273742 14.934609840499103
35.50444204315833 11.119644178826812 11.671707173099898
33.851331278818584 10.491391763703563 10.737617400264401
33.556571252384494 12.588598771756073 14.130969620737838
35.35706202994128 12.168247682853067 13.368383283336618
34.93665861593923 8.835118095912756 14.213077385457929
36.04710571171865 10.291507344931409 13.409437165696664
-36.59455718924634 9.19387576513745 -12.001795540621318
-35.857759477247576 11.051838617044817 -12.073232033575765
-35.68547715515689 11.992426888446358 -13.829823194090045
-36.24999254506496 11.075052307940531 -15.514977861649877
-39.305209048271 11.335355573584483 -12.259537134431433
-37.66762542380464 10.72330295961388 -11.288089003746459
-37.32306077962326 12.604479502416961 -14.80127132477502
-39.13292672618032 12.275943844986022 -14.016128294945712
-38.79665620362079 8.888553798602228 -14.658398338866125
-39.869724438179084 10.417980993078658 -13.944691801991265
-36.54203342199047 9.125782724774819 14.765826622632309
-36.05222495870333 7.187568201203279 14.707413183180126
-35.315427246704566 6.292767212168298 16.33727830692976
-35.068437997992945 7.336180746704858 18.025556870131577
-35.558246461280085 9.274395270276399 18.083970309583762
-36.295044173278846 10.169196259311379 16.454105185834127
-38.75193549589019 6.443863316445492 16.746644915914207
-37.15717599565318 5.8466084970386145 15.697822329821076
-36.66319749822995 7.933435566111735 19.07437945622471
-38.504946247178566 7.487276850982052 18.434923479116026
-38.13679292222747 9.723037544181697 15.814649208725443
-39.24174395917733 8.382077840017034 16.80505835536639
19.35420530593929 -32.782798595873786 -13.68695020818118
17.3640704954631 -32.90960613137981 -13.534361594353689
16.21525012429774 -32.58190568124619 -15.138364141040478
17.056564563608564 -32.12739769560655 -16.894955301554756
19.046699374084753 -32.00059016010052 -17.04754391538225
20.195519745250113 -32.32829061023415 -15.44354136869546
17.406191891936878 -35.82375889194003 -15.406777006616242
16.390063788461894 -34.43008627941293 -14.39427499357122
18.07269266708355 -33.521070308133645 -17.907457314599778
18.247506331247706 -35.36925090630039 -17.16336816713052
20.370333409414272 -34.17647120840088 -14.699452221226203
19.39632670241307 -35.696951356434006 -15.559365620443733
-36.052224958703334 9.940332042145625 13.006111566476047
-35.31542724670457 11.798294894052995 12.934675073521602
-35.06843799799295 12.841708428589554 14.62295363672342
-35.5582464612801 12.027159111218745 16.382668692879683
-38.751935495890194 12.096871288156274 13.252893850722844
-37.15717599565319 11.425876323836354 12.249645180521313
-36.663197498229955 13.512703392909474 15.626202306924949
-38.50494624717857 13.140284822692834 14.94117241392466
-38.13679292222748 9.79677768909474 15.76907529283384
-39.241743959177334 11.282321970785466 15.012608906879105
20.052235529545094 -31.96242822016892 -12.001795540621348
21.591580192461723 -30.68754985882442 -12.073232033575794
22.43289463177255 -30.233041873184774 -13.829823194090073
21.734864408166747 -31.05341224888964 -15.514977861649907
22.92654134615581 -33.878657680180964 -12.259537134431467
21.838403549653354 -32.51035776232251 -11.288089003746492
23.521032428275007 -31.601341791043225 -14.801271324775051
23.767855785466633 -33.42414969454132 -14.016128294945746
20.442343102441743 -34.15109851373224 -14.658398338866157
22.228511122550003 -34.699028055885826 -13.9446918019913
19.971244463103236 -31.93351705573055 14.765826622632355
17.97653377133821 -32.066622751512746 14.707413183180172
16.897844445504948 -31.642395198520283 16.337278306929804
17.813865811436706 -31.08506194974562 18.02555687013162
19.80857650320173 -30.95195625396342 18.083970309583805
20.887265829034998 -31.376183806955886 16.454105185834173
18.103484830372643 -34.86401749820482 16.74664491591426
17.042653954972916 -33.53187297274988 15.697822329821124
18.874696686836437 -32.41720647520055 19.074379456224758
19.019506196304405 -34.30668424943015 18.43492347911608
21.032075338502967 -33.26566158118548 15.814649208725495
20.09819552213767 -34.73091180242261 16.805058355366448
20.594567760088104 -31.215971943160714 13.00611156647609
22.133912423004737 -29.941093581816208 12.934675073521642
23.049933788936496 -29.383760333041543 14.62295363672346
22.426610491951624 -30.101305445611384 16.382668692879722
23.479814898536628 -33.117141965609136 13.252893850722895
22.348852977804803 -31.807784398100004 12.24964518052136
24.180895709668324 -30.693117900550675 15.626202306924995
24.39583626446839 -32.55980871683447 14.941172413924713
21.10220638383506 -33.242874623239686 15.769075292833888
22.856491601551756 -33.83468707817897 15.012608906879159
-21.12981709169756 -32.48530146128353 -17.13060965385813
-21.92981709169756 -31.885105380956386 -15.398626782938234
-23.547851080447458 -30.709534876371443 -15.398626782938234
-24.36588506919735 -30.134160452113637 -17.130609653858134
-23.56588506919735 -30.734356532440778 -18.862592524778034
-21.947851080447453 -31.909927037025724 -18.862592524778034
-24.661463049326663 -33.94359187346117 -15.947027842696446
-23.695640070512113 -32.614250587045206 -14.80683587735739
-25.3317080480119 -31.4635017385296 -18.27080161919719
-25.47949703807656 -33.36821744920337 -17.679010713616346
-22.09564007051211 -33.81464274769949 -18.27080161919719
-23.861463049326662 -34.54378795378831 -17.679010713616346
19.971244463103233 27.488059808325325 -21.958727544468577
17.976533771338207 27.495339916551742 -22.103904182336066
16.897844445504944 28.763415271611947 -20.99556568159619
17.813865811436703 30.02421051844573 -19.74205054298882
19.80857650320173 30.016930410219313 -19.59687390512133
20.887265829034995 28.748855055159108 -20.705212405861207
18.10348483037264 30.570317189759837 -23.69399795248415
17.042653954972913 29.036468607269 -22.971539386343853
18.874696686836433 31.55805910093657 -20.464509109129118
19.019506196304402 31.831112436593624 -22.44048281387678
21.032075338502963 29.02190839081616 -22.68118611060887
20.098195522137665 30.56303708153342 -23.548821314616657
-22.632758777198386 -34.553923224729274 11.226479338662996
-23.25079276594828 -33.70327241637723 9.525177721958915
-24.868826754698173 -32.527701911792285 9.525177721958913
-25.868826754698173 -32.20278221555938 11.226479338662992
-25.25079276594828 -33.05343302391142 12.927780955367073
-23.632758777198386 -34.229003528496364 12.927780955367075
-26.009088845362374 -35.798439654685225 9.479603806067312
-24.938957800030273 -34.325530631355214 8.651739955661073
-26.938957800030273 -33.67569123888939 12.054343189069233
-27.009088845362374 -35.47351995845232 11.180905422771392
-23.702889822530487 -36.02683224805929 12.054343189069236
-25.39105485661248 -36.64909046303727 11.180905422771394
20.5945677600881 25.593226883961435 -22.103904182336066
22.133912423004734 24.959189206431333 -20.99556568159619
23.049933788936492 26.21998445326512 -19.742050542988824
22.42661049195162 28.114817377629006 -19.596873905121335
23.479814898536628 26.664184750644743 -23.69399795248415
22.3488529778048 25.181289355121145 -22.971539386343853
24.18089570966832 27.702879848788715 -20.464509109129118
24.395836264468386 27.924979997478527 -22.44048281387678
21.102206383835057 28.97095520384892 -22.68118611060887
22.856491601551756 28.55901767500863 -23.548821314616657
-22.632758777198422 25.494252623659577 -25.8853342980719
-23.25079276594831 23.59213959106927 -25.885334298071896
-24.868826754698205 23.066408478950134 -24.83387207383363
-25.86882675469821 24.442790399421305 -23.78240984959536
-25.250792765948315 26.344903432011613 -23.78240984959536
-23.632758777198422 26.87063454413075 -24.833872073833632
-26.00908884536241 24.488364315312904 -27.77969012049366
-24.938957800030305 23.089195436895935 -26.83251220928278
-26.93895780003031 25.841959277838278 -24.729587760806243
-27.009088845362413 25.86474623578408 -26.728227896255394
-23.702889822530523 26.89342150207655 -26.832512209282783
-25.391054856612516 26.390477347903214 -27.779690120493665
31.240382177549336 -13.646875397191952 -25.885334298071882
29.62234818879944 -14.822445901776897 -25.885334298071882
29.62234818879944 -16.523747518480977 -24.833872073833614
31.240382177549336 -17.04947863060011 -23.782409849595343
32.85841616629923 -15.873908126015163 -23.782409849595346
32.85841616629923 -14.172606509311084 -24.833872073833614
31.327068916912925 -17.168792691404757 -27.779690120493647
29.665691558481235 -16.5834045488833 -26.832512209282765
32.90175953598103 -17.634866773121566 -24.72958776080623
32.94510290566282 -17.694523803523893 -26.72822789625538
32.90175953598102 -14.232263539713408 -26.832512209282765
32.94510290566282 -15.993222186819812 -27.77969012049365
-35.35048220394677 -13.646875397191977 -25.885334298071875
-33.732448215196875 -14.822445901776923 -25.88533429807188
-33.732448215196875 -16.523747518481002 -24.833872073833607
-35.35048220394677 -17.049478630600138 -23.78240984959534
-36.96851619269666 -15.873908126015191 -23.782409849595336
-36.96851619269666 -14.17260650931111 -24.833872073833607
-35.43716894331036 -17.168792691404786 -27.77969012049364
-33.775791584878675 -16.583404548883326 -26.83251220928276
-37.01185956237846 -17.634866773121594 -24.72958776080622
-37.05520293206026 -17.694523803523918 -26.728227896255373
-37.01185956237846 -14.232263539713436 -26.832512209282758
-37.05520293206026 -15.993222186819839 -27.77969012049364
-3.0550500131987155 -4.204915604301933 0.07821323477054065
-3.67308400194861 -2.3028025717116254 0.07821323477053888
-1.0550500131987146 -4.204915604301933 0.07821323477053976
-3.0550500131987155 1.950451470048573 -3.7260128304100775
-3.6730840019486104 1.0998006616965341 -2.024711213705997
-1.055050013198715 1.950451470048574 -3.726012830410078
2.7990519530509697 -2.302802571711625 -3.7260128304100757
2.1810179643010748 -3.1534533800636644 -2.0247112137059946
2.181017964301074 -0.40068953912131766 -3.726012830410076
-5.291117990698504 -1.7770714595924932 -0.9732489894677281
-5.291117990698504 -0.07576984288841304 -2.024711213705997
-0.05505001319871461 -5.581297524773106 -0.9732489894677259
1.5629839755511803 -5.055566412653973 -2.024711213705994
-4.055050013198715 -5.581297524773106 -0.9732489894677259
-0.05505001319871505 1.6255317738156685 -5.427314447114157
1.5629839755511798 0.44996126923072177 -5.427314447114157
-4.0550500131987155 1.6255317738156676 -5.427314447114157
2.7990519530509697 -3.354264795949892 -5.4273144471141554
-3.050131649679342 -4.198146057675564 0.3050077549639232
-3.67004428612461 -2.2986187618081027 0.2183799567122744
-1.052010297374715 -4.200731794398409 0.2183799567122735
-2.89331386498365 2.173062180338434 3.7319296311180334
-3.5833575467610173 1.2232985324047037 2.1127357791340438
-0.8951925126790229 2.1704764436155894 3.645301832866384
2.9607881012660338 -2.0801918614217647 3.7319296311180317
2.2707444194886675 -3.0299555093554957 2.1127357791340415
2.3408754648207664 -0.180664565554304 3.645301832866383
-5.241695189368709 -1.709046809383123 1.3057245898648957
-5.198351819686911 0.05191183772328012 2.25290250107578
-0.005627211868918236 -5.513272874563738 1.3057245898648944
1.655750146562774 -4.92788473204228 2.2529025010757775
-4.001869916478173 -5.508101401118046 1.4789801863681924
0.17797824847707555 1.9462676601450513 5.318034608540462
1.796012237226971 0.7706971555601041 5.3180346085404615
-3.8182644561321784 1.9514391335907417 5.49129020504376
3.0358375101175064 -3.0283574361748182 5.491290205043757
-3.050131649679342 2.1502752223926342 -3.618532371021339
-3.67004428612461 1.223298532404705 -1.9582846366773041
-1.0520102973747143 2.073949340756745 -3.6595862533813848
-2.89331386498365 2.3661163860561243 3.612615570313387
-3.5833575467610173 1.342612593209351 2.0389956342209996
-0.895192512679023 2.2897905044202345 3.5715616879533414
2.9607881012660346 4.268229418646429 -0.1916104948672287
2.2707444194886683 3.2447256257996577 -1.7652304309596152
2.3408754648207664 3.341252728658501 1.468637239476806
-5.241695189368709 1.9321845456343327 -0.9446801484377264
-5.198351819686912 1.9918415760366548 1.0539599870114247
-0.005627211868917126 3.6334861623384125 -4.3472833818458865
1.6557501465627749 4.218874304859867 -3.400105470635003
-4.001869916478172 3.7861379256101912 -4.265175617125797
0.177978248477076 3.886197398458423 4.119092094476109
1.796012237226971 4.411928510577555 3.0676298702378397
-3.818264456132178 4.038849161730202 4.2011998591961985
3.0358375101175072 6.2658818905534135 -0.25286559845022955
2.9875757769163354 -2.2363759946829314 -3.6185323710213395
2.2975320951389695 -3.11239949770362 -1.9582846366773037
2.2975320951389686 -0.359635656761272 -3.6595862533813843
3.1443935616120267 -2.020534831019442 3.612615570313387
2.3842188345025623 -2.9930854368989745 2.0389956342209996
2.45434987983466 -0.14379449309778264 3.5715616879533414
3.144393561612025 4.134832243331067 -0.19161049486722875
2.384218834502561 3.1622816374515357 -1.7652304309596152
2.4543498798346595 3.258808740310379 1.4686372394768061
3.4573895956586616 -4.388070505412426 -0.9446801484377261
3.500732965340458 -4.328413475010103 1.0539599870114258
3.4573895956586607 1.1174571764722705 -4.3472833818458865
3.500732965340456 2.878415823578674 -3.4001054706350033
4.837476959213394 -2.636023499371048 -4.265175617125797
3.6409950560046536 1.3701684125922815 4.119092094476109
3.640995056004653 3.0714700292963624 3.0676298702378397
5.021082419559387 -2.383312263251038 4.2011998591962
5.021082419559385 4.823517035337739 -0.25286559845022966
-7.2778706031201565 -2.1012808981484294 -3.3999439131150644
-6.541072891121393 -2.996081887183411 -1.7700787893654313
-6.5410728911213925 -0.2433180462410628 -3.4713804060695117
-7.121052818424465 -1.8854397344849394 3.831204028219662
-6.4543861517578005 -2.876767826378765 2.2272014815328727
-6.3842551064257 -0.027476882577573386 3.7597675352652145
-7.121052818424462 4.269927339865569 0.0269779630390459
-6.454386151757796 3.2785992479717443 -1.5770245836477428
-6.384255106425699 3.3751263508305875 1.6568430867886788
-7.689893262286754 -4.241370284297814 -0.7073142045171579
-7.646549892604957 -4.181713253895491 1.2913259309319935
-7.689893262286752 1.2641573975868816 -4.109917437925319
-7.646549892604954 3.0251160446932857 -3.162739526714435
-9.163488686284284 -2.451768306227851 -3.967044452016424
-7.506287801940758 1.5168686337068924 4.356458038396676
-7.506287801940758 3.218170250410974 3.3049958141584086
-8.97988322593829 -2.19905707010784 4.499331024305572
-8.979883225938288 5.007772228480936 0.04526556665914255
0.2505488084753802 -7.570997769333684 -3.399943913115064
-0.8281405173578822 -7.14677021634122 -1.770078789365431
1.7898934713920125 -6.29611940798918 -3.4713804060695113
0.4073665931710715 -7.355156605670196 3.8312040282196618
-0.7414537779942898 -7.027456155536576 2.2272014815328722
1.9467112560877036 -6.080278244325691 3.7597675352652145
6.261468559420757 -5.453043573079886 0.026977963039046593
5.112648188255396 -5.125343122946266 -1.5770245836477426
5.1827792335874925 -5.0288160200874215 1.6568430867886785
-1.6574751439260513 -8.624178593996943 -0.7073142045171583
-1.614131774244255 -8.56452156359462 1.291325930931993
3.5785928335737385 -6.9228769772928604 -4.1099174379253185
5.23997019200543 -6.3374888347714045 -3.162739526714435
0.4999035077404752 -9.472633699981873 -3.967044452016424
3.7621982939197314 -6.670165741172853 4.356458038396677
5.380232282669627 -6.144434629053718 3.304995814158408
0.6835089680864685 -9.219922463861863 4.4993310243055715
7.537610934336154 -6.992889735038647 0.04526556665914305
-4.437016024448816 -7.80833025359632 3.4808164681787033
-3.266195631198881 -7.2482964564464245 1.9591260421064556
-4.160622822198797 -5.726606030374179 1.018669638438498
-5.884229619948776 -5.346183423856119 1.9591260421064551
-6.055050013198712 -6.632759749011374 3.480816468178703
-10.291117990698504 -5.906217221006017 -0.3234095970019122
-9.120297597448566 -5.3461834238561226 -1.845100023074159
-7.396690799698588 -4.675143806135914 -1.0842548100380367
-7.502263608698671 -4.820452311736985 0.9076638178681877
-9.291117990698503 -5.58129752477311 1.3778920197021673
-2.437016024448816 -11.612556318776935 -0.32340959700191063
-2.2661956311988805 -10.325979993621678 -1.8451000230741577
-2.160622822198796 -8.479369871316527 -1.0842548100380358
-2.2661956311988796 -8.624678376917597 0.9076638178681884
-2.437016024448816 -10.561094094538667 1.3778920197021685
-7.502263608698671 -8.624678376917602 -5.247703256482318
-7.396690799698588 -6.778068254612451 -4.486858043446196
-9.120297597448568 -6.3976456480943895 -3.5464016397782387
-5.884229619948776 -9.800248881502547 -5.247703256482318
-4.160622822198797 -9.129209263782341 -4.486858043446196
-3.2661956311988805 -10.650899689854587 -3.5464016397782374
-7.843904395198543 -7.3936049620474975 3.9510446700126813
-9.46193838394844 -6.867873849928366 2.899582445774414
-4.607836417698753 -9.74474597121739 3.9510446700126822
-3.6078364176987527 -11.121127891688563 2.899582445774415
-11.46193838394844 -7.517713242394181 -0.5030207876337454
-3.6078364176987523 -13.224052340165098 -0.5030207876337436
0.2505488084753811 0.34485085018110784 -8.29220740977414
-0.8281405173578817 1.6129262052413131 -7.183868909034263
1.7898934713920123 -0.2891868273489937 -7.1838689090342625
0.4073665931710737 6.716059088195108 -4.865285533620032
-0.7414537779942876 5.134843499454122 -5.289513086612496
1.9467112560877053 6.082021410665005 -3.756947032880155
6.2614685594207575 2.462805046434907 -4.86528553362003
5.112648188255396 0.88158945769392 -5.289513086612494
5.182779233587494 3.730880401495112 -3.756947032880154
-1.6574751439260496 3.224208860154522 -8.030020363060599
-1.6141317742442531 4.985167507260924 -7.082842451849715
3.5785928335737394 -0.5800172050260946 -8.030020363060597
5.23997019200543 0.005370937495363215 -7.082842451849713
0.49990350774047565 0.6880581500341103 -10.246697364540353
3.7621982939197336 6.879523329682694 -4.0177103443850335
5.3802322826696285 5.703952825097748 -4.0177103443850335
0.6835089680864712 8.1475986847429 -6.234387345864787
7.537610934336153 3.1678021149773374 -6.234387345864785
-4.437016024448819 6.6053283435812284 -5.427314447114156
-3.266195631198883 4.9938323221930645 -5.6069256377459915
-4.160622822198798 3.472141896120819 -4.6664692340780345
-5.884229619948778 4.143181513841023 -3.905624021041911
-6.055050013198714 6.079597231462093 -4.3758522228758885
-10.291117990698506 2.352074301821025 -5.4273144471141554
-9.120297597448568 0.7405782804328629 -5.60692563774599
-7.396690799698588 1.1210008869509243 -4.666469234078033
-7.502263608698672 2.967611009256077 -3.90562402104191
-9.291117990698504 3.728456222292199 -4.375852222875888
-2.4370160244488206 4.904026726877149 -10.5312192972264
-2.266195631198884 2.967611009256081 -10.060991095392419
-2.160622822198799 2.8223025036550076 -8.069072467486194
-2.266195631198883 4.668912625960159 -7.308227254450072
-2.4370160244488206 5.9554889511154165 -8.82991768052232
-7.502263608698674 -0.8366150559245367 -10.060991095392419
-7.39669079969859 -0.9819235615256097 -8.069072467486194
-9.120297597448568 -0.31088394380540363 -7.3082272544500695
-5.88422961994878 -0.31088394380540274 -11.112453319630685
-4.160622822198799 0.06953866271265996 -10.17199691596273
-3.266195631198884 1.5912290887849063 -11.112453319630688
-7.843904395198546 6.840442444498214 -4.846080424709868
-9.461938383948441 5.664871939913269 -4.846080424709867
-4.607836417698757 7.891904668736483 -6.949004873186404
-3.6078364176987576 7.566984972503578 -8.650306489890484
-11.461938383948443 2.912108098970921 -6.9490048731864
-3.6078364176987576 5.464060524027044 -12.052909723298644
0.609035450528328 0.8382653830332094 8.238251483696052
-0.5182865532217065 2.0394035994646726 7.104050405893332
2.0997474355281884 0.13729056687436625 7.104050405893333
0.6090354505283284 6.9936324573837165 4.434025418515434
-0.5182865532217065 5.442006832872833 5.0011259574167966
2.0997474355281893 6.292657641224875 3.299824340712716
6.463137416778013 2.7403784156235202 4.4340254185154375
5.33581541302798 1.1887527911126345 5.001125957416798
5.33581541302798 3.941516632054982 3.2998243407127177
-1.3122752236384088 3.699335789386526 7.887764075616627
-1.3122752236384096 5.400637406090605 6.83630185137836
3.9237927538613815 -0.10489027579408727 7.887764075616632
5.541826742611277 0.42084083632504665 6.836301851378364
0.9423687838616606 1.2970593565236013 10.15616623122207
3.923792753861382 7.101939022794689 3.433698617970201
5.541826742611278 5.926368518209744 3.433698617970201
0.942368783861661 8.503888655112377 5.702100773575641
7.796470750111347 3.5240920853468176 5.702100773575643
7.653153919300655 -2.178694291364945 -5.427314447114153
5.758726728300739 -1.5631575839298955 -5.606925637745988
4.5879063350508025 -2.8840365941159134 -4.66646923407803
5.75872672830074 -4.315921424872242 -3.9056240210419064
7.653153919300655 -3.8799959080690254 -4.375852222875884
5.417085941800866 -9.060603893720815 -5.427314447114149
3.5226587508009493 -8.445067186285764 -5.606925637745984
3.351838357551012 -6.688262659296528 -4.666469234078027
5.140692739550844 -6.21803445746255 -3.9056240210419046
6.417085941800865 -7.68422197324964 -4.375852222875883
5.417085941800866 -0.802312370893774 -10.531219297226395
3.52265875080095 -1.2382378876969904 -10.060991095392415
3.3518383575510127 -1.182734977411834 -8.06907246748619
5.140692739550845 -0.7125067755778556 -7.308227254450068
6.417085941800867 -0.47739267466086677 -8.829917680522314
1.5226587508009501 -7.393604962047499 -10.060991095392412
1.3518383575510127 -7.338102051762342 -8.069072467486187
2.522658750800949 -8.76998688251867 -7.308227254450063
1.5226587508009501 -5.69230334534342 -11.112453319630681
1.3518383575510127 -3.9354988183541835 -10.171996915962724
2.5226587508009497 -2.6146198081681646 -11.112453319630683
8.929547121550675 -5.346183423856117 -4.8460804247098626
8.31151313280078 -7.2482964564464245 -4.846080424709862
8.929547121550677 -1.9435801904479568 -6.949004873186398
8.311513132800783 -1.0929293820959174 -8.65030648989048
6.311513132800782 -10.001060297388772 -6.949004873186395
6.311513132800781 -1.742768774561731 -12.05290972329864
-4.206309899030286 6.9228680835492575 5.210956761160287
-3.026726172083577 5.323433756224387 5.435438528119993
-3.9590806946859276 3.7495408366428338 4.626997978744837
-5.714891206165571 4.3762558450135 3.9028724743876513
-5.867687257461976 6.3374799410278 4.263778849949403
-10.049414070112595 2.684751208222469 5.718084725237144
-8.869830343165885 1.0853168808975977 5.94256649219685
-7.189069240537715 1.4067674472799845 4.907331422628309
-7.329885479091464 3.2048691503320765 4.043039196329387
-9.097675803313766 3.9947065516649514 4.5441122938328755
-1.9849189678666166 5.526284941855126 10.315782886434167
-1.832122916570209 3.5650608458408284 9.954876510872415
-1.81273917237373 3.3011232697017574 7.972463530092991
-1.9535554109274784 5.099224972753847 7.108171303794069
-2.0599683767180883 6.474450516608181 8.556422312508444
-7.058354167031252 -0.22562612608705201 10.408465551259184
-7.0389704228347725 -0.4895637022261221 8.42605257047976
-8.794780934314415 0.13715130614454463 7.701927066122575
-5.396976808599561 0.35976201643440575 11.355643462470068
-3.716215705971389 0.681212582816793 10.32040839290153
-2.7838611833690394 2.255105502398346 11.128848942276683
-7.6354775816842775 7.1273173423606755 4.764851947452892
-9.250471854610172 5.955930647679251 4.905018669394629
-4.312722864820896 8.29809362740359 6.659207769874662
-3.239552103664797 8.073884843933053 8.331940545548738
-11.153948388207828 3.3360199607942866 7.252963532203167
-3.089453285961852 6.177553694426944 11.850661693400191
-11.763253945698084 -2.178694291364949 -5.427314447114154
-9.86882675469817 -1.5631575839298981 -5.60692563774599
-8.69800636144823 -2.8840365941159156 -4.666469234078032
-9.868826754698167 -4.315921424872245 -3.9056240210419073
-11.763253945698082 -3.879995908069029 -4.375852222875885
-9.527185968198292 -9.060603893720817 -5.427314447114151
-7.632758777198377 -8.445067186285765 -5.606925637745986
-7.461938383948441 -6.68826265929653 -4.66646923407803
-9.250792765948272 -6.218034457462553 -3.9056240210419064
-10.527185968198292 -7.6842219732496435 -4.375852222875884
-9.527185968198296 -0.8023123708937767 -10.531219297226396
-7.632758777198379 -1.238237887696993 -10.060991095392419
-7.461938383948443 -1.1827349774118368 -8.069072467486194
-9.250792765948274 -0.7125067755778582 -7.30822725445007
-10.527185968198296 -0.4773926746608703 -8.829917680522316
-5.6327587771983785 -7.393604962047499 -10.060991095392415
-5.461938383948441 -7.338102051762343 -8.06907246748619
-6.632758777198378 -8.769986882518673 -7.308227254450066
-5.632758777198379 -5.6923033453434195 -11.112453319630683
-5.461938383948441 -3.935498818354184 -10.171996915962728
-6.632758777198378 -2.614619808168166 -11.112453319630685
-13.039647147948106 -5.346183423856121 -4.8460804247098626
-12.42161315919821 -7.248296456446427 -4.846080424709862
-13.039647147948106 -1.9435801904479613 -6.9490048731864
-12.421613159198213 -1.0929293820959218 -8.65030648989048
-10.421613159198209 -10.001060297388772 -6.949004873186396
-10.421613159198213 -1.7427687745617346 -12.052909723298642
7.883860044719191 -1.8611545513969192 5.2109567611602845
5.998196187416047 -1.2335561498985768 5.435438528119989
4.789448462563676 -2.6066376535939013 4.626997978744835
5.928065142083948 -4.082847093699769 3.902872474387647
7.840516675037396 -3.622113198503322 4.2637788499494
5.658789862386773 -8.72792698731937 5.71808472523714
3.773126005083629 -8.100328585821028 5.942566492196844
3.5594599167118846 -6.40249609896747 4.907331422628307
5.313070869158053 -5.980776316386553 4.043039196329383
6.610528129185605 -7.417971643876888 4.544112293832871
5.869182998383072 -0.180054155915796 10.315782886434167
3.9567314654296233 -0.6407880511122421 9.954876510872415
3.699722007376083 -0.7039142113650856 7.97246353009299
5.45333295982225 -0.28219442878416867 7.108171303794066
6.794133589531601 0.041568890831896965 8.55642231250844
1.9665681924683698 -6.782616032210011 10.408465551259182
1.709558734414828 -6.845742192462853 8.426052570479758
2.8481754139350994 -8.32195163256872 7.701927066122572
2.009911562150167 -5.021657385103608 11.355643462470066
1.7962454737784226 -3.3238248982500482 10.320408392901529
3.0049931986307947 -1.9507433945547237 11.128848942276681
9.137973935064947 -5.059308525993659 4.764851947452888
8.522979662139052 -6.957237748680443 4.905018669394623
9.224660674428542 -1.5373912317808531 6.659207769874658
8.679797446834744 -0.586029510666445 8.331940545548735
6.61950312854139 -9.577148435565405 7.252963532203163
6.8298962645376875 -1.02927560416183 11.850661693400188
1.5629839755511798 -11.860772879470293 -5.427314447114149
1.5629839755511798 -9.868854251564066 -5.606925637745985
-0.055050013198714165 -9.163511948813099 -4.666469234078028
-1.0550500131987144 -10.719505059916107 -3.9056240210419046
-0.055050013198714165 -12.386503991589427 -4.375852222875881
-5.6730840019486095 -11.860772879470295 -5.427314447114149
-5.6730840019486095 -9.868854251564066 -5.606925637745984
-4.055050013198715 -9.1635119488131 -4.666469234078028
-3.0550500131987146 -10.719505059916107 -3.9056240210419046
-4.055050013198715 -12.386503991589425 -4.375852222875881
2.1810179643010748 -9.308820454414175 -10.531219297226393
1.1810179643010756 -7.641821522740857 -10.060991095392414
1.181017964301076 -7.462210332109022 -8.06907246748619
2.1810179643010748 -9.018203443212029 -7.308227254450066
2.7990519530509697 -10.159471262766214 -8.82991768052231
-6.291117990698504 -9.308820454414175 -10.531219297226391
-5.2911179906985035 -7.641821522740857 -10.060991095392414
-5.291117990698504 -7.462210332109022 -8.069072467486189
-6.291117990698504 -9.01820344321203 -7.308227254450065
-6.909151979448399 -10.159471262766214 -8.82991768052231
-3.6730840019486095 -7.116090410621724 -11.112453319630681
-2.0550500131987137 -6.410748107870754 -10.171996915962726
-0.4370160244488188 -7.116090410621723 -11.112453319630681
-1.0550500131987146 -14.053502923262746 -4.846080424709859
-3.0550500131987146 -14.053502923262746 -4.846080424709859
2.1810179643010748 -13.002040699024477 -6.949004873186395
2.7990519530509688 -12.151389890672439 -8.650306489890475
-6.291117990698504 -13.00204069902448 -6.949004873186394
-6.909151979448399 -12.151389890672439 -8.650306489890475
1.5629839755511803 -10.45008827396836 -12.052909723298638
-5.6730840019486095 -10.45008827396836 -12.052909723298637
-11.514309525335547 -1.8360516919757806 6.051957092810705
-9.614677961915284 -1.2133517804339644 6.112328803266032
-8.483984459301256 -2.589460717415972 5.202462661075505
-9.684809007247383 -4.062642724235157 4.579762749533689
-11.557652895017341 -3.597010339082183 5.104779181599819
-9.271444536621011 -8.70860601098243 6.365379411255738
-7.371812973200747 -8.085906099440615 6.425751121711063
-7.24415918641072 -6.388515309150893 5.375718257578802
-9.064896370802115 -5.962170020102617 4.666390547785338
-10.317827622126808 -7.396064930817104 5.278034778103117
-9.061051400624716 -0.16073317957885713 10.963077572452763
-7.188207512854755 -0.6263655647318309 10.43806114038663
-7.1038970957465235 -0.6899334215485116 8.440850365043485
-8.92463428013792 -0.2635881325002334 7.7315226552500205
-10.134222161780814 0.06347560389168105 9.290344796778685
-5.182128081206755 -6.773365019275289 10.718394584270102
-5.097817664098524 -6.836932876091971 8.721183808926956
-6.2986422120446495 -8.310114882911154 8.09848389738514
-5.138784711524958 -5.012406372168887 11.665572495480987
-5.011130924734931 -3.315015581879165 10.615539631348726
-6.141824427348958 -1.9389066448971577 11.525405773539251
-12.810584146342038 -5.030905249796672 5.716423411917599
-12.19067150989677 -6.930432545664133 5.803051210169247
-12.723897406978445 -1.5089879555838661 7.610779234339369
-12.03385372520108 -0.5592243076501351 9.229973086323358
-10.097905338885177 -9.555514705994785 7.977740476474489
-9.887512202888882 -1.0076418745912115 12.575438637671514
7.88386004471919 5.49315503701794 0.665743471730653
5.998196187416048 5.413267095606305 1.3274758451850845
4.789448462563676 5.304236602120333 -0.2621911920130894
5.928065142083949 5.316739992747461 -1.9063918252513365
7.840516675037396 5.4334980066156175 -1.3328966637184991
5.658789862386778 9.017658067953592 -5.249289989173732
3.773126005083633 8.93777012654196 -4.5875576157193
3.5594599167118877 7.252533960240753 -3.5319412713638645
5.3130708691580555 6.290888671807672 -3.5412668649267243
6.610528129185608 7.381795364736037 -4.602646743069274
5.869182998383072 9.307239376530124 4.452313022135533
3.9567314654296246 9.19048136266197 3.8788178606026955
3.699722007376083 7.445588165958442 2.935794069508978
5.453332959822251 6.483942877525362 2.9264684759461184
6.794133589531599 7.634506600856048 3.863728733252721
1.9665681924683733 12.342892708292437 -1.411748902504524
1.7095587344148324 10.59799951158891 -2.3547726935982407
2.8481754139351065 10.610502902216036 -3.998973326836488
2.0099115621501706 12.402549738694757 0.5868912329446279
1.7962454737784244 10.717313572393554 1.642507577300063
3.0049931986307956 10.826344065879526 3.232174614498237
9.137973935064949 6.5244046995439815 -2.3942765418610494
8.522979662139056 7.498553378604194 -4.029151581536437
9.22466067442854 6.6437187603486265 1.6030037290372543
8.679797446834746 7.714394542267681 3.201996359798288
6.619503128541394 10.770278785039306 -5.322438073745352
6.829896264537688 11.059860093615836 4.379164937563911
1.5629839755511798 0.44996126923072133 -13.035766577475385
1.5629839755511798 -0.6015009550075465 -11.334464960771305
-0.05505001319871505 -0.07576984288841349 -10.283002736533039
-1.0550500131987148 1.3006120775827612 -11.334464960771307
-0.05505001319871505 1.6255317738156676 -13.035766577475387
-5.6730840019486095 0.44996126923071866 -13.035766577475385
-5.6730840019486095 -0.6015009550075487 -11.334464960771303
-4.055050013198715 -0.07576984288841437 -10.283002736533039
-3.055050013198715 1.3006120775827603 -11.334464960771307
-4.055050013198715 1.6255317738156667 -13.035766577475385
2.1810179643010756 -5.256377828540201 -13.035766577475385
1.1810179643010752 -5.581297524773108 -11.334464960771305
1.181017964301076 -3.879995908069027 -10.283002736533039
2.1810179643010756 -2.5036139875978534 -11.334464960771307
2.7990519530509697 -3.3542647959498932 -13.035766577475385
-6.291117990698503 -5.256377828540204 -13.035766577475384
-5.2911179906985035 -5.58129752477311 -11.334464960771303
-5.291117990698504 -3.87999590806903 -10.283002736533037
-6.291117990698504 -2.503613987597856 -11.334464960771303
-6.909151979448399 -3.354264795949897 -13.035766577475384
-3.055050013198714 -7.607518837710096 -13.035766577475384
-3.6730840019486095 -6.756868029358056 -11.334464960771303
-2.055050013198714 -6.231136917238921 -10.283002736533037
-0.4370160244488188 -6.7568680293580545 -11.334464960771303
-1.055050013198714 -7.607518837710094 -13.035766577475384
-1.0550500131987153 1.950451470048573 -14.737068194179466
-3.0550500131987155 1.9504514700485722 -14.737068194179466
2.181017964301074 -0.400689539121319 -14.737068194179466
2.7990519530509697 -2.302802571711626 -14.737068194179466
-6.291117990698504 -0.4006895391213212 -14.737068194179464
-6.909151979448399 -2.302802571711629 -14.737068194179463
1.5629839755511798 -6.10702863689224 -14.737068194179464
-0.05505001319871461 -7.2825991414771885 -14.737068194179463
-5.6730840019486095 -6.1070286368922435 -14.737068194179464
-4.055050013198715 -7.2825991414771885 -14.737068194179464
1.8119283959137182 -11.518130280081127 6.051957092810701
1.8171327683340648 -9.519048448068135 6.1123288032660295
0.15897188894826075 -8.868936072113158 5.2024626610755025
-0.8710322657479284 -10.46622635927902 4.579762749533687
0.15055103748202647 -12.103518422602583 5.104779181599818
-5.417342570371327 -11.508774996731912 6.365379411255736
-5.41213819795098 -9.50969316471892 6.425751121711063
-3.837270815660993 -8.863764598667467 5.375718257578801
-2.869153618052555 -10.463640622556175 4.666390547785336
-3.8456916671272277 -12.098346949156891 5.278034778103116
2.647152531874655 -8.667241263099255 10.96307757245276
1.6255692286447 -7.029949199775695 10.438061140386628
1.539059252502994 -6.969408776245697 8.440850365043481
2.5071764501114306 -8.569284800134405 7.731522655250019
3.192015759468451 -9.618602984213663 9.290344796778681
-5.817025343781552 -8.656287906569364 11.330038814587883
-4.840487294706879 -7.0215815799686485 10.7183945842701
-4.926997270848586 -6.961041156438651 8.721183808926956
-5.9570014255447745 -8.558331443604512 8.098483897385142
-6.507069025558918 -9.606051554503095 9.710844962603893
-3.1791099362751876 -6.436193437447192 11.665572495480987
-1.6042425539852023 -5.7902648713957365 10.615539631348726
0.053918325400602374 -6.440377247350717 11.525405773539248
-0.8259870115926455 -13.7382247492033 5.716423411917596
-2.824108363897272 -13.735639012480453 5.8030512101692455
2.4967677052707375 -12.567448464160382 7.610779234339365
3.186811387048104 -11.617684816226653 9.229973086323353
-5.9674101703854685 -12.556495107630493 7.977740476474487
-6.512273397979266 -11.605133386516084 9.650473252148565
2.0970849318605116 -9.714961373997836 12.57543863767151
-5.132186034424533 -9.705606090648622 12.888860956116545
-11.514309525335547 6.234142261266965 1.0643029339028118
-9.614677961915284 6.009660494307261 1.6482617163182616
-8.483984459301258 5.811266102069209 0.01052795643086224
-9.684809007247384 5.913133391448418 -1.58560595411816
-11.557652895017343 6.174485230864644 -0.9343372015463397
-9.271444536621011 9.58797543242217 -4.942529798698914
-7.371812973200748 9.363493665462466 -4.358571016283463
-7.244159186410721 7.665219482045067 -3.3099675122572085
-9.064896370802115 6.8401100814363485 -3.245853688462195
-10.317827622126808 8.028438610840503 -4.254832670234411
-9.061051400624713 9.877556740998699 4.759073212610352
-7.188207512854753 9.616204901582472 4.1078044600385315
-7.103897095746522 7.858273687762754 3.1577678286156345
-8.924634280137916 7.033164287154034 3.221881652410648
-10.134222161780812 8.28114984696051 4.211542806087585
-5.182128081206752 12.615964483941163 -1.2648700677887783
-5.097817664098522 10.858033270121442 -2.2149066992116753
-6.298642212044649 10.959900559500651 -3.811040609760697
-5.138784711524956 12.675621514343483 0.7337700676603741
-5.011130924734927 10.977347330926088 1.782373571686629
-6.141824427348954 11.17574172316414 3.420107331574029
-12.810584146342038 7.362813760268798 -1.943316183318556
-12.19067150989677 8.289790450256728 -3.6035639176625915
-12.723897406978443 7.482127821073442 2.0539640875797485
-12.033853725201077 8.505631613920215 3.6275840236721337
-10.097905338885173 11.408864093420062 -4.978958174591597
-9.887512202888876 11.69844540199659 4.722644836717667
2.1255639653050995 1.2242861959468723 12.905800845118922
2.0532333609395277 0.07326943556307741 11.271809198571209
0.39049660026488664 0.5374724606100436 10.26194682367132
-0.5648006278103676 1.9753824681533838 11.271809198571209
0.507529976555205 2.3998567005318185 12.905800845118922
-5.103707000979942 1.2336414792960855 13.219223163563955
-5.176037605345516 0.08262471891229062 11.585231517016243
-3.6057461043443677 0.542643934055735 10.435202420174615
-2.5629219801149947 1.977968204876229 11.358436996822856
-3.4887127280540495 2.40502817397751 13.07905644162222
2.7503949652697415 -4.472697618474833 13.219223163563955
1.6780643609041686 -4.897171850853269 11.585231517016243
1.6303218731554228 -3.2615821311248783 10.435202420174615
2.673145997384796 -1.8262578603043838 11.358436996822856
3.365389238195635 -2.574768395788049 13.07905644162222
-5.713782910386463 -4.461744261944942 13.586184405699075
-4.787992162447411 -4.888804231046223 11.865564960899716
-4.835734650196157 -3.253214511317833 10.71553586405809
-5.7910318782714105 -1.815304503774493 11.725398238957979
-6.333695546831733 -2.5622169660774814 13.499556607447428
-2.477714932886675 -6.812885271114835 13.586184405699075
-3.1699581736975153 -6.064374735631169 11.865564960899716
-1.5996666726963669 -5.604355520487725 10.71553586405809
0.06307008797827396 -6.068558545534692 11.725398238957979
-0.4795935805820478 -6.8154710078376795 13.49955660744743
-0.41826077138384843 2.8269166696330985 14.626420289918283
-2.416382123688476 2.8295024063559446 14.71304808816993
2.8178072061159414 0.47577566046320685 14.626420289918283
3.437719842561208 -1.4237516354042539 14.71304808816993
-5.646370669540264 0.48672901699309756 14.993381532053405
-6.261364942466159 -1.411200205693686 15.13354825399514
2.2077312967094196 -5.219610080777821 14.993381532053405
0.5927370237835252 -6.390996775459245 15.13354825399514
-5.021539669575625 -5.2102547974286075 15.306803850498438
-3.4035056808257282 -6.385825302013554 15.306803850498438
1.8119283959137202 10.564099438566712 -7.595611420696688
1.8171327683340668 9.724080964171957 -5.780579223411135
0.15897188894826209 8.61953285329671 -5.606005546024145
-0.8710322657479265 8.776903052961075 -7.3131452771434775
0.15055103748202892 9.978711296045258 -8.54278933190757
-5.417342570371324 10.840249072546664 -7.447077078947906
-5.412138197950977 10.000230598151909 -5.6320448816623525
-3.8372708156609923 8.77218461656849 -5.523897781304055
-2.8691536180525534 8.853228934596967 -7.272091394783433
-3.845691667127225 10.131363059317037 -8.460681567187484
2.6471525318746565 13.681782806179312 -2.849378917750878
1.6255692286447017 12.47997456309513 -1.6197348629867836
1.5390592525029956 10.666540438990255 -2.45876567383937
2.5071764501114338 10.747584757018728 -4.206959287318749
3.192015759468452 12.611107024260257 -4.448371548511913
-5.817025343781549 14.005104429231542 -2.6754718813334484
-4.840487294706878 12.72697030451147 -1.4868817089293982
-4.9269972708485845 10.913536180406595 -2.3259125197819848
-5.957001425544773 11.07090638007096 -4.033052250901319
-6.507069025558916 12.981600636384773 -4.249091817425835
-3.1791099362751862 13.312358447032926 -0.5397037977185128
-1.6042425539852012 12.084312465449509 -0.4315566973602154
0.05391832540060393 13.188860576324753 -0.6061303747472051
-0.8259870115926428 11.25684542076533 -9.731379504311622
-2.8241083638972704 11.33317130240122 -9.690325621951576
2.4967677052707398 12.42762170580824 -7.837023681889852
3.186811387048107 13.451125498655012 -6.263403745797465
-5.967410170385466 12.750943328860474 -7.663116645472422
-6.512273397979263 13.821619110779526 -6.064124014711387
2.0970849318605147 15.592477062493119 -3.0654184842753955
-5.13218603442453 15.86862669647307 -2.9168841425266137
9.487138942910963 -9.024303200627177 1.0643029339028114
8.686625659506579 -7.2870149045942485 1.648261716318261
8.148537872235092 -6.272968719790835 0.010527956430862656
8.616494614174481 -7.3835420074530935 -1.58560595411816
9.44379557322917 -9.083960231029499 -0.9343372015463404
11.983740437303595 -5.854820391754581 -4.9425297986989145
11.183227153899207 -4.1175320957216535 -4.358571016283464
9.528625235789825 -4.520921713749459 -3.309967512257208
9.306538295951846 -6.507518504432406 -3.245853688462195
10.823882936783903 -7.331913224988122 -4.254832670234411
12.194133573299888 -5.565239083178047 4.7590732126103505
11.366832614245197 -3.8648208596016413 4.107804460038531
9.668887326454021 -4.327867508031769 3.157767828615635
9.446800386616042 -6.314464298714716 3.221881652410648
11.007488397129896 -7.0792019888681095 4.211542806087584
13.599860875920989 -1.0299492539392032 -1.2648700677887785
11.901915588129812 -1.4929959023693309 -2.214906699211675
12.3698723300692 -2.60356919003159 -3.8110406097606973
13.643204245602785 -0.9702922235368803 0.7337700676603736
11.988602327493405 -1.373681841564684 1.7823735716866294
12.526690114764891 -2.387728026368099 3.4201073315740285
10.961140214061228 -9.908354951585217 -1.9433161833185568
11.651183895838594 -9.032331448564529 -3.6035639176625924
11.047826953424819 -9.789040890780571 2.0539640875797476
11.808001680534284 -8.816490284901038 3.6275840236721337
13.970898896877978 -6.078145782097444 -4.978958174591598
14.181292032874271 -5.78856447352091 4.7226448367176665
2.125563965305101 10.99578176589369 6.866684461972763
2.053233360939528 10.049045551246643 5.106440494919362
0.39049660026488753 8.938199280095217 5.0700121190266785
-0.5648006278103666 9.198394742894603 6.807742111623442
0.5075299765552062 10.470050653774557 7.9181466862110295
-5.1037070009799415 11.27193139987364 7.015218803721546
-5.176037605345515 10.325195185226592 5.254974836668144
-3.605746104344366 9.090851043366996 5.152119883746769
-2.5629219801149934 9.274720624530493 6.8487959939834875
-3.4887127280540478 10.622702417046337 8.00025445093112
2.750394965269743 13.823883824929755 1.911313953609302
1.67806436090417 12.552227914049801 0.8009093790217157
1.6303218731554243 10.792152660071075 1.7495166503386064
2.6731459973847964 10.97602224123457 3.4461927605753253
3.3653892381956374 12.849735145869547 3.54618899328469
-5.7137829103864615 14.147205447981985 2.085220990026734
-4.787992162447409 12.799223655466141 0.9337625330791024
-4.835734650196155 11.039148401487417 1.8823698043959927
-5.791031878271408 11.299343864286802 3.6200997969927573
-6.333695546831729 13.22022875799406 3.7454687243707685
-2.477714932886672 15.198667672220251 -0.0177034584498017
-3.169958173697513 13.324954767585275 -0.11769969115916545
-1.5996666726963649 12.090610625725681 -0.2205546440805426
0.06307008797827596 13.201456896877104 -0.1841262681878586
-0.47959358058204526 15.122341790584361 -0.05875734080984696
-0.4182607713838469 11.8180324462904 9.069605143158661
-2.416382123688474 11.894358327926291 9.110659025518707
2.8178072061159427 12.869494670528665 6.966680694682126
3.43771984256121 13.796471360516595 5.306432960338089
-5.6463706695402625 13.192816293580897 7.140587731099558
-6.261364942466157 14.166964972641107 5.5057126914241685
2.2077312967094223 15.744768718637014 2.0366828809873136
0.5927370237835277 16.39399770146432 1.0516472337777394
-5.0215396695756205 16.020918352616963 2.1852172227360978
-3.4035056808257247 16.546649464736095 1.13375499849783
9.487138942910967 4.987732564777922 -7.595611420696691
8.686625659506579 4.733102232904624 -5.780579223411137
8.148537872235092 2.8147733861338575 -5.606005546024146
8.616494614174481 1.883811289103432 -7.313145277143478
9.44379557322917 3.226773917671518 -8.542789331907574
11.983740437303595 -1.8023777658806046 -7.447077078947907
11.183227153899205 -2.057008097753903 -5.632044881662353
9.528625235789827 -0.9387072897094622 -5.523897781304054
9.30653829595185 0.007070951181772589 -7.272091394783432
10.823882936783905 -0.5267067581718003 -8.460681567187482
12.194133573299888 6.74549506552297 -2.8493789177508826
11.3668326142452 5.402532436954884 -1.6197348629867867
9.668887326454023 4.759874597892922 -2.4587656738393724
9.446800386616044 5.705652838784157 -4.2069592873187505
11.007488397129896 6.932833776536986 -4.448371548511916
15.117205516753046 -1.2045045820291054 -2.6754718813334506
13.59986087592099 -0.6707268726755329 -1.4868817089294
11.901915588129814 -1.313384711737494 -2.3259125197819857
12.369872330069201 -2.24434680876792 -4.033052250901318
14.357030789643584 -2.1770551879086377 -4.249091817425837
13.643204245602787 1.0902317744308698 -0.5397037977185155
11.988602327493407 2.2085325824753115 -0.43155669736021807
12.526690114764893 4.126861429246079 -0.6061303747472087
10.961140214061228 2.692996208317947 -9.731379504311626
11.651183895838594 0.8162558703962866 -9.69032562195158
11.04782695342482 6.214913502530751 -7.837023681889856
11.808001680534284 7.187464108410284 -6.26340374579747
13.970898896877978 -1.7350861450213233 -7.663116645472424
15.157544073047971 -1.9224248560353394 -6.06412401471139
14.181292032874273 6.812786686382253 -3.065418484275401
16.6778935272669 0.02267635572372484 -2.9168841425266177
-13.748538189326933 -8.71851756510637 1.5590744854469623
-12.878476470965062 -7.003214332632944 2.1074606877783157
-12.38409212638908 -6.002755664354129 0.4477418643314181
-12.948607516297157 -7.099741435491788 -1.1264069826581053
-13.79188155900873 -8.778174595508691 -0.43956565000219017
-16.414297354171612 -5.481097173610779 -4.337832929357265
-15.54423563580974 -3.7657939411373538 -3.7894467270259096
-13.857687550386606 -4.213153686284161 -2.811988383167849
-13.68540522829592 -6.2049404464568045 -2.7562721064077387
-15.265476983006254 -6.988572617438724 -3.6992958975014565
-16.20390421817532 -5.191515865034251 5.363770081952002
-15.36063017546375 -3.5130827050173465 4.676928749296086
-13.717425459722412 -4.020099480566476 3.655746957704995
-13.545143137631728 -6.011886240739119 3.7114632344651044
-15.081871522660265 -6.735861381318717 4.767079578820539
-17.744957657158057 -0.6174458781660963 -0.5974255853138339
-16.10175294141672 -1.1244626537152262 -1.6186073769049247
-16.666268331324794 -2.221448424852886 -3.192756223894449
-17.70161428747626 -0.5577888477637751 1.4012145501353181
-16.015066202053127 -1.0051485929105821 2.378672893993379
-16.509450546629107 -2.0056072611893994 4.038391717440277
-15.371953313719063 -9.561806766490612 -1.3825894410959088
-16.108751025717826 -8.667005777455628 -3.012454564845542
-15.285266574355473 -9.442492705685968 2.614690829802396
-15.95193324102214 -8.451164613792143 4.218693376489184
-18.406391768048543 -5.652054889799736 -4.289528628557156
-18.19599863205225 -5.362473581223208 5.412074382752108
9.800774512302347 5.419414892104903 6.8666844619727625
8.922726252112039 5.058066819979311 5.106440494919361
8.380062583551718 3.1334398129323677 5.070012119026678
8.922726252112039 2.3053029790369646 6.807742111623444
9.80077451230235 3.7181132754008224 7.9181466862110295
12.297376006694977 -1.3706954385536232 7.015218803721549
11.41932774650467 -1.7320435106792136 5.254974836668146
9.760149947106454 -0.6200408629109506 5.15211988374677
9.612769933889409 0.4285626411153052 6.848795993983487
11.180861875857085 -0.035367400442495533 8.00025445093112
12.297376006694975 6.88759608427342 1.9113139536093042
11.419327746504667 5.4747857879095605 0.800909379021717
9.760149947106452 4.885486818973744 1.7495166503386064
9.612769933889407 5.9340903229999995 3.4461927605753253
11.18086187585708 7.17146189814628 3.54618899328469
15.220447950148134 -1.062403563278655 2.085220990026738
13.65235600818046 -0.5984735217208543 0.9337625330791046
11.993178208782247 -1.1877724906566707 1.8823698043959949
12.535841877342568 -2.0159093245520747 3.620099796992759
14.53040426837077 -1.9384270662993437 3.745468724370772
15.220447950148133 2.340199670129505 -0.01770345844979815
13.652356008180462 1.102828094983225 -0.11769969115916279
11.993178208782243 2.2148307427514893 -0.22055464408054082
12.535841877342564 4.139457749798433 -0.18412626818785682
14.530404268370765 4.216940008051164 -0.058757340809844294
11.368866454270023 3.2541832338430225 9.069605143158661
12.058910136047391 1.3774428959213623 9.110659025518707
11.368866454270021 6.656786467251181 6.966680694682127
12.058910136047386 7.532809970271869 5.306432960338091
14.291938397723182 -1.293213180300893 7.140587731099561
15.40845252856108 -1.5770789941737524 5.505712691424172
14.291938397723177 6.965078342526151 2.0366828809873163
15.408452528561075 5.629750304415022 1.0516472337777434
16.78853989211581 0.174968011867624 2.185217222736102
16.78853989211581 1.8762696285717035 1.1337549984978343
-13.748538189326922 5.293518200298729 -7.100839869152537
-12.878476470965051 5.016902804865932 -5.321380251951081
-12.384092126389074 3.0849864415705666 -5.168791638123589
-12.948607516297152 2.167611861064739 -6.853946305683422
-13.791881559008718 3.5325595531923266 -8.04801778036342
-16.414297354171612 -1.4286545477368104 -6.842380209606251
-15.544235635809743 -1.7052699431696094 -5.0629205924047955
-13.857687550386606 -0.6309392622441679 -5.025918652214694
-13.685405228295918 0.30964900915737203 -6.782509812728975
-15.265476983006252 -0.1833661506224069 -7.905144794454524
-16.20390421817531 7.119218283666764 -2.2446820484092256
-15.360630175463742 5.754270591539178 -1.0506105737292284
-13.717425459722405 5.067642625358216 -1.9607865447500106
-13.545143137631717 6.008230896759757 -3.7173777052642913
-15.081871522660252 7.276174384086378 -3.8928347757789563
-19.325029411868396 -0.7512386566822151 -1.9420722081800004
-17.74495765715806 -0.2582234969024362 -0.8194372264544496
-16.101752941416724 -0.9448514630833973 -1.7296131974752327
-16.666268331324797 -1.8622260435892244 -3.4147678650350657
-18.658362745201728 -1.7425667485760394 -3.5460747548667895
-17.70161428747626 1.5027351502039665 0.12774068475643485
-16.015066202053127 2.577065831129408 0.16474262494653757
-16.509450546629104 4.508982194424774 0.012154011119045904
-15.371953313719054 3.039544393412548 -9.17065276208897
-16.108751025717822 1.1815815415051802 -9.099216269134523
-15.28526657435546 6.561461687625353 -7.2762969396672
-15.951933241022124 7.552789779519178 -5.672294392980411
-18.406391768048543 -1.3089952527236273 -6.973687099437974
-19.5284244635636 -1.4659513531432422 -5.325534372068244
-18.19599863205224 7.238877578679949 -2.37598893824095
-20.86175779689693 0.5167048306444078 -2.1175292786946653
-4.043270994413181 -15.769806927866505 1.5590744854469638
-2.6807845348760746 -14.41227121169892 2.1074606877783166
-1.8820649633524313 -13.632925028567744 0.4477418643314182
-2.750915580208173 -14.508798314557765 -1.1264069826581047
-4.086614364094977 -15.829463958268828 -0.43956565000218784
-0.14053635024672506 -17.304676633557442 -4.337832929357262
1.221950109290381 -15.947140917389856 -3.7894467270259096
0.27531368831409536 -14.481380134552678 -2.811988383167848
-1.6722262543749098 -14.933025867550231 -2.756272106407738
-1.9292357124284516 -16.67791906425376 -3.6992958975014547
0.06985678574957069 -17.01509532498091 5.363770081952003
1.4055555696363748 -15.694429681269845 4.676928749296086
0.4155757789782924 -14.288325928834988 3.655746957704995
-1.5319641637107124 -14.739971661832543 3.7114632344651053
-1.7456302520824574 -16.425207828133747 4.767079578820541
4.896267554636234 -17.06725888068186 -0.5974255853138326
3.9062877639781495 -15.661155128247 -1.6186073769049243
3.037437147122409 -16.53702841423702 -3.192756223894447
4.93961092431803 -17.007601850279535 1.4012145501353197
3.992974503341744 -15.541841067442354 2.3786728939933797
3.194254931818101 -16.32118725057353 4.038391717440279
-4.343623822148519 -17.574357154972358 -1.3825894410959052
-3.264934496315256 -17.998584707964824 -3.0124545648455383
-4.256937082784926 -17.45504309416771 2.6146908298023988
-3.108116711619565 -17.782743544301333 4.2186933764891865
0.3124642280481965 -19.25209984657219 -4.289528628557154
0.5228573640444922 -18.962518537995656 5.412074382752111
-13.434902619935542 5.725200527625704 7.3614560135169205
-12.64237587835959 5.341867391940616 5.56563946637942
-12.152567415072447 3.4036528683690754 5.5072260269272375
-12.642375878359589 2.5891035509982667 7.266941083083499
-13.434902619935542 4.023898910921623 8.412918237755186
-16.100661784780225 -0.9969722204098392 7.619915673063199
-15.308135043204274 -1.3803053560949277 5.824099125925699
-13.626162839069975 -0.31227283544566076 5.650099012836129
-13.379173590358354 0.7311406990908993 7.338377576037946
-14.908498043933069 0.30797320710688814 8.555791223664077
-16.10066178478023 7.261319302417208 2.5160108229509595
-15.308135043204278 5.826523942493852 1.3700336682792744
-13.626162839069977 5.193254846439038 2.24749577942797
-13.379173590358356 6.236668380975598 3.935774342629787
-14.908498043933072 7.514802505695668 4.101725766017653
-19.221786978473304 -0.6091376379317754 2.8186206631801776
-17.692462524898588 -0.18597014594776473 1.601207015554046
-16.01049032076429 -0.8192392420025785 2.478669126702741
-16.50029878405143 -1.6337885593733867 4.238384182859005
-18.48498926647454 -1.5039386269667565 4.448485786929811
-19.221786978473304 2.7934655954763863 0.7156962147036436
-17.692462524898588 1.5153314707563164 0.5497447913157796
-16.01049032076429 2.5833639914055833 0.3757446782262086
-16.500298784051434 4.521578514977125 0.4341581176783942
-18.484989266474543 4.651428447383754 0.6442597217491972
-14.964227073510255 3.600731418937613 9.630331885381318
-15.70102478550902 1.7427685670302449 9.701768378335764
-14.964227073510257 7.0033346523457745 7.527407436904785
-15.701024785509022 7.898135641380756 5.89754231315515
-18.085352267203334 -0.867122288003209 7.8300172771340035
-19.277516008050487 -1.1206054912816672 6.244302334067309
-18.085352267203337 7.391169234823839 2.726112427021764
-19.277516008050494 6.08622380730711 1.7902368764208836
-20.75111143204802 0.6689964867882949 2.9845720865680425
-20.751111432048017 2.370298103492375 1.9331098623297764
9.282966926836085 -11.439849750566747 -7.100839869152535
8.751026195373273 -10.697850741834213 -5.321380251951079
6.760891384897085 -10.824658277340234 -5.1687916381235866
6.062861161291281 -11.645028653045099 -6.8539463056834204
7.621589568404393 -12.025237893088203 -8.04801778036342
3.7135656160029633 -16.052402993432942 -6.8423802096062545
3.1816248845401534 -15.310403984700407 -5.062920592404798
3.6822020590638234 -13.374415000029249 -5.025918652214694
4.523516498374649 -12.919907014389604 -6.782509812728974
4.542900242571131 -14.574994615777216 -7.905144794454526
11.77806071824894 -13.210869259800283 -2.2446820484092274
10.21933231113583 -12.830660019757179 -1.0506105737292288
9.058532127227808 -11.480059177607476 -1.9607865447500097
9.899846566538635 -11.025551191967834 -3.7173777052642905
11.580607669166808 -12.095250650833988 -3.892834775778957
5.257292085332592 -18.611340661499156 -1.9420722081800066
5.237908341136111 -16.956253060111543 -0.8194372264544549
4.07710815722809 -15.60565221796184 -1.7296131974752358
3.3790779336222867 -16.426022593666705 -3.414767865035069
4.108471714167232 -18.283640211365533 -3.5460747548667957
6.899285699567802 -16.370864917590087 0.1277406847564313
7.399862874091472 -14.434875932918926 0.16474262494653402
9.38999768456766 -14.308068397412905 0.012154011119044128
7.640973312600876 -13.680325494475813 -9.170652762088972
6.101628649684244 -14.955203855820322 -9.099216269134523
10.963728029464257 -12.5095492094329 -7.276296939667201
12.112548400629617 -12.83724965956652 -5.672294392980412
4.442959396547908 -17.91002061113177 -6.97368709943798
4.640412445630043 -19.025639220098064 -5.325534372068251
12.507454498793884 -15.068486877499113 -2.375988938240954
6.938053187960764 -19.681040120365306 -2.117529278694673
-4.04327099441318 8.446950669129288 -13.407704806813662
-2.680784534876072 8.330333771016715 -11.94824218425266
-1.8820649633524296 6.497301917214157 -11.993422589410784
-2.7509155802081726 5.481042827215523 -13.480808237985002
-4.086614364094976 6.685992022022884 -14.354882718024548
-0.140536350246726 3.859010934225375 -17.417711173530638
1.221950109290381 3.7423940361128025 -15.958248550969634
0.27531368831409553 3.9611512070937485 -14.21009959089054
-1.67222625437491 4.212967472155318 -14.589146738724878
-1.929235712428452 4.149841311902475 -16.5715597195043
0.0698567857495737 12.406883765628951 -12.820013012333611
1.4055555696363784 11.201934570821589 -11.945938532294065
0.41557577897829523 9.659733094696133 -11.144967483425855
-1.5319641637107098 9.9115493597577 -11.524014631260194
-1.7456302520824551 11.60938184661126 -12.559249700828731
4.896267554636235 7.098356521254583 -15.532597262768506
3.906287763978153 5.5561550451291275 -14.731626213900297
3.0374371471224086 4.539895955130493 -16.219011862474513
4.939610924318032 8.859315168360986 -14.585419351557622
3.9929745033417468 9.078072339341933 -12.837270391478526
3.1942549318181044 10.911104193144489 -12.792089986320402
-4.343623822148518 6.622865861770041 -16.33729569880397
-3.264934496315257 5.354790506709836 -17.445634199543846
-4.256937082784924 10.144783155982847 -14.4429398763822
-3.1081167116195623 11.725998744723833 -14.018712323389737
0.31246422804819546 4.773129751355636 -19.13793710759652
0.5228573640444951 13.321002582759212 -14.540238946399494
9.596602496227463 -11.008167423239762 7.361456013516916
8.987126787978731 -10.372886154759522 5.565639466379416
6.9924160962137085 -10.505991850541722 5.507226026927233
6.36909279922884 -11.223536963111563 7.266941083083497
7.9785685074775685 -11.533898535358897 8.412918237755182
4.027201185394344 -15.62072066610596 7.619915673063202
3.4177254771456136 -14.985439397625719 5.824099125925703
3.913726770380447 -13.055748573230735 5.6500990128361295
4.829748136312207 -12.498415324456072 7.338377576037944
4.899879181644308 -14.083655258047912 8.55579122366408
11.881303151644024 -13.068768241049835 2.5160108229509577
10.271827443395297 -12.7584066688025 1.3700336682792726
9.149794747880236 -11.354446956526653 2.2474957794279673
10.065816113811996 -10.797113707751986 3.9357743426297835
11.753981147893988 -11.856622529224694 4.1017257660176485
5.360534518727679 -18.469239642748708 2.8186206631801864
5.29040347339558 -16.883999709156868 1.6012070155540528
4.1683707778805195 -15.480039996881017 2.4786691267027474
3.5450474808956507 -16.19758510945086 4.238384182859011
4.2818451928944175 -18.045012089756238 4.44848578692982
8.596602496227469 -17.417777418510436 0.7156962147036507
6.908437462145475 -16.358268597037732 0.5497447913157849
7.4044387553803075 -14.428577772642747 0.37574467822621216
9.399149447145332 -14.29547207686055 0.4341581176783951
10.135947159144099 -16.14289905716593 0.6442597217492025
8.04869955280967 -13.119138468950737 9.630331885381317
6.5093548898930385 -14.394016830295245 9.701768378335764
11.284767530309457 -12.067676244712466 7.527407436904781
12.363456856142722 -12.491903797704932 5.897542313155147
4.763998897393112 -17.46814764641134 7.83001727713401
4.891320901143149 -18.68029335823648 6.244302334067317
12.618100863642795 -14.916195221355213 2.726112427021765
11.745422867392833 -16.45326062941326 1.7902368764208876
7.0486995528096745 -19.52874846422141 2.9845720865680523
8.666733541559568 -19.003017352102276 1.9331098623297844
-12.698006361448225 -11.321939307574798 -8.111472917994975
-12.268826754698164 -10.731224256209082 -6.249522168581913
-10.279972372698332 -10.746564883316989 -6.039229723734257
-9.479972372698331 -11.34676096364413 -7.771212594654157
-10.974399563698245 -11.702361914092858 -9.051929321662932
-6.84390439519854 -15.575193349334995 -8.111472917994973
-6.414724788448477 -14.984478297969279 -6.249522168581911
-7.04390439519854 -13.097705892486882 -6.039229723734257
-7.861938383948436 -12.522331468229076 -7.771212594654157
-7.738331586198456 -14.05350292326275 -9.05192932166293
-15.210467541198035 -13.728583227029846 -3.546401639778235
-13.71604035019812 -13.37298227658112 -2.265684912769462
-12.621613159198207 -11.866632477616783 -2.9958488715897658
-13.4396471479481 -11.291258053358977 -4.727831742509665
-15.039647147948099 -12.44200690187459 -5.0680920658504816
-8.356365574948349 -18.708379796795402 -3.5464016397782343
-8.47997237269833 -17.17720834176173 -2.265684912769461
-7.385545181698414 -15.670858542797395 -2.995848871589765
-6.585545181698413 -16.271054623124538 -4.7278317425096645
-7.185545181698413 -18.148345999645507 -5.068092065850481
-10.203579170448307 -16.79678573524367 -1.3252285091015032
-10.832758777198372 -14.910013329761274 -1.1149360642538504
-12.821613159198204 -14.894672702653365 -1.3252285091015041
-10.850792765948267 -13.23353336912653 -10.332646048671705
-9.23275877719837 -14.409103873711476 -10.332646048671705
-14.298006361448227 -12.472688156090408 -8.45173324133579
-15.468826754698162 -13.032721953240305 -6.930042815263543
-7.44390439519854 -17.452484725855964 -8.45173324133579
-7.614724788448477 -18.73906105101122 -6.930042815263543
-15.810467541198037 -15.605874603550818 -3.8866619631190513
-9.956365574948348 -19.859128645311014 -3.8866619631190504
9.28296692683608 -1.2351279189760627 -13.407704806813662
8.751026195373269 0.024637103382540104 -11.948242184252656
6.760891384897082 0.21782656251697086 -11.99342258941078
6.062861161291279 -0.9225408078283444 -13.480808237984995
7.621589568404389 -1.8205160614975195 -14.354882718024545
3.713565616002956 1.058841948475893 -17.41771117353063
3.181624884540149 2.318606970834496 -15.958248550969627
3.682202059063819 1.4859019175771757 -14.210099590890533
4.523516498374645 -0.2885031302982419 -14.589146738724873
4.542900242571124 -0.5524407064373147 -16.571559719504293
11.77806071824894 3.900375682108547 -12.820013012333613
10.21933231113583 4.798350935777722 -11.945938532294065
9.058532127227808 3.380257739998946 -11.144967483425853
9.899846566538633 1.605852692123527 -11.524014631260194
11.580607669166806 1.9273032585059113 -12.559249700828733
5.257292085332587 6.586202384422151 -17.515010243547927
5.237908341136108 6.850139960561224 -15.532597262768503
4.077108157228088 5.432046764782449 -14.731626213900292
3.3790779336222823 4.291679394437132 -16.219011862474506
4.108471714167226 5.004986795681165 -17.93923779654039
6.8992856995678 7.435528103082681 -14.585419351557618
7.399862874091472 6.602823049825361 -12.837270391478524
9.389997684567659 6.409633590690929 -12.792089986320402
7.6409733126008685 -2.0844536376365914 -16.337295698803967
6.101628649684237 -1.4504159601064899 -17.44563419954384
10.963728029464251 -0.9136773525936781 -14.4429398763822
12.112548400629613 0.6675382361473088 -14.018712323389737
4.4429593965478995 1.772149349719926 -19.137937107596514
4.640412445630034 3.7452217733225615 -19.398700419101395
12.507454498793884 4.61368308335258 -14.540238946399496
6.938053187960758 6.907652950804536 -18.550245313116466
-3.469653875304938 9.23646690114264 13.042804349421901
-2.171511478304966 9.031287998664292 11.535247406852584
-1.3692153547217227 7.20317884645419 11.654988200607141
-2.1715114783049656 6.278524157721943 13.236549023556664
-3.469653875304937 7.53516528443856 14.09426657366017
0.6090354505283248 4.890708008907182 17.14638239898891
1.9071778475282974 4.685529106428831 15.638825456419593
0.8854286527783471 4.800902413591265 13.923390356212582
-1.0441894745549305 5.07738594129048 14.370750101359386
-1.2150098678048682 5.132888851575634 16.36266872926561
0.6090354505283242 13.148999531734226 12.042477548876667
1.907177847528297 11.892358405017609 11.184759998773163
0.8854286527783468 10.306430095475964 10.520787122804421
-1.0441894745549307 10.582913623175177 10.968146867951226
-1.2150098678048686 12.33971815016441 11.908603271619182
5.555268484194682 8.005393486272542 14.855111786696295
4.533519289444733 6.4194651767308955 14.19113891072755
3.7312231658614903 5.494810487998647 15.772699733677076
5.555268484194682 9.706695102976623 13.803649562458027
4.533519289444731 9.822068410139055 12.088214462251017
3.7312231658614894 11.650177562349155 11.968473668496461
-3.6404742685548763 7.5906681947237145 16.086185201566394
-2.513152264804841 6.389529978292252 17.220386279369116
-3.640474268554877 10.993271428131873 13.983260753089858
-2.5131522648048414 12.54489705264276 13.4161602141885
1.134938371861545 5.905168292955345 18.787813618815708
1.1349383718615447 14.16345981578239 13.683908768703468
-13.46193838394844 -12.373401531813059 6.302185679182578
-12.843904395198544 -11.52275072346102 4.600884062478496
-10.843904395198543 -11.52275072346102 4.600884062478497
-10.225870406448651 -12.373401531813059 6.302185679182578
-11.843904395198546 -12.899132643932191 7.353647903420845
-7.607836417698759 -16.626655573573263 6.302185679182582
-6.989802428948862 -15.77600476522122 4.6008840624784995
-7.607836417698755 -13.873891732630915 4.6008840624784995
-8.607836417698756 -13.548972036398007 6.302185679182579
-8.607836417698758 -15.250273653102088 7.353647903420848
-15.46193838394844 -14.074703148517138 1.1982808290703342
-13.843904395198544 -13.548972036398006 0.14681860483206854
-12.843904395198544 -12.172590115926832 1.1982808290703355
-13.843904395198544 -11.847670419693925 2.8995824457744144
-15.46193838394844 -13.023240924278872 2.8995824457744144
-8.607836417698756 -19.054499718282706 1.1982808290703404
-8.607836417698756 -17.353198101578624 0.1468186048320721
-7.607836417698757 -15.976816181107449 1.19828082907034
-6.989802428948863 -16.827466989459488 2.8995824457744197
-7.607836417698759 -18.729580022049795 2.8995824457744215
-11.843904395198544 -18.003037494044435 -0.9046436194061962
-10.22587040644865 -16.827466989459488 -0.9046436194061962
-10.843904395198543 -14.92535395686918 -0.9046436194061962
-12.843904395198544 -14.92535395686918 -0.904643619406198
-13.46193838394844 -16.827466989459488 -0.9046436194061971
-11.843904395198548 -14.600434260636272 8.405110127659112
-10.225870406448653 -15.77600476522122 8.405110127659114
-15.079972372698336 -13.548972036398004 6.3021856791825765
-16.079972372698336 -13.873891732630911 4.600884062478495
-8.225870406448655 -18.528768606163567 6.302185679182582
-8.225870406448657 -19.580230830401835 4.600884062478502
-16.079972372698336 -15.976816181107447 1.198280829070335
-15.079972372698336 -17.35319810157862 0.146818604832069
-10.225870406448655 -20.23007022286765 1.19828082907034
-11.843904395198548 -19.704339110748514 0.14681860483207165
9.596602496227469 11.50728855705194 -6.553861054505446
8.987126787978738 9.616954987013756 -6.78876178894748
6.992416096213714 9.624235095240175 -6.933938426814969
6.369092799228843 11.519068019604061 -6.78876178894748
7.978568507477573 12.682859061636886 -6.553861054505446
4.027201185394346 13.801258424503892 -10.563867421222419
3.4177254771456163 11.91092485446571 -10.798768155664451
3.9137267703804506 10.892310450300378 -9.15061542829472
4.829748136312212 12.153105697134166 -7.897100289687356
4.89987918164431 13.95093441669709 -8.770538055985197
11.881303151644028 8.094919326732974 -10.563867421222415
10.271827443395301 6.931128284700151 -10.79876815566445
9.149794747880241 7.088084385119765 -9.15061542829472
10.065816113812001 8.348879631953551 -7.897100289687355
11.753981147893995 8.97113784693153 -8.770538055985195
5.360534518727679 10.780746029046577 -15.258864652436731
5.290403473395582 8.982917309483652 -14.38542688613889
4.168370777880521 9.139873409903267 -12.737274158769159
3.5450474808956507 11.034706334267154 -12.592097520901671
4.281845192894416 12.04882138410678 -14.150526151696855
8.596602496227469 8.429605019876684 -15.258864652436731
6.908437462145476 7.807346804898706 -14.385426886138887
7.40443875538031 6.788732400733375 -12.737274158769159
9.399149447145335 6.781452292506955 -12.592097520901671
10.135947159144099 7.795567342346583 -14.150526151696855
8.048699552809673 14.48068778119981 -7.427298820803288
6.509354889893039 15.114725458729911 -8.535637321543163
11.28476753030946 12.129546772029919 -7.427298820803287
12.363456856142724 10.861471416969714 -8.535637321543163
4.76399889739311 14.81537347434352 -12.122296052017603
4.891320901143146 13.939154954144964 -13.915625417254821
12.618100863642795 9.1090343765726 -12.122296052017601
11.745422867392831 8.959358384379405 -13.915625417254821
7.048699552809671 11.403004244024556 -16.13230241873457
8.666733541559568 10.22743373943961 -16.13230241873457
-12.69800636144823 -2.1917967511413194 -13.754211340002723
-12.26882675469817 -0.7905931746008106 -12.393170046639458
-10.279972372698337 -0.5956413568610657 -12.312845480284969
-9.479972372698336 -1.876358083869838 -13.624243461509561
-10.97439956369825 -2.8628363688615246 -14.515056553038846
-6.843904395198546 -0.2896837185510095 -17.558437405183337
-6.414724788448483 1.1115198579895003 -16.197396111820076
-7.043904395198545 0.4558208673772035 -14.415769928761504
-7.86193838394844 -1.3506269717507036 -14.675705685747829
-7.738331586198463 -1.8113741446232559 -16.61798100151538
-15.210467541198044 2.967611009256074 -13.865217160573033
-13.716040350198128 3.954089294247762 -12.974404069043748
-12.621613159198212 2.6273506859152604 -11.9536230990213
-13.439647147948106 0.8209028467873523 -12.213558856007626
-15.039647147948104 1.031195291635005 -13.394988958739056
-8.35636557494836 5.194643738079292 -18.31928261821946
-8.479972372698338 5.655390910951844 -16.37700730245191
-7.38554518169842 4.328652302619343 -15.356226332429461
-6.5855451816984205 3.0479355756105706 -16.667624313654052
-7.185545181698422 3.58314771669113 -18.498893808851296
-10.203579170448316 6.326430528672049 -15.616162089415786
-10.83275877719838 5.670731538059751 -13.834535906357214
-12.821613159198211 5.4757797203200065 -13.914860472711707
-10.850792765948272 -3.323583541734077 -16.4573318688064
-9.232758777198377 -2.797852429614942 -17.508794093044663
-14.298006361448234 -1.981504306293667 -14.935641442734152
-15.468826754698169 -0.3700082849055044 -14.75603025210232
-7.443904395198547 0.24552842252955065 -19.38970690038058
-7.614724788448484 2.1819441401506197 -19.85993510221456
-15.810467541198044 3.502823150336634 -15.696486655770276
-9.956365574948359 5.404936182926946 -19.500712720950894
9.856584045944327 -0.44561168696270226 13.042804349421905
9.260299251944382 0.7255913310301207 11.535247406852587
7.273740993527793 0.923703491757006 11.654988200607143
6.642265263194487 -0.12505947732192046 13.236549023556666
8.238550057194432 -0.9713427990818371 14.094266573660171
4.463137416778007 2.0905390231577052 17.14638239898891
3.8668526227780644 3.2617420411505287 15.63882545641959
4.2923170235280725 2.3256531240746945 13.923390356212582
5.151553278194626 0.575915338836924 14.370750101359388
5.25712608719471 0.4306068332358519 16.36266872926561
12.317239383027694 4.642491448213828 12.042477548876668
10.720954589027752 5.4887747699737455 11.184759998773165
9.528385001027864 4.026954740778778 10.520787122804421
10.38762125569442 2.2772169555410064 10.968146867951226
12.111228053444396 2.6576395620590683 11.908603271619185
6.002482079694639 7.611868419978112 16.847030414602518
5.896909270694556 7.757176925579184 14.855111786696293
4.704339682694669 6.295356896384216 14.191138910727549
4.072863952361362 5.24659392730529 15.772699733677076
4.8751600759446045 6.060242795467227 17.414130953503875
7.514943259444451 8.28290803769832 13.803649562458025
7.940407660194459 7.346819120622484 12.088214462251017
9.926965918611048 7.148706959895599 11.968473668496461
8.344122866194514 -1.1166513046829092 16.086185201566398
6.8534108811946535 -0.41567648852406514 17.220386279369116
11.580190843694307 -0.06518908044464045 13.983260753089862
12.707512847444338 1.4864365440662448 13.416160214188503
5.265433540361249 2.904187891319642 18.78781361881571
5.471444869944547 4.8890397774744025 18.921687896073195
13.119535506610934 5.456140316375765 13.683908768703471
7.726088877444617 7.992291026496174 17.787486818270473
-13.461938383948448 11.170399621797959 -8.248683658118022
-12.84390439519855 9.268286589207653 -8.248683658118026
-10.84390439519855 9.268286589207655 -8.248683658118026
-10.225870406448657 11.170399621797962 -8.248683658118026
-11.843904395198553 12.345970126382907 -8.248683658118026
-7.607836417698767 13.072512654388271 -12.052909723298644
-6.98980242894887 11.170399621797966 -12.052909723298644
-7.6078364176987625 10.319748813445925 -10.351608106594563
-8.607836417698763 11.696130733917098 -9.300145882356295
-8.607836417698763 13.397432350621179 -10.351608106594561
-15.461938383948446 7.366173556617343 -12.052909723298637
-13.843904395198551 6.190603052032398 -12.052909723298638
-12.84390439519855 6.515522748265305 -10.35160810659456
-13.84390439519855 7.891904668736478 -9.30014588235629
-15.461938383948446 8.41763578085561 -10.351608106594556
-8.607836417698767 9.593206285440566 -16.50697518094507
-8.607836417698763 7.891904668736485 -15.455512956706801
-7.607836417698763 8.216824364969392 -13.754211340002723
-6.98980242894887 10.1189373975597 -13.754211340002724
-7.607836417698768 10.969588205911739 -15.455512956706803
-11.843904395198555 7.242065276270669 -16.50697518094507
-10.22587040644866 6.716334164151537 -15.455512956706801
-10.843904395198551 5.865683355799495 -13.75421134000272
-12.84390439519855 5.865683355799493 -13.75421134000272
-13.461938383948448 6.716334164151532 -15.4555129567068
-11.843904395198557 14.047271743086988 -9.300145882356292
-10.225870406448662 14.573002855206123 -10.351608106594561
-15.079972372698343 11.696130733917093 -9.30014588235629
-16.079972372698343 10.31974881344592 -10.351608106594556
-8.225870406448664 13.923163462740312 -13.754211340002723
-8.225870406448664 12.871701238502046 -15.455512956706801
-16.079972372698343 8.216824364969384 -13.754211340002717
-15.079972372698347 7.891904668736478 -15.455512956706798
-10.225870406448664 10.118937397559698 -17.558437405183334
-11.843904395198559 8.94336689297475 -17.558437405183334
9.856584045944325 11.865122461738318 5.434352219060672
9.260299251944383 9.992944627586647 5.807708083827269
7.273740993527794 10.011445597681698 6.038454698152134
6.6422652631944885 11.895057660176953 5.807708083827268
8.23855005719443 13.040692966323263 5.434352219060671
4.463137416778006 14.401273171858719 9.537930268627674
3.8668526227780626 12.529095337707052 9.911286133394272
4.292317023528072 11.413395229999384 8.306856853757575
5.1515532781946245 12.596032476335797 6.941909161629987
5.257126087194707 14.44264259864095 7.7027543746661085
12.317239383027696 8.694934074087808 9.53793026862768
10.720954589027755 7.549298767941499 9.911286133394277
9.528385001027868 7.609169164818774 8.306856853757578
10.387621255694421 8.791806411155187 6.94190916162999
12.111228053444398 9.462846028875395 7.702754374666114
6.002482079694635 11.664311045852086 14.342483134353527
5.896909270694556 9.817700923546933 13.581637921317405
4.704339682694667 9.87757132042421 11.977208641680706
4.07286395236136 11.761183382919466 11.746462027355838
4.8751600759446 12.86544926228355 13.208282056550804
9.238550057194429 9.313170036682198 14.342483134353529
7.514943259444452 8.64213041896199 13.581637921317405
7.9404076601944595 7.526430311254322 11.977208641680708
9.92696591861105 7.507929341159272 11.746462027355843
10.72926204219429 8.612195220523354 13.20828205655081
8.344122866194512 14.887303088628414 6.195197432096793
6.853410881194651 15.588277904787256 7.329398509899511
11.580190843694306 12.536162079458524 6.195197432096795
12.707512847444342 11.335023863027065 7.329398509899516
5.265433540361245 15.505539051222803 10.99975029782264
5.471444869944543 14.737627096435217 12.834926191784207
13.119535506610937 9.799199953451891 10.999750297822647
12.325546836194235 9.757830526669663 12.834926191784213
7.726088877444614 12.335350663572294 15.103328347389649
9.34412286619451 11.15978015898735 15.10332834738965
1.8393771778012016 -12.753824138331126 -13.75421134000271
3.039377177801202 -11.91265435894051 -12.393170046639447
2.6101975710511383 -9.96089801421153 -12.31284548028496
1.1449499868012856 -9.59581603480138 -13.62424346150955
0.6685567845512645 -11.321939307574796 -14.515056553038836
1.8393771778012016 -6.5984570639806215 -17.558437405183334
3.039377177801202 -5.757287284590006 -16.19739611182007
2.6101975710511383 -6.558294780803371 -14.415769928761499
1.1449499868012851 -7.894514418097302 -14.675705685747822
0.6685567845512654 -7.9193360741666385 -16.617981001515375
7.522658750800949 -13.548972036398009 -13.865217160573021
7.999051953050971 -11.822848763624588 -12.97440406904374
6.399051953050971 -11.19197142908163 -11.95362309902129
4.933804368801119 -12.52819106637556 -12.213558856007612
5.6282315598010335 -13.984897553201224 -13.394988958739042
7.522658750800948 -6.3421427378092385 -18.319282618219457
7.999051953050971 -6.317321081739902 -16.377007302451904
6.399051953050971 -5.686443747196939 -15.356226332429458
4.933804368801119 -5.321361767786789 -16.66762431365405
5.628231559801034 -5.726606030374189 -18.498893808851292
9.16987234630091 -7.749205912496229 -15.616162089415779
8.740692739550845 -8.550213408709595 -13.834535906357207
9.169872346300908 -10.501969753438575 -13.914860472711695
0.19216358230124442 -11.346760963644137 -16.45733186880639
0.19216358230124353 -9.645459346940056 -17.508794093044656
2.533804368801118 -14.21053062515679 -14.935641442734138
4.428231559801034 -14.826067332591844 -14.756030252102303
2.5338043688011176 -7.003701326568022 -19.389706900380574
4.428231559801034 -6.567775809764806 -19.859935102214553
8.217085941800867 -13.954216298985408 -15.696486655770261
8.217085941800867 -7.798849224634905 -19.500712720950887
-12.087496594044476 -1.3515021450157434 14.39748367528625
-11.719483702992816 -0.034487330097112245 12.93801853719468
-9.736228716545135 0.15275758083908686 12.760144980815717
-8.878522617614417 -1.0485335149005257 14.109678215365266
-10.331686082564834 -1.9782171533864092 15.121609179643436
-6.076576843099101 0.7664520512380584 17.824405551440357
-5.708563952047439 2.083466866156689 16.364940413348787
-6.413473999681751 1.323533865882002 14.654500803237484
-7.217145259182724 -0.46314537237906794 15.05685612657615
-7.008931365701451 -0.8074408683434946 17.015965002065204
-14.5994600992343 3.8085906056482983 14.309426516928596
-13.146296634283882 4.738274244134183 13.297495552650426
-12.095396170438551 3.35162623548883 12.31118144689631
-12.899067429939524 1.5649469972277592 12.713536770234978
-14.446664047937894 1.847366509633999 13.948520141366844
-7.561752672638622 6.2883345705915294 18.32173653560416
-7.769966566119897 6.632630066555955 16.362627660115105
-6.719066102274565 5.245982057910602 15.37631355436099
-5.861360003343846 4.044690962170989 16.725846788910538
-6.382168945691915 4.688900243266659 18.54621830256386
-9.525777077599539 7.259345074926623 15.63850215575792
-10.230687125233851 6.499412074651936 13.928062545646618
-12.213942111681533 6.312167163715735 14.10593610202558
-10.12347218908356 -2.322512649350836 17.080718055132486
-8.462094830651868 -1.7371245068293781 18.027895966343372
-13.635093212042847 -1.0690826326095029 15.632467046418116
-14.814676938989557 0.5303516947153688 15.407985279458412
-6.597385785447169 1.4106613323337276 19.64477706509368
-6.750181836743575 3.371885428348027 20.00568344065543
-15.120269041582368 4.452799886743968 16.12979803058192
-9.109349290636992 6.57075408299777 19.556719906736024
14.783649087800363 -9.35122090492296 -8.248683658118017
12.783649087800361 -9.35122090492296 -8.248683658118019
12.165615099050468 -7.449107872332651 -8.248683658118019
13.783649087800361 -6.273537367747705 -8.24868365811802
15.401683076550256 -7.449107872332651 -8.248683658118019
14.783649087800363 -3.195853830572453 -12.052909723298638
12.783649087800365 -3.195853830572453 -12.052909723298637
12.16561509905047 -4.0465046389244925 -10.351608106594556
13.783649087800363 -4.572235751043626 -9.300145882356288
15.40168307655026 -4.0465046389244925 -10.351608106594556
11.783649087800363 -12.428904442098215 -12.052909723298633
10.165615099050468 -11.253333937513268 -12.052909723298633
10.165615099050468 -10.201871713274999 -10.351608106594554
11.783649087800361 -10.727602825394134 -9.300145882356285
12.783649087800363 -12.103984745865308 -10.35160810659455
11.783649087800365 -5.222075143509443 -16.506975180945062
10.16561509905047 -5.747806255628575 -15.455512956706794
10.16561509905047 -4.696344031390307 -13.754211340002717
11.783649087800365 -3.5207735268053604 -13.754211340002719
12.783649087800365 -3.8456932230382677 -15.455512956706798
10.547581110300575 -9.026301208690057 -16.506975180945062
9.547581110300575 -7.649919288218883 -15.455512956706794
8.92954712155068 -8.500570096570922 -13.754211340002716
9.547581110300573 -10.402683129161229 -13.754211340002714
10.547581110300573 -10.727602825394136 -15.455512956706794
17.019717065300153 -6.923376760213518 -9.300145882356286
17.019717065300156 -5.222075143509439 -10.351608106594554
15.783649087800363 -10.727602825394133 -9.300145882356285
14.783649087800363 -12.103984745865308 -10.35160810659455
15.783649087800365 -3.5207735268053613 -13.754211340002716
14.783649087800367 -3.8456932230382685 -15.455512956706796
12.783649087800365 -12.753824138331122 -13.754211340002712
12.16561509905047 -11.903173329979083 -15.455512956706793
12.783649087800367 -6.598457063980617 -17.558437405183327
12.165615099050472 -8.500570096570925 -17.558437405183327
-13.106452468555231 11.659684008727325 8.143406373362609
-12.486539832109964 9.760156712859864 8.230034171614257
-10.488418479805336 9.757570976137018 8.143406373362607
-9.873424206879443 11.655500198823802 8.003239651420872
-11.491458195629336 12.831070703408749 8.003239651420872
-7.095532717609857 13.777638204981121 11.570328249516717
-6.475620081164588 11.878110909113662 11.656956047768366
-7.1656637629419535 10.928347261179931 10.037762195784378
-8.212046848447752 12.24088834134526 8.950417562631756
-8.168703478765956 14.001846988451662 9.897595473842639
-14.934879593301421 8.09160774708931 12.250711810096872
-13.316845604551524 6.916037242504361 12.250711810096874
-12.391895013402996 7.137660289252053 10.491351236171148
-13.438278098908794 8.450201369417382 9.404006603018527
-15.00992900215289 9.039773321842361 10.491351236171147
-7.897172166705742 10.571351712032534 16.263021828772438
-7.940515536387537 8.810393064926133 15.315843917561555
-7.015564945239011 9.032016111673824 13.556483343635827
-6.4005706723131155 10.929945334360609 13.416316621694092
-6.945433899906912 11.881307055475018 15.089049397368168
-11.127160712557531 8.228578322669689 16.543355272655912
-9.555509809313433 7.63900637024471 15.456010639503289
-10.2455534910908 6.689242722310978 13.8368167875193
-12.243674843395425 6.691828459033823 13.92344458577095
-12.788538070989222 7.643190180148231 15.596177361445026
-11.448114825947542 14.59202935051515 8.950417562631756
-9.78673746751585 15.177417493036607 9.897595473842639
-14.678103371799331 12.249255961152304 9.230751006515229
-15.62984163859816 10.939300617709822 10.404723437919499
-7.640395945203654 14.728999926095533 13.243061025190794
-7.56534653635218 13.78083435134248 15.00242159911652
-15.479742820895217 9.042969468203717 13.92344458577095
-14.406572059739116 8.818760684733178 15.596177361445028
-9.46882306994984 11.160923664457515 17.35036646192506
-11.083817342875735 9.989536969776092 17.490533183866795
-5.949477204198629 -12.753824138331122 -13.754211340002719
-7.149477204198629 -11.912654358940511 -12.393170046639453
-6.720297597448566 -9.960898014211528 -12.312845480284963
-5.255050013198714 -9.595816034801379 -13.624243461509556
-4.778656810948692 -11.321939307574794 -14.515056553038841
-5.94947720419863 -6.598457063980616 -17.558437405183337
-7.1494772041986305 -5.757287284590003 -16.197396111820073
-6.7202975974485675 -6.5582947808033705 -14.4157699287615
-5.255050013198714 -7.894514418097298 -14.675705685747825
-4.778656810948693 -7.919336074166634 -16.61798100151538
-11.632758777198376 -13.548972036398009 -13.865217160573026
-12.109151979448397 -11.822848763624593 -12.974404069043743
-10.509151979448397 -11.191971429081633 -11.953623099021296
-9.043904395198544 -12.528191066375562 -12.21355885600762
-9.738331586198461 -13.984897553201224 -13.394988958739049
-11.632758777198378 -6.342142737809237 -18.319282618219457
-12.1091519794484 -6.317321081739902 -16.377007302451904
-10.509151979448399 -5.6864437471969405 -15.356226332429458
-9.043904395198547 -5.321361767786788 -16.66762431365405
-9.738331586198463 -5.726606030374185 -18.498893808851292
-5.4258704064486505 -12.002459954256427 -19.420388154596395
-4.996690799698587 -12.803467450469796 -17.638761971537825
-4.302263608698672 -11.34676096364413 -16.457331868806396
-4.302263608698672 -9.64545934694005 -17.50879409304466
-4.996690799698588 -10.05070360952745 -19.340063588241904
-13.279972372698333 -7.74920591249623 -15.61616208941578
-12.85079276594827 -8.550213408709597 -13.834535906357209
-13.279972372698335 -10.501969753438576 -13.9148604727117
-6.167511192948524 -14.235352281226124 -16.877916758501698
-6.643904395198544 -14.210530625156789 -14.935641442734147
-8.53833158619846 -14.82606733259184 -14.756030252102311
-6.167511192948525 -8.72982459934143 -20.280519991909863
-6.643904395198547 -7.003701326568015 -19.389706900380578
-8.538331586198463 -6.567775809764799 -19.859935102214557
-12.327185968198291 -13.954216298985408 -15.696486655770268
-12.327185968198293 -7.7988492246349015 -19.500712720950887
-7.02587040644865 -12.633337288799389 -20.441169124618842
2.4498869452049505 -11.91352953220554 14.397483675286237
3.588720229506551 -11.156548514436805 12.938018537194669
3.1539412272043372 -9.21249907651137 12.760144980815706
1.7463997418852033 -8.76799146583206 14.109678215365255
1.3112702656846782 -10.437320092099672 15.121609179643423
2.6067047299006445 -5.542321294191542 17.824405551440346
3.7455380142022436 -4.785340276422807 16.36494041334878
3.240627966567932 -5.690581782298565 14.654500803237475
1.7897431115669993 -7.007032818725657 15.05685612657614
1.3979570050482728 -6.915402797886864 17.015965002065194
8.133666192764688 -12.707992440005778 14.309426516928584
8.568795668965212 -11.038663813738165 13.297495552650416
6.925268941810628 -10.467695879508058 12.311181446896299
5.474384086809694 -11.784146915935148 12.713536770234965
6.22121465981124 -13.168726335202225 13.948520141366831
8.317271653110684 -5.248451905296992 18.32173653560415
8.70905775962941 -5.340081926135783 16.3626276601151
7.0655310324748255 -4.769113991905674 15.37631355436098
5.657989547155691 -4.324606381226361 16.72584678891053
6.431607795807539 -4.62085350379865 18.546218302563855
9.847674439149683 -6.81629136624165 15.638502155757912
9.342764391515374 -7.7215328721174075 13.928062545646608
9.77754339381758 -9.665582310042842 14.105936102025572
0.9194841591659504 -10.345690071260881 17.080718055132476
0.9628275288477477 -8.584731424154478 18.02789596634336
3.196717518206496 -13.298108951472617 15.632467046418103
5.08238137550964 -13.92570735297096 15.4079852794584
3.3803229785524924 -5.83856841676383 19.64477706509367
5.292774511505939 -5.377834521567383 20.00568344065542
8.907284441416536 -13.004239562578064 16.129798030581906
9.06410222611223 -6.633031324564069 19.556719906736014
-18.89374911419779 -9.351220904922968 -8.248683658118017
-16.893749114197792 -9.351220904922965 -8.248683658118017
-16.2757151254479 -7.449107872332659 -8.248683658118019
-17.893749114197792 -6.273537367747714 -8.248683658118019
-19.511783102947685 -7.449107872332663 -8.248683658118019
-18.8937491141978 -3.1958538305724646 -12.052909723298638
-16.893749114197796 -3.195853830572463 -12.052909723298638
-16.275715125447903 -4.0465046389245005 -10.35160810659456
-17.893749114197796 -4.572235751043635 -9.30014588235629
-19.51178310294769 -4.046504638924505 -10.351608106594556
-15.893749114197789 -12.42890444209822 -12.05290972329863
-14.275715125447896 -11.253333937513272 -12.052909723298631
-14.275715125447896 -10.201871713275004 -10.351608106594552
-15.893749114197789 -10.72760282539414 -9.300145882356283
-16.89374911419779 -12.103984745865315 -10.351608106594549
-15.893749114197798 -5.222075143509452 -16.506975180945062
-14.275715125447901 -5.747806255628582 -15.455512956706796
-14.275715125447903 -4.696344031390313 -13.754211340002719
-15.893749114197796 -3.5207735268053693 -13.75421134000272
-16.893749114197796 -3.8456932230382783 -15.455512956706801
-14.657681136698004 -9.026301208690063 -16.506975180945062
-13.657681136698002 -7.6499192882188884 -15.455512956706796
-13.039647147948108 -8.500570096570927 -13.754211340002716
-13.657681136698 -10.402683129161234 -13.754211340002714
-14.657681136698002 -10.727602825394142 -15.455512956706793
-21.129817091697582 -6.923376760213531 -9.300145882356286
-21.129817091697586 -5.2220751435094535 -10.351608106594556
-19.89374911419779 -10.727602825394143 -9.300145882356283
-18.89374911419779 -12.103984745865318 -10.351608106594547
-19.8937491141978 -3.5207735268053746 -13.754211340002719
-18.8937491141978 -3.845693223038281 -15.455512956706798
-16.89374911419779 -12.75382413833113 -13.754211340002708
-16.275715125447896 -11.90317332997909 -15.45551295670679
-16.893749114197796 -6.598457063980627 -17.55843740518333
-16.2757151254479 -8.500570096570934 -17.558437405183327
15.139135003193575 -8.861936517993595 8.1434063733626
13.141013650888947 -8.859350781270749 8.23003417161425
12.52110101444368 -6.9598234854032865 8.143406373362602
14.136095287369574 -5.788436790721864 8.003239651420866
15.75412927611947 -6.96400729530681 8.003239651420865
15.295952787889266 -2.4907282799795967 11.57032824951671
13.297831435584639 -2.4881425432567505 11.656956047768361
12.607787753807273 -3.437906191190481 10.03776219578437
14.179438657051373 -4.027478143615461 8.950417562631749
15.840816015483062 -3.4420900010940048 9.897595473842633
12.310707878447388 -11.70347025162625 12.250711810096865
10.69267388969749 -10.527899747041303 12.250711810096867
10.617624480846018 -9.57973417228825 10.491351236171141
12.189275384090118 -10.16930612471323 9.40400660301852
13.235658469595915 -11.481847204878555 10.49135123617114
12.49431333879338 -4.243929716917464 16.263021828772434
10.83293598036169 -4.82931785943892 15.315843917561548
10.757886571510218 -3.8811522846858666 13.556483343635824
12.37288084443611 -2.7097655900044435 13.416316621694088
13.44605160559221 -2.9339743734749817 15.089049397368164
11.26432479294159 -8.03978816229103 16.543355272655905
10.217941707435793 -6.727247082125704 15.456010639503287
9.527898025658427 -7.677010730059433 13.836816787519295
10.147810662103693 -9.576538025926894 13.923444585770945
11.220981423259794 -9.800746809397435 15.596177361445022
17.41550663455116 -6.378619152785353 8.950417562631749
17.458850004232957 -4.61766050567895 9.897595473842632
16.18551808869937 -10.17447759815892 9.23075100651522
15.233779821900542 -11.484432941601403 10.40472343791949
16.369123549045366 -2.714937063450135 13.243061025190787
15.444172957896837 -2.936560110197827 15.002421599116513
13.383878639603488 -11.927679035096787 13.923444585770941
12.83901541200969 -10.97631731398238 15.596177361445019
13.540696424299178 -5.55647079708279 17.350366461925056
12.925702151373283 -7.454400019769574 17.490533183866788
-5.331651180127709 -11.903459568803322 14.734849328293917
-6.590563518591663 -11.143375666967174 13.379337548104328
-6.167789584672872 -9.200435974511608 13.1642851073381
-4.647588585489602 -8.759717108318956 14.386887169770539
-4.130826632181583 -10.43027756198414 15.357549239835734
-5.174833395432017 -5.532251330789329 18.16177120444803
-6.433745733895972 -4.7721674289531775 16.80625942425844
-6.081102845309278 -5.678518680298806 15.05864092975987
-4.604245215807806 -6.998758461212553 15.334065080981423
-4.04413989281799 -6.908360267771336 17.251905062257503
-11.003758194738198 -12.683227006733981 15.139122339449397
-11.520520148046218 -11.012666553068797 14.168460269384202
-9.9670527115134 -10.445835797595242 13.043541686427448
-8.490195082011926 -11.766075578508989 13.318965837649
-9.130914306968236 -13.148859391886955 14.614105907383266
-10.820152734392206 -5.223686472025199 19.151432358124968
-11.380258057382022 -5.3140846654664164 17.233592376848886
-9.826790620849202 -4.747253909992861 16.10867379389213
-8.306589621665934 -4.3065350438002055 17.33127585632457
-8.920521170971941 -4.600986560483383 19.211804068580292
-4.56408342273477 -10.81631193057526 20.31814778534465
-4.2114405341480765 -11.72266318192089 18.57052929084608
-3.5707213091917662 -10.339879368542922 17.275389221111816
-3.52737793950997 -8.578920721436521 18.2225671323227
-4.1413094888159785 -8.8733722381197 20.10309534457842
-12.581082605328145 -6.787266672285599 16.61089246530707
-12.228439716741454 -7.693617923631226 14.863273970808502
-12.651213650660246 -9.636557616086789 15.078326411574729
-5.412265082094203 -13.195845188740071 17.947829379304263
-5.972370405084019 -13.28624338218129 16.02998939802818
-7.872001968504283 -13.908943293723105 15.969617687572857
-5.272002991430005 -7.497263301137691 21.012961486768948
-5.788764944738026 -5.826702847472506 20.042299416703752
-7.661608832507987 -5.3610704623195335 20.567315848769884
-11.617689744044206 -12.977678523417158 17.01965055170512
-11.460871959348514 -6.606470285403164 20.44657242785923
-6.117550859267588 -11.383142686048817 21.443066368301402
2.4498869452049594 18.20539325834599 -4.217034313808437
3.5887202295065572 16.561475751838866 -4.1926625603580625
3.1539412272043434 15.532975467489363 -2.533399355122051
1.7463997418852086 16.54124484082956 -1.5322900514544782
1.3112702656846862 18.19288986771886 -2.5728336805701897
2.6067047299006494 18.421234422009483 3.0141136275262883
3.7455380142022467 16.77731691550236 3.0384853809766628
3.240627966567935 15.65228952829401 1.4638809157762531
1.7897431115670046 16.600901871231883 0.4663500839946739
1.397957005048279 18.31220392852351 1.424446590328114
8.133666192764696 18.481927155037408 -4.967003899184464
8.568795668965219 16.830282128148106 -3.926460270068752
6.925268941810632 15.69275135031263 -3.856864102030915
5.474384086809702 16.6413636932505 -4.854394933812495
6.22121465981125 18.365169141169254 -5.540499060717302
8.317271653110689 18.73463839115742 3.499371577137531
8.709057759629413 17.023336333865796 2.541275070804091
7.065531032474829 15.88580555603032 2.6108712388419284
5.657989547155694 16.894074929370515 3.6119805425095
6.431607795807543 18.65475044974579 4.161103950591961
9.847674439149685 17.035839724492924 0.8970744375658439
9.342764391515376 15.910812337284574 -0.6775300276345664
9.777543393817592 16.939312621634077 -2.3367932328705776
0.9194841591659602 19.904191925010487 -1.6147371742367493
0.9628275288477566 19.96384895541281 0.3839029612124025
3.196717518206507 19.929198706264742 -4.903138440713244
5.0823813755096525 20.009086647676373 -5.564870814167676
3.380322978552498 20.18190994238476 3.563237035608751
5.292774511505945 20.298667956252913 4.136732197141589
8.907284441416547 20.242602675412684 -4.417880491102002
9.064102226112237 20.458443839076175 2.8132674502327246
-3.0550500131987186 -20.858709390079067 -8.248683658118013
-3.6730840019486117 -18.95659635748876 -8.248683658118015
-2.055050013198716 -17.781025852903813 -8.248683658118017
-0.4370160244488217 -18.956596357488763 -8.248683658118017
-1.0550500131987184 -20.85870939007907 -8.248683658118015
2.7990519530509665 -18.956596357488767 -12.052909723298633
2.1810179643010725 -17.05448332489846 -12.052909723298635
1.1810179643010734 -16.729563628665552 -10.351608106594554
1.1810179643010734 -18.43086524536963 -9.300145882356286
2.1810179643010716 -19.807247165840806 -10.35160810659455
-6.909151979448403 -18.95659635748876 -12.052909723298628
-6.291117990698507 -17.054483324898452 -12.05290972329863
-5.291117990698506 -16.729563628665545 -10.35160810659455
-5.291117990698507 -18.430865245369624 -9.300145882356281
-6.29111799069851 -19.8072471658408 -10.351608106594547
-0.05505001319871816 -16.729563628665552 -16.50697518094506
-1.0550500131987164 -15.353181708194379 -15.455512956706793
-0.05505001319871594 -15.028262011961473 -13.754211340002714
1.5629839755511785 -16.20383251654642 -13.754211340002714
1.5629839755511772 -17.255294740784688 -15.455512956706793
-4.055050013198718 -16.729563628665552 -16.506975180945055
-3.055050013198717 -15.353181708194377 -15.45551295670679
-4.0550500131987155 -15.028262011961468 -13.754211340002712
-5.673084001948613 -16.203832516546413 -13.754211340002712
-5.673084001948613 -17.25529474078468 -15.45551295670679
-0.05505001319871994 -22.235091310550242 -9.300145882356281
1.562983975551175 -21.70936019843111 -10.35160810659455
-4.05505001319872 -22.23509131055024 -9.30014588235628
-5.673084001948615 -21.709360198431106 -10.351608106594547
2.799051953050964 -20.008058581727035 -13.754211340002712
2.18101796430107 -19.157407773374995 -15.455512956706793
-6.909151979448405 -20.008058581727028 -13.754211340002707
-6.29111799069851 -19.157407773374988 -15.455512956706789
-1.0550500131987197 -18.105945549136727 -17.558437405183327
-3.05505001319872 -18.105945549136724 -17.558437405183323
-18.506629215545406 -8.81839607536319 9.602105801904168
-16.50850786324078 -8.820981812086037 9.51547800365252
-15.893513590314884 -6.923052589399254 9.375311281710786
-17.51154757906478 -5.7474820848143064 9.375311281710783
-19.126541851990673 -6.918868779495729 9.515478003652518
-18.349811430849716 -2.447187837349192 13.029027678058277
-16.351690078545086 -2.4497735740720383 12.942399879806633
-15.806826850951289 -3.4011352951864477 11.269667104132557
-17.468204209382982 -3.9865234377079046 10.322489192921669
-19.03985511262708 -3.396951485282923 11.409833826074287
-15.34069228337772 -11.667687019164385 13.449527843883487
-13.725698010451822 -10.49630032448296 13.309361121941754
-13.800747419303292 -9.548134749729908 11.55000054801603
-15.462124777734983 -10.133522892251365 10.602822636805142
-16.41386304453382 -11.443478235693846 11.77679506820941
-15.157086823031726 -4.208146484455597 17.461837862559054
-13.585435919787626 -4.797718436880578 16.374493229406436
-13.660485328639098 -3.849552862127525 14.61513265548071
-15.27851931738899 -2.6739823575425783 14.61513265548071
-16.20346990853752 -2.8956054042902695 16.374493229406433
-13.917261550141191 -8.007201076190519 17.635093459062354
-12.965523283342359 -6.69724573274804 16.461121027658088
-12.420660055748563 -7.6486074538624464 14.78838825198401
-13.035654328674458 -9.54653667654923 14.928554973925745
-13.960604919822988 -9.768159723296922 16.687915547851468
-20.69819275523477 -6.329296827070748 10.602822636805138
-20.65484938555298 -4.568338179964346 11.550000548016023
-19.45836748234424 -10.12835141880567 10.776078233308436
-18.411984396838445 -11.440892498971 11.863422866461054
-19.274762021998246 -2.6688108840968843 14.788388251984003
-18.20159126084215 -2.8930196675674225 16.46112102765808
-16.26564287452625 -11.889310065912076 15.208888417809213
-15.575599192748884 -10.939546417978345 16.828082269793203
-16.10882508983056 -5.518101827898078 18.635810293963324
-15.488912453385291 -7.417629123765539 18.722438092214972
15.139135003193575 11.24686258100182 -4.284514942759825
13.141013650888947 11.323188462637708 -4.243461060399779
12.521101014443682 10.396211772649778 -2.583213326055743
14.136095287369576 9.746982789822475 -1.5981776788461688
15.754129276119471 10.272713901941609 -2.6496399030844366
15.29595278788927 11.46270374466531 2.9466329985749007
13.297831435584643 11.539029626301199 2.9876868809349464
12.607787753807276 10.515525833454426 1.4140669448425607
14.179438657051374 9.806639820224799 0.4004624566029833
15.840816015483064 10.392027962746255 1.347640367813867
12.310707878447385 16.19132076311101 -4.989217146085929
10.69267388969749 15.665589650991873 -3.93775492184766
10.617624480846018 13.667937179084891 -3.8764998182646586
12.189275384090116 12.959051165855264 -4.890104306504236
13.235658469595911 14.51858798743693 -5.57780143496874
12.494313338793383 16.44403199923102 3.477158330236067
10.83293598036169 15.858643856709563 2.5299804190251827
10.757886571510218 13.86099138480258 2.5912355226081845
12.372880844436112 13.211762401975276 3.5762711698177574
13.446051605592212 14.808169296013466 4.123801576340523
11.26432479294159 18.39232935735144 0.20740825088529224
10.217941707435791 16.832792535769773 0.8951053793497956
9.527898025658427 15.809288742922998 -0.6785145567425905
10.147810662103694 16.736265432910926 -2.338762291086626
11.220981423259792 18.332672326949115 -1.7912318845638595
17.41550663455116 10.858102044463067 -1.7024619918735528
17.458850004232957 10.917759074865389 0.29617814357559924
16.18551808869937 12.806399402583486 -4.972212071224328
15.23377982190054 14.44226210580104 -5.618855317328785
16.36912354904537 13.059110638703498 3.4941634050976678
15.44417295789684 14.731843414377575 4.082747693980479
13.383878639603482 17.787727657149198 -4.441686739563162
12.839015412009687 18.85840343906825 -2.8426941088021276
13.540696424299178 18.003568820812685 2.789461201771564
12.925702151373281 18.977717499872895 1.1545861620961764
-5.331651180127706 18.502638847165837 -4.057152958049361
-6.590563518591662 16.950312398621787 -3.983516545766933
-6.167789584672871 15.889054602406937 -2.34187282961777
-4.6475885854896 16.785487662064405 -1.400917627902331
-4.13082663218158 18.400771557786626 -2.461019047500339
-5.17483339543201 18.718480010829325 3.1739949832853642
-6.433745733895966 17.166153562285274 3.247631395567793
-6.0811028453092755 16.00836866321158 1.6554074412805342
-4.604245215807802 16.845144692466725 0.5977225075468214
-4.044139892817985 18.52008561859127 1.5362612233979647
-11.003758194738193 19.212954220501473 -4.573801770308443
-11.520520148046213 17.59767032477925 -3.5137003507104336
-9.967052711513396 16.338018136326347 -3.50979039444867
-8.490195082011924 17.174794165581492 -4.5674753281823826
-9.130914306968233 18.951602381085248 -5.225070522880262
-10.820152734392195 19.465665456621483 3.8925737060135535
-11.380258057382015 17.790724530496938 2.9540349901624103
-9.826790620849197 16.531072342044034 2.9579449464241736
-8.306589621665927 17.4275054017015 3.8989001481396115
-8.920521170971933 19.24118368966178 4.476532488429002
-4.564083422734761 23.010305598488625 -0.5878515720598149
-4.21144053414807 21.85252069941493 -2.1800755263470735
-3.570721309191761 20.075712483911175 -1.5224803316491955
-3.5273779395099645 20.135369514313496 0.4761598037999568
-4.14130948881597 21.94904780227378 1.053792144089348
-12.58108260532814 17.89259181987615 1.357901079613388
-12.228439716741448 16.734806920802455 -0.23432287467387103
-12.651213650660239 17.796064717017302 -1.875966590823034
-5.412265082094196 21.954387988794142 -3.7762094368960955
-5.972370405084014 20.279447062669597 -4.71474815274724
-7.872001968504279 20.5039288296293 -5.2987069351626905
-5.272002991429996 22.14744219451183 2.691525903976748
-5.788764944738016 20.532158298789604 3.751627323574756
-7.661608832507978 20.793510138205832 4.4028960761465745
-11.617689744044199 21.026632508461756 -3.996169430019051
-11.460871959348504 21.242473672125243 3.2349785113156755
-6.117550859267579 24.26995778694153 -0.5917615283215779
-3.0550500131987146 1.9504514700485722 -22.345520324540697
-3.6730840019486095 1.099800661696532 -20.644218707836615
-2.0550500131987146 0.5740695495773989 -19.592756483598347
-0.4370160244488195 1.0998006616965323 -20.644218707836615
-1.0550500131987142 1.950451470048573 -22.345520324540697
2.799051953050971 -2.3028025717116263 -22.345520324540693
2.181017964301075 -3.153453380063666 -20.644218707836615
1.1810179643010756 -1.7770714595924928 -19.592756483598347
1.1810179643010752 -0.07576984288841304 -20.644218707836615
2.181017964301075 -0.400689539121319 -22.345520324540693
-6.909151979448397 -2.302802571711629 -22.345520324540697
-6.291117990698504 -3.153453380063669 -20.644218707836615
-5.291117990698504 -1.7770714595924948 -19.59275648359835
-5.291117990698504 -0.07576984288841482 -20.644218707836615
-6.2911179906985035 -0.40068953912132166 -22.345520324540697
-0.05505001319871328 -7.2825991414771885 -22.345520324540693
-1.0550500131987137 -6.957679445244281 -20.644218707836615
-0.05505001319871461 -5.581297524773108 -19.592756483598347
1.5629839755511807 -5.055566412653974 -20.644218707836615
1.5629839755511812 -6.107028636892241 -22.345520324540693
-4.055050013198714 -7.2825991414771885 -22.345520324540693
-3.055050013198714 -6.957679445244283 -20.644218707836615
-4.055050013198715 -5.581297524773109 -19.592756483598347
-5.6730840019486095 -5.055566412653976 -20.644218707836615
-5.6730840019486095 -6.1070286368922435 -22.345520324540693
-0.05505001319871372 1.6255317738156676 -24.046821941244776
1.5629839755511816 0.44996126923072044 -24.046821941244776
-4.055050013198714 1.625531773815665 -24.046821941244776
-5.673084001948608 0.4499612692307182 -24.046821941244776
2.799051953050971 -3.3542647959498937 -24.046821941244772
2.181017964301076 -5.2563778285402005 -24.046821941244772
-6.909151979448398 -3.3542647959498963 -24.046821941244776
-6.291117990698503 -5.256377828540204 -24.046821941244776
-1.055050013198713 -7.607518837710094 -24.046821941244772
-3.0550500131987133 -7.607518837710096 -24.046821941244772
-2.66793011454633 -20.325884560519295 9.602105801904168
-3.2878427509915973 -18.426357264651838 9.515478003652518
-1.6728484780657022 -17.254970569970414 9.375311281710783
-0.05481448931580757 -18.43054107455536 9.375311281710783
-0.6698087622417028 -20.328470297242145 9.515478003652518
3.342989636399046 -18.2079303642655 13.029027678058275
2.7230769999537787 -16.308403068398036 12.94239987980663
1.6499062387976808 -16.0841942849275 11.269667104132553
1.6065628691158844 -17.8451529320339 10.322489192921669
2.65294595462168 -19.15769401219923 11.409833826074287
-6.356095148628322 -18.195378934554927 13.449527843883484
-5.741100875702429 -16.29744971186814 13.309361121941752
-4.816150284553899 -16.075826665120452 11.550000548016024
-4.8594936542356955 -17.836785312226855 10.60282263680514
-5.811231921034526 -19.146740655669337 11.77679506820941
0.681612277967357 -15.715634969611703 17.46183786255905
-0.3647708075384395 -14.403093889446374 16.374493229406433
0.560179783610089 -14.181470842698683 14.615132655480705
2.178213772359984 -15.35704134728363 14.615132655480707
2.253263181211455 -16.30520692203668 16.374493229406433
-3.314630426641897 -15.71046349616601 17.63509345906235
-2.3628921598430668 -14.400508152723528 16.46112102765808
-3.436062920999165 -14.176299369252991 14.788388251984003
-5.051057193925061 -15.347686063934411 14.92855497392574
-4.976007785073589 -16.295851638687466 16.687915547851464
0.376574323264093 -21.641011377407473 10.602822636805138
2.0379516816957852 -21.055623234886017 11.550000548016023
-3.619668381345161 -21.635839903961777 10.776078233308436
-5.191319284589259 -21.046267951536798 11.863422866461056
3.418039045250518 -19.156095939018556 14.788388251984001
2.8731758176567213 -18.204734217904146 16.46112102765808
-6.281045739776852 -19.143544509307983 15.208888417809211
-5.591002057999484 -18.19378086137425 16.8280822697932
-0.2701259888314742 -17.025590313054185 18.63581029396332
-2.2682473411361013 -17.02300457633134 18.72243809221497
-18.506629215545406 12.532091135487027 -3.593220970771203
-16.508507863240776 12.45576525385114 -3.634274853131249
-15.89351359031488 11.481616574790932 -1.9993998134558622
-17.51154757906478 10.955885462671795 -0.9479375892175941
-19.12654185199067 11.6051144454991 -1.932973236427168
-18.349811430849712 12.747932299150516 3.6379269705635227
-16.351690078545083 12.67160641751463 3.596873088203477
-15.806826850951287 11.600930635595578 1.997880457442442
-17.46820420938298 11.015542493074118 1.0507025462315585
-19.039855112627077 11.724428506303745 2.064307034471137
-15.340692283377715 17.24757167268855 -4.421084821177445
-13.72569801045182 16.598342689861248 -3.4360491739678682
-13.800747419303288 14.600690217954266 -3.3747940703848687
-15.46212477773498 14.015302075432809 -4.321971981595752
-16.413863044533812 15.651164778650365 -4.9686152277002105
-15.157086823031719 17.50028290880856 4.045290655144553
-13.58543591978762 16.791396895578934 3.0316861669049753
-13.66048532863909 14.793744423671953 3.092941270487976
-15.278519317388985 14.268013311552817 4.144403494726243
-16.203469908537514 15.940746087226895 4.732987783609055
-13.917261550141184 19.35423628878442 0.7247951864564826
-12.965523283342353 17.718373585566866 1.37143843256094
-12.420660055748556 16.647697803647812 -0.22755419820009515
-13.035654328674452 17.621846482708023 -1.862429237875482
-13.96060491982298 19.2945792583821 -1.2738449489926693
-20.698192755234768 12.314000458728724 -0.9193687481875898
-20.65484938555297 12.373657489131046 1.0792713872615625
-19.458367482344237 14.167953838704584 -4.239864216875661
-18.411984396838438 15.727490660286252 -4.927561345340164
-19.274762021998242 14.420665074824592 4.226511259446334
-18.20159126084214 16.017071968862783 4.774041665969102
-16.265642874526243 18.92030444836263 -3.832500532294631
-15.575599192748877 19.943808241209403 -2.2588805962022436
-16.10882508983055 19.136145612026116 3.3986474090400964
-15.488912453385284 20.063122302014044 1.7383996746960613
19.24462606699163 0.6469282470831206 -4.057152958049363
18.15730118970016 -1.0300637892752118 -3.983516545766934
17.017340716781334 -0.9559285789453007 -2.341872829617771
17.400131275977568 0.7668815371600388 -1.400917627902332
18.77666932505224 1.7575015347453804 -2.4610190475003404
19.40144385168732 0.8627694107466124 3.1739949832853624
18.31411897439585 -0.8142226256117204 3.247631395567791
17.104027456144927 -0.8366145181406539 1.6554074412805329
17.443474645659364 0.8265385675623622 0.5977225075468201
18.863356064415832 1.8768155955500272 1.5362612233979633
21.67295359285509 -4.528066568559141 -4.573801770308446
20.29641554378042 -5.518686566144483 -3.513700350710436
18.61836728359011 -4.430505171011156 -3.509790394448672
18.957814473104545 -2.76735208530814 -4.567475328182384
20.845652633800402 -2.8276483449827348 -5.225070522880264
21.856559053201085 -4.275355332439128 3.8925737060135512
20.436677634444614 -5.325632360426793 2.9540349901624072
18.758629374254305 -4.2374509652934655 2.957944946424172
19.14141993345054 -2.514640849188126 3.8989001481396093
21.056045769796697 -2.5380670364061997 4.476532488429
23.294480422755488 2.7698741955873842 -0.5878515720598175
22.084388904504568 2.74748230305845 -2.180075526347076
20.19655074380871 2.8077785627330467 -1.5224803316491973
20.239894113490507 2.8674355931353697 0.47615980379995504
22.154519949836665 2.844009405917295 1.0537921440893459
20.904634376384 -6.436205648089053 1.3579010796133852
19.69454285813308 -6.458597540617986 -0.23432287467387325
20.834503331051902 -6.532732750947897 -1.8759665908230367
22.552345646443953 1.6369090153961903 -3.7762094368960977
21.132464227687485 0.5866319874085248 -4.714748152747242
21.93297751109187 -1.1506563086244026 -5.298706935162692
22.69260773710815 1.8299632211138794 2.6915259039767454
21.316069688033476 0.8393432235285387 3.7516273235747537
22.143370647088165 -0.8610750000478677 4.402896076146573
23.58757942920125 -4.551492755777215 -3.9961694300190547
23.74439721389694 -4.335651592113723 3.2349785113156724
24.972528682945796 1.6816928004540577 -0.5917615283215812
-2.0868303956103484 3.283091446742715 22.30081432474839
-2.776874077387714 2.333327798808983 20.6816204727644
-1.2052231741436148 1.7437558463840026 19.594275839611782
0.4561541842880763 2.3291439889054604 20.54145375082267
-0.08870904330572105 3.280505710019869 22.214186526496746
3.7672715706393367 -0.9701625950174837 22.300814324748394
3.0772278888619704 -1.9199262429512147 20.681620472764404
2.0308448033561755 -0.6073851627858885 19.594275839611782
2.0741881730379714 1.1535734843205145 20.54145375082267
3.1473589341940675 0.9293647008499777 22.214186526496746
-5.931813214388032 -0.9576111653069159 22.721314490573597
-5.386949986794236 -1.9089728864213242 21.04858171489952
-4.435211719995404 -0.5990175429788435 19.874609283495253
-4.391868350313609 1.16194110412756 20.821787194706136
-5.316818941462137 0.9403180573798675 22.581147768631862
0.9222887518616529 -5.937407735072474 22.7213144905736
-0.15088200929444495 -5.713198951601937 21.048581714899523
0.8008562575043858 -4.403243608159457 19.874609283495257
2.462233615936077 -3.8178554656379986 20.82178719470614
2.5372830247875466 -4.766021040391051 22.581147768631865
-3.073953952747602 -5.932236261626784 22.894570087076897
-2.1490033615990725 -5.710613214879091 21.13520951315117
-3.1953864471048687 -4.3980721347137655 20.04786487999855
-4.767037350348968 -3.808500182288786 21.13520951315117
-4.691987941497498 -4.756665757041838 22.894570087076897
0.9844617178503765 3.0562969265493316 23.886919302170824
2.6024957066002714 1.8807264219643853 23.886919302170824
-3.011780986758878 3.061468399995023 24.060174898674116
-4.6267752596847735 1.8900817053135985 24.200341620615852
3.8423209794908066 -1.918328169770536 24.06017489867412
3.227326706564911 -3.81625739245732 24.200341620615855
-5.856763805536563 -1.9057767400599686 24.480675064499323
-5.236851169091294 -3.80530403592743 24.567302862750974
-0.0026618392868766882 -6.1590307818201655 24.480675064499327
-2.000783191591504 -6.156445045097321 24.567302862750974
-2.6679301145463272 17.67839643610806 -13.885831572013258
-3.287842750991594 16.75141974612013 -12.225583837669223
-1.6728484780656983 16.10219076329283 -11.24054819045965
-0.054814489315804016 16.627921875411964 -12.292010414697916
-0.6698087622417 17.60207055447217 -13.926885454373302
3.3429896363990497 19.796350632361857 -10.458909695859152
2.7230769999537823 18.86937394237393 -8.798661961515116
1.6499062387976853 17.272967048335744 -9.346192368037883
1.6065628691158875 17.21331001793342 -11.344832503487034
2.6529459546216825 18.772846839515086 -12.032529631951537
-6.356095148628318 20.166844244486366 -10.259629964773069
-5.741100875702424 19.192695565426156 -8.624754925097683
-4.8161502845538955 17.51996278975208 -9.213339213980493
-4.859493654235692 17.460305759349758 -11.211979349429644
-5.811231921034523 19.096168462567313 -11.858622595534102
0.6816122779673592 22.646588209429595 -6.247319946097504
-0.3647708075384364 21.08705138784793 -5.5596228176330005
0.5601797836100926 19.41431861217385 -6.148207106515813
2.178213772359986 19.940049724292983 -7.199669330754082
2.2532631812114574 21.937702196199968 -7.260924434337082
-3.314630426641895 22.799239972701372 -6.165212181377411
-2.3628921598430637 21.163377269483817 -5.518568935272955
-3.4360629209991616 19.566970375445628 -6.06609934179572
-5.0510571939250575 20.21619935827293 -7.051134989005297
-4.9760077850735875 22.213851830179912 -7.112390092588296
0.37657432326409546 19.161607376053837 -14.614582582837807
2.037951681695787 19.746995518575297 -13.667404671626924
-3.619668381345159 19.314259139325614 -14.532474818117713
-5.191319284589257 20.02314515255524 -13.518870329878137
3.4180390452505187 21.794003104268842 -10.520164799442151
2.873175817656723 22.864678886187896 -8.921172168681117
-6.281045739776848 22.164496716393348 -10.320885068356068
-5.591002057999482 23.188000509240123 -8.747265132263683
-0.270125988831472 24.28245091264715 -6.893963192201963
-2.2682473411360995 24.358776794283038 -6.852909309841916
17.637589873409098 -13.728221174181606 -3.5932209707712075
16.947546191631734 -11.851480836259945 -3.6342748531312528
15.831032060793838 -11.567615022387082 -1.9993998134558646
15.831032060793838 -13.268916639091163 -0.947937589217597
16.947546191631734 -14.60424467720229 -1.9329732364271714
17.794407658104788 -13.512380010518116 3.637926970563519
17.104363976327427 -11.635639672596454 3.5968730882034743
15.91771880015743 -11.448300961582436 1.99788045744244
15.874375430475634 -13.20925960868884 1.0507025462315558
17.034232930995326 -14.484930616397646 2.0643070344711325
21.14395005061848 -9.260072602024458 -4.421084821177447
20.027435919780583 -7.924744563913331 -3.4360491739678722
18.150747061833226 -8.61342935592 -3.3747940703848713
18.107403692151426 -10.374388003026404 -4.3219719815957545
19.957304874448482 -10.774035507714522 -4.968615227700214
21.327555510964473 -9.007361365904448 4.04529065514455
20.16769801044478 -7.7316903581956415 3.0316861669049713
18.291009152497423 -8.42037515020231 3.092941270487973
18.29100915249742 -10.121676766906393 4.14440349472624
20.167698010444777 -10.48445419913799 4.732987783609051
22.707642874519205 -7.255314359863074 0.7247951864564788
20.85774169222215 -6.855666855174955 1.3714384325609368
19.671096516052156 -6.668328144160936 -0.22755419820009765
20.787610646890048 -6.9521939580337975 -1.8624292378754852
22.66429950483741 -7.314971390265395 -1.2738449489926733
18.107403692151422 -15.8799156849111 -0.9193687481875944
18.15074706183322 -15.820258654508779 1.0792713872615582
19.487491055706155 -14.127868678869723 -4.239864216875665
20.647348556225847 -12.650775845636183 -4.927561345340168
19.67109651605215 -13.875157442749712 4.226511259446331
20.85774169222214 -12.36119453705965 4.774041665969099
23.020638908565836 -9.622850034256055 -3.832500532294635
23.7808136356753 -8.650299428376526 -2.258880596202248
23.17745669326153 -9.407008870592565 3.398647409040092
23.867500375038894 -8.53098536757188 1.7383996746960566
-23.457385916409507 1.2088943046268201 -3.147872776419919
-22.41240021759771 -0.49615931740989594 -3.11964096354333
-21.202048148066382 -0.4529546373320448 -1.5280438966320464
-21.49899512955404 1.2788009454658487 -0.5726146257628226
-22.892870526501426 2.305880075764479 -1.5737239294303957
-23.300568131713813 1.424735468290304 4.083275164914808
-22.255582432902017 -0.28031815374641245 4.111506977791397
-21.115361408702785 -0.33364057652740253 2.4692363742662584
-21.45565175987224 1.3384579758681698 1.4260255096863301
-22.806183787137833 2.425194136569121 2.4235563414679087
-26.040783395844826 -3.9001453203369305 -3.5578038484267145
-24.64690799889744 -4.92722445063556 -2.5566945447591403
-22.94217158479013 -3.8835611022788923 -2.6248163012947554
-23.282461935959585 -2.2114625498833194 -3.668027165874685
-25.197509353133256 -2.2217121603200267 -4.244645181082629
-25.857177935498832 -3.6474340842169264 4.908571627895282
-24.506645908233242 -4.734170244917877 3.9110407961137037
-22.80190949412593 -3.6905068965612093 3.8429190395780886
-23.09885647561359 -1.9587513137633157 4.79834831044731
-24.987116217136958 -1.9321308517435027 5.456957830226636
-27.29867099513992 3.4356890488097136 0.4894594906683779
-26.158449970940687 3.3823666260287233 -1.1528111128567609
-24.243402553767016 3.3926162364654315 -0.5761930976488165
-24.20005918408522 3.452273266867752 1.4224470378003358
-26.08831892560859 3.478893728887564 2.0810565575796613
-25.07116129814132 -5.8311560160555365 2.3368919491241806
-23.93094027394209 -5.884478438836527 0.6946213455990412
-25.14129234347342 -5.927683118914377 -0.8969757213122418
-26.722965360848768 2.285380854891064 -2.726959959846284
-25.372433333583178 1.1986446941901128 -3.724490791627864
-26.242495051945053 -0.5166585382833109 -4.272876993959218
-26.58270327018457 2.4784350606087466 3.74077538102656
-25.18882787323718 1.451355930310117 4.741884684694132
-26.032101915948754 -0.22707722970678645 5.428726017350048
-27.929043137368197 -3.8735248583171176 -2.899194328647389
-27.772225352672503 -3.657683694653634 4.331953612687339
-29.00340740924723 2.3920257004530447 0.5575812472039935
-2.0868303956103453 18.478211583242423 12.909713617253626
-2.7768740773877107 17.45470779039565 11.33609368116124
-1.2052231741436121 16.74582177716602 10.322489192921662
0.4561541842880785 17.331209919687478 11.269667104132548
-0.0887090433057186 18.401885701606535 12.86865973489358
3.767271570639339 20.38032461583273 9.10548755207301
3.0772278888619726 19.356820822985956 7.531867615980623
2.0308448033561777 17.79728400140429 8.219564744445128
2.0741881730379736 17.856941031806613 10.218204879894278
3.1473589341940715 19.453347925844803 10.765735286417048
-5.931813214388029 20.75081822795724 9.304767283159086
-5.38694998679423 19.680142446038182 7.705774652398053
-4.435211719995401 18.044279742820628 8.352417898502512
-4.391868350313605 18.10393677322295 10.351058033951663
-5.316818941462133 19.77666954889703 10.939642322834477
0.9222887518616563 22.97785095678045 4.85070182551266
-0.15088200929444118 21.381444062742265 4.303171418989893
0.8008562575043889 19.745581359524706 4.949814665094351
2.4622336159360794 20.330969502046166 5.8969925763052355
2.5372830247875506 22.328621973953148 5.835737472722235
-3.0739539527475968 23.13050272005223 4.932809590232749
-2.1490033615990685 21.457769944378153 4.344225301349938
-3.195386447104864 19.898233122796487 5.03192242981444
-4.767037350348963 20.607119136026114 6.045526918054017
-4.6919879414974925 22.604771607933095 5.984271814471018
0.9844617178503796 19.998292595644724 13.416190141416347
2.602495706600274 20.524023707763856 12.36472791717808
-3.0117809867588745 20.1509443589165 13.498297906136436
-4.626775259684769 20.800173341743804 12.513262258926861
3.8423209794908106 22.377977087739716 9.044232448490007
3.227326706564916 23.352125766799922 7.4093574088146195
-5.856763805536557 22.748470699864225 9.243512179576085
-5.236851169091288 23.675447389852152 7.58326444523205
-0.0026618392868722474 24.65058373245453 5.439286114395471
-2.000783191591499 24.726909614090417 5.480339996755515
17.637589873409098 2.9255726115955323 -13.885831572013265
16.947546191631734 2.0495491085748445 -12.225583837669232
15.831032060793838 3.384877146685973 -11.240548190459656
15.831032060793838 5.086178763390053 -12.292010414697923
16.94754619163173 4.802312949517193 -13.92688545437331
17.794407658104788 9.29678084960953 -10.458909695859157
17.104363976327424 8.420757346588843 -8.798661961515121
15.91771880015743 6.906794440898779 -9.346192368037887
15.874375430475634 6.8471374104964555 -11.344832503487037
17.034232930995323 8.324230243729998 -12.03252963195154
21.143950050618475 0.18689188516390587 -10.259629964773078
20.027435919780583 0.470757699036767 -8.624754925097688
18.150747061833222 0.8335351312683636 -9.213339213980502
18.107403692151426 0.7738781008660398 -11.211979349429653
19.957304874448482 0.37423059617792287 -11.85862259553411
21.32755551096447 7.646432419872692 -6.247319946097511
20.167698010444777 6.169339586639151 -5.559622817633007
18.291009152497416 6.532117018870746 -6.1482071065158195
18.291009152497416 8.233418635574827 -7.1996693307540855
20.167698010444777 8.922103427581499 -7.260924434337087
22.707642874519202 3.892951744029374 -6.165212181377419
20.85774169222214 4.292599248717491 -5.518568935272962
19.67109651605215 2.7786363430274275 -6.066099341795728
20.787610646890045 1.4433083049162994 -7.051134989005303
22.664299504837405 2.131993096922971 -7.112390092588305
18.107403692151422 6.279405782750734 -14.614582582837816
18.15074706183322 8.040364429857137 -13.66740467162693
19.48749105570616 2.525925106907415 -14.532474818117723
20.647348556225847 1.2502540991986106 -13.518870329878144
19.67109651605215 9.985465641616203 -10.520164799442156
20.85774169222214 9.798126930602184 -8.921172168681121
23.020638908565836 0.875576677170578 -10.320885068356077
23.7808136356753 1.8481272830501099 -8.74726513226369
23.177456693261526 7.246784915184576 -6.8939631922019675
23.867500375038894 5.370044577262916 -6.852909309841923
-22.210739322439807 -13.203810088666495 -2.74470601033058
-21.473941610441035 -11.345847236759132 -2.8161425032850245
-20.281777869593878 -11.09236403348068 -1.2304275602183312
-20.281777869593885 -12.793665650184758 -0.1789653359800647
-21.473941610441045 -14.09861107770148 -1.1148408865809463
-22.053921537744124 -12.987968925003013 4.486441931004146
-21.31712382574535 -11.130006073095648 4.415005438049701
-20.19509113023029 -10.973049972676037 2.766852710679973
-20.23843449991209 -12.734008619782438 1.8196747994690878
-21.387254871077456 -13.979297016896837 2.882439384317358
-25.630412760285576 -8.644513684726133 -3.4250895709107345
-24.438249019438416 -7.339568257209411 -2.489214020309852
-22.57941861192459 -8.077413145824782 -2.5075016239299464
-22.62276198160639 -9.838371792931184 -3.4546795351408326
-24.50838006477052 -10.188859201010601 -4.021780074042196
-25.44680729993959 -8.391802448606128 5.041285905411262
-24.297986928774222 -7.146514051491728 3.978521320562992
-22.4391565212604 -7.884358940107099 3.9602337169428967
-22.439156521260408 -9.58566055681118 5.011695941181162
-24.297986928774232 -9.899277892434077 5.679822937267069
-26.920402723937112 -6.602200470536159 1.781555657911996
-25.034784640772983 -6.2517130624567425 2.3486561968133586
-23.912751945257924 -6.09475696203713 0.7005034694436303
-25.10491568610508 -6.348240165315585 -0.8852114736230632
-26.963746093618905 -6.661857500938482 -0.2170844775371561
-22.622761981606413 -15.343899474815881 -0.052076301732675745
-22.579418611924616 -15.284242444413561 1.9465638337164766
-24.096357405603936 -13.554297496745912 -3.3118065492319424
-25.245177776769292 -12.046822052917966 -3.9503435810877514
-23.91275194525795 -13.301586260625907 5.154568927090053
-25.034784640773005 -11.75724074434144 5.751259430221515
-27.4892431677994 -8.958131020349029 -2.7569625748248265
-28.15590983446607 -7.966802928455204 -1.1529600281380377
-27.33242538310372 -8.742289856685545 4.4741853665099
-28.06922309510248 -7.8474888676505605 2.8443202427602667
8.398457697709507 -21.935730846518684 -3.1478727764199133
6.453937000027208 -21.468780933758378 -3.1196409635433247
6.12100773388763 -20.30431673063869 -1.5280438966320427
7.859766829246109 -20.051588187188468 -0.572614625762819
9.267308314565245 -21.059857560528663 -1.5737239294303902
8.55527548240519 -21.719889682855186 4.083275164914814
6.610754784722893 -21.25293977009488 4.111506977791403
6.207694473251219 -20.18500266983404 2.4692363742662624
7.9031101989279025 -19.991931156786144 1.4260255096863337
9.353995053928834 -20.94054349972401 2.4235563414679144
4.33778599474849 -25.97146792256492 -3.5578038484267043
2.9302445094293543 -24.963198549224725 -2.556694544759132
3.3960348148134205 -23.01938816297386 -2.624816301294749
5.091450540490104 -22.826316649925964 -3.6680271658746775
5.673484778635295 -24.650802278853856 -4.244645181082621
4.5213914550944745 -25.718756686444898 4.908571627895292
3.070506600093544 -24.770144343507027 3.9110407961137126
3.5362969054776108 -22.826333957256168 3.842919039578095
5.275056000836089 -22.573605413805943 4.7983483104473175
5.883877914631581 -24.361220970277312 5.456957830226646
11.70328771918304 -24.900892632655264 0.4894594906683879
11.300227407711366 -23.832955532394422 -1.1528111128567522
10.718193169566177 -22.008469903466533 -0.57619309764881
10.761536539247967 -21.948812873064206 1.4224470378003427
11.370358453043462 -23.736428429535575 2.0810565575796702
2.201655983237803 -25.64601762949705 2.3368919491241895
1.7985956717661313 -24.578080529236207 0.6946213455990493
2.1315249379057075 -25.742544732355896 -0.8969757213122326
10.431376790855628 -24.708828818384443 -2.726959959846275
8.980491935854696 -23.760216475446573 -3.7244907916278565
7.618005476317591 -25.11775219161416 -4.27287699395921
10.571638881519817 -24.515774612666746 3.7407753810265696
9.164097396200681 -23.50750523932655 4.74188468469414
7.828398612313876 -24.828170883037615 5.4287260173500576
4.9466079085439825 -27.759083479036285 -2.8991943286473765
5.103425693239666 -27.543242315372787 4.331953612687351
11.237497413798973 -26.844703018906124 0.5575812472040055
18.218689592345083 3.725387758729905 12.90971361725363
17.458514865235617 2.752837152850373 11.336093681161241
16.298657364715925 4.028508160559176 10.322489192921667
16.342000734397722 5.789466807665579 11.26966710413255
17.528645910567715 5.6021280966515645 12.868659734893583
18.218689592345076 9.880754833080413 9.105487552073011
17.458514865235614 8.90820422720088 7.531867615980626
16.298657364715922 7.431111393967337 8.219564744445128
16.34200073439772 7.490768424369659 10.21820487989428
17.52864591056771 9.004731330059725 10.76573528641705
21.56823198485877 0.7708658686347905 9.304767283159093
20.381586808688777 0.9582045796488066 7.70577465239806
18.53168562639172 1.3578520843369217 8.352417898502518
18.575028996073513 1.4175091147392456 10.35105803395167
20.451717854020874 1.0547316825076507 10.939642322834482
21.568231984858762 7.9776951672235645 4.8507018255126635
20.381586808688773 6.463732261533501 4.303171418989898
18.531685626391713 6.863379766221616 4.9498146650943555
18.57502899607351 8.624338413328019 5.896992576305237
20.451717854020867 9.313023205334693 5.835737472722236
22.9483193484135 4.224214491380246 4.932809590232756
21.07163049046614 4.586991923611841 4.344225301349943
19.91177298994645 3.109899090378298 5.031922429814447
21.07163049046614 1.8342280826694943 6.045526918054025
22.948319348413502 2.522912874676167 5.9842718144710245
18.715291086737707 7.116091002341629 13.416190141416351
18.715291086737704 8.817392619045709 12.364727917178083
20.095378450292444 3.3626103264983103 13.498297906136441
21.211892581130336 2.027282288387184 12.513262258926868
20.095378450292436 10.569439625087085 9.04423244849001
21.211892581130332 10.285573811214226 7.409357408814623
23.44492084280613 1.4595506606414625 9.243512179576092
24.134964524583495 2.335574163662152 7.583264445232057
23.444920842806123 7.6149177349919706 5.439286114395475
24.13496452458349 5.738177397070311 5.4803399967555215
-22.210739322439792 3.4499836971106226 -13.037316611572617
-21.473941610441024 2.5551827080756406 -11.407451487822986
-20.281777869593867 3.8601281355923667 -10.471575937222108
-20.281777869593867 5.561429752296448 -11.523038161460374
-21.473941610441024 5.3079465490179905 -13.108753104527066
-22.053921537744095 9.82119193512462 -9.610394735418506
-21.31712382574533 8.926390946089638 -7.980529611668875
-20.19509113023027 7.3820454298051725 -8.577220114800337
-20.238434499912067 7.3223883994028505 -10.57586025024949
-21.38725487107743 8.829863843230795 -11.214397282105296
-25.630412760285573 0.8024508024622001 -9.26363471450634
-24.438249019438413 1.0559340057406592 -7.677919771439649
-22.579418611924588 1.3695513413635592 -8.346046767525559
-22.622761981606388 1.309894310961238 -10.344686902974711
-24.508380064770513 0.9594069028818151 -10.911787441876069
-25.446807299939575 8.261991337170986 -5.251324695830772
-24.29798692877421 6.754515893343042 -4.612787663974966
-22.439156521260387 7.0681332289659435 -5.280914660060876
-22.439156521260387 8.769434845670025 -6.332376884299143
-24.29798692877421 9.507279734285392 -6.314089280679045
-26.920402723937105 4.546065633356253 -5.108451709921876
-25.03478464077298 4.896553041435675 -4.541351171020518
-23.91275194525792 3.3522075251512096 -5.138041674151982
-25.104915686105077 2.047262097634484 -6.07391722475286
-26.9637460936189 2.78510698624985 -6.055629621132762
-22.622761981606388 6.815421992845934 -13.747290136382873
-22.579418611924588 8.576380639952339 -12.800112225171988
-24.096357405603918 3.0994962890312006 -13.604417150473974
-25.245177776769278 1.854207891916797 -12.541652565625702
-23.91275194525792 10.559036823739987 -9.592107131798407
-25.03478464077298 10.40208072332037 -7.943954404428679
-27.489243167799394 1.540295691077568 -9.245347110886243
-28.155909834466062 2.531623782971393 -7.6413445641994535
-27.3324253831037 7.911503929091565 -5.818425234732132
-28.069223095102465 6.053541077184198 -5.746988741777685
-5.694073716484182 -25.20387007223671 -2.744706010330569
-4.154729053567551 -23.928991710892202 -2.8161425032850156
-4.282051057317586 -22.71684599906706 -1.2304275602183237
-5.900085046067481 -23.2425771111862 -0.17896533598005604
-6.772763042317443 -24.779642519244245 -1.1148408865809358
-5.53725593178849 -24.98802890857322 4.486441931004157
-3.99791126887186 -23.713150547228715 4.41500543804971
-4.195364317953994 -22.597531938262417 2.7668527106799807
-5.856741676385685 -23.182920080783877 1.8196747994690963
-6.68607630295385 -24.6603284584396 2.882439384317369
-0.3011879542886984 -27.04727270769123 -3.425089570910724
0.5714900419612645 -25.510207299633187 -2.489214020309843
-0.7046523329541334 -23.970361137674427 -2.5075016239299384
-2.3660296913858243 -24.555749280195883 -3.4546795351408237
-2.116674992120728 -26.457385210844073 -4.0217800740421845
-0.11758249394270504 -26.79456147157122 5.041285905411273
0.7117521326254614 -25.317153093915497 3.978521320563001
-0.5643902422899356 -23.777306931956737 3.9602337169429056
-2.18242423103983 -24.303038044075873 5.011695941181172
-1.9062818561244326 -26.16780390226754 5.6798229372670805
2.0397961577238206 -27.64301657755615 1.7815556579120069
1.7904414584587247 -25.741380646907963 2.3486561968133675
1.5929884093765896 -24.625762037941666 0.7005034694436385
1.7203104131266267 -25.837907749766806 -0.8852114736230541
1.9964527880420242 -27.702673607958474 -0.21708447753714522
-7.15528992053838 -29.274305436514453 1.0289758867357048
-7.352742969620514 -28.15868682754816 -0.6191768406340241
-7.602097668885612 -26.25705089689997 -0.052076301732663755
-7.558754299203816 -26.197393866497645 1.9465638337164888
-7.2826119242884175 -28.062159724689312 2.614690829802398
-6.274053643787252 -28.582914380540622 -2.2490419643836574
-5.444719017219086 -27.105506002884898 -3.311806549231929
-3.6560196550373583 -27.73226357218858 -3.950343581087738
-6.1337915531230545 -28.389860174822935 4.2186933764891865
-5.261113556873092 -26.852794766764887 5.154568927090066
-3.4456265190410633 -27.442682263612046 5.751259430221528
-0.025045579373300875 -28.9120385658829 -2.756962574824814
1.1237747917920613 -29.23973901601652 -1.1529600281380252
0.1317722053223913 -28.69619740221941 4.4741853665099125
1.2104615311556541 -29.120424955211874 2.844320242760279
-5.879147545622984 -30.814151598473213 1.0472634903558011
8.3984576977095 6.994414056752579 -21.0276856261011
6.453937000027205 6.810839008436697 -20.597407276749223
6.121007733887628 7.713642479089714 -18.844094983652344
7.859766829246109 8.455180757430528 -18.19076674297733
9.267308314565241 8.010673146751214 -19.540299977526885
8.555275482405197 13.365622294766576 -17.600763749946992
6.6107547847229 13.182047246450695 -17.170485400595112
6.207694473251223 11.235559773302521 -16.94973916123057
7.903110198927904 10.216139404536932 -17.24358883176645
9.353995053928838 11.532590440964022 -17.645944155105113
4.337785994748483 8.432597047785087 -24.820685351262654
2.930244509429347 8.8771046584644 -23.471152116713103
3.396034814813415 7.94687627531486 -21.763020228774348
5.091450540490097 6.927455906549271 -22.056869899310225
5.673484778635286 7.227647852977726 -23.946610871223108
4.521391455094482 15.892137582493874 -20.808375332587087
3.0705066000935486 14.575686546066784 -20.40602000924842
3.5362969054776165 13.645458162917244 -18.697888121309667
5.275056000836096 14.386996441258056 -18.044559880634658
5.883877914631588 15.7755206843813 -19.348912710026084
11.703287719183038 11.573803602754936 -22.05314251214297
11.300227407711363 9.62731612960676 -21.832396272778432
10.718193169566176 9.327124183178306 -19.94265530086555
10.761536539247974 11.088082830284709 -18.995477389654663
11.370358453043465 12.476607073407951 -20.29983021904609
2.2016559832378055 13.55942745606815 -21.893405657822637
1.7985956717661304 11.612939982919972 -21.6726594184581
2.131524937905705 10.710136512266956 -23.42597171155498
10.431376790855623 8.611057039608124 -23.319781921352646
8.980491935854689 7.294606003181035 -22.917426598013982
7.618005476317582 7.411222901293608 -24.376889220574984
10.571638881519823 14.309638927210509 -20.254649813887966
9.164097396200688 14.75414653788982 -18.905116579338415
7.828398612313884 15.959095732697183 -19.77919105937796
4.9466079085439745 9.82112129090833 -26.12503818065408
5.1034256932396715 16.19232952892233 -22.69811630449997
11.237497413798971 12.504031985904478 -23.76127440008172
-21.629639603503804 4.2497988442449675 13.758228577694268
-20.962972936837133 3.258470752351145 12.154226031007479
-19.814152565671773 4.50375914946555 11.09146144615921
-19.77080919598998 6.2647177965719525 12.038639357370094
-20.89284189150504 6.107761696152336 13.686792084739821
-21.629639603503808 10.405165918595479 9.954002512513656
-20.96297293683714 9.413837826701656 8.349999965826868
-19.814152565671776 7.906362382873715 8.988536997682676
-19.77080919598998 7.966019413276034 10.98717713313183
-20.892841891505043 9.510364929560497 11.58386763626329
-25.20613082604527 1.3864247859330536 10.30076253342581
-24.084098130530208 1.5433808863526703 8.652609806056084
-22.198480047366083 1.893868294432095 9.219710344957445
-22.15513667768429 1.9535253248344162 11.218350480406597
-24.013967085198114 1.6399079892115127 11.886477476492505
-25.206130826045275 8.593254084521833 5.846697075779388
-24.08409813053021 7.04890856823737 5.250006572647926
-22.198480047366086 7.399395976316793 5.817107111549288
-22.155136677684293 9.160354623423197 6.764285022760173
-24.01396708519812 9.898199512038563 6.782572626380269
-26.6797262500428 4.877328380707096 5.989570061688279
-24.820895842528977 5.190945716330001 5.321443065602372
-23.672075471363613 3.683470272502058 5.959980097458178
-24.820895842528973 2.438181875387652 7.022744682306449
-26.679726250042798 3.1760267640030153 7.041032285926543
-22.014874587020103 7.6521072124368 14.283482587871285
-22.014874587020106 9.35340882914088 13.23202036363302
-23.48847001101763 3.936181508622064 14.426355573780175
-24.680633751864782 2.6312360811053357 13.490480023179295
-23.488470011017633 11.143010807210846 9.972290116133752
-24.68063375186479 10.889527603932384 8.386575173067058
-27.064961233559096 2.124269674548419 10.319050137045908
-27.80175894555786 3.019070663583398 8.689185013296273
-27.0649612335591 8.279636748898929 6.514824071865293
-27.801758945557864 6.42167389699156 6.586260564819739
10.144625384514903 -20.05756477161566 -13.037316611572628
9.065936058681638 -19.633337218623197 -11.407451487822993
9.938614054931602 -18.09627181056515 -10.471575937222113
11.556648043681498 -17.570540698446013 -11.52303816146038
11.683970047431533 -18.782686410271154 -13.108753104527073
16.155545135460276 -17.939610575361858 -9.610394735418513
15.07685580962701 -17.515383022369395 -7.980529611668881
13.261368771794984 -16.925495525522233 -8.577220114800342
13.218025402113188 -16.985152555924557 -10.575860250249494
15.006724764294916 -17.61191012522824 -11.214397282105303
8.6834091804607 -24.1280001358934 -9.263634714506354
8.556087176710662 -22.915854424068264 -7.67791977143966
8.279944801795267 -21.051088565876597 -8.346046767525568
8.236601432113469 -21.11074559627892 -10.344686902974722
8.485956131378568 -23.012381526927108 -10.911787441876081
15.721116607056375 -21.648256170950173 -5.251324695830783
13.93241724487465 -21.021498601646492 -4.6127876639749745
13.656274869959251 -19.156732743454825 -5.280914660060883
15.274308858709144 -18.631001631335693 -6.332376884299151
16.550451233624543 -20.17084779329445 -6.314089280679054
12.642427281223114 -24.198012893639188 -5.10845170992189
12.393072581958018 -22.296376962991 -4.541351171020529
10.577585544125988 -21.70648946614384 -5.1380416741519905
9.704907547876024 -23.243554874201884 -6.07391722475287
10.981049922791424 -24.783401036160644 -6.055629621132775
13.47266940961326 -19.409443979574835 -13.74729013638288
15.134046768044954 -18.824055837053375 -12.800112225171993
10.39398008378 -21.95920070226385 -13.604417150473987
9.564645457211832 -23.436609079919574 -12.541652565625714
17.431687510375674 -19.479456737320618 -9.592107131798418
17.62914055945781 -20.595075346286915 -7.943954404428688
9.9595515553761 -25.66784629785216 -9.245347110886257
11.10837192654146 -25.995546747985784 -7.641344564199467
15.970471306321473 -23.54989210159836 -5.818425234732144
14.431126643404841 -24.82477046294287 -5.746988741777697
-5.694073716484187 8.816573668578195 -23.77049655450779
-4.154729053567554 8.182535991048095 -22.662158053767914
-4.282051057317588 9.05875451124665 -20.868828688530694
-5.900085046067484 10.234325015831597 -20.868828688530694
-6.77276304231745 10.084649023638399 -22.662158053767914
-5.537255931788495 15.187781906592193 -20.343574678353683
-3.997911268871862 14.553744229062092 -19.235236177613807
-4.195364317953995 12.580671805459458 -18.974472866108925
-5.856741676385687 11.995283662938 -19.921650777319808
-6.6860763029538575 13.606566317851208 -20.767802231346145
-0.3011879542887077 9.032414832241688 -25.723562774065343
0.5714900419612587 9.182090824434884 -23.930233408828123
-0.7046523329541365 8.477093755892454 -22.56113159658337
-2.366029691385829 7.891705613370996 -23.50830950779425
-2.1166749921207364 8.234912913223997 -25.46279946256046
-0.11758249394271258 16.491955366950474 -21.711252755389776
0.7117521326254579 14.880672712037267 -20.865101301363442
-0.5643902422899378 14.175675643494836 -19.495999489118688
-2.182424231039833 15.351246148079781 -19.495999489118688
-1.906281856124438 16.782785744627574 -20.865101301363442
2.0397961577238126 13.955804656830065 -23.92792975686953
1.7904414584587203 13.612597356977064 -21.973439802103318
1.5929884093765878 11.639524933374428 -21.71267649059844
1.7203104131266214 10.763306413175872 -23.50600585583566
1.9964527880420162 12.194846009723664 -24.875107668080414
-7.1552899205383955 14.012211402007246 -25.72356277406534
-7.352742969620526 12.039138978404608 -25.462799462560458
-7.60209766888562 11.695931678551608 -23.508309507794248
-7.558754299203821 13.45689032565801 -22.561131596583362
-7.282611924288426 14.888429922205802 -23.93023340882812
-6.274053643787266 10.771063623344405 -26.571137963300338
-5.444719017219096 9.159780968431198 -25.724986509274
-3.65601965503737 8.8689505907541 -26.571137963300338
-6.133791553123066 16.46964551094679 -23.506005855835653
-5.2611135568731004 16.619321503139986 -21.712676490598437
-3.4456265190410713 17.416823422157673 -21.973439802103314
-0.025045579373312865 10.463954428789478 -27.092664586310097
1.1237747917920493 12.045170017530467 -26.668437033317634
0.13177220532238065 16.835162666803477 -23.66574271015599
1.210461531155643 15.567087311743274 -24.774081210895865
-5.879147545623001 14.717208470549677 -27.092664586310093
9.29231702352807 8.224705872253823 20.189763251133407
7.33122316586149 8.01831982617049 19.855823613766873
6.9214966302781376 8.815420923619538 18.06787674473402
8.629365562861464 9.514442540396223 17.29680444695929
10.094613147111314 9.149360560986072 18.608202428183883
9.29231702352807 14.380072946604333 16.385537185952792
7.33122316586149 14.173686900521 16.05159754858626
6.921496630278137 12.218024157027697 15.964952296257483
8.629365562861464 11.215744157100303 16.24534222272102
10.094613147111318 12.551963794394233 16.50527797970735
5.397889832528151 9.891704803927137 24.06259468637554
3.9326422482782992 10.25678678333729 22.751196705150946
4.325211836278189 9.225778728576236 21.08299062987265
6.033080768861517 8.22349872864884 21.36338055633619
6.696032229528125 8.635063677210521 23.20487713627204
5.397889832528151 17.098534102515913 19.608529228729115
3.9326422482782992 15.762314465221985 19.348593471742788
4.325211836278189 14.731306410460931 17.68038739646449
6.033080768861516 15.430328027237616 16.90931509868976
6.696032229528124 16.893355200037565 18.1009722861598
12.632538727611127 12.852807890334985 20.796280017434835
12.222812192027773 10.897145146841682 20.70963476510606
11.55986073136117 10.485580198280001 18.86813818517021
11.559860731361168 12.186881814984082 17.816675960931942
12.222812192027774 13.649908987784032 19.00833314840198
3.1303461246950546 14.837659776489737 20.93015429469231
2.7206195891117027 12.881997032996436 20.843509042363536
3.1303461246950564 12.08489593554739 22.63145591139639
11.420516068444533 9.972490458109435 22.291195588055583
9.955268484194681 8.636270820815504 22.031259831069256
8.657126087194706 8.841449723293854 23.538816773638572
11.420516068444531 15.47801813999413 18.888592354647425
9.955268484194683 15.843100119404282 17.57719437342283
8.657126087194708 17.099741246120896 18.434911923526332
6.060841293194759 11.354731976727086 25.25425187384558
6.060841293194759 17.510099051077596 21.450025808664964
12.239969139611237 13.883815945096039 22.464486092713134
10.725725103450877 -19.257749624481292 13.758228577694274
9.576904732285517 -18.930049174347673 12.154226031007484
10.406239358853686 -17.452640796691952 11.091461446159213
12.067616717285375 -16.867252654170493 12.038639357370096
12.26506976636751 -17.982871263136786 13.686792084739825
16.579827069700563 -17.355636591890985 9.95400251251366
15.431006698535203 -17.027936141757365 8.349999965826871
13.642307336353477 -16.401178572453684 8.988536997682678
13.68565070603527 -16.34152154205136 10.987177133131828
15.5011377438673 -16.93140903889852 11.583867636263292
9.107691114700987 -23.54402615242253 10.300762533425827
8.910238065618852 -22.428407543456235 8.652609806056097
8.660883366353756 -20.526771612808048 9.219710344957456
8.704226736035551 -20.46711458240572 11.218350480406608
8.98036911095095 -22.331880440597388 11.886477476492518
15.961793080950674 -21.316993423599314 5.8466970757794
14.146306043118644 -20.727105926752152 5.250006572647937
13.89695134385355 -18.825469996103966 5.817107111549296
15.55832870228524 -18.240081853582506 6.764285022760182
16.834471077200636 -19.77992801554127 6.782572626380279
12.883103755117409 -23.86675014628833 5.989570061688297
12.606961380202014 -22.00198428809666 5.321443065602385
10.818262018020286 -21.37522671879298 5.9599800974581925
9.988927391452117 -22.8526350964487 7.022744682306467
11.265069766367514 -24.39248125840746 7.041032285926564
14.080556804199537 -18.572758759983948 14.28348258787129
15.698590792949433 -18.047027647864812 13.232020363633024
11.001867478366275 -21.12251548267296 14.426355573780185
10.129189482116312 -22.659580890731007 13.490480023179307
17.855969444615962 -18.895482753849745 9.972290116133758
17.983291448365996 -20.10762846567489 8.386575173067067
10.383833489616386 -25.08387231438129 10.319050137045927
11.462522815449649 -25.508099867373755 8.689185013296292
16.237935455866072 -23.18175928179098 6.514824071865313
14.698590792949439 -24.456637643135487 6.586260564819758
-12.810467541198037 -19.33339753319189 -14.897717326888444
-11.810467541198037 -19.00847783695898 -13.196415710184363
-12.810467541198037 -17.632095916487806 -12.144953485946097
-14.428501529947935 -17.106364804368674 -13.196415710184365
-14.428501529947932 -18.157827028606945 -14.897717326888445
-19.046535518697826 -17.957015612720717 -11.495114093480284
-18.046535518697826 -17.63209591648781 -9.793812476776205
-16.257681136697997 -16.871250703451686 -10.264040678610181
-16.152108327697913 -16.725942197850614 -12.255959306516408
-17.875715125447893 -17.396981815570822 -13.01680451955253
-11.19243355244814 -23.66335471049163 -11.495114093480282
-11.192433552448136 -22.611892486253367 -9.793812476776202
-11.021613159198203 -20.675476768632297 -10.26404067861018
-10.91604035019812 -20.530168263031225 -12.255959306516406
-11.021613159198203 -22.37677838533638 -13.016804519552526
-18.493749114197783 -22.051858689103476 -7.511276837667832
-16.770142316447807 -21.380819071383268 -6.750431624631709
-16.59932192319787 -19.444403353762198 -7.220659826465689
-18.217355911947763 -18.918672241643065 -8.272122050703956
-19.3881763051977 -20.53016826303123 -8.451733241335791
-15.257681136697991 -24.402999698273366 -7.511276837667832
-15.152108327697908 -22.55638957596821 -6.750431624631707
-13.363253945698078 -21.795544362932088 -7.220659826465687
-12.363253945698075 -23.171926283403263 -8.272122050703954
-13.534074338948013 -24.783422304791426 -8.451733241335788
-16.15210832769791 -18.82886664632715 -15.658562539924567
-17.87571512544789 -18.448444039809093 -14.718106136256612
-12.91604035019812 -21.18000765549704 -15.658562539924567
-12.021613159198202 -22.701698081569287 -14.718106136256607
-20.217355911947763 -19.568511634108884 -11.674725284112117
-20.3881763051977 -20.85508795926414 -10.153034858039872
-12.363253945698075 -25.274850731879795 -11.674725284112116
-13.53407433894801 -25.834884529029694 -10.153034858039867
-18.599321923197866 -23.898468811408627 -8.272122050703956
-16.98128793444797 -25.074039315993573 -8.272122050703954
10.144625384514885 -2.6909148165779198 -23.77049655450779
9.065936058681622 -1.4228394615177118 -22.662158053767914
9.938614054931588 -1.273163469324515 -20.868828688530698
11.556648043681482 -2.4487339739094622 -20.868828688530694
11.683970047431515 -3.324952494108023 -22.662158053767914
16.15554513546026 -0.572960620324122 -20.343574678353686
15.076855809627002 0.6951147347360856 -19.23523617761381
13.261368771794972 -0.1023871842816022 -18.97447286610893
13.218025402113174 -1.8633458313880067 -19.92165077731981
15.0067247642949 -2.1541762090651075 -20.76780223134615
8.683409180460686 2.5047229168511316 -25.723562774065346
8.556087176710651 3.3809414370496906 -23.930233408828126
8.279944801795253 1.9494018405019005 -22.56113159658337
8.236601432113455 0.18844319339549553 -23.50830950779425
8.48595613137855 0.5316504932484956 -25.462799462560465
15.721116607056365 4.984466881794358 -21.711252755389786
13.932417244874639 5.2752972594714596 -20.86510130136345
13.656274869959242 3.8437576629236694 -19.49599948911869
15.274308858709135 2.6681871583387213 -19.49599948911869
16.550451233624532 3.3731842268811496 -20.86510130136345
12.642427281223103 6.252542236854561 -23.927929756869535
12.393072581958009 5.909334937001562 -21.973439802103325
10.577585544125979 5.111833017983874 -21.712676490598444
9.704907547876013 4.9621570257906775 -23.506005855835664
10.98104992279141 5.667154094333105 -24.875107668080418
15.537511146710365 -2.475073652914436 -25.723562774065343
13.722024108878337 -3.272575571932124 -25.46279946256046
13.472669409613239 -3.615782871785124 -23.50830950779425
15.134046768044934 -3.030394729263667 -22.56113159658337
16.41018914296033 -2.3253976607212383 -23.930233408828123
12.182679445961705 -2.6385378944020212 -26.571137963300338
10.393980083779978 -2.3477075167249186 -25.724986509274004
9.564645457211812 -0.7364248618117113 -26.571137963300338
17.55900951412569 -0.7441820719802519 -23.50600585583566
17.43168751037566 0.1320364482183065 -21.712676490598444
17.629140559457795 2.105108871820942 -21.973439802103325
9.95955155537608 3.2097199853935594 -27.0926645863101
11.108371926541444 4.790935574134547 -26.668437033317637
15.970471306321459 5.3276741816473585 -23.665742710155996
14.431126643404829 5.961711859177459 -24.774081210895872
15.813653521625762 -1.0435340563666462 -27.0926645863101
-4.67053091647137 10.225359473344282 23.426888777412653
-3.1798189314715106 9.524384657185436 22.292687699609935
-3.385830261054808 10.292296611973027 20.45751180564837
-5.003864249804703 11.467867116557972 20.45751180564837
-5.797852920221406 11.426497689775745 22.292687699609935
-4.670530916471371 16.380726547694792 19.622662712232042
-3.1798189314715106 15.679751731535948 18.48846163442932
-3.385830261054809 13.694899845381187 18.354587357171834
-5.003864249804704 13.169168733262053 19.4060495814101
-5.797852920221406 14.829100923183905 20.189763251133403
0.8016050385282087 10.55027916957719 25.128190394116736
1.5955937089449101 10.591648596359418 23.29301450015517
0.26226037561157756 9.807934926636118 22.024939145094965
-1.3557736131383173 9.282203814516986 23.076401369333233
-1.0224402798049845 9.740997788007377 24.99431611685925
0.801605038528207 17.757108468165967 20.67412493647031
1.5955937089449097 16.097176278244117 19.89041126674701
0.26226037561157667 15.313462608520819 18.622335911686804
-1.3557736131383182 16.489033113105762 18.622335911686804
-1.0224402798049859 17.999289310834424 19.890411266747012
3.0562490460282774 15.354832035303042 22.942527092075746
2.7229157126949453 14.896038061812652 21.02461234454973
2.5169043831116475 12.911186175657893 20.890738067292247
2.7229157126949453 12.143274220870305 22.72591396125381
3.0562490460282774 13.653530418598963 23.993989316314014
-6.052496927721477 15.53007573934275 25.128190394116736
-6.258508257304776 13.54522385318799 24.994316116859252
-6.591841590638106 13.086429879697599 23.076401369333233
-6.591841590638106 14.787731496401678 22.024939145094965
-6.258508257304774 16.297987694130338 23.29301450015517
-5.13118625355474 12.344085636756526 26.12851719466197
-4.337197583138036 10.684153446834673 25.344803524938673
-2.5131522648048454 10.44197260416622 26.12851719466197
-5.13118625355474 17.849613318641225 22.725913961253813
-4.337197583138038 17.89098274542345 20.890738067292247
-2.5131522648048463 18.700264126993265 21.024612344549734
1.1349383718615413 12.060535367305848 26.39626574917694
2.262260375611575 13.612160991816735 25.82916521027558
1.1349383718615405 18.21590244165636 22.592039683996326
2.262260375611575 17.014764225224894 23.726240761799048
-4.719163594388146 16.313789409066047 26.39626574917694
-14.225870406448653 -21.28153244710591 11.807713361067272
-13.055050013198716 -20.72149864995601 10.286022934995028
-13.949477204198633 -19.199808223883768 9.345566531327071
-15.673084001948611 -18.819385617365704 10.286022934995025
-15.84390439519855 -20.105961942520963 11.807713361067272
-20.07997237269834 -19.379419414515603 8.003487295886657
-18.9091519794484 -18.819385617365707 6.48179686981441
-17.185545181698423 -18.1483459996455 7.242642082850534
-17.291117990698506 -18.29365450524657 9.23456071075676
-19.07997237269834 -19.054499718282692 9.704788912590738
-12.225870406448657 -25.085758512286525 8.00348729588666
-12.055050013198716 -23.79918218713127 6.481796869814415
-11.949477204198633 -21.952572064826118 7.242642082850537
-12.055050013198718 -22.097880570427186 9.234560710756764
-12.225870406448657 -24.034296288048257 9.704788912590741
-19.07997237269834 -22.858725783463314 3.5494218382402316
-17.291117990698506 -22.09788057042719 3.079193636406253
-17.185545181698423 -20.251270448122035 3.840038849442375
-18.9091519794484 -19.870847841603975 4.780495253110331
-20.079972372698336 -21.48234386299214 4.600884062478496
-15.84390439519855 -25.209866792633207 3.5494218382402343
-15.673084001948611 -23.273451075012137 3.079193636406255
-13.949477204198633 -22.60241145729193 3.8400388494423767
-13.055050013198718 -24.124101883364176 4.780495253110336
-14.225870406448655 -25.73559790475234 4.600884062478501
-17.632758777198383 -20.866807155557083 12.277941562901253
-19.250792765948276 -20.34107604343795 11.226479338662987
-14.396690799698593 -23.217948164726977 12.277941562901255
-13.396690799698593 -24.594330085198152 11.226479338662989
-21.250792765948276 -20.990915435903766 7.823876105254823
-21.250792765948276 -22.042377660142034 6.122574488550744
-13.396690799698595 -26.697254533674688 7.82387610525483
-14.396690799698593 -27.022174229907595 6.122574488550748
-19.250792765948276 -24.79514150108438 4.019650040074211
-17.632758777198383 -25.970712005669327 4.019650040074213
10.725725103450877 20.918061190684103 -11.07178803166357
9.576904732285513 19.336845601943114 -11.496015584656035
10.406239358853682 17.725562947029907 -10.649864130629702
12.067616717285372 18.310951089551363 -9.702686219418814
12.265069766367507 20.284023513153997 -9.963449530923691
16.57982706970056 16.664807148923902 -11.071788031663566
15.431006698535198 15.083591560182915 -11.496015584656034
13.642307336353472 15.374421937860014 -10.6498641306297
13.685650706035267 17.135380584966416 -9.702686219418814
15.501137743867295 17.932882503984107 -9.963449530923691
9.107691114700984 19.742490686099156 -16.45177612737523
8.91023806561885 17.769418262496522 -16.19101281587035
8.660883366353753 17.42621096264352 -14.23652286110414
8.704226736035551 19.18716960974992 -13.289344949893255
8.98036911095095 20.618709206297712 -14.65844676213801
15.961793080950669 14.762694116333599 -16.451776127375226
14.14630604311864 13.965192197315908 -16.19101281587035
13.896951343853543 13.621984897462905 -14.23652286110414
15.558328702285236 14.207373039984361 -13.289344949893254
16.834471077200632 14.912370108526794 -14.658446762138006
12.883103755117407 16.030769471393803 -18.668453128854978
12.606961380202009 14.599229874846012 -17.299351316610228
10.818262018020283 14.89006025252311 -16.45319986258389
9.988927391452114 16.501342907436317 -17.299351316610228
11.26506976636751 17.20633997597875 -18.668453128854978
14.080556804199533 21.081525432171688 -10.22421284242857
15.69859079294943 19.905954927586745 -10.224212842428567
11.001867478366272 22.349600787231896 -12.44088984390832
10.12918948211631 22.1999247950387 -14.234219209145543
17.85596944461596 17.369804217466335 -12.44088984390832
17.983291448365993 16.49358569726778 -14.23421920914554
10.38383348961638 20.44748775464159 -17.820877939619983
11.462522815449644 19.179412399581388 -18.929216440359856
16.237935455866065 16.194233712881392 -17.82087793961998
14.698590792949435 16.828271390411494 -18.929216440359856
-12.810467541198042 -4.678765236950856 -23.95477817859732
-11.810467541198042 -3.3023833164796823 -22.90331595435905
-12.810467541198044 -2.977463620246778 -21.202014337654973
-14.428501529947939 -4.153034124831725 -21.202014337654973
-14.428501529947937 -5.20449634906999 -22.903315954359055
-19.046535518697834 -2.250921092241419 -21.202014337654973
-18.046535518697837 -0.8745391717702459 -20.150552113416705
-16.257681136698004 -1.6353843848063687 -19.680323911582725
-16.15210832769792 -3.4819945071115206 -20.44116912461885
-17.8757151254479 -3.86241711362958 -21.381625528286808
-11.192433552448147 0.30103133281470706 -26.30591918776721
-11.192433552448147 1.352493557052973 -24.60461757106313
-11.02161315919821 0.06591723189771559 -23.082927144990887
-10.916040350198125 -1.7806928904074362 -23.84377235802701
-11.021613159198209 -1.6353843848063625 -25.835690985933233
-18.493749114197794 3.1436007690729673 -23.082927144990887
-16.770142316447814 3.524023375591028 -22.142470741322928
-16.599321923197877 2.2374470504357706 -20.620780315250684
-18.21735591194777 1.061876545850824 -20.620780315250684
-19.38817630519771 1.6219103430007205 -22.14247074132293
-15.257681136698 4.195062993311238 -25.18585159346742
-15.152108327697917 4.049754487710163 -23.193932965561196
-13.363253945698085 3.2889092746740407 -22.723704763727216
-12.363253945698084 2.963989578441136 -24.425006380431295
-13.53407433894802 3.5240233755910326 -25.946696806503542
-18.04653551869783 -4.678765236950856 -26.305919187767216
-16.257681136698 -5.439610449986978 -25.835690985933237
-16.152108327697917 -5.584918955588051 -23.843772358027014
-17.875715125447893 -4.913879337867846 -23.08292714499089
-19.04653551869783 -4.35384554071795 -24.604617571063137
-14.639647147948104 -4.913879337867843 -26.887153210171505
-12.916040350198125 -4.533456731349783 -25.946696806503546
-12.021613159198209 -3.011766305277536 -26.8871532101715
-20.21735591194777 -2.7423495193297875 -24.425006380431302
-20.21735591194777 -1.6908872950915224 -22.72370476372722
-20.38817630519771 0.2455284225295472 -23.1939329655612
-12.363253945698084 0.8610651299646037 -27.827609613839456
-13.534074338948018 2.4725611513527666 -27.64799842320762
-18.599321923197877 3.288909274674041 -25.07484577289711
-16.98128793444798 3.814640386793176 -26.126307997135378
-18.21735591194777 -3.3921889117955977 -27.82760961383946
11.168168184527708 -1.2821290118118096 23.42688877741266
10.04084618077767 -0.08099079538034903 22.29268769960994
10.834834851194374 -0.03962136859812393 20.457511805648373
12.45286883994427 -1.2151918731830675 20.457511805648377
12.658880169527569 -1.9831038279706537 22.292687699609942
17.02227015077739 0.6199840207785003 19.622662712232046
15.894948147027357 1.8211222372099605 18.488461634429324
14.070902828694164 1.0118408556401448 18.35458735717184
14.070902828694164 -0.6894607610639354 19.40604958141011
15.894948147027359 -0.9316416037323854 20.189763251133407
9.786202173277598 4.022587254186658 25.128190394116736
9.5801908436943 4.790499208974244 23.293014500155167
9.246857510360968 3.2802430112455836 22.024939145094965
9.24685751036097 1.578941394541504 23.076401369333233
9.5801908436943 2.0377353680318975 24.994316116859252
16.640304139527284 6.249619983009874 20.674124936470307
14.81625882119409 6.491800825678326 19.89041126674701
14.48292548786076 4.981544627949665 18.622335911686804
16.100959476610655 3.805974123364721 18.622335911686807
17.434292809943987 4.5896877930880216 19.890411266747012
13.65888016952756 7.651569615327563 22.942527092075743
13.32554683619423 7.19277564183717 21.024612344549727
11.501501517861037 6.383494260267355 20.890738067292244
10.707512847444335 6.342124833485128 22.725913961253806
12.040846180777665 7.1258385032084295 23.99398931631401
16.640304139527284 -0.9572093155788957 25.128190394116743
14.816258821194094 -1.7664906971487113 24.994316116859256
14.482925487860761 -2.2252846706391054 23.07640136933324
16.100959476610655 -1.6995535585199706 22.024939145094972
17.434292809943987 -0.9158398887966692 23.293014500155177
13.325546836194231 -1.0655158809898686 26.128517194661974
11.501501517861039 -0.8233350383214164 25.344803524938676
10.707512847444336 0.8365971516004373 26.128517194661974
18.56161481369402 0.6357857357142156 22.725913961253816
18.355603484110723 1.4036976905018 20.89073806729225
18.56161481369402 3.3885495766565605 21.024612344549734
11.11953550661093 4.8063009239099586 26.396265749176937
12.246857510360964 6.357926548420844 25.829165210275576
16.973637472860613 6.708413956500268 22.592039683996326
15.482925487860753 7.4093887726591126 23.726240761799044
16.973637472860617 0.5530468821497632 26.396265749176944
-14.225870406448674 20.078530537090817 -13.754211340002723
-13.055050013198734 18.467034515702657 -13.933822530634554
-13.949477204198647 16.94534408963041 -12.993366126966597
-15.673084001948627 17.616383707350614 -12.232520913930472
-15.843904395198567 19.55279942497168 -12.702749115764453
-20.079972372698354 15.82527649533061 -13.754211340002716
-18.909151979448414 14.21378047394245 -13.93382253063455
-17.185545181698437 14.594203080460513 -12.993366126966592
-17.291117990698524 16.440813202765664 -12.23252091393047
-19.079972372698357 17.201658415801784 -12.70274911576445
-12.225870406448673 18.377228920386738 -18.858116190114963
-12.055050013198732 16.440813202765668 -18.387887988280983
-11.949477204198645 16.2955046971646 -16.395969360374757
-12.055050013198734 18.14211481946975 -15.635124147338635
-12.225870406448674 19.428691144625006 -17.15681457341088
-19.079972372698354 13.397432350621168 -18.858116190114956
-17.29111799069852 12.63658713758505 -18.387887988280976
-17.185545181698433 12.491278631983976 -16.395969360374753
-18.909151979448414 13.162318249704182 -15.63512414733863
-20.079972372698354 13.722352046854073 -17.156814573410873
-15.843904395198564 14.44889457485944 -20.96104063859149
-15.673084001948627 13.162318249704182 -19.439350212519244
-13.949477204198645 13.542740856222245 -18.49889380885129
-13.055050013198732 15.064431282294493 -19.439350212519248
-14.22587040644867 15.624465079444386 -20.96104063859149
-17.6327587771984 20.313644638007805 -13.172977317598429
-19.250792765948294 19.138074133422855 -13.17297731759843
-14.39669079969861 21.365106862246073 -15.275901766074968
-13.396690799698613 21.040187166013165 -16.97720338277905
-21.25079276594829 16.385310292480508 -15.275901766074961
-21.250792765948294 15.333848068242236 -16.97720338277904
-13.39669079969861 18.937262717536633 -20.379806616187206
-14.396690799698609 17.560880797065455 -21.43126884042547
-19.25079276594829 14.684008675776424 -20.379806616187203
-17.632758777198397 15.20973978789556 -21.431268840425467
11.16816818452769 21.52703184831583 9.330052110989978
10.040846180777656 19.975406223804946 9.89715264989134
10.834834851194364 18.315474033883092 9.113438980168045
12.452868839944257 18.841205146002228 8.061976755929777
12.658880169527553 20.826057032156985 8.19585103318726
17.02227015077738 17.27377780655564 9.330052110989982
15.89494814702735 15.72215218204475 9.897152649891344
14.070902828694157 15.964333024713202 9.113438980168047
14.070902828694154 17.66563464141728 8.061976755929777
15.894948147027346 18.474916022987095 8.195851033187264
9.786202173277585 20.676381039963793 14.835579792874674
9.58019084369429 18.691529153809032 14.701705515617192
9.246857510360957 18.23273518031864 12.783790768091173
9.246857510360954 19.93403679702272 11.732328543852905
9.580190843694286 21.44429299475138 13.00040389891311
16.640304139527277 15.69658447019824 14.83557979287468
14.816258821194086 14.887303088628425 14.701705515617196
14.482925487860754 14.42850911513803 12.783790768091178
16.100959476610647 14.954240227257166 11.73232854385291
17.43429280994398 15.737953896980468 13.000403898913115
13.658880169527555 17.098534102515927 17.10398194848012
13.325546836194224 15.588277904787269 15.835906593419915
11.501501517861032 15.830458747455719 15.052192923696616
10.707512847444328 17.490390937377573 15.835906593419914
12.040846180777656 18.274104607100874 17.10398194848012
16.640304139527267 22.90341376878701 10.381514335228246
14.816258821194076 23.14559461145546 9.597800665504947
14.482925487860744 21.635338413726803 8.329725310444744
16.10095947661064 20.45976790914186 8.329725310444745
17.434292809943972 21.243481578865158 9.59780066550495
13.325546836194214 23.846569427614305 10.732001743307666
11.501501517861021 23.03728804604449 10.598127466050181
10.70751284744432 22.995918619262262 12.433303360011747
18.56161481369401 20.042343362433698 10.732001743307672
18.355603484110713 18.057491476278937 10.598127466050189
18.56161481369401 17.28957952149135 12.433303360011754
11.119535506610916 21.46009470968709 16.10365514793488
12.246857510360952 20.258956493255635 17.237856225737602
16.973637472860606 17.2068406679269 16.103655147934884
15.482925487860747 17.907815484085745 17.237856225737602
16.973637472860602 23.362207742277405 12.299429082754264
-0.4911179906985037 -13.629296602752515 -23.954778178597305
0.5088820093014963 -12.25291468228134 -22.903315954359037
1.1269159980513912 -13.103565490633377 -21.20201433765496
0.5088820093014963 -15.005678523223686 -21.202014337654955
-0.4911179906985028 -15.330598219456595 -22.903315954359034
3.7449499868012874 -18.8099045884043 -21.202014337654948
4.744949986801287 -17.433522667933126 -20.150552113416683
3.4685567845512653 -15.967335152146033 -19.680323911582708
1.6797024025514338 -16.437563353980014 -20.44116912461883
1.8505227958013712 -18.19436788096925 -21.381625528286783
3.744949986801288 -10.551613065577262 -26.3059191877672
4.744949986801287 -10.226693369344353 -24.60461757106312
3.4685567845512653 -10.461807470261341 -23.082927144990876
1.6797024025514338 -10.93203567209532 -23.843772358027
1.8505227958013712 -10.987538582380479 -25.835690985933223
8.704624762051058 -16.61717454461185 -23.082927144990865
8.533804368801118 -14.860370017622612 -22.14247074132291
7.257411166551098 -15.095484118539598 -20.620780315250666
6.639377177801203 -16.99759715112991 -20.620780315250663
7.53380436880112 -17.938053554797865 -22.142470741322906
1.1269159980513943 -18.60909317251808 -26.30591918776719
-0.14947720419862787 -17.14290565673099 -25.835690985933216
-0.32029759744856445 -17.08740274644583 -23.84377235802699
0.8505227958013717 -18.51928757720216 -23.08292714499086
1.7449499868012883 -19.459743980870115 -24.60461757106311
8.704624762051056 -13.21457131120369 -25.185851593467405
8.53380436880112 -13.159068400918532 -23.193932965561178
7.257411166551098 -11.69288088513144 -22.723704763727206
6.639377177801203 -10.842230076779403 -24.425006380431284
7.53380436880112 -11.78268648044736 -25.946696806503528
1.1269159980513943 -15.206489939109922 -28.40884363624373
-0.14947720419862787 -15.441604040026908 -26.887153210171483
-0.32029759744856534 -13.684799513037673 -25.946696806503528
0.8505227958013717 -12.363920502851654 -26.887153210171487
1.7449499868012883 -13.304376906519613 -28.40884363624373
3.639377177801205 -20.075280688305167 -24.425006380431274
4.6393771778012045 -19.75036099207226 -22.723704763727195
6.533804368801121 -19.314435475269043 -23.193932965561174
3.639377177801205 -12.868451389716395 -28.87907183807771
4.6393771778012045 -11.49206946924522 -27.827609613839446
6.533804368801121 -12.107606176680271 -27.64799842320761
8.875445155300994 -16.672677454897006 -25.07484577289709
8.875445155300994 -14.971375838192927 -26.12630799713536
2.4033092003014165 -18.37397907160109 -27.827609613839435
2.4033092003014165 -16.672677454897013 -28.879071838077707
-11.754810490381935 -3.225777957989662 24.723452575507043
-10.803072223583106 -1.915822614547182 23.549480144102777
-11.876242984739203 -1.6916138310766442 21.8767473684287
-13.491237257665096 -2.863000525758067 22.016914090370435
-13.416187848813626 -3.811166100511119 23.77627466429616
-18.10739259871962 -0.9583017564449157 22.103541888622082
-17.15565433192079 0.35165358699756527 20.929569457217816
-15.387864007698491 -0.4381838143353112 20.428496359714323
-15.247047769144741 -2.236285517387401 21.29278858601325
-16.92780887177291 -2.557736083769786 22.328023655581788
-10.042897496473643 1.8832319771877417 26.701240049819106
-10.117946905325114 2.8313975519407943 24.94187947589338
-10.011533939534505 1.4561720080864604 23.493628467179008
-9.870717700980755 -0.34192969496562964 24.35792069347793
-9.890101445177237 -0.07799211882655765 26.340333674257355
-17.480630178710086 4.538039355165235 23.633795189120743
-15.799869076081913 4.859489921547622 22.598560119552204
-15.693456110291303 3.484264377693288 21.15030911083783
-17.308450383217195 2.3128776830118642 21.290475832779567
-18.412984701312435 2.9641464355836833 22.825354639745587
-14.157875461846704 5.708815640208151 25.528151011542512
-14.138491717650222 5.444878064069078 23.54573803076309
-12.37070139342792 4.655040662736203 23.0446649332596
-11.297530632271824 4.430831879265665 24.717397708933678
-12.402064950367063 5.082100631837484 26.2522765158997
-16.88412301986058 -3.078841689421557 27.29499581214761
-15.11633269563828 -3.868679090754434 26.793922714644122
-15.096948951441798 -4.132616666893506 24.811509733864696
-16.85275946292144 -3.505901658522839 24.08738422950751
-17.95729378101668 -2.85463290595102 25.622263036473534
-13.454955337206588 -3.2832909482329753 27.741100625855005
-11.774194234578417 -2.9618403818505907 26.70586555628647
-10.841839711976068 -1.3879474622690386 27.51430610566162
-19.13687750796339 -1.2551985786261488 25.39778126951383
-19.21192691681486 -0.30703300387309707 23.638420695588103
-19.364722968111266 1.6541910921412022 23.999327071149857
-11.14743181456888 2.5345007297595603 28.23611885678513
-12.327015541515589 4.133935057084431 28.011637089825424
-17.500013922906565 4.801976931304306 25.616208169900165
-15.838636564474875 5.387365073825764 26.56338608111105
-16.990535985651192 -1.7036161455672238 28.743246820861984
23.491853020299736 -7.324999591985975 -13.754211340002712
21.59742582929982 -6.709462884550925 -13.933822530634547
20.426605436049883 -8.030341894736944 -12.99336612696659
21.59742582929982 -9.462226725493274 -12.232520913930465
23.491853020299736 -9.026301208690056 -12.702749115764444
21.255785042799946 -14.206909194341847 -13.754211340002708
19.36135785180003 -13.591372486906796 -13.933822530634544
19.190537458550093 -11.834567959917559 -12.993366126966588
20.979391840549923 -11.364339758083581 -12.232520913930465
22.255785042799946 -12.83052727387067 -12.702749115764442
21.255785042799946 -5.948617671514805 -18.858116190114952
19.36135785180003 -6.38454318831802 -18.387887988280976
19.190537458550093 -6.329040278032864 -16.39596936037475
20.979391840549926 -5.858812076198886 -15.635124147338628
22.255785042799946 -5.623697975281898 -17.156814573410873
18.637751054050053 -14.00609777845562 -18.85811619011495
17.36135785180003 -12.53991026266853 -18.387887988280973
17.190537458550093 -12.484407352383375 -16.39596936037475
18.36135785180003 -13.916292183139701 -15.635124147338624
19.255785042799946 -14.85674858680766 -17.15681457341087
18.637751054050053 -10.603494545047461 -20.961040638591488
17.36135785180003 -10.838608645964449 -19.43935021251924
17.190537458550093 -9.081804118975214 -18.498893808851285
18.361357851800033 -7.760925108789195 -19.43935021251924
19.255785042799946 -8.701381512457154 -20.961040638591488
24.768246222549756 -10.492488724477147 -13.17297731759842
24.150212233799863 -12.394601757067454 -13.172977317598418
24.768246222549756 -7.089885491068987 -15.275901766074956
24.150212233799863 -6.239234682716948 -16.977203382779038
22.150212233799863 -15.147365598009802 -15.275901766074952
21.150212233799863 -15.47228529424271 -16.977203382779035
22.150212233799863 -6.889074075182761 -20.379806616187196
21.150212233799866 -8.265455995653937 -21.431268840425464
19.914144256300073 -13.770983677538633 -20.379806616187196
19.914144256300077 -12.069682060834552 -21.431268840425464
-13.642718081460915 20.881170854084683 13.135983177810616
-12.463134354514205 19.28173652675981 13.36046494477032
-13.395488877116554 17.70784360717826 12.552024395395167
-15.151299388596199 18.33455861554892 11.827898891037979
-15.304095439892604 20.295782711563223 12.188805266599731
-19.485822252543223 16.643053978757894 13.643111141887472
-18.306238525596513 15.043619651433024 13.867592908847177
-16.62547742296834 15.36507021781541 12.83235783927864
-16.76629366152209 17.163171920867498 11.968065612979714
-18.53408398574439 17.953009322200376 12.469138710483204
-11.421327150297246 19.484587712390557 18.240809303084497
-11.268531099000839 17.523363616376255 17.879902927522743
-11.249147354804357 17.259426040237184 15.897489946743319
-11.389963593358107 19.057527743289274 15.033197720444397
-11.496376559148718 20.432753287143605 16.48144872915877
-18.262552673684183 14.522514045781252 18.834565065413003
-16.49476234946188 13.732676644448377 18.333491967909513
-16.475378605265398 13.468739068309306 16.35107898713009
-18.231189116745043 14.095454076679971 15.626953482772903
-19.33572343484028 14.746722829251791 17.161832289738925
-14.9397979568208 15.693290330824167 20.728920887834768
-14.83338499103019 14.318064786969835 19.2806698791204
-13.152623888402017 14.639515353352222 18.24543480955186
-12.22026936579967 16.213408272933773 19.053875358927012
-13.324803683894908 16.864677025505593 20.588754165893032
-18.85905983253369 22.139395090368048 15.17336444238613
-17.178298729905517 22.460845656750433 14.13812937281759
-17.071885764114906 21.0856201128961 12.689878364103219
-18.6868800370408 19.914233418214675 12.830045086044956
-19.791414355136038 20.565502170786495 14.364923893010976
-15.516921371473828 23.046233799271892 15.085307284028476
-13.749131047251524 22.256396397939017 14.584234186524988
-12.675960286095426 22.032187614468477 16.256966962199066
-20.74315262193487 19.255546827344013 15.538896324415246
-20.590356570638463 17.294322731329714 15.177989948853494
-20.51530716178699 16.34615715657666 16.93735052277922
-12.525861468392485 20.135856464962373 19.775688110050517
-13.477599735191314 18.82590112151989 20.949660541454787
-18.368965639474794 15.897739589635586 20.282816074127375
-16.7075882810431 16.483127732157044 21.229993985338258
-18.87844357673017 22.40333266650712 17.155777423165553
0.5645390601175944 -12.176309323791298 24.723452575507025
1.516277326916426 -10.866353980348817 23.54948014410276
2.0611405545102226 -11.817715701463225 21.87674736842868
1.4461462815843258 -13.715644924150007 22.016914090370413
0.5211956904357979 -13.937267970897702 23.77627466429614
4.684092906779487 -17.517285252607778 22.103541888622065
5.635831173578319 -16.207329909165296 20.929569457217795
4.338373913550767 -14.77013458167496 20.428496359714305
2.584762961104599 -15.191854364255878 21.292788586013227
2.798429049476343 -16.889686851109435 22.328023655581767
4.894486042775785 -8.969412421204206 26.70124004981909
5.819436633924315 -8.747789374456513 24.941879475893366
4.478636004214966 -9.071552694072578 23.493628467178993
2.725025051768798 -9.493272476653495 24.357920693477915
2.9820345098223386 -9.430146316400652 26.340333674257337
9.717743697538754 -15.222735958519564 23.63379518912073
9.504077609167009 -13.524903471666004 22.59856011955219
8.163276979457661 -13.848666791282067 21.150309110837817
7.548282706531765 -15.746596013968851 21.290475832779553
8.508995972686382 -16.595817462214885 22.825354639745573
2.2893284968886327 -17.009169624988758 27.29499581214759
0.9918712368610816 -15.571974297498418 26.7939227146441
0.7348617788075407 -15.63510045775126 24.81150973386468
1.8734784583278135 -17.111309897857126 24.087384229507492
2.834191724482429 -17.960531346103163 25.622263036473512
9.804430436902345 -11.700818664306759 25.528151011542498
9.547420978848805 -11.763944824559601 23.545738030763076
8.249963718821256 -10.326749497069263 23.044664933259586
7.70510049122746 -9.375387775954858 24.717397708933664
8.665813757382075 -10.224609224200893 26.252276515899684
2.376015236252225 -13.48725233077595 29.18935163456936
1.035214606542879 -13.811015650392015 27.741100625854987
0.8215485181711353 -12.113183163538455 26.705865556286447
2.030296243023507 -10.740101659843134 27.514306105661603
2.9910095091781224 -11.589323108089168 29.049184912627627
4.719855581785573 -18.588129747601506 25.39778126951381
5.644806172934103 -18.366506700853815 23.638420695588085
7.557257705887549 -17.90577280565737 23.99932707114984
4.903461042131569 -11.128589212892722 29.41009128818938
5.855199308930401 -9.818633869450242 28.23611885678511
7.740863166233545 -10.446232270948585 28.01163708982541
9.974753155592296 -15.159609798266722 25.61620816990015
10.018096525274089 -13.398651151160319 26.563386081111037
3.6301291265979794 -16.68540630537269 28.743246820861962
3.6734724962797767 -14.924447658266288 29.69042473207285
-27.60195304669716 -7.3249995919859945 -13.754211340002708
-25.707525855697245 -6.709462884550943 -13.933822530634544
-24.53670546244731 -8.03034189473696 -12.993366126966587
-25.707525855697245 -9.462226725493288 -12.232520913930461
-27.60195304669716 -9.026301208690073 -12.702749115764437
-25.36588506919737 -14.20690919434186 -13.754211340002701
-23.471457878197455 -13.59137248690681 -13.933822530634538
-23.30063748494752 -11.834567959917573 -12.993366126966585
-25.08949186694735 -11.364339758083595 -12.23252091393046
-26.36588506919737 -12.830527273870684 -12.702749115764435
-25.365885069197375 -5.948617671514822 -18.858116190114952
-23.47145787819746 -6.384543188318037 -18.387887988280973
-23.30063748494752 -6.329040278032881 -16.39596936037475
-25.089491866947352 -5.8588120761989035 -15.635124147338626
-26.365885069197375 -5.623697975281914 -17.15681457341087
-22.747851080447475 -14.006097778455633 -18.858116190114945
-21.471457878197455 -12.539910262668542 -18.38788798828097
-21.300637484947515 -12.484407352383386 -16.395969360374746
-22.471457878197455 -13.916292183139714 -15.63512414733862
-23.365885069197372 -14.856748586807672 -17.156814573410863
-22.74785108044748 -10.603494545047475 -20.96104063859148
-21.471457878197455 -10.838608645964461 -19.439350212519237
-21.30063748494752 -9.081804118975228 -18.49889380885128
-22.47145787819746 -7.760925108789211 -19.43935021251924
-23.365885069197375 -8.70138151245717 -20.961040638591484
-28.87834624894718 -10.492488724477166 -13.172977317598416
-28.260312260197285 -12.394601757067472 -13.172977317598413
-28.878346248947185 -7.089885491069008 -15.275901766074954
-28.26031226019729 -6.239234682716966 -16.977203382779035
-26.260312260197285 -15.14736559800982 -15.275901766074949
-25.26031226019729 -15.472285294242726 -16.977203382779027
-26.260312260197292 -6.889074075182782 -20.379806616187196
-25.260312260197292 -8.265455995653955 -21.43126884042546
-24.0242442826975 -13.770983677538645 -20.37980661618719
-24.0242442826975 -12.069682060834566 -21.43126884042546
24.075005345287487 -6.522359274992103 13.135983177810608
22.189341487984343 -5.894760873493761 13.360464944770314
20.98059376313197 -7.267842377189085 12.552024395395161
22.119210442652243 -8.744051817294952 11.827898891037972
24.03166197560569 -8.283317922098506 12.188805266599726
21.84993516295507 -13.389131710914556 13.643111141887466
19.964271305651923 -12.761533309416214 13.867592908847172
19.75060521728018 -11.063700822562652 12.832357839278632
21.504216169726348 -10.641981039981737 11.968065612979709
22.8016734297539 -12.079176367472073 12.469138710483197
22.060328298951365 -4.841258879510979 18.24080930308449
20.14787676599792 -5.3019927747074265 17.87990292752274
19.890867307944376 -5.36511893496027 15.897489946743315
21.644478260390546 -4.943399152379353 15.033197720444392
22.985278890099895 -4.619635832763287 16.481448729158764
19.455170753064216 -12.881016083295531 18.834565065412995
18.157713493036663 -11.443820755805195 18.33349196790951
17.90070403498312 -11.506946916058038 16.351078987130084
19.039320714503397 -12.983156356163907 15.626953482772898
20.000033980658014 -13.83237780440994 17.161832289738918
19.54185749242781 -9.359098789082726 20.728920887834764
18.201056862718463 -9.68286210869879 19.280669879120392
17.987390774346714 -7.985029621845233 18.245434809551853
19.196138499199087 -6.611948118149908 19.05387535892701
20.156851765353704 -7.461169566395942 20.58875416589303
26.883585953714338 -11.094582416826334 15.173364442386124
26.669919865342592 -9.396749929972776 14.138129372817588
25.329119235633243 -9.720513249588842 12.689878364103215
24.71412496270735 -11.618442472275625 12.830045086044949
25.674838228861965 -12.467663920521659 14.364923893010971
26.71326323502439 -7.635791282866372 15.08530728402847
25.415805974996836 -6.198595955376036 14.584234186524984
24.87094274740304 -5.2472342342616285 16.256966962199062
24.723099962063134 -13.77761926396414 15.53889632441524
22.810648429109687 -14.238353159160589 15.177989948853488
21.885697837961157 -14.45997620590828 16.937350522779216
23.021041565105982 -5.6904803277570135 19.775688110050513
22.069303298307155 -7.000435671199495 20.949660541454783
20.795971382773565 -12.557252763679465 20.28281607412737
20.839314752455365 -10.796294116573062 21.229993985338254
27.140595411767876 -11.031456256573492 17.15577742316555
0.5645390601176148 27.558739311542762 0.16584197424045133
1.5162773269164433 25.922876608325204 0.81248522034491
2.061140554510239 24.85220082640615 -0.7865074104161235
1.4461462815843458 25.826349505466357 -2.421382450091511
0.5211956904358193 27.49908228114044 -1.8327981612087005
4.684092906779511 27.60397700380632 -5.782931801139625
5.635831173578339 25.968114300588766 -5.1362885550351685
4.338373913550787 24.877207607660402 -4.074908676892619
2.5847629611046194 25.838852896093485 -4.065583083329759
2.7984290494763653 27.52408906239469 -5.121199427685195
4.894486042775804 27.89355831238286 3.9186712101696384
5.81943663392433 26.220825536708784 3.3300869212868274
4.478636004214981 25.070261813378096 2.392826663980225
2.7250250517688146 26.03190710181118 2.4021522575430847
2.982034509822357 27.776800298514708 3.3451760486368003
9.717743697538776 27.946523525028603 -3.0462744408757776
9.504077609167027 26.261287358727397 -1.9906580965203409
8.16327697945768 25.11072363539671 -2.927918353826943
7.548282706531786 26.08487231445692 -4.56279339350233
8.508995972686403 27.837493031542632 -4.635941478073951
2.2893284968886616 32.020118337073534 -3.006770592612971
0.9918712368611073 30.92921164414517 -1.9453907144704208
0.7348617788075655 29.18431844744164 -2.8884145055641364
1.8734784583278392 29.196821838068768 -4.532615138802384
2.8341917244824564 30.949442555154477 -4.605763223374005
9.804430436902365 28.065837585833254 0.9510058300225266
9.547420978848823 26.320944389129725 0.007982038928810886
8.24996371882127 25.23003769620136 1.0693619170713609
7.705100491227475 26.300713478120414 2.668354547832395
8.665813757382093 28.053334195206123 2.5952064632607743
2.3760152362522535 32.13943239787818 0.9905096782853331
1.0352146065429046 30.988868674547493 0.05324942097873131
0.8215485181711575 29.303632508246288 1.1088657653341674
2.0302962430235283 29.412663001732263 2.698532802532342
2.991009509178146 31.165283718817975 2.625384717960721
4.719855581785602 31.02933049656611 -5.267495596828438
5.644806172934128 29.356597720892033 -5.856079885711248
7.557257705887575 29.473355734760187 -5.28258472417841
4.903461042131593 31.282041732686128 3.1988798794935582
5.855199308930421 29.64617902946857 3.845523125598016
7.7408631662335665 29.726066970880204 3.1837907521435853
9.974753155592317 29.691416721732132 -2.103250649782062
10.018096525274114 29.75107375213446 -0.10461051433290924
3.6301291265980096 33.17068206040422 -2.0695103353063704
3.673472496279806 33.230339090806545 -0.07087019985721754
1.562983975551166 -28.514566665247433 -13.754211340002708
1.5629839755511683 -26.522648037341206 -13.933822530634545
-0.05505001319872438 -25.817305734590235 -12.993366126966587
-1.0550500131987255 -27.373298845693245 -12.232520913930461
-0.05505001319872749 -29.040297777366565 -12.70274911576444
-5.673084001948623 -28.514566665247425 -13.754211340002703
-5.673084001948621 -26.5226480373412 -13.93382253063454
-4.055050013198725 -25.817305734590235 -12.993366126966583
-3.055050013198726 -27.373298845693242 -12.23252091393046
-4.055050013198727 -29.04029777736656 -12.702749115764437
2.181017964301062 -25.96261424019131 -18.85811619011495
1.181017964301064 -24.295615308517995 -18.387887988280973
1.1810179643010654 -24.11600411788616 -16.39596936037475
2.1810179643010636 -25.671997228989166 -15.635124147338624
2.7990519530509568 -26.813265048543354 -17.15681457341087
-6.291117990698518 -25.962614240191307 -18.858116190114945
-5.291117990698515 -24.295615308517988 -18.38788798828097
-5.291117990698515 -24.116004117886153 -16.395969360374746
-6.291117990698516 -25.67199722898916 -15.635124147338619
-6.909151979448412 -26.813265048543343 -17.156814573410863
-3.0550500131987275 -24.911152015953043 -20.96104063859148
-3.6730840019486206 -23.769884196398856 -19.439350212519237
-2.055050013198725 -23.06454189364789 -18.498893808851278
-0.43701602444883014 -23.76988419639886 -19.439350212519237
-1.0550500131987266 -24.911152015953043 -20.961040638591484
-1.0550500131987295 -30.70729670903988 -13.172977317598416
-3.0550500131987293 -30.70729670903988 -13.172977317598416
2.18101796430106 -29.655834484801616 -15.275901766074956
2.799051953050956 -28.805183676449577 -16.977203382779035
-6.2911179906985195 -29.65583448480161 -15.275901766074949
-6.9091519794484135 -28.80518367644957 -16.97720338277903
1.562983975551166 -27.103882059745498 -20.379806616187196
-0.055050013198728376 -26.578150947626362 -21.43126884042546
-5.673084001948624 -27.10388205974549 -20.379806616187192
-4.055050013198729 -26.57815094762636 -21.43126884042546
-26.97080709120162 -6.456301709663403 15.349055139750941
-25.071175527781357 -5.833601798121589 15.40942685020627
-23.940482025167327 -7.209710735103597 14.499560708015744
-25.141306573113454 -8.68289274192278 13.876860796473927
-27.014150460883418 -8.217260356769806 14.401877228540059
-24.727942102487084 -13.328856028670057 15.662477458195973
-22.82831053906682 -12.706156117128241 15.722849168651301
-22.700656752276792 -11.008765326838517 14.672816304519042
-24.521393936668186 -10.582420037790241 13.963488594725575
-25.774325187992883 -12.016314948504728 14.575132825043355
-24.517548966490793 -4.7809831972664805 20.260175619393
-22.64470507872083 -5.246615582419454 19.735159187326868
-22.560394661612598 -5.310183439236136 17.737948411983723
-24.381131846003992 -4.883838150187858 17.02862070219026
-25.59071972764689 -4.556774413795941 18.58744284371892
-21.891556898397525 -12.8275099476774 20.62713686152812
-20.63862564707283 -11.393615036962913 20.01549263121034
-20.554315229964597 -11.457182893779596 18.018281855867194
-21.755139777910724 -12.930364900598779 17.39558194432538
-22.58160058017489 -13.777273595611131 19.007943009544128
-21.804870159033932 -9.305592653464595 22.521492683949887
-20.595282277391036 -9.63265638985651 20.962670542421225
-20.467628490601005 -7.935265599566789 19.912637678288963
-21.59832199321503 -6.559156662584781 20.82250382047949
-22.4247827954792 -7.406065357597134 22.43486488569824
-29.604323380641038 -11.0214823213821 17.622376464518762
-29.47666959385101 -9.324091531092378 16.5723436003865
-28.26708171220811 -9.651155267484295 15.013521458857838
-27.647169075762843 -11.550682563351756 15.100149257109486
-28.473629878027012 -12.397591258364107 16.712510322328235
-29.433326224169214 -7.563132883985976 17.519521511597386
-28.180394972844518 -6.129237973271488 16.907877281279607
-27.490351291067153 -5.179474325337757 18.527071133263593
-27.427246792521213 -13.710132338529435 17.799854955480857
-25.55440290475125 -14.17576472368241 17.274838523414726
-24.481232143595154 -14.399973507152946 18.9475712990888
-25.344009768754955 -5.627891892278834 21.872536684611752
-24.29762668324916 -6.940432972444161 22.95988131776437
-23.10114478004042 -12.500446211285485 22.185959003056784
-23.057801410358625 -10.739487564179083 23.133136914267666
-29.68863379774927 -10.95791446456542 19.619587239861907
24.075005345287483 14.66606827726301 0.04081478235221314
22.189341487984336 14.586180335851376 0.7025471558066443
20.980593763131964 14.477149842365403 -0.8871198813915304
22.11921044265224 14.489653232992534 -2.5313205146297775
24.031661975605687 14.606411246860688 -1.957825353096939
21.84993516295507 18.190571308198667 -5.874218678552171
19.964271305651923 18.110683366787033 -5.21248630509774
19.750605217280178 16.425447200485827 -4.156869960742306
21.504216169726345 15.463801912052745 -4.166195554305165
22.801673429753897 16.55470860498111 -5.227575432447714
22.06032829895136 18.480152616775197 3.8273843327570924
20.147876765997914 18.36339460290704 3.2538891712242553
19.890867307944372 16.618501406203514 2.3108653801305374
21.64447826039054 15.65685611777043 2.3015397865676777
22.985278890099888 16.80741984110112 3.2388000438742814
19.455170753064216 22.606712641465872 -3.098057470025514
18.157713493036663 21.515805948537512 -2.036677591882965
17.90070403498312 19.770912751833983 -2.979701382976681
19.039320714503397 19.78341614246111 -4.623902016214929
20.000033980658014 21.53603685954682 -4.697050100786548
19.541857492427805 22.72602670227052 0.8992228008727903
18.20105686271846 21.575462978939832 -0.03803745643381262
17.987390774346714 19.890226812638627 1.0175788879216223
19.196138499199083 19.999257306124598 2.6072459251197975
20.156851765353704 21.75187802321031 2.5340978405481773
26.883585953714334 18.533117829420945 -3.13756131828832
26.66991986534259 16.84788166311974 -2.081944973932885
25.32911923563324 15.697317939789052 -3.0192052312394875
24.714124962707345 16.671466618849262 -4.654080270914877
25.67483822886196 18.424087335934974 -4.727228355486495
26.970272693077924 18.65243189022559 0.859718952609984
26.713263235024385 16.90753869352206 -0.08330483848373316
25.41580597499683 15.816632000593696 0.9780750396588158
24.870942747403035 16.887307782512753 2.57706767041985
25.83165601355765 18.63992849959846 2.50391958584823
24.72309996206313 20.05995003915253 -5.3738716015909525
22.810648429109687 19.943192025284375 -5.947366763123791
21.885697837961157 21.615924800958453 -5.358782474240979
24.906705422409125 20.31266127527254 3.092503874731043
23.02104156510598 20.232773333860905 3.7542362481854736
22.069303298307148 21.868636037078463 3.107593002081016
20.795971382773565 23.757276364796564 -2.160797212718912
20.839314752455362 23.816933395198884 -0.16215707726975925
27.140595411767876 20.278011026124474 -2.194537527194604
27.18393878144967 20.337668056526795 -0.1958973917454513
1.5629839755511794 0.44996126923071955 -31.655274071606012
1.5629839755511816 -0.6015009550075474 -29.95397245490193
-0.05505001319871372 -0.07576984288841437 -28.902510230663665
-1.055050013198714 1.3006120775827585 -29.95397245490193
-0.0550500131987155 1.6255317738156658 -31.655274071606012
-5.673084001948611 0.4499612692307178 -31.65527407160601
-5.6730840019486095 -0.6015009550075501 -29.953972454901926
-4.055050013198714 -0.07576984288841526 -28.902510230663662
-3.0550500131987146 1.3006120775827594 -29.95397245490193
-4.055050013198716 1.6255317738156658 -31.65527407160601
2.181017964301075 -5.256377828540202 -31.655274071606012
1.1810179643010765 -5.581297524773109 -29.95397245490193
1.181017964301077 -3.879995908069028 -28.902510230663662
2.181017964301076 -2.5036139875978543 -29.953972454901933
2.799051953050969 -3.3542647959498946 -31.655274071606012
-6.291117990698505 -5.256377828540205 -31.655274071606005
-5.291117990698504 -5.581297524773111 -29.953972454901926
-5.2911179906985035 -3.8799959080690303 -28.902510230663662
-6.291117990698504 -2.503613987597857 -29.953972454901926
-6.9091519794484 -3.3542647959498977 -31.655274071606005
-3.0550500131987155 -7.607518837710096 -31.65527407160601
-3.6730840019486086 -6.756868029358057 -29.953972454901926
-2.055050013198713 -6.231136917238922 -28.902510230663662
-0.4370160244488184 -6.756868029358056 -29.95397245490193
-1.0550500131987146 -7.607518837710096 -31.65527407160601
-1.0550500131987168 1.9504514700485722 -33.356575688310095
-3.0550500131987173 1.9504514700485713 -33.35657568831009
2.1810179643010725 -0.40068953912132077 -33.356575688310095
2.7990519530509683 -2.302802571711628 -33.356575688310095
-6.291117990698507 -0.40068953912132255 -33.35657568831009
-6.909151979448401 -2.3028025717116303 -33.35657568831009
1.562983975551178 -6.107028636892243 -33.356575688310095
-0.05505001319871594 -7.28259914147719 -33.35657568831009
-5.673084001948611 -6.107028636892245 -33.35657568831009
-4.055050013198716 -7.28259914147719 -33.35657568831009
2.194129931046727 -27.645868782924865 15.349055139750945
2.1993343034670736 -25.646786950911874 15.409426850206271
0.54117342408127 -24.996674574956895 14.499560708015743
-0.488830730614919 -26.59396486212276 13.876860796473931
0.532752572615036 -28.23125692544632 14.401877228540059
-5.035141035238317 -27.63651349957565 15.66247745819598
-5.0299366628179705 -25.63743166756266 15.722849168651303
-3.4550692805279843 -24.991503101511203 14.672816304519039
-2.4869520829195464 -26.591379125399914 13.963488594725577
-3.4634901319942184 -28.22608545200063 14.575132825043358
3.0293540670076644 -24.794979765942998 20.260175619393
2.0077707637777094 -23.157687702619434 19.735159187326868
1.9212607876360033 -23.097147279089434 17.737948411983727
2.889377985244441 -24.697023302978145 17.02862070219026
3.57421729460146 -25.746341487057403 18.58744284371892
-5.434823808648542 -24.7840264094131 20.627136861528122
-4.4582857595738705 -23.149320082812388 20.015492631210343
-4.544795735715576 -23.088779659282388 18.018281855867198
-5.574799890411764 -24.68606994644825 17.39558194432538
-6.124867490425908 -25.733790057346834 19.00794300954413
-2.112069091785159 -23.61325012437019 22.521492683949887
-2.7969084011421783 -22.563931940290928 20.962670542421225
-1.2220410188521933 -21.918003374239476 19.912637678288963
0.4361198605336114 -22.56811575019445 20.82250382047949
-0.11394773948053216 -23.615835861093036 22.43486488569824
-1.3338135493926022 -31.561210002177752 17.622376464518766
0.2410538328973839 -30.915281436126296 16.572343600386503
-0.4437854764596363 -29.865963252047038 15.013521458857841
-2.4419068287642633 -29.863377515324192 15.10014925710949
-2.9919744287784065 -30.911097626222773 16.71251032232824
1.9024311913290757 -30.32989329360484 17.519521511597386
2.878969240403746 -28.695186967004126 16.907877281279607
3.569012922181113 -27.745423319070394 18.527071133263597
-4.563625332022504 -30.321525673797794 17.79985495548086
-5.58520863525246 -28.68423361047423 17.27483852341473
-6.130071862846256 -27.732871889359824 18.947571299088807
2.4792864669935217 -25.842699876841575 21.872536684611752
0.9076355637494231 -25.253127924416596 22.95988131776437
-4.749984499291523 -25.83334459349236 22.185959003056787
-3.088607140859831 -25.247956450970907 23.133136914267666
-1.247303573250896 -31.62175042570775 19.61958723986191
-26.97080709120161 16.615958174361342 1.089614334152949
-25.071175527781346 16.39147640740164 1.6735731165683996
-23.94048202516732 16.19308201516359 0.03583935668100019
-25.141306573113443 16.294949304542797 -1.5602945538680224
-27.014150460883407 16.55630114395902 -0.9090258012962036
-24.727942102487077 19.969791345516544 -4.917218398448777
-22.828310539066813 19.745309578556846 -4.3332596160333265
-22.700656752276785 18.04703539513945 -3.284656112007072
-24.52139393666818 17.221925994530725 -3.2205422882120596
-25.774325187992872 18.410254523934878 -4.229521269984275
-24.517548966490782 20.259372654093077 4.784384612860489
-22.64470507872082 19.998020814676856 4.133115860288671
-22.560394661612587 18.240089600857136 3.1830792288657728
-24.38113184600398 17.414980200248415 3.2471930526607857
-25.59071972764688 18.662965760054888 4.236854206337723
-21.89155689839752 24.1861089264397 -2.2485376493108578
-20.638625647072825 22.997780397035548 -1.239558667538641
-20.55431522996459 21.239849183215828 -2.189595298961537
-21.755139777910717 21.341716472595035 -3.785729209510561
-22.581600580174886 23.162605133592926 -3.822157585403244
-21.804870159033925 24.305422987244345 1.7487426215874473
-20.59528227739103 23.05743742743787 0.7590814679105115
-20.467628490601 21.359163244020472 1.8076849719367676
-21.598321993215027 21.557557636258522 3.445418731824167
-22.424782795479196 23.378446297256414 3.4089903559314827
-29.60432338064103 20.69088941658704 -1.9769471334177404
-29.476669593851 18.992615233169644 -0.9283436293914837
-28.2670817122081 17.744629673363168 -1.9180047830684197
-27.647169075762832 18.6716063633511 -3.578252517412456
-28.473629878027 20.49249502434899 -3.6146808933051395
-29.517636641277438 20.81020347739169 2.0203331374805646
-29.433326224169203 19.052272263571968 1.0702965060576686
-28.180394972844507 17.863943734167812 2.079275487829885
-27.490351291067142 18.887447527014587 3.6528954239222715
-28.31681209333131 20.70833618801248 3.6164670480295875
-27.427246792521206 22.052031845930657 -4.302378021769643
-25.554402904751246 21.790680006514435 -4.953646774341463
-24.481232143595147 23.387086900552625 -4.4061163678186945
-27.243641332175216 22.30474308205067 4.163997454552354
-25.34400976875495 22.08026131509097 4.747956236967805
-24.297626683249156 23.639798136672635 4.060259108503302
-23.101144780040418 25.434094486246178 -1.2588764956339222
-23.05780141035862 25.493751516648498 0.7397636398152311
-29.68863379774926 22.44882063040676 -1.026910501994844
-29.645290428067465 22.50847766080908 0.9717296334543087
2.9320474346783976 2.33431546235116 31.474685538749284
2.8597168303128258 1.183298701967362 29.840693892201575
1.196980069638185 1.6475017270143268 28.830831517301682
0.2416828415629294 3.0854117345576686 29.84069389220157
1.314013445928502 3.509885966936107 31.474685538749284
-4.297223531606647 2.343670745700373 31.788107857194316
-4.36955413597222 1.1926539853165756 30.154116210646606
-2.7992626349710696 1.6526732004600182 29.004087113804978
-1.7564385107416978 3.087997471280514 29.92732169045322
-2.6822292586807523 3.5150574403817965 31.64794113525258
3.5568784346430387 -3.3626683520705454 31.788107857194326
2.4845478302774664 -3.7871425844489828 30.154116210646613
2.4368053425287215 -2.1515528647205944 29.004087113804985
3.479629466758094 -0.7162285939000987 29.927321690453226
4.171872707568932 -1.464739129383762 31.647941135252587
-4.907299441013169 -3.3517149955406556 32.155069099329445
-3.9815086930741144 -3.7787749646419373 30.434449654530084
-4.029251180822859 -2.1431852449135493 29.284420557688453
-4.984548408898114 -0.7052752373702083 30.29428293258834
-5.527212077458437 -1.4521876996731942 32.06844130107779
-1.6712314635133783 -5.702856004710546 32.155069099329445
-2.3634747043242186 -4.954345469226883 30.434449654530084
-0.7931832033230688 -4.4943262540834406 29.284420557688456
0.8695535573515714 -4.958529279130406 30.294282932588352
0.32688988879124914 -5.705441741433392 32.0684413010778
0.3882226979894472 3.9369459360373886 33.195304983548645
-1.60989865431518 3.9395316727602347 33.28193278180029
3.624290675489237 1.5858049268674972 33.19530498354865
4.2442033119345055 -0.313722368999964 33.2819327818003
-4.83988720016697 1.5967582833973866 33.562266225683764
-5.454881473092865 -0.30117093928939664 33.7024329476255
3.0142147660827163 -4.1095808143735315 33.56226622568378
1.3992204931568217 -5.280967509054954 33.70243294762551
-4.215056200202328 -4.100225531024319 33.875688544128806
-2.597022211452433 -5.275796035609265 33.875688544128806
2.1941299310467293 26.092220652282137 -17.86291062168861
2.199334303467076 25.252202177887384 -16.047878424403052
0.5411734240812711 24.147654067012134 -15.873304747016062
-0.48883073061491744 24.3050242666765 -17.580444478135394
0.5327525726150368 25.50683250976068 -18.810088532899492
-5.035141035238315 26.36837028626209 -17.714376279939824
-5.029936662817969 25.528351811867335 -15.89934408265427
-3.4550692805279826 24.300305830283914 -15.79119698229597
-2.4869520829195446 24.38135014831239 -17.539390595775348
-3.463490131994217 25.65948427303246 -18.7279807681794
3.029354067007665 29.20990401989474 -13.116678118742799
2.0077707637777107 28.008095776810556 -11.887034063978705
1.9212607876360046 26.194661652705683 -12.72606487483129
2.8893779852444412 26.275705970734155 -14.474258488310666
3.5742172946014605 28.139228237975686 -14.715670749503833
-5.434823808648541 29.53322564294697 -12.942771082325368
-4.458285759573869 28.255091518226898 -11.754180909921319
-4.544795735715575 26.441657394122025 -12.593211720773905
-5.574799890411764 26.59902759378639 -14.300351451893237
-6.124867490425907 28.5097218501002 -14.516391018417755
-2.1120690917851577 30.704001927989882 -11.0484152599036
-2.7969084011421774 28.840479660748354 -10.807002998710438
-1.222041018852192 27.612433679164937 -10.698855898352136
0.43611986053361274 28.716981790040183 -10.873429575739127
-0.11394773948053083 30.627676046353994 -11.089469142263646
-1.3338135493926013 29.8765348833057 -20.348238066855007
0.24105383289738436 28.64848890172228 -20.24009096649671
-0.4437854764596353 26.784966634480753 -19.99867870530354
-2.441906828764262 26.86129251611664 -19.957624822943497
-2.9919744287784056 28.771986772430452 -20.173664389468012
1.9024311913290757 29.233877044243737 -19.292913055285823
2.8789692404037472 27.955742919523665 -18.10432288288177
3.5690129221811144 28.979246712370436 -16.530702946789386
-4.563625332022504 29.48087278566008 -19.160059901228436
-5.585208635252459 28.279064542575895 -17.930415846464342
-6.130071862846255 29.349740324494952 -16.331423215703307
2.479286466993522 31.120598276208547 -13.332717685267317
0.9076355637494236 31.829484289438177 -12.319113197027743
-4.749984499291522 31.3967479101885 -13.184183343518535
-3.08860714085983 31.982136052709954 -12.237005432307651
-1.247303573250895 31.689969007410575 -19.50920725600242
24.13715303940373 -20.516148380125856 1.0896143341529432
23.336639755999343 -18.77886008409293 1.6735731165683938
22.798551968727857 -17.764813899289514 0.03583935668099414
23.266508710667246 -18.875387186951777 -1.5602945538680286
24.09380966972193 -20.57580541052818 -0.9090258012962094
26.63375453379636 -17.34666557125326 -4.917218398448783
25.83324125039197 -15.609377275220334 -4.333259616033334
24.17863933228259 -16.012766893248138 -3.2846561120070783
23.95655239244461 -17.999363683931087 -3.2205422882120645
25.473897033276668 -18.823758404486803 -4.22952126998428
26.84414766979265 -17.057084262676728 4.7843846128604826
26.01684671073796 -15.356666039100322 4.133115860288664
24.318901422946784 -15.819712687530448 3.1830792288657674
24.096814483108805 -17.806309478213397 3.2471930526607804
25.65750249362266 -18.57104716836679 4.236854206337718
29.76721961324581 -13.346189153993599 -2.248537649310864
28.24987497241375 -12.521794433437883 -1.2395586675386467
26.551929684622575 -12.984841081868009 -2.1895952989615437
27.019886426561964 -14.095414369530271 -3.785729209510567
29.007044886136345 -14.318739759873132 -3.8221575854032492
29.8539063526094 -13.226875093188953 1.7487426215874415
28.293218342095546 -12.462137403035559 0.7590814679105053
26.638616423986168 -12.865527021063365 1.8076849719367614
27.176704211257654 -13.87957320586678 3.445418731824161
29.16386267083203 -14.102898596209641 3.408990355931477
28.826444239177224 -21.761548203209486 -1.9769471334177455
27.171842321067846 -22.164937821237288 -0.9283436293914893
25.611154310553992 -21.400200131083896 -1.918004783068425
26.301197992331357 -20.52417662806321 -3.5782525174124613
28.28835645190574 -20.747502018406074 -3.614680893305145
28.913130978540817 -21.642234142404842 2.02033313748056
27.21518569074964 -22.105280790834968 1.0702965060576635
25.697841049917585 -21.28088607027925 2.0792754878298796
26.458015777027047 -20.30833546439972 3.652895423922266
28.445174236601428 -20.53166085474258 3.616467048029582
29.448213952425434 -19.27040918517253 -4.302378021769648
28.62091299337074 -17.569990961596123 -4.953646774341468
29.807558169540737 -16.05602805590606 -4.406116367818701
29.63181941277142 -19.01769794905252 4.163997454552349
28.831306129367032 -17.28040965301959 4.7479562369677994
29.991163629886724 -15.803316819786046 4.060259108503296
31.32790762375966 -14.110926844146995 -1.2588764956339276
31.371250993441457 -14.051269813744671 0.7397636398152254
30.524389526968402 -21.298501554779357 -1.0269105019948492
30.567732896650195 -21.238844524377036 0.9717296334543037
2.9320474346784033 27.10787696308 16.163782508913
2.85971683031283 26.16114074843295 14.403538541859596
1.1969800696381891 25.050294477281522 14.367110165966917
0.24168284156293485 25.31048994008091 16.10484015856368
1.3140134459285084 26.582145850960867 17.215244733151266
-4.29722353160664 27.38402659705995 16.31231685066178
-4.369554135972214 26.437290382412897 14.552072883608382
-2.799262634971064 25.202946240553302 14.449217930687004
-1.7564385107416915 25.3868158217168 16.14589404092373
-2.682229258680745 26.734797614232644 17.29735249787136
3.5568784346430444 29.935979022116058 11.208412000549535
2.4845478302774717 28.664323111236104 10.098007425961951
2.436805342528725 26.904247857257378 11.046614697278844
3.479629466758097 27.088117438420873 12.743290807515562
4.17187270756894 28.96183034305585 12.843287040224924
-4.90729944101316 30.25930064516829 11.382319036966969
-3.9815086930741073 28.911318852652446 10.230860580019337
-4.029251180822854 27.15124359867372 11.179467851336229
-4.984548408898107 27.411439061473107 12.917197843932994
-5.527212077458428 29.332323955180364 13.042566771311003
-1.6712314635133707 31.310762869406556 9.27939458849043
-2.363474704324212 29.437049964771578 9.179398355781068
-0.7931832033230631 28.202705822911984 9.076543402859691
0.8695535573515774 29.313552094063407 9.112971778752375
0.32688988879125647 31.234436987770664 9.238340706130383
-0.4898255622008528 31.038184689971285 18.569554375729638
1.0804659388002966 29.803840548111687 18.46669942280826
0.38822269798945475 27.93012764347671 18.366703190098896
-1.6098986543151723 28.0064535251126 18.407757072458942
-2.1525623228754935 29.927338418819858 18.533125999836955
2.698499927550191 30.32957166023082 17.41523719856999
3.6242906754892434 28.981589867714973 16.26377874162236
4.244203311934512 29.9085665577029 14.603531007278324
-3.7675565958013886 30.576567401647164 17.548090352627376
-4.839887200166961 29.304911490767207 16.437685778039793
-5.454881473092855 30.279060169827414 14.802810738364403
3.0142147660827243 31.856863915823318 11.333780927927545
1.3992204931568293 32.50609289865062 10.348745280717973
-4.215056200202319 32.133013549803266 11.48231526967633
-2.5970222114524244 32.6587446619224 10.430853045438061
-0.4420830744521063 32.79825994395001 17.620947104412743
24.137153039403728 10.149681171056386 -17.862910621688613
23.33663975599934 9.895050839183089 -16.04787842440306
22.798551968727857 7.976721992412322 -15.873304747016071
23.266508710667246 7.045759895381898 -17.580444478135405
24.093809669721935 8.388722523949985 -18.810088532899496
26.633754533796363 3.3595708403978612 -17.71437627993983
25.83324125039197 3.104940508524563 -15.899344082654277
24.178639332282593 4.223241316569004 -15.791196982295983
23.956552392444614 5.1690195574602384 -17.53939059577536
25.47389703327667 4.635241848106666 -18.727980768179407
26.844147669792648 11.907443671801435 -13.116678118742803
26.01684671073796 10.564481043233348 -11.88703406397871
24.31890142294678 9.921823204171385 -12.726064874831295
24.0968144831088 10.86760144506262 -14.474258488310673
25.657502493622655 12.094782382815453 -14.715670749503836
29.76721961324581 3.9574440242493605 -12.942771082325372
28.249874972413753 4.491221733602932 -11.754180909921324
26.551929684622575 3.8485638945409697 -12.593211720773912
27.019886426561968 2.917601797510546 -14.300351451893244
29.00704488613635 2.984893418369828 -14.51639101841776
29.8539063526094 7.479361318462165 -11.048415259903603
28.293218342095546 6.252180380709334 -10.807002998710438
26.638616423986164 7.370481188753775 -10.698855898352143
27.17670421125765 9.288810035524543 -10.87342957573913
29.16386267083203 9.356101656383824 -11.089469142263646
28.826444239177228 7.963824944304804 -20.348238066855007
27.171842321067846 9.082125752349246 -20.24009096649671
25.611154310553992 7.854944814596414 -19.998678705303547
26.30119799233136 5.978204476674755 -19.9576248229435
28.28835645190574 6.045496097534038 -20.17366438946802
28.913130978540817 11.485742238517611 -18.453882244433235
27.21518569074964 10.843084399455648 -19.292913055285823
25.69784104991758 11.37686210880922 -18.104322882881775
26.458015777027043 12.34941271468875 -16.530702946789386
28.445174236601428 12.416704335548033 -16.746742513313905
29.448213952425434 4.769825089825232 -19.16005990122844
28.620912993370744 3.4268624612571443 -17.93041584646435
29.807558169540737 3.2395237502431273 -16.331423215703314
29.63181941277142 12.229365624534017 -15.14774988255287
28.831306129367032 11.974735292660718 -13.332717685267319
29.99116362988672 10.69906428495191 -12.319113197027741
31.327907623759664 5.184624962002192 -13.184183343518539
31.371250993441457 6.945583609108594 -12.237005432307653
30.524389526968406 8.606482783366767 -19.50920725600242
30.5677328966502 10.367441430473168 -18.562029344791537
-28.681406908646593 -19.821046755624423 2.214312388231434
-27.81134519028472 -18.105743523151 2.76269859056279
-27.31696084570874 -17.10528485487218 1.1029797671158934
-27.881476235616816 -18.202270626009838 -0.4711690798736312
-28.724750278328386 -19.880703786026743 0.21567225278228208
-31.34716607349127 -16.58362636412883 -3.682595026572791
-30.477104355129395 -14.868323131655405 -3.134208824241435
-28.79055626970626 -15.315682876802214 -2.1567504803833737
-28.618273947615577 -17.307469636974858 -2.101034203623265
-30.19834570232591 -18.091101807956775 -3.044057994716984
-31.136772937494985 -16.294045055552306 6.019007984736473
-30.29349889478341 -14.615611895535402 5.332166652080561
-28.650294179042074 -15.12262867108453 4.31098486048947
-28.478011856951387 -17.114415431257175 4.366701137249579
-30.014740241979926 -17.838390571836772 5.422317481605012
-34.25789813118805 -12.50360723966607 -0.8852114736230792
-32.67782637647772 -11.719975068684152 0.05781231747064064
-31.034621660736377 -12.22699184423328 -0.963369474120449
-31.599137050644455 -13.32397761537094 -2.5375183211099737
-33.591231464521385 -13.494935331559894 -2.489214020309867
-33.52809850349039 -20.940951352441456 -0.6491935378140681
-31.84155041806726 -21.388311097588264 0.3282648060439951
-30.30482203303872 -20.664335957008664 -0.7273515383114371
-31.041619745037483 -19.76953496797368 -2.357216662061071
-33.033714158914414 -19.94049268416264 -2.3089123612609646
-34.171211391824464 -12.38429317886143 3.112068797275225
-32.634483006795925 -11.66031803828183 2.0564524529197925
-30.947934921372788 -12.107677783428638 3.033910796777855
-31.442319265948772 -13.108136451707454 4.693629620224752
-33.4344136798257 -13.279094167896412 4.741933921024858
-33.441411764126805 -20.82163729163681 3.3480867330842363
-31.798207048385464 -21.328654067185944 2.326904941493147
-30.218135293675132 -20.545021896204023 3.269928732586866
-30.8848019603418 -19.5536938043102 4.8739312792736555
-32.87689637421873 -19.72465152049915 4.922235580073761
-34.18253453007977 -18.433017240334692 -2.9474493931167736
-33.3392604873682 -16.754584080317787 -3.6342907257726855
-34.46129318288325 -15.21023856403332 -3.037600222641225
-33.99892906973379 -18.18030600421469 5.518926083205223
-33.128867351371916 -16.465002771741265 6.0673122855365795
-34.27768772253727 -14.957527327913317 5.4287752536807705
-35.79462651621659 -13.227582380245671 0.17040487073235244
-35.751283146534796 -13.167925349843351 2.169045006181505
-35.17130321923173 -20.433934576892327 0.3719882537770208
-35.12795984954994 -20.374277546490006 2.3706283892261735
24.875070543035395 11.16533748185425 16.163782508913005
23.997022282845087 10.803989409728658 14.403538541859604
23.454358614284768 8.879362402681716 14.367110165966919
23.997022282845087 8.051225568786311 16.104840158563686
24.8750705430354 9.46403586515017 17.215244733151273
27.37167203742803 4.375227151195725 16.312316850661787
26.493623777237723 4.013879079070133 14.552072883608387
24.834445977839504 5.125881726838397 14.449217930687013
24.687065964622455 6.1744852308646525 16.145894040923732
26.25515790659013 5.710555189306852 17.297352497871366
27.371672037428024 12.633518674022767 11.208412000549547
26.493623777237715 11.220708377658909 10.09800742596196
24.8344459778395 10.631409408723092 11.04661469727885
24.687065964622455 11.680012912749348 12.743290807515567
26.255157906590128 12.917384487895626 12.843287040224933
30.294743980881186 4.683519026470693 11.38231903696698
28.726652038913514 5.147449068028493 10.230860580019346
27.067474239515295 4.558150099092677 11.179467851336238
27.610137908075618 3.7300132651972744 12.917197843933002
29.60470029910382 3.8074955234500045 13.042566771311014
30.294743980881183 8.086122259878852 9.27939458849044
28.72665203891351 6.848750684732574 9.179398355781078
27.067474239515295 7.960753332500837 9.0765434028597
27.610137908075615 9.88538033954778 9.112971778752385
29.604700299103815 9.962862597800513 9.238340706130396
29.670432226368963 9.125474750970385 18.56955437572965
28.011254426970744 10.237477398738648 18.46669942280827
26.44316248500307 9.000105823592369 18.366703190098907
27.13320616678044 7.1233654856707105 18.40775707245895
29.127768557808643 7.2008477439234415 18.533125999836965
29.670432226368963 12.528077984378546 16.466629927253113
28.011254426970744 11.93877901544273 17.41523719857
26.443162485003068 12.40270905700053 16.263778741622367
27.133206166780436 13.278732560021218 14.603531007278335
29.12776855780864 13.35621481827395 14.728899934656347
30.24428268864654 5.865519705812314 17.54809035262739
29.36623442845623 4.452709409448456 16.437685778039803
30.482748559294127 4.168843595575596 14.802810738364416
30.244282688646535 13.072349004401088 13.094024894980961
29.366234428456227 12.711000932275496 11.33378092792756
30.482748559294123 11.37567289416437 10.348745280717985
31.86283592284886 5.920890601616973 11.482315269676345
31.86283592284886 7.622192218321053 10.430853045438077
31.329610025767177 9.714773719906201 17.620947104412757
31.329610025767177 11.41607533661028 16.56948488017449
-28.681406908646565 10.84478279555778 -16.73821256761008
-27.81134519028469 10.568167400124981 -14.958752950408625
-27.316960845708714 8.636251036829616 -14.806164336581137
-27.881476235616795 7.718876456323791 -16.49131900414097
-28.724750278328365 9.083824148451379 -17.685390478820967
-31.347166073491255 4.122610047522243 -16.479752908063798
-30.477104355129384 3.845994652089444 -14.700293290862346
-28.790556269706247 4.920325333014885 -14.663291350672242
-28.61827394761556 5.8609136044164245 -16.419882511186522
-30.198345702325895 5.367898444636646 -17.54251749291207
-31.13677293749495 12.670482878925814 -11.882054746866768
-30.29349889478338 11.305535186798227 -10.687983272186774
-28.650294179042042 10.618907220617267 -11.598159243207558
-28.478011856951355 11.559495492018808 -13.354750403721837
-30.014740241979894 12.82743897934543 -13.530207474236498
-34.257898131188036 4.800025938576836 -11.579444906637542
-32.677826376477704 5.293041098356616 -10.456809924911997
-31.034621660736363 4.606413132175655 -11.366985895932782
-31.59913705064444 3.689038551669827 -13.05214056349261
-33.59123146452137 3.808697846683012 -13.183447453324334
-33.52809850349037 8.784421795072781 -19.02048447125128
-31.841550418067236 9.858752475998223 -18.983482531061178
-30.304822033038697 8.5908089886716 -18.808025460546514
-31.041619745037465 6.732846136764234 -18.736588967592066
-33.03371415891439 6.852505431777417 -18.867895857423786
-34.171211391824436 8.321943232789641 -9.685089084215772
-32.634483006795904 7.053999745463017 -9.509632013701111
-30.947934921372763 8.128330426388459 -9.47263007351101
-31.442319265948743 10.060246789683823 -9.6252186873385
-33.43441367982567 10.179906084697008 -9.75652557717022
-33.44141176412678 12.306339089285586 -17.126128648829507
-31.798207048385436 11.619711123104626 -18.03630461985029
-30.2181352936751 12.112726282884404 -16.913669638124745
-30.884801960341765 13.10405437477823 -15.309667091437953
-32.876896374218695 13.223713669791412 -15.440973981269677
-34.18253453007976 5.607217034663014 -17.805131272575515
-33.339260487368186 4.242269342535425 -16.61105979789552
-34.461293182883246 4.08531324211581 -14.962907070525787
-33.998929069733755 13.066757569371797 -13.792821253899943
-33.12886735137188 12.790142173939 -12.013361636698491
-34.27768772253724 11.544853776824594 -10.950597051850217
-35.794626516216574 6.06796942590346 -11.754901977152208
-35.751283146534774 7.828928073009862 -10.807724065941322
-35.17130321923171 9.471049761253742 -18.110308500230495
-35.12795984954991 11.232008408360144 -17.16313058901961
-27.9434894050149 11.860439106355606 17.28848056299152
-27.15096266343895 11.477105970670516 15.492664015854023
-26.661154200151806 9.538891447098974 15.434250576401839
-27.150962663438946 8.724342129728166 17.193965632558104
-27.9434894050149 10.159137489651524 18.339942787229788
-30.60924856985958 5.13826635832006 17.546940222537792
-29.816721828283626 4.754933222634972 15.751123675400299
-28.13474962414933 5.822965743284239 15.57712356231073
-27.887760375437708 6.866379277820799 17.265402125512548
-29.417084829012428 6.443211785836787 18.482815773138675
-30.609248569859584 13.396557881147103 12.443035372425555
-29.81672182828363 11.961762521223749 11.297058217753873
-28.13474962414933 11.328493425168936 12.17452032890257
-27.88776037543771 12.371906959705496 13.862798892104388
-29.417084829012428 13.650041084425567 14.02875031549225
-33.73037376355265 5.52610094079812 12.745645212654772
-32.20104930997794 5.949268432782132 11.528231565028644
-30.519077105843635 5.3159993367273195 12.405693676177341
-31.00888556913078 4.5014500193565095 14.165408732333603
-32.99357605155389 4.631299951763138 14.375510336404403
-33.730373763552656 8.928704174206281 10.642720764178236
-32.20104930997794 7.6505700494862126 10.476769340790376
-30.51907710584364 8.71860257013548 10.302769227700807
-31.008885569130783 10.656817093707021 10.361182667152992
-32.99357605155389 10.786667026113651 10.571284271223792
-32.68411051629863 9.946071601738312 19.897307971333344
-31.002138312164337 11.01410412238758 19.723307858243775
-29.472813858589618 9.735969997667512 19.557356434855915
-30.209611570588383 7.878007145760144 19.62879292781036
-32.19430205301149 8.007857078166772 19.83889453188116
-32.68411051629863 13.348674835146475 17.79438352285681
-31.002138312164337 12.715405739091661 18.671845634005507
-29.472813858589618 13.138573231075673 17.45443198637938
-30.209611570588383 14.033374220110655 15.824566862629746
-32.19430205301149 14.163224152517282 16.03466846670055
-33.38646579385864 6.702911650650044 18.903018981280276
-32.593939052282686 5.268116290726688 17.757041826608596
-33.78610279312984 5.014633087448227 16.1713268835419
-33.38646579385864 13.909740949238822 14.448953523633852
-32.59393905228269 13.526407813553734 12.653136976496356
-33.78610279312984 12.221462386037006 11.717261425895474
-35.25969821712737 6.804235065518189 12.911596636042633
-35.25969821712737 8.505536682222269 11.860134411804365
-34.36608272043293 10.579340697793125 19.019845860184645
-34.366082720432935 12.280642314497207 17.968383635946378
19.177043502875613 -23.926416752848716 -16.7382125676101
18.6451027714128 -23.184417744116182 -14.95875295040864
16.654967960936613 -23.311225279622207 -14.80616433658115
15.956937737330808 -24.131595655327068 -16.491319004140983
17.51566614444392 -24.511804895370172 -17.68539047882098
13.60764219204249 -28.53896999571491 -16.479752908063816
13.07570146057968 -27.796970986982377 -14.700293290862357
13.57627863510335 -25.860982002311218 -14.663291350672255
14.417593074414178 -25.406474016671574 -16.419882511186536
14.436976818610658 -27.061561618059187 -17.542517492912086
21.67213729428847 -25.697436262082253 -11.882054746866789
20.113408887175357 -25.317227022039148 -10.687983272186791
18.952608703267334 -23.966626179889445 -11.598159243207572
19.793923142578162 -23.512118194249805 -13.354750403721852
21.474684245206333 -24.58181765311596 -13.530207474236517
15.151368661372121 -31.097907663781122 -11.579444906637567
15.13198491717564 -29.442820062393512 -10.456809924912017
13.97118473326762 -28.09221922024381 -11.366985895932798
13.273154509661815 -28.91258959594867 -13.052140563492632
14.002548290206759 -30.770207213647502 -13.183447453324355
18.715233816744902 -29.1725809402951 -19.0204844712513
19.215810991268572 -27.23659195562394 -18.983482531061195
17.5350498886404 -26.166892496757786 -18.80802546054653
15.995705225723771 -27.44177085810229 -18.736588967592084
16.725099006268717 -29.29938847580112 -18.86789585742381
18.4741233782355 -29.92713137873821 -9.685089084215797
16.79336227560733 -28.857431919872056 -9.509632013701133
17.293939450131 -26.921442935200893 -9.472630073511027
19.284074260607188 -26.794635399694872 -9.62521868733852
20.013468041152134 -28.6522530173937 -9.756525577170244
22.037988533608285 -28.001804655252183 -17.126128648829532
20.877188349700265 -26.65120381310248 -18.036304619850313
20.857804605503784 -24.99611621171487 -16.913669638124762
22.006624976669144 -25.323816661848493 -15.309667091437973
22.73601875721409 -27.181434279547318 -15.440973981269698
15.895764379700548 -30.776796853456844 -17.805131272575537
14.337035972587435 -30.39658761341374 -16.611059797895543
14.534489021669568 -31.512206222380033 -14.962907070525812
22.933471806296225 -28.297052888513615 -13.79282125389997
22.401531074833414 -27.55505387978108 -12.013361636698516
21.572196448265245 -29.032462257436805 -10.950597051850243
16.832129764000292 -32.167607122647276 -11.754901977152233
18.493507122431982 -31.58221898012582 -10.807724065941349
19.876034000652922 -30.5231817824448 -18.11030850023052
21.537411359084615 -29.937793639923346 -17.163130589019637
19.914961006507273 -22.910760442050865 17.288480562991534
19.305485298258546 -22.275479173570623 15.492664015854036
17.310774606493517 -22.408584869352822 15.434250576401848
16.687451309508646 -23.126129981922663 17.19396563255811
18.296927017757376 -23.436491554169997 18.3399427872298
14.345559695674147 -27.523313684917053 17.546940222537813
13.736083987425417 -26.888032416436815 15.751123675400313
14.232085280660254 -24.958341592041833 15.577123562310742
15.148106646592012 -24.40100834326717 17.26540212551256
15.218237691924113 -25.98624827685901 18.482815773138693
22.199661661923837 -24.971361259860938 12.44303537242558
20.590185953675107 -24.660999687613604 11.297058217753895
19.468153258160044 -23.257039975337754 12.174520328902588
20.38417462409181 -22.699706726563093 13.862798892104404
22.072339658173803 -23.759215548035797 14.028750315492271
15.678893029007487 -30.3718326615598 12.745645212654804
15.608761983675386 -28.786592727967964 11.528231565028667
14.486729288160326 -27.382633015692114 12.405693676177362
13.863405991175455 -28.100178128261955 14.165408732333624
14.60020370317422 -29.947605108567338 14.375510336404433
19.559221803936634 -28.010931133629526 19.897307971333372
20.05522309717147 -26.08124030923454 19.7233078582438
18.367058063089473 -25.021731487761837 19.557356434855933
16.827713400172843 -26.296609849106343 19.62879292781038
17.56451111217161 -28.144036829411725 19.838894531881188
18.914961006507276 -29.320370437321536 10.642720764178272
17.226795972425283 -28.26086161584883 10.476769340790405
17.72279726566012 -26.331170791453847 10.302769227700828
19.717507957425145 -26.19806509567165 10.361182667153015
20.45430566942391 -28.045492075977034 10.571284271223824
22.795289781436423 -26.95946890939126 17.79438352285684
21.673257085921364 -25.55550919711541 18.671845634005535
21.603126040589267 -23.97026926352357 17.454431986379397
22.68181536642253 -24.394496816516035 15.82456686262977
23.418613078421295 -26.24192379682142 16.034668466700577
16.691833115921643 -29.68110223746977 18.903018981280308
15.082357407672914 -29.370740665222435 17.75704182660862
15.209679411422949 -30.582886377047576 16.17132688354193
23.545935082171333 -27.45406950864656 14.448953523633886
22.936459373922602 -26.81878824016632 12.65313697649639
22.06378137767264 -28.355853648224365 11.717261425895508
17.367058063089477 -31.43134148303251 12.911596636042669
18.985092051839374 -30.905610370913376 11.860134411804403
20.681254499451693 -29.414890845905376 19.01984586018468
22.29928848820159 -28.88915973378624 17.968383635946413
-21.45342388944755 -23.3727376992895 -19.283177414473347
-21.024244282697488 -22.78202264792379 -17.42122666506028
-19.035389900697655 -22.797363275031696 -17.21093422021263
-18.23538990069766 -23.397559355358837 -18.94291709113253
-19.72981709169757 -23.753160305807565 -20.223633818141302
-15.599321923197863 -27.6259917410497 -19.283177414473343
-15.170142316447798 -27.035276689683982 -17.42122666506028
-15.799321923197862 -25.148504284201586 -17.21093422021263
-16.61735591194776 -24.573129859943784 -18.94291709113253
-16.49374911419778 -26.104301314977455 -20.223633818141302
-23.96588506919736 -25.77938161874455 -14.718106136256607
-22.471457878197445 -25.423780668295823 -13.437389409247833
-21.37703068719753 -23.917430869331486 -14.167553368068138
-22.195064675947425 -23.34205644507368 -15.899536238988038
-23.795064675947422 -24.492805293589296 -16.239796562328852
-17.11178310294767 -30.759178188510106 -14.718106136256603
-17.23538990069765 -29.22800673347643 -13.43738940924783
-16.140962709697735 -27.721656934512094 -14.167553368068136
-15.340962709697736 -28.32185301483924 -15.899536238988034
-15.940962709697736 -30.19914439136021 -16.23979656232885
-20.577030687197524 -28.321853014839245 -22.054903313338542
-21.206210293947592 -26.43508060935685 -21.84461086849089
-19.60621029394759 -25.284331760841237 -21.504350545150075
-17.988176305197694 -26.45990226542618 -21.504350545150075
-18.588176305197695 -28.337193641947156 -21.84461086849089
-20.55899669844763 -29.998332975473986 -12.837193328920689
-18.95899669844763 -28.84758412695837 -12.496933005579875
-19.588176305197695 -26.960811721475974 -12.286640560732222
-21.577030687197528 -26.945471094368067 -12.496933005579876
-22.177030687197526 -28.82276247088904 -12.83719332892069
-24.024244282697484 -27.561007801803125 -20.173990506002628
-22.92981709169757 -26.05465800283879 -20.904154464822934
-23.053423889447547 -24.523486547805117 -19.62343773781416
-24.224244282697487 -25.083520344955012 -18.101747311741914
-24.824244282697485 -26.960811721475984 -18.44200763508273
-18.78817630519769 -31.365233866983736 -20.173990506002625
-17.693749114197775 -29.8588840680194 -20.90415446482293
-16.19932192319786 -29.50328311757067 -19.623437737814157
-16.370142316447797 -30.789859442725927 -18.10174731174191
-17.9701423164478 -31.94060829124154 -18.442007635082728
-24.99506467594742 -28.24738804663124 -16.920317209010484
-24.565885069197357 -27.656672995265524 -15.058366459597423
-23.67145787819744 -29.178363421337767 -14.117910055929464
-19.14096270969773 -32.50064208839143 -16.92031720901048
-18.71178310294767 -31.909927037025717 -15.05836645959742
-20.435389900697647 -31.529504430507657 -14.11791005592946
-20.777030687197524 -31.349893239875826 -20.38428295085028
-21.67145787819744 -29.828202813803586 -21.32473935451824
-23.39506467594742 -29.447780207285522 -20.38428295085028
-23.250792765948276 -25.84660372532264 14.629082572071145
-22.632758777198383 -24.9959529169706 12.927780955367066
-20.632758777198383 -24.995952916970605 12.927780955367066
-20.01472478844849 -25.846603725322645 14.629082572071148
-21.632758777198383 -26.372334837441773 15.680544796309414
-17.396690799698597 -30.099857767082845 14.629082572071152
-16.778656810948704 -29.24920695873081 12.927780955367071
-17.396690799698593 -27.3470939261405 12.927780955367068
-18.396690799698597 -27.02217422990759 14.629082572071148
-18.396690799698597 -28.72347584661167 15.680544796309418
-25.25079276594828 -27.547905342026727 9.525177721958908
-23.632758777198383 -27.022174229907595 8.47371549772064
-22.632758777198383 -25.64579230943642 9.525177721958906
-23.632758777198383 -25.320872613203512 11.226479338662985
-25.250792765948276 -26.496443117788456 11.226479338662987
-18.3966907996986 -32.52770191179229 9.525177721958915
-18.396690799698597 -30.826400295088213 8.473715497720645
-17.396690799698597 -29.450018374617038 9.525177721958912
-16.778656810948704 -30.300669182969077 11.226479338662992
-17.3966907996986 -32.20278221555939 11.226479338662996
-22.63275877719839 -31.151319991321106 16.732007020547687
-23.250792765948283 -29.2492069587308 16.732007020547684
-21.632758777198386 -28.073636454145852 16.732007020547684
-20.01472478844849 -29.249206958730802 16.732007020547684
-20.63275877719839 -31.15131999132111 16.732007020547687
-21.632758777198386 -31.476239687554024 7.4222532734823785
-20.01472478844849 -30.300669182969077 7.422253273482378
-20.632758777198386 -28.39855615037877 7.422253273482377
-22.632758777198386 -28.39855615037877 7.422253273482374
-23.250792765948283 -30.300669182969077 7.422253273482376
-25.868826754698176 -30.099857767082838 14.62908257207115
-24.868826754698176 -28.723475846611667 15.680544796309416
-24.868826754698176 -27.022174229907588 14.629082572071146
-25.868826754698173 -27.347093926140495 12.927780955367068
-26.48686074344807 -29.2492069587308 12.92778095536707
-20.63275877719839 -33.90408383226346 14.629082572071155
-19.63275877719839 -32.527701911792285 15.68054479630942
-18.014724788448497 -32.00197079967315 14.629082572071155
-18.014724788448493 -33.053433023911424 12.927780955367075
-19.632758777198394 -34.229003528496364 12.927780955367076
-26.486860743448073 -30.30066918296907 11.22647933866299
-25.868826754698176 -29.45001837461703 9.52517772195891
-24.868826754698176 -30.82640029508821 8.473715497720644
-20.632758777198394 -34.553923224729274 11.226479338662996
-20.014724788448497 -33.70327241637724 9.525177721958915
-21.63275877719839 -33.177541304258106 8.473715497720647
-22.632758777198394 -33.90408383226346 14.629082572071155
-23.63275877719839 -32.52770191179228 15.680544796309421
-25.250792765948283 -32.001970799673146 14.629082572071152
19.914961006507266 25.709290659540937 -12.760363552548974
19.30548529825854 23.818957089502753 -12.995264286991008
17.310774606493514 23.82623719772917 -13.140440924858499
16.687451309508642 25.72107012209306 -12.995264286991008
18.29692701775737 26.884861164125883 -12.760363552548974
14.345559695674146 28.003260526992893 -16.770369919265946
13.736083987425417 26.11292695695471 -17.00527065370798
14.232085280660248 25.094312552789376 -15.357117926338251
15.14810664659201 26.355107799623163 -14.103602787730885
15.21823769192411 28.15293651918609 -14.977040554028726
22.199661661923834 22.296921429221975 -16.770369919265946
20.590185953675103 21.13313038718915 -17.00527065370798
19.46815325816004 21.290086487608765 -15.357117926338251
20.384174624091802 22.550881734442548 -14.103602787730884
22.072339658173796 23.17313994942053 -14.977040554028724
15.678893029007481 24.98274813153558 -21.46536715048026
15.608761983675384 23.184919411972654 -20.59192938418242
14.486729288160321 23.341875512392267 -18.94377665681269
13.863405991175451 25.236708436756153 -18.7986000189452
14.600203703174216 26.25082348659578 -20.357028649740386
19.55922180393663 30.323562502832118 -16.15539181251438
20.055223097171464 29.304948098666788 -14.507239085144654
18.36705806308947 28.68268988368881 -13.63380131884681
16.82771340017284 29.31672756121891 -14.74213981958669
17.564511112171605 30.330842611058536 -16.300568450381874
18.914961006507273 22.63160712236569 -21.46536715048026
17.22679597242528 22.009348907387707 -20.59192938418242
17.722797265660116 20.990734503222377 -18.94377665681269
19.71750795742514 20.983454394995956 -18.7986000189452
20.454305669423903 21.997569444835587 -20.357028649740386
22.79528978143642 27.972421493662228 -16.15539181251438
21.67325708592136 28.12937759408184 -14.507239085144654
21.60312604058926 26.331548874518916 -13.63380131884681
22.681815366422526 25.06347351945871 -14.742139819586688
23.41861307842129 26.077588569298342 -16.300568450381874
16.69183311592164 30.181166618865344 -18.093897815619094
15.082357407672909 29.01737557683252 -18.32879855006113
15.209679411422947 28.141157056633965 -20.12212791529835
23.545935082171326 25.201370049099786 -18.09389781561909
22.9364593739226 23.311036479061602 -18.32879855006113
22.063781377672633 23.161360486868407 -20.12212791529835
17.367058063089473 25.60500634651356 -22.338804916778102
18.98509205183937 24.429435841928612 -22.338804916778102
20.68125449945169 30.16660640241251 -17.80354453988411
22.299288488201586 28.99103589782756 -17.80354453988411
-23.25079276594831 24.643601815307544 -16.57558055100659
-22.632758777198415 22.741488782717237 -16.57558055100659
-20.632758777198415 22.74148878271724 -16.575580551006592
-20.01472478844852 24.643601815307548 -16.575580551006592
-21.63275877719842 25.81917231989249 -16.575580551006592
-17.396690799698632 26.54571484789786 -20.37980661618721
-16.778656810948736 24.64360181530755 -20.37980661618721
-17.396690799698625 23.79295100695551 -18.678504999483128
-18.39669079969863 25.169332927426684 -17.62704277524486
-18.396690799698632 26.870634544130763 -18.678504999483128
-25.250792765948308 20.83937575012692 -20.3798066161872
-23.63275877719841 19.66380524554198 -20.3798066161872
-22.632758777198408 19.98872494177489 -18.678504999483124
-23.63275877719841 21.365106862246062 -17.627042775244853
-25.250792765948308 21.89083797436519 -18.67850499948312
-18.39669079969863 23.066408478950144 -24.833872073833632
-18.396690799698625 21.365106862246066 -23.782409849595364
-17.396690799698625 21.690026558478973 -22.081108232891285
-16.778656810948732 23.592139591069284 -22.08110823289129
-17.39669079969863 24.44279039942132 -23.782409849595368
-22.632758777198426 28.89685585706774 -20.379806616187206
-23.25079276594832 28.046205048715702 -18.678504999483124
-21.632758777198422 27.52047393659657 -17.62704277524486
-20.01472478844853 28.046205048715706 -18.678504999483128
-20.632758777198426 28.896855857067745 -20.37980661618721
-21.632758777198415 20.715267469780247 -24.83387207383363
-20.014724788448518 20.189536357661115 -23.78240984959536
-20.63275877719841 19.338885549309076 -22.08110823289128
-22.63275877719841 19.338885549309072 -22.08110823289128
-23.250792765948308 20.189536357661108 -23.78240984959536
-25.868826754698215 26.54571484789784 -20.379806616187203
-24.868826754698212 26.870634544130752 -18.678504999483124
-24.86882675469821 25.169332927426673 -17.627042775244856
-25.86882675469821 23.792951006955498 -18.67850499948312
-26.486860743448105 24.643601815307534 -20.379806616187203
-20.63275877719843 28.24701646460193 -23.782409849595368
-19.632758777198426 28.571936160834838 -22.08110823289129
-18.01472478844853 27.396365656249895 -22.08110823289129
-18.01472478844853 26.344903432011627 -23.782409849595368
-19.632758777198426 26.870634544130755 -24.833872073833636
-26.486860743448105 23.592139591069266 -22.08110823289128
-25.86882675469821 21.69002655847896 -22.08110823289128
-24.868826754698205 21.365106862246055 -23.78240984959536
-20.632758777198422 25.49425262365958 -25.8853342980719
-20.014724788448525 23.592139591069273 -25.8853342980719
-21.63275877719842 22.416569086484323 -25.8853342980719
-22.63275877719843 28.247016464601927 -23.782409849595368
-23.63275877719843 28.57193616083483 -22.081108232891285
-25.250792765948322 27.396365656249884 -22.081108232891285
30.622348188799442 -14.497526205543988 -16.575580551006578
28.622348188799442 -14.497526205543988 -16.575580551006574
28.004314200049546 -12.595413172953682 -16.575580551006578
29.62234818879944 -11.419842668368734 -16.575580551006578
31.240382177549336 -12.59541317295368 -16.57558055100658
30.62234818879944 -8.342159131193482 -20.379806616187192
28.62234818879944 -8.342159131193482 -20.379806616187192
28.004314200049546 -9.192809939545523 -18.678504999483117
29.62234818879944 -9.718541051664655 -17.627042775244846
31.240382177549332 -9.192809939545521 -18.678504999483113
27.62234818879944 -17.575209742719245 -20.379806616187192
26.004314200049546 -16.3996392381343 -20.379806616187192
26.004314200049546 -15.34817701389603 -18.678504999483113
27.622348188799442 -15.873908126015163 -17.627042775244846
28.622348188799442 -17.250290046486334 -18.678504999483113
27.62234818879944 -10.36838044413047 -24.83387207383362
26.004314200049542 -10.894111556249605 -23.782409849595354
26.004314200049542 -9.842649332011336 -22.081108232891275
27.62234818879944 -8.66707882742639 -22.081108232891275
28.62234818879944 -8.991998523659294 -23.782409849595354
34.47645015504912 -12.59541317295368 -20.379806616187192
33.85841616629923 -13.446063981305722 -18.678504999483113
32.85841616629923 -12.069682060834547 -17.627042775244846
32.85841616629923 -10.368380444130468 -18.678504999483113
33.85841616629923 -10.693300140363375 -20.379806616187196
26.38628021129965 -14.172606509311086 -24.833872073833618
25.38628021129965 -12.79622458883991 -23.782409849595354
24.768246222549756 -13.64687539719195 -22.08110823289127
25.38628021129965 -15.548988429782257 -22.08110823289127
26.38628021129965 -15.873908126015166 -23.782409849595354
33.240382177549336 -16.3996392381343 -20.379806616187192
33.240382177549336 -15.348177013896029 -18.678504999483113
31.622348188799442 -15.873908126015163 -17.627042775244846
30.622348188799442 -17.250290046486334 -18.678504999483113
31.622348188799442 -17.575209742719245 -20.379806616187192
33.240382177549336 -10.894111556249602 -23.782409849595354
33.240382177549336 -9.842649332011334 -22.081108232891275
31.62234818879944 -8.667078827426387 -22.081108232891275
30.622348188799435 -8.991998523659294 -23.782409849595354
31.622348188799435 -10.36838044413047 -24.83387207383362
30.62234818879944 -17.90012943895215 -22.08110823289127
28.62234818879944 -17.90012943895215 -22.08110823289127
28.004314200049546 -17.04947863060011 -23.782409849595354
30.622348188799435 -11.744762364601643 -25.88533429807189
28.622348188799435 -11.744762364601643 -25.88533429807189
28.004314200049542 -13.64687539719195 -25.88533429807189
33.85841616629923 -12.796224588839909 -23.782409849595354
34.47645015504912 -13.646875397191948 -22.081108232891275
33.85841616629923 -15.548988429782256 -22.08110823289127
-34.73244821519687 -14.49752620554401 -16.57558055100656
-32.73244821519687 -14.497526205544009 -16.575580551006567
-32.11441422644697 -12.595413172953704 -16.575580551006567
-33.73244821519687 -11.419842668368759 -16.575580551006567
-35.35048220394676 -12.595413172953704 -16.575580551006563
-34.73244821519687 -8.342159131193508 -20.37980661618718
-32.73244821519687 -8.342159131193508 -20.37980661618719
-32.114414226446975 -9.192809939545544 -18.678504999483106
-33.73244821519687 -9.718541051664678 -17.627042775244835
-35.35048220394676 -9.192809939545548 -18.678504999483103
-31.732448215196868 -17.575209742719267 -20.379806616187178
-30.114414226446975 -16.39963923813432 -20.37980661618718
-30.11441422644697 -15.348177013896052 -18.678504999483103
-31.732448215196865 -15.873908126015184 -17.62704277524483
-32.73244821519687 -17.250290046486356 -18.6785049994831
-31.732448215196875 -10.368380444130494 -24.833872073833614
-30.11441422644698 -10.894111556249628 -23.782409849595346
-30.11441422644698 -9.84264933201136 -22.08110823289127
-31.73244821519687 -8.667078827426414 -22.081108232891268
-32.732448215196875 -8.991998523659323 -23.782409849595346
-38.586550181446555 -12.595413172953709 -20.379806616187174
-37.968516192696654 -13.446063981305747 -18.678504999483096
-36.968516192696654 -12.069682060834573 -17.62704277524483
-36.96851619269666 -10.368380444130494 -18.6785049994831
-37.96851619269666 -10.693300140363402 -20.379806616187178
-30.496380237697085 -14.172606509311109 -24.83387207383361
-29.496380237697082 -12.796224588839934 -23.782409849595346
-28.87834624894719 -13.646875397191973 -22.081108232891268
-29.496380237697082 -15.548988429782279 -22.081108232891264
-30.496380237697082 -15.873908126015188 -23.782409849595343
-37.35048220394676 -16.399639238134323 -20.37980661618717
-37.35048220394676 -15.348177013896054 -18.678504999483092
-35.73244821519687 -15.873908126015186 -17.627042775244828
-34.73244821519687 -17.25029004648636 -18.678504999483096
-35.73244821519687 -17.575209742719267 -20.379806616187174
-37.35048220394677 -10.89411155624963 -23.78240984959534
-37.35048220394677 -9.842649332011362 -22.08110823289126
-35.73244821519687 -8.667078827426415 -22.081108232891264
-34.732448215196875 -8.991998523659323 -23.782409849595346
-35.732448215196875 -10.368380444130498 -24.83387207383361
-34.73244821519687 -17.900129438952177 -22.081108232891253
-32.73244821519687 -17.900129438952174 -22.081108232891257
-32.114414226446975 -17.049478630600134 -23.78240984959534
-34.732448215196875 -11.744762364601671 -25.885334298071875
-32.732448215196875 -11.74476236460167 -25.88533429807188
-32.11441422644698 -13.646875397191977 -25.88533429807188
-37.96851619269666 -12.796224588839939 -23.782409849595336
-38.586550181446555 -13.646875397191979 -22.081108232891253
-37.96851619269666 -15.548988429782284 -22.081108232891253
-3.0550500131987346 -37.5125031758562 -16.575580551006574
-3.6730840019486286 -35.610390143265896 -16.575580551006574
-2.0550500131987333 -34.43481963868095 -16.575580551006574
-0.4370160244488388 -35.610390143265896 -16.575580551006574
-1.0550500131987346 -37.5125031758562 -16.575580551006574
2.799051953050949 -35.6103901432659 -20.379806616187192
2.1810179643010565 -33.70827711067559 -20.379806616187192
1.1810179643010574 -33.383357414442685 -18.678504999483113
1.1810179643010557 -35.084659031146764 -17.627042775244846
2.1810179643010557 -36.46104095161794 -18.67850499948311
-6.90915197944842 -35.610390143265896 -20.37980661618719
-6.291117990698523 -33.70827711067559 -20.37980661618719
-5.291117990698524 -33.38335741444268 -18.67850499948311
-5.291117990698524 -35.084659031146764 -17.627042775244842
-6.291117990698524 -36.46104095161793 -18.678504999483106
-0.05505001319873415 -33.383357414442685 -24.833872073833618
-1.0550500131987335 -32.00697549397151 -23.782409849595354
-0.05505001319873326 -31.682055797738606 -22.081108232891275
1.5629839755511608 -32.85762630232355 -22.081108232891275
1.5629839755511599 -33.90908852656182 -23.782409849595354
-0.055050013198736814 -40.59018671303146 -20.379806616187185
-1.0550500131987364 -40.26526701679855 -18.678504999483106
-0.05505001319873548 -38.88888509632738 -17.627042775244842
1.5629839755511599 -38.363153984208246 -18.67850499948311
1.562983975551158 -39.41461620844652 -20.37980661618719
-4.055050013198734 -33.383357414442685 -24.833872073833618
-3.0550500131987333 -32.00697549397151 -23.78240984959535
-4.055050013198733 -31.682055797738606 -22.08110823289127
-5.673084001948628 -32.857626302323546 -22.081108232891268
-5.673084001948629 -33.90908852656182 -23.78240984959535
-4.055050013198737 -40.59018671303146 -20.379806616187185
-3.0550500131987364 -40.26526701679855 -18.678504999483106
-4.055050013198736 -38.88888509632738 -17.62704277524484
-5.673084001948631 -38.36315398420824 -18.678504999483106
-5.673084001948632 -39.41461620844651 -20.379806616187185
1.1810179643010543 -38.888885096327385 -23.78240984959535
2.181017964301053 -38.563965400094474 -22.08110823289127
2.799051953050949 -36.66185236750417 -22.08110823289127
2.181017964301054 -35.81120155915213 -23.782409849595354
1.1810179643010534 -37.1875834796233 -24.833872073833618
-5.291117990698527 -38.88888509632738 -23.782409849595346
-6.291117990698527 -38.563965400094474 -22.081108232891264
-6.90915197944842 -36.66185236750417 -22.081108232891268
-6.291117990698525 -35.811201559152124 -23.78240984959535
-5.291117990698526 -37.1875834796233 -24.833872073833614
-2.055050013198737 -37.837422872089114 -25.885334298071882
-0.4370160244488408 -36.66185236750417 -25.885334298071886
-1.055050013198735 -34.75973933491386 -25.885334298071886
-3.055050013198735 -34.75973933491386 -25.885334298071886
-3.673084001948631 -36.66185236750417 -25.885334298071882
-2.0550500131987377 -39.53872448879319 -24.833872073833614
-0.43701602444884124 -40.064455600912325 -23.782409849595346
-1.0550500131987373 -40.91510640926437 -22.081108232891268
-3.0550500131987373 -40.91510640926437 -22.081108232891268
-3.6730840019486317 -40.064455600912325 -23.782409849595346
-3.0550500131987213 1.9504514700485696 -40.96502781867132
-3.6730840019486157 1.0998006616965283 -39.26372620196724
-2.05505001319872 0.5740695495773953 -38.21226397772897
-0.4370160244488255 1.0998006616965292 -39.26372620196724
-1.055050013198721 1.9504514700485696 -40.96502781867132
2.799051953050964 -2.30280257171163 -40.96502781867132
2.181017964301069 -3.1534533800636697 -39.26372620196724
1.1810179643010699 -1.7770714595924957 -38.21226397772897
1.1810179643010699 -0.0757698428884166 -39.26372620196724
2.181017964301068 -0.400689539121323 -40.96502781867132
-6.9091519794484055 -2.3028025717116325 -40.96502781867132
-6.291117990698511 -3.153453380063672 -39.26372620196724
-5.29111799069851 -1.7770714595924975 -38.21226397772897
-5.291117990698511 -0.07576984288841837 -39.26372620196724
-6.2911179906985115 -0.40068953912132477 -40.96502781867132
-0.05505001319872038 -7.282599141477192 -40.96502781867132
-1.0550500131987193 -6.957679445244285 -39.26372620196724
-0.05505001319871994 -5.581297524773111 -38.21226397772897
1.5629839755511754 -5.055566412653977 -39.26372620196724
1.5629839755511745 -6.107028636892245 -40.96502781867132
-4.05505001319872 -7.282599141477194 -40.96502781867132
-3.05505001319872 -6.957679445244285 -39.26372620196724
-4.05505001319872 -5.581297524773112 -38.21226397772897
-5.673084001948615 -5.055566412653979 -39.26372620196724
-5.673084001948616 -6.107028636892247 -40.96502781867132
-0.05505001319872216 -0.07576984288841837 -45.419093276317746
-1.0550500131987215 1.3006120775827559 -44.367631052079474
-0.05505001319872127 1.6255317738156632 -42.666329435375395
1.5629839755511745 0.44996126923071733 -42.666329435375395
1.5629839755511736 -0.6015009550075519 -44.36763105207948
-4.055050013198722 -0.0757698428884197 -45.419093276317746
-3.0550500131987217 1.300612077582755 -44.367631052079474
-4.055050013198722 1.6255317738156614 -42.666329435375395
-5.673084001948617 0.4499612692307142 -42.666329435375395
-5.6730840019486175 -0.6015009550075536 -44.367631052079474
1.181017964301068 -3.8799959080690334 -45.419093276317746
2.181017964301069 -2.5036139875978582 -44.367631052079474
2.799051953050964 -3.3542647959498977 -42.666329435375395
2.181017964301069 -5.256377828540206 -42.666329435375395
1.181017964301068 -5.581297524773113 -44.367631052079474
-5.2911179906985115 -3.879995908069035 -45.419093276317746
-6.2911179906985115 -2.503613987597862 -44.367631052079474
-6.9091519794484055 -3.354264795949901 -42.666329435375395
-6.291117990698511 -5.256377828540208 -42.666329435375395
-5.2911179906985115 -5.581297524773115 -44.367631052079474
-2.0550500131987217 -6.231136917238927 -45.419093276317746
-0.4370160244488257 -6.75686802935806 -44.367631052079474
-1.0550500131987206 -7.607518837710099 -42.666329435375395
-3.055050013198721 -7.607518837710099 -42.666329435375395
-3.673084001948616 -6.756868029358061 -44.367631052079474
-2.0550500131987217 -4.529835300534847 -46.47055550055601
-0.43701602444882615 -3.3542647959499003 -46.47055550055601
-1.055050013198722 -1.452151763359593 -46.47055550055601
-3.0550500131987217 -1.4521517633595942 -46.47055550055601
-3.6730840019486166 -3.3542647959499017 -46.47055550055601
-1.2803469262370564 4.393120713147013 40.86969901837876
-1.970390608014421 3.4433570652132794 39.250505166394774
-0.3987397047703209 2.8537851127882985 38.16316053324215
1.2626376536613702 3.439173255309757 39.110338444453035
0.7177744260675709 4.390534976424167 40.78307122012711
4.573755040012628 0.13986667138681536 40.86969901837877
3.8837113582352645 -0.8098969765469177 39.25050516639478
2.8373282727294704 0.5026441036184075 38.163160533242156
2.880671642411266 2.2636027507248113 39.11033844445304
3.9538424035673616 2.039393967254276 40.78307122012712
-5.125329745014741 0.15241810109738269 41.29019918420396
-4.580466517420943 -0.7989436200170275 39.61746640852989
-3.6287282506221112 0.5110117234254528 38.44349397712562
-3.5853848809403157 2.271970370531857 39.390671888336506
-4.510335472088847 2.0503473237841656 41.15003246226223
1.7287722212349452 -4.827378468668176 41.29019918420398
0.6556014600788482 -4.603169685197639 39.6174664085299
1.6073397268776803 -3.2932143417551605 38.44349397712563
3.2687170853093708 -2.707826199233702 39.39067188833651
3.34376649416084 -3.6559917739867527 41.150032462262246
-2.26747048337431 -4.822206995222485 41.46345478070727
-1.3425198922257793 -4.600583948474794 39.70409420678155
-2.3889029777315747 -3.288042868309469 38.61674957362892
-3.9605538809756746 -2.698470915884489 39.70409420678154
-3.8855044721242047 -3.64663649063754 41.463454780707266
1.9123776815809335 2.632162066040615 45.30250920287954
0.8659945960751374 3.9447031462059403 44.215164569726916
1.7909451872236681 4.1663261929536315 42.45580399580119
3.4089791759735624 2.990755688368685 42.4558039958012
3.484028584825033 2.0425901136156344 44.21516456972692
-2.083865023028321 2.637333539486306 45.47576479938283
-1.1321267562294899 3.9472888829287855 44.301792367978564
-2.2052975173855867 4.171497666399323 42.629059592304486
-3.820291790311482 3.0001109717178984 42.76922631424622
-3.745242381460012 2.0519453969648476 44.528586888171944
3.15220295447147 -1.1668925256943057 45.475764799382844
4.1039412212703015 0.14306281774817386 44.30179236797857
4.648804448864099 -0.8082989033662361 42.62905959230449
4.033810175938205 -2.70622812605302 42.76922631424623
3.1088595847896743 -2.92785117280071 44.52858688817196
-3.313853568880111 -1.158524905887261 45.75609824326631
-4.360236654385907 0.15401617427806397 44.66875361011368
-5.05028033616327 -0.7957474736556686 43.049559758129696
-4.430367699718002 -2.6952747695231296 43.136187556381344
-3.3571969385619065 -2.919483552993665 44.80892033205542
-0.07778559138032098 -3.5096659150571528 45.75609824326631
1.4938653118637797 -4.099237867482134 44.66875361011369
0.8038216300864154 -5.049001515415865 43.0495597581297
-1.1942997222182126 -5.04641577869302 43.13618755638135
-1.7391629498120107 -4.095054057578611 44.80892033205543
-0.03444222169852523 -1.7487072679507483 46.703276154477194
1.5805520512273707 -0.5773205732693251 46.56310943253546
0.9606394147821022 1.3222067225981355 46.47648163428381
-1.0374819375225255 1.3247924593209808 46.563109432535455
-1.65247621044842 -0.5731367633658029 46.703276154477194
6 0 1 2 3 4 5
6 6 7 2 3 8 9
6 6 7 1 0 10 11
6 9 8 4 5 10 11
3 7 2 1
3 8 3 4
3 10 0 5
3 11 6 9
6 12 13 2 1 14 15
6 16 7 2 13 17 18
6 19 14 1 7 16 20
6 18 17 12 15 19 20
3 7 2 1
3 17 13 12
3 19 14 15
3 20 16 18
6 21 22 3 4 23 24
6 25 8 3 22 26 27
6 28 23 4 8 25 29
6 27 26 21 24 28 29
3 8 3 4
3 26 22 21
3 28 23 24
3 29 25 27
6 30 31 13 12 32 33
6 34 17 13 31 35 36
6 37 32 12 17 34 38
6 36 35 30 33 37 38
3 17 13 12
3 35 31 30
3 37 32 33
3 38 34 36
6 39 40 0 5 41 42
6 43 10 0 40 44 45
6 46 41 5 10 43 47
6 45 44 39 42 46 47
3 10 0 5
3 44 40 39
3 46 41 42
3 47 43 45
6 48 21 22 49 50 51
6 52 26 22 49 53 54
6 55 48 21 26 52 56
6 55 51 50 53 54 56
3 26 22 21
3 53 49 50
3 55 48 51
3 56 52 54
6 57 58 14 15 59 60
6 61 19 14 58 62 63
6 64 59 15 19 61 65
6 63 62 57 60 64 65
3 19 14 15
3 62 58 57
3 64 59 60
3 65 61 63
6 66 67 6 9 68 69
6 70 11 6 67 71 72
6 73 68 9 11 70 74
6 72 71 66 69 73 74
3 11 6 9
3 71 67 66
3 73 68 69
3 74 70 72
6 75 39 40 76 77 78
6 79 44 40 76 80 81
6 82 75 39 44 79 83
6 82 78 77 80 81 83
3 44 40 39
3 80 76 77
3 82 75 78
3 83 79 81
6 84 85 23 24 86 87
6 88 28 23 85 89 90
6 91 86 24 28 88 92
6 90 89 84 87 91 92
3 28 23 24
3 89 85 84
3 91 86 87
3 92 88 90
6 93 94 16 18 95 96
6 97 20 16 94 98 99
6 100 95 18 20 97 101
6 99 98 93 96 100 101
3 20 16 18
3 98 94 93
3 100 95 96
3 101 97 99
6 102 42 41 103 104 105
6 106 46 41 103 107 108
6 109 102 42 46 106 110
6 109 105 104 107 108 110
3 46 41 42
3 107 103 104
3 109 102 105
3 110 106 108
6 111 66 67 112 113 114
6 115 71 67 112 116 117
6 118 111 66 71 115 119
6 118 114 113 116 117 119
3 71 67 66
3 116 112 113
3 118 111 114
3 119 115 117
6 120 121 122 123 124 125
6 126 127 122 121 128 129
6 130 124 123 127 126 131
6 129 128 120 125 130 131
3 127 122 123
3 128 121 120
3 130 124 125
3 131 126 129
6 132 133 25 27 134 135
6 136 29 25 133 137 138
6 139 134 27 29 136 140
6 138 137 132 135 139 140
3 29 25 27
3 137 133 132
3 139 134 135
3 140 136 138
6 141 142 143 121 120 144
6 145 146 143 121 147 148
6 149 141 142 146 145 150
6 149 144 120 147 148 150
3 146 143 142
3 147 121 120
3 149 141 144
3 150 145 148
6 151 69 68 152 153 154
6 155 73 68 152 156 157
6 158 151 69 73 155 159
6 158 154 153 156 157 159
3 73 68 69
3 156 152 153
3 158 151 154
3 159 155 157
6 160 161 162 163 164 165
6 166 167 162 161 168 169
6 170 164 163 167 166 171
6 169 168 160 165 170 171
3 167 162 163
3 168 161 160
3 170 164 165
3 171 166 169
6 172 173 174 175 176 177
6 178 179 174 173 180 181
6 182 176 175 179 178 183
6 181 180 172 177 182 183
3 179 174 175
3 180 173 172
3 182 176 177
3 183 178 181
6 184 185 43 45 186 187
6 188 47 43 185 189 190
6 191 186 45 47 188 192
6 190 189 184 187 191 192
3 47 43 45
3 189 185 184
3 191 186 187
3 192 188 190
6 193 194 195 161 160 196
6 197 198 195 161 199 200
6 201 193 194 198 197 202
6 201 196 160 199 200 202
3 198 195 194
3 199 161 160
3 201 193 196
3 202 197 200
6 203 204 205 173 172 206
6 207 208 205 173 209 210
6 211 203 204 208 207 212
6 211 206 172 209 210 212
3 208 205 204
3 209 173 172
3 211 203 206
3 212 207 210
6 213 72 70 214 215 216
6 217 74 70 214 218 219
6 220 213 72 74 217 221
6 220 216 215 218 219 221
3 74 70 72
3 218 214 215
3 220 213 216
3 221 217 219
6 222 223 224 225 226 227
6 228 229 224 223 230 231
6 232 226 225 229 228 233
6 231 230 222 227 232 233
3 229 224 225
3 230 223 222
3 232 226 227
3 233 228 231
6 234 235 236 237 238 239
6 240 241 236 235 242 243
6 244 238 237 241 240 245
6 243 242 234 239 244 245
3 241 236 237
3 242 235 234
3 244 238 239
3 245 240 243
6 246 247 248 249 250 251
6 252 253 248 247 254 255
6 256 250 249 253 252 257
6 255 254 246 251 256 257
3 253 248 249
3 254 247 246
3 256 250 251
3 257 252 255
6 258 125 124 164 165 259
6 260 261 124 164 262 263
6 264 258 125 261 260 265
6 264 259 165 262 263 265
3 261 124 125
3 262 164 165
3 264 258 259
3 265 260 263
6 266 267 268 223 222 269
6 270 271 268 223 272 273
6 274 266 267 271 270 275
6 274 269 222 272 273 275
3 271 268 267
3 272 223 222
3 274 266 269
3 275 270 273
6 276 277 278 235 234 279
6 280 281 278 235 282 283
6 284 276 277 281 280 285
6 284 279 234 282 283 285
3 281 278 277
3 282 235 234
3 284 276 279
3 285 280 283
6 286 287 288 247 246 289
6 290 291 288 247 292 293
6 294 286 287 291 290 295
6 294 289 246 292 293 295
3 291 288 287
3 292 247 246
3 294 286 289
3 295 290 293
6 296 297 298 299 300 301
6 302 303 298 297 304 305
6 306 300 299 303 302 307
6 305 304 296 301 306 307
3 303 298 299
3 304 297 296
3 306 300 301
3 307 302 305
6 308 309 310 311 312 313
6 314 315 310 309 316 317
6 318 312 311 315 314 319
6 317 316 308 313 318 319
3 315 310 311
3 316 309 308
3 318 312 313
3 319 314 317
6 320 321 322 323 324 325
6 326 327 322 321 328 329
6 330 324 323 327 326 331
6 329 328 320 325 330 331
3 327 322 323
3 328 321 320
3 330 324 325
3 331 326 329
6 332 144 141 226 227 333
6 334 335 141 226 336 337
6 338 332 144 335 334 339
6 338 333 227 336 337 339
3 335 141 144
3 336 226 227
3 338 332 333
3 339 334 337
6 340 177 176 238 239 341
6 342 343 176 238 344 345
6 346 340 177 343 342 347
6 346 341 239 344 345 347
3 343 176 177
3 344 238 239
3 346 340 341
3 347 342 345
6 348 349 350 297 296 351
6 352 353 350 297 354 355
6 356 348 349 353 352 357
6 356 351 296 354 355 357
3 353 350 349
3 354 297 296
3 356 348 351
3 357 352 355
6 358 359 360 309 308 361
6 362 363 360 309 364 365
6 366 358 359 363 362 367
6 366 361 308 364 365 367
3 363 360 359
3 364 309 308
3 366 358 361
3 367 362 365
6 368 369 370 321 320 371
6 372 373 370 321 374 375
6 376 368 369 373 372 377
6 376 371 320 374 375 377
3 373 370 369
3 374 321 320
3 376 368 371
3 377 372 375
6 378 379 380 381 382 383
6 384 385 380 379 386 387
6 388 382 381 385 384 389
6 387 386 378 383 388 389
3 385 380 381
3 386 379 378
3 388 382 383
3 389 384 387
6 390 391 392 393 394 395
6 396 397 392 391 398 399
6 400 394 393 397 396 401
6 399 398 390 395 400 401
3 397 392 393
3 398 391 390
3 400 394 395
3 401 396 399
6 402 403 404 405 406 407
6 408 409 404 403 410 411
6 412 406 405 409 408 413
6 411 410 402 407 412 413
3 409 404 405
3 410 403 402
3 412 406 407
3 413 408 411
6 414 196 193 266 269 415
6 416 417 193 266 418 419
6 420 414 196 417 416 421
6 420 415 269 418 419 421
3 417 193 196
3 418 266 269
3 420 414 415
3 421 416 419
6 422 206 203 300 301 423
6 424 425 203 300 426 427
6 428 422 206 425 424 429
6 428 423 301 426 427 429
3 425 203 206
3 426 300 301
3 428 422 423
3 429 424 427
6 430 251 250 312 313 431
6 432 433 250 312 434 435
6 436 430 251 433 432 437
6 436 431 313 434 435 437
3 433 250 251
3 434 312 313
3 436 430 431
3 437 432 435
6 438 439 440 379 378 441
6 442 443 440 379 444 445
6 446 438 439 443 442 447
6 446 441 378 444 445 447
3 443 440 439
3 444 379 378
3 446 438 441
3 447 442 445
6 448 449 450 391 390 451
6 452 453 450 391 454 455
6 456 448 449 453 452 457
6 456 451 390 454 455 457
3 453 450 449
3 454 391 390
3 456 448 451
3 457 452 455
6 458 459 460 403 402 461
6 462 463 460 403 464 465
6 466 458 459 463 462 467
6 466 461 402 464 465 467
3 463 460 459
3 464 403 402
3 466 458 461
3 467 462 465
6 468 469 470 471 472 473
6 474 475 470 469 476 477
6 478 472 471 475 474 479
6 477 476 468 473 478 479
3 475 470 471
3 476 469 468
3 478 472 473
3 479 474 477
6 480 481 482 483 484 485
6 486 487 482 481 488 489
6 490 484 483 487 486 491
6 489 488 480 485 490 491
3 487 482 483
3 488 481 480
3 490 484 485
3 491 486 489
6 492 493 494 495 496 497
6 498 499 494 493 500 501
6 502 496 495 499 498 503
6 501 500 492 497 502 503
3 499 494 495
3 500 493 492
3 502 496 497
3 503 498 501
6 414 259 258 332 333 415
6 504 505 258 332 506 507
6 504 505 259 414 508 509
6 507 506 333 415 508 509
3 505 258 259
3 506 332 333
3 508 414 415
3 509 504 507
6 510 279 276 348 351 511
6 512 513 276 348 514 515
6 516 510 279 513 512 517
6 516 511 351 514 515 517
3 513 276 279
3 514 348 351
3 516 510 511
3 517 512 515
6 518 289 286 382 383 519
6 520 521 286 382 522 523
6 524 518 289 521 520 525
6 524 519 383 522 523 525
3 521 286 289
3 522 382 383
3 524 518 519
3 525 520 523
6 526 325 324 394 395 527
6 528 529 324 394 530 531
6 532 526 325 529 528 533
6 532 527 395 530 531 533
3 529 324 325
3 530 394 395
3 532 526 527
3 533 528 531
6 534 535 536 469 468 537
6 538 539 536 469 540 541
6 542 534 535 539 538 543
6 542 537 468 540 541 543
3 539 536 535
3 540 469 468
3 542 534 537
3 543 538 541
6 544 545 546 481 480 547
6 548 549 546 481 550 551
6 552 544 545 549 548 553
6 552 547 480 550 551 553
3 549 546 545
3 550 481 480
3 552 544 547
3 553 548 551
6 554 555 556 493 492 557
6 558 559 556 493 560 561
6 562 554 555 559 558 563
6 562 557 492 560 561 563
3 559 556 555
3 560 493 492
3 562 554 557
3 563 558 561
6 564 565 566 567 568 569
6 570 571 566 565 572 573
6 574 568 567 571 570 575
6 573 572 564 569 574 575
3 571 566 567
3 572 565 564
3 574 568 569
3 575 570 573
6 576 577 578 579 580 581
6 582 583 578 577 584 585
6 586 580 579 583 582 587
6 585 584 576 581 586 587
3 583 578 579
3 584 577 576
3 586 580 581
3 587 582 585
6 588 589 590 591 592 593
6 594 595 590 589 596 597
6 598 592 591 595 594 599
6 597 596 588 593 598 599
3 595 590 591
3 596 589 588
3 598 592 593
3 599 594 597
6 510 341 340 422 423 511
6 600 601 340 422 602 603
6 600 601 341 510 604 605
6 603 602 423 511 604 605
3 601 340 341
3 602 422 423
3 604 510 511
3 605 600 603
6 606 361 358 438 441 607
6 608 609 358 438 610 611
6 612 606 361 609 608 613
6 612 607 441 610 611 613
3 609 358 361
3 610 438 441
3 612 606 607
3 613 608 611
6 614 371 368 472 473 615
6 616 617 368 472 618 619
6 620 614 371 617 616 621
6 620 615 473 618 619 621
3 617 368 371
3 618 472 473
3 620 614 615
3 621 616 619
6 622 407 406 484 485 623
6 624 625 406 484 626 627
6 628 622 407 625 624 629
6 628 623 485 626 627 629
3 625 406 407
3 626 484 485
3 628 622 623
3 629 624 627
6 630 631 632 565 564 633
6 634 635 632 565 636 637
6 638 630 631 635 634 639
6 638 633 564 636 637 639
3 635 632 631
3 636 565 564
3 638 630 633
3 639 634 637
6 640 641 642 577 576 643
6 644 645 642 577 646 647
6 648 640 641 645 644 649
6 648 643 576 646 647 649
3 645 642 641
3 646 577 576
3 648 640 643
3 649 644 647
6 650 651 652 589 588 653
6 654 655 652 589 656 657
6 658 650 651 655 654 659
6 658 653 588 656 657 659
3 655 652 651
3 656 589 588
3 658 650 653
3 659 654 657
6 660 661 662 663 664 665
6 666 667 662 661 668 669
6 670 664 663 667 666 671
6 669 668 660 665 670 671
3 667 662 663
3 668 661 660
3 670 664 665
3 671 666 669
6 672 673 260 263 674 675
6 676 265 260 673 677 678
6 679 674 263 265 676 680
6 678 677 672 675 679 680
3 265 260 263
3 677 673 672
3 679 674 675
3 680 676 678
6 681 682 683 684 685 686
6 687 688 683 682 689 690
6 691 685 684 688 687 692
6 690 689 681 686 691 692
3 688 683 684
3 689 682 681
3 691 685 686
3 692 687 690
6 693 694 695 696 697 698
6 699 700 695 694 701 702
6 703 697 696 700 699 704
6 702 701 693 698 703 704
3 700 695 696
3 701 694 693
3 703 697 698
3 704 699 702
6 606 431 430 518 519 607
6 705 706 430 518 707 708
6 705 706 431 606 709 710
6 708 707 519 607 709 710
3 706 430 431
3 707 518 519
3 709 606 607
3 710 705 708
6 711 451 448 534 537 712
6 713 714 448 534 715 716
6 717 711 451 714 713 718
6 717 712 537 715 716 718
3 714 448 451
3 715 534 537
3 717 711 712
3 718 713 716
6 719 461 458 568 569 720
6 721 722 458 568 723 724
6 725 719 461 722 721 726
6 725 720 569 723 724 726
3 722 458 461
3 723 568 569
3 725 719 720
3 726 721 724
6 727 497 496 580 581 728
6 729 730 496 580 731 732
6 733 727 497 730 729 734
6 733 728 581 731 732 734
3 730 496 497
3 731 580 581
3 733 727 728
3 734 729 732
6 735 736 737 661 660 738
6 739 740 737 661 741 742
6 743 735 736 740 739 744
6 743 738 660 741 742 744
3 740 737 736
3 741 661 660
3 743 735 738
3 744 739 742
6 745 746 747 748 749 750
6 751 752 747 748 753 754
6 755 745 746 752 751 756
6 755 750 749 753 754 756
3 752 747 746
3 753 748 749
3 755 745 750
3 756 751 754
6 757 758 759 682 681 760
6 761 762 759 682 763 764
6 765 757 758 762 761 766
6 765 760 681 763 764 766
3 762 759 758
3 763 682 681
3 765 757 760
3 766 761 764
6 767 768 769 694 693 770
6 771 772 769 694 773 774
6 775 767 768 772 771 776
6 775 770 693 773 774 776
3 772 769 768
3 773 694 693
3 775 767 770
3 776 771 774
6 777 778 779 780 781 782
6 783 784 779 778 785 786
6 787 781 780 784 783 788
6 786 785 777 782 787 788
3 784 779 780
3 785 778 777
3 787 781 782
3 788 783 786
6 789 790 791 792 793 794
6 795 796 791 790 797 798
6 799 793 792 796 795 800
6 798 797 789 794 799 800
3 796 791 792
3 797 790 789
3 799 793 794
3 800 795 798
6 801 802 334 337 803 804
6 805 339 334 802 806 807
6 808 803 337 339 805 809
6 807 806 801 804 808 809
3 339 334 337
3 806 802 801
3 808 803 804
3 809 805 807
6 810 811 812 813 814 815
6 816 817 812 811 818 819
6 820 814 813 817 816 821
6 819 818 810 815 820 821
3 817 812 813
3 818 811 810
3 820 814 815
3 821 816 819
6 711 527 526 614 615 712
6 822 823 526 614 824 825
6 822 823 527 711 826 827
6 825 824 615 712 826 827
3 823 526 527
3 824 614 615
3 826 711 712
3 827 822 825
6 828 547 544 630 633 829
6 830 831 544 630 832 833
6 834 828 547 831 830 835
6 834 829 633 832 833 835
3 831 544 547
3 832 630 633
3 834 828 829
3 835 830 833
6 836 557 554 664 665 837
6 838 839 554 664 840 841
6 842 836 557 839 838 843
6 842 837 665 840 841 843
3 839 554 557
3 840 664 665
3 842 836 837
3 843 838 841
6 844 845 846 847 848 849
6 850 851 846 847 852 853
6 854 844 845 851 850 855
6 854 849 848 852 853 855
3 851 846 845
3 852 847 848
3 854 844 849
3 855 850 853
6 856 593 592 685 686 857
6 858 859 592 685 860 861
6 862 856 593 859 858 863
6 862 857 686 860 861 863
3 859 592 593
3 860 685 686
3 862 856 857
3 863 858 861
6 864 865 866 778 777 867
6 868 869 866 778 870 871
6 872 864 865 869 868 873
6 872 867 777 870 871 873
3 869 866 865
3 870 778 777
3 872 864 867
3 873 868 871
6 874 875 876 790 789 877
6 878 879 876 790 880 881
6 882 874 875 879 878 883
6 882 877 789 880 881 883
3 879 876 875
3 880 790 789
3 882 874 877
3 883 878 881
6 884 885 886 887 888 889
6 890 891 886 887 892 893
6 894 884 885 891 890 895
6 894 889 888 892 893 895
3 891 886 885
3 892 887 888
3 894 884 889
3 895 890 893
6 896 897 898 811 810 899
6 900 901 898 811 902 903
6 904 896 897 901 900 905
6 904 899 810 902 903 905
3 901 898 897
3 902 811 810
3 904 896 899
3 905 900 903
6 906 907 908 909 910 911
6 912 913 908 907 914 915
6 916 910 909 913 912 917
6 915 914 906 911 916 917
3 913 908 909
3 914 907 906
3 916 910 911
3 917 912 915
6 918 919 920 921 922 923
6 924 925 920 919 926 927
6 928 922 921 925 924 929
6 927 926 918 923 928 929
3 925 920 921
3 926 919 918
3 928 922 923
3 929 924 927
6 930 931 416 419 932 933
6 934 421 416 931 935 936
6 937 932 419 421 934 938
6 936 935 930 933 937 938
3 421 416 419
3 935 931 930
3 937 932 933
3 938 934 936
6 939 940 424 427 941 942
6 943 429 424 940 944 945
6 946 941 427 429 943 947
6 945 944 939 942 946 947
3 429 424 427
3 944 940 939
3 946 941 942
3 947 943 945
6 828 623 622 719 720 829
6 948 949 622 719 950 951
6 948 949 623 828 952 953
6 951 950 720 829 952 953
3 949 622 623
3 950 719 720
3 952 828 829
3 953 948 951
6 954 643 640 735 738 955
6 956 957 640 735 958 959
6 960 954 643 957 956 961
6 960 955 738 958 959 961
3 957 640 643
3 958 735 738
3 960 954 955
3 961 956 959
6 962 963 964 781 782 965
6 966 967 964 781 968 969
6 970 962 963 967 966 971
6 970 965 782 968 969 971
3 967 964 963
3 968 781 782
3 970 962 965
3 971 966 969
6 972 653 650 793 794 973
6 974 975 650 793 976 977
6 978 972 653 975 974 979
6 978 973 794 976 977 979
3 975 650 653
3 976 793 794
3 978 972 973
3 979 974 977
6 980 981 982 983 984 985
6 986 987 982 983 988 989
6 990 980 981 987 986 991
6 990 985 984 988 989 991
3 987 982 981
3 988 983 984
3 990 980 985
3 991 986 989
6 992 698 697 814 815 993
6 994 995 697 814 996 997
6 998 992 698 995 994 999
6 998 993 815 996 997 999
3 995 697 698
3 996 814 815
3 998 992 993
3 999 994 997
6 1000 1001 1002 907 906 1003
6 1004 1005 1002 907 1006 1007
6 1008 1000 1001 1005 1004 1009
6 1008 1003 906 1006 1007 1009
3 1005 1002 1001
3 1006 907 906
3 1008 1000 1003
3 1009 1004 1007
6 1010 1011 1012 919 918 1013
6 1014 1015 1012 919 1016 1017
6 1018 1010 1011 1015 1014 1019
6 1018 1013 918 1016 1017 1019
3 1015 1012 1011
3 1016 919 918
3 1018 1010 1013
3 1019 1014 1017
6 1020 1021 1022 1023 1024 1025
6 1026 1027 1022 1023 1028 1029
6 1030 1020 1021 1027 1026 1031
6 1030 1025 1024 1028 1029 1031
3 1027 1022 1021
3 1028 1023 1024
3 1030 1020 1025
3 1031 1026 1029
6 1032 1033 1034 1035 1036 1037
6 1038 1039 1034 1035 1040 1041
6 1042 1032 1033 1039 1038 1043
6 1042 1037 1036 1040 1041 1043
3 1039 1034 1033
3 1040 1035 1036
3 1042 1032 1037
3 1043 1038 1041
6 1044 1045 1046 1047 1048 1049
6 1050 1051 1046 1045 1052 1053
6 1054 1048 1047 1051 1050 1055
6 1053 1052 1044 1049 1054 1055
3 1051 1046 1047
3 1052 1045 1044
3 1054 1048 1049
3 1055 1050 1053
6 1056 1057 1058 1059 1060 1061
6 1062 1063 1058 1057 1064 1065
6 1066 1060 1059 1063 1062 1067
6 1065 1064 1056 1061 1066 1067
3 1063 1058 1059
3 1064 1057 1056
3 1066 1060 1061
3 1067 1062 1065
6 1068 1069 504 507 1070 1071
6 1072 509 504 1069 1073 1074
6 1075 1070 507 509 1072 1076
6 1074 1073 1068 1071 1075 1076
3 509 504 507
3 1073 1069 1068
3 1075 1070 1071
3 1076 1072 1074
6 1077 1078 512 515 1079 1080
6 1081 517 512 1078 1082 1083
6 1084 1079 515 517 1081 1085
6 1083 1082 1077 1080 1084 1085
3 517 512 515
3 1082 1078 1077
3 1084 1079 1080
3 1085 1081 1083
6 954 728 727 836 837 955
6 1086 1087 727 836 1088 1089
6 1086 1087 728 954 1090 1091
6 1089 1088 837 955 1090 1091
3 1087 727 728
3 1088 836 837
3 1090 954 955
3 1091 1086 1089
6 1092 750 745 864 867 1093
6 1094 1095 745 864 1096 1097
6 1098 1092 750 1095 1094 1099
6 1098 1093 867 1096 1097 1099
3 1095 745 750
3 1096 864 867
3 1098 1092 1093
3 1099 1094 1097
6 1100 760 757 874 877 1101
6 1102 1103 757 874 1104 1105
6 1106 1100 760 1103 1102 1107
6 1106 1101 877 1104 1105 1107
3 1103 757 760
3 1104 874 877
3 1106 1100 1101
3 1107 1102 1105
6 1108 1109 1110 910 911 1111
6 1112 1113 1110 910 1114 1115
6 1116 1108 1109 1113 1112 1117
6 1116 1111 911 1114 1115 1117
3 1113 1110 1109
3 1114 910 911
3 1116 1108 1111
3 1117 1112 1115
6 1118 770 767 922 923 1119
6 1120 1121 767 922 1122 1123
6 1124 1118 770 1121 1120 1125
6 1124 1119 923 1122 1123 1125
3 1121 767 770
3 1122 922 923
3 1124 1118 1119
3 1125 1120 1123
6 1126 1127 1128 1129 1130 1131
6 1132 1133 1128 1129 1134 1135
6 1136 1126 1127 1133 1132 1137
6 1136 1131 1130 1134 1135 1137
3 1133 1128 1127
3 1134 1129 1130
3 1136 1126 1131
3 1137 1132 1135
6 1138 1139 1140 1141 1142 1143
6 1144 1145 1140 1141 1146 1147
6 1148 1138 1139 1145 1144 1149
6 1148 1143 1142 1146 1147 1149
3 1145 1140 1139
3 1146 1141 1142
3 1148 1138 1143
3 1149 1144 1147
6 1150 1151 1152 1045 1044 1153
6 1154 1155 1152 1045 1156 1157
6 1158 1150 1151 1155 1154 1159
6 1158 1153 1044 1156 1157 1159
3 1155 1152 1151
3 1156 1045 1044
3 1158 1150 1153
3 1159 1154 1157
6 1160 1161 1162 1057 1056 1163
6 1164 1165 1162 1057 1166 1167
6 1168 1160 1161 1165 1164 1169
6 1168 1163 1056 1166 1167 1169
3 1165 1162 1161
3 1166 1057 1056
3 1168 1160 1163
3 1169 1164 1167
6 1170 1171 1172 1173 1174 1175
6 1176 1177 1172 1173 1178 1179
6 1180 1170 1171 1177 1176 1181
6 1180 1175 1174 1178 1179 1181
3 1177 1172 1171
3 1178 1173 1174
3 1180 1170 1175
3 1181 1176 1179
6 1182 1183 1184 1185 1186 1187
6 1188 1189 1184 1185 1190 1191
6 1192 1182 1183 1189 1188 1193
6 1192 1187 1186 1190 1191 1193
3 1189 1184 1183
3 1190 1185 1186
3 1192 1182 1187
3 1193 1188 1191
6 1194 1195 1196 1197 1198 1199
6 1200 1201 1196 1195 1202 1203
6 1204 1198 1197 1201 1200 1205
6 1203 1202 1194 1199 1204 1205
3 1201 1196 1197
3 1202 1195 1194
3 1204 1198 1199
3 1205 1200 1203
6 1206 1207 1208 1209 1210 1211
6 1212 1213 1208 1207 1214 1215
6 1216 1210 1209 1213 1212 1217
6 1215 1214 1206 1211 1216 1217
3 1213 1208 1209
3 1214 1207 1206
3 1216 1210 1211
3 1217 1212 1215
6 1218 1219 600 603 1220 1221
6 1222 605 600 1219 1223 1224
6 1225 1220 603 605 1222 1226
6 1224 1223 1218 1221 1225 1226
3 605 600 603
3 1223 1219 1218
3 1225 1220 1221
3 1226 1222 1224
6 1227 1228 608 611 1229 1230
6 1231 613 608 1228 1232 1233
6 1234 1229 611 613 1231 1235
6 1233 1232 1227 1230 1234 1235
3 613 608 611
3 1232 1228 1227
3 1234 1229 1230
3 1235 1231 1233
6 1092 849 844 962 965 1093
6 1236 1237 844 962 1238 1239
6 1236 1237 849 1092 1240 1241
6 1239 1238 965 1093 1240 1241
3 1237 844 849
3 1238 962 965
3 1240 1092 1093
3 1241 1236 1239
6 1100 857 856 972 973 1101
6 1242 1243 856 972 1244 1245
6 1242 1243 857 1100 1246 1247
6 1245 1244 973 1101 1246 1247
3 1243 856 857
3 1244 972 973
3 1246 1100 1101
3 1247 1242 1245
6 1248 889 884 1000 1003 1249
6 1250 1251 884 1000 1252 1253
6 1254 1248 889 1251 1250 1255
6 1254 1249 1003 1252 1253 1255
3 1251 884 889
3 1252 1000 1003
3 1254 1248 1249
3 1255 1250 1253
6 1256 899 896 1010 1013 1257
6 1258 1259 896 1010 1260 1261
6 1262 1256 899 1259 1258 1263
6 1262 1257 1013 1260 1261 1263
3 1259 896 899
3 1260 1010 1013
3 1262 1256 1257
3 1263 1258 1261
6 1264 1265 1266 1048 1049 1267
6 1268 1269 1266 1048 1270 1271
6 1272 1264 1265 1269 1268 1273
6 1272 1267 1049 1270 1271 1273
3 1269 1266 1265
3 1270 1048 1049
3 1272 1264 1267
3 1273 1268 1271
6 1274 1275 1276 1060 1061 1277
6 1278 1279 1276 1060 1280 1281
6 1282 1274 1275 1279 1278 1283
6 1282 1277 1061 1280 1281 1283
3 1279 1276 1275
3 1280 1060 1061
3 1282 1274 1277
3 1283 1278 1281
6 1284 1285 1286 1287 1288 1289
6 1290 1291 1286 1287 1292 1293
6 1294 1284 1285 1291 1290 1295
6 1294 1289 1288 1292 1293 1295
3 1291 1286 1285
3 1292 1287 1288
3 1294 1284 1289
3 1295 1290 1293
6 1296 1297 1298 1299 1300 1301
6 1302 1303 1298 1299 1304 1305
6 1306 1296 1297 1303 1302 1307
6 1306 1301 1300 1304 1305 1307
3 1303 1298 1297
3 1304 1299 1300
3 1306 1296 1301
3 1307 1302 1305
6 1308 1309 1310 1195 1194 1311
6 1312 1313 1310 1195 1314 1315
6 1316 1308 1309 1313 1312 1317
6 1316 1311 1194 1314 1315 1317
3 1313 1310 1309
3 1314 1195 1194
3 1316 1308 1311
3 1317 1312 1315
6 1318 1319 1320 1207 1206 1321
6 1322 1323 1320 1207 1324 1325
6 1326 1318 1319 1323 1322 1327
6 1326 1321 1206 1324 1325 1327
3 1323 1320 1319
3 1324 1207 1206
3 1326 1318 1321
3 1327 1322 1325
6 1328 1329 1330 1331 1332 1333
6 1334 1335 1330 1331 1336 1337
6 1338 1328 1329 1335 1334 1339
6 1338 1333 1332 1336 1337 1339
3 1335 1330 1329
3 1336 1331 1332
3 1338 1328 1333
3 1339 1334 1337
6 1340 1341 1342 1343 1344 1345
6 1346 1347 1342 1343 1348 1349
6 1350 1340 1341 1347 1346 1351
6 1350 1345 1344 1348 1349 1351
3 1347 1342 1341
3 1348 1343 1344
3 1350 1340 1345
3 1351 1346 1349
6 1352 1353 1354 1355 1356 1357
6 1358 1359 1354 1353 1360 1361
6 1362 1356 1355 1359 1358 1363
6 1361 1360 1352 1357 1362 1363
3 1359 1354 1355
3 1360 1353 1352
3 1362 1356 1357
3 1363 1358 1361
6 1364 1365 1366 1367 1368 1369
6 1370 1371 1366 1365 1372 1373
6 1374 1368 1367 1371 1370 1375
6 1373 1372 1364 1369 1374 1375
3 1371 1366 1367
3 1372 1365 1364
3 1374 1368 1369
3 1375 1370 1373
6 1376 1377 1378 1379 1380 1381
6 1382 1383 1378 1377 1384 1385
6 1386 1380 1379 1383 1382 1387
6 1385 1384 1376 1381 1386 1387
3 1383 1378 1379
3 1384 1377 1376
3 1386 1380 1381
3 1387 1382 1385
6 1388 1389 705 708 1390 1391
6 1392 710 705 1389 1393 1394
6 1395 1390 708 710 1392 1396
6 1394 1393 1388 1391 1395 1396
3 710 705 708
3 1393 1389 1388
3 1395 1390 1391
3 1396 1392 1394
6 1248 985 980 1108 1111 1249
6 1397 1398 980 1108 1399 1400
6 1397 1398 985 1248 1401 1402
6 1400 1399 1111 1249 1401 1402
3 1398 980 985
3 1399 1108 1111
3 1401 1248 1249
3 1402 1397 1400
6 1256 993 992 1118 1119 1257
6 1403 1404 992 1118 1405 1406
6 1403 1404 993 1256 1407 1408
6 1406 1405 1119 1257 1407 1408
3 1404 992 993
3 1405 1118 1119
3 1407 1256 1257
3 1408 1403 1406
6 1409 1025 1020 1150 1153 1410
6 1411 1412 1020 1150 1413 1414
6 1415 1409 1025 1412 1411 1416
6 1415 1410 1153 1413 1414 1416
3 1412 1020 1025
3 1413 1150 1153
3 1415 1409 1410
3 1416 1411 1414
6 1417 1037 1032 1160 1163 1418
6 1419 1420 1032 1160 1421 1422
6 1423 1417 1037 1420 1419 1424
6 1423 1418 1163 1421 1422 1424
3 1420 1032 1037
3 1421 1160 1163
3 1423 1417 1418
3 1424 1419 1422
6 1425 1426 1427 1198 1199 1428
6 1429 1430 1427 1198 1431 1432
6 1433 1425 1426 1430 1429 1434
6 1433 1428 1199 1431 1432 1434
3 1430 1427 1426
3 1431 1198 1199
3 1433 1425 1428
3 1434 1429 1432
6 1435 1436 1437 1210 1211 1438
6 1439 1440 1437 1210 1441 1442
6 1443 1435 1436 1440 1439 1444
6 1443 1438 1211 1441 1442 1444
3 1440 1437 1436
3 1441 1210 1211
3 1443 1435 1438
3 1444 1439 1442
6 1445 1446 1447 1448 1449 1450
6 1451 1452 1447 1448 1453 1454
6 1455 1445 1446 1452 1451 1456
6 1455 1450 1449 1453 1454 1456
3 1452 1447 1446
3 1453 1448 1449
3 1455 1445 1450
3 1456 1451 1454
6 1457 1458 1459 1460 1461 1462
6 1463 1464 1459 1460 1465 1466
6 1467 1457 1458 1464 1463 1468
6 1467 1462 1461 1465 1466 1468
3 1464 1459 1458
3 1465 1460 1461
3 1467 1457 1462
3 1468 1463 1466
6 1469 1470 1471 1472 1473 1474
6 1475 1476 1471 1472 1477 1478
6 1479 1469 1470 1476 1475 1480
6 1479 1474 1473 1477 1478 1480
3 1476 1471 1470
3 1477 1472 1473
3 1479 1469 1474
3 1480 1475 1478
6 1481 1482 1483 1353 1352 1484
6 1485 1486 1483 1353 1487 1488
6 1489 1481 1482 1486 1485 1490
6 1489 1484 1352 1487 1488 1490
3 1486 1483 1482
3 1487 1353 1352
3 1489 1481 1484
3 1490 1485 1488
6 1491 1492 1493 1365 1364 1494
6 1495 1496 1493 1365 1497 1498
6 1499 1491 1492 1496 1495 1500
6 1499 1494 1364 1497 1498 1500
3 1496 1493 1492
3 1497 1365 1364
3 1499 1491 1494
3 1500 1495 1498
6 1501 1502 1503 1377 1376 1504
6 1505 1506 1503 1377 1507 1508
6 1509 1501 1502 1506 1505 1510
6 1509 1504 1376 1507 1508 1510
3 1506 1503 1502
3 1507 1377 1376
3 1509 1501 1504
3 1510 1505 1508
6 1511 1512 1513 1514 1515 1516
6 1517 1518 1513 1514 1519 1520
6 1521 1511 1512 1518 1517 1522
6 1521 1516 1515 1519 1520 1522
3 1518 1513 1512
3 1519 1514 1515
3 1521 1511 1516
3 1522 1517 1520
6 1523 1524 1525 1526 1527 1528
6 1529 1530 1525 1524 1531 1532
6 1533 1527 1526 1530 1529 1534
6 1532 1531 1523 1528 1533 1534
3 1530 1525 1526
3 1531 1524 1523
3 1533 1527 1528
3 1534 1529 1532
6 1535 1536 1537 1538 1539 1540
6 1541 1542 1537 1536 1543 1544
6 1545 1539 1538 1542 1541 1546
6 1544 1543 1535 1540 1545 1546
3 1542 1537 1538
3 1543 1536 1535
3 1545 1539 1540
3 1546 1541 1544
6 1547 1548 1549 1550 1551 1552
6 1553 1554 1549 1548 1555 1556
6 1557 1551 1550 1554 1553 1558
6 1556 1555 1547 1552 1557 1558
3 1554 1549 1550
3 1555 1548 1547
3 1557 1551 1552
3 1558 1553 1556
6 1559 1560 822 825 1561 1562
6 1563 827 822 1560 1564 1565
6 1566 1561 825 827 1563 1567
6 1565 1564 1559 1562 1566 1567
3 827 822 825
3 1564 1560 1559
3 1566 1561 1562
3 1567 1563 1565
6 1409 1131 1126 1264 1267 1410
6 1568 1569 1126 1264 1570 1571
6 1568 1569 1131 1409 1572 1573
6 1571 1570 1267 1410 1572 1573
3 1569 1126 1131
3 1570 1264 1267
3 1572 1409 1410
3 1573 1568 1571
6 1417 1143 1138 1274 1277 1418
6 1574 1575 1138 1274 1576 1577
6 1574 1575 1143 1417 1578 1579
6 1577 1576 1277 1418 1578 1579
3 1575 1138 1143
3 1576 1274 1277
3 1578 1417 1418
3 1579 1574 1577
6 1580 1175 1170 1308 1311 1581
6 1582 1583 1170 1308 1584 1585
6 1586 1580 1175 1583 1582 1587
6 1586 1581 1311 1584 1585 1587
3 1583 1170 1175
3 1584 1308 1311
3 1586 1580 1581
3 1587 1582 1585
6 1588 1187 1182 1318 1321 1589
6 1590 1591 1182 1318 1592 1593
6 1594 1588 1187 1591 1590 1595
6 1594 1589 1321 1592 1593 1595
3 1591 1182 1187
3 1592 1318 1321
3 1594 1588 1589
3 1595 1590 1593
6 1596 1597 1598 1356 1357 1599
6 1600 1601 1598 1356 1602 1603
6 1604 1596 1597 1601 1600 1605
6 1604 1599 1357 1602 1603 1605
3 1601 1598 1597
3 1602 1356 1357
3 1604 1596 1599
3 1605 1600 1603
6 1606 1607 1608 1368 1369 1609
6 1610 1611 1608 1368 1612 1613
6 1614 1606 1607 1611 1610 1615
6 1614 1609 1369 1612 1613 1615
3 1611 1608 1607
3 1612 1368 1369
3 1614 1606 1609
3 1615 1610 1613
6 1616 1617 1618 1380 1381 1619
6 1620 1621 1618 1380 1622 1623
6 1624 1616 1617 1621 1620 1625
6 1624 1619 1381 1622 1623 1625
3 1621 1618 1617
3 1622 1380 1381
3 1624 1616 1619
3 1625 1620 1623
6 1626 1627 1628 1629 1630 1631
6 1632 1633 1628 1629 1634 1635
6 1636 1626 1627 1633 1632 1637
6 1636 1631 1630 1634 1635 1637
3 1633 1628 1627
3 1634 1629 1630
3 1636 1626 1631
3 1637 1632 1635
6 1638 1639 1640 1641 1642 1643
6 1644 1645 1640 1641 1646 1647
6 1648 1638 1639 1645 1644 1649
6 1648 1643 1642 1646 1647 1649
3 1645 1640 1639
3 1646 1641 1642
3 1648 1638 1643
3 1649 1644 1647
6 1650 1651 1652 1524 1523 1653
6 1654 1655 1652 1524 1656 1657
6 1658 1650 1651 1655 1654 1659
6 1658 1653 1523 1656 1657 1659
3 1655 1652 1651
3 1656 1524 1523
3 1658 1650 1653
3 1659 1654 1657
6 1660 1661 1662 1536 1535 1663
6 1664 1665 1662 1536 1666 1667
6 1668 1660 1661 1665 1664 1669
6 1668 1663 1535 1666 1667 1669
3 1665 1662 1661
3 1666 1536 1535
3 1668 1660 1663
3 1669 1664 1667
6 1670 1671 1672 1548 1547 1673
6 1674 1675 1672 1548 1676 1677
6 1678 1670 1671 1675 1674 1679
6 1678 1673 1547 1676 1677 1679
3 1675 1672 1671
3 1676 1548 1547
3 1678 1670 1673
3 1679 1674 1677
6 1680 1681 1682 1683 1684 1685
6 1686 1687 1682 1683 1688 1689
6 1690 1680 1681 1687 1686 1691
6 1690 1685 1684 1688 1689 1691
3 1687 1682 1681
3 1688 1683 1684
3 1690 1680 1685
3 1691 1686 1689
6 1692 1693 1694 1695 1696 1697
6 1698 1699 1694 1693 1700 1701
6 1702 1696 1695 1699 1698 1703
6 1701 1700 1692 1697 1702 1703
3 1699 1694 1695
3 1700 1693 1692
3 1702 1696 1697
3 1703 1698 1701
6 1704 1705 1706 1707 1708 1709
6 1710 1711 1706 1705 1712 1713
6 1714 1708 1707 1711 1710 1715
6 1713 1712 1704 1709 1714 1715
3 1711 1706 1707
3 1712 1705 1704
3 1714 1708 1709
3 1715 1710 1713
6 1716 1717 1718 1719 1720 1721
6 1722 1723 1718 1717 1724 1725
6 1726 1720 1719 1723 1722 1727
6 1725 1724 1716 1721 1726 1727
3 1723 1718 1719
3 1724 1717 1716
3 1726 1720 1721
3 1727 1722 1725
6 1728 1729 948 951 1730 1731
6 1732 953 948 1729 1733 1734
6 1735 1730 951 953 1732 1736
6 1734 1733 1728 1731 1735 1736
3 953 948 951
3 1733 1729 1728
3 1735 1730 1731
3 1736 1732 1734
6 1580 1289 1284 1425 1428 1581
6 1737 1738 1284 1425 1739 1740
6 1737 1738 1289 1580 1741 1742
6 1740 1739 1428 1581 1741 1742
3 1738 1284 1289
3 1739 1425 1428
3 1741 1580 1581
3 1742 1737 1740
6 1588 1301 1296 1435 1438 1589
6 1743 1744 1296 1435 1745 1746
6 1743 1744 1301 1588 1747 1748
6 1746 1745 1438 1589 1747 1748
3 1744 1296 1301
3 1745 1435 1438
3 1747 1588 1589
3 1748 1743 1746
6 1749 1750 1751 1481 1484 1752
6 1753 1754 1751 1481 1755 1756
6 1757 1749 1750 1754 1753 1758
6 1757 1752 1484 1755 1756 1758
3 1754 1751 1750
3 1755 1481 1484
3 1757 1749 1752
3 1758 1753 1756
6 1759 1333 1328 1491 1494 1760
6 1761 1762 1328 1491 1763 1764
6 1765 1759 1333 1762 1761 1766
6 1765 1760 1494 1763 1764 1766
3 1762 1328 1333
3 1763 1491 1494
3 1765 1759 1760
3 1766 1761 1764
6 1767 1345 1340 1501 1504 1768
6 1769 1770 1340 1501 1771 1772
6 1773 1767 1345 1770 1769 1774
6 1773 1768 1504 1771 1772 1774
3 1770 1340 1345
3 1771 1501 1504
3 1773 1767 1768
3 1774 1769 1772
6 1775 1776 1777 1527 1528 1778
6 1779 1780 1777 1527 1781 1782
6 1783 1775 1776 1780 1779 1784
6 1783 1778 1528 1781 1782 1784
3 1780 1777 1776
3 1781 1527 1528
3 1783 1775 1778
3 1784 1779 1782
6 1785 1786 1787 1539 1540 1788
6 1789 1790 1787 1539 1791 1792
6 1793 1785 1786 1790 1789 1794
6 1793 1788 1540 1791 1792 1794
3 1790 1787 1786
3 1791 1539 1540
3 1793 1785 1788
3 1794 1789 1792
6 1795 1796 1797 1551 1552 1798
6 1799 1800 1797 1551 1801 1802
6 1803 1795 1796 1800 1799 1804
6 1803 1798 1552 1801 1802 1804
3 1800 1797 1796
3 1801 1551 1552
3 1803 1795 1798
3 1804 1799 1802
6 1805 1806 1807 1808 1809 1810
6 1811 1812 1807 1808 1813 1814
6 1815 1805 1806 1812 1811 1816
6 1815 1810 1809 1813 1814 1816
3 1812 1807 1806
3 1813 1808 1809
3 1815 1805 1810
3 1816 1811 1814
6 1817 1818 1819 1820 1821 1822
6 1823 1824 1819 1820 1825 1826
6 1827 1817 1818 1824 1823 1828
6 1827 1822 1821 1825 1826 1828
3 1824 1819 1818
3 1825 1820 1821
3 1827 1817 1822
3 1828 1823 1826
6 1829 1830 1831 1693 1692 1832
6 1833 1834 1831 1693 1835 1836
6 1837 1829 1830 1834 1833 1838
6 1837 1832 1692 1835 1836 1838
3 1834 1831 1830
3 1835 1693 1692
3 1837 1829 1832
3 1838 1833 1836
6 1839 1840 1841 1705 1704 1842
6 1843 1844 1841 1705 1845 1846
6 1847 1839 1840 1844 1843 1848
6 1847 1842 1704 1845 1846 1848
3 1844 1841 1840
3 1845 1705 1704
3 1847 1839 1842
3 1848 1843 1846
6 1849 1850 1851 1717 1716 1852
6 1853 1854 1851 1717 1855 1856
6 1857 1849 1850 1854 1853 1858
6 1857 1852 1716 1855 1856 1858
3 1854 1851 1850
3 1855 1717 1716
3 1857 1849 1852
3 1858 1853 1856
6 1859 1860 1861 1862 1863 1864
6 1865 1866 1861 1862 1867 1868
6 1869 1859 1860 1866 1865 1870
6 1869 1864 1863 1867 1868 1870
3 1866 1861 1860
3 1867 1862 1863
3 1869 1859 1864
3 1870 1865 1868
6 1871 1872 1873 1874 1875 1876
6 1877 1878 1873 1872 1879 1880
6 1881 1875 1874 1878 1877 1882
6 1880 1879 1871 1876 1881 1882
3 1878 1873 1874
3 1879 1872 1871
3 1881 1875 1876
3 1882 1877 1880
6 1883 1884 1885 1886 1887 1888
6 1889 1890 1885 1884 1891 1892
6 1893 1887 1886 1890 1889 1894
6 1892 1891 1883 1888 1893 1894
3 1890 1885 1886
3 1891 1884 1883
3 1893 1887 1888
3 1894 1889 1892
6 1895 1896 1897 1898 1899 1900
6 1901 1902 1897 1896 1903 1904
6 1905 1899 1898 1902 1901 1906
6 1904 1903 1895 1900 1905 1906
3 1902 1897 1898
3 1903 1896 1895
3 1905 1899 1900
3 1906 1901 1904
6 1907 1908 1086 1089 1909 1910
6 1911 1091 1086 1908 1912 1913
6 1914 1909 1089 1091 1911 1915
6 1913 1912 1907 1910 1914 1915
3 1091 1086 1089
3 1912 1908 1907
3 1914 1909 1910
3 1915 1911 1913
6 1749 1450 1445 1596 1599 1752
6 1916 1917 1445 1596 1918 1919
6 1916 1917 1450 1749 1920 1921
6 1919 1918 1599 1752 1920 1921
3 1917 1445 1450
3 1918 1596 1599
3 1920 1749 1752
3 1921 1916 1919
6 1759 1462 1457 1606 1609 1760
6 1922 1923 1457 1606 1924 1925
6 1922 1923 1462 1759 1926 1927
6 1925 1924 1609 1760 1926 1927
3 1923 1457 1462
3 1924 1606 1609
3 1926 1759 1760
3 1927 1922 1925
6 1767 1474 1469 1616 1619 1768
6 1928 1929 1469 1616 1930 1931
6 1928 1929 1474 1767 1932 1933
6 1931 1930 1619 1768 1932 1933
3 1929 1469 1474
3 1930 1616 1619
3 1932 1767 1768
3 1933 1928 1931
6 1934 1935 1936 1650 1653 1937
6 1938 1939 1936 1650 1940 1941
6 1942 1934 1935 1939 1938 1943
6 1942 1937 1653 1940 1941 1943
3 1939 1936 1935
3 1940 1650 1653
3 1942 1934 1937
3 1943 1938 1941
6 1944 1945 1946 1660 1663 1947
6 1948 1949 1946 1660 1950 1951
6 1952 1944 1945 1949 1948 1953
6 1952 1947 1663 1950 1951 1953
3 1949 1946 1945
3 1950 1660 1663
3 1952 1944 1947
3 1953 1948 1951
6 1954 1516 1511 1670 1673 1955
6 1956 1957 1511 1670 1958 1959
6 1960 1954 1516 1957 1956 1961
6 1960 1955 1673 1958 1959 1961
3 1957 1511 1516
3 1958 1670 1673
3 1960 1954 1955
3 1961 1956 1959
6 1962 1963 1964 1696 1697 1965
6 1966 1967 1964 1696 1968 1969
6 1970 1962 1963 1967 1966 1971
6 1970 1965 1697 1968 1969 1971
3 1967 1964 1963
3 1968 1696 1697
3 1970 1962 1965
3 1971 1966 1969
6 1972 1973 1974 1708 1709 1975
6 1976 1977 1974 1708 1978 1979
6 1980 1972 1973 1977 1976 1981
6 1980 1975 1709 1978 1979 1981
3 1977 1974 1973
3 1978 1708 1709
3 1980 1972 1975
3 1981 1976 1979
6 1982 1983 1984 1720 1721 1985
6 1986 1987 1984 1720 1988 1989
6 1990 1982 1983 1987 1986 1991
6 1990 1985 1721 1988 1989 1991
3 1987 1984 1983
3 1988 1720 1721
3 1990 1982 1985
3 1991 1986 1989
6 1992 1993 1994 1995 1996 1997
6 1998 1999 1994 1995 2000 2001
6 2002 1992 1993 1999 1998 2003
6 2002 1997 1996 2000 2001 2003
3 1999 1994 1993
3 2000 1995 1996
3 2002 1992 1997
3 2003 1998 2001
6 2004 2005 2006 2007 2008 2009
6 2010 2011 2006 2007 2012 2013
6 2014 2004 2005 2011 2010 2015
6 2014 2009 2008 2012 2013 2015
3 2011 2006 2005
3 2012 2007 2008
3 2014 2004 2009
3 2015 2010 2013
6 2016 2017 2018 1872 1871 2019
6 2020 2021 2018 1872 2022 2023
6 2024 2016 2017 2021 2020 2025
6 2024 2019 1871 2022 2023 2025
3 2021 2018 2017
3 2022 1872 1871
3 2024 2016 2019
3 2025 2020 2023
6 2026 2027 2028 1884 1883 2029
6 2030 2031 2028 1884 2032 2033
6 2034 2026 2027 2031 2030 2035
6 2034 2029 1883 2032 2033 2035
3 2031 2028 2027
3 2032 1884 1883
3 2034 2026 2029
3 2035 2030 2033
6 2036 2037 2038 1896 1895 2039
6 2040 2041 2038 1896 2042 2043
6 2044 2036 2037 2041 2040 2045
6 2044 2039 1895 2042 2043 2045
3 2041 2038 2037
3 2042 1896 1895
3 2044 2036 2039
3 2045 2040 2043
6 2046 2047 2048 2049 2050 2051
6 2052 2053 2048 2049 2054 2055
6 2056 2046 2047 2053 2052 2057
6 2056 2051 2050 2054 2055 2057
3 2053 2048 2047
3 2054 2049 2050
3 2056 2046 2051
3 2057 2052 2055
6 2058 2059 2060 2061 2062 2063
6 2064 2065 2060 2059 2066 2067
6 2068 2062 2061 2065 2064 2069
6 2067 2066 2058 2063 2068 2069
3 2065 2060 2061
3 2066 2059 2058
3 2068 2062 2063
3 2069 2064 2067
6 2070 2071 2072 2073 2074 2075
6 2076 2077 2072 2071 2078 2079
6 2080 2074 2073 2077 2076 2081
6 2079 2078 2070 2075 2080 2081
3 2077 2072 2073
3 2078 2071 2070
3 2080 2074 2075
3 2081 2076 2079
6 2082 2083 2084 2085 2086 2087
6 2088 2089 2084 2083 2090 2091
6 2092 2086 2085 2089 2088 2093
6 2091 2090 2082 2087 2092 2093
3 2089 2084 2085
3 2090 2083 2082
3 2092 2086 2087
3 2093 2088 2091
6 2094 2095 1242 1245 2096 2097
6 2098 1247 1242 2095 2099 2100
6 2101 2096 1245 1247 2098 2102
6 2100 2099 2094 2097 2101 2102
3 1247 1242 1245
3 2099 2095 2094
3 2101 2096 2097
3 2102 2098 2100
6 1934 2103 2104 1775 1778 1937
6 2105 2106 2104 1775 2107 2108
6 2105 2106 2103 1934 2109 2110
6 2108 2107 1778 1937 2109 2110
3 2106 2104 2103
3 2107 1775 1778
3 2109 1934 1937
3 2110 2105 2108
6 1944 1631 1626 1785 1788 1947
6 2111 2112 1626 1785 2113 2114
6 2111 2112 1631 1944 2115 2116
6 2114 2113 1788 1947 2115 2116
3 2112 1626 1631
3 2113 1785 1788
3 2115 1944 1947
3 2116 2111 2114
6 1954 1643 1638 1795 1798 1955
6 2117 2118 1638 1795 2119 2120
6 2117 2118 1643 1954 2121 2122
6 2120 2119 1798 1955 2121 2122
3 2118 1638 1643
3 2119 1795 1798
3 2121 1954 1955
3 2122 2117 2120
6 2123 2124 2125 1829 1832 2126
6 2127 2128 2125 1829 2129 2130
6 2131 2123 2124 2128 2127 2132
6 2131 2126 1832 2129 2130 2132
3 2128 2125 2124
3 2129 1829 1832
3 2131 2123 2126
3 2132 2127 2130
6 2133 2134 2135 1839 1842 2136
6 2137 2138 2135 1839 2139 2140
6 2141 2133 2134 2138 2137 2142
6 2141 2136 1842 2139 2140 2142
3 2138 2135 2134
3 2139 1839 1842
3 2141 2133 2136
3 2142 2137 2140
6 2143 1685 1680 1849 1852 2144
6 2145 2146 1680 1849 2147 2148
6 2149 2143 1685 2146 2145 2150
6 2149 2144 1852 2147 2148 2150
3 2146 1680 1685
3 2147 1849 1852
3 2149 2143 2144
3 2150 2145 2148
6 2151 2152 2153 1875 1876 2154
6 2155 2156 2153 1875 2157 2158
6 2159 2151 2152 2156 2155 2160
6 2159 2154 1876 2157 2158 2160
3 2156 2153 2152
3 2157 1875 1876
3 2159 2151 2154
3 2160 2155 2158
6 2161 2162 2163 1887 1888 2164
6 2165 2166 2163 1887 2167 2168
6 2169 2161 2162 2166 2165 2170
6 2169 2164 1888 2167 2168 2170
3 2166 2163 2162
3 2167 1887 1888
3 2169 2161 2164
3 2170 2165 2168
6 2171 2172 2173 1899 1900 2174
6 2175 2176 2173 1899 2177 2178
6 2179 2171 2172 2176 2175 2180
6 2179 2174 1900 2177 2178 2180
3 2176 2173 2172
3 2177 1899 1900
3 2179 2171 2174
3 2180 2175 2178
6 2181 2182 2183 2184 2185 2186
6 2187 2188 2183 2184 2189 2190
6 2191 2181 2182 2188 2187 2192
6 2191 2186 2185 2189 2190 2192
3 2188 2183 2182
3 2189 2184 2185
3 2191 2181 2186
3 2192 2187 2190
6 2193 2194 2195 2196 2197 2198
6 2199 2200 2195 2196 2201 2202
6 2203 2193 2194 2200 2199 2204
6 2203 2198 2197 2201 2202 2204
3 2200 2195 2194
3 2201 2196 2197
3 2203 2193 2198
3 2204 2199 2202
6 2205 2206 2207 2059 2058 2208
6 2209 2210 2207 2059 2211 2212
6 2213 2205 2206 2210 2209 2214
6 2213 2208 2058 2211 2212 2214
3 2210 2207 2206
3 2211 2059 2058
3 2213 2205 2208
3 2214 2209 2212
6 2215 2216 2217 2071 2070 2218
6 2219 2220 2217 2071 2221 2222
6 2223 2215 2216 2220 2219 2224
6 2223 2218 2070 2221 2222 2224
3 2220 2217 2216
3 2221 2071 2070
3 2223 2215 2218
3 2224 2219 2222
6 2225 2226 2227 2083 2082 2228
6 2229 2230 2227 2083 2231 2232
6 2233 2225 2226 2230 2229 2234
6 2233 2228 2082 2231 2232 2234
3 2230 2227 2226
3 2231 2083 2082
3 2233 2225 2228
3 2234 2229 2232
6 2235 2236 2237 2238 2239 2240
6 2241 2242 2237 2238 2243 2244
6 2245 2235 2236 2242 2241 2246
6 2245 2240 2239 2243 2244 2246
3 2242 2237 2236
3 2243 2238 2239
3 2245 2235 2240
3 2246 2241 2244
6 2247 2248 2249 2250 2251 2252
6 2253 2254 2249 2248 2255 2256
6 2257 2251 2250 2254 2253 2258
6 2256 2255 2247 2252 2257 2258
3 2254 2249 2250
3 2255 2248 2247
3 2257 2251 2252
3 2258 2253 2256
6 2259 2260 2261 2262 2263 2264
6 2265 2266 2261 2260 2267 2268
6 2269 2263 2262 2266 2265 2270
6 2268 2267 2259 2264 2269 2270
3 2266 2261 2262
3 2267 2260 2259
3 2269 2263 2264
3 2270 2265 2268
6 2271 2272 2273 2274 2275 2276
6 2277 2278 2273 2272 2279 2280
6 2281 2275 2274 2278 2277 2282
6 2280 2279 2271 2276 2281 2282
3 2278 2273 2274
3 2279 2272 2271
3 2281 2275 2276
3 2282 2277 2280
6 2283 2284 1403 1406 2285 2286
6 2287 1408 1403 2284 2288 2289
6 2290 2285 1406 1408 2287 2291
6 2289 2288 2283 2286 2290 2291
3 1408 1403 1406
3 2288 2284 2283
3 2290 2285 2286
3 2291 2287 2289
6 2123 2292 2293 1962 1965 2126
6 2294 2295 2293 1962 2296 2297
6 2294 2295 2292 2123 2298 2299
6 2297 2296 1965 2126 2298 2299
3 2295 2293 2292
3 2296 1962 1965
3 2298 2123 2126
3 2299 2294 2297
6 2133 1810 1805 1972 1975 2136
6 2300 2301 1805 1972 2302 2303
6 2300 2301 1810 2133 2304 2305
6 2303 2302 1975 2136 2304 2305
3 2301 1805 1810
3 2302 1972 1975
3 2304 2133 2136
3 2305 2300 2303
6 2143 1822 1817 1982 1985 2144
6 2306 2307 1817 1982 2308 2309
6 2306 2307 1822 2143 2310 2311
6 2309 2308 1985 2144 2310 2311
3 2307 1817 1822
3 2308 1982 1985
3 2310 2143 2144
3 2311 2306 2309
6 2312 2313 2314 2016 2019 2315
6 2316 2317 2314 2016 2318 2319
6 2320 2312 2313 2317 2316 2321
6 2320 2315 2019 2318 2319 2321
3 2317 2314 2313
3 2318 2016 2019
3 2320 2312 2315
3 2321 2316 2319
6 2322 2323 2324 2026 2029 2325
6 2326 2327 2324 2026 2328 2329
6 2330 2322 2323 2327 2326 2331
6 2330 2325 2029 2328 2329 2331
3 2327 2324 2323
3 2328 2026 2029
3 2330 2322 2325
3 2331 2326 2329
6 2332 1864 1859 2036 2039 2333
6 2334 2335 1859 2036 2336 2337
6 2338 2332 1864 2335 2334 2339
6 2338 2333 2039 2336 2337 2339
3 2335 1859 1864
3 2336 2036 2039
3 2338 2332 2333
3 2339 2334 2337
6 2340 2341 2342 2062 2063 2343
6 2344 2345 2342 2062 2346 2347
6 2348 2340 2341 2345 2344 2349
6 2348 2343 2063 2346 2347 2349
3 2345 2342 2341
3 2346 2062 2063
3 2348 2340 2343
3 2349 2344 2347
6 2350 2351 2352 2074 2075 2353
6 2354 2355 2352 2074 2356 2357
6 2358 2350 2351 2355 2354 2359
6 2358 2353 2075 2356 2357 2359
3 2355 2352 2351
3 2356 2074 2075
3 2358 2350 2353
3 2359 2354 2357
6 2360 2361 2362 2086 2087 2363
6 2364 2365 2362 2086 2366 2367
6 2368 2360 2361 2365 2364 2369
6 2368 2363 2087 2366 2367 2369
3 2365 2362 2361
3 2366 2086 2087
3 2368 2360 2363
3 2369 2364 2367
6 2370 2371 2372 2373 2374 2375
6 2376 2377 2372 2373 2378 2379
6 2380 2370 2371 2377 2376 2381
6 2380 2375 2374 2378 2379 2381
3 2377 2372 2371
3 2378 2373 2374
3 2380 2370 2375
3 2381 2376 2379
6 2382 2383 2384 2385 2386 2387
6 2388 2389 2384 2385 2390 2391
6 2392 2382 2383 2389 2388 2393
6 2392 2387 2386 2390 2391 2393
3 2389 2384 2383
3 2390 2385 2386
3 2392 2382 2387
3 2393 2388 2391
6 2394 2395 2396 2248 2247 2397
6 2398 2399 2396 2248 2400 2401
6 2402 2394 2395 2399 2398 2403
6 2402 2397 2247 2400 2401 2403
3 2399 2396 2395
3 2400 2248 2247
3 2402 2394 2397
3 2403 2398 2401
6 2404 2405 2406 2260 2259 2407
6 2408 2409 2406 2260 2410 2411
6 2412 2404 2405 2409 2408 2413
6 2412 2407 2259 2410 2411 2413
3 2409 2406 2405
3 2410 2260 2259
3 2412 2404 2407
3 2413 2408 2411
6 2414 2415 2416 2272 2271 2417
6 2418 2419 2416 2272 2420 2421
6 2422 2414 2415 2419 2418 2423
6 2422 2417 2271 2420 2421 2423
3 2419 2416 2415
3 2420 2272 2271
3 2422 2414 2417
3 2423 2418 2421
6 2424 2425 2426 2427 2428 2429
6 2430 2431 2426 2427 2432 2433
6 2434 2424 2425 2431 2430 2435
6 2434 2429 2428 2432 2433 2435
3 2431 2426 2425
3 2432 2427 2428
3 2434 2424 2429
3 2435 2430 2433
6 2436 2437 2438 2439 2440 2441
6 2442 2443 2438 2437 2444 2445
6 2446 2440 2439 2443 2442 2447
6 2445 2444 2436 2441 2446 2447
3 2443 2438 2439
3 2444 2437 2436
3 2446 2440 2441
3 2447 2442 2445
6 2448 2449 2450 2451 2452 2453
6 2454 2455 2450 2449 2456 2457
6 2458 2452 2451 2455 2454 2459
6 2457 2456 2448 2453 2458 2459
3 2455 2450 2451
3 2456 2449 2448
3 2458 2452 2453
3 2459 2454 2457
6 2460 2461 2462 2463 2464 2465
6 2466 2467 2462 2461 2468 2469
6 2470 2464 2463 2467 2466 2471
6 2469 2468 2460 2465 2470 2471
3 2467 2462 2463
3 2468 2461 2460
3 2470 2464 2465
3 2471 2466 2469
6 2472 2473 2474 2475 2476 2477
6 2478 2479 2474 2473 2480 2481
6 2482 2476 2475 2479 2478 2483
6 2481 2480 2472 2477 2482 2483
3 2479 2474 2475
3 2480 2473 2472
3 2482 2476 2477
3 2483 2478 2481
6 2312 2484 2485 2151 2154 2315
6 2486 2487 2485 2151 2488 2489
6 2486 2487 2484 2312 2490 2491
6 2489 2488 2154 2315 2490 2491
3 2487 2485 2484
3 2488 2151 2154
3 2490 2312 2315
3 2491 2486 2489
6 2322 1997 1992 2161 2164 2325
6 2492 2493 1992 2161 2494 2495
6 2492 2493 1997 2322 2496 2497
6 2495 2494 2164 2325 2496 2497
3 2493 1992 1997
3 2494 2161 2164
3 2496 2322 2325
3 2497 2492 2495
6 2332 2009 2004 2171 2174 2333
6 2498 2499 2004 2171 2500 2501
6 2498 2499 2009 2332 2502 2503
6 2501 2500 2174 2333 2502 2503
3 2499 2004 2009
3 2500 2171 2174
3 2502 2332 2333
3 2503 2498 2501
6 2504 2505 2506 2205 2208 2507
6 2508 2509 2506 2205 2510 2511
6 2512 2504 2505 2509 2508 2513
6 2512 2507 2208 2510 2511 2513
3 2509 2506 2505
3 2510 2205 2208
3 2512 2504 2507
3 2513 2508 2511
6 2514 2515 2516 2215 2218 2517
6 2518 2519 2516 2215 2520 2521
6 2522 2514 2515 2519 2518 2523
6 2522 2517 2218 2520 2521 2523
3 2519 2516 2515
3 2520 2215 2218
3 2522 2514 2517
3 2523 2518 2521
6 2524 2051 2046 2225 2228 2525
6 2526 2527 2046 2225 2528 2529
6 2530 2524 2051 2527 2526 2531
6 2530 2525 2228 2528 2529 2531
3 2527 2046 2051
3 2528 2225 2228
3 2530 2524 2525
3 2531 2526 2529
6 2532 2533 2534 2251 2252 2535
6 2536 2537 2534 2251 2538 2539
6 2540 2532 2533 2537 2536 2541
6 2540 2535 2252 2538 2539 2541
3 2537 2534 2533
3 2538 2251 2252
3 2540 2532 2535
3 2541 2536 2539
6 2542 2543 2544 2263 2264 2545
6 2546 2547 2544 2263 2548 2549
6 2550 2542 2543 2547 2546 2551
6 2550 2545 2264 2548 2549 2551
3 2547 2544 2543
3 2548 2263 2264
3 2550 2542 2545
3 2551 2546 2549
6 2552 2553 2554 2275 2276 2555
6 2556 2557 2554 2275 2558 2559
6 2560 2552 2553 2557 2556 2561
6 2560 2555 2276 2558 2559 2561
3 2557 2554 2553
3 2558 2275 2276
3 2560 2552 2555
3 2561 2556 2559
6 2562 2563 2564 2565 2566 2567
6 2568 2569 2564 2565 2570 2571
6 2572 2562 2563 2569 2568 2573
6 2572 2567 2566 2570 2571 2573
3 2569 2564 2563
3 2570 2565 2566
3 2572 2562 2567
3 2573 2568 2571
6 2574 2575 2576 2577 2578 2579
6 2580 2581 2576 2577 2582 2583
6 2584 2574 2575 2581 2580 2585
6 2584 2579 2578 2582 2583 2585
3 2581 2576 2575
3 2582 2577 2578
3 2584 2574 2579
3 2585 2580 2583
6 2586 2587 2588 2589 2590 2591
6 2592 2593 2588 2589 2594 2595
6 2596 2586 2587 2593 2592 2597
6 2596 2591 2590 2594 2595 2597
3 2593 2588 2587
3 2594 2589 2590
3 2596 2586 2591
3 2597 2592 2595
6 2598 2599 2600 2437 2436 2601
6 2602 2603 2600 2437 2604 2605
6 2606 2598 2599 2603 2602 2607
6 2606 2601 2436 2604 2605 2607
3 2603 2600 2599
3 2604 2437 2436
3 2606 2598 2601
3 2607 2602 2605
6 2608 2609 2610 2449 2448 2611
6 2612 2613 2610 2449 2614 2615
6 2616 2608 2609 2613 2612 2617
6 2616 2611 2448 2614 2615 2617
3 2613 2610 2609
3 2614 2449 2448
3 2616 2608 2611
3 2617 2612 2615
6 2618 2619 2620 2461 2460 2621
6 2622 2623 2620 2461 2624 2625
6 2626 2618 2619 2623 2622 2627
6 2626 2621 2460 2624 2625 2627
3 2623 2620 2619
3 2624 2461 2460
3 2626 2618 2621
3 2627 2622 2625
6 2628 2629 2630 2473 2472 2631
6 2632 2633 2630 2473 2634 2635
6 2636 2628 2629 2633 2632 2637
6 2636 2631 2472 2634 2635 2637
3 2633 2630 2629
3 2634 2473 2472
3 2636 2628 2631
3 2637 2632 2635
6 2638 2639 2640 2641 2642 2643
6 2644 2645 2640 2639 2646 2647
6 2648 2642 2641 2645 2644 2649
6 2647 2646 2638 2643 2648 2649
3 2645 2640 2641
3 2646 2639 2638
3 2648 2642 2643
3 2649 2644 2647
6 2650 2651 2652 2653 2654 2655
6 2656 2657 2652 2651 2658 2659
6 2660 2654 2653 2657 2656 2661
6 2659 2658 2650 2655 2660 2661
3 2657 2652 2653
3 2658 2651 2650
3 2660 2654 2655
3 2661 2656 2659
6 2662 2663 2664 2665 2666 2667
6 2668 2669 2664 2663 2670 2671
6 2672 2666 2665 2669 2668 2673
6 2671 2670 2662 2667 2672 2673
3 2669 2664 2665
3 2670 2663 2662
3 2672 2666 2667
3 2673 2668 2671
6 2674 2675 2676 2677 2678 2679
6 2680 2681 2676 2675 2682 2683
6 2684 2678 2677 2681 2680 2685
6 2683 2682 2674 2679 2684 2685
3 2681 2676 2677
3 2682 2675 2674
3 2684 2678 2679
3 2685 2680 2683
6 2504 2686 2687 2340 2343 2507
6 2688 2689 2687 2340 2690 2691
6 2688 2689 2686 2504 2692 2693
6 2691 2690 2343 2507 2692 2693
3 2689 2687 2686
3 2690 2340 2343
3 2692 2504 2507
3 2693 2688 2691
6 2514 2186 2181 2350 2353 2517
6 2694 2695 2181 2350 2696 2697
6 2694 2695 2186 2514 2698 2699
6 2697 2696 2353 2517 2698 2699
3 2695 2181 2186
3 2696 2350 2353
3 2698 2514 2517
3 2699 2694 2697
6 2524 2198 2193 2360 2363 2525
6 2700 2701 2193 2360 2702 2703
6 2700 2701 2198 2524 2704 2705
6 2703 2702 2363 2525 2704 2705
3 2701 2193 2198
3 2702 2360 2363
3 2704 2524 2525
3 2705 2700 2703
6 2706 2707 2708 2394 2397 2709
6 2710 2711 2708 2394 2712 2713
6 2714 2706 2707 2711 2710 2715
6 2714 2709 2397 2712 2713 2715
3 2711 2708 2707
3 2712 2394 2397
3 2714 2706 2709
3 2715 2710 2713
6 2716 2717 2718 2404 2407 2719
6 2720 2721 2718 2404 2722 2723
6 2724 2716 2717 2721 2720 2725
6 2724 2719 2407 2722 2723 2725
3 2721 2718 2717
3 2722 2404 2407
3 2724 2716 2719
3 2725 2720 2723
6 2726 2240 2235 2414 2417 2727
6 2728 2729 2235 2414 2730 2731
6 2732 2726 2240 2729 2728 2733
6 2732 2727 2417 2730 2731 2733
3 2729 2235 2240
3 2730 2414 2417
3 2732 2726 2727
3 2733 2728 2731
6 2734 2735 2736 2440 2441 2737
6 2738 2739 2736 2440 2740 2741
6 2742 2734 2735 2739 2738 2743
6 2742 2737 2441 2740 2741 2743
3 2739 2736 2735
3 2740 2440 2441
3 2742 2734 2737
3 2743 2738 2741
6 2744 2745 2746 2452 2453 2747
6 2748 2749 2746 2452 2750 2751
6 2752 2744 2745 2749 2748 2753
6 2752 2747 2453 2750 2751 2753
3 2749 2746 2745
3 2750 2452 2453
3 2752 2744 2747
3 2753 2748 2751
6 2754 2755 2756 2464 2465 2757
6 2758 2759 2756 2464 2760 2761
6 2762 2754 2755 2759 2758 2763
6 2762 2757 2465 2760 2761 2763
3 2759 2756 2755
3 2760 2464 2465
3 2762 2754 2757
3 2763 2758 2761
6 2764 2765 2766 2476 2477 2767
6 2768 2769 2766 2476 2770 2771
6 2772 2764 2765 2769 2768 2773
6 2772 2767 2477 2770 2771 2773
3 2769 2766 2765
3 2770 2476 2477
3 2772 2764 2767
3 2773 2768 2771
6 2774 2775 2776 2777 2778 2779
6 2780 2781 2776 2777 2782 2783
6 2784 2774 2775 2781 2780 2785
6 2784 2779 2778 2782 2783 2785
3 2781 2776 2775
3 2782 2777 2778
3 2784 2774 2779
3 2785 2780 2783
6 2786 2787 2788 2789 2790 2791
6 2792 2793 2788 2789 2794 2795
6 2796 2786 2787 2793 2792 2797
6 2796 2791 2790 2794 2795 2797
3 2793 2788 2787
3 2794 2789 2790
3 2796 2786 2791
3 2797 2792 2795
6 2798 2799 2800 2639 2638 2801
6 2802 2803 2800 2639 2804 2805
6 2806 2798 2799 2803 2802 2807
6 2806 2801 2638 2804 2805 2807
3 2803 2800 2799
3 2804 2639 2638
3 2806 2798 2801
3 2807 2802 2805
6 2808 2809 2810 2651 2650 2811
6 2812 2813 2810 2651 2814 2815
6 2816 2808 2809 2813 2812 2817
6 2816 2811 2650 2814 2815 2817
3 2813 2810 2809
3 2814 2651 2650
3 2816 2808 2811
3 2817 2812 2815
6 2818 2819 2820 2663 2662 2821
6 2822 2823 2820 2663 2824 2825
6 2826 2818 2819 2823 2822 2827
6 2826 2821 2662 2824 2825 2827
3 2823 2820 2819
3 2824 2663 2662
3 2826 2818 2821
3 2827 2822 2825
6 2828 2829 2830 2675 2674 2831
6 2832 2833 2830 2675 2834 2835
6 2836 2828 2829 2833 2832 2837
6 2836 2831 2674 2834 2835 2837
3 2833 2830 2829
3 2834 2675 2674
3 2836 2828 2831
3 2837 2832 2835
6 2838 2839 2840 2841 2842 2843
6 2844 2845 2840 2839 2846 2847
6 2848 2842 2841 2845 2844 2849
6 2847 2846 2838 2843 2848 2849
3 2845 2840 2841
3 2846 2839 2838
3 2848 2842 2843
3 2849 2844 2847
6 2850 2851 2852 2853 2854 2855
6 2856 2857 2852 2851 2858 2859
6 2860 2854 2853 2857 2856 2861
6 2859 2858 2850 2855 2860 2861
3 2857 2852 2853
3 2858 2851 2850
3 2860 2854 2855
3 2861 2856 2859
6 2862 2863 2864 2865 2866 2867
6 2868 2869 2864 2863 2870 2871
6 2872 2866 2865 2869 2868 2873
6 2871 2870 2862 2867 2872 2873
3 2869 2864 2865
3 2870 2863 2862
3 2872 2866 2867
3 2873 2868 2871
6 2874 2875 2876 2877 2878 2879
6 2880 2881 2876 2875 2882 2883
6 2884 2878 2877 2881 2880 2885
6 2883 2882 2874 2879 2884 2885
3 2881 2876 2877
3 2882 2875 2874
3 2884 2878 2879
3 2885 2880 2883
6 2706 2886 2887 2532 2535 2709
6 2888 2889 2887 2532 2890 2891
6 2888 2889 2886 2706 2892 2893
6 2891 2890 2535 2709 2892 2893
3 2889 2887 2886
3 2890 2532 2535
3 2892 2706 2709
3 2893 2888 2891
6 2716 2375 2370 2542 2545 2719
6 2894 2895 2370 2542 2896 2897
6 2894 2895 2375 2716 2898 2899
6 2897 2896 2545 2719 2898 2899
3 2895 2370 2375
3 2896 2542 2545
3 2898 2716 2719
3 2899 2894 2897
6 2726 2387 2382 2552 2555 2727
6 2900 2901 2382 2552 2902 2903
6 2900 2901 2387 2726 2904 2905
6 2903 2902 2555 2727 2904 2905
3 2901 2382 2387
3 2902 2552 2555
3 2904 2726 2727
3 2905 2900 2903
6 2906 2907 2908 2598 2601 2909
6 2910 2911 2908 2598 2912 2913
6 2914 2906 2907 2911 2910 2915
6 2914 2909 2601 2912 2913 2915
3 2911 2908 2907
3 2912 2598 2601
3 2914 2906 2909
3 2915 2910 2913
6 2916 2917 2918 2608 2611 2919
6 2920 2921 2918 2608 2922 2923
6 2924 2916 2917 2921 2920 2925
6 2924 2919 2611 2922 2923 2925
3 2921 2918 2917
3 2922 2608 2611
3 2924 2916 2919
3 2925 2920 2923
6 2926 2927 2928 2618 2621 2929
6 2930 2931 2928 2618 2932 2933
6 2934 2926 2927 2931 2930 2935
6 2934 2929 2621 2932 2933 2935
3 2931 2928 2927
3 2932 2618 2621
3 2934 2926 2929
3 2935 2930 2933
6 2936 2429 2424 2628 2631 2937
6 2938 2939 2424 2628 2940 2941
6 2942 2936 2429 2939 2938 2943
6 2942 2937 2631 2940 2941 2943
3 2939 2424 2429
3 2940 2628 2631
3 2942 2936 2937
3 2943 2938 2941
6 2944 2945 2946 2642 2643 2947
6 2948 2949 2946 2642 2950 2951
6 2952 2944 2945 2949 2948 2953
6 2952 2947 2643 2950 2951 2953
3 2949 2946 2945
3 2950 2642 2643
3 2952 2944 2947
3 2953 2948 2951
6 2954 2955 2956 2654 2655 2957
6 2958 2959 2956 2654 2960 2961
6 2962 2954 2955 2959 2958 2963
6 2962 2957 2655 2960 2961 2963
3 2959 2956 2955
3 2960 2654 2655
3 2962 2954 2957
3 2963 2958 2961
6 2964 2965 2966 2666 2667 2967
6 2968 2969 2966 2666 2970 2971
6 2972 2964 2965 2969 2968 2973
6 2972 2967 2667 2970 2971 2973
3 2969 2966 2965
3 2970 2666 2667
3 2972 2964 2967
3 2973 2968 2971
6 2974 2975 2976 2678 2679 2977
6 2978 2979 2976 2678 2980 2981
6 2982 2974 2975 2979 2978 2983
6 2982 2977 2679 2980 2981 2983
3 2979 2976 2975
3 2980 2678 2679
3 2982 2974 2977
3 2983 2978 2981
6 2984 2985 2986 2987 2988 2989
6 2990 2991 2986 2987 2992 2993
6 2994 2984 2985 2991 2990 2995
6 2994 2989 2988 2992 2993 2995
3 2991 2986 2985
3 2992 2987 2988
3 2994 2984 2989
3 2995 2990 2993
6 2996 2997 2998 2999 3000 3001
6 3002 3003 2998 2999 3004 3005
6 3006 2996 2997 3003 3002 3007
6 3006 3001 3000 3004 3005 3007
3 3003 2998 2997
3 3004 2999 3000
3 3006 2996 3001
3 3007 3002 3005
6 3008 3009 3010 2839 2838 3011
6 3012 3013 3010 2839 3014 3015
6 3016 3008 3009 3013 3012 3017
6 3016 3011 2838 3014 3015 3017
3 3013 3010 3009
3 3014 2839 2838
3 3016 3008 3011
3 3017 3012 3015
6 3018 3019 3020 2851 2850 3021
6 3022 3023 3020 2851 3024 3025
6 3026 3018 3019 3023 3022 3027
6 3026 3021 2850 3024 3025 3027
3 3023 3020 3019
3 3024 2851 2850
3 3026 3018 3021
3 3027 3022 3025
6 3028 3029 3030 2863 2862 3031
6 3032 3033 3030 2863 3034 3035
6 3036 3028 3029 3033 3032 3037
6 3036 3031 2862 3034 3035 3037
3 3033 3030 3029
3 3034 2863 2862
3 3036 3028 3031
3 3037 3032 3035
6 3038 3039 3040 2875 2874 3041
6 3042 3043 3040 2875 3044 3045
6 3046 3038 3039 3043 3042 3047
6 3046 3041 2874 3044 3045 3047
3 3043 3040 3039
3 3044 2875 2874
3 3046 3038 3041
3 3047 3042 3045
6 3048 3049 3050 3051 3052 3053
6 3054 3055 3050 3049 3056 3057
6 3058 3052 3051 3055 3054 3059
6 3057 3056 3048 3053 3058 3059
3 3055 3050 3051
3 3056 3049 3048
3 3058 3052 3053
3 3059 3054 3057
6 3060 3061 3062 3063 3064 3065
6 3066 3067 3062 3061 3068 3069
6 3070 3064 3063 3067 3066 3071
6 3069 3068 3060 3065 3070 3071
3 3067 3062 3063
3 3068 3061 3060
3 3070 3064 3065
3 3071 3066 3069
6 3072 3073 3074 3075 3076 3077
6 3078 3079 3074 3073 3080 3081
6 3082 3076 3075 3079 3078 3083
6 3081 3080 3072 3077 3082 3083
3 3079 3074 3075
3 3080 3073 3072
3 3082 3076 3077
3 3083 3078 3081
6 2906 3084 3085 2734 2737 2909
6 3086 3087 3085 2734 3088 3089
6 3086 3087 3084 2906 3090 3091
6 3089 3088 2737 2909 3090 3091
3 3087 3085 3084
3 3088 2734 2737
3 3090 2906 2909
3 3091 3086 3089
6 2916 2567 2562 2744 2747 2919
6 3092 3093 2562 2744 3094 3095
6 3092 3093 2567 2916 3096 3097
6 3095 3094 2747 2919 3096 3097
3 3093 2562 2567
3 3094 2744 2747
3 3096 2916 2919
3 3097 3092 3095
6 2926 2579 2574 2754 2757 2929
6 3098 3099 2574 2754 3100 3101
6 3098 3099 2579 2926 3102 3103
6 3101 3100 2757 2929 3102 3103
3 3099 2574 2579
3 3100 2754 2757
3 3102 2926 2929
3 3103 3098 3101
6 2936 2591 2586 2764 2767 2937
6 3104 3105 2586 2764 3106 3107
6 3104 3105 2591 2936 3108 3109
6 3107 3106 2767 2937 3108 3109
3 3105 2586 2591
3 3106 2764 2767
3 3108 2936 2937
3 3109 3104 3107
6 3110 3111 3112 2798 2801 3113
6 3114 3115 3112 2798 3116 3117
6 3118 3110 3111 3115 3114 3119
6 3118 3113 2801 3116 3117 3119
3 3115 3112 3111
3 3116 2798 2801
3 3118 3110 3113
3 3119 3114 3117
6 3120 3121 3122 2808 2811 3123
6 3124 3125 3122 2808 3126 3127
6 3128 3120 3121 3125 3124 3129
6 3128 3123 2811 3126 3127 3129
3 3125 3122 3121
3 3126 2808 2811
3 3128 3120 3123
3 3129 3124 3127
6 3130 3131 3132 2818 2821 3133
6 3134 3135 3132 2818 3136 3137
6 3138 3130 3131 3135 3134 3139
6 3138 3133 2821 3136 3137 3139
3 3135 3132 3131
3 3136 2818 2821
3 3138 3130 3133
3 3139 3134 3137
6 3140 3141 3142 2828 2831 3143
6 3144 3145 3142 2828 3146 3147
6 3148 3140 3141 3145 3144 3149
6 3148 3143 2831 3146 3147 3149
3 3145 3142 3141
3 3146 2828 2831
3 3148 3140 3143
3 3149 3144 3147
6 3150 3151 3152 2842 2843 3153
6 3154 3155 3152 2842 3156 3157
6 3158 3150 3151 3155 3154 3159
6 3158 3153 2843 3156 3157 3159
3 3155 3152 3151
3 3156 2842 2843
3 3158 3150 3153
3 3159 3154 3157
6 3160 3161 3162 2854 2855 3163
6 3164 3165 3162 2854 3166 3167
6 3168 3160 3161 3165 3164 3169
6 3168 3163 2855 3166 3167 3169
3 3165 3162 3161
3 3166 2854 2855
3 3168 3160 3163
3 3169 3164 3167
6 3170 3171 3172 2866 2867 3173
6 3174 3175 3172 2866 3176 3177
6 3178 3170 3171 3175 3174 3179
6 3178 3173 2867 3176 3177 3179
3 3175 3172 3171
3 3176 2866 2867
3 3178 3170 3173
3 3179 3174 3177
6 3180 3181 3182 2878 2879 3183
6 3184 3185 3182 2878 3186 3187
6 3188 3180 3181 3185 3184 3189
6 3188 3183 2879 3186 3187 3189
3 3185 3182 3181
3 3186 2878 2879
3 3188 3180 3183
3 3189 3184 3187
6 3190 3191 3192 3193 3194 3195
6 3196 3197 3192 3193 3198 3199
6 3200 3190 3191 3197 3196 3201
6 3200 3195 3194 3198 3199 3201
3 3197 3192 3191
3 3198 3193 3194
3 3200 3190 3195
3 3201 3196 3199
6 3202 3203 3204 3205 3206 3207
6 3208 3209 3204 3205 3210 3211
6 3212 3202 3203 3209 3208 3213
6 3212 3207 3206 3210 3211 3213
3 3209 3204 3203
3 3210 3205 3206
3 3212 3202 3207
3 3213 3208 3211
6 3214 3215 3216 3049 3048 3217
6 3218 3219 3216 3049 3220 3221
6 3222 3214 3215 3219 3218 3223
6 3222 3217 3048 3220 3221 3223
3 3219 3216 3215
3 3220 3049 3048
3 3222 3214 3217
3 3223 3218 3221
6 3224 3225 3226 3061 3060 3227
6 3228 3229 3226 3061 3230 3231
6 3232 3224 3225 3229 3228 3233
6 3232 3227 3060 3230 3231 3233
3 3229 3226 3225
3 3230 3061 3060
3 3232 3224 3227
3 3233 3228 3231
6 3234 3235 3236 3073 3072 3237
6 3238 3239 3236 3073 3240 3241
6 3242 3234 3235 3239 3238 3243
6 3242 3237 3072 3240 3241 3243
3 3239 3236 3235
3 3240 3073 3072
3 3242 3234 3237
3 3243 3238 3241
6 3244 3245 3246 3247 3248 3249
6 3250 3251 3246 3245 3252 3253
6 3254 3248 3247 3251 3250 3255
6 3253 3252 3244 3249 3254 3255
3 3251 3246 3247
3 3252 3245 3244
3 3254 3248 3249
3 3255 3250 3253
6 3256 3257 3258 3259 3260 3261
6 3262 3263 3258 3257 3264 3265
6 3266 3260 3259 3263 3262 3267
6 3265 3264 3256 3261 3266 3267
3 3263 3258 3259
3 3264 3257 3256
3 3266 3260 3261
3 3267 3262 3265
6 3268 3269 3270 3271 3272 3273
6 3274 3275 3270 3269 3276 3277
6 3278 3272 3271 3275 3274 3279
6 3277 3276 3268 3273 3278 3279
3 3275 3270 3271
3 3276 3269 3268
3 3278 3272 3273
3 3279 3274 3277
6 3110 3280 3281 2944 2947 3113
6 3282 3283 3281 2944 3284 3285
6 3282 3283 3280 3110 3286 3287
6 3285 3284 2947 3113 3286 3287
3 3283 3281 3280
3 3284 2944 2947
3 3286 3110 3113
3 3287 3282 3285
6 3120 3288 3289 2954 2957 3123
6 3290 3291 3289 2954 3292 3293
6 3290 3291 3288 3120 3294 3295
6 3293 3292 2957 3123 3294 3295
3 3291 3289 3288
3 3292 2954 2957
3 3294 3120 3123
3 3295 3290 3293
6 3130 2779 2774 2964 2967 3133
6 3296 3297 2774 2964 3298 3299
6 3296 3297 2779 3130 3300 3301
6 3299 3298 2967 3133 3300 3301
3 3297 2774 2779
3 3298 2964 2967
3 3300 3130 3133
3 3301 3296 3299
6 3140 2791 2786 2974 2977 3143
6 3302 3303 2786 2974 3304 3305
6 3302 3303 2791 3140 3306 3307
6 3305 3304 2977 3143 3306 3307
3 3303 2786 2791
3 3304 2974 2977
3 3306 3140 3143
3 3307 3302 3305
6 3308 3309 3310 3008 3011 3311
6 3312 3313 3310 3008 3314 3315
6 3316 3308 3309 3313 3312 3317
6 3316 3311 3011 3314 3315 3317
3 3313 3310 3309
3 3314 3008 3011
3 3316 3308 3311
3 3317 3312 3315
6 3318 3319 3320 3018 3021 3321
6 3322 3323 3320 3018 3324 3325
6 3326 3318 3319 3323 3322 3327
6 3326 3321 3021 3324 3325 3327
3 3323 3320 3319
3 3324 3018 3021
3 3326 3318 3321
3 3327 3322 3325
6 3328 3329 3330 3028 3031 3331
6 3332 3333 3330 3028 3334 3335
6 3336 3328 3329 3333 3332 3337
6 3336 3331 3031 3334 3335 3337
3 3333 3330 3329
3 3334 3028 3031
3 3336 3328 3331
3 3337 3332 3335
6 3338 3339 3340 3038 3041 3341
6 3342 3343 3340 3038 3344 3345
6 3346 3338 3339 3343 3342 3347
6 3346 3341 3041 3344 3345 3347
3 3343 3340 3339
3 3344 3038 3041
3 3346 3338 3341
3 3347 3342 3345
6 3348 3349 3350 3052 3053 3351
6 3352 3353 3350 3052 3354 3355
6 3356 3348 3349 3353 3352 3357
6 3356 3351 3053 3354 3355 3357
3 3353 3350 3349
3 3354 3052 3053
3 3356 3348 3351
3 3357 3352 3355
6 3358 3359 3360 3064 3065 3361
6 3362 3363 3360 3064 3364 3365
6 3366 3358 3359 3363 3362 3367
6 3366 3361 3065 3364 3365 3367
3 3363 3360 3359
3 3364 3064 3065
3 3366 3358 3361
3 3367 3362 3365
6 3368 3369 3370 3371 3372 3373
6 3374 3375 3370 3371 3376 3377
6 3378 3368 3369 3375 3374 3379
6 3378 3373 3372 3376 3377 3379
3 3375 3370 3369
3 3376 3371 3372
3 3378 3368 3373
3 3379 3374 3377
6 3380 3381 3382 3076 3077 3383
6 3384 3385 3382 3076 3386 3387
6 3388 3380 3381 3385 3384 3389
6 3388 3383 3077 3386 3387 3389
3 3385 3382 3381
3 3386 3076 3077
3 3388 3380 3383
3 3389 3384 3387
6 3390 3391 3392 3393 3394 3395
6 3396 3397 3392 3393 3398 3399
6 3400 3390 3391 3397 3396 3401
6 3400 3395 3394 3398 3399 3401
3 3397 3392 3391
3 3398 3393 3394
3 3400 3390 3395
3 3401 3396 3399
6 3402 3403 3404 3405 3406 3407
6 3408 3409 3404 3405 3410 3411
6 3412 3402 3403 3409 3408 3413
6 3412 3407 3406 3410 3411 3413
3 3409 3404 3403
3 3410 3405 3406
3 3412 3402 3407
3 3413 3408 3411
6 3414 3415 3416 3245 3244 3417
6 3418 3419 3416 3245 3420 3421
6 3422 3414 3415 3419 3418 3423
6 3422 3417 3244 3420 3421 3423
3 3419 3416 3415
3 3420 3245 3244
3 3422 3414 3417
3 3423 3418 3421
6 3424 3425 3426 3257 3256 3427
6 3428 3429 3426 3257 3430 3431
6 3432 3424 3425 3429 3428 3433
6 3432 3427 3256 3430 3431 3433
3 3429 3426 3425
3 3430 3257 3256
3 3432 3424 3427
3 3433 3428 3431
6 3434 3435 3436 3269 3268 3437
6 3438 3439 3436 3269 3440 3441
6 3442 3434 3435 3439 3438 3443
6 3442 3437 3268 3440 3441 3443
3 3439 3436 3435
3 3440 3269 3268
3 3442 3434 3437
3 3443 3438 3441
6 3444 3445 3446 3447 3448 3449
6 3450 3451 3446 3445 3452 3453
6 3454 3448 3447 3451 3450 3455
6 3453 3452 3444 3449 3454 3455
3 3451 3446 3447
3 3452 3445 3444
3 3454 3448 3449
3 3455 3450 3453
6 3456 3457 3458 3459 3460 3461
6 3462 3463 3458 3457 3464 3465
6 3466 3460 3459 3463 3462 3467
6 3465 3464 3456 3461 3466 3467
3 3463 3458 3459
3 3464 3457 3456
3 3466 3460 3461
3 3467 3462 3465
6 3468 3469 3470 3471 3472 3473
6 3474 3475 3470 3469 3476 3477
6 3478 3472 3471 3475 3474 3479
6 3477 3476 3468 3473 3478 3479
3 3475 3470 3471
3 3476 3469 3468
3 3478 3472 3473
3 3479 3474 3477
6 3308 3480 3481 3150 3153 3311
6 3482 3483 3481 3150 3484 3485
6 3482 3483 3480 3308 3486 3487
6 3485 3484 3153 3311 3486 3487
3 3483 3481 3480
3 3484 3150 3153
3 3486 3308 3311
3 3487 3482 3485
6 3318 3488 3489 3160 3163 3321
6 3490 3491 3489 3160 3492 3493
6 3490 3491 3488 3318 3494 3495
6 3493 3492 3163 3321 3494 3495
3 3491 3489 3488
3 3492 3160 3163
3 3494 3318 3321
3 3495 3490 3493
6 3328 2989 2984 3170 3173 3331
6 3496 3497 2984 3170 3498 3499
6 3496 3497 2989 3328 3500 3501
6 3499 3498 3173 3331 3500 3501
3 3497 2984 2989
3 3498 3170 3173
3 3500 3328 3331
3 3501 3496 3499
6 3338 3001 2996 3180 3183 3341
6 3502 3503 2996 3180 3504 3505
6 3502 3503 3001 3338 3506 3507
6 3505 3504 3183 3341 3506 3507
3 3503 2996 3001
3 3504 3180 3183
3 3506 3338 3341
3 3507 3502 3505
6 3508 3509 3510 3214 3217 3511
6 3512 3513 3510 3214 3514 3515
6 3516 3508 3509 3513 3512 3517
6 3516 3511 3217 3514 3515 3517
3 3513 3510 3509
3 3514 3214 3217
3 3516 3508 3511
3 3517 3512 3515
6 3518 3519 3520 3224 3227 3521
6 3522 3523 3520 3224 3524 3525
6 3526 3518 3519 3523 3522 3527
6 3526 3521 3227 3524 3525 3527
3 3523 3520 3519
3 3524 3224 3227
3 3526 3518 3521
3 3527 3522 3525
6 3528 3529 3530 3531 3532 3533
6 3534 3535 3530 3531 3536 3537
6 3538 3528 3529 3535 3534 3539
6 3538 3533 3532 3536 3537 3539
3 3535 3530 3529
3 3536 3531 3532
3 3538 3528 3533
3 3539 3534 3537
6 3540 3541 3542 3234 3237 3543
6 3544 3545 3542 3234 3546 3547
6 3548 3540 3541 3545 3544 3549
6 3548 3543 3237 3546 3547 3549
3 3545 3542 3541
3 3546 3234 3237
3 3548 3540 3543
3 3549 3544 3547
6 3550 3551 3552 3248 3249 3553
6 3554 3555 3552 3248 3556 3557
6 3558 3550 3551 3555 3554 3559
6 3558 3553 3249 3556 3557 3559
3 3555 3552 3551
3 3556 3248 3249
3 3558 3550 3553
3 3559 3554 3557
6 3560 3561 3562 3260 3261 3563
6 3564 3565 3562 3260 3566 3567
6 3568 3560 3561 3565 3564 3569
6 3568 3563 3261 3566 3567 3569
3 3565 3562 3561
3 3566 3260 3261
3 3568 3560 3563
3 3569 3564 3567
6 3570 3571 3572 3573 3574 3575
6 3576 3577 3572 3573 3578 3579
6 3580 3570 3571 3577 3576 3581
6 3580 3575 3574 3578 3579 3581
3 3577 3572 3571
3 3578 3573 3574
3 3580 3570 3575
3 3581 3576 3579
6 3582 3583 3584 3272 3273 3585
6 3586 3587 3584 3272 3588 3589
6 3590 3582 3583 3587 3586 3591
6 3590 3585 3273 3588 3589 3591
3 3587 3584 3583
3 3588 3272 3273
3 3590 3582 3585
3 3591 3586 3589
6 3592 3593 3594 3595 3596 3597
6 3598 3599 3594 3595 3600 3601
6 3602 3592 3593 3599 3598 3603
6 3602 3597 3596 3600 3601 3603
3 3599 3594 3593
3 3600 3595 3596
3 3602 3592 3597
3 3603 3598 3601
6 3604 3605 3606 3445 3444 3607
6 3608 3609 3606 3445 3610 3611
6 3612 3604 3605 3609 3608 3613
6 3612 3607 3444 3610 3611 3613
3 3609 3606 3605
3 3610 3445 3444
3 3612 3604 3607
3 3613 3608 3611
6 3614 3615 3616 3457 3456 3617
6 3618 3619 3616 3457 3620 3621
6 3622 3614 3615 3619 3618 3623
6 3622 3617 3456 3620 3621 3623
3 3619 3616 3615
3 3620 3457 3456
3 3622 3614 3617
3 3623 3618 3621
6 3624 3625 3626 3469 3468 3627
6 3628 3629 3626 3469 3630 3631
6 3632 3624 3625 3629 3628 3633
6 3632 3627 3468 3630 3631 3633
3 3629 3626 3625
3 3630 3469 3468
3 3632 3624 3627
3 3633 3628 3631
6 3634 3635 3636 3637 3638 3639
6 3640 3641 3636 3635 3642 3643
6 3644 3638 3637 3641 3640 3645
6 3643 3642 3634 3639 3644 3645
3 3641 3636 3637
3 3642 3635 3634
3 3644 3638 3639
3 3645 3640 3643
6 3646 3647 3648 3649 3650 3651
6 3652 3653 3648 3647 3654 3655
6 3656 3650 3649 3653 3652 3657
6 3655 3654 3646 3651 3656 3657
3 3653 3648 3649
3 3654 3647 3646
3 3656 3650 3651
3 3657 3652 3655
6 3658 3659 3660 3661 3662 3663
6 3664 3665 3660 3659 3666 3667
6 3668 3662 3661 3665 3664 3669
6 3667 3666 3658 3663 3668 3669
3 3665 3660 3661
3 3666 3659 3658
3 3668 3662 3663
3 3669 3664 3667
6 3508 3670 3671 3348 3351 3511
6 3672 3673 3671 3348 3674 3675
6 3672 3673 3670 3508 3676 3677
6 3675 3674 3351 3511 3676 3677
3 3673 3671 3670
3 3674 3348 3351
3 3676 3508 3511
3 3677 3672 3675
6 3518 3678 3679 3358 3361 3521
6 3680 3681 3679 3358 3682 3683
6 3680 3681 3678 3518 3684 3685
6 3683 3682 3361 3521 3684 3685
3 3681 3679 3678
3 3682 3358 3361
3 3684 3518 3521
3 3685 3680 3683
6 3528 3195 3190 3368 3373 3533
6 3686 3687 3190 3368 3688 3689
6 3686 3687 3195 3528 3690 3691
6 3689 3688 3373 3533 3690 3691
3 3687 3190 3195
3 3688 3368 3373
3 3690 3528 3533
3 3691 3686 3689
6 3540 3207 3202 3380 3383 3543
6 3692 3693 3202 3380 3694 3695
6 3692 3693 3207 3540 3696 3697
6 3695 3694 3383 3543 3696 3697
3 3693 3202 3207
3 3694 3380 3383
3 3696 3540 3543
3 3697 3692 3695
6 3698 3699 3700 3414 3417 3701
6 3702 3703 3700 3414 3704 3705
6 3706 3698 3699 3703 3702 3707
6 3706 3701 3417 3704 3705 3707
3 3703 3700 3699
3 3704 3414 3417
3 3706 3698 3701
3 3707 3702 3705
6 3708 3709 3710 3424 3427 3711
6 3712 3713 3710 3424 3714 3715
6 3716 3708 3709 3713 3712 3717
6 3716 3711 3427 3714 3715 3717
3 3713 3710 3709
3 3714 3424 3427
3 3716 3708 3711
3 3717 3712 3715
6 3718 3719 3720 3721 3722 3723
6 3724 3725 3720 3721 3726 3727
6 3728 3718 3719 3725 3724 3729
6 3728 3723 3722 3726 3727 3729
3 3725 3720 3719
3 3726 3721 3722
3 3728 3718 3723
3 3729 3724 3727
6 3730 3731 3732 3434 3437 3733
6 3734 3735 3732 3434 3736 3737
6 3738 3730 3731 3735 3734 3739
6 3738 3733 3437 3736 3737 3739
3 3735 3732 3731
3 3736 3434 3437
3 3738 3730 3733
3 3739 3734 3737
6 3740 3741 3742 3448 3449 3743
6 3744 3745 3742 3448 3746 3747
6 3748 3740 3741 3745 3744 3749
6 3748 3743 3449 3746 3747 3749
3 3745 3742 3741
3 3746 3448 3449
3 3748 3740 3743
3 3749 3744 3747
6 3750 3751 3752 3460 3461 3753
6 3754 3755 3752 3460 3756 3757
6 3758 3750 3751 3755 3754 3759
6 3758 3753 3461 3756 3757 3759
3 3755 3752 3751
3 3756 3460 3461
3 3758 3750 3753
3 3759 3754 3757
6 3760 3761 3762 3472 3473 3763
6 3764 3765 3762 3472 3766 3767
6 3768 3760 3761 3765 3764 3769
6 3768 3763 3473 3766 3767 3769
3 3765 3762 3761
3 3766 3472 3473
3 3768 3760 3763
3 3769 3764 3767
6 3770 3771 3772 3773 3774 3775
6 3776 3777 3772 3773 3778 3779
6 3780 3770 3771 3777 3776 3781
6 3780 3775 3774 3778 3779 3781
3 3777 3772 3771
3 3778 3773 3774
3 3780 3770 3775
3 3781 3776 3779
6 3782 3783 3784 3785 3786 3787
6 3788 3789 3784 3785 3790 3791
6 3792 3782 3783 3789 3788 3793
6 3792 3787 3786 3790 3791 3793
3 3789 3784 3783
3 3790 3785 3786
3 3792 3782 3787
3 3793 3788 3791
6 3794 3795 3796 3635 3634 3797
6 3798 3799 3796 3635 3800 3801
6 3802 3794 3795 3799 3798 3803
6 3802 3797 3634 3800 3801 3803
3 3799 3796 3795
3 3800 3635 3634
3 3802 3794 3797
3 3803 3798 3801
6 3804 3805 3806 3647 3646 3807
6 3808 3809 3806 3647 3810 3811
6 3812 3804 3805 3809 3808 3813
6 3812 3807 3646 3810 3811 3813
3 3809 3806 3805
3 3810 3647 3646
3 3812 3804 3807
3 3813 3808 3811
6 3814 3815 3816 3659 3658 3817
6 3818 3819 3816 3659 3820 3821
6 3822 3814 3815 3819 3818 3823
6 3822 3817 3658 3820 3821 3823
3 3819 3816 3815
3 3820 3659 3658
3 3822 3814 3817
3 3823 3818 3821
6 3824 3825 3826 3827 3828 3829
6 3830 3831 3826 3825 3832 3833
6 3834 3828 3827 3831 3830 3835
6 3833 3832 3824 3829 3834 3835
3 3831 3826 3827
3 3832 3825 3824
3 3834 3828 3829
3 3835 3830 3833
6 3836 3837 3838 3839 3840 3841
6 3842 3843 3838 3837 3844 3845
6 3846 3840 3839 3843 3842 3847
6 3845 3844 3836 3841 3846 3847
3 3843 3838 3839
3 3844 3837 3836
3 3846 3840 3841
3 3847 3842 3845
6 3848 3849 3850 3851 3852 3853
6 3854 3855 3850 3849 3856 3857
6 3858 3852 3851 3855 3854 3859
6 3857 3856 3848 3853 3858 3859
3 3855 3850 3851
3 3856 3849 3848
3 3858 3852 3853
3 3859 3854 3857
6 3698 3860 3861 3550 3553 3701
6 3862 3863 3861 3550 3864 3865
6 3862 3863 3860 3698 3866 3867
6 3865 3864 3553 3701 3866 3867
3 3863 3861 3860
3 3864 3550 3553
3 3866 3698 3701
3 3867 3862 3865
6 3708 3868 3869 3560 3563 3711
6 3870 3871 3869 3560 3872 3873
6 3870 3871 3868 3708 3874 3875
6 3873 3872 3563 3711 3874 3875
3 3871 3869 3868
3 3872 3560 3563
3 3874 3708 3711
3 3875 3870 3873
6 3718 3395 3390 3570 3575 3723
6 3876 3877 3390 3570 3878 3879
6 3876 3877 3395 3718 3880 3881
6 3879 3878 3575 3723 3880 3881
3 3877 3390 3395
3 3878 3570 3575
3 3880 3718 3723
3 3881 3876 3879
6 3730 3407 3402 3582 3585 3733
6 3882 3883 3402 3582 3884 3885
6 3882 3883 3407 3730 3886 3887
6 3885 3884 3585 3733 3886 3887
3 3883 3402 3407
3 3884 3582 3585
3 3886 3730 3733
3 3887 3882 3885
6 3888 3889 3890 3604 3607 3891
6 3892 3893 3890 3604 3894 3895
6 3896 3888 3889 3893 3892 3897
6 3896 3891 3607 3894 3895 3897
3 3893 3890 3889
3 3894 3604 3607
3 3896 3888 3891
3 3897 3892 3895
6 3898 3899 3900 3614 3617 3901
6 3902 3903 3900 3614 3904 3905
6 3906 3898 3899 3903 3902 3907
6 3906 3901 3617 3904 3905 3907
3 3903 3900 3899
3 3904 3614 3617
3 3906 3898 3901
3 3907 3902 3905
6 3908 3909 3910 3624 3627 3911
6 3912 3913 3910 3624 3914 3915
6 3916 3908 3909 3913 3912 3917
6 3916 3911 3627 3914 3915 3917
3 3913 3910 3909
3 3914 3624 3627
3 3916 3908 3911
3 3917 3912 3915
6 3918 3919 3920 3921 3922 3923
6 3924 3925 3920 3921 3926 3927
6 3928 3918 3919 3925 3924 3929
6 3928 3923 3922 3926 3927 3929
3 3925 3920 3919
3 3926 3921 3922
3 3928 3918 3923
3 3929 3924 3927
6 3930 3931 3932 3638 3639 3933
6 3934 3935 3932 3638 3936 3937
6 3938 3930 3931 3935 3934 3939
6 3938 3933 3639 3936 3937 3939
3 3935 3932 3931
3 3936 3638 3639
3 3938 3930 3933
3 3939 3934 3937
6 3940 3941 3942 3650 3651 3943
6 3944 3945 3942 3650 3946 3947
6 3948 3940 3941 3945 3944 3949
6 3948 3943 3651 3946 3947 3949
3 3945 3942 3941
3 3946 3650 3651
3 3948 3940 3943
3 3949 3944 3947
6 3950 3951 3952 3662 3663 3953
6 3954 3955 3952 3662 3956 3957
6 3958 3950 3951 3955 3954 3959
6 3958 3953 3663 3956 3957 3959
3 3955 3952 3951
3 3956 3662 3663
3 3958 3950 3953
3 3959 3954 3957
6 3960 3961 3962 3963 3964 3965
6 3966 3967 3962 3963 3968 3969
6 3970 3960 3961 3967 3966 3971
6 3970 3965 3964 3968 3969 3971
3 3967 3962 3961
3 3968 3963 3964
3 3970 3960 3965
3 3971 3966 3969
6 3972 3973 3974 3975 3976 3977
6 3978 3979 3974 3975 3980 3981
6 3982 3972 3973 3979 3978 3983
6 3982 3977 3976 3980 3981 3983
3 3979 3974 3973
3 3980 3975 3976
3 3982 3972 3977
3 3983 3978 3981
6 3984 3985 3986 3825 3824 3987
6 3988 3989 3986 3825 3990 3991
6 3992 3984 3985 3989 3988 3993
6 3992 3987 3824 3990 3991 3993
3 3989 3986 3985
3 3990 3825 3824
3 3992 3984 3987
3 3993 3988 3991
6 3994 3995 3996 3837 3836 3997
6 3998 3999 3996 3837 4000 4001
6 4002 3994 3995 3999 3998 4003
6 4002 3997 3836 4000 4001 4003
3 3999 3996 3995
3 4000 3837 3836
3 4002 3994 3997
3 4003 3998 4001
6 4004 4005 4006 3849 3848 4007
6 4008 4009 4006 3849 4010 4011
6 4012 4004 4005 4009 4008 4013
6 4012 4007 3848 4010 4011 4013
3 4009 4006 4005
3 4010 3849 3848
3 4012 4004 4007
3 4013 4008 4011
6 4014 4015 4016 4017 4018 4019
6 4020 4021 4016 4015 4022 4023
6 4024 4018 4017 4021 4020 4025
6 4023 4022 4014 4019 4024 4025
3 4021 4016 4017
3 4022 4015 4014
3 4024 4018 4019
3 4025 4020 4023
6 4026 4027 4028 4029 4030 4031
6 4032 4033 4028 4027 4034 4035
6 4036 4030 4029 4033 4032 4037
6 4035 4034 4026 4031 4036 4037
3 4033 4028 4029
3 4034 4027 4026
3 4036 4030 4031
3 4037 4032 4035
6 4038 4039 4040 4041 4042 4043
6 4044 4045 4040 4039 4046 4047
6 4048 4042 4041 4045 4044 4049
6 4047 4046 4038 4043 4048 4049
3 4045 4040 4041
3 4046 4039 4038
3 4048 4042 4043
3 4049 4044 4047
6 3888 4050 4051 3740 3743 3891
6 4052 4053 4051 3740 4054 4055
6 4052 4053 4050 3888 4056 4057
6 4055 4054 3743 3891 4056 4057
3 4053 4051 4050
3 4054 3740 3743
3 4056 3888 3891
3 4057 4052 4055
6 3898 4058 4059 3750 3753 3901
6 4060 4061 4059 3750 4062 4063
6 4060 4061 4058 3898 4064 4065
6 4063 4062 3753 3901 4064 4065
3 4061 4059 4058
3 4062 3750 3753
3 4064 3898 3901
3 4065 4060 4063
6 3908 4066 4067 3760 3763 3911
6 4068 4069 4067 3760 4070 4071
6 4068 4069 4066 3908 4072 4073
6 4071 4070 3763 3911 4072 4073
3 4069 4067 4066
3 4070 3760 3763
3 4072 3908 3911
3 4073 4068 4071
6 3918 3597 3592 3770 3775 3923
6 4074 4075 3592 3770 4076 4077
6 4074 4075 3597 3918 4078 4079
6 4077 4076 3775 3923 4078 4079
3 4075 3592 3597
3 4076 3770 3775
3 4078 3918 3923
3 4079 4074 4077
6 4080 4081 4082 3794 3797 4083
6 4084 4085 4082 3794 4086 4087
6 4088 4080 4081 4085 4084 4089
6 4088 4083 3797 4086 4087 4089
3 4085 4082 4081
3 4086 3794 3797
3 4088 4080 4083
3 4089 4084 4087
6 4090 4091 4092 3804 3807 4093
6 4094 4095 4092 3804 4096 4097
6 4098 4090 4091 4095 4094 4099
6 4098 4093 3807 4096 4097 4099
3 4095 4092 4091
3 4096 3804 3807
3 4098 4090 4093
3 4099 4094 4097
6 4100 4101 4102 3814 3817 4103
6 4104 4105 4102 3814 4106 4107
6 4108 4100 4101 4105 4104 4109
6 4108 4103 3817 4106 4107 4109
3 4105 4102 4101
3 4106 3814 3817
3 4108 4100 4103
3 4109 4104 4107
6 4110 4111 4112 4113 4114 4115
6 4116 4117 4112 4113 4118 4119
6 4120 4110 4111 4117 4116 4121
6 4120 4115 4114 4118 4119 4121
3 4117 4112 4111
3 4118 4113 4114
3 4120 4110 4115
3 4121 4116 4119
6 4122 4123 4124 3828 3829 4125
6 4126 4127 4124 3828 4128 4129
6 4130 4122 4123 4127 4126 4131
6 4130 4125 3829 4128 4129 4131
3 4127 4124 4123
3 4128 3828 3829
3 4130 4122 4125
3 4131 4126 4129
6 4132 4133 4134 3840 3841 4135
6 4136 4137 4134 3840 4138 4139
6 4140 4132 4133 4137 4136 4141
6 4140 4135 3841 4138 4139 4141
3 4137 4134 4133
3 4138 3840 3841
3 4140 4132 4135
3 4141 4136 4139
6 4142 4143 4144 3852 3853 4145
6 4146 4147 4144 3852 4148 4149
6 4150 4142 4143 4147 4146 4151
6 4150 4145 3853 4148 4149 4151
3 4147 4144 4143
3 4148 3852 3853
3 4150 4142 4145
3 4151 4146 4149
6 4152 4153 4154 4155 4156 4157
6 4158 4159 4154 4155 4160 4161
6 4162 4152 4153 4159 4158 4163
6 4162 4157 4156 4160 4161 4163
3 4159 4154 4153
3 4160 4155 4156
3 4162 4152 4157
3 4163 4158 4161
6 4164 4165 4166 4167 4168 4169
6 4170 4171 4166 4167 4172 4173
6 4174 4164 4165 4171 4170 4175
6 4174 4169 4168 4172 4173 4175
3 4171 4166 4165
3 4172 4167 4168
3 4174 4164 4169
3 4175 4170 4173
6 4176 4177 4178 4015 4014 4179
6 4180 4181 4178 4015 4182 4183
6 4184 4176 4177 4181 4180 4185
6 4184 4179 4014 4182 4183 4185
3 4181 4178 4177
3 4182 4015 4014
3 4184 4176 4179
3 4185 4180 4183
6 4186 4187 4188 4027 4026 4189
6 4190 4191 4188 4027 4192 4193
6 4194 4186 4187 4191 4190 4195
6 4194 4189 4026 4192 4193 4195
3 4191 4188 4187
3 4192 4027 4026
3 4194 4186 4189
3 4195 4190 4193
6 4196 4197 4198 4039 4038 4199
6 4200 4201 4198 4039 4202 4203
6 4204 4196 4197 4201 4200 4205
6 4204 4199 4038 4202 4203 4205
3 4201 4198 4197
3 4202 4039 4038
3 4204 4196 4199
3 4205 4200 4203
6 4206 4207 4208 4209 4210 4211
6 4212 4213 4208 4207 4214 4215
6 4216 4210 4209 4213 4212 4217
6 4215 4214 4206 4211 4216 4217
3 4213 4208 4209
3 4214 4207 4206
3 4216 4210 4211
3 4217 4212 4215
6 4218 4219 4220 4221 4222 4223
6 4224 4225 4220 4219 4226 4227
6 4228 4222 4221 4225 4224 4229
6 4227 4226 4218 4223 4228 4229
3 4225 4220 4221
3 4226 4219 4218
3 4228 4222 4223
3 4229 4224 4227
6 4080 4230 4231 3930 3933 4083
6 4232 4233 4231 3930 4234 4235
6 4232 4233 4230 4080 4236 4237
6 4235 4234 3933 4083 4236 4237
3 4233 4231 4230
3 4234 3930 3933
3 4236 4080 4083
3 4237 4232 4235
6 4090 4238 4239 3940 3943 4093
6 4240 4241 4239 3940 4242 4243
6 4240 4241 4238 4090 4244 4245
6 4243 4242 3943 4093 4244 4245
3 4241 4239 4238
3 4242 3940 3943
3 4244 4090 4093
3 4245 4240 4243
6 4100 4246 4247 3950 3953 4103
6 4248 4249 4247 3950 4250 4251
6 4248 4249 4246 4100 4252 4253
6 4251 4250 3953 4103 4252 4253
3 4249 4247 4246
3 4250 3950 3953
3 4252 4100 4103
3 4253 4248 4251
6 4110 3787 3782 3960 3965 4115
6 4254 4255 3782 3960 4256 4257
6 4254 4255 3787 4110 4258 4259
6 4257 4256 3965 4115 4258 4259
3 4255 3782 3787
3 4256 3960 3965
3 4258 4110 4115
3 4259 4254 4257
6 4260 4261 4262 3984 3987 4263
6 4264 4265 4262 3984 4266 4267
6 4268 4260 4261 4265 4264 4269
6 4268 4263 3987 4266 4267 4269
3 4265 4262 4261
3 4266 3984 3987
3 4268 4260 4263
3 4269 4264 4267
6 4270 4271 4272 3994 3997 4273
6 4274 4275 4272 3994 4276 4277
6 4278 4270 4271 4275 4274 4279
6 4278 4273 3997 4276 4277 4279
3 4275 4272 4271
3 4276 3994 3997
3 4278 4270 4273
3 4279 4274 4277
6 4280 4281 4282 4004 4007 4283
6 4284 4285 4282 4004 4286 4287
6 4288 4280 4281 4285 4284 4289
6 4288 4283 4007 4286 4287 4289
3 4285 4282 4281
3 4286 4004 4007
3 4288 4280 4283
3 4289 4284 4287
6 4290 4291 4292 4293 4294 4295
6 4296 4297 4292 4293 4298 4299
6 4300 4290 4291 4297 4296 4301
6 4300 4295 4294 4298 4299 4301
3 4297 4292 4291
3 4298 4293 4294
3 4300 4290 4295
3 4301 4296 4299
6 4302 4303 4304 4018 4019 4305
6 4306 4307 4304 4018 4308 4309
6 4310 4302 4303 4307 4306 4311
6 4310 4305 4019 4308 4309 4311
3 4307 4304 4303
3 4308 4018 4019
3 4310 4302 4305
3 4311 4306 4309
6 4312 4313 4314 4030 4031 4315
6 4316 4317 4314 4030 4318 4319
6 4320 4312 4313 4317 4316 4321
6 4320 4315 4031 4318 4319 4321
3 4317 4314 4313
3 4318 4030 4031
3 4320 4312 4315
3 4321 4316 4319
6 4322 4323 4324 4042 4043 4325
6 4326 4327 4324 4042 4328 4329
6 4330 4322 4323 4327 4326 4331
6 4330 4325 4043 4328 4329 4331
3 4327 4324 4323
3 4328 4042 4043
3 4330 4322 4325
3 4331 4326 4329
6 4332 4333 4334 4335 4336 4337
6 4338 4339 4334 4335 4340 4341
6 4342 4332 4333 4339 4338 4343
6 4342 4337 4336 4340 4341 4343
3 4339 4334 4333
3 4340 4335 4336
3 4342 4332 4337
3 4343 4338 4341
6 4344 4345 4346 4347 4348 4349
6 4350 4351 4346 4347 4352 4353
6 4354 4344 4345 4351 4350 4355
6 4354 4349 4348 4352 4353 4355
3 4351 4346 4345
3 4352 4347 4348
3 4354 4344 4349
3 4355 4350 4353
6 4356 4357 4358 4207 4206 4359
6 4360 4361 4358 4207 4362 4363
6 4364 4356 4357 4361 4360 4365
6 4364 4359 4206 4362 4363 4365
3 4361 4358 4357
3 4362 4207 4206
3 4364 4356 4359
3 4365 4360 4363
6 4366 4367 4368 4219 4218 4369
6 4370 4371 4368 4219 4372 4373
6 4374 4366 4367 4371 4370 4375
6 4374 4369 4218 4372 4373 4375
3 4371 4368 4367
3 4372 4219 4218
3 4374 4366 4369
3 4375 4370 4373
6 4376 4377 4378 4379 4380 4381
6 4382 4383 4378 4377 4384 4385
6 4386 4380 4379 4383 4382 4387
6 4385 4384 4376 4381 4386 4387
3 4383 4378 4379
3 4384 4377 4376
3 4386 4380 4381
3 4387 4382 4385
6 4388 4389 4390 4391 4392 4393
6 4394 4395 4390 4389 4396 4397
6 4398 4392 4391 4395 4394 4399
6 4397 4396 4388 4393 4398 4399
3 4395 4390 4391
3 4396 4389 4388
3 4398 4392 4393
3 4399 4394 4397
6 4260 4400 4401 4122 4125 4263
6 4402 4403 4401 4122 4404 4405
6 4402 4403 4400 4260 4406 4407
6 4405 4404 4125 4263 4406 4407
3 4403 4401 4400
3 4404 4122 4125
3 4406 4260 4263
3 4407 4402 4405
6 4270 4408 4409 4132 4135 4273
6 4410 4411 4409 4132 4412 4413
6 4410 4411 4408 4270 4414 4415
6 4413 4412 4135 4273 4414 4415
3 4411 4409 4408
3 4412 4132 4135
3 4414 4270 4273
3 4415 4410 4413
6 4280 4416 4417 4142 4145 4283
6 4418 4419 4417 4142 4420 4421
6 4418 4419 4416 4280 4422 4423
6 4421 4420 4145 4283 4422 4423
3 4419 4417 4416
3 4420 4142 4145
3 4422 4280 4283
3 4423 4418 4421
6 4290 3977 3972 4152 4157 4295
6 4424 4425 3972 4152 4426 4427
6 4424 4425 3977 4290 4428 4429
6 4427 4426 4157 4295 4428 4429
3 4425 3972 3977
3 4426 4152 4157
3 4428 4290 4295
3 4429 4424 4427
6 4430 4431 4432 4176 4179 4433
6 4434 4435 4432 4176 4436 4437
6 4438 4430 4431 4435 4434 4439
6 4438 4433 4179 4436 4437 4439
3 4435 4432 4431
3 4436 4176 4179
3 4438 4430 4433
3 4439 4434 4437
6 4440 4441 4442 4186 4189 4443
6 4444 4445 4442 4186 4446 4447
6 4448 4440 4441 4445 4444 4449
6 4448 4443 4189 4446 4447 4449
3 4445 4442 4441
3 4446 4186 4189
3 4448 4440 4443
3 4449 4444 4447
6 4450 4451 4452 4196 4199 4453
6 4454 4455 4452 4196 4456 4457
6 4458 4450 4451 4455 4454 4459
6 4458 4453 4199 4456 4457 4459
3 4455 4452 4451
3 4456 4196 4199
3 4458 4450 4453
3 4459 4454 4457
6 4460 4461 4462 4463 4464 4465
6 4466 4467 4462 4463 4468 4469
6 4470 4460 4461 4467 4466 4471
6 4470 4465 4464 4468 4469 4471
3 4467 4462 4461
3 4468 4463 4464
3 4470 4460 4465
3 4471 4466 4469
6 4472 4473 4474 4210 4211 4475
6 4476 4477 4474 4210 4478 4479
6 4480 4472 4473 4477 4476 4481
6 4480 4475 4211 4478 4479 4481
3 4477 4474 4473
3 4478 4210 4211
3 4480 4472 4475
3 4481 4476 4479
6 4482 4483 4484 4222 4223 4485
6 4486 4487 4484 4222 4488 4489
6 4490 4482 4483 4487 4486 4491
6 4490 4485 4223 4488 4489 4491
3 4487 4484 4483
3 4488 4222 4223
3 4490 4482 4485
3 4491 4486 4489
6 4492 4493 4494 4495 4496 4497
6 4498 4499 4494 4495 4500 4501
6 4502 4492 4493 4499 4498 4503
6 4502 4497 4496 4500 4501 4503
3 4499 4494 4493
3 4500 4495 4496
3 4502 4492 4497
3 4503 4498 4501
6 4504 4505 4506 4507 4508 4509
6 4510 4511 4506 4507 4512 4513
6 4514 4504 4505 4511 4510 4515
6 4514 4509 4508 4512 4513 4515
3 4511 4506 4505
3 4512 4507 4508
3 4514 4504 4509
3 4515 4510 4513
6 4516 4517 4518 4519 4520 4521
6 4522 4523 4518 4519 4524 4525
6 4526 4516 4517 4523 4522 4527
6 4526 4521 4520 4524 4525 4527
3 4523 4518 4517
3 4524 4519 4520
3 4526 4516 4521
3 4527 4522 4525
6 4528 4529 4530 4377 4376 4531
6 4532 4533 4530 4377 4534 4535
6 4536 4528 4529 4533 4532 4537
6 4536 4531 4376 4534 4535 4537
3 4533 4530 4529
3 4534 4377 4376
3 4536 4528 4531
3 4537 4532 4535
6 4538 4539 4540 4389 4388 4541
6 4542 4543 4540 4389 4544 4545
6 4546 4538 4539 4543 4542 4547
6 4546 4541 4388 4544 4545 4547
3 4543 4540 4539
3 4544 4389 4388
3 4546 4538 4541
3 4547 4542 4545
6 4548 4549 4550 4551 4552 4553
6 4554 4555 4550 4549 4556 4557
6 4558 4552 4551 4555 4554 4559
6 4557 4556 4548 4553 4558 4559
3 4555 4550 4551
3 4556 4549 4548
3 4558 4552 4553
3 4559 4554 4557
6 4560 4561 4562 4563 4564 4565
6 4566 4567 4562 4561 4568 4569
6 4570 4564 4563 4567 4566 4571
6 4569 4568 4560 4565 4570 4571
3 4567 4562 4563
3 4568 4561 4560
3 4570 4564 4565
3 4571 4566 4569
6 4430 4572 4573 4302 4305 4433
6 4574 4575 4573 4302 4576 4577
6 4574 4575 4572 4430 4578 4579
6 4577 4576 4305 4433 4578 4579
3 4575 4573 4572
3 4576 4302 4305
3 4578 4430 4433
3 4579 4574 4577
6 4440 4580 4581 4312 4315 4443
6 4582 4583 4581 4312 4584 4585
6 4582 4583 4580 4440 4586 4587
6 4585 4584 4315 4443 4586 4587
3 4583 4581 4580
3 4584 4312 4315
3 4586 4440 4443
3 4587 4582 4585
6 4450 4588 4589 4322 4325 4453
6 4590 4591 4589 4322 4592 4593
6 4590 4591 4588 4450 4594 4595
6 4593 4592 4325 4453 4594 4595
3 4591 4589 4588
3 4592 4322 4325
3 4594 4450 4453
3 4595 4590 4593
6 4460 4169 4164 4332 4337 4465
6 4596 4597 4164 4332 4598 4599
6 4596 4597 4169 4460 4600 4601
6 4599 4598 4337 4465 4600 4601
3 4597 4164 4169
3 4598 4332 4337
3 4600 4460 4465
3 4601 4596 4599
6 4602 4603 4604 4356 4359 4605
6 4606 4607 4604 4356 4608 4609
6 4610 4602 4603 4607 4606 4611
6 4610 4605 4359 4608 4609 4611
3 4607 4604 4603
3 4608 4356 4359
3 4610 4602 4605
3 4611 4606 4609
6 4612 4613 4614 4366 4369 4615
6 4616 4617 4614 4366 4618 4619
6 4620 4612 4613 4617 4616 4621
6 4620 4615 4369 4618 4619 4621
3 4617 4614 4613
3 4618 4366 4369
3 4620 4612 4615
3 4621 4616 4619
6 4622 4623 4624 4625 4626 4627
6 4628 4629 4624 4625 4630 4631
6 4632 4622 4623 4629 4628 4633
6 4632 4627 4626 4630 4631 4633
3 4629 4624 4623
3 4630 4625 4626
3 4632 4622 4627
3 4633 4628 4631
6 4634 4635 4636 4637 4638 4639
6 4640 4641 4636 4637 4642 4643
6 4644 4634 4635 4641 4640 4645
6 4644 4639 4638 4642 4643 4645
3 4641 4636 4635
3 4642 4637 4638
3 4644 4634 4639
3 4645 4640 4643
6 4646 4647 4648 4380 4381 4649
6 4650 4651 4648 4380 4652 4653
6 4654 4646 4647 4651 4650 4655
6 4654 4649 4381 4652 4653 4655
3 4651 4648 4647
3 4652 4380 4381
3 4654 4646 4649
3 4655 4650 4653
6 4656 4657 4658 4392 4393 4659
6 4660 4661 4658 4392 4662 4663
6 4664 4656 4657 4661 4660 4665
6 4664 4659 4393 4662 4663 4665
3 4661 4658 4657
3 4662 4392 4393
3 4664 4656 4659
3 4665 4660 4663
6 4666 4667 4668 4669 4670 4671
6 4672 4673 4668 4669 4674 4675
6 4676 4666 4667 4673 4672 4677
6 4676 4671 4670 4674 4675 4677
3 4673 4668 4667
3 4674 4669 4670
3 4676 4666 4671
3 4677 4672 4675
6 4678 4679 4680 4681 4682 4683
6 4684 4685 4680 4681 4686 4687
6 4688 4678 4679 4685 4684 4689
6 4688 4683 4682 4686 4687 4689
3 4685 4680 4679
3 4686 4681 4682
3 4688 4678 4683
3 4689 4684 4687
6 4690 4691 4692 4549 4548 4693
6 4694 4695 4692 4549 4696 4697
6 4698 4690 4691 4695 4694 4699
6 4698 4693 4548 4696 4697 4699
3 4695 4692 4691
3 4696 4549 4548
3 4698 4690 4693
3 4699 4694 4697
6 4700 4701 4702 4561 4560 4703
6 4704 4705 4702 4561 4706 4707
6 4708 4700 4701 4705 4704 4709
6 4708 4703 4560 4706 4707 4709
3 4705 4702 4701
3 4706 4561 4560
3 4708 4700 4703
3 4709 4704 4707
6 4710 4711 4712 4713 4714 4715
6 4716 4717 4712 4711 4718 4719
6 4720 4714 4713 4717 4716 4721
6 4719 4718 4710 4715 4720 4721
3 4717 4712 4713
3 4718 4711 4710
3 4720 4714 4715
3 4721 4716 4719
6 4722 4723 4724 4725 4726 4727
6 4728 4729 4724 4723 4730 4731
6 4732 4726 4725 4729 4728 4733
6 4731 4730 4722 4727 4732 4733
3 4729 4724 4725
3 4730 4723 4722
3 4732 4726 4727
3 4733 4728 4731
6 4602 4734 4735 4472 4475 4605
6 4736 4737 4735 4472 4738 4739
6 4736 4737 4734 4602 4740 4741
6 4739 4738 4475 4605 4740 4741
3 4737 4735 4734
3 4738 4472 4475
3 4740 4602 4605
3 4741 4736 4739
6 4612 4742 4743 4482 4485 4615
6 4744 4745 4743 4482 4746 4747
6 4744 4745 4742 4612 4748 4749
6 4747 4746 4485 4615 4748 4749
3 4745 4743 4742
3 4746 4482 4485
3 4748 4612 4615
3 4749 4744 4747
6 4622 4750 4751 4492 4497 4627
6 4752 4753 4751 4492 4754 4755
6 4752 4753 4750 4622 4756 4757
6 4755 4754 4497 4627 4756 4757
3 4753 4751 4750
3 4754 4492 4497
3 4756 4622 4627
3 4757 4752 4755
6 4634 4349 4344 4504 4509 4639
6 4758 4759 4344 4504 4760 4761
6 4758 4759 4349 4634 4762 4763
6 4761 4760 4509 4639 4762 4763
3 4759 4344 4349
3 4760 4504 4509
3 4762 4634 4639
3 4763 4758 4761
6 4764 4765 4766 4528 4531 4767
6 4768 4769 4766 4528 4770 4771
6 4772 4764 4765 4769 4768 4773
6 4772 4767 4531 4770 4771 4773
3 4769 4766 4765
3 4770 4528 4531
3 4772 4764 4767
3 4773 4768 4771
6 4774 4775 4776 4538 4541 4777
6 4778 4779 4776 4538 4780 4781
6 4782 4774 4775 4779 4778 4783
6 4782 4777 4541 4780 4781 4783
3 4779 4776 4775
3 4780 4538 4541
3 4782 4774 4777
3 4783 4778 4781
6 4784 4785 4786 4787 4788 4789
6 4790 4791 4786 4787 4792 4793
6 4794 4784 4785 4791 4790 4795
6 4794 4789 4788 4792 4793 4795
3 4791 4786 4785
3 4792 4787 4788
3 4794 4784 4789
3 4795 4790 4793
6 4796 4797 4798 4799 4800 4801
6 4802 4803 4798 4799 4804 4805
6 4806 4796 4797 4803 4802 4807
6 4806 4801 4800 4804 4805 4807
3 4803 4798 4797
3 4804 4799 4800
3 4806 4796 4801
3 4807 4802 4805
6 4808 4809 4810 4552 4553 4811
6 4812 4813 4810 4552 4814 4815
6 4816 4808 4809 4813 4812 4817
6 4816 4811 4553 4814 4815 4817
3 4813 4810 4809
3 4814 4552 4553
3 4816 4808 4811
3 4817 4812 4815
6 4818 4819 4820 4564 4565 4821
6 4822 4823 4820 4564 4824 4825
6 4826 4818 4819 4823 4822 4827
6 4826 4821 4565 4824 4825 4827
3 4823 4820 4819
3 4824 4564 4565
3 4826 4818 4821
3 4827 4822 4825
6 4828 4829 4830 4831 4832 4833
6 4834 4835 4830 4831 4836 4837
6 4838 4828 4829 4835 4834 4839
6 4838 4833 4832 4836 4837 4839
3 4835 4830 4829
3 4836 4831 4832
3 4838 4828 4833
3 4839 4834 4837
6 4840 4841 4842 4843 4844 4845
6 4846 4847 4842 4843 4848 4849
6 4850 4840 4841 4847 4846 4851
6 4850 4845 4844 4848 4849 4851
3 4847 4842 4841
3 4848 4843 4844
3 4850 4840 4845
3 4851 4846 4849
6 4852 4853 4854 4711 4710 4855
6 4856 4857 4854 4711 4858 4859
6 4860 4852 4853 4857 4856 4861
6 4860 4855 4710 4858 4859 4861
3 4857 4854 4853
3 4858 4711 4710
3 4860 4852 4855
3 4861 4856 4859
6 4862 4863 4864 4723 4722 4865
6 4866 4867 4864 4723 4868 4869
6 4870 4862 4863 4867 4866 4871
6 4870 4865 4722 4868 4869 4871
3 4867 4864 4863
3 4868 4723 4722
3 4870 4862 4865
3 4871 4866 4869
6 4872 4873 4874 4875 4876 4877
6 4878 4879 4874 4873 4880 4881
6 4882 4876 4875 4879 4878 4883
6 4881 4880 4872 4877 4882 4883
3 4879 4874 4875
3 4880 4873 4872
3 4882 4876 4877
3 4883 4878 4881
6 4764 4884 4885 4646 4649 4767
6 4886 4887 4885 4646 4888 4889
6 4886 4887 4884 4764 4890 4891
6 4889 4888 4649 4767 4890 4891
3 4887 4885 4884
3 4888 4646 4649
3 4890 4764 4767
3 4891 4886 4889
6 4774 4892 4893 4656 4659 4777
6 4894 4895 4893 4656 4896 4897
6 4894 4895 4892 4774 4898 4899
6 4897 4896 4659 4777 4898 4899
3 4895 4893 4892
3 4896 4656 4659
3 4898 4774 4777
3 4899 4894 4897
6 4784 4900 4901 4666 4671 4789
6 4902 4903 4901 4666 4904 4905
6 4902 4903 4900 4784 4906 4907
6 4905 4904 4671 4789 4906 4907
3 4903 4901 4900
3 4904 4666 4671
3 4906 4784 4789
3 4907 4902 4905
6 4796 4521 4516 4678 4683 4801
6 4908 4909 4516 4678 4910 4911
6 4908 4909 4521 4796 4912 4913
6 4911 4910 4683 4801 4912 4913
3 4909 4516 4521
3 4910 4678 4683
3 4912 4796 4801
3 4913 4908 4911
6 4914 4915 4916 4690 4693 4917
6 4918 4919 4916 4690 4920 4921
6 4922 4914 4915 4919 4918 4923
6 4922 4917 4693 4920 4921 4923
3 4919 4916 4915
3 4920 4690 4693
3 4922 4914 4917
3 4923 4918 4921
6 4924 4925 4926 4700 4703 4927
6 4928 4929 4926 4700 4930 4931
6 4932 4924 4925 4929 4928 4933
6 4932 4927 4703 4930 4931 4933
3 4929 4926 4925
3 4930 4700 4703
3 4932 4924 4927
3 4933 4928 4931
6 4934 4935 4936 4937 4938 4939
6 4940 4941 4936 4937 4942 4943
6 4944 4934 4935 4941 4940 4945
6 4944 4939 4938 4942 4943 4945
3 4941 4936 4935
3 4942 4937 4938
3 4944 4934 4939
3 4945 4940 4943
6 4946 4947 4948 4949 4950 4951
6 4952 4953 4948 4949 4954 4955
6 4956 4946 4947 4953 4952 4957
6 4956 4951 4950 4954 4955 4957
3 4953 4948 4947
3 4954 4949 4950
3 4956 4946 4951
3 4957 4952 4955
6 4958 4959 4960 4714 4715 4961
6 4962 4963 4960 4714 4964 4965
6 4966 4958 4959 4963 4962 4967
6 4966 4961 4715 4964 4965 4967
3 4963 4960 4959
3 4964 4714 4715
3 4966 4958 4961
3 4967 4962 4965
6 4968 4969 4970 4726 4727 4971
6 4972 4973 4970 4726 4974 4975
6 4976 4968 4969 4973 4972 4977
6 4976 4971 4727 4974 4975 4977
3 4973 4970 4969
3 4974 4726 4727
3 4976 4968 4971
3 4977 4972 4975
6 4978 4979 4980 4981 4982 4983
6 4984 4985 4980 4981 4986 4987
6 4988 4978 4979 4985 4984 4989
6 4988 4983 4982 4986 4987 4989
3 4985 4980 4979
3 4986 4981 4982
3 4988 4978 4983
3 4989 4984 4987
6 4990 4991 4992 4993 4994 4995
6 4996 4997 4992 4993 4998 4999
6 5000 4990 4991 4997 4996 5001
6 5000 4995 4994 4998 4999 5001
3 4997 4992 4991
3 4998 4993 4994
3 5000 4990 4995
3 5001 4996 4999
6 5002 5003 5004 4873 4872 5005
6 5006 5007 5004 4873 5008 5009
6 5010 5002 5003 5007 5006 5011
6 5010 5005 4872 5008 5009 5011
3 5007 5004 5003
3 5008 4873 4872
3 5010 5002 5005
3 5011 5006 5009
6 5012 5013 5014 5015 5016 5017
6 5018 5019 5014 5013 5020 5021
6 5022 5016 5015 5019 5018 5023
6 5021 5020 5012 5017 5022 5023
3 5019 5014 5015
3 5020 5013 5012
3 5022 5016 5017
3 5023 5018 5021
6 4914 5024 5025 4808 4811 4917
6 5026 5027 5025 4808 5028 5029
6 5026 5027 5024 4914 5030 5031
6 5029 5028 4811 4917 5030 5031
3 5027 5025 5024
3 5028 4808 4811
3 5030 4914 4917
3 5031 5026 5029
6 4924 5032 5033 4818 4821 4927
6 5034 5035 5033 4818 5036 5037
6 5034 5035 5032 4924 5038 5039
6 5037 5036 4821 4927 5038 5039
3 5035 5033 5032
3 5036 4818 4821
3 5038 4924 4927
3 5039 5034 5037
6 4934 5040 5041 4828 4833 4939
6 5042 5043 5041 4828 5044 5045
6 5042 5043 5040 4934 5046 5047
6 5045 5044 4833 4939 5046 5047
3 5043 5041 5040
3 5044 4828 4833
3 5046 4934 4939
3 5047 5042 5045
6 4946 5048 5049 4840 4845 4951
6 5050 5051 5049 4840 5052 5053
6 5050 5051 5048 4946 5054 5055
6 5053 5052 4845 4951 5054 5055
3 5051 5049 5048
3 5052 4840 4845
3 5054 4946 4951
3 5055 5050 5053
6 5056 5057 5058 4852 4855 5059
6 5060 5061 5058 4852 5062 5063
6 5064 5056 5057 5061 5060 5065
6 5064 5059 4855 5062 5063 5065
3 5061 5058 5057
3 5062 4852 4855
3 5064 5056 5059
3 5065 5060 5063
6 5066 5067 5068 4862 4865 5069
6 5070 5071 5068 4862 5072 5073
6 5074 5066 5067 5071 5070 5075
6 5074 5069 4865 5072 5073 5075
3 5071 5068 5067
3 5072 4862 4865
3 5074 5066 5069
3 5075 5070 5073
6 5076 5077 5078 5079 5080 5081
6 5082 5083 5078 5079 5084 5085
6 5086 5076 5077 5083 5082 5087
6 5086 5081 5080 5084 5085 5087
3 5083 5078 5077
3 5084 5079 5080
3 5086 5076 5081
3 5087 5082 5085
6 5088 5089 5090 5091 5092 5093
6 5094 5095 5090 5091 5096 5097
6 5098 5088 5089 5095 5094 5099
6 5098 5093 5092 5096 5097 5099
3 5095 5090 5089
3 5096 5091 5092
3 5098 5088 5093
3 5099 5094 5097
6 5100 5101 5102 4876 4877 5103
6 5104 5105 5102 4876 5106 5107
6 5108 5100 5101 5105 5104 5109
6 5108 5103 4877 5106 5107 5109
3 5105 5102 5101
3 5106 4876 4877
3 5108 5100 5103
3 5109 5104 5107
6 5110 5111 5112 5113 5114 5115
6 5116 5117 5112 5113 5118 5119
6 5120 5110 5111 5117 5116 5121
6 5120 5115 5114 5118 5119 5121
3 5117 5112 5111
3 5118 5113 5114
3 5120 5110 5115
3 5121 5116 5119
6 5122 5123 5124 5125 5126 5127
6 5128 5129 5124 5125 5130 5131
6 5132 5122 5123 5129 5128 5133
6 5132 5127 5126 5130 5131 5133
3 5129 5124 5123
3 5130 5125 5126
3 5132 5122 5127
3 5133 5128 5131
6 5134 5135 5136 5013 5012 5137
6 5138 5139 5136 5013 5140 5141
6 5142 5134 5135 5139 5138 5143
6 5142 5137 5012 5140 5141 5143
3 5139 5136 5135
3 5140 5013 5012
3 5142 5134 5137
3 5143 5138 5141
6 5144 5145 5146 5147 5148 5149
6 5150 5151 5146 5145 5152 5153
6 5154 5148 5147 5151 5150 5155
6 5153 5152 5144 5149 5154 5155
3 5151 5146 5147
3 5152 5145 5144
3 5154 5148 5149
3 5155 5150 5153
6 5056 5156 5157 4958 4961 5059
6 5158 5159 5157 4958 5160 5161
6 5158 5159 5156 5056 5162 5163
6 5161 5160 4961 5059 5162 5163
3 5159 5157 5156
3 5160 4958 4961
3 5162 5056 5059
3 5163 5158 5161
6 5066 5164 5165 4968 4971 5069
6 5166 5167 5165 4968 5168 5169
6 5166 5167 5164 5066 5170 5171
6 5169 5168 4971 5069 5170 5171
3 5167 5165 5164
3 5168 4968 4971
3 5170 5066 5069
3 5171 5166 5169
6 5076 5172 5173 4978 4983 5081
6 5174 5175 5173 4978 5176 5177
6 5174 5175 5172 5076 5178 5179
6 5177 5176 4983 5081 5178 5179
3 5175 5173 5172
3 5176 4978 4983
3 5178 5076 5081
3 5179 5174 5177
6 5088 5180 5181 4990 4995 5093
6 5182 5183 5181 4990 5184 5185
6 5182 5183 5180 5088 5186 5187
6 5185 5184 4995 5093 5186 5187
3 5183 5181 5180
3 5184 4990 4995
3 5186 5088 5093
3 5187 5182 5185
6 5188 5189 5190 5002 5005 5191
6 5192 5193 5190 5002 5194 5195
6 5196 5188 5189 5193 5192 5197
6 5196 5191 5005 5194 5195 5197
3 5193 5190 5189
3 5194 5002 5005
3 5196 5188 5191
3 5197 5192 5195
6 5198 5199 5200 5201 5202 5203
6 5204 5205 5200 5201 5206 5207
6 5208 5198 5199 5205 5204 5209
6 5208 5203 5202 5206 5207 5209
3 5205 5200 5199
3 5206 5201 5202
3 5208 5198 5203
3 5209 5204 5207
6 5210 5211 5212 5213 5214 5215
6 5216 5217 5212 5213 5218 5219
6 5220 5210 5211 5217 5216 5221
6 5220 5215 5214 5218 5219 5221
3 5217 5212 5211
3 5218 5213 5214
3 5220 5210 5215
3 5221 5216 5219
6 5222 5223 5224 5225 5226 5227
6 5228 5229 5224 5225 5230 5231
6 5232 5222 5223 5229 5228 5233
6 5232 5227 5226 5230 5231 5233
3 5229 5224 5223
3 5230 5225 5226
3 5232 5222 5227
3 5233 5228 5231
6 5234 5235 5236 5016 5017 5237
6 5238 5239 5236 5016 5240 5241
6 5242 5234 5235 5239 5238 5243
6 5242 5237 5017 5240 5241 5243
3 5239 5236 5235
3 5240 5016 5017
3 5242 5234 5237
3 5243 5238 5241
6 5244 5245 5246 5247 5248 5249
6 5250 5251 5246 5247 5252 5253
6 5254 5244 5245 5251 5250 5255
6 5254 5249 5248 5252 5253 5255
3 5251 5246 5245
3 5252 5247 5248
3 5254 5244 5249
3 5255 5250 5253
6 5256 5257 5258 5145 5144 5259
6 5260 5261 5258 5145 5262 5263
6 5264 5256 5257 5261 5260 5265
6 5264 5259 5144 5262 5263 5265
3 5261 5258 5257
3 5262 5145 5144
3 5264 5256 5259
3 5265 5260 5263
6 5266 5267 5268 5269 5270 5271
6 5272 5273 5268 5267 5274 5275
6 5276 5270 5269 5273 5272 5277
6 5275 5274 5266 5271 5276 5277
3 5273 5268 5269
3 5274 5267 5266
3 5276 5270 5271
3 5277 5272 5275
6 5188 5278 5279 5100 5103 5191
6 5280 5281 5279 5100 5282 5283
6 5280 5281 5278 5188 5284 5285
6 5283 5282 5103 5191 5284 5285
3 5281 5279 5278
3 5282 5100 5103
3 5284 5188 5191
3 5285 5280 5283
6 5198 5286 5287 5110 5115 5203
6 5288 5289 5287 5110 5290 5291
6 5288 5289 5286 5198 5292 5293
6 5291 5290 5115 5203 5292 5293
3 5289 5287 5286
3 5290 5110 5115
3 5292 5198 5203
3 5293 5288 5291
6 5210 5294 5295 5296 5297 5215
6 5298 5299 5295 5296 5300 5301
6 5298 5299 5294 5210 5302 5303
6 5301 5300 5297 5215 5302 5303
3 5299 5295 5294
3 5300 5296 5297
3 5302 5210 5215
3 5303 5298 5301
6 5222 5304 5305 5122 5127 5227
6 5306 5307 5305 5122 5308 5309
6 5306 5307 5304 5222 5310 5311
6 5309 5308 5127 5227 5310 5311
3 5307 5305 5304
3 5308 5122 5127
3 5310 5222 5227
3 5311 5306 5309
6 5312 5313 5314 5134 5137 5315
6 5316 5317 5314 5134 5318 5319
6 5320 5312 5313 5317 5316 5321
6 5320 5315 5137 5318 5319 5321
3 5317 5314 5313
3 5318 5134 5137
3 5320 5312 5315
3 5321 5316 5319
6 5322 5323 5324 5325 5326 5327
6 5328 5329 5324 5325 5330 5331
6 5332 5322 5323 5329 5328 5333
6 5332 5327 5326 5330 5331 5333
3 5329 5324 5323
3 5330 5325 5326
3 5332 5322 5327
3 5333 5328 5331
6 5334 5335 5336 5337 5338 5339
6 5340 5341 5336 5337 5342 5343
6 5344 5334 5335 5341 5340 5345
6 5344 5339 5338 5342 5343 5345
3 5341 5336 5335
3 5342 5337 5338
3 5344 5334 5339
3 5345 5340 5343
6 5346 5347 5348 5148 5149 5349
6 5350 5351 5348 5148 5352 5353
6 5354 5346 5347 5351 5350 5355
6 5354 5349 5149 5352 5353 5355
3 5351 5348 5347
3 5352 5148 5149
3 5354 5346 5349
3 5355 5350 5353
6 5356 5357 5358 5359 5360 5361
6 5362 5363 5358 5359 5364 5365
6 5366 5356 5357 5363 5362 5367
6 5366 5361 5360 5364 5365 5367
3 5363 5358 5357
3 5364 5359 5360
3 5366 5356 5361
3 5367 5362 5365
6 5368 5369 5370 5267 5266 5371
6 5372 5373 5370 5267 5374 5375
6 5376 5368 5369 5373 5372 5377
6 5376 5371 5266 5374 5375 5377
3 5373 5370 5369
3 5374 5267 5266
3 5376 5368 5371
3 5377 5372 5375
6 5378 5379 5380 5381 5382 5383
6 5384 5385 5380 5379 5386 5387
6 5388 5382 5381 5385 5384 5389
6 5387 5386 5378 5383 5388 5389
3 5385 5380 5381
3 5386 5379 5378
3 5388 5382 5383
3 5389 5384 5387
6 5312 5390 5391 5234 5237 5315
6 5392 5393 5391 5234 5394 5395
6 5392 5393 5390 5312 5396 5397
6 5395 5394 5237 5315 5396 5397
3 5393 5391 5390
3 5394 5234 5237
3 5396 5312 5315
3 5397 5392 5395
6 5322 5398 5399 5244 5249 5327
6 5400 5401 5399 5244 5402 5403
6 5400 5401 5398 5322 5404 5405
6 5403 5402 5249 5327 5404 5405
3 5401 5399 5398
3 5402 5244 5249
3 5404 5322 5327
3 5405 5400 5403
6 5334 5406 5407 5408 5409 5339
6 5410 5411 5407 5408 5412 5413
6 5410 5411 5406 5334 5414 5415
6 5413 5412 5409 5339 5414 5415
3 5411 5407 5406
3 5412 5408 5409
3 5414 5334 5339
3 5415 5410 5413
6 5416 5417 5418 5256 5259 5419
6 5420 5421 5418 5256 5422 5423
6 5424 5416 5417 5421 5420 5425
6 5424 5419 5259 5422 5423 5425
3 5421 5418 5417
3 5422 5256 5259
3 5424 5416 5419
3 5425 5420 5423
6 5426 5427 5428 5429 5430 5431
6 5432 5433 5428 5429 5434 5435
6 5436 5426 5427 5433 5432 5437
6 5436 5431 5430 5434 5435 5437
3 5433 5428 5427
3 5434 5429 5430
3 5436 5426 5431
3 5437 5432 5435
6 5438 5439 5440 5441 5442 5443
6 5444 5445 5440 5441 5446 5447
6 5448 5438 5439 5445 5444 5449
6 5448 5443 5442 5446 5447 5449
3 5445 5440 5439
3 5446 5441 5442
3 5448 5438 5443
3 5449 5444 5447
6 5450 5451 5452 5270 5271 5453
6 5454 5455 5452 5270 5456 5457
6 5458 5450 5451 5455 5454 5459
6 5458 5453 5271 5456 5457 5459
3 5455 5452 5451
3 5456 5270 5271
3 5458 5450 5453
3 5459 5454 5457
6 5460 5461 5462 5463 5464 5465
6 5466 5467 5462 5463 5468 5469
6 5470 5460 5461 5467 5466 5471
6 5470 5465 5464 5468 5469 5471
3 5467 5462 5461
3 5468 5463 5464
3 5470 5460 5465
3 5471 5466 5469
6 5472 5473 5474 5379 5378 5475
6 5476 5477 5474 5379 5478 5479
6 5480 5472 5473 5477 5476 5481
6 5480 5475 5378 5478 5479 5481
3 5477 5474 5473
3 5478 5379 5378
3 5480 5472 5475
3 5481 5476 5479
6 5482 5483 5484 5485 5486 5487
6 5488 5489 5484 5483 5490 5491
6 5492 5486 5485 5489 5488 5493
6 5491 5490 5482 5487 5492 5493
3 5489 5484 5485
3 5490 5483 5482
3 5492 5486 5487
3 5493 5488 5491
6 5416 5494 5495 5346 5349 5419
6 5496 5497 5495 5346 5498 5499
6 5496 5497 5494 5416 5500 5501
6 5499 5498 5349 5419 5500 5501
3 5497 5495 5494
3 5498 5346 5349
3 5500 5416 5419
3 5501 5496 5499
6 5426 5502 5503 5356 5361 5431
6 5504 5505 5503 5356 5506 5507
6 5504 5505 5502 5426 5508 5509
6 5507 5506 5361 5431 5508 5509
3 5505 5503 5502
3 5506 5356 5361
3 5508 5426 5431
3 5509 5504 5507
6 5438 5510 5511 5512 5513 5443
6 5514 5515 5511 5512 5516 5517
6 5514 5515 5510 5438 5518 5519
6 5517 5516 5513 5443 5518 5519
3 5515 5511 5510
3 5516 5512 5513
3 5518 5438 5443
3 5519 5514 5517
6 5520 5521 5522 5368 5371 5523
6 5524 5525 5522 5368 5526 5527
6 5528 5520 5521 5525 5524 5529
6 5528 5523 5371 5526 5527 5529
3 5525 5522 5521
3 5526 5368 5371
3 5528 5520 5523
3 5529 5524 5527
6 5530 5531 5532 5533 5534 5535
6 5536 5537 5532 5533 5538 5539
6 5540 5530 5531 5537 5536 5541
6 5540 5535 5534 5538 5539 5541
3 5537 5532 5531
3 5538 5533 5534
3 5540 5530 5535
3 5541 5536 5539
6 5542 5543 5544 5545 5546 5547
6 5548 5549 5544 5545 5550 5551
6 5552 5542 5543 5549 5548 5553
6 5552 5547 5546 5550 5551 5553
3 5549 5544 5543
3 5550 5545 5546
3 5552 5542 5547
3 5553 5548 5551
6 5554 5555 5556 5382 5383 5557
6 5558 5559 5556 5382 5560 5561
6 5562 5554 5555 5559 5558 5563
6 5562 5557 5383 5560 5561 5563
3 5559 5556 5555
3 5560 5382 5383
3 5562 5554 5557
3 5563 5558 5561
6 5564 5565 5566 5567 5568 5569
6 5570 5571 5566 5567 5572 5573
6 5574 5564 5565 5571 5570 5575
6 5574 5569 5568 5572 5573 5575
3 5571 5566 5565
3 5572 5567 5568
3 5574 5564 5569
3 5575 5570 5573
6 5576 5577 5578 5483 5482 5579
6 5580 5581 5578 5483 5582 5583
6 5584 5576 5577 5581 5580 5585
6 5584 5579 5482 5582 5583 5585
3 5581 5578 5577
3 5582 5483 5482
3 5584 5576 5579
3 5585 5580 5583
6 5520 5586 5587 5450 5453 5523
6 5588 5589 5587 5450 5590 5591
6 5588 5589 5586 5520 5592 5593
6 5591 5590 5453 5523 5592 5593
3 5589 5587 5586
3 5590 5450 5453
3 5592 5520 5523
3 5593 5588 5591
6 5530 5594 5595 5460 5465 5535
6 5596 5597 5595 5460 5598 5599
6 5596 5597 5594 5530 5600 5601
6 5599 5598 5465 5535 5600 5601
3 5597 5595 5594
3 5598 5460 5465
3 5600 5530 5535
3 5601 5596 5599
6 5542 5602 5603 5604 5605 5547
6 5606 5607 5603 5604 5608 5609
6 5606 5607 5602 5542 5610 5611
6 5609 5608 5605 5547 5610 5611
3 5607 5603 5602
3 5608 5604 5605
3 5610 5542 5547
3 5611 5606 5609
6 5612 5613 5614 5472 5475 5615
6 5616 5617 5614 5472 5618 5619
6 5620 5612 5613 5617 5616 5621
6 5620 5615 5475 5618 5619 5621
3 5617 5614 5613
3 5618 5472 5475
3 5620 5612 5615
3 5621 5616 5619
6 5622 5623 5624 5625 5626 5627
6 5628 5629 5624 5625 5630 5631
6 5632 5622 5623 5629 5628 5633
6 5632 5627 5626 5630 5631 5633
3 5629 5624 5623
3 5630 5625 5626
3 5632 5622 5627
3 5633 5628 5631
6 5634 5635 5636 5637 5638 5639
6 5640 5641 5636 5637 5642 5643
6 5644 5634 5635 5641 5640 5645
6 5644 5639 5638 5642 5643 5645
3 5641 5636 5635
3 5642 5637 5638
3 5644 5634 5639
3 5645 5640 5643
6 5646 5647 5648 5486 5487 5649
6 5650 5651 5648 5486 5652 5653
6 5654 5646 5647 5651 5650 5655
6 5654 5649 5487 5652 5653 5655
3 5651 5648 5647
3 5652 5486 5487
3 5654 5646 5649
3 5655 5650 5653
6 5656 5657 5658 5659 5660 5661
6 5662 5663 5658 5659 5664 5665
6 5666 5656 5657 5663 5662 5667
6 5666 5661 5660 5664 5665 5667
3 5663 5658 5657
3 5664 5659 5660
3 5666 5656 5661
3 5667 5662 5665
6 5612 5668 5669 5554 5557 5615
6 5670 5671 5669 5554 5672 5673
6 5670 5671 5668 5612 5674 5675
6 5673 5672 5557 5615 5674 5675
3 5671 5669 5668
3 5672 5554 5557
3 5674 5612 5615
3 5675 5670 5673
6 5622 5676 5677 5564 5569 5627
6 5678 5679 5677 5564 5680 5681
6 5678 5679 5676 5622 5682 5683
6 5681 5680 5569 5627 5682 5683
3 5679 5677 5676
3 5680 5564 5569
3 5682 5622 5627
3 5683 5678 5681
6 5634 5684 5685 5686 5687 5639
6 5688 5689 5685 5686 5690 5691
6 5688 5689 5684 5634 5692 5693
6 5691 5690 5687 5639 5692 5693
3 5689 5685 5684
3 5690 5686 5687
3 5692 5634 5639
3 5693 5688 5691
6 5694 5695 5696 5576 5579 5697
6 5698 5699 5696 5576 5700 5701
6 5702 5694 5695 5699 5698 5703
6 5702 5697 5579 5700 5701 5703
3 5699 5696 5695
3 5700 5576 5579
3 5702 5694 5697
3 5703 5698 5701
6 5704 5705 5706 5707 5708 5709
6 5710 5711 5706 5707 5712 5713
6 5714 5704 5705 5711 5710 5715
6 5714 5709 5708 5712 5713 5715
3 5711 5706 5705
3 5712 5707 5708
3 5714 5704 5709
3 5715 5710 5713
6 5716 5717 5718 5719 5720 5721
6 5722 5723 5718 5719 5724 5725
6 5726 5716 5717 5723 5722 5727
6 5726 5721 5720 5724 5725 5727
3 5723 5718 5717
3 5724 5719 5720
3 5726 5716 5721
3 5727 5722 5725
6 5728 5729 5730 5731 5732 5733
6 5734 5735 5730 5731 5736 5737
6 5738 5728 5729 5735 5734 5739
6 5738 5733 5732 5736 5737 5739
3 5735 5730 5729
3 5736 5731 5732
3 5738 5728 5733
3 5739 5734 5737
6 5694 5740 5741 5646 5649 5697
6 5742 5743 5741 5646 5744 5745
6 5742 5743 5740 5694 5746 5747
6 5745 5744 5649 5697 5746 5747
3 5743 5741 5740
3 5744 5646 5649
3 5746 5694 5697
3 5747 5742 5745
6 5704 5748 5749 5656 5661 5709
6 5750 5751 5749 5656 5752 5753
6 5750 5751 5748 5704 5754 5755
6 5753 5752 5661 5709 5754 5755
3 5751 5749 5748
3 5752 5656 5661
3 5754 5704 5709
3 5755 5750 5753
6 5716 5756 5757 5758 5759 5721
6 5760 5761 5757 5758 5762 5763
6 5760 5761 5756 5716 5764 5765
6 5763 5762 5759 5721 5764 5765
3 5761 5757 5756
3 5762 5758 5759
3 5764 5716 5721
3 5765 5760 5763
6 5766 5767 5768 5769 5770 5771
6 5772 5773 5768 5769 5774 5775
6 5776 5766 5767 5773 5772 5777
6 5776 5771 5770 5774 5775 5777
3 5773 5768 5767
3 5774 5769 5770
3 5776 5766 5771
3 5777 5772 5775
6 5778 5779 5780 5781 5782 5783
6 5784 5785 5780 5781 5786 5787
6 5788 5778 5779 5785 5784 5789
6 5788 5783 5782 5786 5787 5789
3 5785 5780 5779
3 5786 5781 5782
3 5788 5778 5783
3 5789 5784 5787
6 5790 5791 5792 5793 5794 5795
6 5796 5797 5792 5793 5798 5799
6 5800 5790 5791 5797 5796 5801
6 5800 5795 5794 5798 5799 5801
3 5797 5792 5791
3 5798 5793 5794
3 5800 5790 5795
3 5801 5796 5799
6 5766 5802 5803 5728 5733 5771
6 5804 5805 5803 5728 5806 5807
6 5804 5805 5802 5766 5808 5809
6 5807 5806 5733 5771 5808 5809
3 5805 5803 5802
3 5806 5728 5733
3 5808 5766 5771
3 5809 5804 5807
6 5778 5810 5811 5812 5813 5783
6 5814 5815 5811 5812 5816 5817
6 5814 5815 5810 5778 5818 5819
6 5817 5816 5813 5783 5818 5819
3 5815 5811 5810
3 5816 5812 5813
3 5818 5778 5783
3 5819 5814 5817
6 5790 5820 5821 5822 5823 5795
6 5824 5825 5821 5822 5826 5827
6 5824 5825 5820 5790 5828 5829
6 5827 5826 5823 5795 5828 5829
3 5825 5821 5820
3 5826 5822 5823
3 5828 5790 5795
3 5829 5824 5827
6 5830 5831 5832 5833 5834 5835
6 5836 5837 5832 5833 5838 5839
6 5840 5830 5831 5837 5836 5841
6 5840 5835 5834 5838 5839 5841
3 5837 5832 5831
3 5838 5833 5834
3 5840 5830 5835
3 5841 5836 5839
6 5842 5843 5844 5845 5846 5847
6 5848 5849 5844 5845 5850 5851
6 5852 5842 5843 5849 5848 5853
6 5852 5847 5846 5850 5851 5853
3 5849 5844 5843
3 5850 5845 5846
3 5852 5842 5847
3 5853 5848 5851
6 5830 5854 5855 5856 5857 5835
6 5858 5859 5855 5856 5860 5861
6 5858 5859 5854 5830 5862 5863
6 5861 5860 5857 5835 5862 5863
3 5859 5855 5854
3 5860 5856 5857
3 5862 5830 5835
3 5863 5858 5861
6 5842 5864 5865 5866 5867 5847
6 5868 5869 5865 5866 5870 5871
6 5868 5869 5864 5842 5872 5873
6 5871 5870 5867 5847 5872 5873
3 5869 5865 5864
3 5870 5866 5867
3 5872 5842 5847
3 5873 5868 5871
6 5874 5875 5876 5877 5878 5879
6 5880 5881 5876 5877 5882 5883
6 5884 5874 5875 5881 5880 5885
6 5884 5879 5878 5882 5883 5885
3 5881 5876 5875
3 5882 5877 5878
3 5884 5874 5879
3 5885 5880 5883
6 5886 5887 5888 5889 5890 5891
6 5892 5893 5888 5889 5894 5895
6 5896 5886 5887 5893 5892 5897
6 5896 5891 5890 5894 5895 5897
3 5893 5888 5887
3 5894 5889 5890
3 5896 5886 5891
3 5897 5892 5895
6 5874 5898 5899 5900 5901 5879
6 5902 5903 5899 5900 5904 5905
6 5902 5903 5898 5874 5906 5907
6 5905 5904 5901 5879 5906 5907
3 5903 5899 5898
3 5904 5900 5901
3 5906 5874 5879
3 5907 5902 5905
6 5886 5908 5909 5910 5911 5891
6 5912 5913 5909 5910 5914 5915
6 5912 5913 5908 5886 5916 5917
6 5915 5914 5911 5891 5916 5917
3 5913 5909 5908
3 5914 5910 5911
3 5916 5886 5891
3 5917 5912 5915
6 5918 5919 5920 5921 5922 5923
6 5924 5925 5920 5921 5926 5927
6 5928 5918 5919 5925 5924 5929
6 5928 5923 5922 5926 5927 5929
3 5925 5920 5919
3 5926 5921 5922
3 5928 5918 5923
3 5929 5924 5927
6 5918 5930 5931 5932 5933 5923
6 5934 5935 5931 5932 5936 5937
6 5934 5935 5930 5918 5938 5939
6 5937 5936 5933 5923 5938 5939
3 5935 5931 5930
3 5936 5932 5933
3 5938 5918 5923
3 5939 5934 5937
6 5940 5941 5942 5943 5944 5945
6 5946 5947 5942 5943 5948 5949
6 5946 5947 5941 5940 5950 5951
6 5949 5948 5944 5945 5950 5951
3 5947 5942 5941
3 5948 5943 5944
3 5950 5940 5945
3 5951 5946 5949
6 5952 5953 5954 5955 5956 5957
6 5958 5959 5954 5955 5960 5961
6 5962 5952 5953 5959 5958 5963
6 5962 5957 5956 5960 5961 5963
3 5959 5954 5953
3 5960 5955 5956
3 5962 5952 5957
3 5963 5958 5961
6 5964 5965 5966 5967 5968 5969
6 5970 5971 5966 5967 5972 5973
6 5970 5971 5965 5964 5974 5975
6 5973 5972 5968 5969 5974 5975
3 5971 5966 5965
3 5972 5967 5968
3 5974 5964 5969
3 5975 5970 5973
6 5952 5976 5977 5978 5979 5957
6 5980 5981 5977 5978 5982 5983
6 5980 5981 5976 5952 5984 5985
6 5983 5982 5979 5957 5984 5985
3 5981 5977 5976
3 5982 5978 5979
3 5984 5952 5957
3 5985 5980 5983
6 5986 5987 5988 5989 5990 5991
6 5992 5993 5988 5989 5994 5995
6 5992 5993 5987 5986 5996 5997
6 5995 5994 5990 5991 5996 5997
3 5993 5988 5987
3 5994 5989 5990
3 5996 5986 5991
3 5997 5992 5995
6 5998 5999 6000 6001 6002 6003
6 6004 6005 6000 6001 6006 6007
6 6004 6005 5999 5998 6008 6009
6 6007 6006 6002 6003 6008 6009
3 6005 6000 5999
3 6006 6001 6002
3 6008 5998 6003
3 6009 6004 6007
6 6010 6011 6012 6013 6014 6015
6 6016 6017 6012 6013 6018 6019
6 6016 6017 6011 6010 6020 6021
6 6019 6018 6014 6015 6020 6021
3 6017 6012 6011
3 6018 6013 6014
3 6020 6010 6015
3 6021 6016 6019
5 6022 6023 2 3 6024
5 6025 6026 1 0 6027
5 6028 6029 4 5 6030
5 121 122 6031 6032 143
5 161 162 6033 6034 195
5 164 163 6035 123 124
5 223 224 6036 6037 268
5 226 225 6038 142 141
5 266 267 6039 194 193
5 332 144 120 125 258
5 414 196 160 165 259
5 415 269 222 227 333
6 0 1 2 3 4 5
6 6031 6023 2 1 6026 6032
6 6033 6024 3 4 6029 6034
6 6035 6022 6023 6031 122 123
6 6036 6027 0 5 6030 6037
6 162 6033 6024 6022 6035 163
6 6038 6025 6026 6032 143 142
6 224 6036 6027 6025 6038 225
6 6039 6028 6029 6034 195 194
6 268 6037 6030 6028 6039 267
6 120 121 122 123 124 125
6 141 142 143 121 120 144
6 160 161 162 163 164 165
6 193 194 195 161 160 196
6 222 223 224 225 226 227
6 258 125 124 164 165 259
6 266 267 268 223 222 269
6 332 144 141 226 227 333
6 414 196 193 266 269 415
6 414 259 258 332 333 415
5 6040 6041 2 3 6042
5 6043 6044 7 6 6045
5 6046 6047 8 9 6048
5 173 174 6049 6050 205
5 235 236 6051 6052 278
5 238 237 6053 175 176
5 297 298 6054 6055 350
5 300 299 6056 204 203
5 348 349 6057 277 276
5 422 206 172 177 340
5 510 279 234 239 341
5 511 351 296 301 423
6 6 7 2 3 8 9
6 6044 7 2 6041 6049 6050
6 6047 8 3 6042 6051 6052
6 174 6049 6041 6040 6053 175
6 6054 6045 6 9 6048 6055
6 236 6051 6042 6040 6053 237
6 6056 6043 6044 6050 205 204
6 298 6054 6045 6043 6056 299
6 6057 6046 6047 6052 278 277
6 350 6055 6048 6046 6057 349
6 172 173 174 175 176 177
6 203 204 205 173 172 206
6 234 235 236 237 238 239
6 276 277 278 235 234 279
6 296 297 298 299 300 301
6 340 177 176 238 239 341
6 348 349 350 297 296 351
6 422 206 203 300 301 423
6 510 279 276 348 351 511
6 510 341 340 422 423 511
5 6058 6059 1 0 6060
5 6061 6062 7 6 6063
5 6064 6065 10 11 6066
5 247 248 6067 6068 288
5 309 310 6069 6070 360
5 312 311 6071 249 250
5 379 380 6072 6073 440
5 382 381 6074 287 286
5 438 439 6075 359 358
5 518 289 246 251 430
5 606 361 308 313 431
5 607 441 378 383 519
6 6 7 1 0 10 11
6 6067 6059 1 7 6062 6068
6 6065 10 0 6060 6069 6070
6 248 6067 6059 6058 6071 249
6 6066 11 6 6063 6072 6073
6 310 6069 6060 6058 6071 311
6 288 6068 6062 6061 6074 287
6 380 6072 6063 6061 6074 381
6 6075 6064 6065 6070 360 359
6 440 6073 6066 6064 6075 439
6 246 247 248 249 250 251
6 286 287 288 247 246 289
6 308 309 310 311 312 313
6 358 359 360 309 308 361
6 378 379 380 381 382 383
6 430 251 250 312 313 431
6 438 439 440 379 378 441
6 518 289 286 382 383 519
6 606 361 358 438 441 607
6 606 431 430 518 519 607
5 6076 6077 4 5 6078
5 6079 6080 8 9 6081
5 6082 6083 10 11 6084
5 321 322 6085 6086 370
5 391 392 6087 6088 450
5 394 393 6089 323 324
5 469 470 6090 6091 536
5 472 471 6092 369 368
5 534 535 6093 449 448
5 614 371 320 325 526
5 711 451 390 395 527
5 712 537 468 473 615
6 9 8 4 5 10 11
6 6085 6077 4 8 6080 6086
6 6087 6078 5 10 6083 6088
6 322 6085 6077 6076 6089 323
6 6090 6081 9 11 6084 6091
6 392 6087 6078 6076 6089 393
6 370 6086 6080 6079 6092 369
6 470 6090 6081 6079 6092 471
6 450 6088 6083 6082 6093 449
6 536 6091 6084 6082 6093 535
6 320 321 322 323 324 325
6 368 369 370 321 320 371
6 390 391 392 393 394 395
6 448 449 450 391 390 451
6 468 469 470 471 472 473
6 526 325 324 394 395 527
6 534 535 536 469 468 537
6 614 371 368 472 473 615
6 711 451 448 534 537 712
6 711 527 526 614 615 712
5 6094 6095 12 15 6096
5 6097 6098 17 18 6099
5 6100 6101 19 20 6102
5 403 404 6103 6104 460
5 481 482 6105 6106 546
5 484 483 6107 405 406
5 565 566 6108 6109 632
5 568 567 6110 459 458
5 630 631 6111 545 544
5 719 461 402 407 622
5 828 547 480 485 623
5 829 633 564 569 720
6 18 17 12 15 19 20
6 6103 6095 12 17 6098 6104
6 6105 6096 15 19 6101 6106
6 404 6103 6095 6094 6107 405
6 6108 6099 18 20 6102 6109
6 482 6105 6096 6094 6107 483
6 460 6104 6098 6097 6110 459
6 566 6108 6099 6097 6110 567
6 546 6106 6101 6100 6111 545
6 632 6109 6102 6100 6111 631
6 402 403 404 405 406 407
6 458 459 460 403 402 461
6 480 481 482 483 484 485
6 544 545 546 481 480 547
6 564 565 566 567 568 569
6 622 407 406 484 485 623
6 630 631 632 565 564 633
6 719 461 458 568 569 720
6 828 547 544 630 633 829
6 828 623 622 719 720 829
5 6112 6113 21 24 6114
5 6115 6116 26 27 6117
5 6118 6119 28 29 6120
5 493 494 6121 6122 556
5 577 578 6123 6124 642
5 580 579 6125 495 496
5 661 662 6126 6127 737
5 664 663 6128 555 554
5 735 736 6129 641 640
5 836 557 492 497 727
5 954 643 576 581 728
5 955 738 660 665 837
6 27 26 21 24 28 29
6 6121 6113 21 26 6116 6122
6 6123 6114 24 28 6119 6124
6 494 6121 6113 6112 6125 495
6 6126 6117 27 29 6120 6127
6 578 6123 6114 6112 6125 579
6 556 6122 6116 6115 6128 555
6 662 6126 6117 6115 6128 663
6 642 6124 6119 6118 6129 641
6 737 6127 6120 6118 6129 736
6 492 493 494 495 496 497
6 554 555 556 493 492 557
6 576 577 578 579 580 581
6 640 641 642 577 576 643
6 660 661 662 663 664 665
6 727 497 496 580 581 728
6 735 736 737 661 660 738
6 836 557 554 664 665 837
6 954 643 640 735 738 955
6 954 728 727 836 837 955
5 164 163 6035 123 124
5 6130 6131 6132 6133 6134
5 6135 6136 6137 6138 6139
5 6140 6141 6142 6143 6144
5 748 6145 6146 6147 747
5 847 6148 6149 6150 846
5 778 779 6151 6152 866
5 781 780 6153 6154 964
5 864 865 6155 746 745
5 962 963 6156 845 844
5 1092 750 749 848 849
5 1093 867 777 782 965
6 6133 6132 6035 123 6137 6138
6 6142 163 6035 6132 6131 6143
6 6146 124 123 6137 6136 6147
6 6149 164 163 6142 6141 6150
6 6151 6134 6133 6138 6139 6152
6 6145 6146 124 164 6149 6148
6 6153 6130 6131 6143 6144 6154
6 779 6151 6134 6130 6153 780
6 747 6147 6136 6135 6155 746
6 866 6152 6139 6135 6155 865
6 846 6150 6141 6140 6156 845
6 964 6154 6144 6140 6156 963
6 749 748 6145 6148 847 848
6 745 746 747 748 749 750
6 777 778 779 780 781 782
6 844 845 846 847 848 849
6 864 865 866 778 777 867
6 962 963 964 781 782 965
6 1092 750 745 864 867 1093
6 1092 849 844 962 965 1093
5 6157 6158 39 42 6159
5 6160 6161 44 45 6162
5 6163 6164 46 47 6165
5 589 590 6166 6167 652
5 682 683 6168 6169 759
5 685 684 6170 591 592
5 790 791 6171 6172 876
5 793 792 6173 651 650
5 874 875 6174 758 757
5 972 653 588 593 856
5 1100 760 681 686 857
5 1101 877 789 794 973
6 45 44 39 42 46 47
6 6166 6158 39 44 6161 6167
6 6168 6159 42 46 6164 6169
6 590 6166 6158 6157 6170 591
6 6171 6162 45 47 6165 6172
6 683 6168 6159 6157 6170 684
6 652 6167 6161 6160 6173 651
6 791 6171 6162 6160 6173 792
6 759 6169 6164 6163 6174 758
6 876 6172 6165 6163 6174 875
6 588 589 590 591 592 593
6 650 651 652 589 588 653
6 681 682 683 684 685 686
6 757 758 759 682 681 760
6 789 790 791 792 793 794
6 856 593 592 685 686 857
6 874 875 876 790 789 877
6 972 653 650 793 794 973
6 1100 760 757 874 877 1101
6 1100 857 856 972 973 1101
5 226 225 6038 142 141
5 6175 6176 6177 6178 6179
5 6180 6181 6182 6183 6184
5 6185 6186 6187 6188 6189
5 887 6190 6191 6192 886
5 983 6193 6194 6195 982
5 907 908 6196 6197 1002
5 910 909 6198 6199 1110
5 1000 1001 6200 885 884
5 1108 1109 6201 981 980
5 1248 889 888 984 985
5 1249 1003 906 911 1111
6 6178 6177 6038 142 6182 6183
6 6187 225 6038 6177 6176 6188
6 6191 141 142 6182 6181 6192
6 6194 226 225 6187 6186 6195
6 6196 6179 6178 6183 6184 6197
6 6190 6191 141 226 6194 6193
6 6198 6175 6176 6188 6189 6199
6 908 6196 6179 6175 6198 909
6 886 6192 6181 6180 6200 885
6 1002 6197 6184 6180 6200 1001
6 982 6195 6186 6185 6201 981
6 1110 6199 6189 6185 6201 1109
6 888 887 6190 6193 983 984
6 884 885 886 887 888 889
6 906 907 908 909 910 911
6 980 981 982 983 984 985
6 1000 1001 1002 907 906 1003
6 1108 1109 1110 910 911 1111
6 1248 889 884 1000 1003 1249
6 1248 985 980 1108 1111 1249
5 6202 6203 66 69 6204
5 6205 6206 71 72 6207
5 6208 6209 73 74 6210
5 694 695 6211 6212 769
5 811 812 6213 6214 898
5 814 813 6215 696 697
5 919 920 6216 6217 1012
5 922 921 6218 768 767
5 1010 1011 6219 897 896
5 1118 770 693 698 992
5 1256 899 810 815 993
5 1257 1013 918 923 1119
6 72 71 66 69 73 74
6 6211 6203 66 71 6206 6212
6 6213 6204 69 73 6209 6214
6 695 6211 6203 6202 6215 696
6 6216 6207 72 74 6210 6217
6 812 6213 6204 6202 6215 813
6 769 6212 6206 6205 6218 768
6 920 6216 6207 6205 6218 921
6 898 6214 6209 6208 6219 897
6 1012 6217 6210 6208 6219 1011
6 693 694 695 696 697 698
6 767 768 769 694 693 770
6 810 811 812 813 814 815
6 896 897 898 811 810 899
6 918 919 920 921 922 923
6 992 698 697 814 815 993
6 1010 1011 1012 919 918 1013
6 1118 770 767 922 923 1119
6 1256 899 896 1010 1013 1257
6 1256 993 992 1118 1119 1257
5 266 267 6039 194 193
5 6220 6221 6222 6223 6224
5 6225 6226 6227 6228 6229
5 6230 6231 6232 6233 6234
5 1023 6235 6236 6237 1022
5 1129 6238 6239 6240 1128
5 1045 1046 6241 6242 1152
5 1048 1047 6243 6244 1266
5 1150 1151 6245 1021 1020
5 1264 1265 6246 1127 1126
5 1409 1025 1024 1130 1131
5 1410 1153 1044 1049 1267
6 6223 6222 6039 194 6227 6228
6 6232 267 6039 6222 6221 6233
6 6236 193 194 6227 6226 6237
6 6239 266 267 6232 6231 6240
6 6241 6224 6223 6228 6229 6242
6 6235 6236 193 266 6239 6238
6 6243 6220 6221 6233 6234 6244
6 1046 6241 6224 6220 6243 1047
6 1022 6237 6226 6225 6245 1021
6 1152 6242 6229 6225 6245 1151
6 1128 6240 6231 6230 6246 1127
6 1266 6244 6234 6230 6246 1265
6 1024 1023 6235 6238 1129 1130
6 1020 1021 1022 1023 1024 1025
6 1044 1045 1046 1047 1048 1049
6 1126 1127 1128 1129 1130 1131
6 1150 1151 1152 1045 1044 1153
6 1264 1265 1266 1048 1049 1267
6 1409 1025 1020 1150 1153 1410
6 1409 1131 1126 1264 1267 1410
5 300 299 6056 204 203
5 6247 6248 6249 6250 6251
5 6252 6253 6254 6255 6256
5 6257 6258 6259 6260 6261
5 1035 6262 6263 6264 1034
5 1141 6265 6266 6267 1140
5 1057 1058 6268 6269 1162
5 1060 1059 6270 6271 1276
5 1160 1161 6272 1033 1032
5 1274 1275 6273 1139 1138
5 1417 1037 1036 1142 1143
5 1418 1163 1056 1061 1277
6 6250 6249 6056 204 6254 6255
6 6259 299 6056 6249 6248 6260
6 6263 203 204 6254 6253 6264
6 6266 300 299 6259 6258 6267
6 6268 6251 6250 6255 6256 6269
6 6262 6263 203 300 6266 6265
6 6270 6247 6248 6260 6261 6271
6 1058 6268 6251 6247 6270 1059
6 1034 6264 6253 6252 6272 1033
6 1162 6269 6256 6252 6272 1161
6 1140 6267 6258 6257 6273 1139
6 1276 6271 6261 6257 6273 1275
6 1036 1035 6262 6265 1141 1142
6 1032 1033 1034 1035 1036 1037
6 1056 1057 1058 1059 1060 1061
6 1138 1139 1140 1141 1142 1143
6 1160 1161 1162 1057 1056 1163
6 1274 1275 1276 1060 1061 1277
6 1417 1037 1032 1160 1163 1418
6 1417 1143 1138 1274 1277 1418
5 332 144 120 125 258
5 6274 6275 6276 6277 6278
5 6279 6280 6281 6282 6283
5 6284 6285 6286 6287 6288
5 1173 6289 6290 6291 1172
5 1287 6292 6293 6294 1286
5 1195 1196 6295 6296 1310
5 1198 1197 6297 6298 1427
5 1308 1309 6299 1171 1170
5 1425 1426 6300 1285 1284
5 1580 1175 1174 1288 1289
5 1581 1311 1194 1199 1428
6 6277 6276 120 125 6281 6282
6 6286 144 120 6276 6275 6287
6 6290 258 125 6281 6280 6291
6 6293 332 144 6286 6285 6294
6 6295 6278 6277 6282 6283 6296
6 6289 6290 258 332 6293 6292
6 6297 6274 6275 6287 6288 6298
6 1196 6295 6278 6274 6297 1197
6 1172 6291 6280 6279 6299 1171
6 1310 6296 6283 6279 6299 1309
6 1286 6294 6285 6284 6300 1285
6 1427 6298 6288 6284 6300 1426
6 1174 1173 6289 6292 1287 1288
6 1170 1171 1172 1173 1174 1175
6 1194 1195 1196 1197 1198 1199
6 1284 1285 1286 1287 1288 1289
6 1308 1309 1310 1195 1194 1311
6 1425 1426 1427 1198 1199 1428
6 1580 1175 1170 1308 1311 1581
6 1580 1289 1284 1425 1428 1581
5 348 349 6057 277 276
5 6301 6302 6303 6304 6305
5 6306 6307 6308 6309 6310
5 6311 6312 6313 6314 6315
5 1185 6316 6317 6318 1184
5 1299 6319 6320 6321 1298
5 1207 1208 6322 6323 1320
5 1210 1209 6324 6325 1437
5 1318 1319 6326 1183 1182
5 1435 1436 6327 1297 1296
5 1588 1187 1186 1300 1301
5 1589 1321 1206 1211 1438
6 6304 6303 6057 277 6308 6309
6 6313 349 6057 6303 6302 6314
6 6317 276 277 6308 6307 6318
6 6320 348 349 6313 6312 6321
6 6322 6305 6304 6309 6310 6323
6 6316 6317 276 348 6320 6319
6 6324 6301 6302 6314 6315 6325
6 1208 6322 6305 6301 6324 1209
6 1184 6318 6307 6306 6326 1183
6 1320 6323 6310 6306 6326 1319
6 1298 6321 6312 6311 6327 1297
6 1437 6325 6315 6311 6327 1436
6 1186 1185 6316 6319 1299 1300
6 1182 1183 1184 1185 1186 1187
6 1206 1207 1208 1209 1210 1211
6 1296 1297 1298 1299 1300 1301
6 1318 1319 1320 1207 1206 1321
6 1435 1436 1437 1210 1211 1438
6 1588 1187 1182 1318 1321 1589
6 1588 1301 1296 1435 1438 1589
5 414 196 160 165 259
5 6328 6329 6330 6331 6332
5 6333 6334 6335 6336 6337
5 6338 6339 6340 6341 6342
5 6343 6344 6345 6346 6347
5 1448 6348 6349 6350 1447
5 1353 1354 6351 6352 1483
5 1356 1355 6353 6354 1598
5 1481 1482 6355 6356 1751
5 1596 1597 6357 1446 1445
5 1749 1750 6358 1449 1450
5 1752 1484 1352 1357 1599
6 6331 6330 160 165 6335 6336
6 6340 196 160 6330 6329 6341
6 6345 259 165 6335 6334 6346
6 6349 414 196 6340 6339 6350
6 6351 6332 6331 6336 6337 6352
6 6344 6345 259 414 6349 6348
6 6353 6328 6329 6341 6342 6354
6 1354 6351 6332 6328 6353 1355
6 6355 6333 6334 6346 6347 6356
6 1483 6352 6337 6333 6355 1482
6 1447 6350 6339 6338 6357 1446
6 1598 6354 6342 6338 6357 1597
6 1448 6348 6344 6343 6358 1449
6 1751 6356 6347 6343 6358 1750
6 1352 1353 1354 1355 1356 1357
6 1445 1446 1447 1448 1449 1450
6 1481 1482 1483 1353 1352 1484
6 1596 1597 1598 1356 1357 1599
6 1749 1750 1751 1481 1484 1752
6 1749 1450 1445 1596 1599 1752
5 422 206 172 177 340
5 6359 6360 6361 6362 6363
5 6364 6365 6366 6367 6368
5 6369 6370 6371 6372 6373
5 1331 6374 6375 6376 1330
5 1460 6377 6378 6379 1459
5 1365 1366 6380 6381 1493
5 1368 1367 6382 6383 1608
5 1491 1492 6384 1329 1328
5 1606 1607 6385 1458 1457
5 1759 1333 1332 1461 1462
5 1760 1494 1364 1369 1609
6 6362 6361 172 177 6366 6367
6 6371 206 172 6361 6360 6372
6 6375 340 177 6366 6365 6376
6 6378 422 206 6371 6370 6379
6 6380 6363 6362 6367 6368 6381
6 6374 6375 340 422 6378 6377
6 6382 6359 6360 6372 6373 6383
6 1366 6380 6363 6359 6382 1367
6 1330 6376 6365 6364 6384 1329
6 1493 6381 6368 6364 6384 1492
6 1459 6379 6370 6369 6385 1458
6 1608 6383 6373 6369 6385 1607
6 1332 1331 6374 6377 1460 1461
6 1328 1329 1330 1331 1332 1333
6 1364 1365 1366 1367 1368 1369
6 1457 1458 1459 1460 1461 1462
6 1491 1492 1493 1365 1364 1494
6 1606 1607 1608 1368 1369 1609
6 1759 1333 1328 1491 1494 1760
6 1759 1462 1457 1606 1609 1760
5 438 439 6075 359 358
5 6386 6387 6388 6389 6390
5 6391 6392 6393 6394 6395
5 6396 6397 6398 6399 6400
5 1343 6401 6402 6403 1342
5 1472 6404 6405 6406 1471
5 1377 1378 6407 6408 1503
5 1380 1379 6409 6410 1618
5 1501 1502 6411 1341 1340
5 1616 1617 6412 1470 1469
5 1767 1345 1344 1473 1474
5 1768 1504 1376 1381 1619
6 6389 6388 6075 359 6393 6394
6 6398 439 6075 6388 6387 6399
6 6402 358 359 6393 6392 6403
6 6405 438 439 6398 6397 6406
6 6407 6390 6389 6394 6395 6408
6 6401 6402 358 438 6405 6404
6 6409 6386 6387 6399 6400 6410
6 1378 6407 6390 6386 6409 1379
6 1342 6403 6392 6391 6411 1341
6 1503 6408 6395 6391 6411 1502
6 1471 6406 6397 6396 6412 1470
6 1618 6410 6400 6396 6412 1617
6 1344 1343 6401 6404 1472 1473
6 1340 1341 1342 1343 1344 1345
6 1376 1377 1378 1379 1380 1381
6 1469 1470 1471 1472 1473 1474
6 1501 1502 1503 1377 1376 1504
6 1616 1617 1618 1380 1381 1619
6 1767 1345 1340 1501 1504 1768
6 1767 1474 1469 1616 1619 1768
5 415 269 222 227 333
5 6413 6414 6415 6416 6417
5 6418 6419 6420 6421 6422
5 6423 6424 6425 6426 6427
5 6428 6429 6430 6431 6432
5 6433 6434 6435 6436 6437
5 1524 1525 6438 6439 1652
5 1527 1526 6440 6441 1777
5 1650 1651 6442 6443 1936
5 1775 1776 6444 6445 2104
5 1934 1935 6446 6447 2103
5 1937 1653 1523 1528 1778
6 6416 6415 222 227 6420 6421
6 6425 269 222 6415 6414 6426
6 6430 333 227 6420 6419 6431
6 6435 415 269 6425 6424 6436
6 6438 6417 6416 6421 6422 6439
6 6429 6430 333 415 6435 6434
6 6440 6413 6414 6426 6427 6441
6 1525 6438 6417 6413 6440 1526
6 6442 6418 6419 6431 6432 6443
6 1652 6439 6422 6418 6442 1651
6 6444 6423 6424 6436 6437 6445
6 1777 6441 6427 6423 6444 1776
6 6446 6428 6429 6434 6433 6447
6 1936 6443 6432 6428 6446 1935
6 1523 1524 1525 1526 1527 1528
6 2104 6445 6437 6433 6447 2103
6 1650 1651 1652 1524 1523 1653
6 1775 1776 1777 1527 1528 1778
6 1934 1935 1936 1650 1653 1937
6 1934 2103 2104 1775 1778 1937
5 510 279 234 239 341
5 6448 6449 6450 6451 6452
5 6453 6454 6455 6456 6457
5 6458 6459 6460 6461 6462
5 6463 6464 6465 6466 6467
5 1629 6468 6469 6470 1628
5 1536 1537 6471 6472 1662
5 1539 1538 6473 6474 1787
5 1660 1661 6475 6476 1946
5 1785 1786 6477 1627 1626
5 1944 1945 6478 1630 1631
5 1947 1663 1535 1540 1788
6 6451 6450 234 239 6455 6456
6 6460 279 234 6450 6449 6461
6 6465 341 239 6455 6454 6466
6 6469 510 279 6460 6459 6470
6 6471 6452 6451 6456 6457 6472
6 6464 6465 341 510 6469 6468
6 6473 6448 6449 6461 6462 6474
6 1537 6471 6452 6448 6473 1538
6 6475 6453 6454 6466 6467 6476
6 1662 6472 6457 6453 6475 1661
6 1628 6470 6459 6458 6477 1627
6 1787 6474 6462 6458 6477 1786
6 1629 6468 6464 6463 6478 1630
6 1946 6476 6467 6463 6478 1945
6 1535 1536 1537 1538 1539 1540
6 1626 1627 1628 1629 1630 1631
6 1660 1661 1662 1536 1535 1663
6 1785 1786 1787 1539 1540 1788
6 1944 1945 1946 1660 1663 1947
6 1944 1631 1626 1785 1788 1947
5 518 289 246 251 430
5 6479 6480 6481 6482 6483
5 6484 6485 6486 6487 6488
5 6489 6490 6491 6492 6493
5 1514 6494 6495 6496 1513
5 1641 6497 6498 6499 1640
5 1548 1549 6500 6501 1672
5 1551 1550 6502 6503 1797
5 1670 1671 6504 1512 1511
5 1795 1796 6505 1639 1638
5 1954 1516 1515 1642 1643
5 1955 1673 1547 1552 1798
6 6482 6481 246 251 6486 6487
6 6491 289 246 6481 6480 6492
6 6495 430 251 6486 6485 6496
6 6498 518 289 6491 6490 6499
6 6500 6483 6482 6487 6488 6501
6 6494 6495 430 518 6498 6497
6 6502 6479 6480 6492 6493 6503
6 1549 6500 6483 6479 6502 1550
6 1513 6496 6485 6484 6504 1512
6 1672 6501 6488 6484 6504 1671
6 1640 6499 6490 6489 6505 1639
6 1797 6503 6493 6489 6505 1796
6 1515 1514 6494 6497 1641 1642
6 1511 1512 1513 1514 1515 1516
6 1547 1548 1549 1550 1551 1552
6 1638 1639 1640 1641 1642 1643
6 1670 1671 1672 1548 1547 1673
6 1795 1796 1797 1551 1552 1798
6 1954 1516 1511 1670 1673 1955
6 1954 1643 1638 1795 1798 1955
5 511 351 296 301 423
5 6506 6507 6508 6509 6510
5 6511 6512 6513 6514 6515
5 6516 6517 6518 6519 6520
5 6521 6522 6523 6524 6525
5 6526 6527 6528 6529 6530
5 1693 1694 6531 6532 1831
5 1696 1695 6533 6534 1964
5 1829 1830 6535 6536 2125
5 1962 1963 6537 6538 2293
5 2123 2124 6539 6540 2292
5 2126 1832 1692 1697 1965
6 6509 6508 296 301 6513 6514
6 6518 351 296 6508 6507 6519
6 6523 423 301 6513 6512 6524
6 6528 511 351 6518 6517 6529
6 6531 6510 6509 6514 6515 6532
6 6522 6523 423 511 6528 6527
6 6533 6506 6507 6519 6520 6534
6 1694 6531 6510 6506 6533 1695
6 6535 6511 6512 6524 6525 6536
6 1831 6532 6515 6511 6535 1830
6 6537 6516 6517 6529 6530 6538
6 1964 6534 6520 6516 6537 1963
6 6539 6521 6522 6527 6526 6540
6 2125 6536 6525 6521 6539 2124
6 1692 1693 1694 1695 1696 1697
6 2293 6538 6530 6526 6540 2292
6 1829 1830 1831 1693 1692 1832
6 1962 1963 1964 1696 1697 1965
6 2123 2124 2125 1829 1832 2126
6 2123 2292 2293 1962 1965 2126
5 606 361 308 313 431
5 6541 6542 6543 6544 6545
5 6546 6547 6548 6549 6550
5 6551 6552 6553 6554 6555
5 6556 6557 6558 6559 6560
5 1808 6561 6562 6563 1807
5 1705 1706 6564 6565 1841
5 1708 1707 6566 6567 1974
5 1839 1840 6568 6569 2135
5 1972 1973 6570 1806 1805
5 2133 2134 6571 1809 1810
5 2136 1842 1704 1709 1975
6 6544 6543 308 313 6548 6549
6 6553 361 308 6543 6542 6554
6 6558 431 313 6548 6547 6559
6 6562 606 361 6553 6552 6563
6 6564 6545 6544 6549 6550 6565
6 6557 6558 431 606 6562 6561
6 6566 6541 6542 6554 6555 6567
6 1706 6564 6545 6541 6566 1707
6 6568 6546 6547 6559 6560 6569
6 1841 6565 6550 6546 6568 1840
6 1807 6563 6552 6551 6570 1806
6 1974 6567 6555 6551 6570 1973
6 1808 6561 6557 6556 6571 1809
6 2135 6569 6560 6556 6571 2134
6 1704 1705 1706 1707 1708 1709
6 1805 1806 1807 1808 1809 1810
6 1839 1840 1841 1705 1704 1842
6 1972 1973 1974 1708 1709 1975
6 2133 2134 2135 1839 1842 2136
6 2133 1810 1805 1972 1975 2136
5 614 371 320 325 526
5 6572 6573 6574 6575 6576
5 6577 6578 6579 6580 6581
5 6582 6583 6584 6585 6586
5 1683 6587 6588 6589 1682
5 1820 6590 6591 6592 1819
5 1717 1718 6593 6594 1851
5 1720 1719 6595 6596 1984
5 1849 1850 6597 1681 1680
5 1982 1983 6598 1818 1817
5 2143 1685 1684 1821 1822
5 2144 1852 1716 1721 1985
6 6575 6574 320 325 6579 6580
6 6584 371 320 6574 6573 6585
6 6588 526 325 6579 6578 6589
6 6591 614 371 6584 6583 6592
6 6593 6576 6575 6580 6581 6594
6 6587 6588 526 614 6591 6590
6 6595 6572 6573 6585 6586 6596
6 1718 6593 6576 6572 6595 1719
6 1682 6589 6578 6577 6597 1681
6 1851 6594 6581 6577 6597 1850
6 1819 6592 6583 6582 6598 1818
6 1984 6596 6586 6582 6598 1983
6 1684 1683 6587 6590 1820 1821
6 1680 1681 1682 1683 1684 1685
6 1716 1717 1718 1719 1720 1721
6 1817 1818 1819 1820 1821 1822
6 1849 1850 1851 1717 1716 1852
6 1982 1983 1984 1720 1721 1985
6 2143 1685 1680 1849 1852 2144
6 2143 1822 1817 1982 1985 2144
5 607 441 378 383 519
5 6599 6600 6601 6602 6603
5 6604 6605 6606 6607 6608
5 6609 6610 6611 6612 6613
5 6614 6615 6616 6617 6618
5 6619 6620 6621 6622 6623
5 1872 1873 6624 6625 2018
5 1875 1874 6626 6627 2153
5 2016 2017 6628 6629 2314
5 2151 2152 6630 6631 2485
5 2312 2313 6632 6633 2484
5 2315 2019 1871 1876 2154
6 6602 6601 378 383 6606 6607
6 6611 441 378 6601 6600 6612
6 6616 519 383 6606 6605 6617
6 6621 607 441 6611 6610 6622
6 6624 6603 6602 6607 6608 6625
6 6615 6616 519 607 6621 6620
6 6626 6599 6600 6612 6613 6627
6 1873 6624 6603 6599 6626 1874
6 6628 6604 6605 6617 6618 6629
6 2018 6625 6608 6604 6628 2017
6 6630 6609 6610 6622 6623 6631
6 2153 6627 6613 6609 6630 2152
6 6632 6614 6615 6620 6619 6633
6 2314 6629 6618 6614 6632 2313
6 1871 1872 1873 1874 1875 1876
6 2485 6631 6623 6619 6633 2484
6 2016 2017 2018 1872 1871 2019
6 2151 2152 2153 1875 1876 2154
6 2312 2313 2314 2016 2019 2315
6 2312 2484 2485 2151 2154 2315
5 711 451 390 395 527
5 6634 6635 6636 6637 6638
5 6639 6640 6641 6642 6643
5 6644 6645 6646 6647 6648
5 6649 6650 6651 6652 6653
5 1995 6654 6655 6656 1994
5 1884 1885 6657 6658 2028
5 1887 1886 6659 6660 2163
5 2026 2027 6661 6662 2324
5 2161 2162 6663 1993 1992
5 2322 2323 6664 1996 1997
5 2325 2029 1883 1888 2164
6 6637 6636 390 395 6641 6642
6 6646 451 390 6636 6635 6647
6 6651 527 395 6641 6640 6652
6 6655 711 451 6646 6645 6656
6 6657 6638 6637 6642 6643 6658
6 6650 6651 527 711 6655 6654
6 6659 6634 6635 6647 6648 6660
6 1885 6657 6638 6634 6659 1886
6 6661 6639 6640 6652 6653 6662
6 2028 6658 6643 6639 6661 2027
6 1994 6656 6645 6644 6663 1993
6 2163 6660 6648 6644 6663 2162
6 1995 6654 6650 6649 6664 1996
6 2324 6662 6653 6649 6664 2323
6 1883 1884 1885 1886 1887 1888
6 1992 1993 1994 1995 1996 1997
6 2026 2027 2028 1884 1883 2029
6 2161 2162 2163 1887 1888 2164
6 2322 2323 2324 2026 2029 2325
6 2322 1997 1992 2161 2164 2325
5 719 461 402 407 622
5 6665 6666 6667 6668 6669
5 6670 6671 6672 6673 6674
5 6675 6676 6677 6678 6679
5 1862 6680 6681 6682 1861
5 2007 6683 6684 6685 2006
5 1896 1897 6686 6687 2038
5 1899 1898 6688 6689 2173
5 2036 2037 6690 1860 1859
5 2171 2172 6691 2005 2004
5 2332 1864 1863 2008 2009
5 2333 2039 1895 1900 2174
6 6668 6667 402 407 6672 6673
6 6677 461 402 6667 6666 6678
6 6681 622 407 6672 6671 6682
6 6684 719 461 6677 6676 6685
6 6686 6669 6668 6673 6674 6687
6 6680 6681 622 719 6684 6683
6 6688 6665 6666 6678 6679 6689
6 1897 6686 6669 6665 6688 1898
6 1861 6682 6671 6670 6690 1860
6 2038 6687 6674 6670 6690 2037
6 2006 6685 6676 6675 6691 2005
6 2173 6689 6679 6675 6691 2172
6 1863 1862 6680 6683 2007 2008
6 1859 1860 1861 1862 1863 1864
6 1895 1896 1897 1898 1899 1900
6 2004 2005 2006 2007 2008 2009
6 2036 2037 2038 1896 1895 2039
6 2171 2172 2173 1899 1900 2174
6 2332 1864 1859 2036 2039 2333
6 2332 2009 2004 2171 2174 2333
5 712 537 468 473 615
5 6692 6693 6694 6695 6696
5 6697 6698 6699 6700 6701
5 6702 6703 6704 6705 6706
5 6707 6708 6709 6710 6711
5 6712 6713 6714 6715 6716
5 2059 2060 6717 6718 2207
5 2062 2061 6719 6720 2342
5 2205 2206 6721 6722 2506
5 2340 2341 6723 6724 2687
5 2504 2505 6725 6726 2686
5 2507 2208 2058 2063 2343
6 6695 6694 468 473 6699 6700
6 6704 537 468 6694 6693 6705
6 6709 615 473 6699 6698 6710
6 6714 712 537 6704 6703 6715
6 6717 6696 6695 6700 6701 6718
6 6708 6709 615 712 6714 6713
6 6719 6692 6693 6705 6706 6720
6 2060 6717 6696 6692 6719 2061
6 6721 6697 6698 6710 6711 6722
6 2207 6718 6701 6697 6721 2206
6 6723 6702 6703 6715 6716 6724
6 2342 6720 6706 6702 6723 2341
6 6725 6707 6708 6713 6712 6726
6 2506 6722 6711 6707 6725 2505
6 2058 2059 2060 2061 2062 2063
6 2687 6724 6716 6712 6726 2686
6 2205 2206 2207 2059 2058 2208
6 2340 2341 2342 2062 2063 2343
6 2504 2505 2506 2205 2208 2507
6 2504 2686 2687 2340 2343 2507
5 828 547 480 485 623
5 6727 6728 6729 6730 6731
5 6732 6733 6734 6735 6736
5 6737 6738 6739 6740 6741
5 6742 6743 6744 6745 6746
5 2184 6747 6748 6749 2183
5 2071 2072 6750 6751 2217
5 2074 2073 6752 6753 2352
5 2215 2216 6754 6755 2516
5 2350 2351 6756 2182 2181
5 2514 2515 6757 2185 2186
5 2517 2218 2070 2075 2353
6 6730 6729 480 485 6734 6735
6 6739 547 480 6729 6728 6740
6 6744 623 485 6734 6733 6745
6 6748 828 547 6739 6738 6749
6 6750 6731 6730 6735 6736 6751
6 6743 6744 623 828 6748 6747
6 6752 6727 6728 6740 6741 6753
6 2072 6750 6731 6727 6752 2073
6 6754 6732 6733 6745 6746 6755
6 2217 6751 6736 6732 6754 2216
6 2183 6749 6738 6737 6756 2182
6 2352 6753 6741 6737 6756 2351
6 2184 6747 6743 6742 6757 2185
6 2516 6755 6746 6742 6757 2515
6 2070 2071 2072 2073 2074 2075
6 2181 2182 2183 2184 2185 2186
6 2215 2216 2217 2071 2070 2218
6 2350 2351 2352 2074 2075 2353
6 2514 2515 2516 2215 2218 2517
6 2514 2186 2181 2350 2353 2517
5 836 557 492 497 727
5 6758 6759 6760 6761 6762
5 6763 6764 6765 6766 6767
5 6768 6769 6770 6771 6772
5 2049 6773 6774 6775 2048
5 2196 6776 6777 6778 2195
5 2083 2084 6779 6780 2227
5 2086 2085 6781 6782 2362
5 2225 2226 6783 2047 2046
5 2360 2361 6784 2194 2193
5 2524 2051 2050 2197 2198
5 2525 2228 2082 2087 2363
6 6761 6760 492 497 6765 6766
6 6770 557 492 6760 6759 6771
6 6774 727 497 6765 6764 6775
6 6777 836 557 6770 6769 6778
6 6779 6762 6761 6766 6767 6780
6 6773 6774 727 836 6777 6776
6 6781 6758 6759 6771 6772 6782
6 2084 6779 6762 6758 6781 2085
6 2048 6775 6764 6763 6783 2047
6 2227 6780 6767 6763 6783 2226
6 2195 6778 6769 6768 6784 2194
6 2362 6782 6772 6768 6784 2361
6 2050 2049 6773 6776 2196 2197
6 2046 2047 2048 2049 2050 2051
6 2082 2083 2084 2085 2086 2087
6 2193 2194 2195 2196 2197 2198
6 2225 2226 2227 2083 2082 2228
6 2360 2361 2362 2086 2087 2363
6 2524 2051 2046 2225 2228 2525
6 2524 2198 2193 2360 2363 2525
5 829 633 564 569 720
5 6785 6786 6787 6788 6789
5 6790 6791 6792 6793 6794
5 6795 6796 6797 6798 6799
5 6800 6801 6802 6803 6804
5 6805 6806 6807 6808 6809
5 2248 2249 6810 6811 2396
5 2251 2250 6812 6813 2534
5 2394 2395 6814 6815 2708
5 2532 2533 6816 6817 2887
5 2706 2707 6818 6819 2886
5 2709 2397 2247 2252 2535
6 6788 6787 564 569 6792 6793
6 6797 633 564 6787 6786 6798
6 6802 720 569 6792 6791 6803
6 6807 829 633 6797 6796 6808
6 6810 6789 6788 6793 6794 6811
6 6801 6802 720 829 6807 6806
6 6812 6785 6786 6798 6799 6813
6 2249 6810 6789 6785 6812 2250
6 6814 6790 6791 6803 6804 6815
6 2396 6811 6794 6790 6814 2395
6 6816 6795 6796 6808 6809 6817
6 2534 6813 6799 6795 6816 2533
6 6818 6800 6801 6806 6805 6819
6 2708 6815 6804 6800 6818 2707
6 2247 2248 2249 2250 2251 2252
6 2887 6817 6809 6805 6819 2886
6 2394 2395 2396 2248 2247 2397
6 2532 2533 2534 2251 2252 2535
6 2706 2707 2708 2394 2397 2709
6 2706 2886 2887 2532 2535 2709
5 954 643 576 581 728
5 6820 6821 6822 6823 6824
5 6825 6826 6827 6828 6829
5 6830 6831 6832 6833 6834
5 6835 6836 6837 6838 6839
5 2373 6840 6841 6842 2372
5 2260 2261 6843 6844 2406
5 2263 2262 6845 6846 2544
5 2404 2405 6847 6848 2718
5 2542 2543 6849 2371 2370
5 2716 2717 6850 2374 2375
5 2719 2407 2259 2264 2545
6 6823 6822 576 581 6827 6828
6 6832 643 576 6822 6821 6833
6 6837 728 581 6827 6826 6838
6 6841 954 643 6832 6831 6842
6 6843 6824 6823 6828 6829 6844
6 6836 6837 728 954 6841 6840
6 6845 6820 6821 6833 6834 6846
6 2261 6843 6824 6820 6845 2262
6 6847 6825 6826 6838 6839 6848
6 2406 6844 6829 6825 6847 2405
6 2372 6842 6831 6830 6849 2371
6 2544 6846 6834 6830 6849 2543
6 2373 6840 6836 6835 6850 2374
6 2718 6848 6839 6835 6850 2717
6 2259 2260 2261 2262 2263 2264
6 2370 2371 2372 2373 2374 2375
6 2404 2405 2406 2260 2259 2407
6 2542 2543 2544 2263 2264 2545
6 2716 2717 2718 2404 2407 2719
6 2716 2375 2370 2542 2545 2719
5 972 653 588 593 856
5 6851 6852 6853 6854 6855
5 6856 6857 6858 6859 6860
5 6861 6862 6863 6864 6865
5 2238 6866 6867 6868 2237
5 2385 6869 6870 6871 2384
5 2272 2273 6872 6873 2416
5 2275 2274 6874 6875 2554
5 2414 2415 6876 2236 2235
5 2552 2553 6877 2383 2382
5 2726 2240 2239 2386 2387
5 2727 2417 2271 2276 2555
6 6854 6853 588 593 6858 6859
6 6863 653 588 6853 6852 6864
6 6867 856 593 6858 6857 6868
6 6870 972 653 6863 6862 6871
6 6872 6855 6854 6859 6860 6873
6 6866 6867 856 972 6870 6869
6 6874 6851 6852 6864 6865 6875
6 2273 6872 6855 6851 6874 2274
6 2237 6868 6857 6856 6876 2236
6 2416 6873 6860 6856 6876 2415
6 2384 6871 6862 6861 6877 2383
6 2554 6875 6865 6861 6877 2553
6 2239 2238 6866 6869 2385 2386
6 2235 2236 2237 2238 2239 2240
6 2271 2272 2273 2274 2275 2276
6 2382 2383 2384 2385 2386 2387
6 2414 2415 2416 2272 2271 2417
6 2552 2553 2554 2275 2276 2555
6 2726 2240 2235 2414 2417 2727
6 2726 2387 2382 2552 2555 2727
5 955 738 660 665 837
5 6878 6879 6880 6881 6882
5 6883 6884 6885 6886 6887
5 6888 6889 6890 6891 6892
5 6893 6894 6895 6896 6897
5 6898 6899 6900 6901 6902
5 2437 2438 6903 6904 2600
5 2440 2439 6905 6906 2736
5 2598 2599 6907 6908 2908
5 2734 2735 6909 6910 3085
5 2906 2907 6911 6912 3084
5 2909 2601 2436 2441 2737
6 6881 6880 660 665 6885 6886
6 6890 738 660 6880 6879 6891
6 6895 837 665 6885 6884 6896
6 6900 955 738 6890 6889 6901
6 6903 6882 6881 6886 6887 6904
6 6894 6895 837 955 6900 6899
6 6905 6878 6879 6891 6892 6906
6 2438 6903 6882 6878 6905 2439
6 6907 6883 6884 6896 6897 6908
6 2600 6904 6887 6883 6907 2599
6 6909 6888 6889 6901 6902 6910
6 2736 6906 6892 6888 6909 2735
6 6911 6893 6894 6899 6898 6912
6 2908 6908 6897 6893 6911 2907
6 2436 2437 2438 2439 2440 2441
6 3085 6910 6902 6898 6912 3084
6 2598 2599 2600 2437 2436 2601
6 2734 2735 2736 2440 2441 2737
6 2906 2907 2908 2598 2601 2909
6 2906 3084 3085 2734 2737 2909
5 1092 750 749 848 849
5 6913 6914 6915 6916 6917
5 6918 6919 6920 6921 6922
5 6923 6924 6925 6926 6927
5 6928 6929 6930 6931 6932
5 2565 6933 6934 6935 2564
5 2449 2450 6936 6937 2610
5 2452 2451 6938 6939 2746
5 2608 2609 6940 6941 2918
5 2744 2745 6942 2563 2562
5 2916 2917 6943 2566 2567
5 2919 2611 2448 2453 2747
6 6916 6915 749 848 6920 6921
6 6925 750 749 6915 6914 6926
6 6930 849 848 6920 6919 6931
6 6934 1092 750 6925 6924 6935
6 6936 6917 6916 6921 6922 6937
6 6929 6930 849 1092 6934 6933
6 6938 6913 6914 6926 6927 6939
6 2450 6936 6917 6913 6938 2451
6 6940 6918 6919 6931 6932 6941
6 2610 6937 6922 6918 6940 2609
6 2564 6935 6924 6923 6942 2563
6 2746 6939 6927 6923 6942 2745
6 2565 6933 6929 6928 6943 2566
6 2918 6941 6932 6928 6943 2917
6 2448 2449 2450 2451 2452 2453
6 2562 2563 2564 2565 2566 2567
6 2608 2609 2610 2449 2448 2611
6 2744 2745 2746 2452 2453 2747
6 2916 2917 2918 2608 2611 2919
6 2916 2567 2562 2744 2747 2919
5 1100 760 681 686 857
5 6944 6945 6946 6947 6948
5 6949 6950 6951 6952 6953
5 6954 6955 6956 6957 6958
5 6959 6960 6961 6962 6963
5 2577 6964 6965 6966 2576
5 2461 2462 6967 6968 2620
5 2464 2463 6969 6970 2756
5 2618 2619 6971 6972 2928
5 2754 2755 6973 2575 2574
5 2926 2927 6974 2578 2579
5 2929 2621 2460 2465 2757
6 6947 6946 681 686 6951 6952
6 6956 760 681 6946 6945 6957
6 6961 857 686 6951 6950 6962
6 6965 1100 760 6956 6955 6966
6 6967 6948 6947 6952 6953 6968
6 6960 6961 857 1100 6965 6964
6 6969 6944 6945 6957 6958 6970
6 2462 6967 6948 6944 6969 2463
6 6971 6949 6950 6962 6963 6972
6 2620 6968 6953 6949 6971 2619
6 2576 6966 6955 6954 6973 2575
6 2756 6970 6958 6954 6973 2755
6 2577 6964 6960 6959 6974 2578
6 2928 6972 6963 6959 6974 2927
6 2460 2461 2462 2463 2464 2465
6 2574 2575 2576 2577 2578 2579
6 2618 2619 2620 2461 2460 2621
6 2754 2755 2756 2464 2465 2757
6 2926 2927 2928 2618 2621 2929
6 2926 2579 2574 2754 2757 2929
5 1118 770 693 698 992
5 6975 6976 6977 6978 6979
5 6980 6981 6982 6983 6984
5 6985 6986 6987 6988 6989
5 2427 6990 6991 6992 2426
5 2589 6993 6994 6995 2588
5 2473 2474 6996 6997 2630
5 2476 2475 6998 6999 2766
5 2628 2629 7000 2425 2424
5 2764 2765 7001 2587 2586
5 2936 2429 2428 2590 2591
5 2937 2631 2472 2477 2767
6 6978 6977 693 698 6982 6983
6 6987 770 693 6977 6976 6988
6 6991 992 698 6982 6981 6992
6 6994 1118 770 6987 6986 6995
6 6996 6979 6978 6983 6984 6997
6 6990 6991 992 1118 6994 6993
6 6998 6975 6976 6988 6989 6999
6 2474 6996 6979 6975 6998 2475
6 2426 6992 6981 6980 7000 2425
6 2630 6997 6984 6980 7000 2629
6 2588 6995 6986 6985 7001 2587
6 2766 6999 6989 6985 7001 2765
6 2428 2427 6990 6993 2589 2590
6 2424 2425 2426 2427 2428 2429
6 2472 2473 2474 2475 2476 2477
6 2586 2587 2588 2589 2590 2591
6 2628 2629 2630 2473 2472 2631
6 2764 2765 2766 2476 2477 2767
6 2936 2429 2424 2628 2631 2937
6 2936 2591 2586 2764 2767 2937
5 1093 867 777 782 965
5 7002 7003 7004 7005 7006
5 7007 7008 7009 7010 7011
5 7012 7013 7014 7015 7016
5 7017 7018 7019 7020 7021
5 7022 7023 7024 7025 7026
5 2639 2640 7027 7028 2800
5 2642 2641 7029 7030 2946
5 2798 2799 7031 7032 3112
5 2944 2945 7033 7034 3281
5 3110 3111 7035 7036 3280
5 3113 2801 2638 2643 2947
6 7005 7004 777 782 7009 7010
6 7014 867 777 7004 7003 7015
6 7019 965 782 7009 7008 7020
6 7024 1093 867 7014 7013 7025
6 7027 7006 7005 7010 7011 7028
6 7018 7019 965 1093 7024 7023
6 7029 7002 7003 7015 7016 7030
6 2640 7027 7006 7002 7029 2641
6 7031 7007 7008 7020 7021 7032
6 2800 7028 7011 7007 7031 2799
6 7033 7012 7013 7025 7026 7034
6 2946 7030 7016 7012 7033 2945
6 7035 7017 7018 7023 7022 7036
6 3112 7032 7021 7017 7035 3111
6 2638 2639 2640 2641 2642 2643
6 3281 7034 7026 7022 7036 3280
6 2798 2799 2800 2639 2638 2801
6 2944 2945 2946 2642 2643 2947
6 3110 3111 3112 2798 2801 3113
6 3110 3280 3281 2944 2947 3113
5 1101 877 789 794 973
5 7037 7038 7039 7040 7041
5 7042 7043 7044 7045 7046
5 7047 7048 7049 7050 7051
5 7052 7053 7054 7055 7056
5 7057 7058 7059 7060 7061
5 2651 2652 7062 7063 2810
5 2654 2653 7064 7065 2956
5 2808 2809 7066 7067 3122
5 2954 2955 7068 7069 3289
5 3120 3121 7070 7071 3288
5 3123 2811 2650 2655 2957
6 7040 7039 789 794 7044 7045
6 7049 877 789 7039 7038 7050
6 7054 973 794 7044 7043 7055
6 7059 1101 877 7049 7048 7060
6 7062 7041 7040 7045 7046 7063
6 7053 7054 973 1101 7059 7058
6 7064 7037 7038 7050 7051 7065
6 2652 7062 7041 7037 7064 2653
6 7066 7042 7043 7055 7056 7067
6 2810 7063 7046 7042 7066 2809
6 7068 7047 7048 7060 7061 7069
6 2956 7065 7051 7047 7068 2955
6 7070 7052 7053 7058 7057 7071
6 3122 7067 7056 7052 7070 3121
6 2650 2651 2652 2653 2654 2655
6 3289 7069 7061 7057 7071 3288
6 2808 2809 2810 2651 2650 2811
6 2954 2955 2956 2654 2655 2957
6 3120 3121 3122 2808 2811 3123
6 3120 3288 3289 2954 2957 3123
5 1248 889 888 984 985
5 7072 7073 7074 7075 7076
5 7077 7078 7079 7080 7081
5 7082 7083 7084 7085 7086
5 7087 7088 7089 7090 7091
5 2777 7092 7093 7094 2776
5 2663 2664 7095 7096 2820
5 2666 2665 7097 7098 2966
5 2818 2819 7099 7100 3132
5 2964 2965 7101 2775 2774
5 3130 3131 7102 2778 2779
5 3133 2821 2662 2667 2967
6 7075 7074 888 984 7079 7080
6 7084 889 888 7074 7073 7085
6 7089 985 984 7079 7078 7090
6 7093 1248 889 7084 7083 7094
6 7095 7076 7075 7080 7081 7096
6 7088 7089 985 1248 7093 7092
6 7097 7072 7073 7085 7086 7098
6 2664 7095 7076 7072 7097 2665
6 7099 7077 7078 7090 7091 7100
6 2820 7096 7081 7077 7099 2819
6 2776 7094 7083 7082 7101 2775
6 2966 7098 7086 7082 7101 2965
6 2777 7092 7088 7087 7102 2778
6 3132 7100 7091 7087 7102 3131
6 2662 2663 2664 2665 2666 2667
6 2774 2775 2776 2777 2778 2779
6 2818 2819 2820 2663 2662 2821
6 2964 2965 2966 2666 2667 2967
6 3130 3131 3132 2818 2821 3133
6 3130 2779 2774 2964 2967 3133
5 1256 899 810 815 993
5 7103 7104 7105 7106 7107
5 7108 7109 7110 7111 7112
5 7113 7114 7115 7116 7117
5 7118 7119 7120 7121 7122
5 2789 7123 7124 7125 2788
5 2675 2676 7126 7127 2830
5 2678 2677 7128 7129 2976
5 2828 2829 7130 7131 3142
5 2974 2975 7132 2787 2786
5 3140 3141 7133 2790 2791
5 3143 2831 2674 2679 2977
6 7106 7105 810 815 7110 7111
6 7115 899 810 7105 7104 7116
6 7120 993 815 7110 7109 7121
6 7124 1256 899 7115 7114 7125
6 7126 7107 7106 7111 7112 7127
6 7119 7120 993 1256 7124 7123
6 7128 7103 7104 7116 7117 7129
6 2676 7126 7107 7103 7128 2677
6 7130 7108 7109 7121 7122 7131
6 2830 7127 7112 7108 7130 2829
6 2788 7125 7114 7113 7132 2787
6 2976 7129 7117 7113 7132 2975
6 2789 7123 7119 7118 7133 2790
6 3142 7131 7122 7118 7133 3141
6 2674 2675 2676 2677 2678 2679
6 2786 2787 2788 2789 2790 2791
6 2828 2829 2830 2675 2674 2831
6 2974 2975 2976 2678 2679 2977
6 3140 3141 3142 2828 2831 3143
6 3140 2791 2786 2974 2977 3143
5 1249 1003 906 911 1111
5 7134 7135 7136 7137 7138
5 7139 7140 7141 7142 7143
5 7144 7145 7146 7147 7148
5 7149 7150 7151 7152 7153
5 7154 7155 7156 7157 7158
5 2839 2840 7159 7160 3010
5 2842 2841 7161 7162 3152
5 3008 3009 7163 7164 3310
5 3150 3151 7165 7166 3481
5 3308 3309 7167 7168 3480
5 3311 3011 2838 2843 3153
6 7137 7136 906 911 7141 7142
6 7146 1003 906 7136 7135 7147
6 7151 1111 911 7141 7140 7152
6 7156 1249 1003 7146 7145 7157
6 7159 7138 7137 7142 7143 7160
6 7150 7151 1111 1249 7156 7155
6 7161 7134 7135 7147 7148 7162
6 2840 7159 7138 7134 7161 2841
6 7163 7139 7140 7152 7153 7164
6 3010 7160 7143 7139 7163 3009
6 7165 7144 7145 7157 7158 7166
6 3152 7162 7148 7144 7165 3151
6 7167 7149 7150 7155 7154 7168
6 3310 7164 7153 7149 7167 3309
6 2838 2839 2840 2841 2842 2843
6 3481 7166 7158 7154 7168 3480
6 3008 3009 3010 2839 2838 3011
6 3150 3151 3152 2842 2843 3153
6 3308 3309 3310 3008 3011 3311
6 3308 3480 3481 3150 3153 3311
5 1257 1013 918 923 1119
5 7169 7170 7171 7172 7173
5 7174 7175 7176 7177 7178
5 7179 7180 7181 7182 7183
5 7184 7185 7186 7187 7188
5 7189 7190 7191 7192 7193
5 2851 2852 7194 7195 3020
5 2854 2853 7196 7197 3162
5 3018 3019 7198 7199 3320
5 3160 3161 7200 7201 3489
5 3318 3319 7202 7203 3488
5 3321 3021 2850 2855 3163
6 7172 7171 918 923 7176 7177
6 7181 1013 918 7171 7170 7182
6 7186 1119 923 7176 7175 7187
6 7191 1257 1013 7181 7180 7192
6 7194 7173 7172 7177 7178 7195
6 7185 7186 1119 1257 7191 7190
6 7196 7169 7170 7182 7183 7197
6 2852 7194 7173 7169 7196 2853
6 7198 7174 7175 7187 7188 7199
6 3020 7195 7178 7174 7198 3019
6 7200 7179 7180 7192 7193 7201
6 3162 7197 7183 7179 7200 3161
6 7202 7184 7185 7190 7189 7203
6 3320 7199 7188 7184 7202 3319
6 2850 2851 2852 2853 2854 2855
6 3489 7201 7193 7189 7203 3488
6 3018 3019 3020 2851 2850 3021
6 3160 3161 3162 2854 2855 3163
6 3318 3319 3320 3018 3021 3321
6 3318 3488 3489 3160 3163 3321
5 1409 1025 1024 1130 1131
5 7204 7205 7206 7207 7208
5 7209 7210 7211 7212 7213
5 7214 7215 7216 7217 7218
5 7219 7220 7221 7222 7223
5 2987 7224 7225 7226 2986
5 2863 2864 7227 7228 3030
5 2866 2865 7229 7230 3172
5 3028 3029 7231 7232 3330
5 3170 3171 7233 2985 2984
5 3328 3329 7234 2988 2989
5 3331 3031 2862 2867 3173
6 7207 7206 1024 1130 7211 7212
6 7216 1025 1024 7206 7205 7217
6 7221 1131 1130 7211 7210 7222
6 7225 1409 1025 7216 7215 7226
6 7227 7208 7207 7212 7213 7228
6 7220 7221 1131 1409 7225 7224
6 7229 7204 7205 7217 7218 7230
6 2864 7227 7208 7204 7229 2865
6 7231 7209 7210 7222 7223 7232
6 3030 7228 7213 7209 7231 3029
6 2986 7226 7215 7214 7233 2985
6 3172 7230 7218 7214 7233 3171
6 2987 7224 7220 7219 7234 2988
6 3330 7232 7223 7219 7234 3329
6 2862 2863 2864 2865 2866 2867
6 2984 2985 2986 2987 2988 2989
6 3028 3029 3030 2863 2862 3031
6 3170 3171 3172 2866 2867 3173
6 3328 3329 3330 3028 3031 3331
6 3328 2989 2984 3170 3173 3331
5 1417 1037 1036 1142 1143
5 7235 7236 7237 7238 7239
5 7240 7241 7242 7243 7244
5 7245 7246 7247 7248 7249
5 7250 7251 7252 7253 7254
5 2999 7255 7256 7257 2998
5 2875 2876 7258 7259 3040
5 2878 2877 7260 7261 3182
5 3038 3039 7262 7263 3340
5 3180 3181 7264 2997 2996
5 3338 3339 7265 3000 3001
5 3341 3041 2874 2879 3183
6 7238 7237 1036 1142 7242 7243
6 7247 1037 1036 7237 7236 7248
6 7252 1143 1142 7242 7241 7253
6 7256 1417 1037 7247 7246 7257
6 7258 7239 7238 7243 7244 7259
6 7251 7252 1143 1417 7256 7255
6 7260 7235 7236 7248 7249 7261
6 2876 7258 7239 7235 7260 2877
6 7262 7240 7241 7253 7254 7263
6 3040 7259 7244 7240 7262 3039
6 2998 7257 7246 7245 7264 2997
6 3182 7261 7249 7245 7264 3181
6 2999 7255 7251 7250 7265 3000
6 3340 7263 7254 7250 7265 3339
6 2874 2875 2876 2877 2878 2879
6 2996 2997 2998 2999 3000 3001
6 3038 3039 3040 2875 2874 3041
6 3180 3181 3182 2878 2879 3183
6 3338 3339 3340 3038 3041 3341
6 3338 3001 2996 3180 3183 3341
5 1410 1153 1044 1049 1267
5 7266 7267 7268 7269 7270
5 7271 7272 7273 7274 7275
5 7276 7277 7278 7279 7280
5 7281 7282 7283 7284 7285
5 7286 7287 7288 7289 7290
5 3049 3050 7291 7292 3216
5 3052 3051 7293 7294 3350
5 3214 3215 7295 7296 3510
5 3348 3349 7297 7298 3671
5 3508 3509 7299 7300 3670
5 3511 3217 3048 3053 3351
6 7269 7268 1044 1049 7273 7274
6 7278 1153 1044 7268 7267 7279
6 7283 1267 1049 7273 7272 7284
6 7288 1410 1153 7278 7277 7289
6 7291 7270 7269 7274 7275 7292
6 7282 7283 1267 1410 7288 7287
6 7293 7266 7267 7279 7280 7294
6 3050 7291 7270 7266 7293 3051
6 7295 7271 7272 7284 7285 7296
6 3216 7292 7275 7271 7295 3215
6 7297 7276 7277 7289 7290 7298
6 3350 7294 7280 7276 7297 3349
6 7299 7281 7282 7287 7286 7300
6 3510 7296 7285 7281 7299 3509
6 3048 3049 3050 3051 3052 3053
6 3671 7298 7290 7286 7300 3670
6 3214 3215 3216 3049 3048 3217
6 3348 3349 3350 3052 3053 3351
6 3508 3509 3510 3214 3217 3511
6 3508 3670 3671 3348 3351 3511
5 1418 1163 1056 1061 1277
5 7301 7302 7303 7304 7305
5 7306 7307 7308 7309 7310
5 7311 7312 7313 7314 7315
5 7316 7317 7318 7319 7320
5 7321 7322 7323 7324 7325
5 3061 3062 7326 7327 3226
5 3064 3063 7328 7329 3360
5 3224 3225 7330 7331 3520
5 3358 3359 7332 7333 3679
5 3518 3519 7334 7335 3678
5 3521 3227 3060 3065 3361
6 7304 7303 1056 1061 7308 7309
6 7313 1163 1056 7303 7302 7314
6 7318 1277 1061 7308 7307 7319
6 7323 1418 1163 7313 7312 7324
6 7326 7305 7304 7309 7310 7327
6 7317 7318 1277 1418 7323 7322
6 7328 7301 7302 7314 7315 7329
6 3062 7326 7305 7301 7328 3063
6 7330 7306 7307 7319 7320 7331
6 3226 7327 7310 7306 7330 3225
6 7332 7311 7312 7324 7325 7333
6 3360 7329 7315 7311 7332 3359
6 7334 7316 7317 7322 7321 7335
6 3520 7331 7320 7316 7334 3519
6 3060 3061 3062 3063 3064 3065
6 3679 7333 7325 7321 7335 3678
6 3224 3225 3226 3061 3060 3227
6 3358 3359 3360 3064 3065 3361
6 3518 3519 3520 3224 3227 3521
6 3518 3678 3679 3358 3361 3521
5 1580 1175 1174 1288 1289
5 7336 7337 7338 7339 7340
5 7341 7342 7343 7344 7345
5 7346 7347 7348 7349 7350
5 7351 7352 7353 7354 7355
5 7356 7357 7358 7359 7360
5 3193 7361 7362 7363 3192
5 3371 7364 7365 7366 3370
5 3531 7367 7368 7369 3530
5 3368 3369 7370 3191 3190
5 3528 3529 7371 3194 3195
5 3533 3532 7372 3372 3373
6 7339 7338 1174 1288 7343 7344
6 7348 1175 1174 7338 7337 7349
6 7353 1289 1288 7343 7342 7354
6 7362 1580 1175 7348 7347 7363
6 7358 7340 7339 7344 7345 7359
6 7352 7353 1289 1580 7362 7361
6 7365 7336 7337 7349 7350 7366
6 7357 7358 7340 7336 7365 7364
6 7368 7341 7342 7354 7355 7369
6 7360 7359 7345 7341 7368 7367
6 3192 7363 7347 7346 7370 3191
6 3370 7366 7350 7346 7370 3369
6 3193 7361 7352 7351 7371 3194
6 3530 7369 7355 7351 7371 3529
6 3371 7364 7357 7356 7372 3372
6 3190 3191 3192 3193 3194 3195
6 3531 7367 7360 7356 7372 3532
6 3368 3369 3370 3371 3372 3373
6 3528 3529 3530 3531 3532 3533
6 3528 3195 3190 3368 3373 3533
5 1588 1187 1186 1300 1301
5 7373 7374 7375 7376 7377
5 7378 7379 7380 7381 7382
5 7383 7384 7385 7386 7387
5 7388 7389 7390 7391 7392
5 3205 7393 7394 7395 3204
5 3073 3074 7396 7397 3236
5 3076 3075 7398 7399 3382
5 3234 3235 7400 7401 3542
5 3380 3381 7402 3203 3202
5 3540 3541 7403 3206 3207
5 3543 3237 3072 3077 3383
6 7376 7375 1186 1300 7380 7381
6 7385 1187 1186 7375 7374 7386
6 7390 1301 1300 7380 7379 7391
6 7394 1588 1187 7385 7384 7395
6 7396 7377 7376 7381 7382 7397
6 7389 7390 1301 1588 7394 7393
6 7398 7373 7374 7386 7387 7399
6 3074 7396 7377 7373 7398 3075
6 7400 7378 7379 7391 7392 7401
6 3236 7397 7382 7378 7400 3235
6 3204 7395 7384 7383 7402 3203
6 3382 7399 7387 7383 7402 3381
6 3205 7393 7389 7388 7403 3206
6 3542 7401 7392 7388 7403 3541
6 3072 3073 3074 3075 3076 3077
6 3202 3203 3204 3205 3206 3207
6 3234 3235 3236 3073 3072 3237
6 3380 3381 3382 3076 3077 3383
6 3540 3541 3542 3234 3237 3543
6 3540 3207 3202 3380 3383 3543
5 1581 1311 1194 1199 1428
5 7404 7405 7406 7407 7408
5 7409 7410 7411 7412 7413
5 7414 7415 7416 7417 7418
5 7419 7420 7421 7422 7423
5 7424 7425 7426 7427 7428
5 3245 3246 7429 7430 3416
5 3248 3247 7431 7432 3552
5 3414 3415 7433 7434 3700
5 3550 3551 7435 7436 3861
5 3698 3699 7437 7438 3860
5 3701 3417 3244 3249 3553
6 7407 7406 1194 1199 7411 7412
6 7416 1311 1194 7406 7405 7417
6 7421 1428 1199 7411 7410 7422
6 7426 1581 1311 7416 7415 7427
6 7429 7408 7407 7412 7413 7430
6 7420 7421 1428 1581 7426 7425
6 7431 7404 7405 7417 7418 7432
6 3246 7429 7408 7404 7431 3247
6 7433 7409 7410 7422 7423 7434
6 3416 7430 7413 7409 7433 3415
6 7435 7414 7415 7427 7428 7436
6 3552 7432 7418 7414 7435 3551
6 7437 7419 7420 7425 7424 7438
6 3700 7434 7423 7419 7437 3699
6 3244 3245 3246 3247 3248 3249
6 3861 7436 7428 7424 7438 3860
6 3414 3415 3416 3245 3244 3417
6 3550 3551 3552 3248 3249 3553
6 3698 3699 3700 3414 3417 3701
6 3698 3860 3861 3550 3553 3701
5 1589 1321 1206 1211 1438
5 7439 7440 7441 7442 7443
5 7444 7445 7446 7447 7448
5 7449 7450 7451 7452 7453
5 7454 7455 7456 7457 7458
5 7459 7460 7461 7462 7463
5 3257 3258 7464 7465 3426
5 3260 3259 7466 7467 3562
5 3424 3425 7468 7469 3710
5 3560 3561 7470 7471 3869
5 3708 3709 7472 7473 3868
5 3711 3427 3256 3261 3563
6 7442 7441 1206 1211 7446 7447
6 7451 1321 1206 7441 7440 7452
6 7456 1438 1211 7446 7445 7457
6 7461 1589 1321 7451 7450 7462
6 7464 7443 7442 7447 7448 7465
6 7455 7456 1438 1589 7461 7460
6 7466 7439 7440 7452 7453 7467
6 3258 7464 7443 7439 7466 3259
6 7468 7444 7445 7457 7458 7469
6 3426 7465 7448 7444 7468 3425
6 7470 7449 7450 7462 7463 7471
6 3562 7467 7453 7449 7470 3561
6 7472 7454 7455 7460 7459 7473
6 3710 7469 7458 7454 7472 3709
6 3256 3257 3258 3259 3260 3261
6 3869 7471 7463 7459 7473 3868
6 3424 3425 3426 3257 3256 3427
6 3560 3561 3562 3260 3261 3563
6 3708 3709 3710 3424 3427 3711
6 3708 3868 3869 3560 3563 3711
5 1759 1333 1332 1461 1462
5 7474 7475 7476 7477 7478
5 7479 7480 7481 7482 7483
5 7484 7485 7486 7487 7488
5 7489 7490 7491 7492 7493
5 7494 7495 7496 7497 7498
5 3393 7499 7500 7501 3392
5 3573 7502 7503 7504 3572
5 3721 7505 7506 7507 3720
5 3570 3571 7508 3391 3390
5 3718 3719 7509 3394 3395
5 3723 3722 7510 3574 3575
6 7477 7476 1332 1461 7481 7482
6 7486 1333 1332 7476 7475 7487
6 7491 1462 1461 7481 7480 7492
6 7500 1759 1333 7486 7485 7501
6 7496 7478 7477 7482 7483 7497
6 7490 7491 1462 1759 7500 7499
6 7503 7474 7475 7487 7488 7504
6 7495 7496 7478 7474 7503 7502
6 7506 7479 7480 7492 7493 7507
6 7498 7497 7483 7479 7506 7505
6 3392 7501 7485 7484 7508 3391
6 3572 7504 7488 7484 7508 3571
6 3393 7499 7490 7489 7509 3394
6 3720 7507 7493 7489 7509 3719
6 3573 7502 7495 7494 7510 3574
6 3390 3391 3392 3393 3394 3395
6 3721 7505 7498 7494 7510 3722
6 3570 3571 3572 3573 3574 3575
6 3718 3719 3720 3721 3722 3723
6 3718 3395 3390 3570 3575 3723
5 1767 1345 1344 1473 1474
5 7511 7512 7513 7514 7515
5 7516 7517 7518 7519 7520
5 7521 7522 7523 7524 7525
5 7526 7527 7528 7529 7530
5 3405 7531 7532 7533 3404
5 3269 3270 7534 7535 3436
5 3272 3271 7536 7537 3584
5 3434 3435 7538 7539 3732
5 3582 3583 7540 3403 3402
5 3730 3731 7541 3406 3407
5 3733 3437 3268 3273 3585
6 7514 7513 1344 1473 7518 7519
6 7523 1345 1344 7513 7512 7524
6 7528 1474 1473 7518 7517 7529
6 7532 1767 1345 7523 7522 7533
6 7534 7515 7514 7519 7520 7535
6 7527 7528 1474 1767 7532 7531
6 7536 7511 7512 7524 7525 7537
6 3270 7534 7515 7511 7536 3271
6 7538 7516 7517 7529 7530 7539
6 3436 7535 7520 7516 7538 3435
6 3404 7533 7522 7521 7540 3403
6 3584 7537 7525 7521 7540 3583
6 3405 7531 7527 7526 7541 3406
6 3732 7539 7530 7526 7541 3731
6 3268 3269 3270 3271 3272 3273
6 3402 3403 3404 3405 3406 3407
6 3434 3435 3436 3269 3268 3437
6 3582 3583 3584 3272 3273 3585
6 3730 3731 3732 3434 3437 3733
6 3730 3407 3402 3582 3585 3733
5 1752 1484 1352 1357 1599
5 7542 7543 7544 7545 7546
5 7547 7548 7549 7550 7551
5 7552 7553 7554 7555 7556
5 7557 7558 7559 7560 7561
5 7562 7563 7564 7565 7566
5 3445 3446 7567 7568 3606
5 3448 3447 7569 7570 3742
5 3604 3605 7571 7572 3890
5 3740 3741 7573 7574 4051
5 3888 3889 7575 7576 4050
5 3891 3607 3444 3449 3743
6 7545 7544 1352 1357 7549 7550
6 7554 1484 1352 7544 7543 7555
6 7559 1599 1357 7549 7548 7560
6 7564 1752 1484 7554 7553 7565
6 7567 7546 7545 7550 7551 7568
6 7558 7559 1599 1752 7564 7563
6 7569 7542 7543 7555 7556 7570
6 3446 7567 7546 7542 7569 3447
6 7571 7547 7548 7560 7561 7572
6 3606 7568 7551 7547 7571 3605
6 7573 7552 7553 7565 7566 7574
6 3742 7570 7556 7552 7573 3741
6 7575 7557 7558 7563 7562 7576
6 3890 7572 7561 7557 7575 3889
6 3444 3445 3446 3447 3448 3449
6 4051 7574 7566 7562 7576 4050
6 3604 3605 3606 3445 3444 3607
6 3740 3741 3742 3448 3449 3743
6 3888 3889 3890 3604 3607 3891
6 3888 4050 4051 3740 3743 3891
5 1760 1494 1364 1369 1609
5 7577 7578 7579 7580 7581
5 7582 7583 7584 7585 7586
5 7587 7588 7589 7590 7591
5 7592 7593 7594 7595 7596
5 7597 7598 7599 7600 7601
5 3457 3458 7602 7603 3616
5 3460 3459 7604 7605 3752
5 3614 3615 7606 7607 3900
5 3750 3751 7608 7609 4059
5 3898 3899 7610 7611 4058
5 3901 3617 3456 3461 3753
6 7580 7579 1364 1369 7584 7585
6 7589 1494 1364 7579 7578 7590
6 7594 1609 1369 7584 7583 7595
6 7599 1760 1494 7589 7588 7600
6 7602 7581 7580 7585 7586 7603
6 7593 7594 1609 1760 7599 7598
6 7604 7577 7578 7590 7591 7605
6 3458 7602 7581 7577 7604 3459
6 7606 7582 7583 7595 7596 7607
6 3616 7603 7586 7582 7606 3615
6 7608 7587 7588 7600 7601 7609
6 3752 7605 7591 7587 7608 3751
6 7610 7592 7593 7598 7597 7611
6 3900 7607 7596 7592 7610 3899
6 3456 3457 3458 3459 3460 3461
6 4059 7609 7601 7597 7611 4058
6 3614 3615 3616 3457 3456 3617
6 3750 3751 3752 3460 3461 3753
6 3898 3899 3900 3614 3617 3901
6 3898 4058 4059 3750 3753 3901
5 1768 1504 1376 1381 1619
5 7612 7613 7614 7615 7616
5 7617 7618 7619 7620 7621
5 7622 7623 7624 7625 7626
5 7627 7628 7629 7630 7631
5 7632 7633 7634 7635 7636
5 3469 3470 7637 7638 3626
5 3472 3471 7639 7640 3762
5 3624 3625 7641 7642 3910
5 3760 3761 7643 7644 4067
5 3908 3909 7645 7646 4066
5 3911 3627 3468 3473 3763
6 7615 7614 1376 1381 7619 7620
6 7624 1504 1376 7614 7613 7625
6 7629 1619 1381 7619 7618 7630
6 7634 1768 1504 7624 7623 7635
6 7637 7616 7615 7620 7621 7638
6 7628 7629 1619 1768 7634 7633
6 7639 7612 7613 7625 7626 7640
6 3470 7637 7616 7612 7639 3471
6 7641 7617 7618 7630 7631 7642
6 3626 7638 7621 7617 7641 3625
6 7643 7622 7623 7635 7636 7644
6 3762 7640 7626 7622 7643 3761
6 7645 7627 7628 7633 7632 7646
6 3910 7642 7631 7627 7645 3909
6 3468 3469 3470 3471 3472 3473
6 4067 7644 7636 7632 7646 4066
6 3624 3625 3626 3469 3468 3627
6 3760 3761 3762 3472 3473 3763
6 3908 3909 3910 3624 3627 3911
6 3908 4066 4067 3760 3763 3911
5 1954 1516 1515 1642 1643
5 7647 7648 7649 7650 7651
5 7652 7653 7654 7655 7656
5 7657 7658 7659 7660 7661
5 7662 7663 7664 7665 7666
5 7667 7668 7669 7670 7671
5 3595 7672 7673 7674 3594
5 3773 7675 7676 7677 3772
5 3921 7678 7679 7680 3920
5 3770 3771 7681 3593 3592
5 3918 3919 7682 3596 3597
5 3923 3922 7683 3774 3775
6 7650 7649 1515 1642 7654 7655
6 7659 1516 1515 7649 7648 7660
6 7664 1643 1642 7654 7653 7665
6 7673 1954 1516 7659 7658 7674
6 7669 7651 7650 7655 7656 7670
6 7663 7664 1643 1954 7673 7672
6 7676 7647 7648 7660 7661 7677
6 7668 7669 7651 7647 7676 7675
6 7679 7652 7653 7665 7666 7680
6 7671 7670 7656 7652 7679 7678
6 3594 7674 7658 7657 7681 3593
6 3772 7677 7661 7657 7681 3771
6 3595 7672 7663 7662 7682 3596
6 3920 7680 7666 7662 7682 3919
6 3773 7675 7668 7667 7683 3774
6 3592 3593 3594 3595 3596 3597
6 3921 7678 7671 7667 7683 3922
6 3770 3771 3772 3773 3774 3775
6 3918 3919 3920 3921 3922 3923
6 3918 3597 3592 3770 3775 3923
5 1937 1653 1523 1528 1778
5 7684 7685 7686 7687 7688
5 7689 7690 7691 7692 7693
5 7694 7695 7696 7697 7698
5 7699 7700 7701 7702 7703
5 7704 7705 7706 7707 7708
5 3635 3636 7709 7710 3796
5 3638 3637 7711 7712 3932
5 3794 3795 7713 7714 4082
5 3930 3931 7715 7716 4231
5 4080 4081 7717 7718 4230
5 4083 3797 3634 3639 3933
6 7687 7686 1523 1528 7691 7692
6 7696 1653 1523 7686 7685 7697
6 7701 1778 1528 7691 7690 7702
6 7706 1937 1653 7696 7695 7707
6 7709 7688 7687 7692 7693 7710
6 7700 7701 1778 1937 7706 7705
6 7711 7684 7685 7697 7698 7712
6 3636 7709 7688 7684 7711 3637
6 7713 7689 7690 7702 7703 7714
6 3796 7710 7693 7689 7713 3795
6 7715 7694 7695 7707 7708 7716
6 3932 7712 7698 7694 7715 3931
6 7717 7699 7700 7705 7704 7718
6 4082 7714 7703 7699 7717 4081
6 3634 3635 3636 3637 3638 3639
6 4231 7716 7708 7704 7718 4230
6 3794 3795 3796 3635 3634 3797
6 3930 3931 3932 3638 3639 3933
6 4080 4081 4082 3794 3797 4083
6 4080 4230 4231 3930 3933 4083
5 1947 1663 1535 1540 1788
5 7719 7720 7721 7722 7723
5 7724 7725 7726 7727 7728
5 7729 7730 7731 7732 7733
5 7734 7735 7736 7737 7738
5 7739 7740 7741 7742 7743
5 3647 3648 7744 7745 3806
5 3650 3649 7746 7747 3942
5 3804 3805 7748 7749 4092
5 3940 3941 7750 7751 4239
5 4090 4091 7752 7753 4238
5 4093 3807 3646 3651 3943
6 7722 7721 1535 1540 7726 7727
6 7731 1663 1535 7721 7720 7732
6 7736 1788 1540 7726 7725 7737
6 7741 1947 1663 7731 7730 7742
6 7744 7723 7722 7727 7728 7745
6 7735 7736 1788 1947 7741 7740
6 7746 7719 7720 7732 7733 7747
6 3648 7744 7723 7719 7746 3649
6 7748 7724 7725 7737 7738 7749
6 3806 7745 7728 7724 7748 3805
6 7750 7729 7730 7742 7743 7751
6 3942 7747 7733 7729 7750 3941
6 7752 7734 7735 7740 7739 7753
6 4092 7749 7738 7734 7752 4091
6 3646 3647 3648 3649 3650 3651
6 4239 7751 7743 7739 7753 4238
6 3804 3805 3806 3647 3646 3807
6 3940 3941 3942 3650 3651 3943
6 4090 4091 4092 3804 3807 4093
6 4090 4238 4239 3940 3943 4093
5 1955 1673 1547 1552 1798
5 7754 7755 7756 7757 7758
5 7759 7760 7761 7762 7763
5 7764 7765 7766 7767 7768
5 7769 7770 7771 7772 7773
5 7774 7775 7776 7777 7778
5 3659 3660 7779 7780 3816
5 3662 3661 7781 7782 3952
5 3814 3815 7783 7784 4102
5 3950 3951 7785 7786 4247
5 4100 4101 7787 7788 4246
5 4103 3817 3658 3663 3953
6 7757 7756 1547 1552 7761 7762
6 7766 1673 1547 7756 7755 7767
6 7771 1798 1552 7761 7760 7772
6 7776 1955 1673 7766 7765 7777
6 7779 7758 7757 7762 7763 7780
6 7770 7771 1798 1955 7776 7775
6 7781 7754 7755 7767 7768 7782
6 3660 7779 7758 7754 7781 3661
6 7783 7759 7760 7772 7773 7784
6 3816 7780 7763 7759 7783 3815
6 7785 7764 7765 7777 7778 7786
6 3952 7782 7768 7764 7785 3951
6 7787 7769 7770 7775 7774 7788
6 4102 7784 7773 7769 7787 4101
6 3658 3659 3660 3661 3662 3663
6 4247 7786 7778 7774 7788 4246
6 3814 3815 3816 3659 3658 3817
6 3950 3951 3952 3662 3663 3953
6 4100 4101 4102 3814 3817 4103
6 4100 4246 4247 3950 3953 4103
5 2143 1685 1684 1821 1822
5 7789 7790 7791 7792 7793
5 7794 7795 7796 7797 7798
5 7799 7800 7801 7802 7803
5 7804 7805 7806 7807 7808
5 7809 7810 7811 7812 7813
5 3785 7814 7815 7816 3784
5 3963 7817 7818 7819 3962
5 4113 7820 7821 7822 4112
5 3960 3961 7823 3783 3782
5 4110 4111 7824 3786 3787
5 4115 4114 7825 3964 3965
6 7792 7791 1684 1821 7796 7797
6 7801 1685 1684 7791 7790 7802
6 7806 1822 1821 7796 7795 7807
6 7815 2143 1685 7801 7800 7816
6 7811 7793 7792 7797 7798 7812
6 7805 7806 1822 2143 7815 7814
6 7818 7789 7790 7802 7803 7819
6 7810 7811 7793 7789 7818 7817
6 7821 7794 7795 7807 7808 7822
6 7813 7812 7798 7794 7821 7820
6 3784 7816 7800 7799 7823 3783
6 3962 7819 7803 7799 7823 3961
6 3785 7814 7805 7804 7824 3786
6 4112 7822 7808 7804 7824 4111
6 3963 7817 7810 7809 7825 3964
6 3782 3783 3784 3785 3786 3787
6 4113 7820 7813 7809 7825 4114
6 3960 3961 3962 3963 3964 3965
6 4110 4111 4112 4113 4114 4115
6 4110 3787 3782 3960 3965 4115
5 2126 1832 1692 1697 1965
5 7826 7827 7828 7829 7830
5 7831 7832 7833 7834 7835
5 7836 7837 7838 7839 7840
5 7841 7842 7843 7844 7845
5 7846 7847 7848 7849 7850
5 3825 3826 7851 7852 3986
5 3828 3827 7853 7854 4124
5 3984 3985 7855 7856 4262
5 4122 4123 7857 7858 4401
5 4260 4261 7859 7860 4400
5 4263 3987 3824 3829 4125
6 7829 7828 1692 1697 7833 7834
6 7838 1832 1692 7828 7827 7839
6 7843 1965 1697 7833 7832 7844
6 7848 2126 1832 7838 7837 7849
6 7851 7830 7829 7834 7835 7852
6 7842 7843 1965 2126 7848 7847
6 7853 7826 7827 7839 7840 7854
6 3826 7851 7830 7826 7853 3827
6 7855 7831 7832 7844 7845 7856
6 3986 7852 7835 7831 7855 3985
6 7857 7836 7837 7849 7850 7858
6 4124 7854 7840 7836 7857 4123
6 7859 7841 7842 7847 7846 7860
6 4262 7856 7845 7841 7859 4261
6 3824 3825 3826 3827 3828 3829
6 4401 7858 7850 7846 7860 4400
6 3984 3985 3986 3825 3824 3987
6 4122 4123 4124 3828 3829 4125
6 4260 4261 4262 3984 3987 4263
6 4260 4400 4401 4122 4125 4263
5 2136 1842 1704 1709 1975
5 7861 7862 7863 7864 7865
5 7866 7867 7868 7869 7870
5 7871 7872 7873 7874 7875
5 7876 7877 7878 7879 7880
5 7881 7882 7883 7884 7885
5 3837 3838 7886 7887 3996
5 3840 3839 7888 7889 4134
5 3994 3995 7890 7891 4272
5 4132 4133 7892 7893 4409
5 4270 4271 7894 7895 4408
5 4273 3997 3836 3841 4135
6 7864 7863 1704 1709 7868 7869
6 7873 1842 1704 7863 7862 7874
6 7878 1975 1709 7868 7867 7879
6 7883 2136 1842 7873 7872 7884
6 7886 7865 7864 7869 7870 7887
6 7877 7878 1975 2136 7883 7882
6 7888 7861 7862 7874 7875 7889
6 3838 7886 7865 7861 7888 3839
6 7890 7866 7867 7879 7880 7891
6 3996 7887 7870 7866 7890 3995
6 7892 7871 7872 7884 7885 7893
6 4134 7889 7875 7871 7892 4133
6 7894 7876 7877 7882 7881 7895
6 4272 7891 7880 7876 7894 4271
6 3836 3837 3838 3839 3840 3841
6 4409 7893 7885 7881 7895 4408
6 3994 3995 3996 3837 3836 3997
6 4132 4133 4134 3840 3841 4135
6 4270 4271 4272 3994 3997 4273
6 4270 4408 4409 4132 4135 4273
5 2144 1852 1716 1721 1985
5 7896 7897 7898 7899 7900
5 7901 7902 7903 7904 7905
5 7906 7907 7908 7909 7910
5 7911 7912 7913 7914 7915
5 7916 7917 7918 7919 7920
5 3849 3850 7921 7922 4006
5 3852 3851 7923 7924 4144
5 4004 4005 7925 7926 4282
5 4142 4143 7927 7928 4417
5 4280 4281 7929 7930 4416
5 4283 4007 3848 3853 4145
6 7899 7898 1716 1721 7903 7904
6 7908 1852 1716 7898 7897 7909
6 7913 1985 1721 7903 7902 7914
6 7918 2144 1852 7908 7907 7919
6 7921 7900 7899 7904 7905 7922
6 7912 7913 1985 2144 7918 7917
6 7923 7896 7897 7909 7910 7924
6 3850 7921 7900 7896 7923 3851
6 7925 7901 7902 7914 7915 7926
6 4006 7922 7905 7901 7925 4005
6 7927 7906 7907 7919 7920 7928
6 4144 7924 7910 7906 7927 4143
6 7929 7911 7912 7917 7916 7930
6 4282 7926 7915 7911 7929 4281
6 3848 3849 3850 3851 3852 3853
6 4417 7928 7920 7916 7930 4416
6 4004 4005 4006 3849 3848 4007
6 4142 4143 4144 3852 3853 4145
6 4280 4281 4282 4004 4007 4283
6 4280 4416 4417 4142 4145 4283
5 2332 1864 1863 2008 2009
5 7931 7932 7933 7934 7935
5 7936 7937 7938 7939 7940
5 7941 7942 7943 7944 7945
5 7946 7947 7948 7949 7950
5 7951 7952 7953 7954 7955
5 3975 7956 7957 7958 3974
5 4155 7959 7960 7961 4154
5 4293 7962 7963 7964 4292
5 4152 4153 7965 3973 3972
5 4290 4291 7966 3976 3977
5 4295 4294 7967 4156 4157
6 7934 7933 1863 2008 7938 7939
6 7943 1864 1863 7933 7932 7944
6 7948 2009 2008 7938 7937 7949
6 7957 2332 1864 7943 7942 7958
6 7953 7935 7934 7939 7940 7954
6 7947 7948 2009 2332 7957 7956
6 7960 7931 7932 7944 7945 7961
6 7952 7953 7935 7931 7960 7959
6 7963 7936 7937 7949 7950 7964
6 7955 7954 7940 7936 7963 7962
6 3974 7958 7942 7941 7965 3973
6 4154 7961 7945 7941 7965 4153
6 3975 7956 7947 7946 7966 3976
6 4292 7964 7950 7946 7966 4291
6 4155 7959 7952 7951 7967 4156
6 3972 3973 3974 3975 3976 3977
6 4293 7962 7955 7951 7967 4294
6 4152 4153 4154 4155 4156 4157
6 4290 4291 4292 4293 4294 4295
6 4290 3977 3972 4152 4157 4295
5 2315 2019 1871 1876 2154
5 7968 7969 7970 7971 7972
5 7973 7974 7975 7976 7977
5 7978 7979 7980 7981 7982
5 7983 7984 7985 7986 7987
5 7988 7989 7990 7991 7992
5 4015 4016 7993 7994 4178
5 4018 4017 7995 7996 4304
5 4176 4177 7997 7998 4432
5 4302 4303 7999 8000 4573
5 4430 4431 8001 8002 4572
5 4433 4179 4014 4019 4305
6 7971 7970 1871 1876 7975 7976
6 7980 2019 1871 7970 7969 7981
6 7985 2154 1876 7975 7974 7986
6 7990 2315 2019 7980 7979 7991
6 7993 7972 7971 7976 7977 7994
6 7984 7985 2154 2315 7990 7989
6 7995 7968 7969 7981 7982 7996
6 4016 7993 7972 7968 7995 4017
6 7997 7973 7974 7986 7987 7998
6 4178 7994 7977 7973 7997 4177
6 7999 7978 7979 7991 7992 8000
6 4304 7996 7982 7978 7999 4303
6 8001 7983 7984 7989 7988 8002
6 4432 7998 7987 7983 8001 4431
6 4014 4015 4016 4017 4018 4019
6 4573 8000 7992 7988 8002 4572
6 4176 4177 4178 4015 4014 4179
6 4302 4303 4304 4018 4019 4305
6 4430 4431 4432 4176 4179 4433
6 4430 4572 4573 4302 4305 4433
5 2325 2029 1883 1888 2164
5 8003 8004 8005 8006 8007
5 8008 8009 8010 8011 8012
5 8013 8014 8015 8016 8017
5 8018 8019 8020 8021 8022
5 8023 8024 8025 8026 8027
5 4027 4028 8028 8029 4188
5 4030 4029 8030 8031 4314
5 4186 4187 8032 8033 4442
5 4312 4313 8034 8035 4581
5 4440 4441 8036 8037 4580
5 4443 4189 4026 4031 4315
6 8006 8005 1883 1888 8010 8011
6 8015 2029 1883 8005 8004 8016
6 8020 2164 1888 8010 8009 8021
6 8025 2325 2029 8015 8014 8026
6 8028 8007 8006 8011 8012 8029
6 8019 8020 2164 2325 8025 8024
6 8030 8003 8004 8016 8017 8031
6 4028 8028 8007 8003 8030 4029
6 8032 8008 8009 8021 8022 8033
6 4188 8029 8012 8008 8032 4187
6 8034 8013 8014 8026 8027 8035
6 4314 8031 8017 8013 8034 4313
6 8036 8018 8019 8024 8023 8037
6 4442 8033 8022 8018 8036 4441
6 4026 4027 4028 4029 4030 4031
6 4581 8035 8027 8023 8037 4580
6 4186 4187 4188 4027 4026 4189
6 4312 4313 4314 4030 4031 4315
6 4440 4441 4442 4186 4189 4443
6 4440 4580 4581 4312 4315 4443
5 2333 2039 1895 1900 2174
5 8038 8039 8040 8041 8042
5 8043 8044 8045 8046 8047
5 8048 8049 8050 8051 8052
5 8053 8054 8055 8056 8057
5 8058 8059 8060 8061 8062
5 4039 4040 8063 8064 4198
5 4042 4041 8065 8066 4324
5 4196 4197 8067 8068 4452
5 4322 4323 8069 8070 4589
5 4450 4451 8071 8072 4588
5 4453 4199 4038 4043 4325
6 8041 8040 1895 1900 8045 8046
6 8050 2039 1895 8040 8039 8051
6 8055 2174 1900 8045 8044 8056
6 8060 2333 2039 8050 8049 8061
6 8063 8042 8041 8046 8047 8064
6 8054 8055 2174 2333 8060 8059
6 8065 8038 8039 8051 8052 8066
6 4040 8063 8042 8038 8065 4041
6 8067 8043 8044 8056 8057 8068
6 4198 8064 8047 8043 8067 4197
6 8069 8048 8049 8061 8062 8070
6 4324 8066 8052 8048 8069 4323
6 8071 8053 8054 8059 8058 8072
6 4452 8068 8057 8053 8071 4451
6 4038 4039 4040 4041 4042 4043
6 4589 8070 8062 8058 8072 4588
6 4196 4197 4198 4039 4038 4199
6 4322 4323 4324 4042 4043 4325
6 4450 4451 4452 4196 4199 4453
6 4450 4588 4589 4322 4325 4453
5 2524 2051 2050 2197 2198
5 8073 8074 8075 8076 8077
5 8078 8079 8080 8081 8082
5 8083 8084 8085 8086 8087
5 8088 8089 8090 8091 8092
5 8093 8094 8095 8096 8097
5 4167 8098 8099 8100 4166
5 4335 8101 8102 8103 4334
5 4463 8104 8105 8106 4462
5 4332 4333 8107 4165 4164
5 4460 4461 8108 4168 4169
5 4465 4464 8109 4336 4337
6 8076 8075 2050 2197 8080 8081
6 8085 2051 2050 8075 8074 8086
6 8090 2198 2197 8080 8079 8091
6 8099 2524 2051 8085 8084 8100
6 8095 8077 8076 8081 8082 8096
6 8089 8090 2198 2524 8099 8098
6 8102 8073 8074 8086 8087 8103
6 8094 8095 8077 8073 8102 8101
6 8105 8078 8079 8091 8092 8106
6 8097 8096 8082 8078 8105 8104
6 4166 8100 8084 8083 8107 4165
6 4334 8103 8087 8083 8107 4333
6 4167 8098 8089 8088 8108 4168
6 4462 8106 8092 8088 8108 4461
6 4335 8101 8094 8093 8109 4336
6 4164 4165 4166 4167 4168 4169
6 4463 8104 8097 8093 8109 4464
6 4332 4333 4334 4335 4336 4337
6 4460 4461 4462 4463 4464 4465
6 4460 4169 4164 4332 4337 4465
5 2507 2208 2058 2063 2343
5 8110 8111 8112 8113 8114
5 8115 8116 8117 8118 8119
5 8120 8121 8122 8123 8124
5 8125 8126 8127 8128 8129
5 8130 8131 8132 8133 8134
5 4207 4208 8135 8136 4358
5 4210 4209 8137 8138 4474
5 4356 4357 8139 8140 4604
5 4472 4473 8141 8142 4735
5 4602 4603 8143 8144 4734
5 4605 4359 4206 4211 4475
6 8113 8112 2058 2063 8117 8118
6 8122 2208 2058 8112 8111 8123
6 8127 2343 2063 8117 8116 8128
6 8132 2507 2208 8122 8121 8133
6 8135 8114 8113 8118 8119 8136
6 8126 8127 2343 2507 8132 8131
6 8137 8110 8111 8123 8124 8138
6 4208 8135 8114 8110 8137 4209
6 8139 8115 8116 8128 8129 8140
6 4358 8136 8119 8115 8139 4357
6 8141 8120 8121 8133 8134 8142
6 4474 8138 8124 8120 8141 4473
6 8143 8125 8126 8131 8130 8144
6 4604 8140 8129 8125 8143 4603
6 4206 4207 4208 4209 4210 4211
6 4735 8142 8134 8130 8144 4734
6 4356 4357 4358 4207 4206 4359
6 4472 4473 4474 4210 4211 4475
6 4602 4603 4604 4356 4359 4605
6 4602 4734 4735 4472 4475 4605
5 2517 2218 2070 2075 2353
5 8145 8146 8147 8148 8149
5 8150 8151 8152 8153 8154
5 8155 8156 8157 8158 8159
5 8160 8161 8162 8163 8164
5 8165 8166 8167 8168 8169
5 4219 4220 8170 8171 4368
5 4222 4221 8172 8173 4484
5 4366 4367 8174 8175 4614
5 4482 4483 8176 8177 4743
5 4612 4613 8178 8179 4742
5 4615 4369 4218 4223 4485
6 8148 8147 2070 2075 8152 8153
6 8157 2218 2070 8147 8146 8158
6 8162 2353 2075 8152 8151 8163
6 8167 2517 2218 8157 8156 8168
6 8170 8149 8148 8153 8154 8171
6 8161 8162 2353 2517 8167 8166
6 8172 8145 8146 8158 8159 8173
6 4220 8170 8149 8145 8172 4221
6 8174 8150 8151 8163 8164 8175
6 4368 8171 8154 8150 8174 4367
6 8176 8155 8156 8168 8169 8177
6 4484 8173 8159 8155 8176 4483
6 8178 8160 8161 8166 8165 8179
6 4614 8175 8164 8160 8178 4613
6 4218 4219 4220 4221 4222 4223
6 4743 8177 8169 8165 8179 4742
6 4366 4367 4368 4219 4218 4369
6 4482 4483 4484 4222 4223 4485
6 4612 4613 4614 4366 4369 4615
6 4612 4742 4743 4482 4485 4615
5 2525 2228 2082 2087 2363
5 8180 8181 8182 8183 8184
5 8185 8186 8187 8188 8189
5 8190 8191 8192 8193 8194
5 8195 8196 8197 8198 8199
5 8200 8201 8202 8203 8204
5 8205 8206 8207 8208 8209
5 4495 8210 8211 8212 4494
5 4625 8213 8214 8215 4624
5 4492 4493 8216 8217 4751
5 4622 4623 8218 8219 4750
5 4627 4626 8220 4496 4497
6 8183 8182 2082 2087 8187 8188
6 8192 2228 2082 8182 8181 8193
6 8197 2363 2087 8187 8186 8198
6 8202 2525 2228 8192 8191 8203
6 8207 8184 8183 8188 8189 8208
6 8196 8197 2363 2525 8202 8201
6 8211 8180 8181 8193 8194 8212
6 8206 8207 8184 8180 8211 8210
6 8214 8185 8186 8198 8199 8215
6 8209 8208 8189 8185 8214 8213
6 8216 8190 8191 8203 8204 8217
6 4494 8212 8194 8190 8216 4493
6 8218 8195 8196 8201 8200 8219
6 4624 8215 8199 8195 8218 4623
6 4495 8210 8206 8205 8220 4496
6 4751 8217 8204 8200 8219 4750
6 4625 8213 8209 8205 8220 4626
6 4492 4493 4494 4495 4496 4497
6 4622 4623 4624 4625 4626 4627
6 4622 4750 4751 4492 4497 4627
5 2726 2240 2239 2386 2387
5 8221 8222 8223 8224 8225
5 8226 8227 8228 8229 8230
5 8231 8232 8233 8234 8235
5 8236 8237 8238 8239 8240
5 8241 8242 8243 8244 8245
5 4347 8246 8247 8248 4346
5 4507 8249 8250 8251 4506
5 4637 8252 8253 8254 4636
5 4504 4505 8255 4345 4344
5 4634 4635 8256 4348 4349
5 4639 4638 8257 4508 4509
6 8224 8223 2239 2386 8228 8229
6 8233 2240 2239 8223 8222 8234
6 8238 2387 2386 8228 8227 8239
6 8247 2726 2240 8233 8232 8248
6 8243 8225 8224 8229 8230 8244
6 8237 8238 2387 2726 8247 8246
6 8250 8221 8222 8234 8235 8251
6 8242 8243 8225 8221 8250 8249
6 8253 8226 8227 8239 8240 8254
6 8245 8244 8230 8226 8253 8252
6 4346 8248 8232 8231 8255 4345
6 4506 8251 8235 8231 8255 4505
6 4347 8246 8237 8236 8256 4348
6 4636 8254 8240 8236 8256 4635
6 4507 8249 8242 8241 8257 4508
6 4344 4345 4346 4347 4348 4349
6 4637 8252 8245 8241 8257 4638
6 4504 4505 4506 4507 4508 4509
6 4634 4635 4636 4637 4638 4639
6 4634 4349 4344 4504 4509 4639
5 2709 2397 2247 2252 2535
5 8258 8259 8260 8261 8262
5 8263 8264 8265 8266 8267
5 8268 8269 8270 8271 8272
5 8273 8274 8275 8276 8277
5 8278 8279 8280 8281 8282
5 4377 4378 8283 8284 4530
5 4380 4379 8285 8286 4648
5 4528 4529 8287 8288 4766
5 4646 4647 8289 8290 4885
5 4764 4765 8291 8292 4884
5 4767 4531 4376 4381 4649
6 8261 8260 2247 2252 8265 8266
6 8270 2397 2247 8260 8259 8271
6 8275 2535 2252 8265 8264 8276
6 8280 2709 2397 8270 8269 8281
6 8283 8262 8261 8266 8267 8284
6 8274 8275 2535 2709 8280 8279
6 8285 8258 8259 8271 8272 8286
6 4378 8283 8262 8258 8285 4379
6 8287 8263 8264 8276 8277 8288
6 4530 8284 8267 8263 8287 4529
6 8289 8268 8269 8281 8282 8290
6 4648 8286 8272 8268 8289 4647
6 8291 8273 8274 8279 8278 8292
6 4766 8288 8277 8273 8291 4765
6 4376 4377 4378 4379 4380 4381
6 4885 8290 8282 8278 8292 4884
6 4528 4529 4530 4377 4376 4531
6 4646 4647 4648 4380 4381 4649
6 4764 4765 4766 4528 4531 4767
6 4764 4884 4885 4646 4649 4767
5 2719 2407 2259 2264 2545
5 8293 8294 8295 8296 8297
5 8298 8299 8300 8301 8302
5 8303 8304 8305 8306 8307
5 8308 8309 8310 8311 8312
5 8313 8314 8315 8316 8317
5 4389 4390 8318 8319 4540
5 4392 4391 8320 8321 4658
5 4538 4539 8322 8323 4776
5 4656 4657 8324 8325 4893
5 4774 4775 8326 8327 4892
5 4777 4541 4388 4393 4659
6 8296 8295 2259 2264 8300 8301
6 8305 2407 2259 8295 8294 8306
6 8310 2545 2264 8300 8299 8311
6 8315 2719 2407 8305 8304 8316
6 8318 8297 8296 8301 8302 8319
6 8309 8310 2545 2719 8315 8314
6 8320 8293 8294 8306 8307 8321
6 4390 8318 8297 8293 8320 4391
6 8322 8298 8299 8311 8312 8323
6 4540 8319 8302 8298 8322 4539
6 8324 8303 8304 8316 8317 8325
6 4658 8321 8307 8303 8324 4657
6 8326 8308 8309 8314 8313 8327
6 4776 8323 8312 8308 8326 4775
6 4388 4389 4390 4391 4392 4393
6 4893 8325 8317 8313 8327 4892
6 4538 4539 4540 4389 4388 4541
6 4656 4657 4658 4392 4393 4659
6 4774 4775 4776 4538 4541 4777
6 4774 4892 4893 4656 4659 4777
5 2727 2417 2271 2276 2555
5 8328 8329 8330 8331 8332
5 8333 8334 8335 8336 8337
5 8338 8339 8340 8341 8342
5 8343 8344 8345 8346 8347
5 8348 8349 8350 8351 8352
5 8353 8354 8355 8356 8357
5 4669 8358 8359 8360 4668
5 4787 8361 8362 8363 4786
5 4666 4667 8364 8365 4901
5 4784 4785 8366 8367 4900
5 4789 4788 8368 4670 4671
6 8331 8330 2271 2276 8335 8336
6 8340 2417 2271 8330 8329 8341
6 8345 2555 2276 8335 8334 8346
6 8350 2727 2417 8340 8339 8351
6 8355 8332 8331 8336 8337 8356
6 8344 8345 2555 2727 8350 8349
6 8359 8328 8329 8341 8342 8360
6 8354 8355 8332 8328 8359 8358
6 8362 8333 8334 8346 8347 8363
6 8357 8356 8337 8333 8362 8361
6 8364 8338 8339 8351 8352 8365
6 4668 8360 8342 8338 8364 4667
6 8366 8343 8344 8349 8348 8367
6 4786 8363 8347 8343 8366 4785
6 4669 8358 8354 8353 8368 4670
6 4901 8365 8352 8348 8367 4900
6 4787 8361 8357 8353 8368 4788
6 4666 4667 4668 4669 4670 4671
6 4784 4785 4786 4787 4788 4789
6 4784 4900 4901 4666 4671 4789
5 2936 2429 2428 2590 2591
5 8369 8370 8371 8372 8373
5 8374 8375 8376 8377 8378
5 8379 8380 8381 8382 8383
5 8384 8385 8386 8387 8388
5 8389 8390 8391 8392 8393
5 4519 8394 8395 8396 4518
5 4681 8397 8398 8399 4680
5 4799 8400 8401 8402 4798
5 4678 4679 8403 4517 4516
5 4796 4797 8404 4520 4521
5 4801 4800 8405 4682 4683
6 8372 8371 2428 2590 8376 8377
6 8381 2429 2428 8371 8370 8382
6 8386 2591 2590 8376 8375 8387
6 8395 2936 2429 8381 8380 8396
6 8391 8373 8372 8377 8378 8392
6 8385 8386 2591 2936 8395 8394
6 8398 8369 8370 8382 8383 8399
6 8390 8391 8373 8369 8398 8397
6 8401 8374 8375 8387 8388 8402
6 8393 8392 8378 8374 8401 8400
6 4518 8396 8380 8379 8403 4517
6 4680 8399 8383 8379 8403 4679
6 4519 8394 8385 8384 8404 4520
6 4798 8402 8388 8384 8404 4797
6 4681 8397 8390 8389 8405 4682
6 4516 4517 4518 4519 4520 4521
6 4799 8400 8393 8389 8405 4800
6 4678 4679 4680 4681 4682 4683
6 4796 4797 4798 4799 4800 4801
6 4796 4521 4516 4678 4683 4801
5 2909 2601 2436 2441 2737
5 8406 8407 8408 8409 8410
5 8411 8412 8413 8414 8415
5 8416 8417 8418 8419 8420
5 8421 8422 8423 8424 8425
5 8426 8427 8428 8429 8430
5 4549 4550 8431 8432 4692
5 4552 4551 8433 8434 4810
5 4690 4691 8435 8436 4916
5 4808 4809 8437 8438 5025
5 4914 4915 8439 8440 5024
5 4917 4693 4548 4553 4811
6 8409 8408 2436 2441 8413 8414
6 8418 2601 2436 8408 8407 8419
6 8423 2737 2441 8413 8412 8424
6 8428 2909 2601 8418 8417 8429
6 8431 8410 8409 8414 8415 8432
6 8422 8423 2737 2909 8428 8427
6 8433 8406 8407 8419 8420 8434
6 4550 8431 8410 8406 8433 4551
6 8435 8411 8412 8424 8425 8436
6 4692 8432 8415 8411 8435 4691
6 8437 8416 8417 8429 8430 8438
6 4810 8434 8420 8416 8437 4809
6 8439 8421 8422 8427 8426 8440
6 4916 8436 8425 8421 8439 4915
6 4548 4549 4550 4551 4552 4553
6 5025 8438 8430 8426 8440 5024
6 4690 4691 4692 4549 4548 4693
6 4808 4809 4810 4552 4553 4811
6 4914 4915 4916 4690 4693 4917
6 4914 5024 5025 4808 4811 4917
5 2919 2611 2448 2453 2747
5 8441 8442 8443 8444 8445
5 8446 8447 8448 8449 8450
5 8451 8452 8453 8454 8455
5 8456 8457 8458 8459 8460
5 8461 8462 8463 8464 8465
5 4561 4562 8466 8467 4702
5 4564 4563 8468 8469 4820
5 4700 4701 8470 8471 4926
5 4818 4819 8472 8473 5033
5 4924 4925 8474 8475 5032
5 4927 4703 4560 4565 4821
6 8444 8443 2448 2453 8448 8449
6 8453 2611 2448 8443 8442 8454
6 8458 2747 2453 8448 8447 8459
6 8463 2919 2611 8453 8452 8464
6 8466 8445 8444 8449 8450 8467
6 8457 8458 2747 2919 8463 8462
6 8468 8441 8442 8454 8455 8469
6 4562 8466 8445 8441 8468 4563
6 8470 8446 8447 8459 8460 8471
6 4702 8467 8450 8446 8470 4701
6 8472 8451 8452 8464 8465 8473
6 4820 8469 8455 8451 8472 4819
6 8474 8456 8457 8462 8461 8475
6 4926 8471 8460 8456 8474 4925
6 4560 4561 4562 4563 4564 4565
6 5033 8473 8465 8461 8475 5032
6 4700 4701 4702 4561 4560 4703
6 4818 4819 4820 4564 4565 4821
6 4924 4925 4926 4700 4703 4927
6 4924 5032 5033 4818 4821 4927
5 2929 2621 2460 2465 2757
5 8476 8477 8478 8479 8480
5 8481 8482 8483 8484 8485
5 8486 8487 8488 8489 8490
5 8491 8492 8493 8494 8495
5 8496 8497 8498 8499 8500
5 8501 8502 8503 8504 8505
5 4831 8506 8507 8508 4830
5 4937 8509 8510 8511 4936
5 4828 4829 8512 8513 5041
5 4934 4935 8514 8515 5040
5 4939 4938 8516 4832 4833
6 8479 8478 2460 2465 8483 8484
6 8488 2621 2460 8478 8477 8489
6 8493 2757 2465 8483 8482 8494
6 8498 2929 2621 8488 8487 8499
6 8503 8480 8479 8484 8485 8504
6 8492 8493 2757 2929 8498 8497
6 8507 8476 8477 8489 8490 8508
6 8502 8503 8480 8476 8507 8506
6 8510 8481 8482 8494 8495 8511
6 8505 8504 8485 8481 8510 8509
6 8512 8486 8487 8499 8500 8513
6 4830 8508 8490 8486 8512 4829
6 8514 8491 8492 8497 8496 8515
6 4936 8511 8495 8491 8514 4935
6 4831 8506 8502 8501 8516 4832
6 5041 8513 8500 8496 8515 5040
6 4937 8509 8505 8501 8516 4938
6 4828 4829 4830 4831 4832 4833
6 4934 4935 4936 4937 4938 4939
6 4934 5040 5041 4828 4833 4939
5 2937 2631 2472 2477 2767
5 8517 8518 8519 8520 8521
5 8522 8523 8524 8525 8526
5 8527 8528 8529 8530 8531
5 8532 8533 8534 8535 8536
5 8537 8538 8539 8540 8541
5 8542 8543 8544 8545 8546
5 4843 8547 8548 8549 4842
5 4949 8550 8551 8552 4948
5 4840 4841 8553 8554 5049
5 4946 4947 8555 8556 5048
5 4951 4950 8557 4844 4845
6 8520 8519 2472 2477 8524 8525
6 8529 2631 2472 8519 8518 8530
6 8534 2767 2477 8524 8523 8535
6 8539 2937 2631 8529 8528 8540
6 8544 8521 8520 8525 8526 8545
6 8533 8534 2767 2937 8539 8538
6 8548 8517 8518 8530 8531 8549
6 8543 8544 8521 8517 8548 8547
6 8551 8522 8523 8535 8536 8552
6 8546 8545 8526 8522 8551 8550
6 8553 8527 8528 8540 8541 8554
6 4842 8549 8531 8527 8553 4841
6 8555 8532 8533 8538 8537 8556
6 4948 8552 8536 8532 8555 4947
6 4843 8547 8543 8542 8557 4844
6 5049 8554 8541 8537 8556 5048
6 4949 8550 8546 8542 8557 4950
6 4840 4841 4842 4843 4844 4845
6 4946 4947 4948 4949 4950 4951
6 4946 5048 5049 4840 4845 4951
5 3113 2801 2638 2643 2947
5 8558 8559 8560 8561 8562
5 8563 8564 8565 8566 8567
5 8568 8569 8570 8571 8572
5 8573 8574 8575 8576 8577
5 8578 8579 8580 8581 8582
5 4711 4712 8583 8584 4854
5 4714 4713 8585 8586 4960
5 4852 4853 8587 8588 5058
5 4958 4959 8589 8590 5157
5 5056 5057 8591 8592 5156
5 5059 4855 4710 4715 4961
6 8561 8560 2638 2643 8565 8566
6 8570 2801 2638 8560 8559 8571
6 8575 2947 2643 8565 8564 8576
6 8580 3113 2801 8570 8569 8581
6 8583 8562 8561 8566 8567 8584
6 8574 8575 2947 3113 8580 8579
6 8585 8558 8559 8571 8572 8586
6 4712 8583 8562 8558 8585 4713
6 8587 8563 8564 8576 8577 8588
6 4854 8584 8567 8563 8587 4853
6 8589 8568 8569 8581 8582 8590
6 4960 8586 8572 8568 8589 4959
6 8591 8573 8574 8579 8578 8592
6 5058 8588 8577 8573 8591 5057
6 4710 4711 4712 4713 4714 4715
6 5157 8590 8582 8578 8592 5156
6 4852 4853 4854 4711 4710 4855
6 4958 4959 4960 4714 4715 4961
6 5056 5057 5058 4852 4855 5059
6 5056 5156 5157 4958 4961 5059
5 3123 2811 2650 2655 2957
5 8593 8594 8595 8596 8597
5 8598 8599 8600 8601 8602
5 8603 8604 8605 8606 8607
5 8608 8609 8610 8611 8612
5 8613 8614 8615 8616 8617
5 4723 4724 8618 8619 4864
5 4726 4725 8620 8621 4970
5 4862 4863 8622 8623 5068
5 4968 4969 8624 8625 5165
5 5066 5067 8626 8627 5164
5 5069 4865 4722 4727 4971
6 8596 8595 2650 2655 8600 8601
6 8605 2811 2650 8595 8594 8606
6 8610 2957 2655 8600 8599 8611
6 8615 3123 2811 8605 8604 8616
6 8618 8597 8596 8601 8602 8619
6 8609 8610 2957 3123 8615 8614
6 8620 8593 8594 8606 8607 8621
6 4724 8618 8597 8593 8620 4725
6 8622 8598 8599 8611 8612 8623
6 4864 8619 8602 8598 8622 4863
6 8624 8603 8604 8616 8617 8625
6 4970 8621 8607 8603 8624 4969
6 8626 8608 8609 8614 8613 8627
6 5068 8623 8612 8608 8626 5067
6 4722 4723 4724 4725 4726 4727
6 5165 8625 8617 8613 8627 5164
6 4862 4863 4864 4723 4722 4865
6 4968 4969 4970 4726 4727 4971
6 5066 5067 5068 4862 4865 5069
6 5066 5164 5165 4968 4971 5069
5 3133 2821 2662 2667 2967
5 8628 8629 8630 8631 8632
5 8633 8634 8635 8636 8637
5 8638 8639 8640 8641 8642
5 8643 8644 8645 8646 8647
5 8648 8649 8650 8651 8652
5 8653 8654 8655 8656 8657
5 4981 8658 8659 8660 4980
5 5079 8661 8662 8663 5078
5 4978 4979 8664 8665 5173
5 5076 5077 8666 8667 5172
5 5081 5080 8668 4982 4983
6 8631 8630 2662 2667 8635 8636
6 8640 2821 2662 8630 8629 8641
6 8645 2967 2667 8635 8634 8646
6 8650 3133 2821 8640 8639 8651
6 8655 8632 8631 8636 8637 8656
6 8644 8645 2967 3133 8650 8649
6 8659 8628 8629 8641 8642 8660
6 8654 8655 8632 8628 8659 8658
6 8662 8633 8634 8646 8647 8663
6 8657 8656 8637 8633 8662 8661
6 8664 8638 8639 8651 8652 8665
6 4980 8660 8642 8638 8664 4979
6 8666 8643 8644 8649 8648 8667
6 5078 8663 8647 8643 8666 5077
6 4981 8658 8654 8653 8668 4982
6 5173 8665 8652 8648 8667 5172
6 5079 8661 8657 8653 8668 5080
6 4978 4979 4980 4981 4982 4983
6 5076 5077 5078 5079 5080 5081
6 5076 5172 5173 4978 4983 5081
5 3143 2831 2674 2679 2977
5 8669 8670 8671 8672 8673
5 8674 8675 8676 8677 8678
5 8679 8680 8681 8682 8683
5 8684 8685 8686 8687 8688
5 8689 8690 8691 8692 8693
5 8694 8695 8696 8697 8698
5 4993 8699 8700 8701 4992
5 5091 8702 8703 8704 5090
5 4990 4991 8705 8706 5181
5 5088 5089 8707 8708 5180
5 5093 5092 8709 4994 4995
6 8672 8671 2674 2679 8676 8677
6 8681 2831 2674 8671 8670 8682
6 8686 2977 2679 8676 8675 8687
6 8691 3143 2831 8681 8680 8692
6 8696 8673 8672 8677 8678 8697
6 8685 8686 2977 3143 8691 8690
6 8700 8669 8670 8682 8683 8701
6 8695 8696 8673 8669 8700 8699
6 8703 8674 8675 8687 8688 8704
6 8698 8697 8678 8674 8703 8702
6 8705 8679 8680 8692 8693 8706
6 4992 8701 8683 8679 8705 4991
6 8707 8684 8685 8690 8689 8708
6 5090 8704 8688 8684 8707 5089
6 4993 8699 8695 8694 8709 4994
6 5181 8706 8693 8689 8708 5180
6 5091 8702 8698 8694 8709 5092
6 4990 4991 4992 4993 4994 4995
6 5088 5089 5090 5091 5092 5093
6 5088 5180 5181 4990 4995 5093
5 3311 3011 2838 2843 3153
5 8710 8711 8712 8713 8714
5 8715 8716 8717 8718 8719
5 8720 8721 8722 8723 8724
5 8725 8726 8727 8728 8729
5 8730 8731 8732 8733 8734
5 4873 4874 8735 8736 5004
5 4876 4875 8737 8738 5102
5 5002 5003 8739 8740 5190
5 5100 5101 8741 8742 5279
5 5188 5189 8743 8744 5278
5 5191 5005 4872 4877 5103
6 8713 8712 2838 2843 8717 8718
6 8722 3011 2838 8712 8711 8723
6 8727 3153 2843 8717 8716 8728
6 8732 3311 3011 8722 8721 8733
6 8735 8714 8713 8718 8719 8736
6 8726 8727 3153 3311 8732 8731
6 8737 8710 8711 8723 8724 8738
6 4874 8735 8714 8710 8737 4875
6 8739 8715 8716 8728 8729 8740
6 5004 8736 8719 8715 8739 5003
6 8741 8720 8721 8733 8734 8742
6 5102 8738 8724 8720 8741 5101
6 8743 8725 8726 8731 8730 8744
6 5190 8740 8729 8725 8743 5189
6 4872 4873 4874 4875 4876 4877
6 5279 8742 8734 8730 8744 5278
6 5002 5003 5004 4873 4872 5005
6 5100 5101 5102 4876 4877 5103
6 5188 5189 5190 5002 5005 5191
6 5188 5278 5279 5100 5103 5191
5 3321 3021 2850 2855 3163
5 8745 8746 8747 8748 8749
5 8750 8751 8752 8753 8754
5 8755 8756 8757 8758 8759
5 8760 8761 8762 8763 8764
5 8765 8766 8767 8768 8769
5 8770 8771 8772 8773 8774
5 5113 8775 8776 8777 5112
5 5201 8778 8779 8780 5200
5 5110 5111 8781 8782 5287
5 5198 5199 8783 8784 5286
5 5203 5202 8785 5114 5115
6 8748 8747 2850 2855 8752 8753
6 8757 3021 2850 8747 8746 8758
6 8762 3163 2855 8752 8751 8763
6 8767 3321 3021 8757 8756 8768
6 8772 8749 8748 8753 8754 8773
6 8761 8762 3163 3321 8767 8766
6 8776 8745 8746 8758 8759 8777
6 8771 8772 8749 8745 8776 8775
6 8779 8750 8751 8763 8764 8780
6 8774 8773 8754 8750 8779 8778
6 8781 8755 8756 8768 8769 8782
6 5112 8777 8759 8755 8781 5111
6 8783 8760 8761 8766 8765 8784
6 5200 8780 8764 8760 8783 5199
6 5113 8775 8771 8770 8785 5114
6 5287 8782 8769 8765 8784 5286
6 5201 8778 8774 8770 8785 5202
6 5110 5111 5112 5113 5114 5115
6 5198 5199 5200 5201 5202 5203
6 5198 5286 5287 5110 5115 5203
5 3331 3031 2862 2867 3173
5 8786 8787 8788 8789 8790
5 8791 8792 8793 8794 8795
5 8796 8797 8798 8799 8800
5 8801 8802 8803 8804 8805
5 8806 8807 8808 8809 8810
5 8811 8812 8813 8814 8815
5 8816 8817 8818 8819 8820
5 5213 8821 8822 8823 5212
5 5296 8824 8825 8826 5295
5 5210 5211 8827 8828 5294
5 5215 5214 8829 8830 5297
6 8789 8788 2862 2867 8793 8794
6 8798 3031 2862 8788 8787 8799
6 8803 3173 2867 8793 8792 8804
6 8813 3331 3031 8798 8797 8814
6 8808 8790 8789 8794 8795 8809
6 8802 8803 3173 3331 8813 8812
6 8818 8786 8787 8799 8800 8819
6 8807 8808 8790 8786 8818 8817
6 8822 8791 8792 8804 8805 8823
6 8810 8809 8795 8791 8822 8821
6 8825 8796 8797 8814 8815 8826
6 8820 8819 8800 8796 8825 8824
6 8827 8801 8802 8812 8811 8828
6 5212 8823 8805 8801 8827 5211
6 8829 8806 8807 8817 8816 8830
6 5295 8826 8815 8811 8828 5294
6 5213 8821 8810 8806 8829 5214
6 5296 8824 8820 8816 8830 5297
6 5210 5211 5212 5213 5214 5215
6 5210 5294 5295 5296 5297 5215
5 3341 3041 2874 2879 3183
5 8831 8832 8833 8834 8835
5 8836 8837 8838 8839 8840
5 8841 8842 8843 8844 8845
5 8846 8847 8848 8849 8850
5 8851 8852 8853 8854 8855
5 8856 8857 8858 8859 8860
5 5125 8861 8862 8863 5124
5 5225 8864 8865 8866 5224
5 5122 5123 8867 8868 5305
5 5222 5223 8869 8870 5304
5 5227 5226 8871 5126 5127
6 8834 8833 2874 2879 8838 8839
6 8843 3041 2874 8833 8832 8844
6 8848 3183 2879 8838 8837 8849
6 8853 3341 3041 8843 8842 8854
6 8858 8835 8834 8839 8840 8859
6 8847 8848 3183 3341 8853 8852
6 8862 8831 8832 8844 8845 8863
6 8857 8858 8835 8831 8862 8861
6 8865 8836 8837 8849 8850 8866
6 8860 8859 8840 8836 8865 8864
6 8867 8841 8842 8854 8855 8868
6 5124 8863 8845 8841 8867 5123
6 8869 8846 8847 8852 8851 8870
6 5224 8866 8850 8846 8869 5223
6 5125 8861 8857 8856 8871 5126
6 5305 8868 8855 8851 8870 5304
6 5225 8864 8860 8856 8871 5226
6 5122 5123 5124 5125 5126 5127
6 5222 5223 5224 5225 5226 5227
6 5222 5304 5305 5122 5127 5227
5 3511 3217 3048 3053 3351
5 8872 8873 8874 8875 8876
5 8877 8878 8879 8880 8881
5 8882 8883 8884 8885 8886
5 8887 8888 8889 8890 8891
5 8892 8893 8894 8895 8896
5 5013 5014 8897 8898 5136
5 5016 5015 8899 8900 5236
5 5134 5135 8901 8902 5314
5 5234 5235 8903 8904 5391
5 5312 5313 8905 8906 5390
5 5315 5137 5012 5017 5237
6 8875 8874 3048 3053 8879 8880
6 8884 3217 3048 8874 8873 8885
6 8889 3351 3053 8879 8878 8890
6 8894 3511 3217 8884 8883 8895
6 8897 8876 8875 8880 8881 8898
6 8888 8889 3351 3511 8894 8893
6 8899 8872 8873 8885 8886 8900
6 5014 8897 8876 8872 8899 5015
6 8901 8877 8878 8890 8891 8902
6 5136 8898 8881 8877 8901 5135
6 8903 8882 8883 8895 8896 8904
6 5236 8900 8886 8882 8903 5235
6 8905 8887 8888 8893 8892 8906
6 5314 8902 8891 8887 8905 5313
6 5012 5013 5014 5015 5016 5017
6 5391 8904 8896 8892 8906 5390
6 5134 5135 5136 5013 5012 5137
6 5234 5235 5236 5016 5017 5237
6 5312 5313 5314 5134 5137 5315
6 5312 5390 5391 5234 5237 5315
5 3521 3227 3060 3065 3361
5 8907 8908 8909 8910 8911
5 8912 8913 8914 8915 8916
5 8917 8918 8919 8920 8921
5 8922 8923 8924 8925 8926
5 8927 8928 8929 8930 8931
5 8932 8933 8934 8935 8936
5 5247 8937 8938 8939 5246
5 5325 8940 8941 8942 5324
5 5244 5245 8943 8944 5399
5 5322 5323 8945 8946 5398
5 5327 5326 8947 5248 5249
6 8910 8909 3060 3065 8914 8915
6 8919 3227 3060 8909 8908 8920
6 8924 3361 3065 8914 8913 8925
6 8929 3521 3227 8919 8918 8930
6 8934 8911 8910 8915 8916 8935
6 8923 8924 3361 3521 8929 8928
6 8938 8907 8908 8920 8921 8939
6 8933 8934 8911 8907 8938 8937
6 8941 8912 8913 8925 8926 8942
6 8936 8935 8916 8912 8941 8940
6 8943 8917 8918 8930 8931 8944
6 5246 8939 8921 8917 8943 5245
6 8945 8922 8923 8928 8927 8946
6 5324 8942 8926 8922 8945 5323
6 5247 8937 8933 8932 8947 5248
6 5399 8944 8931 8927 8946 5398
6 5325 8940 8936 8932 8947 5326
6 5244 5245 5246 5247 5248 5249
6 5322 5323 5324 5325 5326 5327
6 5322 5398 5399 5244 5249 5327
5 3543 3237 3072 3077 3383
5 8948 8949 8950 8951 8952
5 8953 8954 8955 8956 8957
5 8958 8959 8960 8961 8962
5 8963 8964 8965 8966 8967
5 8968 8969 8970 8971 8972
5 8973 8974 8975 8976 8977
5 8978 8979 8980 8981 8982
5 5337 8983 8984 8985 5336
5 5408 8986 8987 8988 5407
5 5334 5335 8989 8990 5406
5 5339 5338 8991 8992 5409
6 8951 8950 3072 3077 8955 8956
6 8960 3237 3072 8950 8949 8961
6 8965 3383 3077 8955 8954 8966
6 8975 3543 3237 8960 8959 8976
6 8970 8952 8951 8956 8957 8971
6 8964 8965 3383 3543 8975 8974
6 8980 8948 8949 8961 8962 8981
6 8969 8970 8952 8948 8980 8979
6 8984 8953 8954 8966 8967 8985
6 8972 8971 8957 8953 8984 8983
6 8987 8958 8959 8976 8977 8988
6 8982 8981 8962 8958 8987 8986
6 8989 8963 8964 8974 8973 8990
6 5336 8985 8967 8963 8989 5335
6 8991 8968 8969 8979 8978 8992
6 5407 8988 8977 8973 8990 5406
6 5337 8983 8972 8968 8991 5338
6 5408 8986 8982 8978 8992 5409
6 5334 5335 5336 5337 5338 5339
6 5334 5406 5407 5408 5409 5339
5 3701 3417 3244 3249 3553
5 8993 8994 8995 8996 8997
5 8998 8999 9000 9001 9002
5 9003 9004 9005 9006 9007
5 9008 9009 9010 9011 9012
5 9013 9014 9015 9016 9017
5 5145 5146 9018 9019 5258
5 5148 5147 9020 9021 5348
5 5256 5257 9022 9023 5418
5 5346 5347 9024 9025 5495
5 5416 5417 9026 9027 5494
5 5419 5259 5144 5149 5349
6 8996 8995 3244 3249 9000 9001
6 9005 3417 3244 8995 8994 9006
6 9010 3553 3249 9000 8999 9011
6 9015 3701 3417 9005 9004 9016
6 9018 8997 8996 9001 9002 9019
6 9009 9010 3553 3701 9015 9014
6 9020 8993 8994 9006 9007 9021
6 5146 9018 8997 8993 9020 5147
6 9022 8998 8999 9011 9012 9023
6 5258 9019 9002 8998 9022 5257
6 9024 9003 9004 9016 9017 9025
6 5348 9021 9007 9003 9024 5347
6 9026 9008 9009 9014 9013 9027
6 5418 9023 9012 9008 9026 5417
6 5144 5145 5146 5147 5148 5149
6 5495 9025 9017 9013 9027 5494
6 5256 5257 5258 5145 5144 5259
6 5346 5347 5348 5148 5149 5349
6 5416 5417 5418 5256 5259 5419
6 5416 5494 5495 5346 5349 5419
5 3711 3427 3256 3261 3563
5 9028 9029 9030 9031 9032
5 9033 9034 9035 9036 9037
5 9038 9039 9040 9041 9042
5 9043 9044 9045 9046 9047
5 9048 9049 9050 9051 9052
5 9053 9054 9055 9056 9057
5 5359 9058 9059 9060 5358
5 5429 9061 9062 9063 5428
5 5356 5357 9064 9065 5503
5 5426 5427 9066 9067 5502
5 5431 5430 9068 5360 5361
6 9031 9030 3256 3261 9035 9036
6 9040 3427 3256 9030 9029 9041
6 9045 3563 3261 9035 9034 9046
6 9050 3711 3427 9040 9039 9051
6 9055 9032 9031 9036 9037 9056
6 9044 9045 3563 3711 9050 9049
6 9059 9028 9029 9041 9042 9060
6 9054 9055 9032 9028 9059 9058
6 9062 9033 9034 9046 9047 9063
6 9057 9056 9037 9033 9062 9061
6 9064 9038 9039 9051 9052 9065
6 5358 9060 9042 9038 9064 5357
6 9066 9043 9044 9049 9048 9067
6 5428 9063 9047 9043 9066 5427
6 5359 9058 9054 9053 9068 5360
6 5503 9065 9052 9048 9067 5502
6 5429 9061 9057 9053 9068 5430
6 5356 5357 5358 5359 5360 5361
6 5426 5427 5428 5429 5430 5431
6 5426 5502 5503 5356 5361 5431
5 3733 3437 3268 3273 3585
5 9069 9070 9071 9072 9073
5 9074 9075 9076 9077 9078
5 9079 9080 9081 9082 9083
5 9084 9085 9086 9087 9088
5 9089 9090 9091 9092 9093
5 9094 9095 9096 9097 9098
5 9099 9100 9101 9102 9103
5 5441 9104 9105 9106 5440
5 5512 9107 9108 9109 5511
5 5438 5439 9110 9111 5510
5 5443 5442 9112 9113 5513
6 9072 9071 3268 3273 9076 9077
6 9081 3437 3268 9071 9070 9082
6 9086 3585 3273 9076 9075 9087
6 9096 3733 3437 9081 9080 9097
6 9091 9073 9072 9077 9078 9092
6 9085 9086 3585 3733 9096 9095
6 9101 9069 9070 9082 9083 9102
6 9090 9091 9073 9069 9101 9100
6 9105 9074 9075 9087 9088 9106
6 9093 9092 9078 9074 9105 9104
6 9108 9079 9080 9097 9098 9109
6 9103 9102 9083 9079 9108 9107
6 9110 9084 9085 9095 9094 9111
6 5440 9106 9088 9084 9110 5439
6 9112 9089 9090 9100 9099 9113
6 5511 9109 9098 9094 9111 5510
6 5441 9104 9093 9089 9112 5442
6 5512 9107 9103 9099 9113 5513
6 5438 5439 5440 5441 5442 5443
6 5438 5510 5511 5512 5513 5443
5 3891 3607 3444 3449 3743
5 9114 9115 9116 9117 9118
5 9119 9120 9121 9122 9123
5 9124 9125 9126 9127 9128
5 9129 9130 9131 9132 9133
5 9134 9135 9136 9137 9138
5 5267 5268 9139 9140 5370
5 5270 5269 9141 9142 5452
5 5368 5369 9143 9144 5522
5 5450 5451 9145 9146 5587
5 5520 5521 9147 9148 5586
5 5523 5371 5266 5271 5453
6 9117 9116 3444 3449 9121 9122
6 9126 3607 3444 9116 9115 9127
6 9131 3743 3449 9121 9120 9132
6 9136 3891 3607 9126 9125 9137
6 9139 9118 9117 9122 9123 9140
6 9130 9131 3743 3891 9136 9135
6 9141 9114 9115 9127 9128 9142
6 5268 9139 9118 9114 9141 5269
6 9143 9119 9120 9132 9133 9144
6 5370 9140 9123 9119 9143 5369
6 9145 9124 9125 9137 9138 9146
6 5452 9142 9128 9124 9145 5451
6 9147 9129 9130 9135 9134 9148
6 5522 9144 9133 9129 9147 5521
6 5266 5267 5268 5269 5270 5271
6 5587 9146 9138 9134 9148 5586
6 5368 5369 5370 5267 5266 5371
6 5450 5451 5452 5270 5271 5453
6 5520 5521 5522 5368 5371 5523
6 5520 5586 5587 5450 5453 5523
5 3901 3617 3456 3461 3753
5 9149 9150 9151 9152 9153
5 9154 9155 9156 9157 9158
5 9159 9160 9161 9162 9163
5 9164 9165 9166 9167 9168
5 9169 9170 9171 9172 9173
5 9174 9175 9176 9177 9178
5 5463 9179 9180 9181 5462
5 5533 9182 9183 9184 5532
5 5460 5461 9185 9186 5595
5 5530 5531 9187 9188 5594
5 5535 5534 9189 5464 5465
6 9152 9151 3456 3461 9156 9157
6 9161 3617 3456 9151 9150 9162
6 9166 3753 3461 9156 9155 9167
6 9171 3901 3617 9161 9160 9172
6 9176 9153 9152 9157 9158 9177
6 9165 9166 3753 3901 9171 9170
6 9180 9149 9150 9162 9163 9181
6 9175 9176 9153 9149 9180 9179
6 9183 9154 9155 9167 9168 9184
6 9178 9177 9158 9154 9183 9182
6 9185 9159 9160 9172 9173 9186
6 5462 9181 9163 9159 9185 5461
6 9187 9164 9165 9170 9169 9188
6 5532 9184 9168 9164 9187 5531
6 5463 9179 9175 9174 9189 5464
6 5595 9186 9173 9169 9188 5594
6 5533 9182 9178 9174 9189 5534
6 5460 5461 5462 5463 5464 5465
6 5530 5531 5532 5533 5534 5535
6 5530 5594 5595 5460 5465 5535
5 3911 3627 3468 3473 3763
5 9190 9191 9192 9193 9194
5 9195 9196 9197 9198 9199
5 9200 9201 9202 9203 9204
5 9205 9206 9207 9208 9209
5 9210 9211 9212 9213 9214
5 9215 9216 9217 9218 9219
5 9220 9221 9222 9223 9224
5 5545 9225 9226 9227 5544
5 5604 9228 9229 9230 5603
5 5542 5543 9231 9232 5602
5 5547 5546 9233 9234 5605
6 9193 9192 3468 3473 9197 9198
6 9202 3627 3468 9192 9191 9203
6 9207 3763 3473 9197 9196 9208
6 9212 3911 3627 9202 9201 9213
6 9217 9194 9193 9198 9199 9218
6 9206 9207 3763 3911 9212 9211
6 9222 9190 9191 9203 9204 9223
6 9216 9217 9194 9190 9222 9221
6 9226 9195 9196 9208 9209 9227
6 9219 9218 9199 9195 9226 9225
6 9229 9200 9201 9213 9214 9230
6 9224 9223 9204 9200 9229 9228
6 9231 9205 9206 9211 9210 9232
6 5544 9227 9209 9205 9231 5543
6 9233 9215 9216 9221 9220 9234
6 5603 9230 9214 9210 9232 5602
6 5545 9225 9219 9215 9233 5546
6 5604 9228 9224 9220 9234 5605
6 5542 5543 5544 5545 5546 5547
6 5542 5602 5603 5604 5605 5547
5 4083 3797 3634 3639 3933
5 9235 9236 9237 9238 9239
5 9240 9241 9242 9243 9244
5 9245 9246 9247 9248 9249
5 9250 9251 9252 9253 9254
5 9255 9256 9257 9258 9259
5 5379 5380 9260 9261 5474
5 5382 5381 9262 9263 5556
5 5472 5473 9264 9265 5614
5 5554 5555 9266 9267 5669
5 5612 5613 9268 9269 5668
5 5615 5475 5378 5383 5557
6 9238 9237 3634 3639 9242 9243
6 9247 3797 3634 9237 9236 9248
6 9252 3933 3639 9242 9241 9253
6 9257 4083 3797 9247 9246 9258
6 9260 9239 9238 9243 9244 9261
6 9251 9252 3933 4083 9257 9256
6 9262 9235 9236 9248 9249 9263
6 5380 9260 9239 9235 9262 5381
6 9264 9240 9241 9253 9254 9265
6 5474 9261 9244 9240 9264 5473
6 9266 9245 9246 9258 9259 9267
6 5556 9263 9249 9245 9266 5555
6 9268 9250 9251 9256 9255 9269
6 5614 9265 9254 9250 9268 5613
6 5378 5379 5380 5381 5382 5383
6 5669 9267 9259 9255 9269 5668
6 5472 5473 5474 5379 5378 5475
6 5554 5555 5556 5382 5383 5557
6 5612 5613 5614 5472 5475 5615
6 5612 5668 5669 5554 5557 5615
5 4093 3807 3646 3651 3943
5 9270 9271 9272 9273 9274
5 9275 9276 9277 9278 9279
5 9280 9281 9282 9283 9284
5 9285 9286 9287 9288 9289
5 9290 9291 9292 9293 9294
5 9295 9296 9297 9298 9299
5 5567 9300 9301 9302 5566
5 5625 9303 9304 9305 5624
5 5564 5565 9306 9307 5677
5 5622 5623 9308 9309 5676
5 5627 5626 9310 5568 5569
6 9273 9272 3646 3651 9277 9278
6 9282 3807 3646 9272 9271 9283
6 9287 3943 3651 9277 9276 9288
6 9292 4093 3807 9282 9281 9293
6 9297 9274 9273 9278 9279 9298
6 9286 9287 3943 4093 9292 9291
6 9301 9270 9271 9283 9284 9302
6 9296 9297 9274 9270 9301 9300
6 9304 9275 9276 9288 9289 9305
6 9299 9298 9279 9275 9304 9303
6 9306 9280 9281 9293 9294 9307
6 5566 9302 9284 9280 9306 5565
6 9308 9285 9286 9291 9290 9309
6 5624 9305 9289 9285 9308 5623
6 5567 9300 9296 9295 9310 5568
6 5677 9307 9294 9290 9309 5676
6 5625 9303 9299 9295 9310 5626
6 5564 5565 5566 5567 5568 5569
6 5622 5623 5624 5625 5626 5627
6 5622 5676 5677 5564 5569 5627
5 4103 3817 3658 3663 3953
5 9311 9312 9313 9314 9315
5 9316 9317 9318 9319 9320
5 9321 9322 9323 9324 9325
5 9326 9327 9328 9329 9330
5 9331 9332 9333 9334 9335
5 9336 9337 9338 9339 9340
5 9341 9342 9343 9344 9345
5 5637 9346 9347 9348 5636
5 5686 9349 9350 9351 5685
5 5634 5635 9352 9353 5684
5 5639 5638 9354 9355 5687
6 9314 9313 3658 3663 9318 9319
6 9323 3817 3658 9313 9312 9324
6 9328 3953 3663 9318 9317 9329
6 9333 4103 3817 9323 9322 9334
6 9338 9315 9314 9319 9320 9339
6 9327 9328 3953 4103 9333 9332
6 9343 9311 9312 9324 9325 9344
6 9337 9338 9315 9311 9343 9342
6 9347 9316 9317 9329 9330 9348
6 9340 9339 9320 9316 9347 9346
6 9350 9321 9322 9334 9335 9351
6 9345 9344 9325 9321 9350 9349
6 9352 9326 9327 9332 9331 9353
6 5636 9348 9330 9326 9352 5635
6 9354 9336 9337 9342 9341 9355
6 5685 9351 9335 9331 9353 5684
6 5637 9346 9340 9336 9354 5638
6 5686 9349 9345 9341 9355 5687
6 5634 5635 5636 5637 5638 5639
6 5634 5684 5685 5686 5687 5639
5 4263 3987 3824 3829 4125
5 9356 9357 9358 9359 9360
5 9361 9362 9363 9364 9365
5 9366 9367 9368 9369 9370
5 9371 9372 9373 9374 9375
5 9376 9377 9378 9379 9380
5 5483 5484 9381 9382 5578
5 5486 5485 9383 9384 5648
5 5576 5577 9385 9386 5696
5 5646 5647 9387 9388 5741
5 5694 5695 9389 9390 5740
5 5697 5579 5482 5487 5649
6 9359 9358 3824 3829 9363 9364
6 9368 3987 3824 9358 9357 9369
6 9373 4125 3829 9363 9362 9374
6 9378 4263 3987 9368 9367 9379
6 9381 9360 9359 9364 9365 9382
6 9372 9373 4125 4263 9378 9377
6 9383 9356 9357 9369 9370 9384
6 5484 9381 9360 9356 9383 5485
6 9385 9361 9362 9374 9375 9386
6 5578 9382 9365 9361 9385 5577
6 9387 9366 9367 9379 9380 9388
6 5648 9384 9370 9366 9387 5647
6 9389 9371 9372 9377 9376 9390
6 5696 9386 9375 9371 9389 5695
6 5482 5483 5484 5485 5486 5487
6 5741 9388 9380 9376 9390 5740
6 5576 5577 5578 5483 5482 5579
6 5646 5647 5648 5486 5487 5649
6 5694 5695 5696 5576 5579 5697
6 5694 5740 5741 5646 5649 5697
5 4273 3997 3836 3841 4135
5 9391 9392 9393 9394 9395
5 9396 9397 9398 9399 9400
5 9401 9402 9403 9404 9405
5 9406 9407 9408 9409 9410
5 9411 9412 9413 9414 9415
5 9416 9417 9418 9419 9420
5 5659 9421 9422 9423 5658
5 5707 9424 9425 9426 5706
5 5656 5657 9427 9428 5749
5 5704 5705 9429 9430 5748
5 5709 5708 9431 5660 5661
6 9394 9393 3836 3841 9398 9399
6 9403 3997 3836 9393 9392 9404
6 9408 4135 3841 9398 9397 9409
6 9413 4273 3997 9403 9402 9414
6 9418 9395 9394 9399 9400 9419
6 9407 9408 4135 4273 9413 9412
6 9422 9391 9392 9404 9405 9423
6 9417 9418 9395 9391 9422 9421
6 9425 9396 9397 9409 9410 9426
6 9420 9419 9400 9396 9425 9424
6 9427 9401 9402 9414 9415 9428
6 5658 9423 9405 9401 9427 5657
6 9429 9406 9407 9412 9411 9430
6 5706 9426 9410 9406 9429 5705
6 5659 9421 9417 9416 9431 5660
6 5749 9428 9415 9411 9430 5748
6 5707 9424 9420 9416 9431 5708
6 5656 5657 5658 5659 5660 5661
6 5704 5705 5706 5707 5708 5709
6 5704 5748 5749 5656 5661 5709
5 4283 4007 3848 3853 4145
5 9432 9433 9434 9435 9436
5 9437 9438 9439 9440 9441
5 9442 9443 9444 9445 9446
5 9447 9448 9449 9450 9451
5 9452 9453 9454 9455 9456
5 9457 9458 9459 9460 9461
5 9462 9463 9464 9465 9466
5 5719 9467 9468 9469 5718
5 5758 9470 9471 9472 5757
5 5716 5717 9473 9474 5756
5 5721 5720 9475 9476 5759
6 9435 9434 3848 3853 9439 9440
6 9444 4007 3848 9434 9433 9445
6 9449 4145 3853 9439 9438 9450
6 9454 4283 4007 9444 9443 9455
6 9459 9436 9435 9440 9441 9460
6 9448 9449 4145 4283 9454 9453
6 9464 9432 9433 9445 9446 9465
6 9458 9459 9436 9432 9464 9463
6 9468 9437 9438 9450 9451 9469
6 9461 9460 9441 9437 9468 9467
6 9471 9442 9443 9455 9456 9472
6 9466 9465 9446 9442 9471 9470
6 9473 9447 9448 9453 9452 9474
6 5718 9469 9451 9447 9473 5717
6 9475 9457 9458 9463 9462 9476
6 5757 9472 9456 9452 9474 5756
6 5719 9467 9461 9457 9475 5720
6 5758 9470 9466 9462 9476 5759
6 5716 5717 5718 5719 5720 5721
6 5716 5756 5757 5758 5759 5721
5 4433 4179 4014 4019 4305
5 9477 9478 9479 9480 9481
5 9482 9483 9484 9485 9486
5 9487 9488 9489 9490 9491
5 9492 9493 9494 9495 9496
5 9497 9498 9499 9500 9501
5 9502 9503 9504 9505 9506
5 5731 9507 9508 9509 5730
5 5769 9510 9511 9512 5768
5 5728 5729 9513 9514 5803
5 5766 5767 9515 9516 5802
5 5771 5770 9517 5732 5733
6 9480 9479 4014 4019 9484 9485
6 9489 4179 4014 9479 9478 9490
6 9494 4305 4019 9484 9483 9495
6 9499 4433 4179 9489 9488 9500
6 9504 9481 9480 9485 9486 9505
6 9493 9494 4305 4433 9499 9498
6 9508 9477 9478 9490 9491 9509
6 9503 9504 9481 9477 9508 9507
6 9511 9482 9483 9495 9496 9512
6 9506 9505 9486 9482 9511 9510
6 9513 9487 9488 9500 9501 9514
6 5730 9509 9491 9487 9513 5729
6 9515 9492 9493 9498 9497 9516
6 5768 9512 9496 9492 9515 5767
6 5731 9507 9503 9502 9517 5732
6 5803 9514 9501 9497 9516 5802
6 5769 9510 9506 9502 9517 5770
6 5728 5729 5730 5731 5732 5733
6 5766 5767 5768 5769 5770 5771
6 5766 5802 5803 5728 5733 5771
5 4443 4189 4026 4031 4315
5 9518 9519 9520 9521 9522
5 9523 9524 9525 9526 9527
5 9528 9529 9530 9531 9532
5 9533 9534 9535 9536 9537
5 9538 9539 9540 9541 9542
5 9543 9544 9545 9546 9547
5 9548 9549 9550 9551 9552
5 5781 9553 9554 9555 5780
5 5812 9556 9557 9558 5811
5 5778 5779 9559 9560 5810
5 5783 5782 9561 9562 5813
6 9521 9520 4026 4031 9525 9526
6 9530 4189 4026 9520 9519 9531
6 9535 4315 4031 9525 9524 9536
6 9540 4443 4189 9530 9529 9541
6 9545 9522 9521 9526 9527 9546
6 9534 9535 4315 4443 9540 9539
6 9550 9518 9519 9531 9532 9551
6 9544 9545 9522 9518 9550 9549
6 9554 9523 9524 9536 9537 9555
6 9547 9546 9527 9523 9554 9553
6 9557 9528 9529 9541 9542 9558
6 9552 9551 9532 9528 9557 9556
6 9559 9533 9534 9539 9538 9560
6 5780 9555 9537 9533 9559 5779
6 9561 9543 9544 9549 9548 9562
6 5811 9558 9542 9538 9560 5810
6 5781 9553 9547 9543 9561 5782
6 5812 9556 9552 9548 9562 5813
6 5778 5779 5780 5781 5782 5783
6 5778 5810 5811 5812 5813 5783
5 4453 4199 4038 4043 4325
5 9563 9564 9565 9566 9567
5 9568 9569 9570 9571 9572
5 9573 9574 9575 9576 9577
5 9578 9579 9580 9581 9582
5 9583 9584 9585 9586 9587
5 9588 9589 9590 9591 9592
5 9593 9594 9595 9596 9597
5 5793 9598 9599 9600 5792
5 5822 9601 9602 9603 5821
5 5790 5791 9604 9605 5820
5 5795 5794 9606 9607 5823
6 9566 9565 4038 4043 9570 9571
6 9575 4199 4038 9565 9564 9576
6 9580 4325 4043 9570 9569 9581
6 9590 4453 4199 9575 9574 9591
6 9585 9567 9566 9571 9572 9586
6 9579 9580 4325 4453 9590 9589
6 9595 9563 9564 9576 9577 9596
6 9584 9585 9567 9563 9595 9594
6 9599 9568 9569 9581 9582 9600
6 9587 9586 9572 9568 9599 9598
6 9602 9573 9574 9591 9592 9603
6 9597 9596 9577 9573 9602 9601
6 9604 9578 9579 9589 9588 9605
6 5792 9600 9582 9578 9604 5791
6 9606 9583 9584 9594 9593 9607
6 5821 9603 9592 9588 9605 5820
6 5793 9598 9587 9583 9606 5794
6 5822 9601 9597 9593 9607 5823
6 5790 5791 5792 5793 5794 5795
6 5790 5820 5821 5822 5823 5795
5 4605 4359 4206 4211 4475
5 9608 9609 9610 9611 9612
5 9613 9614 9615 9616 9617
5 9618 9619 9620 9621 9622
5 9623 9624 9625 9626 9627
5 9628 9629 9630 9631 9632
5 9633 9634 9635 9636 9637
5 9638 9639 9640 9641 9642
5 5833 9643 9644 9645 5832
5 5856 9646 9647 9648 5855
5 5830 5831 9649 9650 5854
5 5835 5834 9651 9652 5857
6 9611 9610 4206 4211 9615 9616
6 9620 4359 4206 9610 9609 9621
6 9625 4475 4211 9615 9614 9626
6 9630 4605 4359 9620 9619 9631
6 9635 9612 9611 9616 9617 9636
6 9624 9625 4475 4605 9630 9629
6 9640 9608 9609 9621 9622 9641
6 9634 9635 9612 9608 9640 9639
6 9644 9613 9614 9626 9627 9645
6 9637 9636 9617 9613 9644 9643
6 9647 9618 9619 9631 9632 9648
6 9642 9641 9622 9618 9647 9646
6 9649 9623 9624 9629 9628 9650
6 5832 9645 9627 9623 9649 5831
6 9651 9633 9634 9639 9638 9652
6 5855 9648 9632 9628 9650 5854
6 5833 9643 9637 9633 9651 5834
6 5856 9646 9642 9638 9652 5857
6 5830 5831 5832 5833 5834 5835
6 5830 5854 5855 5856 5857 5835
5 4615 4369 4218 4223 4485
5 9653 9654 9655 9656 9657
5 9658 9659 9660 9661 9662
5 9663 9664 9665 9666 9667
5 9668 9669 9670 9671 9672
5 9673 9674 9675 9676 9677
5 9678 9679 9680 9681 9682
5 9683 9684 9685 9686 9687
5 5845 9688 9689 9690 5844
5 5866 9691 9692 9693 5865
5 5842 5843 9694 9695 5864
5 5847 5846 9696 9697 5867
6 9656 9655 4218 4223 9660 9661
6 9665 4369 4218 9655 9654 9666
6 9670 4485 4223 9660 9659 9671
6 9680 4615 4369 9665 9664 9681
6 9675 9657 9656 9661 9662 9676
6 9669 9670 4485 4615 9680 9679
6 9685 9653 9654 9666 9667 9686
6 9674 9675 9657 9653 9685 9684
6 9689 9658 9659 9671 9672 9690
6 9677 9676 9662 9658 9689 9688
6 9692 9663 9664 9681 9682 9693
6 9687 9686 9667 9663 9692 9691
6 9694 9668 9669 9679 9678 9695
6 5844 9690 9672 9668 9694 5843
6 9696 9673 9674 9684 9683 9697
6 5865 9693 9682 9678 9695 5864
6 5845 9688 9677 9673 9696 5846
6 5866 9691 9687 9683 9697 5867
6 5842 5843 5844 5845 5846 5847
6 5842 5864 5865 5866 5867 5847
5 4767 4531 4376 4381 4649
5 9698 9699 9700 9701 9702
5 9703 9704 9705 9706 9707
5 9708 9709 9710 9711 9712
5 9713 9714 9715 9716 9717
5 9718 9719 9720 9721 9722
5 9723 9724 9725 9726 9727
5 9728 9729 9730 9731 9732
5 5877 9733 9734 9735 5876
5 5900 9736 9737 9738 5899
5 5874 5875 9739 9740 5898
5 5879 5878 9741 9742 5901
6 9701 9700 4376 4381 9705 9706
6 9710 4531 4376 9700 9699 9711
6 9715 4649 4381 9705 9704 9716
6 9720 4767 4531 9710 9709 9721
6 9725 9702 9701 9706 9707 9726
6 9714 9715 4649 4767 9720 9719
6 9730 9698 9699 9711 9712 9731
6 9724 9725 9702 9698 9730 9729
6 9734 9703 9704 9716 9717 9735
6 9727 9726 9707 9703 9734 9733
6 9737 9708 9709 9721 9722 9738
6 9732 9731 9712 9708 9737 9736
6 9739 9713 9714 9719 9718 9740
6 5876 9735 9717 9713 9739 5875
6 9741 9723 9724 9729 9728 9742
6 5899 9738 9722 9718 9740 5898
6 5877 9733 9727 9723 9741 5878
6 5900 9736 9732 9728 9742 5901
6 5874 5875 5876 5877 5878 5879
6 5874 5898 5899 5900 5901 5879
5 4777 4541 4388 4393 4659
5 9743 9744 9745 9746 9747
5 9748 9749 9750 9751 9752
5 9753 9754 9755 9756 9757
5 9758 9759 9760 9761 9762
5 9763 9764 9765 9766 9767
5 9768 9769 9770 9771 9772
5 9773 9774 9775 9776 9777
5 5889 9778 9779 9780 5888
5 5910 9781 9782 9783 5909
5 5886 5887 9784 9785 5908
5 5891 5890 9786 9787 5911
6 9746 9745 4388 4393 9750 9751
6 9755 4541 4388 9745 9744 9756
6 9760 4659 4393 9750 9749 9761
6 9770 4777 4541 9755 9754 9771
6 9765 9747 9746 9751 9752 9766
6 9759 9760 4659 4777 9770 9769
6 9775 9743 9744 9756 9757 9776
6 9764 9765 9747 9743 9775 9774
6 9779 9748 9749 9761 9762 9780
6 9767 9766 9752 9748 9779 9778
6 9782 9753 9754 9771 9772 9783
6 9777 9776 9757 9753 9782 9781
6 9784 9758 9759 9769 9768 9785
6 5888 9780 9762 9758 9784 5887
6 9786 9763 9764 9774 9773 9787
6 5909 9783 9772 9768 9785 5908
6 5889 9778 9767 9763 9786 5890
6 5910 9781 9777 9773 9787 5911
6 5886 5887 5888 5889 5890 5891
6 5886 5908 5909 5910 5911 5891
5 4917 4693 4548 4553 4811
5 9788 9789 9790 9791 9792
5 9793 9794 9795 9796 9797
5 9798 9799 9800 9801 9802
5 9803 9804 9805 9806 9807
5 9808 9809 9810 9811 9812
5 9813 9814 9815 9816 9817
5 9818 9819 9820 9821 9822
5 5921 9823 9824 9825 5920
5 5932 9826 9827 9828 5931
5 5918 5919 9829 9830 5930
5 5923 5922 9831 9832 5933
6 9791 9790 4548 4553 9795 9796
6 9800 4693 4548 9790 9789 9801
6 9805 4811 4553 9795 9794 9806
6 9815 4917 4693 9800 9799 9816
6 9810 9792 9791 9796 9797 9811
6 9804 9805 4811 4917 9815 9814
6 9820 9788 9789 9801 9802 9821
6 9809 9810 9792 9788 9820 9819
6 9824 9793 9794 9806 9807 9825
6 9812 9811 9797 9793 9824 9823
6 9827 9798 9799 9816 9817 9828
6 9822 9821 9802 9798 9827 9826
6 9829 9803 9804 9814 9813 9830
6 5920 9825 9807 9803 9829 5919
6 9831 9808 9809 9819 9818 9832
6 5931 9828 9817 9813 9830 5930
6 5921 9823 9812 9808 9831 5922
6 5932 9826 9822 9818 9832 5933
6 5918 5919 5920 5921 5922 5923
6 5918 5930 5931 5932 5933 5923
5 4927 4703 4560 4565 4821
5 9833 9834 9835 9836 9837
5 9838 9839 9840 9841 9842
5 9843 9844 9845 9846 9847
5 9848 9849 9850 9851 9852
5 9853 9854 9855 9856 9857
5 9858 9859 9860 9861 9862
5 9863 9864 9865 9866 9867
5 9868 9869 9870 9871 9872
5 5943 9873 9874 9875 5942
5 5940 9876 9877 9878 5941
5 5945 9879 9880 9881 5944
6 9836 9835 4560 4565 9840 9841
6 9845 4703 4560 9835 9834 9846
6 9850 4821 4565 9840 9839 9851
6 9860 4927 4703 9845 9844 9861
6 9855 9837 9836 9841 9842 9856
6 9849 9850 4821 4927 9860 9859
6 9865 9833 9834 9846 9847 9866
6 9854 9855 9837 9833 9865 9864
6 9870 9838 9839 9851 9852 9871
6 9857 9856 9842 9838 9870 9869
6 9874 9843 9844 9861 9862 9875
6 9867 9866 9847 9843 9874 9873
6 9877 9848 9849 9859 9858 9878
6 9872 9871 9852 9848 9877 9876
6 9880 9853 9854 9864 9863 9881
6 5942 9875 9862 9858 9878 5941
6 9868 9869 9857 9853 9880 9879
6 5943 9873 9867 9863 9881 5944
6 5940 9876 9872 9868 9879 5945
6 5940 5941 5942 5943 5944 5945
5 5059 4855 4710 4715 4961
5 9882 9883 9884 9885 9886
5 9887 9888 9889 9890 9891
5 9892 9893 9894 9895 9896
5 9897 9898 9899 9900 9901
5 9902 9903 9904 9905 9906
5 9907 9908 9909 9910 9911
5 9912 9913 9914 9915 9916
5 9917 9918 9919 9920 9921
5 5967 9922 9923 9924 5966
5 5964 9925 9926 9927 5965
5 5969 9928 9929 9930 5968
6 9885 9884 4710 4715 9889 9890
6 9894 4855 4710 9884 9883 9895
6 9899 4961 4715 9889 9888 9900
6 9909 5059 4855 9894 9893 9910
6 9904 9886 9885 9890 9891 9905
6 9898 9899 4961 5059 9909 9908
6 9914 9882 9883 9895 9896 9915
6 9903 9904 9886 9882 9914 9913
6 9919 9887 9888 9900 9901 9920
6 9906 9905 9891 9887 9919 9918
6 9923 9892 9893 9910 9911 9924
6 9916 9915 9896 9892 9923 9922
6 9926 9897 9898 9908 9907 9927
6 9921 9920 9901 9897 9926 9925
6 9929 9902 9903 9913 9912 9930
6 5966 9924 9911 9907 9927 5965
6 9917 9918 9906 9902 9929 9928
6 5967 9922 9916 9912 9930 5968
6 5964 9925 9921 9917 9928 5969
6 5964 5965 5966 5967 5968 5969
5 5069 4865 4722 4727 4971
5 9931 9932 9933 9934 9935
5 9936 9937 9938 9939 9940
5 9941 9942 9943 9944 9945
5 9946 9947 9948 9949 9950
5 9951 9952 9953 9954 9955
5 9956 9957 9958 9959 9960
5 9961 9962 9963 9964 9965
5 5955 9966 9967 9968 5954
5 5978 9969 9970 9971 5977
5 5952 5953 9972 9973 5976
5 5957 5956 9974 9975 5979
6 9934 9933 4722 4727 9938 9939
6 9943 4865 4722 9933 9932 9944
6 9948 4971 4727 9938 9937 9949
6 9958 5069 4865 9943 9942 9959
6 9953 9935 9934 9939 9940 9954
6 9947 9948 4971 5069 9958 9957
6 9963 9931 9932 9944 9945 9964
6 9952 9953 9935 9931 9963 9962
6 9967 9936 9937 9949 9950 9968
6 9955 9954 9940 9936 9967 9966
6 9970 9941 9942 9959 9960 9971
6 9965 9964 9945 9941 9970 9969
6 9972 9946 9947 9957 9956 9973
6 5954 9968 9950 9946 9972 5953
6 9974 9951 9952 9962 9961 9975
6 5977 9971 9960 9956 9973 5976
6 5955 9966 9955 9951 9974 5956
6 5978 9969 9965 9961 9975 5979
6 5952 5953 5954 5955 5956 5957
6 5952 5976 5977 5978 5979 5957
5 5191 5005 4872 4877 5103
5 9976 9977 9978 9979 9980
5 9981 9982 9983 9984 9985
5 9986 9987 9988 9989 9990
5 9991 9992 9993 9994 9995
5 9996 9997 9998 9999 10000
5 10001 10002 10003 10004 10005
5 10006 10007 10008 10009 10010
5 10011 10012 10013 10014 10015
5 5989 10016 10017 10018 5988
5 5986 10019 10020 10021 5987
5 5991 10022 10023 10024 5990
6 9979 9978 4872 4877 9983 9984
6 9988 5005 4872 9978 9977 9989
6 9993 5103 4877 9983 9982 9994
6 10003 5191 5005 9988 9987 10004
6 9998 9980 9979 9984 9985 9999
6 9992 9993 5103 5191 10003 10002
6 10008 9976 9977 9989 9990 10009
6 9997 9998 9980 9976 10008 10007
6 10013 9981 9982 9994 9995 10014
6 10000 9999 9985 9981 10013 10012
6 10017 9986 9987 10004 10005 10018
6 10010 10009 9990 9986 10017 10016
6 10020 9991 9992 10002 10001 10021
6 10015 10014 9995 9991 10020 10019
6 10023 9996 9997 10007 10006 10024
6 5988 10018 10005 10001 10021 5987
6 10011 10012 10000 9996 10023 10022
6 5989 10016 10010 10006 10024 5990
6 5986 10019 10015 10011 10022 5991
6 5986 5987 5988 5989 5990 5991
5 5315 5137 5012 5017 5237
5 10025 10026 10027 10028 10029
5 10030 10031 10032 10033 10034
5 10035 10036 10037 10038 10039
5 10040 10041 10042 10043 10044
5 10045 10046 10047 10048 10049
5 10050 10051 10052 10053 10054
5 10055 10056 10057 10058 10059
5 10060 10061 10062 10063 10064
5 6001 10065 10066 10067 6000
5 5998 10068 10069 10070 5999
5 6003 10071 10072 10073 6002
6 10028 10027 5012 5017 10032 10033
6 10037 5137 5012 10027 10026 10038
6 10042 5237 5017 10032 10031 10043
6 10052 5315 5137 10037 10036 10053
6 10047 10029 10028 10033 10034 10048
6 10041 10042 5237 5315 10052 10051
6 10057 10025 10026 10038 10039 10058
6 10046 10047 10029 10025 10057 10056
6 10062 10030 10031 10043 10044 10063
6 10049 10048 10034 10030 10062 10061
6 10066 10035 10036 10053 10054 10067
6 10059 10058 10039 10035 10066 10065
6 10069 10040 10041 10051 10050 10070
6 10064 10063 10044 10040 10069 10068
6 10072 10045 10046 10056 10055 10073
6 6000 10067 10054 10050 10070 5999
6 10060 10061 10049 10045 10072 10071
6 6001 10065 10059 10055 10073 6002
6 5998 10068 10064 10060 10071 6003
6 5998 5999 6000 6001 6002 6003
5 5419 5259 5144 5149 5349
5 10074 10075 10076 10077 10078
5 10079 10080 10081 10082 10083
5 10084 10085 10086 10087 10088
5 10089 10090 10091 10092 10093
5 10094 10095 10096 10097 10098
5 10099 10100 10101 10102 10103
5 10104 10105 10106 10107 10108
5 10109 10110 10111 10112 10113
5 6013 10114 10115 10116 6012
5 6010 10117 10118 10119 6011
5 6015 10120 10121 10122 6014
6 10077 10076 5144 5149 10081 10082
6 10086 5259 5144 10076 10075 10087
6 10091 5349 5149 10081 10080 10092
6 10101 5419 5259 10086 10085 10102
6 10096 10078 10077 10082 10083 10097
6 10090 10091 5349 5419 10101 10100
6 10106 10074 10075 10087 10088 10107
6 10095 10096 10078 10074 10106 10105
6 10111 10079 10080 10092 10093 10112
6 10098 10097 10083 10079 10111 10110
6 10115 10084 10085 10102 10103 10116
6 10108 10107 10088 10084 10115 10114
6 10118 10089 10090 10100 10099 10119
6 10113 10112 10093 10089 10118 10117
6 10121 10094 10095 10105 10104 10122
6 6012 10116 10103 10099 10119 6011
6 10109 10110 10098 10094 10121 10120
6 6013 10114 10108 10104 10122 6014
6 6010 10117 10113 10109 10120 6015
6 6010 6011 6012 6013 6014 6015
5 5523 5371 5266 5271 5453
5 10123 10124 10125 10126 10127
5 10128 10129 10130 10131 10132
5 10133 10134 10135 10136 10137
5 10138 10139 10140 10141 10142
5 10143 10144 10145 10146 10147
5 10148 10149 10150 10151 10152
5 10153 10154 10155 10156 10157
5 10158 10159 10160 10161 10162
5 10163 10164 10165 10166 10167
5 10168 10169 10170 10171 10172
5 10173 10174 10175 10176 10177
6 10126 10125 5266 5271 10130 10131
6 10135 5371 5266 10125 10124 10136
6 10140 5453 5271 10130 10129 10141
6 10150 5523 5371 10135 10134 10151
6 10145 10127 10126 10131 10132 10146
6 10139 10140 5453 5523 10150 10149
6 10155 10123 10124 10136 10137 10156
6 10144 10145 10127 10123 10155 10154
6 10160 10128 10129 10141 10142 10161
6 10147 10146 10132 10128 10160 10159
6 10165 10133 10134 10151 10152 10166
6 10157 10156 10137 10133 10165 10164
6 10170 10138 10139 10149 10148 10171
6 10162 10161 10142 10138 10170 10169
6 10175 10143 10144 10154 10153 10176
6 10167 10166 10152 10148 10171 10172
6 10158 10159 10147 10143 10175 10174
6 10163 10164 10157 10153 10176 10177
6 10168 10169 10162 10158 10174 10173
6 10168 10172 10167 10163 10177 10173
5 5615 5475 5378 5383 5557
5 10178 10179 10180 10181 10182
5 10183 10184 10185 10186 10187
5 10188 10189 10190 10191 10192
5 10193 10194 10195 10196 10197
5 10198 10199 10200 10201 10202
5 10203 10204 10205 10206 10207
5 10208 10209 10210 10211 10212
5 10213 10214 10215 10216 10217
5 10218 10219 10220 10221 10222
5 10223 10224 10225 10226 10227
5 10228 10229 10230 10231 10232
6 10181 10180 5378 5383 10185 10186
6 10190 5475 5378 10180 10179 10191
6 10195 5557 5383 10185 10184 10196
6 10200 5615 5475 10190 10189 10201
6 10205 10182 10181 10186 10187 10206
6 10194 10195 5557 5615 10200 10199
6 10210 10178 10179 10191 10192 10211
6 10204 10205 10182 10178 10210 10209
6 10215 10183 10184 10196 10197 10216
6 10207 10206 10187 10183 10215 10214
6 10220 10188 10189 10201 10202 10221
6 10212 10211 10192 10188 10220 10219
6 10225 10193 10194 10199 10198 10226
6 10217 10216 10197 10193 10225 10224
6 10230 10203 10204 10209 10208 10231
6 10222 10221 10202 10198 10226 10227
6 10213 10214 10207 10203 10230 10229
6 10218 10219 10212 10208 10231 10232
6 10223 10224 10217 10213 10229 10228
6 10223 10227 10222 10218 10232 10228
5 5697 5579 5482 5487 5649
5 10233 10234 10235 10236 10237
5 10238 10239 10240 10241 10242
5 10243 10244 10245 10246 10247
5 10248 10249 10250 10251 10252
5 10253 10254 10255 10256 10257
5 10258 10259 10260 10261 10262
5 10263 10264 10265 10266 10267
5 10268 10269 10270 10271 10272
5 10273 10274 10275 10276 10277
5 10278 10279 10280 10281 10282
5 10283 10284 10285 10286 10287
6 10236 10235 5482 5487 10240 10241
6 10245 5579 5482 10235 10234 10246
6 10250 5649 5487 10240 10239 10251
6 10255 5697 5579 10245 10244 10256
6 10260 10237 10236 10241 10242 10261
6 10249 10250 5649 5697 10255 10254
6 10265 10233 10234 10246 10247 10266
6 10259 10260 10237 10233 10265 10264
6 10270 10238 10239 10251 10252 10271
6 10262 10261 10242 10238 10270 10269
6 10275 10243 10244 10256 10257 10276
6 10267 10266 10247 10243 10275 10274
6 10280 10248 10249 10254 10253 10281
6 10272 10271 10252 10248 10280 10279
6 10285 10258 10259 10264 10263 10286
6 10277 10276 10257 10253 10281 10282
6 10268 10269 10262 10258 10285 10284
6 10273 10274 10267 10263 10286 10287
6 10278 10279 10272 10268 10284 10283
6 10278 10282 10277 10273 10287 10283
# cell 1: 0 1 2 3 4 5 6 7
# cell 2: 8 9 10 11 12 13 14 15
# cell 3: 16 17 18 19 20 21 22 23
# cell 4: 24 25 26 27 28 29 30 31
# cell 5: 32 33 34 35 36 37 38 39
# cell 6: 40 41 42 43 44 45 46 47
# cell 7: 48 49 50 51 52 53 54 55
# cell 8: 56 57 58 59 60 61 62 63
# cell 9: 64 65 66 67 68 69 70 71
# cell 10: 72 73 74 75 76 77 78 79
# cell 11: 80 81 82 83 84 85 86 87
# cell 12: 88 89 90 91 92 93 94 95
# cell 13: 96 97 98 99 100 101 102 103
# cell 14: 104 105 106 107 108 109 110 111
# cell 15: 112 113 114 115 116 117 118 119
# cell 16: 120 121 122 123 124 125 126 127
# cell 17: 128 129 130 131 132 133 134 135
# cell 18: 136 137 138 139 140 141 142 143
# cell 19: 144 145 146 147 148 149 150 151
# cell 20: 152 153 154 155 156 157 158 159
# cell 21: 160 161 162 163 164 165 166 167
# cell 22: 168 169 170 171 172 173 174 175
# cell 23: 176 177 178 179 180 181 182 183
# cell 24: 184 185 186 187 188 189 190 191
# cell 25: 192 193 194 195 196 197 198 199
# cell 26: 200 201 202 203 204 205 206 207
# cell 27: 208 209 210 211 212 213 214 215
# cell 28: 216 217 218 219 220 221 222 223
# cell 29: 224 225 226 227 228 229 230 231
# cell 30: 232 233 234 235 236 237 238 239
# cell 31: 240 241 242 243 244 245 246 247
# cell 32: 248 249 250 251 252 253 254 255
# cell 33: 256 257 258 259 260 261 262 263
# cell 34: 264 265 266 267 268 269 270 271
# cell 35: 272 273 274 275 276 277 278 279
# cell 36: 280 281 282 283 284 285 286 287
# cell 37: 288 289 290 291 292 293 294 295
# cell 38: 296 297 298 299 300 301 302 303
# cell 39: 304 305 306 307 308 309 310 311
# cell 40: 312 313 314 315 316 317 318 319
# cell 41: 320 321 322 323 324 325 326 327
# cell 42: 328 329 330 331 332 333 334 335
# cell 43: 336 337 338 339 340 341 342 343
# cell 44: 344 345 346 347 348 349 350 351
# cell 45: 352 353 354 355 356 357 358 359
# cell 46: 360 361 362 363 364 365 366 367
# cell 47: 368 369 370 371 372 373 374 375
# cell 48: 376 377 378 379 380 381 382 383
# cell 49: 384 385 386 387 388 389 390 391
# cell 50: 392 393 394 395 396 397 398 399
# cell 51: 400 401 402 403 404 405 406 407
# cell 52: 408 409 410 411 412 413 414 415
# cell 53: 416 417 418 419 420 421 422 423
# cell 54: 424 425 426 427 428 429 430 431
# cell 55: 432 433 434 435 436 437 438 439
# cell 56: 440 441 442 443 444 445 446 447
# cell 57: 448 449 450 451 452 453 454 455
# cell 58: 456 457 458 459 460 461 462 463
# cell 59: 464 465 466 467 468 469 470 471
# cell 60: 472 473 474 475 476 477 478 479
# cell 61: 480 481 482 483 484 485 486 487
# cell 62: 488 489 490 491 492 493 494 495
# cell 63: 496 497 498 499 500 501 502 503
# cell 64: 504 505 506 507 508 509 510 511
# cell 65: 512 513 514 515 516 517 518 519
# cell 66: 520 521 522 523 524 525 526 527
# cell 67: 528 529 530 531 532 533 534 535
# cell 68: 536 537 538 539 540 541 542 543
# cell 69: 544 545 546 547 548 549 550 551
# cell 70: 552 553 554 555 556 557 558 559
# cell 71: 560 561 562 563 564 565 566 567
# cell 72: 568 569 570 571 572 573 574 575
# cell 73: 576 577 578 579 580 581 582 583
# cell 74: 584 585 586 587 588 589 590 591
# cell 75: 592 593 594 595 596 597 598 599
# cell 76: 600 601 602 603 604 605 606 607
# cell 77: 608 609 610 611 612 613 614 615
# cell 78: 616 617 618 619 620 621 622 623
# cell 79: 624 625 626 627 628 629 630 631
# cell 80: 632 633 634 635 636 637 638 639
# cell 81: 640 641 642 643 644 645 646 647
# cell 82: 648 649 650 651 652 653 654 655
# cell 83: 656 657 658 659 660 661 662 663
# cell 84: 664 665 666 667 668 669 670 671
# cell 85: 672 673 674 675 676 677 678 679
# cell 86: 680 681 682 683 684 685 686 687
# cell 87: 688 689 690 691 692 693 694 695
# cell 88: 696 697 698 699 700 701 702 703
# cell 89: 704 705 706 707 708 709 710 711
# cell 90: 712 713 714 715 716 717 718 719
# cell 91: 720 721 722 723 724 725 726 727
# cell 92: 728 729 730 731 732 733 734 735
# cell 93: 736 737 738 739 740 741 742 743
# cell 94: 744 745 746 747 748 749 750 751
# cell 95: 752 753 754 755 756 757 758 759
# cell 96: 760 761 762 763 764 765 766 767
# cell 97: 768 769 770 771 772 773 774 775
# cell 98: 776 777 778 779 780 781 782 783
# cell 99: 784 785 786 787 788 789 790 791
# cell 100: 792 793 794 795 796 797 798 799
# cell 101: 800 801 802 803 804 805 806 807
# cell 102: 808 809 810 811 812 813 814 815
# cell 103: 816 817 818 819 820 821 822 823
# cell 104: 824 825 826 827 828 829 830 831
# cell 105: 832 833 834 835 836 837 838 839
# cell 106: 840 841 842 843 844 845 846 847
# cell 107: 848 849 850 851 852 853 854 855
# cell 108: 856 857 858 859 860 861 862 863
# cell 109: 864 865 866 867 868 869 870 871
# cell 110: 872 873 874 875 876 877 878 879
# cell 111: 880 881 882 883 884 885 886 887
# cell 112: 888 889 890 891 892 893 894 895
# cell 113: 896 897 898 899 900 901 902 903
# cell 114: 904 905 906 907 908 909 910 911
# cell 115: 912 913 914 915 916 917 918 919
# cell 116: 920 921 922 923 924 925 926 927
# cell 117: 928 929 930 931 932 933 934 935
# cell 118: 936 937 938 939 940 941 942 943
# cell 119: 944 945 946 947 948 949 950 951
# cell 120: 952 953 954 955 956 957 958 959
# cell 121: 960 961 962 963 964 965 966 967
# cell 122: 968 969 970 971 972 973 974 975
# cell 123: 976 977 978 979 980 981 982 983
# cell 124: 984 985 986 987 988 989 990 991
# cell 125: 992 993 994 995 996 997 998 999
# cell 126: 1000 1001 1002 1003 1004 1005 1006 1007
# cell 127: 1008 1009 1010 1011 1012 1013 1014 1015
# cell 128: 1016 1017 1018 1019 1020 1021 1022 1023
# cell 129: 1024 1025 1026 1027 1028 1029 1030 1031
# cell 130: 1032 1033 1034 1035 1036 1037 1038 1039
# cell 131: 1040 1041 1042 1043 1044 1045 1046 1047
# cell 132: 1048 1049 1050 1051 1052 1053 1054 1055
# cell 133: 1056 1057 1058 1059 1060 1061 1062 1063
# cell 134: 1064 1065 1066 1067 1068 1069 1070 1071
# cell 135: 1072 1073 1074 1075 1076 1077 1078 1079
# cell 136: 1080 1081 1082 1083 1084 1085 1086 1087
# cell 137: 1088 1089 1090 1091 1092 1093 1094 1095
# cell 138: 1096 1097 1098 1099 1100 1101 1102 1103
# cell 139: 1104 1105 1106 1107 1108 1109 1110 1111
# cell 140: 1112 1113 1114 1115 1116 1117 1118 1119
# cell 141: 1120 1121 1122 1123 1124 1125 1126 1127
# cell 142: 1128 1129 1130 1131 1132 1133 1134 1135
# cell 143: 1136 1137 1138 1139 1140 1141 1142 1143
# cell 144: 1144 1145 1146 1147 1148 1149 1150 1151
# cell 145: 1152 1153 1154 1155 1156 1157 1158 1159
# cell 146: 1160 1161 1162 1163 1164 1165 1166 1167
# cell 147: 1168 1169 1170 1171 1172 1173 1174 1175
# cell 148: 1176 1177 1178 1179 1180 1181 1182 1183
# cell 149: 1184 1185 1186 1187 1188 1189 1190 1191
# cell 150: 1192 1193 1194 1195 1196 1197 1198 1199
# cell 151: 1200 1201 1202 1203 1204 1205 1206 1207
# cell 152: 1208 1209 1210 1211 1212 1213 1214 1215
# cell 153: 1216 1217 1218 1219 1220 1221 1222 1223
# cell 154: 1224 1225 1226 1227 1228 1229 1230 1231
# cell 155: 1232 1233 1234 1235 1236 1237 1238 1239
# cell 156: 1240 1241 1242 1243 1244 1245 1246 1247
# cell 157: 1248 1249 1250 1251 1252 1253 1254 1255
# cell 158: 1256 1257 1258 1259 1260 1261 1262 1263
# cell 159: 1264 1265 1266 1267 1268 1269 1270 1271
# cell 160: 1272 1273 1274 1275 1276 1277 1278 1279
# cell 161: 1280 1281 1282 1283 1284 1285 1286 1287
# cell 162: 1288 1289 1290 1291 1292 1293 1294 1295
# cell 163: 1296 1297 1298 1299 1300 1301 1302 1303
# cell 164: 1304 1305 1306 1307 1308 1309 1310 1311
# cell 165: 1312 1313 1314 1315 1316 1317 1318 1319
# cell 166: 1320 1321 1322 1323 1324 1325 1326 1327
# cell 167: 1328 1329 1330 1331 1332 1333 1334 1335
# cell 168: 1336 1337 1338 1339 1340 1341 1342 1343
# cell 169: 1344 1345 1346 1347 1348 1349 1350 1351
# cell 170: 1352 1353 1354 1355 1356 1357 1358 1359
# cell 171: 1360 1361 1362 1363 1364 1365 1366 1367
# cell 172: 1368 1369 1370 1371 1372 1373 1374 1375
# cell 173: 1376 1377 1378 1379 1380 1381 1382 1383
# cell 174: 1384 1385 1386 1387 1388 1389 1390 1391
# cell 175: 1392 1393 1394 1395 1396 1397 1398 1399
# cell 176: 1400 1401 1402 1403 1404 1405 1406 1407
# cell 177: 1408 1409 1410 1411 1412 1413 1414 1415
# cell 178: 1416 1417 1418 1419 1420 1421 1422 1423
# cell 179: 1424 1425 1426 1427 1428 1429 1430 1431
# cell 180: 1432 1433 1434 1435 1436 1437 1438 1439
# cell 181: 1440 1441 1442 1443 1444 1445 1446 1447
# cell 182: 1448 1449 1450 1451 1452 1453 1454 1455
# cell 183: 1456 1457 1458 1459 1460 1461 1462 1463
# cell 184: 1464 1465 1466 1467 1468 1469 1470 1471
# cell 185: 1472 1473 1474 1475 1476 1477 1478 1479
# cell 186: 1480 1481 1482 1483 1484 1485 1486 1487
# cell 187: 1488 1489 1490 1491 1492 1493 1494 1495
# cell 188: 1496 1497 1498 1499 1500 1501 1502 1503
# cell 189: 1504 1505 1506 1507 1508 1509 1510 1511
# cell 190: 1512 1513 1514 1515 1516 1517 1518 1519
# cell 191: 1520 1521 1522 1523 1524 1525 1526 1527
# cell 192: 1528 1529 1530 1531 1532 1533 1534 1535
# cell 193: 1536 1537 1538 1539 1540 1541 1542 1543
# cell 194: 1544 1545 1546 1547 1548 1549 1550 1551
# cell 195: 1552 1553 1554 1555 1556 1557 1558 1559
# cell 196: 1560 1561 1562 1563 1564 1565 1566 1567
# cell 197: 1568 1569 1570 1571 1572 1573 1574 1575
# cell 198: 1576 1577 1578 1579 1580 1581 1582 1583
# cell 199: 1584 1585 1586 1587 1588 1589 1590 1591
# cell 200: 1592 1593 1594 1595 1596 1597 1598 1599
# cell 201: 1600 1601 1602 1603 1604 1605 1606 1607
# cell 202: 1608 1609 1610 1611 1612 1613 1614 1615
# cell 203: 1616 1617 1618 1619 1620 1621 1622 1623
# cell 204: 1624 1625 1626 1627 1628 1629 1630 1631
# cell 205: 1632 1633 1634 1635 1636 1637 1638 1639
# cell 206: 1640 1641 1642 1643 1644 1645 1646 1647
# cell 207: 1648 1649 1650 1651 1652 1653 1654 1655
# cell 208: 1656 1657 1658 1659 1660 1661 1662 1663
# cell 209: 1664 1665 1666 1667 1668 1669 1670 1671
# cell 210: 1672 1673 1674 1675 1676 1677 1678 1679
# cell 211: 1680 1681 1682 1683 1684 1685 1686 1687
# cell 212: 1688 1689 1690 1691 1692 1693 1694 1695
# cell 213: 1696 1697 1698 1699 1700 1701 1702 1703
# cell 214: 1704 1705 1706 1707 1708 1709 1710 1711
# cell 215: 1712 1713 1714 1715 1716 1717 1718 1719
# cell 216: 1720 1721 1722 1723 1724 1725 1726 1727
# cell 217: 1728 1729 1730 1731 1732 1733 1734 1735
# cell 218: 1736 1737 1738 1739 1740 1741 1742 1743
# cell 219: 1744 1745 1746 1747 1748 1749 1750 1751
# cell 220: 1752 1753 1754 1755 1756 1757 1758 1759
# cell 221: 1760 1761 1762 1763 1764 1765 1766 1767
# cell 222: 1768 1769 1770 1771 1772 1773 1774 1775
# cell 223: 1776 1777 1778 1779 1780 1781 1782 1783
# cell 224: 1784 1785 1786 1787 1788 1789 1790 1791
# cell 225: 1792 1793 1794 1795 1796 1797 1798 1799
# cell 226: 1800 1801 1802 1803 1804 1805 1806 1807
# cell 227: 1808 1809 1810 1811 1812 1813 1814 1815
# cell 228: 1816 1817 1818 1819 1820 1821 1822 1823
# cell 229: 1824 1825 1826 1827 1828 1829 1830 1831
# cell 230: 1832 1833 1834 1835 1836 1837 1838 1839
# cell 231: 1840 1841 1842 1843 1844 1845 1846 1847
# cell 232: 1848 1849 1850 1851 1852 1853 1854 1855
# cell 233: 1856 1857 1858 1859 1860 1861 1862 1863
# cell 234: 1864 1865 1866 1867 1868 1869 1870 1871
# cell 235: 1872 1873 1874 1875 1876 1877 1878 1879
# cell 236: 1880 1881 1882 1883 1884 1885 1886 1887
# cell 237: 1888 1889 1890 1891 1892 1893 1894 1895
# cell 238: 1896 1897 1898 1899 1900 1901 1902 1903
# cell 239: 1904 1905 1906 1907 1908 1909 1910 1911
# cell 240: 1912 1913 1914 1915 1916 1917 1918 1919
# cell 241: 1920 1921 1922 1923 1924 1925 1926 1927
# cell 242: 1928 1929 1930 1931 1932 1933 1934 1935
# cell 243: 1936 1937 1938 1939 1940 1941 1942 1943
# cell 244: 1944 1945 1946 1947 1948 1949 1950 1951
# cell 245: 1952 1953 1954 1955 1956 1957 1958 1959
# cell 246: 1960 1961 1962 1963 1964 1965 1966 1967
# cell 247: 1968 1969 1970 1971 1972 1973 1974 1975
# cell 248: 1976 1977 1978 1979 1980 1981 1982 1983
# cell 249: 1984 1985 1986 1987 1988 1989 1990 1991
# cell 250: 1992 1993 1994 1995 1996 1997 1998 1999
# cell 251: 2000 2001 2002 2003 2004 2005 2006 2007
# cell 252: 2008 2009 2010 2011 2012 2013 2014 2015
# cell 253: 2016 2017 2018 2019 2020 2021 2022 2023
# cell 254: 2024 2025 2026 2027 2028 2029 2030 2031
# cell 255: 2032 2033 2034 2035 2036 2037 2038 2039
# cell 256: 2040 2041 2042 2043 2044 2045 2046 2047
# cell 257: 2048 2049 2050 2051 2052 2053 2054 2055
# cell 258: 2056 2057 2058 2059 2060 2061 2062 2063
# cell 259: 2064 2065 2066 2067 2068 2069 2070 2071
# cell 260: 2072 2073 2074 2075 2076 2077 2078 2079
# cell 261: 2080 2081 2082 2083 2084 2085 2086 2087
# cell 262: 2088 2089 2090 2091 2092 2093 2094 2095
# cell 263: 2096 2097 2098 2099 2100 2101 2102 2103
# cell 264: 2104 2105 2106 2107 2108 2109 2110 2111
# cell 265: 2112 2113 2114 2115 2116 2117 2118 2119
# cell 266: 2120 2121 2122 2123 2124 2125 2126 2127
# cell 267: 2128 2129 2130 2131 2132 2133 2134 2135
# cell 268: 2136 2137 2138 2139 2140 2141 2142 2143
# cell 269: 2144 2145 2146 2147 2148 2149 2150 2151
# cell 270: 2152 2153 2154 2155 2156 2157 2158 2159
# cell 271: 2160 2161 2162 2163 2164 2165 2166 2167
# cell 272: 2168 2169 2170 2171 2172 2173 2174 2175
# cell 273: 2176 2177 2178 2179 2180 2181 2182 2183
# cell 274: 2184 2185 2186 2187 2188 2189 2190 2191
# cell 275: 2192 2193 2194 2195 2196 2197 2198 2199
# cell 276: 2200 2201 2202 2203 2204 2205 2206 2207
# cell 277: 2208 2209 2210 2211 2212 2213 2214 2215
# cell 278: 2216 2217 2218 2219 2220 2221 2222 2223
# cell 279: 2224 2225 2226 2227 2228 2229 2230 2231
# cell 280: 2232 2233 2234 2235 2236 2237 2238 2239
# cell 281: 2240 2241 2242 2243 2244 2245 2246 2247
# cell 282: 2248 2249 2250 2251 2252 2253 2254 2255
# cell 283: 2256 2257 2258 2259 2260 2261 2262 2263
# cell 284: 2264 2265 2266 2267 2268 2269 2270 2271
# cell 285: 2272 2273 2274 2275 2276 2277 2278 2279
# cell 286: 2280 2281 2282 2283 2284 2285 2286 2287
# cell 287: 2288 2289 2290 2291 2292 2293 2294 2295
# cell 288: 2296 2297 2298 2299 2300 2301 2302 2303
# cell 289: 2304 2305 2306 2307 2308 2309 2310 2311
# cell 290: 2312 2313 2314 2315 2316 2317 2318 2319
# cell 291: 2320 2321 2322 2323 2324 2325 2326 2327
# cell 292: 2328 2329 2330 2331 2332 2333 2334 2335
# cell 293: 2336 2337 2338 2339 2340 2341 2342 2343
# cell 294: 2344 2345 2346 2347 2348 2349 2350 2351
# cell 295: 2352 2353 2354 2355 2356 2357 2358 2359
# cell 296: 2360 2361 2362 2363 2364 2365 2366 2367
# cell 297: 2368 2369 2370 2371 2372 2373 2374 2375
# cell 298: 2376 2377 2378 2379 2380 2381 2382 2383
# cell 299: 2384 2385 2386 2387 2388 2389 2390 2391
# cell 300: 2392 2393 2394 2395 2396 2397 2398 2399
# cell 301: 2400 2401 2402 2403 2404 2405 2406 2407
# cell 302: 2408 2409 2410 2411 2412 2413 2414 2415
# cell 303: 2416 2417 2418 2419 2420 2421 2422 2423
# cell 304: 2424 2425 2426 2427 2428 2429 2430 2431
# cell 305: 2432 2433 2434 2435 2436 2437 2438 2439
# cell 306: 2440 2441 2442 2443 2444 2445 2446 2447
# cell 307: 2448 2449 2450 2451 2452 2453 2454 2455
# cell 308: 2456 2457 2458 2459 2460 2461 2462 2463
# cell 309: 2464 2465 2466 2467 2468 2469 2470 2471
# cell 310: 2472 2473 2474 2475 2476 2477 2478 2479
# cell 311: 2480 2481 2482 2483 2484 2485 2486 2487
# cell 312: 2488 2489 2490 2491 2492 2493 2494 2495
# cell 313: 2496 2497 2498 2499 2500 2501 2502 2503
# cell 314: 2504 2505 2506 2507 2508 2509 2510 2511
# cell 315: 2512 2513 2514 2515 2516 2517 2518 2519
# cell 316: 2520 2521 2522 2523 2524 2525 2526 2527
# cell 317: 2528 2529 2530 2531 2532 2533 2534 2535
# cell 318: 2536 2537 2538 2539 2540 2541 2542 2543
# cell 319: 2544 2545 2546 2547 2548 2549 2550 2551
# cell 320: 2552 2553 2554 2555 2556 2557 2558 2559
# cell 321: 2560 2561 2562 2563 2564 2565 2566 2567
# cell 322: 2568 2569 2570 2571 2572 2573 2574 2575
# cell 323: 2576 2577 2578 2579 2580 2581 2582 2583
# cell 324: 2584 2585 2586 2587 2588 2589 2590 2591
# cell 325: 2592 2593 2594 2595 2596 2597 2598 2599
# cell 326: 2600 2601 2602 2603 2604 2605 2606 2607
# cell 327: 2608 2609 2610 2611 2612 2613 2614 2615
# cell 328: 2616 2617 2618 2619 2620 2621 2622 2623
# cell 329: 2624 2625 2626 2627 2628 2629 2630 2631
# cell 330: 2632 2633 2634 2635 2636 2637 2638 2639
# cell 331: 2640 2641 2642 2643 2644 2645 2646 2647
# cell 332: 2648 2649 2650 2651 2652 2653 2654 2655
# cell 333: 2656 2657 2658 2659 2660 2661 2662 2663
# cell 334: 2664 2665 2666 2667 2668 2669 2670 2671
# cell 335: 2672 2673 2674 2675 2676 2677 2678 2679
# cell 336: 2680 2681 2682 2683 2684 2685 2686 2687
# cell 337: 2688 2689 2690 2691 2692 2693 2694 2695
# cell 338: 2696 2697 2698 2699 2700 2701 2702 2703
# cell 339: 2704 2705 2706 2707 2708 2709 2710 2711
# cell 340: 2712 2713 2714 2715 2716 2717 2718 2719
# cell 341: 2720 2721 2722 2723 2724 2725 2726 2727
# cell 342: 2728 2729 2730 2731 2732 2733 2734 2735
# cell 343: 2736 2737 2738 2739 2740 2741 2742 2743
# cell 344: 2744 2745 2746 2747 2748 2749 2750 2751
# cell 345: 2752 2753 2754 2755 2756 2757 2758 2759
# cell 346: 2760 2761 2762 2763 2764 2765 2766 2767
# cell 347: 2768 2769 2770 2771 2772 2773 2774 2775
# cell 348: 2776 2777 2778 2779 2780 2781 2782 2783
# cell 349: 2784 2785 2786 2787 2788 2789 2790 2791
# cell 350: 2792 2793 2794 2795 2796 2797 2798 2799
# cell 351: 2800 2801 2802 2803 2804 2805 2806 2807
# cell 352: 2808 2809 2810 2811 2812 2813 2814 2815
# cell 353: 2816 2817 2818 2819 2820 2821 2822 2823
# cell 354: 2824 2825 2826 2827 2828 2829 2830 2831
# cell 355: 2832 2833 2834 2835 2836 2837 2838 2839
# cell 356: 2840 2841 2842 2843 2844 2845 2846 2847
# cell 357: 2848 2849 2850 2851 2852 2853 2854 2855
# cell 358: 2856 2857 2858 2859 2860 2861 2862 2863
# cell 359: 2864 2865 2866 2867 2868 2869 2870 2871
# cell 360: 2872 2873 2874 2875 2876 2877 2878 2879
# cell 361: 2880 2881 2882 2883 2884 2885 2886 2887
# cell 362: 2888 2889 2890 2891 2892 2893 2894 2895
# cell 363: 2896 2897 2898 2899 2900 2901 2902 2903
# cell 364: 2904 2905 2906 2907 2908 2909 2910 2911
# cell 365: 2912 2913 2914 2915 2916 2917 2918 2919
# cell 366: 2920 2921 2922 2923 2924 2925 2926 2927
# cell 367: 2928 2929 2930 2931 2932 2933 2934 2935
# cell 368: 2936 2937 2938 2939 2940 2941 2942 2943
# cell 369: 2944 2945 2946 2947 2948 2949 2950 2951
# cell 370: 2952 2953 2954 2955 2956 2957 2958 2959
# cell 371: 2960 2961 2962 2963 2964 2965 2966 2967
# cell 372: 2968 2969 2970 2971 2972 2973 2974 2975
# cell 373: 2976 2977 2978 2979 2980 2981 2982 2983
# cell 374: 2984 2985 2986 2987 2988 2989 2990 2991
# cell 375: 2992 2993 2994 2995 2996 2997 2998 2999
# cell 376: 3000 3001 3002 3003 3004 3005 3006 3007
# cell 377: 3008 3009 3010 3011 3012 3013 3014 3015
# cell 378: 3016 3017 3018 3019 3020 3021 3022 3023
# cell 379: 3024 3025 3026 3027 3028 3029 3030 3031
# cell 380: 3032 3033 3034 3035 3036 3037 3038 3039
# cell 381: 3040 3041 3042 3043 3044 3045 3046 3047
# cell 382: 3048 3049 3050 3051 3052 3053 3054 3055
# cell 383: 3056 3057 3058 3059 3060 3061 3062 3063
# cell 384: 3064 3065 3066 3067 3068 3069 3070 3071
# cell 385: 3072 3073 3074 3075 3076 3077 3078 3079
# cell 386: 3080 3081 3082 3083 3084 3085 3086 3087
# cell 387: 3088 3089 3090 3091 3092 3093 3094 3095
# cell 388: 3096 3097 3098 3099 3100 3101 3102 3103
# cell 389: 3104 3105 3106 3107 3108 3109 3110 3111
# cell 390: 3112 3113 3114 3115 3116 3117 3118 3119
# cell 391: 3120 3121 3122 3123 3124 3125 3126 3127
# cell 392: 3128 3129 3130 3131 3132 3133 3134 3135
# cell 393: 3136 3137 3138 3139 3140 3141 3142 3143
# cell 394: 3144 3145 3146 3147 3148 3149 3150 3151
# cell 395: 3152 3153 3154 3155 3156 3157 3158 3159
# cell 396: 3160 3161 3162 3163 3164 3165 3166 3167
# cell 397: 3168 3169 3170 3171 3172 3173 3174 3175
# cell 398: 3176 3177 3178 3179 3180 3181 3182 3183
# cell 399: 3184 3185 3186 3187 3188 3189 3190 3191
# cell 400: 3192 3193 3194 3195 3196 3197 3198 3199
# cell 401: 3200 3201 3202 3203 3204 3205 3206 3207
# cell 402: 3208 3209 3210 3211 3212 3213 3214 3215
# cell 403: 3216 3217 3218 3219 3220 3221 3222 3223
# cell 404: 3224 3225 3226 3227 3228 3229 3230 3231
# cell 405: 3232 3233 3234 3235 3236 3237 3238 3239
# cell 406: 3240 3241 3242 3243 3244 3245 3246 3247
# cell 407: 3248 3249 3250 3251 3252 3253 3254 3255
# cell 408: 3256 3257 3258 3259 3260 3261 3262 3263
# cell 409: 3264 3265 3266 3267 3268 3269 3270 3271
# cell 410: 3272 3273 3274 3275 3276 3277 3278 3279
# cell 411: 3280 3281 3282 3283 3284 3285 3286 3287
# cell 412: 3288 3289 3290 3291 3292 3293 3294 3295
# cell 413: 3296 3297 3298 3299 3300 3301 3302 3303
# cell 414: 3304 3305 3306 3307 3308 3309 3310 3311
# cell 415: 3312 3313 3314 3315 3316 3317 3318 3319
# cell 416: 3320 3321 3322 3323 3324 3325 3326 3327
# cell 417: 3328 3329 3330 3331 3332 3333 3334 3335
# cell 418: 3336 3337 3338 3339 3340 3341 3342 3343
# cell 419: 3344 3345 3346 3347 3348 3349 3350 3351
# cell 420: 3352 3353 3354 3355 3356 3357 3358 3359
# cell 421: 3360 3361 3362 3363 3364 3365 3366 3367
# cell 422: 3368 3369 3370 3371 3372 3373 3374 3375
# cell 423: 3376 3377 3378 3379 3380 3381 3382 3383
# cell 424: 3384 3385 3386 3387 3388 3389 3390 3391
# cell 425: 3392 3393 3394 3395 3396 3397 3398 3399
# cell 426: 3400 3401 3402 3403 3404 3405 3406 3407
# cell 427: 3408 3409 3410 3411 3412 3413 3414 3415
# cell 428: 3416 3417 3418 3419 3420 3421 3422 3423
# cell 429: 3424 3425 3426 3427 3428 3429 3430 3431
# cell 430: 3432 3433 3434 3435 3436 3437 3438 3439
# cell 431: 3440 3441 3442 3443 3444 3445 3446 3447
# cell 432: 3448 3449 3450 3451 3452 3453 3454 3455
# cell 433: 3456 3457 3458 3459 3460 3461 3462 3463
# cell 434: 3464 3465 3466 3467 3468 3469 3470 3471
# cell 435: 3472 3473 3474 3475 3476 3477 3478 3479
# cell 436: 3480 3481 3482 3483 3484 3485 3486 3487
# cell 437: 3488 3489 3490 3491 3492 3493 3494 3495
# cell 438: 3496 3497 3498 3499 3500 3501 3502 3503
# cell 439: 3504 3505 3506 3507 3508 3509 3510 3511
# cell 440: 3512 3513 3514 3515 3516 3517 3518 3519
# cell 441: 3520 3521 3522 3523 3524 3525 3526 3527
# cell 442: 3528 3529 3530 3531 3532 3533 3534 3535
# cell 443: 3536 3537 3538 3539 3540 3541 3542 3543
# cell 444: 3544 3545 3546 3547 3548 3549 3550 3551
# cell 445: 3552 3553 3554 3555 3556 3557 3558 3559
# cell 446: 3560 3561 3562 3563 3564 3565 3566 3567
# cell 447: 3568 3569 3570 3571 3572 3573 3574 3575
# cell 448: 3576 3577 3578 3579 3580 3581 3582 3583
# cell 449: 3584 3585 3586 3587 3588 3589 3590 3591
# cell 450: 3592 3593 3594 3595 3596 3597 3598 3599
# cell 451: 3600 3601 3602 3603 3604 3605 3606 3607
# cell 452: 3608 3609 3610 3611 3612 3613 3614 3615
# cell 453: 3616 3617 3618 3619 3620 3621 3622 3623
# cell 454: 3624 3625 3626 3627 3628 3629 3630 3631
# cell 455: 3632 3633 3634 3635 3636 3637 3638 3639
# cell 456: 3640 3641 3642 3643 3644 3645 3646 3647
# cell 457: 3648 3649 3650 3651 3652 3653 3654 3655
# cell 458: 3656 3657 3658 3659 3660 3661 3662 3663
# cell 459: 3664 3665 3666 3667 3668 3669 3670 3671
# cell 460: 3672 3673 3674 3675 3676 3677 3678 3679
# cell 461: 3680 3681 3682 3683 3684 3685 3686 3687
# cell 462: 3688 3689 3690 3691 3692 3693 3694 3695
# cell 463: 3696 3697 3698 3699 3700 3701 3702 3703
# cell 464: 3704 3705 3706 3707 3708 3709 3710 3711
# cell 465: 3712 3713 3714 3715 3716 3717 3718 3719
# cell 466: 3720 3721 3722 3723 3724 3725 3726 3727
# cell 467: 3728 3729 3730 3731 3732 3733 3734 3735
# cell 468: 3736 3737 3738 3739 3740 3741 3742 3743
# cell 469: 3744 3745 3746 3747 3748 3749 3750 3751
# cell 470: 3752 3753 3754 3755 3756 3757 3758 3759
# cell 471: 3760 3761 3762 3763 3764 3765 3766 3767
# cell 472: 3768 3769 3770 3771 3772 3773 3774 3775
# cell 473: 3776 3777 3778 3779 3780 3781 3782 3783
# cell 474: 3784 3785 3786 3787 3788 3789 3790 3791
# cell 475: 3792 3793 3794 3795 3796 3797 3798 3799
# cell 476: 3800 3801 3802 3803 3804 3805 3806 3807
# cell 477: 3808 3809 3810 3811 3812 3813 3814 3815
# cell 478: 3816 3817 3818 3819 3820 3821 3822 3823
# cell 479: 3824 3825 3826 3827 3828 3829 3830 3831
# cell 480: 3832 3833 3834 3835 3836 3837 3838 3839
# cell 481: 3840 3841 3842 3843 3844 3845 3846 3847
# cell 482: 3848 3849 3850 3851 3852 3853 3854 3855
# cell 483: 3856 3857 3858 3859 3860 3861 3862 3863
# cell 484: 3864 3865 3866 3867 3868 3869 3870 3871
# cell 485: 3872 3873 3874 3875 3876 3877 3878 3879
# cell 486: 3880 3881 3882 3883 3884 3885 3886 3887
# cell 487: 3888 3889 3890 3891 3892 3893 3894 3895
# cell 488: 3896 3897 3898 3899 3900 3901 3902 3903
# cell 489: 3904 3905 3906 3907 3908 3909 3910 3911
# cell 490: 3912 3913 3914 3915 3916 3917 3918 3919
# cell 491: 3920 3921 3922 3923 3924 3925 3926 3927
# cell 492: 3928 3929 3930 3931 3932 3933 3934 3935
# cell 493: 3936 3937 3938 3939 3940 3941 3942 3943
# cell 494: 3944 3945 3946 3947 3948 3949 3950 3951
# cell 495: 3952 3953 3954 3955 3956 3957 3958 3959
# cell 496: 3960 3961 3962 3963 3964 3965 3966 3967
# cell 497: 3968 3969 3970 3971 3972 3973 3974 3975
# cell 498: 3976 3977 3978 3979 3980 3981 3982 3983
# cell 499: 3984 3985 3986 3987 3988 3989 3990 3991
# cell 500: 3992 3993 3994 3995 3996 3997 3998 3999
# cell 501: 4000 4001 4002 4003 4004 4005 4006 4007
# cell 502: 4008 4009 4010 4011 4012 4013 4014 4015
# cell 503: 4016 4017 4018 4019 4020 4021 4022 4023
# cell 504: 4024 4025 4026 4027 4028 4029 4030 4031
# cell 505: 4032 4033 4034 4035 4036 4037 4038 4039
# cell 506: 4040 4041 4042 4043 4044 4045 4046 4047
# cell 507: 4048 4049 4050 4051 4052 4053 4054 4055
# cell 508: 4056 4057 4058 4059 4060 4061 4062 4063
# cell 509: 4064 4065 4066 4067 4068 4069 4070 4071
# cell 510: 4072 4073 4074 4075 4076 4077 4078 4079
# cell 511: 4080 4081 4082 4083 4084 4085 4086 4087
# cell 512: 4088 4089 4090 4091 4092 4093 4094 4095
# cell 513: 4096 4097 4098 4099 4100 4101 4102 4103
# cell 514: 4104 4105 4106 4107 4108 4109 4110 4111
# cell 515: 4112 4113 4114 4115 4116 4117 4118 4119
# cell 516: 4120 4121 4122 4123 4124 4125 4126 4127
# cell 517: 4128 4129 4130 4131 4132 4133 4134 4135
# cell 518: 4136 4137 4138 4139 4140 4141 4142 4143
# cell 519: 4144 4145 4146 4147 4148 4149 4150 4151
# cell 520: 4152 4153 4154 4155 4156 4157 4158 4159
# cell 521: 4160 4161 4162 4163 4164 4165 4166 4167
# cell 522: 4168 4169 4170 4171 4172 4173 4174 4175
# cell 523: 4176 4177 4178 4179 4180 4181 4182 4183
# cell 524: 4184 4185 4186 4187 4188 4189 4190 4191
# cell 525: 4192 4193 4194 4195 4196 4197 4198 4199
# cell 526: 4200 4201 4202 4203 4204 4205 4206 4207
# cell 527: 4208 4209 4210 4211 4212 4213 4214 4215
# cell 528: 4216 4217 4218 4219 4220 4221 4222 4223
# cell 529: 4224 4225 4226 4227 4228 4229 4230 4231
# cell 530: 4232 4233 4234 4235 4236 4237 4238 4239
# cell 531: 4240 4241 4242 4243 4244 4245 4246 4247
# cell 532: 4248 4249 4250 4251 4252 4253 4254 4255
# cell 533: 4256 4257 4258 4259 4260 4261 4262 4263
# cell 534: 4264 4265 4266 4267 4268 4269 4270 4271
# cell 535: 4272 4273 4274 4275 4276 4277 4278 4279
# cell 536: 4280 4281 4282 4283 4284 4285 4286 4287
# cell 537: 4288 4289 4290 4291 4292 4293 4294 4295
# cell 538: 4296 4297 4298 4299 4300 4301 4302 4303
# cell 539: 4304 4305 4306 4307 4308 4309 4310 4311
# cell 540: 4312 4313 4314 4315 4316 4317 4318 4319
# cell 541: 4320 4321 4322 4323 4324 4325 4326 4327
# cell 542: 4328 4329 4330 4331 4332 4333 4334 4335
# cell 543: 4336 4337 4338 4339 4340 4341 4342 4343
# cell 544: 4344 4345 4346 4347 4348 4349 4350 4351
# cell 545: 4352 4353 4354 4355 4356 4357 4358 4359
# cell 546: 4360 4361 4362 4363 4364 4365 4366 4367
# cell 547: 4368 4369 4370 4371 4372 4373 4374 4375
# cell 548: 4376 4377 4378 4379 4380 4381 4382 4383
# cell 549: 4384 4385 4386 4387 4388 4389 4390 4391
# cell 550: 4392 4393 4394 4395 4396 4397 4398 4399
# cell 551: 4400 4401 4402 4403 4404 4405 4406 4407
# cell 552: 4408 4409 4410 4411 4412 4413 4414 4415
# cell 553: 4416 4417 4418 4419 4420 4421 4422 4423
# cell 554: 4424 4425 4426 4427 4428 4429 4430 4431
# cell 555: 4432 4433 4434 4435 4436 4437 4438 4439
# cell 556: 4440 4441 4442 4443 4444 4445 4446 4447
# cell 557: 4448 4449 4450 4451 4452 4453 4454 4455
# cell 558: 4456 4457 4458 4459 4460 4461 4462 4463
# cell 559: 4464 4465 4466 4467 4468 4469 4470 4471
# cell 560: 4472 4473 4474 4475 4476 4477 4478 4479
# cell 561: 4480 4481 4482 4483 4484 4485 4486 4487
# cell 562: 4488 4489 4490 4491 4492 4493 4494 4495
# cell 563: 4496 4497 4498 4499 4500 4501 4502 4503
# cell 564: 4504 4505 4506 4507 4508 4509 4510 4511
# cell 565: 4512 4513 4514 4515 4516 4517 4518 4519
# cell 566: 4520 4521 4522 4523 4524 4525 4526 4527
# cell 567: 4528 4529 4530 4531 4532 4533 4534 4535
# cell 568: 4536 4537 4538 4539 4540 4541 4542 4543
# cell 569: 4544 4545 4546 4547 4548 4549 4550 4551
# cell 570: 4552 4553 4554 4555 4556 4557 4558 4559
# cell 571: 4560 4561 4562 4563 4564 4565 4566 4567
# cell 572: 4568 4569 4570 4571 4572 4573 4574 4575
# cell 573: 4576 4577 4578 4579 4580 4581 4582 4583
# cell 574: 4584 4585 4586 4587 4588 4589 4590 4591
# cell 575: 4592 4593 4594 4595 4596 4597 4598 4599
# cell 576: 4600 4601 4602 4603 4604 4605 4606 4607
# cell 577: 4608 4609 4610 4611 4612 4613 4614 4615
# cell 578: 4616 4617 4618 4619 4620 4621 4622 4623
# cell 579: 4624 4625 4626 4627 4628 4629 4630 4631
# cell 580: 4632 4633 4634 4635 4636 4637 4638 4639
# cell 581: 4640 4641 4642 4643 4644 4645 4646 4647
# cell 582: 4648 4649 4650 4651 4652 4653 4654 4655
# cell 583: 4656 4657 4658 4659 4660 4661 4662 4663
# cell 584: 4664 4665 4666 4667 4668 4669 4670 4671
# cell 585: 4672 4673 4674 4675 4676 4677 4678 4679
# cell 586: 4680 4681 4682 4683 4684 4685 4686 4687
# cell 587: 4688 4689 4690 4691 4692 4693 4694 4695
# cell 588: 4696 4697 4698 4699 4700 4701 4702 4703
# cell 589: 4704 4705 4706 4707 4708 4709 4710 4711
# cell 590: 4712 4713 4714 4715 4716 4717 4718 4719
# cell 591: 4720 4721 4722 4723 4724 4725 4726 4727
# cell 592: 4728 4729 4730 4731 4732 4733 4734 4735
# cell 593: 4736 4737 4738 4739 4740 4741 4742 4743
# cell 594: 4744 4745 4746 4747 4748 4749 4750 4751
# cell 595: 4752 4753 4754 4755 4756 4757 4758 4759
# cell 596: 4760 4761 4762 4763 4764 4765 4766 4767
# cell 597: 4768 4769 4770 4771 4772 4773 4774 4775
# cell 598: 4776 4777 4778 4779 4780 4781 4782 4783
# cell 599: 4784 4785 4786 4787 4788 4789 4790 4791
# cell 600: 4792 4793 4794 4795 4796 4797 4798 4799
# cell 601: 4800 4801 4802 4803 4804 4805 4806 4807 4808 4809 4810 4811 4812 4813 4814 4815 4816 4817 4818 4819 4820 4821 4822 4823 4824 4825 4826 4827 4828 4829 4830 4831
# cell 602: 4832 4833 4834 4835 4836 4837 4838 4839 4840 4841 4842 4843 4844 4845 4846 4847 4848 4849 4850 4851 4852 4853 4854 4855 4856 4857 4858 4859 4860 4861 4862 4863
# cell 603: 4864 4865 4866 4867 4868 4869 4870 4871 4872 4873 4874 4875 4876 4877 4878 4879 4880 4881 4882 4883 4884 4885 4886 4887 4888 4889 4890 4891 4892 4893 4894 4895
# cell 604: 4896 4897 4898 4899 4900 4901 4902 4903 4904 4905 4906 4907 4908 4909 4910 4911 4912 4913 4914 4915 4916 4917 4918 4919 4920 4921 4922 4923 4924 4925 4926 4927
# cell 605: 4928 4929 4930 4931 4932 4933 4934 4935 4936 4937 4938 4939 4940 4941 4942 4943 4944 4945 4946 4947 4948 4949 4950 4951 4952 4953 4954 4955 4956 4957 4958 4959
# cell 606: 4960 4961 4962 4963 4964 4965 4966 4967 4968 4969 4970 4971 4972 4973 4974 4975 4976 4977 4978 4979 4980 4981 4982 4983 4984 4985 4986 4987 4988 4989 4990 4991
# cell 607: 4992 4993 4994 4995 4996 4997 4998 4999 5000 5001 5002 5003 5004 5005 5006 5007 5008 5009 5010 5011 5012 5013 5014 5015 5016 5017 5018 5019 5020 5021 5022 5023
# cell 608: 5024 5025 5026 5027 5028 5029 5030 5031 5032 5033 5034 5035 5036 5037 5038 5039 5040 5041 5042 5043 5044 5045 5046 5047 5048 5049 5050 5051 5052 5053 5054 5055
# cell 609: 5056 5057 5058 5059 5060 5061 5062 5063 5064 5065 5066 5067 5068 5069 5070 5071 5072 5073 5074 5075 5076 5077 5078 5079 5080 5081 5082 5083 5084 5085 5086 5087
# cell 610: 5088 5089 5090 5091 5092 5093 5094 5095 5096 5097 5098 5099 5100 5101 5102 5103 5104 5105 5106 5107 5108 5109 5110 5111 5112 5113 5114 5115 5116 5117 5118 5119
# cell 611: 5120 5121 5122 5123 5124 5125 5126 5127 5128 5129 5130 5131 5132 5133 5134 5135 5136 5137 5138 5139 5140 5141 5142 5143 5144 5145 5146 5147 5148 5149 5150 5151
# cell 612: 5152 5153 5154 5155 5156 5157 5158 5159 5160 5161 5162 5163 5164 5165 5166 5167 5168 5169 5170 5171 5172 5173 5174 5175 5176 5177 5178 5179 5180 5181 5182 5183
# cell 613: 5184 5185 5186 5187 5188 5189 5190 5191 5192 5193 5194 5195 5196 5197 5198 5199 5200 5201 5202 5203 5204 5205 5206 5207 5208 5209 5210 5211 5212 5213 5214 5215
# cell 614: 5216 5217 5218 5219 5220 5221 5222 5223 5224 5225 5226 5227 5228 5229 5230 5231 5232 5233 5234 5235 5236 5237 5238 5239 5240 5241 5242 5243 5244 5245 5246 5247
# cell 615: 5248 5249 5250 5251 5252 5253 5254 5255 5256 5257 5258 5259 5260 5261 5262 5263 5264 5265 5266 5267 5268 5269 5270 5271 5272 5273 5274 5275 5276 5277 5278 5279
# cell 616: 5280 5281 5282 5283 5284 5285 5286 5287 5288 5289 5290 5291 5292 5293 5294 5295 5296 5297 5298 5299 5300 5301 5302 5303 5304 5305 5306 5307 5308 5309 5310 5311
# cell 617: 5312 5313 5314 5315 5316 5317 5318 5319 5320 5321 5322 5323 5324 5325 5326 5327 5328 5329 5330 5331 5332 5333 5334 5335 5336 5337 5338 5339 5340 5341 5342 5343
# cell 618: 5344 5345 5346 5347 5348 5349 5350 5351 5352 5353 5354 5355 5356 5357 5358 5359 5360 5361 5362 5363 5364 5365 5366 5367 5368 5369 5370 5371 5372 5373 5374 5375
# cell 619: 5376 5377 5378 5379 5380 5381 5382 5383 5384 5385 5386 5387 5388 5389 5390 5391 5392 5393 5394 5395 5396 5397 5398 5399 5400 5401 5402 5403 5404 5405 5406 5407
# cell 620: 5408 5409 5410 5411 5412 5413 5414 5415 5416 5417 5418 5419 5420 5421 5422 5423 5424 5425 5426 5427 5428 5429 5430 5431 5432 5433 5434 5435 5436 5437 5438 5439
# cell 621: 5440 5441 5442 5443 5444 5445 5446 5447 5448 5449 5450 5451 5452 5453 5454 5455 5456 5457 5458 5459 5460 5461 5462 5463 5464 5465 5466 5467 5468 5469 5470 5471
# cell 622: 5472 5473 5474 5475 5476 5477 5478 5479 5480 5481 5482 5483 5484 5485 5486 5487 5488 5489 5490 5491 5492 5493 5494 5495 5496 5497 5498 5499 5500 5501 5502 5503
# cell 623: 5504 5505 5506 5507 5508 5509 5510 5511 5512 5513 5514 5515 5516 5517 5518 5519 5520 5521 5522 5523 5524 5525 5526 5527 5528 5529 5530 5531 5532 5533 5534 5535
# cell 624: 5536 5537 5538 5539 5540 5541 5542 5543 5544 5545 5546 5547 5548 5549 5550 5551 5552 5553 5554 5555 5556 5557 5558 5559 5560 5561 5562 5563 5564 5565 5566 5567
# cell 625: 5568 5569 5570 5571 5572 5573 5574 5575 5576 5577 5578 5579 5580 5581 5582 5583 5584 5585 5586 5587 5588 5589 5590 5591 5592 5593 5594 5595 5596 5597 5598 5599
# cell 626: 5600 5601 5602 5603 5604 5605 5606 5607 5608 5609 5610 5611 5612 5613 5614 5615 5616 5617 5618 5619 5620 5621 5622 5623 5624 5625 5626 5627 5628 5629 5630 5631
# cell 627: 5632 5633 5634 5635 5636 5637 5638 5639 5640 5641 5642 5643 5644 5645 5646 5647 5648 5649 5650 5651 5652 5653 5654 5655 5656 5657 5658 5659 5660 5661 5662 5663
# cell 628: 5664 5665 5666 5667 5668 5669 5670 5671 5672 5673 5674 5675 5676 5677 5678 5679 5680 5681 5682 5683 5684 5685 5686 5687 5688 5689 5690 5691 5692 5693 5694 5695
# cell 629: 5696 5697 5698 5699 5700 5701 5702 5703 5704 5705 5706 5707 5708 5709 5710 5711 5712 5713 5714 5715 5716 5717 5718 5719 5720 5721 5722 5723 5724 5725 5726 5727
# cell 630: 5728 5729 5730 5731 5732 5733 5734 5735 5736 5737 5738 5739 5740 5741 5742 5743 5744 5745 5746 5747 5748 5749 5750 5751 5752 5753 5754 5755 5756 5757 5758 5759
# cell 631: 5760 5761 5762 5763 5764 5765 5766 5767 5768 5769 5770 5771 5772 5773 5774 5775 5776 5777 5778 5779 5780 5781 5782 5783 5784 5785 5786 5787 5788 5789 5790 5791
# cell 632: 5792 5793 5794 5795 5796 5797 5798 5799 5800 5801 5802 5803 5804 5805 5806 5807 5808 5809 5810 5811 5812 5813 5814 5815 5816 5817 5818 5819 5820 5821 5822 5823
# cell 633: 5824 5825 5826 5827 5828 5829 5830 5831 5832 5833 5834 5835 5836 5837 5838 5839 5840 5841 5842 5843 5844 5845 5846 5847 5848 5849 5850 5851 5852 5853 5854 5855
# cell 634: 5856 5857 5858 5859 5860 5861 5862 5863 5864 5865 5866 5867 5868 5869 5870 5871 5872 5873 5874 5875 5876 5877 5878 5879 5880 5881 5882 5883 5884 5885 5886 5887
# cell 635: 5888 5889 5890 5891 5892 5893 5894 5895 5896 5897 5898 5899 5900 5901 5902 5903 5904 5905 5906 5907 5908 5909 5910 5911 5912 5913 5914 5915 5916 5917 5918 5919
# cell 636: 5920 5921 5922 5923 5924 5925 5926 5927 5928 5929 5930 5931 5932 5933 5934 5935 5936 5937 5938 5939 5940 5941 5942 5943 5944 5945 5946 5947 5948 5949 5950 5951
# cell 637: 5952 5953 5954 5955 5956 5957 5958 5959 5960 5961 5962 5963 5964 5965 5966 5967 5968 5969 5970 5971 5972 5973 5974 5975 5976 5977 5978 5979 5980 5981 5982 5983
# cell 638: 5984 5985 5986 5987 5988 5989 5990 5991 5992 5993 5994 5995 5996 5997 5998 5999 6000 6001 6002 6003 6004 6005 6006 6007 6008 6009 6010 6011 6012 6013 6014 6015
# cell 639: 6016 6017 6018 6019 6020 6021 6022 6023 6024 6025 6026 6027 6028 6029 6030 6031 6032 6033 6034 6035 6036 6037 6038 6039 6040 6041 6042 6043 6044 6045 6046 6047
# cell 640: 6048 6049 6050 6051 6052 6053 6054 6055 6056 6057 6058 6059 6060 6061 6062 6063 6064 6065 6066 6067 6068 6069 6070 6071 6072 6073 6074 6075 6076 6077 6078 6079
# cell 641: 6080 6081 6082 6083 6084 6085 6086 6087 6088 6089 6090 6091 6092 6093 6094 6095 6096 6097 6098 6099 6100 6101 6102 6103 6104 6105 6106 6107 6108 6109 6110 6111
# cell 642: 6112 6113 6114 6115 6116 6117 6118 6119 6120 6121 6122 6123 6124 6125 6126 6127 6128 6129 6130 6131 6132 6133 6134 6135 6136 6137 6138 6139 6140 6141 6142 6143
# cell 643: 6144 6145 6146 6147 6148 6149 6150 6151 6152 6153 6154 6155 6156 6157 6158 6159 6160 6161 6162 6163 6164 6165 6166 6167 6168 6169 6170 6171 6172 6173 6174 6175
# cell 644: 6176 6177 6178 6179 6180 6181 6182 6183 6184 6185 6186 6187 6188 6189 6190 6191 6192 6193 6194 6195 6196 6197 6198 6199 6200 6201 6202 6203 6204 6205 6206 6207
# cell 645: 6208 6209 6210 6211 6212 6213 6214 6215 6216 6217 6218 6219 6220 6221 6222 6223 6224 6225 6226 6227 6228 6229 6230 6231 6232 6233 6234 6235 6236 6237 6238 6239
# cell 646: 6240 6241 6242 6243 6244 6245 6246 6247 6248 6249 6250 6251 6252 6253 6254 6255 6256 6257 6258 6259 6260 6261 6262 6263 6264 6265 6266 6267 6268 6269 6270 6271
# cell 647: 6272 6273 6274 6275 6276 6277 6278 6279 6280 6281 6282 6283 6284 6285 6286 6287 6288 6289 6290 6291 6292 6293 6294 6295 6296 6297 6298 6299 6300 6301 6302 6303
# cell 648: 6304 6305 6306 6307 6308 6309 6310 6311 6312 6313 6314 6315 6316 6317 6318 6319 6320 6321 6322 6323 6324 6325 6326 6327 6328 6329 6330 6331 6332 6333 6334 6335
# cell 649: 6336 6337 6338 6339 6340 6341 6342 6343 6344 6345 6346 6347 6348 6349 6350 6351 6352 6353 6354 6355 6356 6357 6358 6359 6360 6361 6362 6363 6364 6365 6366 6367
# cell 650: 6368 6369 6370 6371 6372 6373 6374 6375 6376 6377 6378 6379 6380 6381 6382 6383 6384 6385 6386 6387 6388 6389 6390 6391 6392 6393 6394 6395 6396 6397 6398 6399
# cell 651: 6400 6401 6402 6403 6404 6405 6406 6407 6408 6409 6410 6411 6412 6413 6414 6415 6416 6417 6418 6419 6420 6421 6422 6423 6424 6425 6426 6427 6428 6429 6430 6431
# cell 652: 6432 6433 6434 6435 6436 6437 6438 6439 6440 6441 6442 6443 6444 6445 6446 6447 6448 6449 6450 6451 6452 6453 6454 6455 6456 6457 6458 6459 6460 6461 6462 6463
# cell 653: 6464 6465 6466 6467 6468 6469 6470 6471 6472 6473 6474 6475 6476 6477 6478 6479 6480 6481 6482 6483 6484 6485 6486 6487 6488 6489 6490 6491 6492 6493 6494 6495
# cell 654: 6496 6497 6498 6499 6500 6501 6502 6503 6504 6505 6506 6507 6508 6509 6510 6511 6512 6513 6514 6515 6516 6517 6518 6519 6520 6521 6522 6523 6524 6525 6526 6527
# cell 655: 6528 6529 6530 6531 6532 6533 6534 6535 6536 6537 6538 6539 6540 6541 6542 6543 6544 6545 6546 6547 6548 6549 6550 6551 6552 6553 6554 6555 6556 6557 6558 6559
# cell 656: 6560 6561 6562 6563 6564 6565 6566 6567 6568 6569 6570 6571 6572 6573 6574 6575 6576 6577 6578 6579 6580 6581 6582 6583 6584 6585 6586 6587 6588 6589 6590 6591
# cell 657: 6592 6593 6594 6595 6596 6597 6598 6599 6600 6601 6602 6603 6604 6605 6606 6607 6608 6609 6610 6611 6612 6613 6614 6615 6616 6617 6618 6619 6620 6621 6622 6623
# cell 658: 6624 6625 6626 6627 6628 6629 6630 6631 6632 6633 6634 6635 6636 6637 6638 6639 6640 6641 6642 6643 6644 6645 6646 6647 6648 6649 6650 6651 6652 6653 6654 6655
# cell 659: 6656 6657 6658 6659 6660 6661 6662 6663 6664 6665 6666 6667 6668 6669 6670 6671 6672 6673 6674 6675 6676 6677 6678 6679 6680 6681 6682 6683 6684 6685 6686 6687
# cell 660: 6688 6689 6690 6691 6692 6693 6694 6695 6696 6697 6698 6699 6700 6701 6702 6703 6704 6705 6706 6707 6708 6709 6710 6711 6712 6713 6714 6715 6716 6717 6718 6719
# cell 661: 6720 6721 6722 6723 6724 6725 6726 6727 6728 6729 6730 6731 6732 6733 6734 6735 6736 6737 6738 6739 6740 6741 6742 6743 6744 6745 6746 6747 6748 6749 6750 6751
# cell 662: 6752 6753 6754 6755 6756 6757 6758 6759 6760 6761 6762 6763 6764 6765 6766 6767 6768 6769 6770 6771 6772 6773 6774 6775 6776 6777 6778 6779 6780 6781 6782 6783
# cell 663: 6784 6785 6786 6787 6788 6789 6790 6791 6792 6793 6794 6795 6796 6797 6798 6799 6800 6801 6802 6803 6804 6805 6806 6807 6808 6809 6810 6811 6812 6813 6814 6815
# cell 664: 6816 6817 6818 6819 6820 6821 6822 6823 6824 6825 6826 6827 6828 6829 6830 6831 6832 6833 6834 6835 6836 6837 6838 6839 6840 6841 6842 6843 6844 6845 6846 6847
# cell 665: 6848 6849 6850 6851 6852 6853 6854 6855 6856 6857 6858 6859 6860 6861 6862 6863 6864 6865 6866 6867 6868 6869 6870 6871 6872 6873 6874 6875 6876 6877 6878 6879
# cell 666: 6880 6881 6882 6883 6884 6885 6886 6887 6888 6889 6890 6891 6892 6893 6894 6895 6896 6897 6898 6899 6900 6901 6902 6903 6904 6905 6906 6907 6908 6909 6910 6911
# cell 667: 6912 6913 6914 6915 6916 6917 6918 6919 6920 6921 6922 6923 6924 6925 6926 6927 6928 6929 6930 6931 6932 6933 6934 6935 6936 6937 6938 6939 6940 6941 6942 6943
# cell 668: 6944 6945 6946 6947 6948 6949 6950 6951 6952 6953 6954 6955 6956 6957 6958 6959 6960 6961 6962 6963 6964 6965 6966 6967 6968 6969 6970 6971 6972 6973 6974 6975
# cell 669: 6976 6977 6978 6979 6980 6981 6982 6983 6984 6985 6986 6987 6988 6989 6990 6991 6992 6993 6994 6995 6996 6997 6998 6999 7000 7001 7002 7003 7004 7005 7006 7007
# cell 670: 7008 7009 7010 7011 7012 7013 7014 7015 7016 7017 7018 7019 7020 7021 7022 7023 7024 7025 7026 7027 7028 7029 7030 7031 7032 7033 7034 7035 7036 7037 7038 7039
# cell 671: 7040 7041 7042 7043 7044 7045 7046 7047 7048 7049 7050 7051 7052 7053 7054 7055 7056 7057 7058 7059 7060 7061 7062 7063 7064 7065 7066 7067 7068 7069 7070 7071
# cell 672: 7072 7073 7074 7075 7076 7077 7078 7079 7080 7081 7082 7083 7084 7085 7086 7087 7088 7089 7090 7091 7092 7093 7094 7095 7096 7097 7098 7099 7100 7101 7102 7103
# cell 673: 7104 7105 7106 7107 7108 7109 7110 7111 7112 7113 7114 7115 7116 7117 7118 7119 7120 7121 7122 7123 7124 7125 7126 7127 7128 7129 7130 7131 7132 7133 7134 7135
# cell 674: 7136 7137 7138 7139 7140 7141 7142 7143 7144 7145 7146 7147 7148 7149 7150 7151 7152 7153 7154 7155 7156 7157 7158 7159 7160 7161 7162 7163 7164 7165 7166 7167
# cell 675: 7168 7169 7170 7171 7172 7173 7174 7175 7176 7177 7178 7179 7180 7181 7182 7183 7184 7185 7186 7187 7188 7189 7190 7191 7192 7193 7194 7195 7196 7197 7198 7199
# cell 676: 7200 7201 7202 7203 7204 7205 7206 7207 7208 7209 7210 7211 7212 7213 7214 7215 7216 7217 7218 7219 7220 7221 7222 7223 7224 7225 7226 7227 7228 7229 7230 7231
# cell 677: 7232 7233 7234 7235 7236 7237 7238 7239 7240 7241 7242 7243 7244 7245 7246 7247 7248 7249 7250 7251 7252 7253 7254 7255 7256 7257 7258 7259 7260 7261 7262 7263
# cell 678: 7264 7265 7266 7267 7268 7269 7270 7271 7272 7273 7274 7275 7276 7277 7278 7279 7280 7281 7282 7283 7284 7285 7286 7287 7288 7289 7290 7291 7292 7293 7294 7295
# cell 679: 7296 7297 7298 7299 7300 7301 7302 7303 7304 7305 7306 7307 7308 7309 7310 7311 7312 7313 7314 7315 7316 7317 7318 7319 7320 7321 7322 7323 7324 7325 7326 7327
# cell 680: 7328 7329 7330 7331 7332 7333 7334 7335 7336 7337 7338 7339 7340 7341 7342 7343 7344 7345 7346 7347 7348 7349 7350 7351 7352 7353 7354 7355 7356 7357 7358 7359
# cell 681: 7360 7361 7362 7363 7364 7365 7366 7367 7368 7369 7370 7371 7372 7373 7374 7375 7376 7377 7378 7379 7380 7381 7382 7383 7384 7385 7386 7387 7388 7389 7390 7391
# cell 682: 7392 7393 7394 7395 7396 7397 7398 7399 7400 7401 7402 7403 7404 7405 7406 7407 7408 7409 7410 7411 7412 7413 7414 7415 7416 7417 7418 7419 7420 7421 7422 7423
# cell 683: 7424 7425 7426 7427 7428 7429 7430 7431 7432 7433 7434 7435 7436 7437 7438 7439 7440 7441 7442 7443 7444 7445 7446 7447 7448 7449 7450 7451 7452 7453 7454 7455
# cell 684: 7456 7457 7458 7459 7460 7461 7462 7463 7464 7465 7466 7467 7468 7469 7470 7471 7472 7473 7474 7475 7476 7477 7478 7479 7480 7481 7482 7483 7484 7485 7486 7487
# cell 685: 7488 7489 7490 7491 7492 7493 7494 7495 7496 7497 7498 7499 7500 7501 7502 7503 7504 7505 7506 7507 7508 7509 7510 7511 7512 7513 7514 7515 7516 7517 7518 7519
# cell 686: 7520 7521 7522 7523 7524 7525 7526 7527 7528 7529 7530 7531 7532 7533 7534 7535 7536 7537 7538 7539 7540 7541 7542 7543 7544 7545 7546 7547 7548 7549 7550 7551
# cell 687: 7552 7553 7554 7555 7556 7557 7558 7559 7560 7561 7562 7563 7564 7565 7566 7567 7568 7569 7570 7571 7572 7573 7574 7575 7576 7577 7578 7579 7580 7581 7582 7583
# cell 688: 7584 7585 7586 7587 7588 7589 7590 7591 7592 7593 7594 7595 7596 7597 7598 7599 7600 7601 7602 7603 7604 7605 7606 7607 7608 7609 7610 7611 7612 7613 7614 7615
# cell 689: 7616 7617 7618 7619 7620 7621 7622 7623 7624 7625 7626 7627 7628 7629 7630 7631 7632 7633 7634 7635 7636 7637 7638 7639 7640 7641 7642 7643 7644 7645 7646 7647
# cell 690: 7648 7649 7650 7651 7652 7653 7654 7655 7656 7657 7658 7659 7660 7661 7662 7663 7664 7665 7666 7667 7668 7669 7670 7671 7672 7673 7674 7675 7676 7677 7678 7679
# cell 691: 7680 7681 7682 7683 7684 7685 7686 7687 7688 7689 7690 7691 7692 7693 7694 7695 7696 7697 7698 7699 7700 7701 7702 7703 7704 7705 7706 7707 7708 7709 7710 7711
# cell 692: 7712 7713 7714 7715 7716 7717 7718 7719 7720 7721 7722 7723 7724 7725 7726 7727 7728 7729 7730 7731 7732 7733 7734 7735 7736 7737 7738 7739 7740 7741 7742 7743
# cell 693: 7744 7745 7746 7747 7748 7749 7750 7751 7752 7753 7754 7755 7756 7757 7758 7759 7760 7761 7762 7763 7764 7765 7766 7767 7768 7769 7770 7771 7772 7773 7774 7775
# cell 694: 7776 7777 7778 7779 7780 7781 7782 7783 7784 7785 7786 7787 7788 7789 7790 7791 7792 7793 7794 7795 7796 7797 7798 7799 7800 7801 7802 7803 7804 7805 7806 7807
# cell 695: 7808 7809 7810 7811 7812 7813 7814 7815 7816 7817 7818 7819 7820 7821 7822 7823 7824 7825 7826 7827 7828 7829 7830 7831 7832 7833 7834 7835 7836 7837 7838 7839
# cell 696: 7840 7841 7842 7843 7844 7845 7846 7847 7848 7849 7850 7851 7852 7853 7854 7855 7856 7857 7858 7859 7860 7861 7862 7863 7864 7865 7866 7867 7868 7869 7870 7871
# cell 697: 7872 7873 7874 7875 7876 7877 7878 7879 7880 7881 7882 7883 7884 7885 7886 7887 7888 7889 7890 7891 7892 7893 7894 7895 7896 7897 7898 7899 7900 7901 7902 7903
# cell 698: 7904 7905 7906 7907 7908 7909 7910 7911 7912 7913 7914 7915 7916 7917 7918 7919 7920 7921 7922 7923 7924 7925 7926 7927 7928 7929 7930 7931 7932 7933 7934 7935
# cell 699: 7936 7937 7938 7939 7940 7941 7942 7943 7944 7945 7946 7947 7948 7949 7950 7951 7952 7953 7954 7955 7956 7957 7958 7959 7960 7961 7962 7963 7964 7965 7966 7967
# cell 700: 7968 7969 7970 7971 7972 7973 7974 7975 7976 7977 7978 7979 7980 7981 7982 7983 7984 7985 7986 7987 7988 7989 7990 7991 7992 7993 7994 7995 7996 7997 7998 7999
# cell 701: 8000 8001 8002 8003 8004 8005 8006 8007 8008 8009 8010 8011 8012 8013 8014 8015 8016 8017 8018 8019 8020 8021 8022 8023 8024 8025 8026 8027 8028 8029 8030 8031
# cell 702: 8032 8033 8034 8035 8036 8037 8038 8039 8040 8041 8042 8043 8044 8045 8046 8047 8048 8049 8050 8051 8052 8053 8054 8055 8056 8057 8058 8059 8060 8061 8062 8063
# cell 703: 8064 8065 8066 8067 8068 8069 8070 8071 8072 8073 8074 8075 8076 8077 8078 8079 8080 8081 8082 8083 8084 8085 8086 8087 8088 8089 8090 8091 8092 8093 8094 8095
# cell 704: 8096 8097 8098 8099 8100 8101 8102 8103 8104 8105 8106 8107 8108 8109 8110 8111 8112 8113 8114 8115 8116 8117 8118 8119 8120 8121 8122 8123 8124 8125 8126 8127
# cell 705: 8128 8129 8130 8131 8132 8133 8134 8135 8136 8137 8138 8139 8140 8141 8142 8143 8144 8145 8146 8147 8148 8149 8150 8151 8152 8153 8154 8155 8156 8157 8158 8159
# cell 706: 8160 8161 8162 8163 8164 8165 8166 8167 8168 8169 8170 8171 8172 8173 8174 8175 8176 8177 8178 8179 8180 8181 8182 8183 8184 8185 8186 8187 8188 8189 8190 8191
# cell 707: 8192 8193 8194 8195 8196 8197 8198 8199 8200 8201 8202 8203 8204 8205 8206 8207 8208 8209 8210 8211 8212 8213 8214 8215 8216 8217 8218 8219 8220 8221 8222 8223
# cell 708: 8224 8225 8226 8227 8228 8229 8230 8231 8232 8233 8234 8235 8236 8237 8238 8239 8240 8241 8242 8243 8244 8245 8246 8247 8248 8249 8250 8251 8252 8253 8254 8255
# cell 709: 8256 8257 8258 8259 8260 8261 8262 8263 8264 8265 8266 8267 8268 8269 8270 8271 8272 8273 8274 8275 8276 8277 8278 8279 8280 8281 8282 8283 8284 8285 8286 8287
# cell 710: 8288 8289 8290 8291 8292 8293 8294 8295 8296 8297 8298 8299 8300 8301 8302 8303 8304 8305 8306 8307 8308 8309 8310 8311 8312 8313 8314 8315 8316 8317 8318 8319
# cell 711: 8320 8321 8322 8323 8324 8325 8326 8327 8328 8329 8330 8331 8332 8333 8334 8335 8336 8337 8338 8339 8340 8341 8342 8343 8344 8345 8346 8347 8348 8349 8350 8351
# cell 712: 8352 8353 8354 8355 8356 8357 8358 8359 8360 8361 8362 8363 8364 8365 8366 8367 8368 8369 8370 8371 8372 8373 8374 8375 8376 8377 8378 8379 8380 8381 8382 8383
# cell 713: 8384 8385 8386 8387 8388 8389 8390 8391 8392 8393 8394 8395 8396 8397 8398 8399 8400 8401 8402 8403 8404 8405 8406 8407 8408 8409 8410 8411 8412 8413 8414 8415
# cell 714: 8416 8417 8418 8419 8420 8421 8422 8423 8424 8425 8426 8427 8428 8429 8430 8431 8432 8433 8434 8435 8436 8437 8438 8439 8440 8441 8442 8443 8444 8445 8446 8447
# cell 715: 8448 8449 8450 8451 8452 8453 8454 8455 8456 8457 8458 8459 8460 8461 8462 8463 8464 8465 8466 8467 8468 8469 8470 8471 8472 8473 8474 8475 8476 8477 8478 8479
# cell 716: 8480 8481 8482 8483 8484 8485 8486 8487 8488 8489 8490 8491 8492 8493 8494 8495 8496 8497 8498 8499 8500 8501 8502 8503 8504 8505 8506 8507 8508 8509 8510 8511
# cell 717: 8512 8513 8514 8515 8516 8517 8518 8519 8520 8521 8522 8523 8524 8525 8526 8527 8528 8529 8530 8531 8532 8533 8534 8535 8536 8537 8538 8539 8540 8541 8542 8543
# cell 718: 8544 8545 8546 8547 8548 8549 8550 8551 8552 8553 8554 8555 8556 8557 8558 8559 8560 8561 8562 8563 8564 8565 8566 8567 8568 8569 8570 8571 8572 8573 8574 8575
# cell 719: 8576 8577 8578 8579 8580 8581 8582 8583 8584 8585 8586 8587 8588 8589 8590 8591 8592 8593 8594 8595 8596 8597 8598 8599 8600 8601 8602 8603 8604 8605 8606 8607
# cell 720: 8608 8609 8610 8611 8612 8613 8614 8615 8616 8617 8618 8619 8620 8621 8622 8623 8624 8625 8626 8627 8628 8629 8630 8631 8632 8633 8634 8635 8636 8637 8638 8639