OFF
# face-rotation BFS net; polygonal faces are preserved
# the cell decomposition is listed below as comments
3330 2784 0
-1.9999999999999976 1.951070237502241e-15 -4.181540550352054
-3.4142135623730927 0.8164965809277278 -3.026840011972802
-4.414213562373092 0.23914631173810247 -1.3938468501173498
-4.414213562373092 -1.3938468501173498 -0.23914631173809836
-3.4142135623730923 -3.1258976576862274 -0.23914631173809836
-1.9999999999999971 -3.9423942386139537 -1.3938468501173498
-0.999999999999998 -3.365043969424328 -3.0268400119728023
-0.999999999999998 -1.7320508075688756 -4.181540550352054
-0.7071067811865439 0.7464522479153914 4.519744507803583
-2.414213562373092 1.3938468501173544 3.703247926875857
-3.8284271247461867 0.5773502691896286 2.5485473884966057
-4.121320343559639 -1.224744871391587 1.7320508075688792
-3.1213203435596397 -2.9567956789604644 1.7320508075688792
-1.4142135623730916 -3.6041902811624276 2.5485473884966057
3.0705276376488544e-15 -2.7876937002347013 3.703247926875857
0.29289321881345537 -0.9855985596534863 4.519744507803583
-0.7071067811865444 4.012438571626296 2.2103434310450805
-2.414213562373092 3.0268400119728067 2.5485473884966066
-3.8284271247461867 2.2103434310450805 1.393846850117354
-4.12132034355964 2.041241452319318 -0.5773502691896234
-3.12132034355964 2.618591721508943 -2.2103434310450756
-1.4142135623730925 3.604190281162433 -2.548547388496601
2.182349217948729e-15 4.420686862090158 -1.3938468501173489
0.2928932188134549 4.58978884081592 0.5773502691896287
3.1213203435596446 -2.6185917215089387 2.2103434310450805
1.414213562373098 -3.6041902811624276 2.5485473884966057
3.384546129385609e-15 -4.420686862090154 1.393846850117354
-0.2928932188134498 -4.589788840815917 -0.5773502691896238
0.7071067811865497 -4.012438571626291 -2.210343431045076
2.414213562373097 -3.0268400119728023 -2.548547388496601
3.828427124746193 -2.210343431045076 -1.3938468501173495
4.1213203435596455 -2.041241452319313 0.5773502691896278
3.1213203435596446 2.9567956789604684 -1.7320508075688743
1.4142135623730971 3.604190281162433 -2.5485473884966003
2.496367709685484e-15 2.7876937002347058 -3.7032479268758522
-0.29289321881345026 0.9855985596534905 -4.519744507803579
0.7071067811865497 -0.7464522479153867 -4.519744507803579
2.414213562373097 -1.39384685011735 -3.7032479268758522
3.828427124746193 -0.5773502691896238 -2.548547388496601
4.1213203435596455 1.2247448713915912 -1.7320508075688745
3.414213562373097 3.125897657686231 0.23914631173810313
2.000000000000002 3.942394238613959 1.3938468501173547
1.0000000000000029 3.365043969424332 3.026840011972807
1.0000000000000029 1.7320508075688799 4.181540550352058
2.0000000000000027 2.4166615862810023e-15 4.181540550352058
3.414213562373097 -0.8164965809277238 3.026840011972807
4.4142135623730985 -0.2391463117380981 1.3938468501173542
4.4142135623730985 1.3938468501173542 0.2391463117381029
-10.74243328563523 -2.399981464629193 -1.6620355291537678
-9.466290910719831 -3.202801038786502 -0.3479041162824499
-7.661553056595466 -2.7051662068429096 0.35585781216143353
-6.385410681680071 -1.1985847042417155 0.03699606317729942
-6.385410681680071 0.4344084576137369 -1.1177044752019518
-7.661553056595468 1.2372280317710456 -2.43183588807327
-9.466290910719833 0.7395931998274534 -3.135597816517153
-10.74243328563523 -0.7669883027737407 -2.816736067533019
-9.742433285635224 -1.8226311954395666 5.068052409694891
-8.880504473092923 -2.864597081334976 3.594490122331506
-7.368659837782013 -2.5360642281171466 2.32705493146841
-6.092517462866615 -1.0294827255159529 2.008193182484277
-5.799624244053164 0.7726124150652629 2.824689763412003
-6.661553056595464 1.814578300960672 4.298252050775389
-8.173397691906377 1.4860454477428424 5.565687241638484
-9.449540066821772 -0.020536054858351527 5.884548990622617
-9.74243328563523 5.3857493668852925 -0.029042367298314442
-8.880504473092929 4.343783480989884 -1.5026046546617002
-7.368659837782015 3.0393231723522613 -1.6153393071455433
-6.092517462866618 2.2365035981949526 -0.301207894274226
-5.799624244053165 2.405605576920715 1.6699892250327517
-6.661553056595465 3.447571462816124 3.1435515123961375
-8.173397691906377 4.752031771453747 3.256286164879981
-9.449540066821775 5.554851345611055 1.9421547520086633
-13.059015775070502 -1.0158057187455372 4.477025133734851
-11.547171139759591 -2.3202660273831595 4.3642904812510075
-10.685242327217289 -3.3622319132785687 2.8907281938876226
-10.978135546030742 -3.5313338920043327 0.919531074580644
-12.25427792094614 -2.7285143178470226 -0.394600338290674
-13.766122556257052 -1.4240540092094003 -0.28186568580683025
-14.628051368799355 -0.3820881233139908 1.1916966015565558
-14.3351581499859 -0.21298614458822795 3.1628937208635333
-13.059015775070506 4.55958168172387 0.5346308951208966
-11.547171139759595 4.8881145349417 -0.7328042957421976
-10.685242327217294 3.84614864904629 -2.2063665831055834
-10.978135546030746 2.0440535084650744 -3.0228631640333106
-12.254277920946144 0.5374720058638813 -2.7040014150491762
-13.766122556257052 0.20893915264605178 -1.4365662241860813
-14.628051368799357 1.2509050385414613 0.03699606317730475
-14.335158149985903 3.0530001791226757 0.8534926441050309
-12.766122556257052 4.728683660449633 2.5058280144278737
-10.961384702132687 5.226318492393226 3.209589942871757
-9.68524232721729 4.423498918235916 4.523721355743074
-9.685242327217289 2.7905057563804636 5.678421894122326
-10.961384702132685 1.2839242537792703 5.99728364310646
-12.766122556257049 0.7862894218356775 5.293521714662576
-14.042264931172449 1.5891089959929867 3.97939030179126
-14.04226493117245 3.222102157848439 2.8246897634120076
-4.092638955843119 -8.56784500821083 -3.135597816517155
-2.7593056225097854 -7.25371359533951 -2.4318358880732713
-2.8164965809277227 -5.747132092738317 -1.1177044752019525
-4.230710143300818 -4.930635511810592 0.036996063177298755
-6.17351918488288 -5.282516476032534 0.355857812161432
-7.506852518216213 -6.596647888903853 -0.3479041162824519
-7.449661559798276 -8.103229391505046 -1.6620355291537707
-6.035447997425182 -8.919725972432772 -2.8167360675330215
-2.7997457370296654 -7.821392760295441 5.56568724163848
-1.759305622509785 -6.676363326149885 4.298252050775388
-2.2307101433008167 -5.408928135286792 2.824689763412003
-3.937816924487365 -4.761533533084828 2.0081931824842756
-5.880625966069428 -5.113414497306771 2.3270549314684095
-6.921066080589307 -6.258443931452327 3.5944901223315036
-6.449661559798276 -7.52587912231542 5.0680524096948885
-4.742554778611729 -8.173273724517383 5.884548990622615
-0.20702087267899216 -11.130069403477851 -0.029042367298317995
-0.678425393470024 -9.862634212614756 -1.5026046546617027
-1.052198841323238 -7.901108197541474 -1.6153393071455449
-1.1093897997411744 -6.39452669494028 -0.3012078942742267
-0.8164965809277218 -6.225424716214518 1.6699892250327515
-0.3450920601366896 -7.4928599070776105 3.1435515123961366
0.028681387716524398 -9.454385922150895 3.2562861648799784
0.08587234613446171 -10.960967424752088 1.9421547520086597
-7.644923705673911 -12.477220031586977 1.1916966015565502
-8.116328226464944 -11.209784840723884 -0.28186568580683447
-8.490101674318158 -9.248258825650602 -0.3946003382906771
-8.547292632736093 -7.741677323049408 0.9195310745806414
-8.254399413922641 -7.572575344323645 2.8907281938876195
-7.78299489313161 -8.840010535186739 4.364290481251005
-7.409221445278394 -10.801536550260021 4.477025133734846
-7.352030486860459 -12.308118052861214 3.1628937208635284
-2.5807943205322057 -13.589230250494726 0.5346308951208913
-1.5403542060123252 -12.444200816349168 -0.7328042957422018
-2.011758726803357 -11.176765625486075 -2.206366583105587
-3.7188655079899045 -10.529371023284112 -3.0228631640333132
-5.661674549571967 -10.881251987506054 -2.70400141504918
-6.702114664091848 -12.026281421651609 -1.4365662241860864
-6.230710143300816 -13.293716612514704 0.036996063177298755
-4.523603362114269 -13.941111214716667 0.8534926441050249
-2.287901101718753 -13.420128271768963 2.505828014427869
-0.9545677683854201 -12.105996858897644 3.2095899428717525
-1.011758726803356 -10.59941535629645 4.523721355743071
-2.4259722891764515 -9.782918775368723 5.678421894122323
-4.368781330758514 -10.134799739590665 5.9972836431064565
-5.702114664091847 -11.448931152461984 5.293521714662572
-5.644923705673911 -12.955512655063178 3.9793903017912537
-4.230710143300817 -13.772009235990906 2.8246897634120023
-4.092638955843119 -0.10032163610707201 -9.123041012787306
-2.7593056225097867 0.12514766886061146 -7.64947872542392
-2.8164965809277236 0.8619288125423044 -5.791016258600784
-4.230710143300818 1.6784253934700302 -4.636315720221534
-6.17351918488288 2.0963447881675887 -4.861785025189216
-7.506852518216213 1.8708754831999062 -6.335347312552601
-7.449661559798276 1.1340943395182137 -8.193809779375739
-6.035447997425182 0.31759775859048744 -9.34851031775499
-2.7997457370296663 7.854511174133176 -5.518850731624875
-1.7593056225097854 6.277885338519647 -4.8617850251892145
-2.2307101433008176 4.466119093704734 -4.158023096745332
-3.9378169244873655 3.480520534051246 -3.8198191392938057
-5.880625966069427 3.8984399287488047 -4.04528844426149
-6.921066080589309 5.475065764362337 -4.702354150697149
-6.449661559798276 7.286832009177248 -5.406116079141032
-4.74255477861173 8.272430568830735 -5.744320036592558
-0.20702087267899305 3.6826417280148167 -10.50321085613424
-0.6784253934700248 1.8708754831999057 -9.799448927690356
-1.0521988413232393 1.1107462285140999 -7.987682682875445
-1.1093897997411757 1.8475273721957923 -6.129220216052309
-0.8164965809277227 3.6496225127770083 -5.312723635124583
-0.34509206013669047 5.46138875759192 -6.016485563568466
0.02868138771652351 6.221518012277725 -7.828251808383377
0.08587234613445993 5.484736868596032 -9.686714275206512
-7.6449237056739126 5.282615674632462 -11.36640365907019
-8.116328226464944 3.470849429817551 -10.662641730626307
-8.490101674318158 2.710720175131745 -8.850875485811397
-8.547292632736095 3.447501318813438 -6.992413018988261
-8.254399413922641 5.249596459394653 -6.1759164380605345
-7.78299489313161 7.061362704209565 -6.879678366504418
-7.409221445278396 7.82149195889537 -8.691444611319328
-7.35203048686046 7.084710815213676 -10.549907078142464
-2.5807943205322066 5.033798258660665 -12.633838849933284
-1.540354206012326 3.4571724230471337 -11.976773143497624
-2.011758726803358 1.6454061782322227 -11.273011215053742
-3.7188655079899053 0.6598076185787334 -10.934807257602216
-5.661674549571969 1.0777270132762924 -11.1602765625699
-6.702114664091848 2.6543528488898245 -11.81734226900556
-6.230710143300817 4.466119093704736 -12.521104197449443
-4.52360336211427 5.451717653358225 -12.859308154900967
-2.287901101718754 6.835893399241881 -11.817342269005557
-0.9545677683854206 7.061362704209563 -10.343779981642172
-1.0117587268033574 7.7981438478912555 -8.485317514819036
-2.4259722891764524 8.614640428818984 -7.330616976439784
-4.368781330758516 9.032559823516541 -7.5560862814074685
-5.702114664091847 8.807090518548858 -9.029648568770853
-5.644923705673912 8.070309374867165 -10.88811103559399
-4.230710143300818 7.25381279393944 -12.04281157397324
-2.1332005633395026 -3.494168486224423 -9.123041012787303
-1.2712717507972018 -2.452202600329014 -7.649478725423917
-0.6617960425484721 -2.8701219950265733 -5.791016258600781
-0.6617960425484721 -4.503115156882026 -4.63631572022153
-1.271271750797201 -6.394596838942971 -4.861785025189214
-2.1332005633395017 -7.436562724838379 -6.335347312552599
-2.742676271588231 -7.018643330140821 -8.193809779375735
-2.742676271588232 -5.385650168285368 -9.348510317754986
5.402333342593236 -6.351906519471465 -5.518850731624872
4.557155373948989 -4.662546031374092 -4.861785025189212
2.7524175198246232 -4.164911199430501 -4.158023096745328
1.0453107386380758 -5.150509759083988 -3.819819139293803
0.43583503038934635 -7.041991441144933 -4.045288444261488
1.2810129990335941 -8.731351929242306 -4.702354150697147
3.0857508531579603 -9.228986761185897 -5.406116079141031
4.792857634344505 -8.24338820153241 -5.744320036592557
5.402333342593236 -3.0859201957605595 -7.8282518083833725
4.557155373948989 -3.029552869518639 -6.016485563568463
2.7524175198246232 -2.5319180375750476 -5.312723635124579
1.0453107386380753 -1.884523435373084 -6.129220216052304
0.4358350303893459 -1.4666040406755245 -7.987682682875441
1.2810129990335926 -1.522971366917445 -9.799448927690353
3.0857508531579585 -2.020606198861037 -10.503210856134237
4.792857634344505 -2.668000801063 -9.68671427520651
0.752417519824627 -9.262005976423705 -11.36640365907019
-1.052320334299738 -8.764371144480114 -10.662641730626305
-1.8974983029439851 -8.708003818238195 -8.850875485811395
-1.288022594695256 -9.125923212935753 -6.99241301898826
0.4190841864912933 -9.773317815137716 -6.175916438060533
2.2238220406156572 -10.270952647081309 -6.879678366504418
3.0690000092599035 -10.327319973323227 -8.691444611319328
2.4595243010111747 -9.909400578625668 -10.549907078142464
0.7524175198246269 -7.629012814568252 -12.521104197449441
-1.052320334299738 -7.131377982624661 -11.817342269005557
-1.8974983029439851 -5.442017494527288 -11.160276562569896
-1.2880225946952564 -3.5505358124663435 -10.93480725760221
0.41908418649129175 -2.5649372528128542 -11.273011215053739
2.223822040615657 -3.0625720847564466 -11.97677314349762
3.069000009259903 -4.7519325728538195 -12.63383884993328
2.4595243010111743 -6.643414254914763 -12.859308154900965
4.77610679044645 -5.399327175055782 -11.817342269005556
5.638035602988751 -4.357361289160373 -10.343779981642168
6.247511311237481 -4.775280683857932 -8.485317514819034
6.247511311237481 -6.408273845713385 -7.3306169764397815
5.638035602988751 -8.29975552777433 -7.556086281407467
4.776106790446452 -9.341721413669738 -9.029648568770853
4.166631082197722 -8.923802018972179 -10.888111035593989
4.166631082197721 -7.290808857116726 -12.042811573973239
-1.2810129990335837 1.522971366917453 9.799448927690362
-0.4358350303893386 1.4666040406755316 7.98768268287545
-1.0453107386380691 1.8845234353730893 6.129220216052315
-2.7524175198246166 2.531918037575054 5.3127236351245894
-4.55715537394898 3.029552869518646 6.016485563568473
-5.402333342593225 3.085920195760567 7.828251808383385
-4.792857634344495 2.6680008010630094 9.68671427520652
-3.0857508531579487 2.0206061988610453 10.503210856134245
-1.281012999033584 8.731351929242312 4.702354150697154
-0.4358350303893386 7.04199144114494 4.0452884442614945
-1.0453107386380693 5.150509759083994 3.819819139293812
-2.7524175198246166 4.164911199430506 4.158023096745338
-4.557155373948982 4.662546031374098 4.8617850251892225
-5.402333342593226 6.351906519471472 5.518850731624882
-4.792857634344495 8.243388201532417 5.744320036592565
-3.0857508531579487 9.228986761185904 5.406116079141039
2.7426762715882425 5.385650168285373 9.348510317754993
2.133200563339511 3.4941684862244284 9.12304101278731
1.2712717507972093 2.452202600329019 7.649478725423926
0.6617960425484788 2.8701219950265786 5.79101625860079
0.6617960425484783 4.503115156882031 4.636315720221537
1.2712717507972089 6.394596838942975 4.861785025189221
2.1332005633395115 7.436562724838385 6.335347312552606
2.7426762715882425 7.018643330140825 8.19380977937574
-4.166631082197708 7.290808857116735 12.04281157397325
-4.776106790446438 5.399327175055791 11.817342269005566
-5.638035602988741 4.357361289160382 10.34377998164218
-6.247511311237471 4.77528068385794 8.485317514819045
-6.2475113112374725 6.408273845713393 7.330616976439792
-5.63803560298874 8.299755527774337 7.556086281407476
-4.776106790446438 9.341721413669747 9.029648568770861
-4.166631082197708 8.923802018972188 10.888111035593997
1.0523203342997522 7.1313779826246675 11.817342269005565
1.8974983029439976 5.442017494527294 11.160276562569905
1.2880225946952661 3.5505358124663506 10.934807257602221
-0.4190841864912811 2.5649372528128622 11.273011215053746
-2.223822040615646 3.0625720847564546 11.976773143497631
-3.0690000092598906 4.751932572853828 12.63383884993329
-2.4595243010111596 6.643414254914772 12.859308154900974
-0.7524175198246126 7.629012814568259 12.521104197449448
1.0523203342997518 8.76437114448012 10.662641730626312
1.8974983029439971 8.708003818238197 8.850875485811402
1.2880225946952661 9.125923212935758 6.992413018988264
-0.4190841864912813 9.77331781513772 6.17591643806054
-2.223822040615646 10.270952647081312 6.879678366504424
-3.0690000092598915 10.327319973323235 8.691444611319335
-2.4595243010111605 9.909400578625675 10.549907078142471
-0.7524175198246126 9.262005976423712 11.366403659070198
-7.41421356237309 -3.125897657686224 -8.60222741244221
-8.828427124746185 -2.309401076758497 -7.447526874062958
-9.828427124746185 -2.8867513459481233 -5.814533712207506
-9.828427124746185 -4.519744507803575 -4.659833173828255
-8.828427124746185 -6.251795315372454 -4.659833173828255
-7.4142135623730905 -7.068291896300179 -5.814533712207508
-6.4142135623730905 -6.490941627110554 -7.447526874062959
-6.4142135623730905 -4.8579484652551015 -8.60222741244221
-14.949747468305826 -7.476540186764041 -7.109322916611433
-14.656854249492374 -5.674445046182826 -6.292826335683706
-13.242640687119279 -4.857948465255101 -5.138125797304456
-11.535533905932732 -5.505343067457064 -4.32162921637673
-10.535533905932732 -7.2373938750259414 -4.32162921637673
-10.828427124746185 -9.039489015607156 -5.138125797304456
-12.24264068711928 -9.855985596534882 -6.292826335683708
-13.949747468305828 -9.20859099433292 -7.109322916611434
-14.949747468305826 -4.210553863053136 -9.418723993369936
-14.656854249492374 -4.041451884327374 -7.447526874062958
-13.242640687119279 -3.224955303399648 -6.292826335683706
-11.535533905932732 -2.239356743746159 -6.6310302931352325
-10.535533905932732 -1.6620064745565335 -8.264023454990683
-10.828427124746185 -1.8311084532822965 -10.23522057429766
-12.24264068711928 -2.647605034210022 -11.389921112676912
-13.949747468305826 -3.633203593863511 -11.051717155225388
-11.121320343559638 -10.841584156188372 -9.418723993369937
-10.828427124746186 -10.672482177462609 -7.44752687406296
-9.41421356237309 -9.855985596534884 -6.292826335683708
-7.707106781186543 -8.870387036881395 -6.6310302931352325
-6.7071067811865435 -8.293036767691769 -8.264023454990685
-6.9999999999999964 -8.462138746417532 -10.235220574297662
-8.414213562373092 -9.278635327345256 -11.389921112676914
-10.121320343559638 -10.264233886998746 -11.051717155225388
-11.121320343559638 -5.266196755718964 -13.361118231983891
-10.828427124746186 -3.464101615137748 -12.544621651056165
-9.41421356237309 -2.647605034210023 -11.389921112676914
-7.707106781186543 -3.294999636411986 -10.573424531749186
-6.7071067811865435 -5.027050443980864 -10.573424531749188
-6.9999999999999964 -6.829145584562078 -11.389921112676914
-8.414213562373092 -7.645642165489805 -12.544621651056165
-10.121320343559638 -6.9982475632878405 -13.361118231983891
-12.828427124746185 -6.251795315372451 -13.022914274532365
-14.24264068711928 -5.435298734444725 -11.868213736153114
-15.24264068711928 -6.01264900363435 -10.23522057429766
-15.24264068711928 -7.645642165489802 -9.08052003591841
-14.24264068711928 -9.37769297305868 -9.080520035918411
-12.828427124746185 -10.194189553986408 -10.235220574297664
-11.828427124746186 -9.616839284796782 -11.868213736153116
-11.828427124746186 -7.983846122941329 -13.022914274532367
0.6784253934700337 -1.8708754831999044 9.799448927690362
1.0521988413232477 -1.110746228514098 7.98768268287545
1.1093897997411828 -1.84752737219579 6.129220216052316
0.8164965809277298 -3.6496225127770043 5.312723635124588
0.34509206013669846 -5.461388757591916 6.01648556356847
-0.028681387716515516 -6.221518012277722 7.828251808383381
-0.08587234613445016 -5.4847368685960305 9.686714275206517
0.20702087267900193 -3.682641728014815 10.503210856134244
6.921066080589316 -5.475065764362332 4.7023541506971505
5.880625966069435 -3.8984399287488003 4.045288444261493
3.9378169244873718 -3.4805205340512417 3.81981913929381
2.2307101433008243 -4.46611909370473 4.158023096745334
1.7593056225097934 -6.277885338519642 4.861785025189217
2.7997457370296743 -7.854511174133173 5.518850731624876
4.742554778611738 -8.272430568830732 5.744320036592558
6.449661559798284 -7.286832009177243 5.406116079141034
7.506852518216223 -1.8708754831999035 6.335347312552605
6.173519184882888 -2.096344788167586 4.861785025189219
4.230710143300824 -1.6784253934700266 4.636315720221536
2.81649658092773 -0.8619288125423008 5.79101625860079
2.7593056225097943 -0.12514766886060968 7.649478725423926
4.092638955843128 0.10032163610707379 9.123041012787311
6.035447997425192 -0.31759775859048567 9.348510317754995
7.449661559798285 -1.1340943395182115 8.19380977937574
4.230710143300827 -7.253812793939438 12.042811573973243
2.287901101718764 -6.835893399241879 11.817342269005561
0.9545677683854299 -7.061362704209563 10.343779981642175
1.0117587268033663 -7.798143847891252 8.48531751481904
2.4259722891764612 -8.61464042881898 7.330616976439786
4.368781330758524 -9.032559823516538 7.556086281407469
5.702114664091858 -8.807090518548854 9.029648568770854
5.644923705673923 -8.070309374867165 10.88811103559399
4.5236033621142795 -5.451717653358223 12.859308154900972
2.5807943205322172 -5.033798258660664 12.633838849933287
1.5403542060123363 -3.4571724230471323 11.97677314349763
2.0117587268033676 -1.6454061782322214 11.273011215053746
3.7188655079899156 -0.6598076185787325 10.93480725760222
5.661674549571977 -1.0777270132762915 11.160276562569905
6.702114664091859 -2.6543528488898236 11.817342269005561
6.230710143300828 -4.466119093704735 12.521104197449445
8.116328226464953 -3.470849429817549 10.662641730626309
8.490101674318167 -2.710720175131743 8.8508754858114
8.547292632736102 -3.447501318813435 6.9924130189882625
8.25439941392265 -5.249596459394649 6.175916438060536
7.782994893131619 -7.061362704209561 6.87967836650442
7.409221445278405 -7.821491958895368 8.691444611319328
7.352030486860469 -7.084710815213675 10.549907078142466
7.644923705673923 -5.28261567463246 11.366403659070194
-4.535533905932734 -1.463891183129689 10.77153982317604
-6.242640687119281 -0.8164965809277258 9.955043242248314
-7.656854249492376 -1.6329931618554516 8.800342703869061
-7.949747468305827 -3.4350883024366663 7.983846122941334
-6.949747468305828 -5.167139110005543 7.983846122941333
-5.242640687119279 -5.814533712207507 8.80034270386906
-3.8284271247461854 -4.998037131279781 9.955043242248312
-3.535533905932734 -3.195941990698566 10.771539823176038
-12.071067811865468 -5.814533712207512 12.264444319006813
-12.07106781186547 -4.181540550352058 11.109743780627563
-11.07106781186547 -3.604190281162431 9.476750618772112
-9.656854249492376 -4.420686862090156 8.32205008039286
-8.656854249492374 -6.152737669659033 8.322050080392858
-8.656854249492373 -7.785730831514487 9.476750618772108
-9.656854249492373 -8.363081100704115 11.10974378062756
-11.071067811865468 -7.546584519776388 12.264444319006811
-11.485281374238564 -2.210343431045082 13.897437480862267
-11.778174593052018 -2.379445409770844 11.92624036155529
-10.778174593052018 -1.802095140581217 10.293247199699838
-9.07106781186547 -0.8164965809277267 9.955043242248314
-7.656854249492376 -8.881784197001252e-16 11.109743780627564
-7.363961030678923 0.16910197872576038 13.080940899934543
-8.363961030678922 -0.4082482904638667 14.713934061789995
-10.071067811865472 -1.3938468501173564 15.05213801924152
-7.656854249492373 -8.841373724180315 13.897437480862264
-7.949747468305825 -9.010475702906078 11.926240361555285
-6.949747468305826 -8.43312543371645 10.293247199699834
-5.242640687119279 -7.447526874062959 9.955043242248308
-3.828427124746184 -6.631030293135234 11.10974378062756
-3.5355339059327324 -6.461928314409471 13.08094089993454
-4.5355339059327315 -7.039278583599099 14.713934061789992
-6.2426406871192786 -8.02487714325259 15.052138019241516
-6.656854249492376 -2.688636054521283 16.68513118109697
-6.656854249492376 -1.05564289266583 15.53043064271772
-5.656854249492377 -0.47829262347620194 13.89743748086227
-4.242640687119282 -1.2947892044039273 12.742736942483017
-3.242640687119281 -3.026840011972805 12.742736942483017
-3.2426406871192803 -4.6598331738282575 13.897437480862267
-4.24264068711928 -5.2371834430178845 15.530430642717718
-5.656854249492375 -4.42068686209016 16.68513118109697
-8.363961030678924 -3.6742346141747726 17.023335138548497
-10.07106781186547 -3.0268400119728094 16.20683855762077
-11.485281374238566 -3.843336592900535 15.052138019241518
-11.778174593052018 -5.645431733481749 14.23564143831379
-10.778174593052015 -7.377482541050627 14.23564143831379
-9.071067811865468 -8.024877143252592 15.052138019241514
-7.656854249492374 -7.208380562324864 16.206838557620767
-7.363961030678922 -5.406285421743649 17.023335138548497
0.6784253934700328 9.862634212614763 1.502604654661707
1.052198841323246 7.9011081975414825 1.615339307145549
1.1093897997411815 6.394526694940288 0.30120789427423156
0.816496580927728 6.225424716214524 -1.669989225032746
0.34509206013669713 7.492859907077617 -3.1435515123961317
-0.028681387716515516 9.454385922150898 -3.256286164879974
-0.08587234613445105 10.960967424752093 -1.9421547520086562
0.20702087267900193 11.130069403477856 0.029042367298321103
6.9210660805893145 6.258443931452328 -3.5944901223314996
5.880625966069434 5.113414497306775 -2.327054931468405
3.9378169244873704 4.761533533084834 -2.008193182484271
2.2307101433008225 5.408928135286796 -2.824689763411997
1.7593056225097916 6.676363326149889 -4.298252050775384
2.799745737029673 7.821392760295444 -5.565687241638477
4.742554778611736 8.173273724517387 -5.88454899062261
6.449661559798283 7.5258791223154216 -5.068052409694885
7.506852518216221 6.596647888903856 0.34790411628245566
6.173519184882887 5.282516476032538 -0.355857812161428
4.230710143300823 4.930635511810597 -0.036996063177293204
2.816496580927728 5.747132092738324 1.117704475201958
2.7593056225097925 7.253713595339519 2.4318358880732753
4.092638955843126 8.567845008210838 3.135597816517159
6.035447997425192 8.919725972432778 2.8167360675330255
7.449661559798285 8.103229391505051 1.662035529153774
4.230710143300827 13.772009235990907 -2.8246897634120005
2.287901101718764 13.420128271768966 -2.5058280144278666
0.9545677683854294 12.105996858897647 -3.2095899428717507
1.0117587268033654 10.599415356296452 -4.523721355743068
2.4259722891764595 9.782918775368728 -5.6784218941223195
4.368781330758523 10.134799739590667 -5.997283643106455
5.702114664091857 11.448931152461986 -5.293521714662571
5.644923705673921 12.955512655063181 -3.979390301791252
4.52360336211428 13.94111121471667 -0.8534926441050228
2.5807943205322164 13.58923025049473 -0.5346308951208888
1.5403542060123359 12.444200816349174 0.7328042957422047
2.0117587268033668 11.176765625486082 2.2063665831055905
3.718865507989914 10.529371023284119 3.0228631640333163
5.661674549571977 10.88125198750606 2.704001415049183
6.702114664091858 12.026281421651614 1.4365662241860893
6.230710143300827 13.293716612514707 -0.036996063177296756
8.116328226464953 11.209784840723888 0.28186568580683735
8.490101674318167 9.248258825650606 0.3946003382906802
8.547292632736102 7.7416773230494105 -0.9195310745806381
8.254399413922648 7.572575344323647 -2.8907281938876155
7.782994893131617 8.84001053518674 -4.364290481251
7.409221445278403 10.801536550260023 -4.477025133734843
7.3520304868604685 12.308118052861216 -3.1628937208635257
7.644923705673921 12.47722003158698 -1.191696601556548
-4.535533905932737 10.643468864761527 2.210343431045079
-6.242640687119283 9.65787030510804 2.548547388496605
-7.656854249492379 8.841373724180315 1.393846850117353
-7.949747468305831 8.672271745454552 -0.5773502691896244
-6.949747468305833 9.249622014644174 -2.2103434310450765
-5.242640687119285 10.235220574297664 -2.5485473884966017
-3.8284271247461894 11.05171715522539 -1.39384685011735
-3.535533905932737 11.220819133951153 0.5773502691896276
-12.071067811865474 13.50120689800857 -1.39384685011735
-12.071067811865476 11.868213736153118 -0.23914631173809847
-11.071067811865476 10.136162928584241 -0.23914631173809886
-9.65685424949238 9.319666347656515 -1.3938468501173507
-8.65685424949238 9.897016616846141 -3.0268400119728027
-8.65685424949238 11.530009778701592 -4.181540550352053
-9.65685424949238 13.262060586270469 -4.181540550352054
-11.071067811865472 14.078557167198197 -3.0268400119728023
-11.485281374238568 13.839410855460097 2.5485473884966052
-11.778174593052022 12.037315714878883 1.732050807568879
-10.778174593052022 10.305264907310004 1.7320508075688787
-9.071067811865474 9.657870305108041 2.548547388496605
-7.656854249492379 10.474366886035765 3.703247926875856
-7.363961030678925 12.276462026616981 4.519744507803583
-8.363961030678926 14.008512834185858 4.519744507803583
-10.071067811865472 14.655907436387823 3.7032479268758567
-7.656854249492376 16.049754286505173 -3.7032479268758527
-7.94974746830583 14.247659145923958 -4.519744507803579
-6.949747468305832 12.51560833835508 -4.519744507803579
-5.242640687119286 11.868213736153116 -3.703247926875853
-3.8284271247461885 12.684710317080842 -2.5485473884966017
-3.535533905932735 14.486805457662056 -1.732050807568875
-4.535533905932735 16.218856265230933 -1.7320508075688752
-6.242640687119281 16.866250867432896 -2.5485473884966012
-6.656854249492375 16.6271045556948 3.0268400119728063
-6.656854249492376 14.994111393839347 4.181540550352057
-5.656854249492376 13.262060586270469 4.181540550352058
-4.242640687119284 12.445564005342742 3.0268400119728054
-3.242640687119283 13.022914274532367 1.3938468501173538
-3.242640687119282 14.65590743638782 0.2391463117381026
-4.242640687119282 16.387958243956696 0.23914631173810275
-5.656854249492376 17.204454824884422 1.3938468501173542
-8.363961030678924 17.274499157896763 2.21034343104508
-10.07106781186547 16.288900598243274 2.5485473884966057
-11.485281374238568 15.472404017315547 1.393846850117354
-11.77817459305202 15.303302038589786 -0.5773502691896236
-10.778174593052018 15.88065230777941 -2.210343431045076
-9.071067811865472 16.8662508674329 -2.5485473884966012
-7.656854249492377 17.682747448360622 -1.3938468501173495
-7.363961030678924 17.851849427086385 0.5773502691896282
8.880504473092937 -4.343783480989877 1.5026046546617047
7.368659837782024 -3.0393231723522565 1.6153393071455477
6.092517462866626 -2.2365035981949477 0.30120789427423067
5.799624244053173 -2.4056055769207108 -1.6699892250327473
6.661553056595474 -3.4475714628161187 -3.143551512396133
8.173397691906386 -4.752031771453741 -3.2562861648799766
9.449540066821784 -5.554851345611049 -1.942154752008659
9.742433285635238 -5.385749366885287 0.02904236729831844
8.880504473092927 2.864597081334983 -3.5944901223315
7.368659837782016 2.5360642281171524 -2.327054931468406
6.092517462866621 1.029482725515957 -2.008193182484272
5.799624244053169 -0.7726124150652579 -2.8246897634119983
6.661553056595471 -1.8145783009606666 -4.2982520507753845
8.173397691906382 -1.4860454477428362 -5.565687241638479
9.449540066821777 0.020536054858358632 -5.884548990622614
9.74243328563523 1.8226311954395744 -5.068052409694887
9.466290910719836 3.2028010387865082 0.34790411628245477
7.66155305659547 2.7051662068429145 -0.35585781216142864
6.385410681680074 1.1985847042417201 -0.03699606317729409
6.385410681680076 -0.43440845761373237 1.1177044752019571
7.661553056595476 -1.2372280317710411 2.4318358880732744
9.466290910719842 -0.7395931998274474 3.135597816517157
10.742433285635236 0.7669883027737472 2.8167360675330237
10.742433285635235 2.3999814646291995 1.6620355291537723
14.042264931172458 -3.22210215784843 -2.824689763412004
12.766122556257063 -4.728683660449625 -2.5058280144278697
10.961384702132696 -5.2263184923932196 -3.2095899428717534
9.6852423272173 -4.42349891823591 -4.523721355743071
9.685242327217297 -2.790505756380458 -5.678421894122321
10.96138470213269 -1.283924253779263 -5.9972836431064565
12.766122556257056 -0.7862894218356691 -5.293521714662573
14.042264931172454 -1.5891089959929778 -3.979390301791255
14.33515814998591 -3.053000179122667 -0.8534926441050262
13.059015775070515 -4.559581681723863 -0.5346308951208921
11.547171139759604 -4.888114534941693 0.7328042957422016
10.685242327217303 -3.8461486490462837 2.2063665831055883
10.978135546030755 -2.044053508465069 3.0228631640333146
12.25427792094615 -0.5374720058638742 2.7040014150491802
13.766122556257061 -0.20893915264604312 1.4365662241860861
14.628051368799362 -1.2509050385414522 -0.03699606317730009
14.335158149985906 0.2129861445882375 -3.1628937208635284
13.059015775070508 1.0158057187455463 -4.477025133734847
11.547171139759595 2.320266027383168 -4.364290481251003
10.685242327217292 3.3622319132785767 -2.8907281938876173
10.978135546030746 3.53133389200434 -0.9195310745806393
12.254277920946144 2.728514317847031 0.394600338290678
13.76612255625706 1.4240540092094094 0.28186568580683513
14.62805136879936 0.3820881233140003 -1.191696601556551
6.949747468305832 -9.249622014644174 2.2103434310450747
5.242640687119286 -10.235220574297664 2.5485473884966003
3.8284271247461907 -11.051717155225388 1.3938468501173482
3.5355339059327378 -11.22081913395115 -0.5773502691896295
4.535533905932736 -10.643468864761523 -2.210343431045081
6.242640687119282 -9.657870305108036 -2.548547388496606
7.656854249492379 -8.84137372418031 -1.393846850117355
7.949747468305832 -8.672271745454548 0.5773502691896222
5.656854249492379 -17.20445482488442 -1.3938468501173598
4.242640687119284 -16.387958243956696 -0.23914631173810735
3.2426406871192857 -14.655907436387816 -0.2391463117381059
3.2426406871192848 -13.022914274532365 -1.3938468501173567
4.242640687119282 -12.445564005342739 -3.0268400119728085
5.656854249492377 -13.262060586270463 -4.181540550352061
6.656854249492377 -14.99411139383934 -4.181540550352062
6.656854249492378 -16.627104555694793 -3.0268400119728116
6.242640687119286 -16.866250867432896 2.5485473884965955
4.535533905932738 -16.218856265230933 1.73205080756887
3.5355339059327378 -14.486805457662054 1.7320508075688716
3.8284271247461907 -12.684710317080842 2.548547388496599
5.242640687119285 -11.868213736153116 3.70324792687585
6.949747468305834 -12.51560833835508 4.519744507803575
7.9497474683058345 -14.247659145923958 4.519744507803575
7.6568542494923815 -16.04975428650517 3.7032479268758474
10.071067811865472 -14.655907436387816 -3.703247926875862
8.363961030678924 -14.008512834185852 -4.519744507803587
7.363961030678925 -12.276462026616974 -4.519744507803587
7.656854249492376 -10.47436688603576 -3.703247926875859
9.071067811865474 -9.657870305108036 -2.548547388496608
10.77817459305202 -10.305264907309999 -1.7320508075688825
11.77817459305202 -12.037315714878877 -1.7320508075688836
11.485281374238568 -13.839410855460091 -2.5485473884966106
11.071067811865476 -14.078557167198195 3.026840011972797
9.656854249492381 -13.262060586270469 4.181540550352049
8.656854249492381 -11.530009778701592 4.18154055035205
8.65685424949238 -9.89701661684614 3.0268400119727996
9.65685424949238 -9.319666347656511 1.3938468501173473
11.071067811865476 -10.136162928584238 0.23914631173809522
12.071067811865474 -11.868213736153116 0.2391463117380942
12.071067811865476 -13.501206898008567 1.3938468501173447
10.778174593052022 -15.880652307779409 2.2103434310450694
9.071067811865476 -16.866250867432896 2.548547388496595
7.656854249492381 -17.682747448360622 1.393846850117343
7.363961030678927 -17.851849427086382 -0.5773502691896346
8.363961030678926 -17.274499157896756 -2.2103434310450867
10.071067811865472 -16.28890059824327 -2.548547388496612
11.485281374238568 -15.472404017315544 -1.3938468501173602
11.77817459305202 -15.303302038589782 0.5773502691896175
-19.013462050479422 -1.5806728275557087 5.4102332150859125
-17.306355269292876 -0.5950742679022203 5.0720292576343855
-16.306355269292876 -0.017723998712594558 3.4390360957789325
-16.59924848810633 -0.18682597743835716 1.467838976471955
-18.013462050479426 -1.003322558366083 0.31313843809270514
-19.720568831665975 -1.9889211180195714 0.651342395544233
-20.720568831665975 -2.5662713872091976 2.284335557399686
-20.427675612852518 -2.3971694084834336 4.255532676706663
-19.013462050479426 5.627707734769151 0.3131384380927078
-17.306355269292876 4.980313132567188 1.1296350190204314
-16.30635526929288 3.2482623249983096 1.12963501902043
-16.59924848810633 1.446167184417095 0.3131384380927038
-18.01346205047943 0.6296706034893689 -0.8415621002865463
-19.72056883166598 1.2770652056913332 -1.6580586812142704
-20.720568831665975 3.0091160132602104 -1.6580586812142686
-20.42767561285252 4.811211153841426 -0.8415621002865419
-18.427675612852514 5.965911692220677 4.255532676706661
-17.013462050479422 5.149415111292949 3.1008321383274082
-16.013462050479422 3.4173643037240726 3.1008321383274073
-16.013462050479422 1.7843711418686203 4.255532676706659
-17.013462050479422 1.2070208726789946 5.888525838562112
-18.427675612852514 2.023517453606721 7.043226376941365
-19.42767561285251 3.755568261175599 7.043226376941367
-19.427675612852514 5.388561423031051 5.888525838562115
-24.841889175225617 0.6296706034893713 2.622539514851217
-23.841889175225617 -1.1023802040795072 2.622539514851215
-22.42767561285252 -1.9188767850072335 1.467838976471962
-21.42767561285252 -1.3415265158176077 -0.16515418538349147
-21.427675612852525 0.29146664603784456 -1.3198547237627425
-22.427675612852525 2.023517453606722 -1.3198547237627407
-23.841889175225617 2.8400140345344487 -0.16515418538348792
-24.841889175225617 2.2626637653448234 1.4678389764719655
-24.54899595641216 0.7987725822151341 4.593736634158194
-23.54899595641216 -0.9332782253537442 4.5937366341581924
-21.841889175225614 -1.5806728275557083 5.410233215085916
-20.427675612852514 -0.7641762466279824 6.564933753465167
-20.13478239403906 1.0379188939532327 7.381430334392892
-21.13478239403906 2.7699697015221103 7.381430334392894
-22.84188917522561 3.4173643037240744 6.564933753465169
-24.256102737598706 2.600867722796349 5.4102332150859205
-24.548995956412163 4.064758905926038 2.2843355573996913
-23.548995956412163 4.642109175115664 0.6513423955442383
-21.841889175225614 5.627707734769152 0.3131384380927109
-20.427675612852518 6.4442043156968785 1.4678389764719613
-20.134782394039064 6.613306294422641 3.4390360957789383
-21.134782394039064 6.035956025233014 5.072029257634392
-22.84188917522561 5.050357465579527 5.410233215085919
-24.256102737598706 4.233860884651801 4.255532676706669
-17.944633858234635 -6.783643208944822 5.697764102589721
-16.43278922292372 -8.088103517582443 5.5850294501058775
-15.570860410381417 -9.130069403477851 4.111467162742493
-15.863753629194871 -9.299171382203614 2.140270043435515
-17.13989600411027 -8.496351808046306 0.8261386305641976
-18.65174063942118 -7.191891499408683 0.9388732830480402
-19.513669451963484 -6.149925613513274 2.412435570411426
-19.22077623315003 -5.9808236347875114 4.383632689718404
-19.23752707704808 -14.738476019185068 2.09357382142729
-17.432789222923716 -14.240841187241475 2.7973357498711735
-16.15664684800832 -12.73425968464028 2.478474000887039
-16.15664684800832 -11.101266522784828 1.3237734625077882
-17.43278922292372 -10.298446948627522 0.009642049636471306
-19.237527077048085 -10.796081780571114 -0.6941198788074132
-20.51366945196348 -12.302663283172308 -0.3752581298232789
-20.51366945196348 -13.93565644502776 0.7794424085559721
-18.651740639421174 -14.400272061733542 6.035968060041245
-17.139896004110263 -14.071739208515712 4.76853286917815
-15.863753629194868 -12.565157705914519 4.449671120194017
-15.570860410381416 -10.763062565333305 5.266167701121743
-16.432789222923716 -9.721096679437895 6.739729988485129
-17.94463385823463 -10.049629532655725 8.007165179348224
-19.220776233150026 -11.556211035256922 8.326026928332357
-19.513669451963477 -13.358306175838134 7.509530347404631
-23.537358722585306 -11.326735827752518 1.0049117135236587
-22.025514087274395 -10.998202974534687 -0.2625234773394354
-20.749371712358997 -9.491621471933492 -0.5813852263235697
-20.456478493545546 -7.689526331352276 0.2351113546041561
-21.31840730608785 -6.647560445456868 1.7086736419675423
-22.83025194139876 -6.976093298674698 2.9761088328306373
-24.10639431631416 -8.482674801275895 3.2949705818147708
-24.39928753512761 -10.284769941857109 2.4784740008870445
-22.537358722585303 -10.749385558562892 7.734999652372317
-20.732620868460938 -10.2517507266193 8.438761580816202
-19.456478493545543 -8.745169224018106 8.119899831832065
-19.456478493545546 -7.1121760621626535 6.965199293452816
-20.732620868460945 -6.309356488005343 5.651067880581498
-22.537358722585306 -6.806991319948937 4.947305952137614
-23.8135010975007 -8.313572822550132 5.2661677011217485
-23.8135010975007 -9.946565984405584 6.420868239501
-24.399287535127606 -11.917763103712561 3.6331745392662955
-23.537358722585303 -12.95972898960797 2.15961225190291
-22.02551408727439 -14.26418929824559 2.0468775994190667
-20.749371712358993 -15.0670088724029 3.3610090122903844
-20.45647849354554 -14.897906893677137 5.332206131597362
-21.318407306087842 -13.855941007781729 6.805768418960748
-22.830251941398757 -12.551480699144108 6.918503071444591
-24.10639431631415 -11.7486611249868 5.604371658573274
6.949747468305834 5.167139110005541 -7.983846122941338
5.242640687119286 5.814533712207505 -8.800342703869063
3.828427124746191 4.998037131279778 -9.955043242248314
3.5355339059327378 3.1959419906985627 -10.771539823176038
4.535533905932738 1.4638911831296855 -10.771539823176038
6.242640687119286 0.8164965809277231 -9.955043242248314
7.656854249492381 1.6329931618554485 -8.800342703869063
7.949747468305834 3.4350883024366645 -7.983846122941338
5.65685424949238 4.420686862090149 -16.68513118109697
4.242640687119284 5.2371834430178765 -15.53043064271772
3.2426406871192857 4.659833173828251 -13.897437480862267
3.2426406871192848 3.0268400119727996 -12.742736942483017
4.242640687119285 1.2947892044039224 -12.742736942483017
5.65685424949238 0.4782926234761953 -13.897437480862267
6.656854249492379 1.0556428926658197 -15.53043064271772
6.656854249492378 2.6886360545212717 -16.68513118109697
6.242640687119285 8.02487714325258 -15.052138019241522
4.535533905932738 7.039278583599091 -14.713934061789995
3.5355339059327378 6.461928314409467 -13.080940899934543
3.8284271247461907 6.631030293135231 -11.109743780627564
5.242640687119286 7.447526874062957 -9.955043242248315
6.949747468305834 8.433125433716445 -10.293247199699842
7.949747468305833 9.01047570290607 -11.926240361555292
7.656854249492381 8.841373724180308 -13.89743748086227
10.071067811865474 1.3938468501173458 -15.05213801924152
8.363961030678926 0.4082482904638578 -14.713934061789995
7.363961030678926 -0.16910197872576838 -13.080940899934543
7.65685424949238 -4.440892098500626e-15 -11.109743780627564
9.071067811865476 0.8164965809277218 -9.955043242248315
10.778174593052022 1.8020951405812102 -10.29324719969984
11.778174593052022 2.379445409770836 -11.926240361555292
11.485281374238568 2.2103434310450716 -13.89743748086227
11.071067811865476 7.5465845197763795 -12.264444319006818
9.656854249492381 8.363081100704107 -11.109743780627566
8.65685424949238 7.785730831514482 -9.476750618772115
8.656854249492381 6.152737669659031 -8.322050080392863
9.656854249492381 4.420686862090153 -8.322050080392863
11.071067811865477 3.6041902811624253 -9.476750618772115
12.071067811865476 4.181540550352051 -11.109743780627566
12.071067811865476 5.814533712207503 -12.264444319006818
10.778174593052023 7.377482541050616 -14.235641438313795
9.071067811865476 8.02487714325258 -15.052138019241522
7.65685424949238 7.208380562324853 -16.20683855762077
7.363961030678927 5.406285421743638 -17.023335138548497
8.363961030678926 3.6742346141747606 -17.023335138548497
10.071067811865476 3.0268400119727974 -16.20683855762077
11.48528137423857 3.843336592900524 -15.052138019241522
11.778174593052022 5.64543173348174 -14.235641438313795
-17.94463385823464 7.633117915704895 -4.4964254513966875
-16.432789222923727 7.961650768922725 -5.763860642259782
-15.570860410381426 6.919684883027317 -7.237422929623169
-15.863753629194878 5.117589742446102 -8.053919510550895
-17.139896004110277 3.6110082398449075 -7.73505776156676
-18.651740639421185 3.2824753866270764 -6.467622570703666
-19.513669451963484 4.324441272522485 -4.994060283340277
-19.220776233150033 6.1265364131036995 -4.177563702412551
-19.2375270770481 6.886665667789507 -13.197710509552321
-17.432789222923734 7.3843004997331 -12.49394858110844
-16.156646848008336 6.581480925575791 -11.179817168237124
-16.156646848008336 4.948487763720339 -10.025116629857873
-17.43278922292373 3.4419062611191453 -9.706254880873738
-19.237527077048096 2.9442714291755507 -10.41001680931762
-20.513669451963494 3.74709100333286 -11.724148222188935
-20.513669451963498 5.380084165188312 -12.878848760568186
-18.651740639421195 10.490855948951937 -11.564717347696869
-17.139896004110284 9.186395640314316 -11.677452000180713
-15.863753629194882 8.383576066157007 -10.363320587309397
-15.570860410381428 8.55267804488277 -8.392123468002419
-16.43278922292373 9.594643930778178 -6.918561180639034
-17.944633858234642 10.8991042394158 -6.805826528155189
-19.22077623315004 11.701923813573108 -8.119957941026504
-19.513669451963494 11.532821834847347 -10.091155060333481
-23.537358722585317 4.723018458752651 -10.343978378841996
-22.025514087274406 3.418558150115029 -10.45671303132584
-20.749371712359004 2.615738575957721 -9.142581618454525
-20.45647849354555 2.784840554683483 -7.171384499147547
-21.31840730608785 3.826806440578892 -5.697822211784159
-22.830251941398764 5.131266749216514 -5.585087559300315
-24.106394316314162 5.934086323373823 -6.8992189721716315
-24.39928753512762 5.76498434464806 -8.870416091478608
-22.537358722585317 10.875756128411684 -7.556284678607291
-20.732620868460952 11.373390960355277 -6.852522750163409
-19.456478493545553 10.570571386197969 -5.538391337292093
-19.45647849354555 8.937578224342518 -4.383690798912843
-20.732620868460945 7.430996721741322 -4.064829049928709
-22.53735872258531 6.9333618897977285 -4.768590978372588
-23.813501097500712 7.736181463955038 -6.082722391243905
-23.813501097500712 9.36917462581049 -7.237422929623156
-24.39928753512762 7.397977506503513 -10.02511662985786
-23.53735872258532 6.356011620608103 -11.498678917221245
-22.02551408727441 6.684544473825934 -12.766114108084341
-20.749371712359014 8.191125976427129 -13.084975857068475
-20.45647849354556 9.993221117008343 -12.26847927614075
-21.318407306087863 11.035187002903754 -10.794916988777365
-22.83025194139877 10.706654149685923 -9.527481797914268
-24.10639431631417 9.200072647084728 -9.208620048930133
8.828427124746195 6.25179531537246 4.65983317382826
7.414213562373099 7.068291896300188 5.814533712207512
6.414213562373099 6.49094162711056 7.447526874062964
6.4142135623731 4.8579484652551095 8.602227412442216
7.414213562373099 3.1258976576862323 8.602227412442216
8.828427124746195 2.309401076758506 7.447526874062964
9.828427124746197 2.8867513459481313 5.814533712207512
9.828427124746195 4.519744507803583 4.65983317382826
10.121320343559649 6.998247563287849 13.361118231983895
8.414213562373101 7.645642165489813 12.544621651056168
7.000000000000005 6.829145584562088 11.389921112676918
6.707106781186553 5.0270504439808725 10.573424531749192
7.707106781186553 3.2949996364119953 10.573424531749193
9.414213562373101 2.6476050342100317 11.389921112676918
10.828427124746195 3.4641016151377575 12.544621651056168
11.121320343559649 5.266196755718973 13.361118231983895
10.121320343559647 10.264233886998754 11.051717155225392
8.414213562373101 9.278635327345265 11.389921112676916
7.000000000000005 8.462138746417539 10.235220574297667
6.707106781186552 8.293036767691778 8.264023454990689
7.7071067811865515 8.870387036881402 6.631030293135237
9.4142135623731 9.85598559653489 6.29282633568371
10.828427124746193 10.672482177462618 7.4475268740629605
11.121320343559647 10.841584156188379 9.41872399336994
13.949747468305839 3.63320359386352 11.051717155225392
12.242640687119291 2.647605034210032 11.389921112676918
10.828427124746195 1.8311084532823045 10.235220574297667
10.535533905932743 1.6620064745565424 8.264023454990689
11.535533905932743 2.2393567437461677 6.631030293135237
13.24264068711929 3.224955303399657 6.292826335683712
14.656854249492385 4.041451884327383 7.447526874062962
14.949747468305837 4.210553863053145 9.418723993369941
13.949747468305837 9.208590994332926 7.109322916611436
12.24264068711929 9.85598559653489 6.29282633568371
10.828427124746193 9.039489015607165 5.138125797304459
10.535533905932741 7.237393875025949 4.321629216376734
11.535533905932741 5.505343067457072 4.321629216376733
13.24264068711929 4.857948465255109 5.138125797304459
14.656854249492383 5.674445046182836 6.292826335683711
14.949747468305837 7.4765401867640495 7.109322916611436
14.242640687119291 9.37769297305869 9.080520035918413
12.828427124746195 10.194189553986416 10.235220574297665
11.828427124746195 9.616839284796791 11.868213736153116
11.828427124746197 7.983846122941339 13.022914274532368
12.828427124746195 6.251795315372462 13.022914274532368
14.242640687119291 5.435298734444736 11.868213736153116
15.242640687119291 6.012649003634361 10.235220574297665
15.242640687119291 7.645642165489813 9.080520035918413
-2.3618429040347464 -19.35706774069401 -4.496425451396697
-1.3214027895148655 -18.212038306548454 -5.76386064225979
-1.792807310305897 -16.94460311568536 -7.237422929623175
-3.4999140914924447 -16.297208513483397 -8.053919510550902
-5.442723133074508 -16.64908947770534 -7.735057761566768
-6.483163247594389 -17.794118911850894 -6.467622570703676
-6.0117587268033565 -19.061554102713988 -4.994060283340289
-4.3046519456168095 -19.70894870491595 -4.177563702412564
-3.6547361228481976 -20.103519988609396 -13.197710509552335
-2.321402789514865 -18.789388575738077 -12.49394858110845
-2.3785937479328023 -17.282807073136883 -11.179817168237133
-3.7928073103058977 -16.46631049220916 -10.02511662985788
-5.735616351887961 -16.8181914564311 -9.706254880873745
-7.068949685221293 -18.13232286930242 -10.410016809317632
-7.011758726803356 -19.638904371903614 -11.724148222188951
-5.597545164430261 -20.45540095283134 -12.878848760568202
-0.24052256047510312 -21.398309193013322 -11.564717347696883
-0.6142960083283175 -19.43678317794004 -11.677452000180725
-0.671486966746254 -17.930201675338846 -10.363320587309406
-0.3785937479328014 -17.761099696613087 -8.392123468002426
0.09281077285822947 -19.028534887476177 -6.918561180639041
0.4665842207114448 -20.990060902549462 -6.805826528155199
0.5237751791293821 -22.496642405150656 -8.119957941026518
0.2308819603159291 -22.665744383876415 -10.091155060333497
-7.678425393470022 -22.745459821122452 -10.343978378842015
-8.052198841323236 -20.78393380604917 -10.456713031325858
-8.109389799741173 -19.277352303447977 -9.142581618454539
-7.816496580927721 -19.108250324722214 -7.1713844991475595
-7.34509206013669 -20.375685515585307 -5.697822211784175
-6.971318612283475 -22.33721153065859 -5.585087559300332
-6.914127653865538 -23.843793033259782 -6.899218972171652
-7.20702087267899 -24.012895011985545 -8.870416091478631
-1.8499982687238317 -24.955803252167527 -7.5562846786073115
-0.5166649353904988 -23.64167183929621 -6.852522750163426
-0.5738558938084357 -22.135090336695015 -5.538391337292106
-1.988069456181532 -21.318593755767292 -4.383690798912856
-3.9308784977635947 -21.670474719989233 -4.064829049928723
-5.264211831096928 -22.984606132860552 -4.768590978372606
-5.20702087267899 -24.491187635461745 -6.0827223912439266
-3.7928073103058955 -25.30768421638947 -7.237422929623177
-2.142891487537285 -25.12490523089329 -9.52748179791429
-1.102451373017404 -23.979875796747734 -10.794916988777382
-1.5738558938084353 -22.71244060588464 -12.268479276140766
-3.280962674994983 -22.065046003682678 -13.084975857068493
-5.223771716577046 -22.416926967904622 -12.76611410808436
-6.264211831096926 -23.561956402050175 -11.498678917221266
-5.792807310305895 -24.82939159291327 -10.025116629857882
-4.085700529119348 -25.476786195115235 -9.208620048930154
-16.06595420179428 8.717774121071809 8.147253845372898
-14.261216347669915 9.215408953015404 8.851015773816783
-12.985073972754519 8.412589378858094 10.165147186688102
-12.985073972754517 6.779596217002641 11.319847725067355
-14.261216347669912 5.273014714401445 11.638709474051485
-16.065954201794277 4.775379882457851 10.9349475456076
-17.34209657670967 5.578199456615159 9.62081613273628
-17.342096576709675 7.211192618470613 8.46611559435703
-14.773060982980834 9.464226368987191 16.848538903528535
-13.26121634766992 9.792759222205024 15.581103712665444
-12.399287535127616 8.750793336309618 14.107541425302058
-12.692180753941066 6.948698195728403 13.29104484437433
-13.968323128856461 5.442116693127208 13.609906593358463
-15.480167764167375 5.113583839909374 14.877341784221555
-16.34209657670968 6.155549725804782 16.35090407158494
-16.04920335789623 7.957644866385997 17.16740065251267
-14.773060982980837 12.7302126926981 14.539137826770034
-13.261216347669922 11.425752384060479 14.426403174286191
-12.39928753512762 10.38378649816507 12.952840886922807
-12.69218075394107 10.21468451943931 10.981643767615829
-13.968323128856467 11.017504093596617 9.667512354744513
-15.48016776416738 12.321964402234238 9.780247007228354
-16.342096576709686 13.363930288129644 11.253809294591738
-16.049203357896236 13.533032266855407 13.225006413898717
-19.65867906614496 6.962375202498808 15.759876795624896
-18.14683443083404 5.657914893861187 15.647142143141053
-17.284905618291738 4.61594900796578 14.17357985577767
-17.57779883710519 4.446847029240018 12.20238273647069
-18.853941212020587 5.249666603397326 10.888251323599372
-20.3657858473315 6.554126912034946 11.000985976083214
-21.227714659873804 7.596092797930354 12.4745482634466
-20.934821441060357 7.7651947766561165 14.445745382753577
-19.658679066144963 12.537762602968218 11.817482557010946
-18.146834430834048 12.86629545618605 10.550047366147853
-17.284905618291745 11.824329570290642 9.076485078784467
-17.577798837105195 10.022234429709428 8.259988497856739
-18.853941212020587 8.515652927108231 8.578850246840872
-20.3657858473315 8.1871200738904 9.846285437703964
-21.227714659873808 9.229085959785808 11.31984772506735
-20.934821441060357 11.031181100367021 12.136344305995078
-20.641928222246904 9.56728991723733 15.262241963681305
-19.36578584733151 8.764470343080022 16.576373376552624
-17.561047993207143 9.262105175023617 17.28013530499651
-16.28490561829175 10.768686677624812 16.961273556012376
-16.28490561829175 12.401679839480266 15.806573017633127
-17.561047993207147 13.204499413637574 14.492441604761808
-19.365785847331512 12.70686458169398 13.788679676317923
-20.641928222246907 11.200283079092785 14.107541425302056
-0.48316324759438817 -18.272411535327088 8.147253845372894
0.8501700857389447 -16.95828012245577 8.851015773816778
0.7929791273210083 -15.451698619854573 10.165147186688095
-0.6212344350520872 -14.635202038926847 11.319847725067346
-2.564043476634151 -14.98708300314879 11.63870947405148
-3.897376809967484 -16.30121441602011 10.934947545607596
-3.8401858515495473 -17.807795918621302 9.620816132736278
-2.4259722891764524 -18.624292499549032 8.466115594357028
0.8097299712190638 -17.525959287411695 16.84853890352853
1.8501700857389438 -16.38092985326614 15.581103712665437
1.3787655649479122 -15.113494662403046 14.10754142530205
-0.3283412162386351 -14.466100060201084 13.291044844374325
-2.271150257820699 -14.817981024423027 13.609906593358456
-3.3115903723405795 -15.963010458568581 14.877341784221551
-2.840185851549548 -17.230445649431672 16.35090407158494
-1.1330790703630007 -17.877840251633636 17.167400652512665
3.638157095965254 -19.158952449267147 14.539137826770029
3.2643836481120396 -17.197426434193865 14.426403174286186
2.7929791273210083 -15.929991243330772 12.9528408869228
2.5000859085075557 -16.09909322205654 10.981643767615822
2.5572768669254926 -17.60567472465773 9.667512354744504
2.9310503147787066 -19.567200739731014 9.780247007228347
3.4024548355697384 -20.834635930594104 11.253809294591733
3.6953480543831905 -20.66553395186834 13.225006413898711
-3.799745737029667 -20.506103077376274 15.759876795624898
-4.173519184882881 -18.54457706230299 15.647142143141053
-4.644923705673913 -17.2771418714399 14.173579855777668
-4.9378169244873655 -17.446243850165665 12.202382736470689
-4.880625966069429 -18.952825352766858 10.888251323599372
-4.506852518216215 -20.91435136784014 11.000985976083214
-4.035447997425183 -22.181786558703234 12.474548263446602
-3.7425547786117304 -22.01268457997747 14.445745382753579
1.0286813877165235 -23.29379677761098 11.817482557010944
2.0691215022364053 -22.148767343465423 10.550047366147849
1.597716981445374 -20.881332152602333 9.076485078784463
-0.10938979974117424 -20.23393755040037 8.259988497856737
-2.052198841323238 -20.58581851462231 8.578850246840872
-3.0926389558431193 -21.730847948767867 9.846285437703964
-2.621234435052087 -22.99828313963096 11.319847725067351
-0.91412765386554 -23.64567774183292 12.136344305995078
1.3215746065299763 -23.124694798885216 13.788679676317923
2.6549079398633095 -21.810563386013897 14.492441604761805
2.5977169814453713 -20.303981883412703 15.806573017633124
1.183503419072277 -19.487485302484977 16.961273556012372
-0.7593056225097865 -19.839366266706918 17.280135304996506
-2.0926389558431193 -21.153497679578237 16.576373376552624
-2.035447997425182 -22.66007918217943 15.262241963681305
-0.621234435052087 -23.476575763107157 14.107541425302054
-0.48316324759438356 13.772108434590834 -14.511643525223809
0.8501700857389494 13.997577739558515 -13.038081237860425
0.7929791273210132 14.734358883240208 -11.179618771037287
-0.6212344350520823 15.550855464167935 -10.024918232658036
-2.564043476634145 15.968774858865496 -10.25038753762572
-3.8973768099674775 15.743305553897812 -11.723949824989106
-3.840185851549541 15.006524410216121 -13.582412291812242
-2.4259722891764466 14.190027829288393 -14.737112830191494
0.8097299712190744 21.726941244831078 -10.90745324406138
1.850170085738954 20.150315409217548 -10.250387537625722
1.3787655649479198 18.338549164402636 -9.546625609181834
-0.32834121623862833 17.35295060474915 -9.208421651730312
-2.271150257820691 17.77086999944671 -9.433890956697995
-3.31159037234057 19.34749583506024 -10.090956663133655
-2.8401858515495366 21.159262079875152 -10.794718591577539
-1.1330790703629885 22.14486063952864 -11.132922549029065
3.6381570959652643 20.093948082975626 -13.216854320819882
3.264383648112049 19.33381882828982 -11.405088076004972
2.792979127321016 17.52205258347491 -10.701326147561087
2.5000859085075615 15.719957442893696 -11.517822728488813
2.5572768669254984 14.983176299212005 -13.376285195311949
2.931050314778714 15.743305553897809 -15.188051440126861
3.402454835569747 17.555071798712717 -15.891813368570745
3.6953480543832016 19.357166939293933 -15.075316787643018
-3.799745737029654 21.693922029593274 -14.080047123755836
-4.173519184882869 20.93379277490747 -12.268280878940926
-4.644923705673904 19.12202653009256 -11.564518950497039
-4.9378169244873575 17.319931389511343 -12.381015531424765
-4.88062596606942 16.583150245829653 -14.239477998247903
-4.5068525182162045 17.343279500515457 -16.051244243062815
-4.035447997425171 19.155045745330366 -16.755006171506697
-3.7425547786117175 20.95714088591158 -15.938509590578972
1.0286813877165353 18.90622832935857 -18.02244136236979
2.069121502236414 17.329602493745035 -17.36537565593413
1.5977169814453802 15.517836248930127 -16.661613727490245
-0.10938979974116803 14.532237689276638 -16.32340977003872
-2.0521988413232313 14.950157083974199 -16.548879075006404
-3.09263895584311 16.52678291958773 -17.205944781442064
-2.6212344350520764 18.33854916440264 -17.90970670988595
-0.9141276538655279 19.32414772405613 -18.247910667337475
1.3215746065299885 20.708323469939785 -17.205944781442064
2.654907939863322 20.933792774907467 -15.732382494078678
2.5977169814453847 21.67057391858916 -13.873920027255542
1.1835034190722906 22.487070499516886 -12.719219488876291
-0.7593056225097724 22.904989894214445 -12.944688793843977
-2.0926389558431056 22.679520589246764 -14.41825108120736
-2.0354479974251687 21.94273944556507 -16.276713548030497
-0.6212344350520743 21.12624286463734 -17.43141408640975
11.685414144232412 -7.304485863887134 -14.511643525223803
12.54734295677471 -6.262519977991724 -13.038081237860416
13.156818665023438 -6.680439372689282 -11.17961877103728
13.156818665023442 -8.313432534544736 -10.02491823265803
12.547342956774715 -10.204914216605681 -10.250387537625716
11.685414144232416 -11.246880102501091 -11.723949824989102
11.075938435983687 -10.828960707803532 -13.582412291812238
11.075938435983687 -9.19596754594808 -14.737112830191489
19.220948050165156 -10.162223897134162 -10.907453244061367
18.375770081520905 -8.47286340903679 -10.25038753762571
16.571032227396536 -7.975228577093203 -9.546625609181824
14.86392544620999 -8.960827136746696 -9.208421651730301
14.254449737961263 -10.852308818807643 -9.43389095669799
15.099627706605514 -12.541669306905012 -10.090956663133646
16.904365560729882 -13.0393041388486 -10.79471859157753
18.61147234191643 -12.053705579195107 -11.132922549029054
19.22094805016515 -6.896237573423255 -13.216854320819868
18.3757700815209 -6.839870247181338 -11.405088076004958
16.571032227396532 -6.3422354152377505 -10.701326147561076
14.863925446209986 -5.69484081303579 -11.517822728488802
14.254449737961256 -5.2769214183382305 -13.37628519531194
15.099627706605505 -5.333288744580147 -15.188051440126848
16.90436556072987 -5.830923576523736 -15.89181336857073
18.61147234191642 -6.478318178725695 -15.075316787643004
16.88761471683183 -14.137637350985926 -14.080047123755827
16.042436748187583 -14.08127002474401 -12.268280878940915
14.237698894063215 -13.583635192800422 -11.564518950497035
12.530592112876668 -12.93624059059846 -12.381015531424763
11.921116404627938 -12.518321195900903 -14.239477998247898
12.766294373272185 -12.57468852214282 -16.051244243062808
14.571032227396554 -13.072323354086407 -16.75500617150669
16.2781390085831 -13.719717956288367 -15.938509590578963
16.887614716831823 -8.562249950516517 -18.022441362369776
16.042436748187573 -6.872889462419145 -17.36537565593412
14.237698894063207 -6.375254630475558 -16.661613727490234
12.53059211287666 -7.360853190129051 -16.32340977003871
11.921116404627934 -9.252334872189996 -16.548879075006397
12.766294373272185 -10.941695360287365 -17.205944781442057
14.57103222739655 -11.439330192230953 -17.90970670988594
16.2781390085831 -10.453731632577462 -18.247910667337464
18.594721498018373 -9.209644552718476 -17.20594478144205
19.456650310560672 -8.167678666823065 -15.732382494078664
20.0661260188094 -8.585598061520626 -13.873920027255528
20.066126018809403 -10.218591223376079 -12.719219488876277
19.456650310560676 -12.110072905437026 -12.944688793843962
18.594721498018377 -13.152038791332433 -14.41825108120735
17.98524578976965 -12.734119396634874 -16.276713548030486
17.985245789769646 -11.101126234779422 -17.431414086409735
-18.24264068711928 -9.377692973058679 -17.443601136622522
-19.656854249492376 -8.561196392130952 -16.28890059824327
-20.656854249492376 -9.138546661320579 -14.655907436387817
-20.656854249492376 -10.771539823176031 -13.501206898008565
-19.656854249492376 -12.503590630744908 -13.501206898008567
-18.24264068711928 -13.320087211672636 -14.655907436387817
-17.24264068711928 -12.74273694248301 -16.28890059824327
-17.24264068711928 -11.109743780627557 -17.443601136622522
-25.778174593052018 -13.728335502136495 -15.950696640791742
-25.485281374238564 -11.92624036155528 -15.134200059864018
-24.07106781186547 -11.109743780627554 -13.979499521484765
-22.363961030678922 -11.757138382829519 -13.163002940557039
-21.363961030678922 -13.489189190398397 -13.16300294055704
-21.656854249492376 -15.291284330979611 -13.979499521484765
-23.071067811865472 -16.107780911907337 -15.134200059864018
-24.778174593052018 -15.460386309705372 -15.950696640791742
-25.778174593052018 -10.46234917842559 -18.260097717550245
-25.485281374238564 -10.293247199699827 -16.28890059824327
-24.071067811865472 -9.476750618772103 -15.134200059864018
-22.363961030678922 -8.491152059118615 -15.472404017315542
-21.363961030678922 -7.91380178992899 -17.105397179170996
-21.656854249492376 -8.082903768654752 -19.07659429847797
-23.071067811865472 -8.899400349582477 -20.231294836857224
-24.778174593052018 -9.884998909235964 -19.893090879405698
-21.94974746830583 -17.093379471560826 -18.260097717550245
-21.656854249492376 -16.924277492835063 -16.288900598243266
-20.24264068711928 -16.107780911907337 -15.134200059864018
-18.535533905932734 -15.122182352253848 -15.472404017315544
-17.535533905932734 -14.544832083064223 -17.105397179170993
-17.828427124746185 -14.713934061789985 -19.07659429847797
-19.24264068711928 -15.530430642717711 -20.231294836857224
-20.94974746830583 -16.5160292023712 -19.893090879405698
-21.94974746830583 -11.517992071091417 -22.2024919561642
-21.656854249492376 -9.715896930510203 -21.385995375236476
-20.24264068711928 -8.899400349582478 -20.231294836857224
-18.535533905932734 -9.546794951784442 -19.414798255929497
-17.535533905932734 -11.27884575935332 -19.414798255929497
-17.828427124746188 -13.080940899934534 -20.231294836857224
-19.24264068711928 -13.897437480862258 -21.385995375236472
-20.94974746830583 -13.250042878660295 -22.2024919561642
-23.656854249492376 -12.503590630744906 -21.864287998712676
-25.071067811865472 -11.68709404981718 -20.709587460333424
-26.07106781186547 -12.264444319006806 -19.07659429847797
-26.07106781186547 -13.897437480862258 -17.92189376009872
-25.071067811865472 -15.629488288431135 -17.92189376009872
-23.656854249492376 -16.44598486935886 -19.07659429847797
-22.656854249492376 -15.868634600169235 -20.709587460333424
-22.656854249492376 -14.235641438313785 -21.864287998712676
-8.995853690220518 -4.0390580112600505 -0.34606521495122755
-7.371009241333558 -3.100953631303896 0.3466401258888081
-6.37100924133356 -4.8330044388727735 0.3466401258888072
-7.995853690220519 -5.771108818828929 -0.346065214951228
-8.410067252593612 -3.7008540538085244 3.596329023662728
-7.078116022520106 -2.931851652578133 2.3178372451957845
-6.078116022520106 -4.66390246014701 2.3178372451957845
-7.410067252593612 -5.432904861377402 3.596329023662727
-10.034911701480572 -4.63895843376468 2.9036236828226922
-10.327804920294025 -4.808060412490443 0.9324265635157142
-9.327804920294026 -6.5401112200593206 0.9324265635157143
-9.034911701480572 -6.3710092413335575 2.9036236828226922
-8.995853690220518 1.0200792567869579 -3.9234154841408566
-7.37100924133356 1.3604666552977436 -2.808060412490446
-6.37100924133356 1.9378169244873689 -4.441053574345897
-7.9958536902205175 1.5974295259765834 -5.556408645996309
-8.410067252593615 4.624269537949389 -2.290422322285405
-7.078116022520107 3.1625617958789594 -1.9915638315627198
-6.078116022520107 3.739912065068585 -3.6245569934181714
-7.410067252593614 5.201619807139014 -3.923415484140856
-10.034911701480574 4.283882139438602 -3.4057773939358156
-10.327804920294025 2.4817869988573857 -4.222273974863541
-9.327804920294025 3.059137268047012 -5.855267136718994
-9.034911701480572 4.8612324086282275 -5.038770555791268
-3.614512294859203 -8.300677452852437 -3.9234154841408526
-2.5073059361772856 -7.063714582173597 -2.808060412490443
-1.5073059361772858 -6.486364312983973 -4.441053574345895
-2.6145122948592032 -7.723327183662812 -5.556408645996305
-0.20029873248610786 -9.595466657256365 -2.2904223222854005
-0.8001991549907376 -7.7111091843755615 -1.9915638315627167
0.19980084500926143 -7.133758915185936 -3.624556993418169
0.7997012675138921 -9.018116388066739 -3.923415484140852
-1.307505091168026 -10.832429527935204 -3.4057773939358102
-3.014611872354574 -10.185034925733241 -4.222273974863536
-2.0146118723545743 -9.607684656543617 -5.8552671367189895
-0.30750509116802593 -10.25507925874558 -5.038770555791261
-7.50266173892095 1.882174031821548 6.1258976576862345
-6.277916867529362 1.9915638315627249 4.548547388496607
-4.863703305156266 2.8080604124904496 5.703247926875856
-6.088448176547852 2.6986706127492726 7.280598196065485
-7.502661738920949 5.148160355532451 3.8164965809277307
-6.277916867529362 3.624556993418177 3.393846850117355
-4.863703305156266 4.441053574345902 4.548547388496606
-6.088448176547853 5.964656936460177 4.971197119306981
-8.727406610312537 5.038770555791274 5.393846850117357
-8.727406610312537 3.4057773939358214 6.548547388496609
-7.313193047939442 4.222273974863547 7.70324792687586
-7.313193047939441 5.855267136718999 6.5485473884966074
-9.828427124746188 -1.7320508075688723 -4.181540550352055
-9.828427124746188 -3.365043969424325 -3.0268400119728036
-13.292528739883942 -3.365043969424325 -3.026840011972804
-11.560477932315065 -4.181540550352051 -2.4494897427831788
-11.560477932315065 -5.3362410887313025 -4.08248290463863
-13.292528739883942 -4.519744507803576 -4.659833173828256
-13.292528739883942 -1.7320508075688725 -4.181540550352055
-11.560477932315065 -0.9155542266411465 -4.75889081954168
-11.560477932315065 -2.0702547650203975 -6.391883981397132
-13.292528739883942 -2.8867513459481233 -5.814533712207506
-6.414213562373093 -7.645642165489806 -4.181540550352057
-7.828427124746188 -6.829145584562081 -3.026840011972805
-9.560477932315067 -9.829145584562083 -3.026840011972808
-9.401559309717175 -7.920897294098219 -2.449489742783181
-10.401559309717173 -7.343547024908592 -4.082482904638633
-10.560477932315065 -9.251795315372455 -4.65983317382826
-8.14626436994197 -10.645642165489805 -4.18154055035206
-6.5731321849709845 -9.55389045595367 -4.758890819541684
-7.573132184970984 -8.976540186764042 -6.391883981397136
-9.146264369941969 -10.068291896300181 -5.814533712207512
-3.614512294859204 -0.9321391080469182 -9.133758915185934
-2.5073059361772865 -0.29289321881344854 -7.5957541127251496
-1.5073059361772865 -2.024944026382326 -7.595754112725151
-2.614512294859205 -2.664189915615796 -9.133758915185936
-0.2002987324861092 1.0390580112600598 -9.810166830088987
-0.8001991549907387 0.69270534084004 -7.933958070176675
0.19980084500926143 -1.0393454667288373 -7.933958070176676
0.7997012675138908 -0.6929927963088176 -9.810166830088987
-1.3075050911680275 0.3998121220265899 -11.34817163254977
-3.0146118723545756 -0.5857864376268992 -11.009967675098244
-2.014611872354576 -2.317837245195777 -11.009967675098245
-0.3075050911680275 -1.3322386855422879 -11.348171632549771
-2.121320343559636 -7.438582677817852 6.12589765768623
-1.4142135623730896 -6.432617405908619 4.548547388496605
5.268657079806139e-15 -5.616120824980893 5.703247926875856
-0.7071067811865409 -6.622086096890126 7.2805981960654815
0.7071067811865543 -9.071575839673303 3.8164965809277254
5.582675571542894e-15 -7.249113986836344 3.393846850117353
1.4142135623731003 -6.432617405908618 4.548547388496603
2.1213203435596486 -8.255079258745576 4.971197119306977
7.976549244944283e-15 -10.077541111582535 5.39384685011735
-1.414213562373087 -9.26104453065481 6.548547388496602
8.106619963057591e-15 -8.444547949727085 7.703247926875855
1.4142135623731034 -9.261044530654809 6.548547388496601
-8.156854249492376 -0.7669677580710117 7.068291896300185
-8.449747468305828 -2.569062898652226 6.251795315372458
-11.765262614873443 -2.4832764610253206 7.25179531537246
-10.253951650996363 -3.4272172501293805 6.343547024908596
-9.753951650996363 -4.29324265391382 8.075597832477472
-11.265262614873443 -3.3493018648097594 8.983846122941337
-11.47236939605999 -0.681181320444106 8.068291896300186
-9.668165213369456 0.1769730310330484 7.976540186764049
-9.168165213369456 -0.6890523727513904 9.708590994332926
-10.97236939605999 -1.5472067242285448 9.800342703869063
-6.414213562373092 -1.3938468501173469 -8.602227412442208
-7.828427124746187 -0.5773502691896207 -7.447526874062956
-9.560477932315067 0.42264973081038004 -10.275953998809147
-9.401559309717173 0.3308980212742425 -8.284390167246425
-10.401559309717173 -1.401152786294634 -8.284390167246427
-10.560477932315065 -1.309401076758497 -10.275953998809147
-8.146264369941969 -0.3938468501173462 -11.4306545371884
-6.573132184970984 -1.3020951405812102 -10.593791244004928
-7.573132184970984 -3.034145948150087 -10.59379124400493
-9.14626436994197 -2.1258976576862234 -11.4306545371884
-4.742640687119283 -6.6805591159919455 7.068291896300185
-6.449747468305829 -6.033164513789981 6.251795315372458
-8.03321180730457 -8.947378076163076 7.251795315372459
-8.095033028398474 -7.166573993875547 6.343547024908596
-8.595033028398474 -6.3005485900911085 8.075597832477472
-8.53321180730457 -8.081352672378637 8.983846122941337
-6.326105026118021 -9.59477267836504 8.068291896300185
-4.680819466025378 -8.461363198279473 7.976540186764048
-5.180819466025378 -7.595337794495034 9.708590994332926
-6.82610502611802 -8.7287472745806 9.800342703869063
-0.7997012675138853 0.6929927963088279 9.810166830088988
-0.19980084500925566 1.0393454667288462 7.933958070176679
0.8001991549907447 -0.6927053408400317 7.933958070176678
0.20029873248611474 -1.0390580112600496 9.81016683008899
2.6145122948592094 2.664189915615805 9.133758915185938
1.5073059361772916 2.024944026382334 7.595754112725153
2.507305936177292 0.2928932188134572 7.595754112725154
3.6145122948592094 0.9321391080469282 9.13375891518594
2.01461187235458 2.317837245195788 11.009967675098249
0.3075050911680328 1.3322386855422992 11.348171632549775
1.3075050911680328 -0.39981212202657823 11.348171632549775
3.014611872354581 0.5857864376269104 11.009967675098249
-2.121320343559637 8.255079258745582 -4.971197119306973
-1.4142135623730903 6.4326174059086245 -4.548547388496599
4.65870937063842e-15 7.249113986836349 -3.393846850117346
-0.7071067811865418 9.071575839673306 -3.81649658092772
0.7071067811865532 6.622086096890131 -7.280598196065476
4.972727862375178e-15 5.616120824980898 -5.70324792687585
1.4142135623730994 6.432617405908622 -4.548547388496599
2.121320343559648 7.4385826778178545 -6.125897657686224
6.278037341024029e-15 8.444547949727088 -7.70324792687585
-1.4142135623730885 9.261044530654814 -6.548547388496598
6.408108059137334e-15 10.077541111582539 -5.393846850117345
1.4142135623731016 9.261044530654814 -6.548547388496597
-8.156854249492376 6.919705427730044 1.6329931618554534
-8.449747468305828 6.750603449004281 -0.3382039574515241
-11.765262614873444 7.664817011377375 0.07600960492157027
-10.253951650996363 7.123159240827946 -1.1166957359184655
-9.753951650996363 9.044827537278211 -1.3558420476565662
-11.265262614873446 9.58648530782764 -0.16313670681653003
-11.472369396059992 7.833918990103138 2.0472067242285474
-9.668165213369457 7.461363198279473 2.8256985026954893
-9.168165213369459 9.383031494729737 2.586552190957389
-10.972369396059992 9.755587286553403 1.8080604124904476
-4.414213562373093 -4.857948465255102 -8.602227412442211
-4.414213562373093 -6.490941627110556 -7.447526874062961
-4.414213562373096 -8.490941627110555 -10.275953998809152
-4.414213562373095 -8.307438208038281 -8.284390167246432
-6.414213562373096 -8.30743820803828 -8.284390167246432
-6.414213562373096 -8.490941627110553 -10.275953998809152
-4.414213562373096 -6.8579484652551015 -11.430654537188403
-4.414213562373094 -5.041451884327375 -10.593791244004931
-6.414213562373093 -5.0414518843273735 -10.593791244004931
-6.414213562373095 -6.8579484652551 -11.430654537188403
-3.62132034355964 0.21863080158247714 10.194189553986416
-5.328427124746185 0.866025403784441 9.37769297305869
-6.194452528530625 2.36602540378444 12.37769297305869
-6.614993217231679 1.9397227048854222 10.469444682594826
-7.529206779604774 0.25720072017325735 11.04679495178445
-7.10866609090372 0.6835034190722756 12.955043242248314
-4.4873457473440785 1.7186308015824776 13.194189553986416
-3.200779654858586 0.6449335004814954 12.102437844450279
-4.114993217231681 -1.0375884842306693 12.679788113639905
-5.4015593097171735 0.0361088168703122 13.771539823176042
-4.742640687119282 8.890902547037024 -3.942394238613954
-6.449747468305829 7.905303987383535 -3.604190281162428
-8.033211807304571 9.819517549756629 -6.018403843535523
-8.095033028398474 8.369611488743336 -4.642195083623212
-8.595033028398474 9.713929516003976 -3.2483482335058618
-8.533211807304571 11.163835577017267 -4.624556993418172
-6.326105026118023 10.805116109410116 -6.3566078009870495
-4.68081946602538 10.340808608050315 -5.318602998526265
-5.1808194660253815 11.685126635310954 -3.924756148408914
-6.826105026118024 12.149434136670756 -4.962760950869699
-0.7997012675138873 9.01811638806674 3.9234154841408606
-0.19980084500925677 7.13375891518594 3.6245569934181754
0.8001991549907429 7.711109184375567 1.991563831562724
0.20029873248611296 9.595466657256368 2.2904223222854085
2.6145122948592086 7.723327183662817 5.556408645996314
1.5073059361772907 6.4863643129839765 4.4410535743459025
2.50730593617729 7.063714582173604 2.80806041249045
3.614512294859208 8.300677452852444 3.9234154841408606
2.0146118723545783 9.607684656543618 5.855267136718997
0.3075050911680306 10.255079258745582 5.038770555791272
1.3075050911680308 10.832429527935208 3.405777393935819
3.0146118723545783 10.185034925733245 4.222273974863546
6.088448176547864 -5.964656936460171 -4.971197119306978
4.863703305156275 -4.441053574345897 -4.548547388496601
6.277916867529371 -3.624556993418172 -3.3938468501173507
7.502661738920959 -5.148160355532446 -3.8164965809277263
6.088448176547863 -2.6986706127492677 -7.28059819606548
4.863703305156275 -2.808060412490445 -5.703247926875854
6.277916867529372 -1.9915638315627193 -4.548547388496603
7.50266173892096 -1.8821740318215423 -6.125897657686229
7.313193047939452 -4.222273974863541 -7.703247926875855
7.313193047939452 -5.855267136718994 -6.548547388496603
8.72740661031255 -5.0387705557912685 -5.393846850117352
8.72740661031255 -3.4057773939358165 -6.548547388496604
1.914213562373095 -10.523895708892475 1.6329931618554494
1.6213203435596415 -10.692997687618236 -0.3382039574515281
0.7552949397752033 -14.021424812364426 0.0760096049215655
1.0418610322606958 -12.441762239354212 -1.11669573591847
2.9560745946337907 -12.969583685687125 -1.3558420476565711
2.6695085021482976 -14.54924625869734 -0.1631367068165357
1.0481881585886568 -13.852322833638665 2.047206724228543
1.6276474698876022 -12.10355828190269 2.825698502695485
3.541861032260697 -12.631379728235602 2.5865521909573834
2.9624017209617515 -14.380144279971578 1.8080604124904418
-1.6213203435596397 -3.245470813555277 10.194189553986416
-1.914213562373092 -5.047565954136492 9.37769297305869
-1.0481881585886539 -6.547565954136493 12.37769297305869
-1.6276474698875991 -6.698613524427101 10.469444682594826
-3.5418610322606936 -6.649084701570388 11.04679495178445
-2.962401720961749 -6.49803713127978 12.955043242248314
-0.7552949397752013 -4.745470813555278 13.194189553986416
-1.0418610322606945 -3.0944232432646706 12.10243784445028
-2.9560745946337894 -3.044894420407958 12.679788113639905
-2.6695085021482963 -4.695941990698566 13.771539823176042
-3.6213203435596415 9.53829714923899 3.604190281162432
-5.328427124746187 8.552698589585502 3.9423942386139568
-6.194452528530627 10.881125714331693 6.3566078009870495
-6.614993217231682 9.224112872131853 5.318602998526266
-7.529206779604777 10.32928458765439 3.924756148408912
-7.108666090903722 11.98629742985423 4.962760950869696
-4.487345747344081 11.866724273985183 6.018403843535523
-3.200779654858587 11.195309991438831 4.642195083623216
-4.1149932172316825 12.300481706961367 3.2483482335058618
-5.401559309717175 12.97189598950772 4.624556993418171
5.328427124746188 -8.552698589585496 -3.942394238613958
3.6213203435596424 -9.538297149238984 -3.604190281162432
4.487345747344077 -11.866724273985172 -6.0184038435355305
3.200779654858586 -11.195309991438823 -4.642195083623219
4.114993217231681 -12.300481706961364 -3.2483482335058684
5.401559309717173 -12.971895989507713 -4.62455699341818
6.194452528530626 -10.881125714331683 -6.356607800987055
6.61499321723168 -9.224112872131844 -5.318602998526269
7.529206779604776 -10.329284587654385 -3.9247561484089193
7.108666090903721 -11.986297429854224 -4.962760950869706
7.410067252593619 -5.201619807139009 3.923415484140864
6.078116022520112 -3.739912065068581 3.624556993418178
7.078116022520114 -3.162561795878956 1.991563831562726
8.410067252593619 -4.624269537949385 2.290422322285412
7.995853690220523 -1.597429525976579 5.556408645996315
6.371009241333564 -1.937816924487366 4.441053574345903
7.371009241333565 -1.3604666552977405 2.808060412490452
8.995853690220525 -1.0200792567869534 3.9234154841408633
9.327804920294028 -3.059137268047008 5.855267136719
9.034911701480578 -4.861232408628222 5.038770555791276
10.034911701480578 -4.283882139438598 3.405777393935823
10.32780492029403 -2.481786998857382 4.2222739748635485
-16.62805136879935 -5.479182900307192 -6.01668396076831
-16.920944587612805 -7.281278040888407 -6.833180541696036
-16.62805136879935 -3.8461897384517396 -7.17138449914756
-16.920944587612805 -4.015291717177503 -9.142581618454539
-17.213837806426255 -7.450380019614169 -8.804377661003013
-17.213837806426255 -5.8173868577587164 -9.959078199382265
-8.461420286601637 -14.281957885711346 1.4678389764719464
-8.168527067788185 -14.112855906985585 3.439036095778924
-7.047206724228541 -15.098454466639073 0.3131384380926947
-5.340099943041994 -15.745849068841036 1.129635019020421
-6.461420286601636 -14.760250509187548 4.25553267670665
-5.047206724228541 -15.576747090115273 3.100832138327398
1.9142135623730954 5.047565954136492 -9.377692973058686
1.6213203435596415 3.245470813555277 -10.194189553986412
0.7552949397752033 4.7454708135552774 -13.194189553986412
1.0418610322606958 3.0944232432646697 -12.102437844450275
2.956074594633791 3.044894420407956 -12.679788113639901
2.669508502148299 4.695941990698564 -13.771539823176038
1.0481881585886565 6.547565954136493 -12.377692973058686
1.6276474698876027 6.698613524427099 -10.469444682594824
3.5418610322606976 6.649084701570387 -11.046794951784449
2.962401720961752 6.498037131279779 -12.955043242248312
-1.6213203435596415 10.692997687618242 0.3382039574515274
-1.914213562373094 10.523895708892478 -1.6329931618554498
-1.048188158588658 13.852322833638668 -2.0472067242285457
-1.6276474698876022 12.103558281902691 -2.825698502695487
-3.541861032260697 12.631379728235602 -2.586552190957387
-2.962401720961753 14.38014427997158 -1.8080604124904456
-0.7552949397752058 14.021424812364431 -0.07600960492156794
-1.0418610322606974 12.441762239354219 1.1166957359184684
-2.9560745946337925 12.96958368568713 1.3558420476565687
-2.6695085021483007 14.549246258697345 0.16313670681653214
6.449747468305833 -7.905303987383538 3.6041902811624276
4.7426406871192865 -8.890902547037026 3.9423942386139523
6.326105026118025 -10.805116109410122 6.356607800987048
4.6808194660253815 -10.340808608050319 5.318602998526263
5.18081946602538 -11.685126635310958 3.9247561484089095
6.826105026118024 -12.149434136670761 4.962760950869694
8.033211807304573 -9.819517549756634 6.018403843535521
8.095033028398477 -8.369611488743342 4.642195083623213
8.595033028398475 -9.713929516003981 3.248348233505859
8.533211807304573 -11.163835577017274 4.624556993418169
-13.059137268047005 -11.660723450659248 -6.016683960768312
-14.766244049233553 -11.013328848457283 -6.833180541696037
-11.644923705673909 -12.477220031586974 -7.171384499147563
-11.937816924487363 -12.646322010312733 -9.14258161845454
-15.059137268047005 -11.182430827183046 -8.804377661003015
-13.64492370567391 -11.99892740811077 -9.959078199382267
5.328427124746189 -0.8660254037844412 -9.377692973058686
3.621320343559642 -0.21863080158247794 -10.194189553986412
4.487345747344079 -1.7186308015824778 -13.194189553986412
3.200779654858587 -0.6449335004814962 -12.102437844450275
4.114993217231682 1.0375884842306684 -12.6797881136399
5.401559309717175 -0.036108816870312865 -13.771539823176036
6.194452528530627 -2.366025403784441 -12.377692973058686
6.614993217231682 -1.9397227048854226 -10.469444682594823
7.529206779604777 -0.2572007201732578 -11.046794951784449
7.108666090903722 -0.6835034190722757 -12.955043242248312
-14.042264931172447 -3.9862784044764235 11.385886155542957
-14.042264931172447 -5.619271566331877 12.540586693922208
-13.749371712358995 -2.184183263895209 12.202382736470685
-13.456478493545543 -2.0150812851694475 14.173579855777664
-13.749371712358995 -5.450169587606115 14.511783813229187
-13.456478493545545 -3.6480744470249 15.328280394156913
7.410067252593618 5.432904861377412 -3.596329023662719
6.078116022520112 4.663902460147019 -2.3178372451957783
7.0781160225201125 2.9318516525781426 -2.3178372451957787
8.41006725259362 3.700854053808536 -3.596329023662719
7.995853690220522 5.771108818828937 0.3460652149512369
6.371009241333564 4.8330044388727815 -0.34664012588880055
7.371009241333564 3.100953631303905 -0.346640125888801
8.995853690220523 4.03905801126006 0.34606521495123643
9.327804920294028 6.54011122005933 -0.9324265635157036
9.034911701480578 6.371009241333568 -2.9036236828226816
10.034911701480578 4.638958433764691 -2.9036236828226816
10.32780492029403 4.808060412490454 -0.932426563515704
-8.461420286601637 6.1445444871747625 -12.975879367318921
-8.168527067788185 7.946639627755978 -12.159382786391197
-7.047206724228542 5.328047906247036 -14.130579905698173
-5.340099943041995 6.313646465900525 -14.4687838631497
-6.461420286601639 8.932238187409467 -12.49758674384272
-5.047206724228543 8.115741606481741 -13.652287282221973
4.414213562373101 6.49094162711056 7.447526874062962
4.414213562373101 4.8579484652551095 8.602227412442215
4.414213562373103 6.857948465255111 11.430654537188403
4.414213562373102 5.041451884327384 10.593791244004937
6.414213562373103 5.041451884327384 10.593791244004935
6.414213562373103 6.857948465255111 11.430654537188403
4.414213562373103 8.490941627110562 10.27595399880915
4.414213562373101 8.307438208038286 8.28439016724643
6.414213562373102 8.307438208038288 8.284390167246428
6.414213562373103 8.490941627110562 10.27595399880915
8.449747468305832 -6.750603449004284 0.3382039574515231
8.156854249492378 -6.919705427730046 -1.6329931618554543
11.472369396059996 -7.833918990103142 -2.0472067242285505
9.66816521336946 -7.461363198279475 -2.825698502695491
9.168165213369459 -9.383031494729739 -2.5865521909573923
10.972369396059994 -9.755587286553407 -1.8080604124904514
11.765262614873448 -7.664817011377381 -0.07600960492157283
10.253951650996367 -7.1231592408279525 1.116695735918464
9.753951650996367 -9.044827537278216 1.3558420476565631
11.265262614873448 -9.586485307827646 0.16313670681652637
-10.473350830420097 -10.167818954828478 11.385886155542954
-11.887564392793195 -9.351322373900754 12.540586693922206
-8.766244049233551 -10.815213557030441 12.20238273647068
-8.473350830420099 -10.64611157830468 14.173579855777659
-11.59467117397974 -9.182220395174992 14.511783813229185
-9.887564392793193 -9.829614997376957 15.32828039415691
6.449747468305832 6.033164513789981 -6.25179531537246
4.742640687119285 6.6805591159919455 -7.0682918963001855
6.326105026118024 9.59477267836504 -8.068291896300188
4.68081946602538 8.461363198279473 -7.97654018676405
5.18081946602538 7.595337794495033 -9.708590994332928
6.826105026118023 8.728747274580599 -9.800342703869065
8.033211807304571 8.947378076163076 -7.251795315372461
8.095033028398475 7.166573993875547 -6.343547024908598
8.595033028398475 6.300548590091108 -8.075597832477476
8.53321180730457 8.081352672378635 -8.983846122941339
-13.059137268047007 -1.7856762216677189 -12.999396820925641
-14.766244049233554 -2.7712747813212073 -12.661192863474117
-11.644923705673913 -2.6021728025954447 -14.154097359304894
-11.937816924487365 -4.4042679431766585 -14.970593940232622
-15.059137268047008 -4.573369921902421 -13.477689444401845
-13.644923705673913 -5.389866502830147 -14.632389982781097
7.828427124746196 0.5773502691896277 7.447526874062962
6.4142135623731 1.3938468501173542 8.602227412442215
8.146264369941978 0.39384685011735365 11.430654537188405
6.573132184970992 1.302095140581217 10.593791244004935
7.573132184970992 3.0341459481500945 10.593791244004935
9.146264369941978 2.125897657686231 11.430654537188403
9.560477932315072 -0.42264973081037227 10.275953998809152
9.40155930971718 -0.3308980212742356 8.284390167246432
10.40155930971718 1.4011527862946418 8.284390167246432
10.560477932315072 1.3094010767585047 10.275953998809152
-14.04226493117245 12.063475882028754 0.036996063177298866
-14.042264931172449 13.696469043884207 -1.1177044752019525
-13.749371712358997 12.232577860754516 2.008193182484276
-13.456478493545543 14.034673001335731 2.8246897634120023
-13.749371712358995 15.498564184465422 -0.30120789427422623
-13.456478493545543 15.667666163191184 1.669989225032751
1.0906214772761533 -10.400077163881402 -12.97587936731892
2.7977282584627012 -11.047471766083365 -12.159382786391195
1.0906214772761533 -8.76708400202595 -14.130579905698172
2.797728258462701 -7.781485442372461 -14.468783863149696
4.504835039649249 -10.061873206429876 -12.497586743842719
4.504835039649248 -8.428880044574424 -13.65228728222197
-4.504835039649232 8.428880044574434 13.652287282221977
-4.504835039649233 10.061873206429887 12.497586743842724
-2.7977282584626857 7.781485442372472 14.468783863149703
-1.0906214772761376 8.76708400202596 14.130579905698177
-2.7977282584626852 11.047471766083374 12.159382786391198
-1.0906214772761376 10.400077163881411 12.975879367318925
-19.387442899816694 -3.993116907861629 4.237878821996754
-19.680336118630148 -4.162218886587391 2.2666817026897763
-23.09490891091119 -4.409765782293818 2.7952771818987503
-21.534069124177396 -4.370543323803485 1.5453808826407749
-21.36740245751073 -6.358250050729368 1.6911347503624246
-22.928242244244526 -6.3974725092197 2.9410310496204004
-22.802015692097736 -4.240663803568056 4.766474301205728
-20.94828268655049 -4.032339366351961 5.487775121254729
-20.78161601988382 -6.020046093277842 5.633528988976379
-22.63534902543107 -6.228370530493938 4.912228168927378
8.449747468305834 2.569062898652227 -6.251795315372458
8.156854249492381 0.7669677580710119 -7.068291896300185
11.472369396059996 0.6811813204441044 -8.068291896300186
9.66816521336946 -0.1769730310330493 -7.976540186764048
9.16816521336946 0.6890523727513884 -9.708590994332926
10.972369396059996 1.547206724228542 -9.800342703869063
11.76526261487345 2.4832764610253197 -7.25179531537246
10.25395165099637 3.4272172501293805 -6.343547024908597
9.753951650996369 4.293242653913818 -8.075597832477476
11.26526261487345 3.3493018648097572 -8.983846122941339
-10.473350830420106 14.12398939881277 -5.791016258600783
-11.887564392793198 14.940485979740497 -4.636315720221534
-8.766244049233556 15.109587958466259 -6.1292202160523095
-8.473350830420104 16.911683099047472 -5.312723635124583
-11.594671173979746 16.742581120321713 -3.819819139293808
-9.887564392793198 17.7281796799752 -4.158023096745333
7.828427124746197 6.829145584562086 3.0268400119728085
6.414213562373101 7.645642165489813 4.181540550352059
8.146264369941978 10.645642165489813 4.181540550352063
6.5731321849709925 9.553890455953676 4.758890819541687
7.573132184970992 8.976540186764048 6.391883981397139
9.146264369941978 10.068291896300185 5.814533712207514
9.560477932315074 9.829145584562088 3.0268400119728103
9.401559309717182 7.920897294098224 2.449489742783183
10.401559309717182 7.343547024908597 4.082482904638636
10.560477932315074 9.25179531537246 4.659833173828263
-8.076009604921568 -10.416706514802955 -12.999396820925645
-9.783116386108114 -11.402305074456443 -12.661192863474119
-8.076009604921568 -8.783713352947503 -14.154097359304895
-9.783116386108114 -8.13631875074554 -14.970593940232623
-11.490223167294662 -10.75491047225448 -13.477689444401845
-11.490223167294662 -9.121917310399027 -14.632389982781097
-8.70216498813045 0.7298228969938303 16.323409770038722
-10.409271769316998 -0.2557756626596601 16.66161372749025
-6.995058206943904 0.08242829479186753 17.139906350966452
-6.995058206943902 -1.550564867063585 18.2946068893457
-10.409271769316996 -1.8887688245151126 17.816314265869497
-8.70216498813045 -2.536163426717075 18.632810846797224
3.4261441061915594 -18.192696098081058 0.03699606317728843
4.840357668564654 -19.009192679008784 -1.1177044752019643
3.7190373250050124 -18.023594119355295 2.0081931824842663
5.42614410619156 -18.67098872155726 2.824689763411991
6.547464449751202 -19.656587281210747 -0.301207894274239
6.840357668564655 -19.487485302484984 1.6699892250327388
5.047206724228555 -8.115741606481741 13.652287282221971
6.461420286601649 -8.932238187409466 12.497586743842717
5.3400999430420075 -6.3136464659005265 14.468783863149698
7.0472067242285545 -5.328047906247038 14.130579905698173
8.168527067788196 -7.946639627755977 12.159382786391191
8.461420286601651 -6.1445444871747625 12.97587936731892
-19.3874428998167 5.326549439794879 -2.352120450827225
-19.680336118630155 3.5244542992136623 -3.1686170317549505
-23.094908910911197 4.105334528253422 -3.2258079901728847
-21.534069124177403 2.9138468434429345 -3.6054608014277805
-21.36740245751074 3.7138338167517566 -5.4309040530131085
-22.928242244244533 4.905321501562245 -5.051251241758212
-22.802015692097743 5.907429668834637 -2.409311409245158
-20.948282686550495 6.518037124605366 -1.9724676395723288
-20.78161601988383 7.318024097914187 -3.797910891157657
-22.63534902543108 6.70741664214346 -4.234754660830486
9.828427124746195 3.365043969424332 3.026840011972807
9.828427124746195 1.7320508075688796 4.181540550352059
13.29252873988395 1.7320508075688787 4.181540550352058
11.560477932315072 0.9155542266411527 4.758890819541684
11.560477932315074 2.070254765020405 6.391883981397136
13.29252873988395 2.886751345948131 5.81453371220751
13.292528739883949 3.3650439694243306 3.026840011972806
11.56047793231507 4.181540550352057 2.4494897427831805
11.560477932315074 5.33624108873131 4.082482904638633
13.29252873988395 4.519744507803583 4.659833173828258
6.995058206943904 -16.132182581297037 -5.791016258600791
6.995058206943904 -17.76517574315249 -4.636315720221541
8.70216498813045 -15.14658402164355 -6.129220216052319
10.409271769317 -15.793978623845513 -5.312723635124593
8.702164988130452 -18.412570345354453 -3.819819139293816
10.409271769316998 -17.426971785700964 -4.158023096745341
-8.702164988130448 15.146584021643557 6.129220216052313
-10.409271769316994 15.79397862384552 5.312723635124586
-6.9950582069439005 16.132182581297045 5.791016258600788
-6.9950582069439 17.765175743152497 4.6363157202215355
-10.409271769316994 17.42697178570097 4.1580230967453335
-8.702164988130447 18.41257034535446 3.8198191392938083
-3.719037325005008 -7.9012073961414035 16.323409770038722
-5.426144106191555 -8.886805955794891 16.661613727490245
-3.426144106191556 -6.099112255560189 17.13990635096645
-4.840357668564651 -5.2826156746324635 18.2946068893457
-6.840357668564651 -8.070309374867167 17.816314265869497
-6.547464449751199 -6.268214234285953 18.632810846797224
3.4261441061915585 6.099112255560177 -17.139906350966452
4.840357668564653 5.282615674632451 -18.294606889345705
3.7190373250050115 7.901207396141394 -16.323409770038726
5.426144106191559 8.886805955794882 -16.661613727490252
6.547464449751201 6.2682142342859395 -18.63281084679723
6.840357668564653 8.070309374867154 -17.816314265869504
5.047206724228553 15.576747090115271 -3.1008321383273976
6.461420286601648 14.760250509187545 -4.2555326767066495
5.340099943042007 15.745849068841036 -1.1296350190204205
7.047206724228553 15.098454466639073 -0.31313843809269426
8.168527067788196 14.11285590698558 -3.439036095778923
8.461420286601648 14.281957885711345 -1.4678389764719455
-5.080794320532206 -19.453292785558943 -2.3521204508272366
-6.787901101718752 -18.80589818335698 -3.1686170317549625
-7.992130462954718 -22.05344507906341 -3.2258079901728984
-8.243569172930009 -20.105974330109213 -3.6054608014277933
-7.467426798014612 -20.361630249466216 -5.430904053013121
-7.215988088039321 -22.309100998420412 -5.051251241758225
-6.28502368176817 -22.70083968126537 -2.4093114092451713
-4.829355610556915 -21.40076353451314 -1.9724676395723408
-4.053213235641518 -21.656419453870146 -3.7979108911576684
-5.508881306852774 -22.956495600622375 -4.234754660830498
-18.00876324337634 6.1225305105669765 6.926514876518026
-18.00876324337634 4.489537348711524 8.081215414897278
-21.274749567087248 5.1562040153781865 9.024024456479339
-19.641756405231796 4.00637410111713 9.129970204877933
-18.975089738565128 5.095036209020765 10.669570922716936
-20.60808290042058 6.244866123281822 10.563625174318341
-21.274749567087248 6.789197177233639 7.869323918100086
-19.641756405231796 7.272360424828034 6.820569128119432
-18.97508973856513 8.361022532731669 8.360169845958435
-20.608082900420584 7.877859285137275 9.40892463593909
6.995058206943902 -0.08242829479187952 -17.13990635096645
6.995058206943903 1.5505648670635723 -18.2946068893457
8.70216498813045 -0.7298228969938423 -16.323409770038722
10.409271769316998 0.25577566265964613 -16.66161372749025
8.70216498813045 2.5361634267170605 -18.632810846797227
10.409271769316998 1.888768824515097 -17.8163142658695
8.766244049233562 -15.10958795846626 6.129220216052304
8.473350830420108 -16.911683099047476 5.312723635124577
10.473350830420108 -14.123989398812771 5.791016258600779
11.887564392793202 -14.940485979740497 4.636315720221526
9.887564392793202 -17.7281796799752 4.158023096745324
11.59467117397975 -16.742581120321713 3.8198191392937986
-3.7190373250050097 18.0235941193553 -2.008193182484271
-5.426144106191557 18.670988721557265 -2.824689763411997
-3.4261441061915576 18.192696098081065 -0.03699606317729354
-4.8403576685646525 19.00919267900879 1.1177044752019583
-6.8403576685646525 19.48748530248499 -1.669989225032745
-6.5474644497512 19.65658728121075 0.30120789427423267
8.076009604921577 8.783713352947512 14.154097359304899
9.783116386108125 8.136318750745549 14.970593940232625
8.076009604921575 10.416706514802964 12.999396820925647
9.783116386108123 11.402305074456454 12.66119286347412
11.490223167294673 9.121917310399038 14.632389982781099
11.49022316729467 10.754910472254489 13.477689444401847
16.013462050479436 -3.417364303724063 -3.1008321383274016
16.013462050479433 -1.7843711418686106 -4.255532676706653
16.30635526929289 -3.2482623249983 -1.1296350190204243
16.59924848810634 -1.4461671844170851 -0.3131384380926976
16.306355269292887 0.017723998712604105 -3.439036095778926
16.599248488106337 0.18682597743836693 -1.4678389764719486
-5.080794320532204 4.266830500589652 -19.124780477043846
-6.787901101718752 3.2812319409361628 -18.78657651959232
-6.011758726803354 1.645406178232223 -19.636092315757853
-4.304651945616808 2.631004737885712 -19.97429627320938
-7.992130462954713 4.309827420145133 -21.867456748632083
-8.243569172930005 3.302730400713904 -20.15791465538644
-7.467426798014609 1.6669046380099646 -21.007430451551972
-7.215988088039317 2.674001657441194 -22.716972544797617
-6.285023681768166 5.2954259797986225 -22.205660706083606
-4.829355610556911 5.273927520020882 -20.834322570289487
-4.053213235641515 3.638101757316942 -21.683838366455024
-5.5088813068527696 3.659600217094682 -23.05517650224914
-3.702114664091848 -18.657311714786843 6.926514876518025
-5.116328226464943 -17.840815133859117 8.081215414897274
-6.17197111913077 -21.00257559193864 9.024024456479337
-6.351256453984405 -19.013447072435017 9.129970204877932
-5.075114079069008 -18.98042785719721 10.669570922716934
-4.8958287442153745 -20.969556376700833 10.563625174318338
-4.757757556757675 -21.819072172866367 7.8693239181000845
-3.5228293292382142 -20.646440234290466 6.82056912811943
-2.2466869543228185 -20.613421019052662 8.360169845958433
-3.481615181842279 -21.78605295762856 9.408924635939087
11.644923705673921 2.6021728025954562 14.154097359304897
11.937816924487375 4.404267943176671 14.970593940232622
13.059137268047017 1.78567622166773 12.999396820925645
14.766244049233565 2.7712747813212193 12.661192863474119
13.644923705673921 5.389866502830159 14.632389982781097
15.059137268047017 4.573369921902434 13.477689444401845
8.766244049233562 10.815213557030436 -12.202382736470689
8.47335083042011 10.646111578304673 -14.173579855777666
10.47335083042011 10.167818954828475 -11.385886155542961
11.887564392793204 9.351322373900746 -12.540586693922213
9.887564392793202 9.829614997376947 -15.328280394156916
11.594671173979751 9.182220395174983 -14.51178381322919
13.749371712358997 -12.232577860754514 -2.0081931824842805
13.456478493545545 -14.034673001335726 -2.8246897634120076
14.04226493117245 -12.06347588202875 -0.036996063177303085
14.04226493117245 -13.696469043884203 1.1177044752019474
13.456478493545546 -15.667666163191178 -1.6699892250327575
13.749371712358998 -15.498564184465417 0.30120789427422023
-20.65685424949238 -7.983846122941328 -13.022914274532367
-20.656854249492376 -9.61683928479678 -11.868213736153114
-24.120955864630133 -9.61683928479678 -11.868213736153114
-22.388905057061255 -10.433335865724507 -11.290863466963488
-22.388905057061255 -11.588036404103757 -12.92385662881894
-24.120955864630133 -10.771539823176031 -13.501206898008565
-24.120955864630133 -7.983846122941328 -13.022914274532365
-22.388905057061255 -7.167349542013602 -13.600264543721991
-22.388905057061258 -8.322050080392854 -15.233257705577444
-24.120955864630133 -9.13854666132058 -14.655907436387817
0.5523203342997534 7.519110762932905 18.786576519592323
-1.1547864468867945 6.533512203279416 19.12478047704385
-0.12619096767782698 5.043440308297127 19.974296273209383
1.5809158135087205 6.029038867950615 19.636092315757857
-1.4434615814816063 8.090703161697354 22.205660706083613
-2.1526774047774744 6.81930840266164 20.83432257028949
-1.1240819255685068 5.329236507679351 21.683838366455028
-0.4148661022726387 6.600631266715065 23.055176502249147
0.2636451997049414 9.076301721350841 21.867456748632087
1.261536157595621 8.790505521968617 20.157914655386442
2.2901316368045888 7.300433626986328 21.007430451551976
1.2922406789139091 7.586229826368552 22.71697254479762
-3.7021146640918428 12.749484757162815 -15.281443884143311
-5.116328226464939 13.565981338090543 -14.12674334576406
-6.171971119130761 15.508790379672607 -16.793410012430726
-6.351256453984396 14.945634149345437 -14.882726409907768
-5.0751140790689995 16.386177221471012 -14.33839535595595
-4.895828744215364 16.949333451798182 -16.24907895847891
-4.7577575567576655 14.69229379874488 -17.94811055080998
-3.5228293292382067 13.312640987489983 -17.192127486666273
-2.2466869543228096 14.75318405961556 -16.647796432714454
-3.4816151818422685 16.132836870870456 -17.40377949685816
11.644923705673918 12.477220031586981 7.171384499147565
11.93781692448737 12.646322010312744 9.142581618454543
13.059137268047012 11.660723450659257 6.016683960768312
14.76624404923356 11.013328848457293 6.833180541696039
13.64492370567392 11.99892740811078 9.959078199382269
15.059137268047014 11.182430827183056 8.804377661003016
13.749371712359002 2.184183263895199 -12.202382736470689
13.456478493545548 2.015081285169435 -14.173579855777666
14.042264931172456 3.986278404476414 -11.385886155542963
14.042264931172458 5.619271566331865 -12.540586693922215
13.456478493545548 3.648074447024887 -15.328280394156918
13.749371712359004 5.450169587606102 -14.511783813229192
-17.242640687119277 -13.89743748086226 -13.022914274532367
-18.656854249492373 -13.080940899934536 -11.868213736153116
-20.38890505706125 -16.080940899934536 -11.868213736153116
-20.22998643446336 -14.172692609470673 -11.29086346696349
-21.22998643446336 -13.595342340281046 -12.923856628818942
-21.38890505706125 -15.50359063074491 -13.501206898008569
-18.974691494688155 -16.89743748086226 -13.022914274532368
-17.401559309717168 -15.805685771326123 -13.600264543721993
-18.401559309717168 -15.228335502136497 -15.233257705577445
-19.974691494688155 -16.320087211672636 -14.65590743638782
0.5523203342997545 15.205783948733965 13.351277785147587
-1.1547864468867948 15.853178550935928 12.534781204219861
-0.12619096767782664 17.15080035618834 11.413099881078418
1.5809158135087213 16.503405753986378 12.229596462006144
-1.4434615814816063 18.238796634100055 15.029874995632717
-2.1526774047774753 17.369684893618974 13.374079809462426
-1.124081925568507 18.667306698871386 12.252398486320983
-0.4148661022726395 19.53641843935247 13.908193672491274
0.26364519970494116 17.591402031898095 15.846371576560443
1.2615361575956214 16.074895689215047 15.007072971317879
2.290131636804589 17.372517494467463 13.885391648176435
1.292240678913909 18.889023837150507 14.724690253419
9.190320352819557 -9.580867725407828 -15.281443884143307
9.190320352819558 -11.213860887263282 -14.126743345764055
10.345020891198814 -13.099478970427405 -16.793410012430723
9.767670622009186 -12.97316650977307 -14.882726409907763
11.653288705173312 -12.588266330313319 -14.338395355955946
12.23063897436294 -12.714578790967654 -16.249078958478904
10.345020891198812 -11.466485808571955 -17.948110550809975
9.767670622009184 -9.707180186062166 -17.192127486666266
11.65328870517331 -9.322280006602412 -16.647796432714447
12.23063897436294 -11.081585629112201 -17.403779496858153
16.62805136879936 3.8461897384517476 7.171384499147564
16.920944587612812 4.0152917171775115 9.14258161845454
16.62805136879936 5.4791829003072 6.0166839607683125
16.920944587612812 7.281278040888415 6.833180541696038
17.213837806426266 5.817386857758725 9.959078199382267
17.213837806426266 7.450380019614178 8.804377661003015
-17.242640687119284 -7.645642165489805 -17.44360113662252
-18.65685424949238 -6.829145584562079 -16.28890059824327
-20.388905057061258 -5.829145584562078 -19.117327722989458
-20.229986434463367 -5.920897294098214 -17.12576389142674
-21.229986434463367 -7.652948101667093 -17.12576389142674
-21.388905057061258 -7.561196392130955 -19.117327722989458
-18.974691494688166 -6.645642165489804 -20.27202826136871
-17.401559309717175 -7.553890455953667 -19.43516496818524
-18.40155930971718 -9.285941263522545 -19.43516496818524
-19.974691494688166 -8.37769297305868 -20.27202826136871
13.444755351211148 -7.124568533836692 13.351277785147579
13.151862132397692 -8.926663674417906 12.534781204219852
14.789933319855392 -8.684684761831319 11.41309988107841
15.082826538668847 -6.882589621250105 12.229596462006139
15.073530428847956 -10.369472715999974 15.029874995632708
13.966249671216097 -10.549115765499547 13.374079809462415
15.604320858673795 -10.30713685291296 12.252398486320972
16.711601616305654 -10.127493803413387 13.908193672491265
15.366423647661412 -8.56737757541876 15.846371576560436
14.552036108843007 -6.944925484337119 15.007072971317871
16.190107296300706 -6.702946571750532 13.885391648176428
17.004494835119107 -8.325398662832173 14.724690253418993
-15.242640687119282 -11.109743780627557 -17.443601136622522
-15.242640687119282 -12.742736942483008 -16.28890059824327
-15.242640687119284 -14.742736942483008 -19.117327722989458
-15.242640687119282 -14.559233523410734 -17.12576389142674
-17.242640687119284 -14.559233523410734 -17.12576389142674
-17.242640687119284 -14.742736942483008 -19.117327722989458
-15.242640687119284 -13.109743780627557 -20.27202826136871
-15.242640687119284 -11.293247199699831 -19.43516496818524
-17.242640687119284 -11.293247199699831 -19.43516496818524
-17.242640687119284 -13.109743780627557 -20.27202826136871
-11.278174593052023 -4.20205606050769 22.697780184731325
-12.98528137423857 -3.554661458305727 21.8812836038036
-13.899494936611664 -5.237183443017892 22.45863387299322
-12.192388155425117 -5.884578045219856 23.275130453920948
-13.85130677802301 -2.0546614583057297 24.8812836038036
-14.271847466724063 -2.4809641572047454 22.973035313339736
-15.186061029097157 -4.163486141916911 23.55038558252936
-14.765520340396105 -3.737183443017894 25.458633872993225
-12.144199996836463 -2.702056060507692 25.697780184731325
-10.857633904350969 -3.7757533616086727 24.60602847519519
-11.771847466724065 -5.458275346320839 25.183378744384814
-13.058413559209558 -4.3845780452198575 26.27513045392095
-9.278174593052025 -7.666157675645446 22.697780184731325
-9.571067811865477 -9.468252816226661 21.8812836038036
-11.485281374238573 -9.418723993369948 22.45863387299322
-11.192388155425121 -7.616628852788734 23.27513045392095
-8.705042408081045 -10.968252816226665 24.881283603803595
-9.284501719379987 -11.119300386517269 22.973035313339736
-11.198715281753081 -11.069771563660558 23.55038558252936
-10.61925597045414 -10.918723993369952 25.45863387299322
-8.412149189267591 -9.166157675645449 25.697780184731325
-8.698715281753081 -7.515110105354841 24.60602847519519
-10.612928844126179 -7.465581282498128 25.183378744384814
-10.326362751640687 -9.116628852788736 26.275130453920948
13.444755351211146 14.962561590456446 -2.26668170268977
13.151862132397692 14.793459611730682 -4.237878821996748
14.78993331985539 13.655268680970334 -4.383632689718398
15.082826538668845 13.824370659696099 -2.4124355704114206
15.07353042884796 17.626792945064015 -4.766474301205719
13.966249671216099 16.125575289034465 -5.487775121254723
15.604320858673796 14.987384358274118 -5.633528988976374
16.711601616305657 16.488602014303666 -4.912228168927369
15.366423647661414 17.795894923789778 -2.795277181898741
14.552036108843007 16.463779246485995 -1.545380882640767
16.190107296300706 15.325588315725646 -1.691134750362418
17.00449483511911 16.65770399302943 -2.9410310496203924
-9.278174593052022 23.95505827388871 0.3382039574515294
-9.571067811865476 23.785956295162947 -1.6329931618554487
-11.485281374238571 24.31377774149586 -1.393846850117348
-11.192388155425117 24.48287972022162 0.57735026918963
-8.705042408081043 27.11438341990914 -2.047206724228543
-9.284501719379985 25.36561886817316 -2.8256985026954853
-11.198715281753083 25.893440314506073 -2.5865521909573843
-10.61925597045414 27.64220486624205 -1.8080604124904427
-8.41214918926759 27.2834853986349 -0.07600960492156572
-8.69871528175308 25.703822825624687 1.1166957359184704
-10.612928844126175 26.2316442719576 1.3558420476565713
-10.326362751640687 27.811306844967813 0.16313670681653492
16.10660171779821 -20.012664035274756 0.33820395745151455
15.813708498984756 -20.18176601400052 -1.6329931618554636
15.313708498984756 -22.103434310450783 -1.393846850117364
15.606601717798208 -21.93433233172502 0.5773502691896135
19.129223645552372 -21.095979576373615 -2.047206724228557
17.32501946286184 -20.723423784549947 -2.8256985026955004
16.82501946286184 -22.64509208100021 -2.5865521909574007
18.629223645552372 -23.01764787282388 -1.8080604124904591
19.422116864365826 -20.926877597647852 -0.07600960492158093
17.910805900488743 -20.385219827098425 1.1166957359184555
17.410805900488743 -22.30688812354869 1.355842047656555
18.922116864365826 -22.848545894098116 0.1631367068165186
-4.392611401853327 -4.845476452063941 0.05374690707535468
-6.392611401853326 -1.381374836926184 0.05374690707535479
-4.099718183039874 -4.676374473338177 2.0249440263823315
-6.099718183039872 -1.2122728582004205 2.0249440263823324
-4.392611401853325 1.6658318873023619 -4.5504433740870756
-6.392611401853326 0.5111313489231106 -1.2844570503761716
-4.099718183039874 3.4679270278835777 -3.7339467931593493
-6.099718183039872 2.3132264895043266 -0.4679604694484456
-0.7536529680886422 -4.637029006609339 -4.5504433740870756
-2.7536529680886415 -5.791729544988589 -1.2844570503761703
0.9534538130979056 -5.284423608811301 -3.7339467931593484
-1.0465461869020933 -6.439124147190551 -0.4679604694484438
-2.931851652578131 2.5092019217677652 5.280598196065483
-5.760278777324323 0.8762087599123143 2.9711971193069817
-2.93185165257813 4.142195083623217 4.125897657686232
-5.760278777324323 2.509201921767767 1.8164965809277298
-8.828427124746186 -3.942394238613951 -1.3938468501173518
-7.828427124746186 -5.674445046182829 -1.393846850117353
-11.461420286601637 -5.462553549385639 -3.993166507161591
-11.461420286601637 -4.307853011006388 -2.360173345306139
-10.461420286601637 -4.885203280196015 -0.7271801834506864
-9.461420286601639 -6.617254087764892 -0.7271801834506875
-9.461420286601637 -7.771954626144143 -2.36017334530614
-10.461420286601637 -7.194604356954517 -3.9931665071615923
-0.7536529680886426 -2.74452282076004 -5.888647331538604
-2.753652968088642 0.7195787943777157 -5.888647331538601
0.9534538130979051 -1.7589242611065512 -6.226851288990128
-1.0465461869020944 1.7051773540312043 -6.226851288990125
0.7071067811865515 -3.793658972143934 5.280598196065482
-2.1213203435596375 -5.4266521339993865 2.97119711930698
2.121320343559647 -4.6101555530716585 4.12589765768623
-0.7071067811865429 -6.243148714927111 1.8164965809277276
-8.828427124746186 5.662137425588298e-15 -4.181540550352054
-7.828427124746186 0.5773502691896315 -5.814533712207506
-11.461420286601637 -1.943942304366061 -6.481200378874175
-11.461420286601639 -0.7892417659868096 -4.848207217018722
-10.461420286601639 0.9428090415820676 -4.848207217018722
-9.46142028660164 1.5201593107716942 -6.481200378874173
-9.461420286601637 0.3654587723924423 -8.114193540729625
-10.461420286601637 -1.3665920351764351 -8.114193540729627
-7.9497474683058265 -3.4350883024366645 4.519744507803582
-6.9497474683058265 -5.167139110005542 4.519744507803582
-9.681798275874703 -4.435088302436665 7.983846122941335
-10.181798275874705 -3.569062898652226 6.251795315372458
-9.681798275874703 -4.435088302436666 4.519744507803582
-8.681798275874703 -6.167139110005542 4.519744507803581
-8.181798275874703 -7.033164513789981 6.251795315372458
-8.681798275874703 -6.167139110005543 7.983846122941335
1.0465461869020998 -1.7051773540311979 6.226851288990133
-0.9534538130978998 1.7589242611065572 6.22685128899013
2.7536529680886472 -0.719578794377709 5.888647331538607
0.7536529680886477 2.7445228207600456 5.888647331538605
0.7071067811865507 6.243148714927115 -1.8164965809277216
-2.121320343559639 4.610155553071664 -4.1258976576862265
2.1213203435596455 5.426652133999388 -2.9711971193069724
-0.7071067811865436 3.7936589721439384 -5.280598196065478
-4.414213562373095 -7.6456421654898055 -4.1815405503520555
-3.414213562373094 -7.06829189630018 -5.814533712207507
-7.414213562373094 -8.953909979464306 -6.481200378874175
-6.414213562373094 -9.531260248653933 -4.848207217018723
-4.414213562373096 -9.531260248653933 -4.8482072170187225
-3.4142135623730954 -8.953909979464306 -6.481200378874175
-4.414213562373094 -8.376559710274682 -8.114193540729627
-6.414213562373095 -8.37655971027468 -8.114193540729627
-7.24264068711928 0.9155542266411537 6.490941627110562
-5.8284271247461845 1.7320508075688794 7.645642165489814
-9.050701099609727 -0.5521129328156891 9.743151745451128
-9.550701099609727 0.31391247096874986 8.011100937882249
-8.636487537236631 1.9964344556809146 7.433750668692625
-7.222273974863538 2.8129310366086404 8.588451207071877
-6.722273974863539 1.946905632824202 10.320502014640756
-7.636487537236634 0.2643836481120373 10.897852283830378
-7.949747468305829 5.406285421743643 -1.7320508075688756
-6.949747468305831 5.983635690933269 -3.365043969424328
-9.681798275874709 9.005605078787879 -1.5201593107716878
-10.181798275874707 7.083936782337614 -1.2810129990335866
-9.681798275874709 5.739618755076974 -2.674859849150938
-8.681798275874709 6.316969024266601 -4.307853011006392
-8.18179827587471 8.238637320716865 -4.546999322744492
-8.68179827587471 9.582955347977505 -3.1531524726271405
1.0465461869020987 6.439124147190556 0.46796046944845093
-0.9534538130979004 5.284423608811305 3.7339467931593546
2.7536529680886463 5.791729544988593 1.284457050376177
0.7536529680886473 4.637029006609342 4.550443374087081
5.76027877732433 -2.5092019217677612 -1.8164965809277245
2.9318516525781373 -4.142195083623213 -4.125897657686227
5.760278777324329 -0.8762087599123085 -2.971197119306975
2.9318516525781373 -2.5092019217677604 -5.280598196065478
-4.414213562373092 -1.393846850117348 -8.602227412442211
-3.4142135623730927 -3.1258976576862256 -8.602227412442211
-7.414213562373093 -3.1258976576862234 -10.602227412442211
-6.414213562373093 -1.3938468501173464 -10.60222741244221
-4.414213562373092 -1.393846850117347 -10.602227412442211
-3.414213562373094 -3.125897657686225 -10.602227412442211
-4.414213562373094 -4.857948465255102 -10.602227412442211
-6.414213562373094 -4.857948465255101 -10.602227412442211
-2.8284271247461863 -6.730087938848657 6.49094162711056
-1.4142135623730916 -5.9135913579209305 7.645642165489813
-5.003494375381181 -7.562080607913933 9.743151745451126
-4.503494375381181 -8.428106011698373 8.011100937882247
-2.589280813008086 -8.477634834555085 7.433750668692622
-1.1750672506349913 -7.6611382536273585 8.588451207071875
-1.6750672506349917 -6.795112849842922 10.320502014640752
-3.589280813008086 -6.745584026986209 10.897852283830378
-7.24264068711928 5.814533712207506 3.026840011972805
-5.828427124746186 6.631030293135233 4.181540550352057
-9.050701099609729 9.369969203389276 2.7271801834506864
-9.550701099609729 7.4483009069390125 2.966326495188786
-8.636487537236633 6.343129191416473 4.360173345306138
-7.222273974863538 7.159625772344201 5.514873883685389
-6.722273974863538 9.081294068794465 5.275727571947289
-7.636487537236634 10.186465784317004 3.8818807218299374
0.7071067811865479 -9.587825972095697 -1.7320508075688794
1.7071067811865475 -9.010475702906069 -3.3650439694243306
2.958183636743112 -12.887485800617815 -1.5201593107716944
1.0439700743700173 -12.359664354284904 -1.2810129990335937
0.12975651199692173 -11.254492638762363 -2.6748598491509443
1.129756511996922 -10.677142369572735 -4.3078530110063955
3.0439700743700153 -11.204963815905648 -4.546999322744497
3.9581836367431107 -12.31013553142819 -3.153152472627146
6.09971818303988 -2.3132264895043226 0.4679604694484518
4.099718183039878 -3.4679270278835723 3.7339467931593555
6.3926114018533315 -0.5111313489231066 1.284457050376178
4.39261140185333 -1.6658318873023574 4.550443374087081
-16.62196460391362 -0.29206958663743954 1.3190020369895183
-14.898106978829016 -2.3760013584282578 -1.6281225377372528
-16.89202021394328 -2.2859828217517055 -1.5008171023042902
-17.753949026485586 -1.2440169358562967 -0.02725481494090487
-16.621964603913625 1.3409235752180126 0.16430149861026655
-14.898106978829016 -0.7430081965728056 -2.7828230761165043
-16.892020213943283 -0.6529896598962539 -2.6555176406835415
-17.753949026485586 0.38897622599915516 -1.1819553533201566
-1.7071067811865452 0.16910197872576438 9.616839284796791
-0.7071067811865455 -1.5629488288431133 9.616839284796791
-3.95818363674311 -1.1305578497963549 12.657157906340169
-3.043970074370015 0.5519641349158102 12.079807637150543
-1.12975651199692 0.5024353120590974 11.502457367960918
-0.1297565119969204 -1.22961549550978 11.502457367960918
-1.043970074370015 -2.912137480221945 12.079807637150543
-2.9581836367431102 -2.8626086573652323 12.657157906340169
-2.8284271247461876 8.363081100704113 -4.181540550352055
-1.414213562373093 9.179577681631839 -3.0268400119728023
-5.003494375381184 11.706625095088695 -3.881880721829935
-4.503494375381184 10.362307067828057 -5.275727571947287
-2.589280813008088 9.834485621495144 -5.514873883685387
-1.175067250634994 10.650982202422872 -4.360173345306135
-1.6750672506349942 11.99530022968351 -2.9663264951887833
-3.589280813008089 12.523121676016423 -2.727180183450683
1.4142135623730963 -9.179577681631837 3.0268400119728036
2.8284271247461916 -8.363081100704111 4.181540550352055
3.589280813008091 -12.52312167601642 2.727180183450681
1.675067250634996 -11.995300229683508 2.9663264951887824
1.1750672506349966 -10.650982202422869 4.360173345306135
2.589280813008093 -9.834485621495142 5.514873883685387
4.503494375381187 -10.362307067828056 5.275727571947285
5.003494375381186 -11.706625095088695 3.8818807218299316
-8.563921983657648 -14.249008814476221 1.3190020369895108
-9.50673102523971 -11.714138432750033 -1.6281225377372586
-10.425729303223445 -13.485927215639279 -1.500817102304298
-9.954324782432414 -14.753362406502372 -0.027254814940912975
-7.149708421284552 -15.065505395403948 0.16430149861025967
-8.092517462866613 -12.53063501367776 -2.7828230761165096
-9.01151574085035 -14.302423796567004 -2.6555176406835486
-8.540111220059316 -15.569858987430099 -1.1819553533201643
0.707106781186547 1.5629488288431124 -9.616839284796788
1.7071067811865466 -0.16910197872576482 -9.616839284796786
2.9581836367431107 2.8626086573652287 -12.657157906340167
1.0439700743700158 2.9121374802219417 -12.079807637150541
0.12975651199692084 1.2296154955097776 -11.502457367960913
1.1297565119969206 -0.5024353120591003 -11.502457367960911
3.0439700743700158 -0.5519641349158135 -12.07980763715054
3.95818363674311 1.1305578497963509 -12.657157906340165
-16.28252519819807 -0.09609415437399856 3.603459087365696
-13.730240448367272 -1.7017333026886168 6.231721913108329
-15.67760749657944 -1.5848413124743865 6.672287279610488
-16.95374987149484 -0.7820217383170779 5.358155866739172
-15.989631979384617 1.7060009862072167 4.4199556682934205
-13.43734722955382 0.10036183789259845 7.048218494036055
-15.384714277765987 0.21725382810682797 7.488783860538215
-16.66085665268139 1.020073402264137 6.174652447666898
6.099718183039881 1.2122728582004283 -2.024944026382327
4.099718183039878 4.676374473338182 -2.024944026382326
6.392611401853332 1.381374836926191 -0.053746907075349126
4.39261140185333 4.845476452063945 -0.053746907075348016
-1.7071067811865461 9.010475702906074 3.365043969424333
-0.7071067811865468 9.5878259720957 1.7320508075688799
-3.958183636743112 12.310135531428193 3.1531524726271423
-3.0439700743700167 11.204963815905655 4.546999322744496
-1.1297565119969215 10.677142369572742 4.3078530110063955
-0.12975651199692173 11.25449263876237 2.674859849150943
-1.0439700743700173 12.359664354284906 1.2810129990335906
-2.9581836367431125 12.887485800617817 1.5201593107716904
5.828427124746189 -6.63103029313523 -4.181540550352058
7.242640687119285 -5.8145337122075045 -3.026840011972806
7.636487537236634 -10.186465784317004 -3.881880721829941
6.722273974863539 -9.081294068794463 -5.275727571947291
7.22227397486354 -7.159625772344198 -5.514873883685391
8.636487537236636 -6.343129191416473 -4.360173345306139
9.55070109960973 -7.448300906939013 -2.966326495188788
9.05070109960973 -9.369969203389278 -2.72718018345069
-8.2244825779421 -14.053033382212785 3.6034590873656898
-8.33886449477797 -11.039870377010395 6.2317219131083235
-9.21131658585961 -12.784785706361964 6.672287279610485
-9.154125627441672 -14.291367208963159 5.358155866739167
-6.517375796755551 -14.700427984414747 4.419955668293414
-6.631757713591422 -11.687264979212356 7.048218494036049
-7.50420980467306 -13.432180308563925 7.48878386053821
-7.447018846255125 -14.93876181116512 6.174652447666892
1.4142135623730965 5.9135913579209305 -7.645642165489809
2.8284271247461916 6.730087938848657 -6.490941627110558
3.5892808130080893 6.745584026986207 -10.897852283830376
1.6750672506349948 6.795112849842919 -10.32050201464075
1.1750672506349957 7.6611382536273585 -8.588451207071872
2.5892808130080915 8.477634834555086 -7.433750668692621
4.503494375381186 8.428106011698372 -8.011100937882249
5.003494375381184 7.562080607913932 -9.743151745451128
-8.563921983657647 5.993236651164283 -12.994426998207528
-9.50673102523971 2.369704161534461 -11.586903141319763
-10.425729303223447 3.0803251380662817 -13.2149264804571
-9.954324782432414 4.892091382881192 -13.918688408900985
-7.149708421284552 5.176740070236557 -14.14912753658678
-8.092517462866615 1.5532075806067347 -12.741603679699015
-9.011515740850351 2.263828557138556 -14.369627018836352
-8.540111220059318 4.075594801953467 -15.073388947280236
3.4142135623731003 3.125897657686231 8.602227412442215
4.4142135623731 1.393846850117354 8.602227412442215
6.414213562373101 4.857948465255108 10.602227412442215
4.414213562373101 4.857948465255108 10.602227412442215
3.414213562373101 3.125897657686231 10.602227412442215
4.414213562373101 1.3938468501173533 10.602227412442215
6.414213562373101 1.3938468501173529 10.602227412442215
7.4142135623731 3.1258976576862305 10.602227412442215
-16.28252519819807 3.4294051933307506 1.1105545915349169
-13.730240448367276 6.442568198533136 0.472831093566648
-15.677607496579444 6.818973212741211 0.7298930409965336
-16.953749871494843 5.312391710140019 1.0487547899806682
-15.989631979384615 3.5985071720565127 3.0817517108418944
-13.437347229553822 6.6116701772589 2.4440282128736253
-15.38471427776599 6.988075191466972 2.7010901603035116
-16.66085665268139 5.48149368886578 3.019951909287645
6.949747468305834 -5.983635690933272 3.365043969424329
7.949747468305834 -5.406285421743646 1.7320508075688767
8.68179827587471 -9.58295534797751 3.1531524726271374
8.18179827587471 -8.23863732071687 4.546999322744492
8.681798275874712 -6.316969024266606 4.307853011006392
9.681798275874712 -5.739618755076981 2.674859849150939
10.181798275874709 -7.083936782337619 1.2810129990335861
9.68179827587471 -9.005605078787884 1.520159310771685
-14.928145307786064 -10.928169788710631 -6.816429697797981
-16.928145307786064 -7.464068173572876 -6.81642969779798
-17.906543147266294 -9.183646967950589 -6.523536478984527
-16.906543147266298 -10.915697775519465 -6.523536478984528
-15.221038526599516 -11.097271767436393 -8.787626817104957
-17.221038526599514 -7.6331701522986375 -8.787626817104957
-18.19943636607975 -9.35274894667635 -8.494733598291505
-17.19943636607975 -11.084799754245228 -8.494733598291505
5.828427124746189 -1.7320508075688794 -7.6456421654898055
7.242640687119285 -0.9155542266411529 -6.490941627110557
7.636487537236633 -0.26438364811203935 -10.897852283830375
6.722273974863539 -1.9469056328242038 -10.320502014640747
7.22227397486354 -2.8129310366086413 -8.58845120707187
8.636487537236636 -1.9964344556809155 -7.433750668692619
9.550701099609729 -0.31391247096875097 -8.011100937882247
9.05070109960973 0.5521129328156873 -9.743151745451124
-8.224482577942096 8.081718269277015 -12.048173905282882
-8.338864494777972 9.555280556640405 -8.331248971636612
-9.21131658585961 10.552288010703743 -9.82951579877703
-9.154125627441672 9.815506867022048 -11.687978265600165
-6.51737579675555 9.067316828930505 -12.386377862734406
-6.6317577135914245 10.540879116293892 -8.669452929088138
-7.504209804673062 11.53788657035723 -10.167719756228554
-7.447018846255125 10.801105426675537 -12.02618222305169
3.4142135623731 7.068291896300186 5.81453371220751
4.414213562373099 7.645642165489813 4.181540550352058
6.4142135623731 8.37655971027469 8.114193540729628
4.4142135623731 8.376559710274687 8.114193540729628
3.4142135623731 8.953909979464314 6.481200378874176
4.414213562373099 9.531260248653938 4.848207217018725
6.414213562373099 9.53126024865394 4.848207217018725
7.414213562373099 8.953909979464314 6.481200378874178
0.9083341989714211 -10.413192319457686 -12.994426998207528
-2.701141509277309 -9.417922655570502 -11.586903141319759
-2.545224830130515 -10.569108998604479 -13.214926480457098
-0.74048697600615 -11.066743830548072 -13.918688408900982
0.9083341989714202 -8.780199157602233 -14.149127536586779
-2.701141509277309 -7.7849294937150475 -12.74160367969901
-2.545224830130515 -8.936115836749027 -14.369627018836349
-0.7404869760061507 -9.43375066869262 -15.073388947280232
-4.593838819638187 8.285365234616116 13.724581820185945
-5.812790236135648 4.502401870494228 13.273643210250574
-6.239997973576127 5.496958247993607 14.955413456463265
-5.630522265327397 7.388439930054552 15.18088276143095
-2.8867320384516404 7.637970632414152 14.54107840111367
-4.105683454949101 3.855007268292264 14.0901397911783
-4.532891192389579 4.849563645791644 15.771910037390992
-3.9234154841408495 6.741045327852588 15.997379342358677
-5.171310581804316 -15.81578305606516 1.1105545915349087
-1.2856924986401912 -15.112021127621272 0.47283109356664177
-1.9333997183302385 -16.986692968969763 0.729893040996525
-3.8762087599123016 -17.338573933191707 1.0487547899806589
-4.878417362990863 -15.646681077339396 3.081751710841886
-0.9927992798267384 -14.942919148895509 2.4440282128736186
-1.6405064995167862 -16.817590990244 2.7010901603035022
-3.583315541098849 -17.169471954465944 3.019951909287636
-12.0494656513457 -9.266163314154102 12.557337537820262
-14.049465651345704 -5.802061699016347 12.557337537820263
-15.027863490825935 -7.521640493394062 12.850230756633716
-14.027863490825935 -9.253691300962938 12.850230756633714
-11.756572432532248 -9.09706133542834 14.52853465712724
-13.756572432532252 -5.632959720290586 14.528534657127244
-14.734970272012484 -7.352538514668301 14.821427875940692
-13.734970272012482 -9.084589322237177 14.821427875940692
6.9497474683058345 5.167139110005544 -4.5197445078035825
7.949747468305834 3.4350883024366667 -4.519744507803582
8.681798275874712 6.167139110005542 -7.983846122941338
8.18179827587471 7.033164513789982 -6.25179531537246
8.681798275874712 6.167139110005544 -4.519744507803583
9.68179827587471 4.435088302436666 -4.5197445078035825
10.18179827587471 3.569062898652226 -6.25179531537246
9.681798275874712 4.4350883024366645 -7.983846122941339
-14.92814530778606 -2.7838682874888745 -12.57532051733966
-16.92814530778606 -3.938568825868126 -9.309334193628755
-17.906543147266294 -3.0892335194934892 -10.832937555743028
-16.906543147266294 -2.5118832503038635 -12.465930717598479
-15.221038526599516 -4.585963428070088 -13.391817098267387
-17.221038526599514 -5.74066396644934 -10.125830774556482
-18.19943636607975 -4.891328660074705 -11.649434136670754
-17.19943636607975 -4.313978390885079 -13.282427298526207
7.828427124746193 -0.5773502691896233 5.814533712207511
8.828427124746195 2.3314683517128287e-15 4.181540550352059
10.461420286601646 1.3665920351764413 8.11419354072963
9.461420286601646 -0.3654587723924356 8.11419354072963
9.461420286601646 -1.520159310771688 6.481200378874177
10.461420286601646 -0.942809041582062 4.848207217018725
11.461420286601646 0.7892417659868151 4.848207217018726
11.461420286601648 1.943942304366067 6.481200378874178
2.8867320384516546 -11.163469980118894 -12.048173905282882
4.105683454949113 -11.999308769514013 -8.331248971636612
4.532891192389593 -13.253378171007238 -9.829515798777026
3.9234154841408646 -12.835458776309679 -11.687978265600162
4.5938388196382025 -10.177871420465404 -12.386377862734406
5.812790236135661 -11.013710209860523 -8.669452929088136
6.239997973576141 -12.267779611353749 -10.167719756228552
5.630522265327412 -11.84986021665619 -12.026182223051688
-4.593838819638185 10.177871420465411 12.386377862734413
-5.812790236135647 11.01371020986053 8.669452929088141
-6.239997973576125 12.267779611353754 10.167719756228559
-5.630522265327395 11.849860216656197 12.026182223051695
-2.8867320384516377 11.1634699801189 12.048173905282885
-4.105683454949099 11.999308769514018 8.331248971636615
-4.532891192389577 13.253378171007244 9.829515798777033
-3.9234154841408464 12.835458776309684 11.687978265600169
4.87841736299088 -8.121063736005857 13.724581820185934
0.9927992798267522 -7.285224946610739 13.27364321025057
1.6405064995168044 -8.15247588867716 14.95541345646326
3.583315541098868 -8.570395283374719 15.180882761430942
5.171310581804333 -6.318968595424642 14.54107840111366
1.2856924986402054 -5.483129806029525 14.090139791178299
1.9333997183302571 -6.350380748095945 15.771910037390986
3.8762087599123207 -6.768300142793504 15.99737934235867
-5.171310581804319 6.318968595424644 -14.541078401113658
-1.2856924986401945 5.483129806029526 -14.090139791178293
-1.9333997183302443 6.3503807480959455 -15.771910037390983
-3.8762087599123074 6.768300142793503 -15.997379342358666
-4.878417362990867 8.121063736005858 -13.724581820185932
-0.992799279826742 7.28522494661074 -13.273643210250565
-1.6405064995167917 8.15247588867716 -14.955413456463257
-3.583315541098855 8.570395283374719 -15.180882761430938
-12.049465651345702 14.927892473572832 -4.550443374087076
-14.049465651345706 13.773191935193582 -1.2844570503761725
-15.027863490825936 14.622527241568218 -2.8080604124904474
-14.027863490825936 15.19987751075784 -4.441053574345899
-11.756572432532248 16.729987614154048 -3.7339467931593497
-13.756572432532252 15.575287075774797 -0.46796046944844605
-14.734970272012484 16.424622382149433 -1.9915638315627204
-13.734970272012482 17.001972651339056 -3.6245569934181727
7.8284271247461925 5.674445046182835 1.3938468501173549
8.828427124746192 3.9423942386139577 1.3938468501173549
10.461420286601644 7.194604356954524 3.9931665071615923
9.461420286601644 7.77195462614415 2.36017334530614
9.461420286601644 6.6172540877648975 0.7271801834506879
10.461420286601644 4.88520328019602 0.7271801834506879
11.461420286601642 4.307853011006395 2.36017334530614
11.461420286601646 5.462553549385646 3.9931665071615927
-9.874973311648283 -11.536218924183752 -12.57532051733966
-11.874973311648281 -12.690919462563002 -9.309334193628757
-11.628626279736926 -13.962904499748012 -10.83293755574303
-10.628626279736928 -13.385554230558387 -12.465930717598482
-11.58208009283483 -10.888824321981788 -13.391817098267387
-13.582080092834829 -12.043524860361039 -10.125830774556484
-13.335733060923474 -13.315509897546049 -11.649434136670756
-12.335733060923474 -12.738159628356422 -13.282427298526208
-10.588705902070512 -0.2784917784669467 16.629488288431148
-13.417133026816702 -1.9114849403223988 14.320087211672643
-13.934771117021743 -0.7961298686719873 15.897437480862267
-12.520557554648647 0.02036671225573783 17.05213801924152
-10.588705902070512 -1.9114849403223995 17.784188826810396
-13.417133026816703 -3.544478102177851 15.474787750051894
-13.934771117021743 -2.4291230305274407 17.05213801924152
-12.520557554648649 -1.6126264495997145 18.20683855762077
2.8867320384516537 -7.6379706324141425 -14.541078401113658
4.105683454949113 -3.8550072682922543 -14.09013979117829
4.532891192389593 -4.849563645791633 -15.771910037390981
3.923415484140863 -6.741045327852578 -15.997379342358665
4.5938388196382025 -8.285365234616105 -13.724581820185934
5.81279023613566 -4.502401870494217 -13.273643210250565
6.23999797357614 -5.496958247993597 -14.955413456463255
5.630522265327412 -7.388439930054541 -15.18088276143094
6.517375796755562 -9.067316828930506 12.386377862734406
6.631757713591433 -10.54087911629389 8.669452929088134
7.504209804673073 -11.53788657035723 10.16771975622855
7.447018846255138 -10.801105426675539 12.026182223051686
8.22448257794211 -8.081718269277017 12.04817390528288
8.338864494777981 -9.555280556640401 8.331248971636608
9.21131658585962 -10.552288010703741 9.829515798777024
9.154125627441687 -9.81550686702205 11.68797826560016
4.878417362990879 15.646681077339395 -3.0817517108418855
0.9927992798267513 14.942919148895514 -2.4440282128736177
1.6405064995168044 16.817590990244003 -2.7010901603035036
3.5833155410988677 17.169471954465944 -3.019951909287638
5.171310581804331 15.815783056065158 -1.1105545915349087
1.2856924986402043 15.11202112762128 -0.47283109356664044
1.9333997183302574 16.986692968969766 -0.7298930409965263
3.8762087599123203 17.338573933191707 -1.0487547899806602
-0.9083341989714062 8.78019915760224 14.149127536586786
2.701141509277323 7.7849294937150555 12.741603679699018
2.5452248301305294 8.936115836749034 14.369627018836358
0.7404869760061645 9.433750668692626 15.073388947280241
-0.908334198971406 10.413192319457691 12.994426998207535
2.701141509277323 9.417922655570507 11.586903141319768
2.5452248301305294 10.569108998604486 13.214926480457105
0.7404869760061643 11.066743830548077 13.918688408900989
6.903201281403734 -17.899089592879804 -4.550443374087086
4.903201281403735 -19.053790131259056 -1.2844570503761819
5.1495483133150906 -20.325775168444064 -2.808060412490456
6.1495483133150906 -19.748424899254438 -4.441053574345908
8.610308062590281 -18.546484195081767 -3.7339467931593617
6.610308062590284 -19.70118473346102 -0.4679604694484567
6.8566550945016385 -20.973169770646027 -1.9915638315627304
7.8566550945016385 -20.3958195014564 -3.6245569934181825
-10.588705902070515 15.771262508038232 5.280598196065482
-13.417133026816705 14.13826934618278 2.9711971193069777
-13.934771117021747 15.253624417833189 4.548547388496605
-12.520557554648652 16.070120998760917 5.703247926875856
-10.588705902070513 17.404255669893686 4.125897657686232
-13.417133026816705 15.771262508038232 1.8164965809277274
-13.934771117021748 16.886617579688643 3.3938468501173538
-12.520557554648652 17.70311416061637 4.548547388496607
-9.87497331164828 -8.010719576479005 -15.068225013170437
-11.874973311648278 -4.54661796134125 -15.068225013170437
-11.628626279736922 -5.559089974532414 -16.775331794356983
-10.628626279736922 -7.291140782101292 -16.775331794356983
-11.582080092834827 -8.996318136132494 -14.730021055718913
-13.582080092834826 -5.532216520994738 -14.730021055718913
-13.335733060923468 -6.544688534185903 -16.43712783690546
-12.33573306092347 -8.27673934175478 -16.43712783690546
-5.535533905932731 -9.030842415161823 16.62948828843114
-8.36396103067892 -10.663835577017272 14.320087211672634
-7.6568542494923735 -11.669800848926508 15.897437480862258
-6.2426406871192786 -10.853304267998782 17.05213801924151
-6.949747468305827 -8.2143458342341 17.784188826810393
-9.778174593052015 -9.84733899608955 15.474787750051885
-9.071067811865468 -10.853304267998782 17.05213801924151
-7.656854249492374 -10.03680768707106 18.206838557620763
7.149708421284562 -5.176740070236557 14.149127536586782
8.092517462866626 -1.5532075806067343 12.741603679699017
9.011515740850362 -2.263828557138556 14.369627018836356
8.540111220059329 -4.075594801953467 15.073388947280238
8.563921983657657 -5.993236651164281 12.99442699820753
9.506731025239722 -2.36970416153446 11.586903141319764
10.425729303223457 -3.080325138066282 13.214926480457104
9.954324782432426 -4.892091382881193 13.918688408900985
6.517375796755562 14.700427984414748 -4.41995566829341
6.631757713591433 11.68726497921236 -7.048218494036047
7.504209804673073 13.432180308563929 -7.488783860538205
7.447018846255139 14.938761811165122 -6.174652447666887
8.224482577942108 14.053033382212783 -3.6034590873656835
8.33886449477798 11.039870377010395 -6.23172191310832
9.21131658585962 12.784785706361964 -6.672287279610479
9.154125627441687 14.291367208963157 -5.35815586673916
15.989631979384628 -3.598507172056503 -3.081751710841889
13.437347229553836 -6.611670177258892 -2.4440282128736213
15.384714277766005 -6.988075191466966 -2.7010901603035062
16.6608566526814 -5.481493688865771 -3.01995190928764
16.28252519819808 -3.42940519333074 -1.1105545915349118
13.730240448367288 -6.442568198533129 -0.4728310935666431
15.677607496579459 -6.818973212741202 -0.7298930409965283
16.953749871494853 -5.312391710140009 -1.0487547899806626
6.903201281403735 1.6761640413301042 -18.392237962283513
4.903201281403736 5.140265656467859 -18.392237962283517
5.149548313315092 4.127793643276692 -20.099344743470063
6.149548313315091 2.3957428357078143 -20.099344743470063
8.610308062590283 2.6617626009835926 -18.73044191973504
6.610308062590283 6.125864216121347 -18.730441919735043
6.85665509450164 5.11339220293018 -20.43754870092159
7.856655094501639 3.3813413953613036 -20.43754870092159
8.36396103067893 -17.055719558414403 5.280598196065473
5.535533905932738 -18.68871272026985 2.9711971193069693
6.242640687119287 -19.694677992179084 4.548547388496595
7.656854249492382 -18.87818141125136 5.703247926875846
9.778174593052023 -17.872216139342125 4.125897657686219
6.949747468305833 -19.505209301197578 1.8164965809277172
7.6568542494923815 -20.51117457310681 3.393846850117342
9.071067811865476 -19.694677992179084 4.548547388496594
-4.903201281403731 -5.140265656467872 18.392237962283513
-6.903201281403732 -1.6761640413301184 18.392237962283517
-6.149548313315087 -2.3957428357078303 20.099344743470063
-5.149548313315087 -4.127793643276707 20.099344743470063
-6.610308062590278 -6.125864216121362 18.73044191973504
-8.610308062590278 -2.6617626009836077 18.730441919735043
-7.856655094501634 -3.38134139536132 20.43754870092159
-6.856655094501633 -5.113392202930197 20.43754870092159
-5.535533905932732 18.688712720269855 -2.971197119306975
-8.363961030678924 17.055719558414406 -5.280598196065478
-7.656854249492377 18.87818141125136 -5.703247926875852
-6.242640687119281 19.694677992179088 -4.5485473884966
-6.949747468305827 19.505209301197585 -1.8164965809277234
-9.77817459305202 17.872216139342132 -4.1258976576862265
-9.071067811865472 19.694677992179088 -4.548547388496601
-7.656854249492376 20.511174573106814 -3.3938468501173498
7.149708421284561 15.065505395403951 -0.16430149861026222
8.092517462866628 12.530635013677768 2.7828230761165105
9.011515740850362 14.302423796567014 2.6555176406835455
8.540111220059332 15.569858987430104 1.1819553533201594
8.563921983657657 14.249008814476225 -1.319002036989514
9.506731025239722 11.714138432750042 1.628122537737259
10.425729303223457 13.485927215639286 1.5008171023042942
9.954324782432426 14.753362406502378 0.027254814940907535
15.989631979384626 -1.7060009862072067 -4.419955668293417
13.437347229553826 -0.10036183789259008 -7.0482184940360515
15.384714277765994 -0.21725382810681912 -7.488783860538213
16.660856652681392 -1.0200734022641273 -6.174652447666896
16.282525198198076 0.09609415437400859 -3.6034590873656924
13.73024044836728 1.701733302688625 -6.231721913108325
15.677607496579448 1.5848413124743965 -6.6722872796104875
16.953749871494846 0.782021738317088 -5.358155866739172
-19.656854249492373 -10.194189553986405 -10.235220574297667
-18.656854249492373 -11.926240361555282 -10.235220574297667
-22.289847411347825 -11.714348864758094 -12.834540231341903
-22.289847411347825 -10.559648326378843 -11.201547069486452
-21.28984741134782 -11.136998595568468 -9.568553907631
-20.28984741134782 -12.869049403137346 -9.568553907631
-20.28984741134782 -14.023749941516598 -11.201547069486452
-21.289847411347825 -13.446399672326972 -12.834540231341904
11.874973311648294 4.546617961341261 15.068225013170442
9.874973311648292 8.010719576479016 15.068225013170442
10.628626279736938 7.291140782101304 16.77533179435699
11.628626279736938 5.559089974532427 16.77533179435699
13.58208009283484 5.53221652099475 14.730021055718918
11.58208009283484 8.996318136132505 14.730021055718916
12.335733060923484 8.276739341754793 16.437127836905464
13.335733060923484 6.544688534185916 16.437127836905464
8.36396103067893 10.663835577017265 -14.320087211672643
5.535533905932738 9.03084241516181 -16.629488288431144
6.242640687119286 10.853304267998768 -17.052138019241518
7.6568542494923815 11.669800848926496 -15.89743748086227
9.778174593052023 9.847338996089537 -15.474787750051894
6.949747468305832 8.214345834234082 -17.784188826810393
7.656854249492381 10.036807687071041 -18.20683855762077
9.071067811865476 10.85330426799877 -17.05213801924152
-4.903201281403732 19.053790131259053 1.2844570503761734
-6.90320128140373 17.899089592879807 4.550443374087079
-6.149548313315086 19.748424899254438 4.441053574345898
-5.149548313315086 20.325775168444064 2.808060412490446
-6.610308062590278 19.701184733461016 0.4679604694484474
-8.610308062590278 18.54648419508177 3.733946793159353
-7.856655094501633 20.3958195014564 3.6245569934181727
-6.856655094501634 20.973169770646027 1.9915638315627202
13.417133026816703 -14.138269346182776 -2.971197119306984
10.588705902070513 -15.771262508038227 -5.280598196065489
12.52055755464865 -16.07012099876091 -5.7032479268758625
13.934771117021745 -15.253624417833185 -4.548547388496611
13.417133026816705 -15.771262508038228 -1.8164965809277345
10.588705902070513 -17.40425566989368 -4.125897657686238
12.52055755464865 -17.703114160616362 -4.548547388496613
13.934771117021747 -16.88661757968864 -3.393846850117361
16.621964603913625 -1.3409235752180033 -0.164301498610262
14.898106978829022 0.7430081965728139 2.782823076116509
16.892020213943287 0.6529896598962621 2.655517640683547
17.75394902648559 -0.3889762259991464 1.1819553533201612
16.621964603913625 0.29206958663744875 -1.3190020369895132
14.89810697882902 2.376001358428266 1.628122537737258
16.892020213943283 2.2859828217517144 1.5008171023042953
17.753949026485586 1.2440169358563058 0.027254814940909977
-19.65685424949238 -6.25179531537245 -13.02291427453237
-18.65685424949238 -5.674445046182825 -14.655907436387821
-22.289847411347832 -8.195737619738516 -15.322574103054489
-22.289847411347832 -7.0410370813592635 -13.689580941199038
-21.289847411347832 -5.308986273790387 -13.689580941199036
-20.28984741134783 -4.7316360046007615 -15.322574103054489
-20.28984741134783 -5.886336542980013 -16.95556726490994
-21.28984741134783 -7.6183873505488915 -16.95556726490994
11.874973311648292 12.690919462563013 9.309334193628757
9.874973311648292 11.536218924183764 12.575320517339662
10.628626279736936 13.385554230558396 12.465930717598482
11.628626279736936 13.962904499748023 10.83293755574303
13.58208009283484 12.04352486036105 10.125830774556484
11.58208009283484 10.888824321981799 13.391817098267389
12.335733060923486 12.738159628356433 13.282427298526208
13.335733060923484 13.315509897546058 11.649434136670756
13.417133026816705 1.9114849403223875 -14.320087211672645
10.588705902070513 0.2784917784669345 -16.629488288431148
12.52055755464865 -0.02036671225575004 -17.05213801924152
13.934771117021747 0.7961298686719764 -15.897437480862271
13.417133026816707 3.5444781021778384 -15.474787750051897
10.588705902070515 1.9114849403223855 -17.7841888268104
12.52055755464865 1.6126264495997011 -18.206838557620774
13.934771117021747 2.429123030527427 -17.05213801924152
14.049465651345706 -13.773191935193575 1.284457050376165
12.049465651345708 -14.927892473572827 4.55044337408707
14.027863490825942 -15.199877510757837 4.441053574345891
15.02786349082594 -14.622527241568209 2.808060412490438
13.756572432532254 -15.57528707577479 0.4679604694484385
11.756572432532256 -16.72998761415404 3.733946793159342
13.734970272012488 -17.00197265133905 3.624556993418164
14.734970272012488 -16.424622382149423 1.9915638315627109
-15.24264068711928 -13.897437480862264 -13.022914274532367
-14.24264068711928 -13.32008721167264 -14.65590743638782
-18.24264068711928 -15.205705294836765 -15.322574103054485
-17.24264068711928 -15.783055564026391 -13.689580941199033
-15.24264068711928 -15.783055564026391 -13.689580941199033
-14.242640687119282 -15.205705294836767 -15.322574103054484
-15.242640687119282 -14.62835502564714 -16.955567264909938
-17.24264068711928 -14.62835502564714 -16.955567264909938
-15.313708498984758 -6.053680023945618 21.303933334613973
-15.813708498984756 -5.187654620161178 19.571882527045098
-14.899494936611662 -3.5051326354490127 18.99453225785547
-13.485281374238566 -2.6886360545212877 20.149232796234728
-16.70755534910211 -4.972799794905856 22.24674237619604
-17.20755534910211 -4.106774391121417 20.51469156862716
-16.293341786729012 -2.4242524064092503 19.937341299437534
-14.879128224355918 -1.6077558254815263 21.09204183781679
-14.379128224355918 -2.4737812292659664 22.82409264538567
-15.293341786729014 -4.156303213978131 23.40144291457529
16.928145307786068 3.9385688258681353 9.309334193628763
14.928145307786068 2.783868287488885 12.575320517339666
16.9065431472663 2.5118832503038746 12.465930717598486
17.9065431472663 3.089233519493501 10.832937555743037
17.22103852659952 5.7406639664493495 10.125830774556489
15.221038526599521 4.5859634280701 13.391817098267392
17.199436366079755 4.313978390885089 13.282427298526214
18.199436366079755 4.891328660074715 11.649434136670763
-15.242640687119284 -7.645642165489802 -17.443601136622522
-14.242640687119282 -9.377692973058679 -17.44360113662252
-18.242640687119284 -9.37769297305868 -19.44360113662252
-17.242640687119284 -7.645642165489802 -19.443601136622522
-15.242640687119284 -7.645642165489803 -19.44360113662252
-14.242640687119282 -9.37769297305868 -19.44360113662252
-15.242640687119284 -11.109743780627557 -19.44360113662252
-17.242640687119284 -11.109743780627557 -19.44360113662252
-12.89949493661166 -10.235220574297674 21.303933334613966
-12.399494936611658 -11.10124597808211 19.57188252704509
-10.485281374238564 -11.150774800938823 18.994532257855465
-9.07106781186547 -10.334278220011099 20.149232796234717
-12.66034862487356 -11.982767470004102 22.246742376196032
-12.16034862487356 -12.84879287378854 20.514691568627153
-10.246135062500464 -12.898321696645253 19.937341299437527
-8.831921500127372 -12.081825115717528 21.09204183781678
-9.331921500127372 -11.215799711933089 22.824092645385658
-11.246135062500468 -11.166270889076378 23.401442914575284
14.049465651345706 5.802061699016338 -12.55733753782027
12.049465651345708 9.266163314154094 -12.55733753782027
14.02786349082594 9.253691300962927 -12.850230756633723
15.02786349082594 7.521640493394051 -12.850230756633723
13.756572432532254 5.632959720290575 -14.528534657127247
11.756572432532256 9.09706133542833 -14.528534657127247
13.734970272012488 9.084589322237164 -14.8214278759407
14.734970272012486 7.352538514668287 -14.8214278759407
-9.363961030678928 -4.251584883364403 22.120429915541706
-8.363961030678928 -5.98363569093328 22.120429915541706
-11.615037886235495 -5.5512447118865245 25.16074853708508
-10.700824323862399 -3.8687227271743594 24.583398267895458
-8.786610761489303 -3.918251550031071 24.00604799870583
-7.786610761489304 -5.650302357599948 24.00604799870583
-8.700824323862399 -7.332824342312113 24.583398267895458
-10.615037886235495 -7.283295519455402 25.16074853708508
16.928145307786068 7.464068173572883 6.816429697797982
14.92814530778607 10.928169788710639 6.8164296977979815
16.9065431472663 10.915697775519472 6.523536478984528
17.9065431472663 9.183646967950596 6.5235364789845285
17.22103852659952 7.633170152298647 8.78762681710496
15.221038526599523 11.097271767436403 8.78762681710496
17.199436366079755 11.084799754245237 8.494733598291505
18.19943636607976 9.352748946676359 8.494733598291505
-12.899494936611667 23.497281160568132 -2.5485473884965995
-12.399494936611667 22.152963133307495 -3.9423942386139514
-10.485281374238571 21.62514168697458 -4.181540550352053
-9.071067811865477 22.44163826790231 -3.026840011972802
-12.66034862487357 24.968685681359165 -3.8818807218299316
-12.160348624873569 23.624367654098528 -5.275727571947284
-10.246135062500475 23.096546207765613 -5.514873883685386
-8.831921500127379 23.913042788693343 -4.360173345306134
-9.33192150012738 25.25736081595398 -2.9663264951887816
-11.246135062500477 25.78518226228689 -2.72718018345068
-12.192388155425121 23.905529451031995 2.210343431045082
-11.278174593052025 22.800357735509458 3.604190281162434
-9.36396103067893 22.272536289176546 3.365043969424333
-8.363961030678931 22.84988655836617 1.7320508075688807
-11.615037886235497 25.572196117698663 3.153152472627145
-10.700824323862399 24.467024402176126 4.5469993227444965
-8.786610761489305 23.93920295584321 4.307853011006396
-7.786610761489305 24.516553225032837 2.674859849150944
-8.7008243238624 25.621724940555374 1.281012999033592
-10.615037886235497 26.14954638688829 1.5201593107716922
13.899494936611656 -22.919930891378506 -2.548547388496616
12.985281374238562 -21.81475917585597 -3.942394238613966
13.485281374238566 -19.893090879405705 -4.181540550352065
14.899494936611662 -19.07659429847798 -3.0268400119728143
15.293341786729009 -23.448526370587476 -3.881880721829949
14.379128224355913 -22.34335465506494 -5.2757275719473
14.879128224355915 -20.421686358614675 -5.514873883685399
16.293341786729012 -19.60518977768695 -4.360173345306149
17.207555349102105 -20.71036149320949 -2.966326495188798
16.707555349102105 -22.632029789659754 -2.727180183450698
14.606601717798203 -22.511682600914646 2.2103434310450667
14.106601717798204 -21.16736457365401 3.6041902811624196
14.606601717798206 -19.245696277203745 3.3650439694243195
15.606601717798204 -18.66834600801412 1.7320508075688672
16.33865252536708 -22.845015934247986 3.153152472627129
15.838652525367083 -21.500697906987345 4.546999322744481
16.338652525367085 -19.57902961053708 4.307853011006381
17.33865252536708 -19.001679341347455 2.6748598491509297
17.83865252536708 -20.345997368608092 1.2810129990335766
17.338652525367078 -22.26766566505836 1.5201593107716764
14.606601717798219 9.58782597209569 -20.48743675368625
14.10660171779822 10.45385137588013 -18.755385946117375
14.60660171779822 9.587825972095693 -17.023335138548497
15.60660171779822 7.855775164526816 -17.023335138548497
16.10660171779822 6.9897497607423755 -18.755385946117375
15.606601717798219 7.855775164526813 -20.48743675368625
16.338652525367095 10.58782597209569 -20.487436753686254
15.838652525367097 11.45385137588013 -18.755385946117375
16.3386525253671 10.587825972095693 -17.0233351385485
17.338652525367095 8.855775164526815 -17.0233351385485
17.838652525367095 7.9897497607423755 -18.755385946117375
17.338652525367095 8.855775164526813 -20.487436753686254
-4.414213562373094 -4.857948465255106 -0.23914631173810097
-6.414213562373093 -1.3938468501173495 -0.23914631173810008
-7.414213562373091 -3.125897657686227 -0.23914631173810008
-6.414213562373094 -4.857948465255105 -0.23914631173810186
-4.414213562373091 1.3938468501173542 -4.659833173828254
-6.414213562373093 0.23914631173810275 -1.3938468501173507
-7.4142135623730905 0.8164965809277298 -3.0268400119728023
-6.414213562373091 1.393846850117355 -4.659833173828254
-0.9999999999999991 -4.51974450780358 -4.659833173828257
-2.999999999999999 -5.674445046182832 -1.3938468501173524
-2.999999999999999 -6.829145584562083 -3.026840011972805
-1.9999999999999987 -6.251795315372457 -4.659833173828257
-0.9999999999999982 -2.886751345948127 -5.814533712207507
-2.999999999999997 0.5773502691896284 -5.814533712207505
-2.999999999999997 -0.5773502691896226 -7.447526874062957
-1.9999999999999973 -2.3094010767585003 -7.447526874062959
-4.035533905932733 -4.639317663672628 2.3094010767585025
-6.035533905932732 -1.175216048534874 2.3094010767585034
-6.949747468305828 -2.857738033247039 2.886751345948128
-5.949747468305829 -4.589788840815917 2.886751345948128
-2.9142135623730914 2.259872253901793 5.435298734444736
-5.742640687119281 0.6268790920463414 3.125897657686231
-6.24264068711928 1.4929044958307802 4.857948465255108
-4.828427124746186 2.309401076758506 6.012649003634359
0.5000000000000031 -3.65371910401914 5.435298734444735
-2.3284271247461854 -5.286712265874592 3.125897657686231
-1.8284271247461863 -6.1527376696590315 4.857948465255108
-0.41421356237309137 -5.336241088731304 6.01264900363436
0.7928932188134552 -1.8516239634379257 6.251795315372462
-1.207106781186544 1.6124776516998298 6.251795315372462
-0.7071067811865448 0.7464522479153906 7.983846122941339
0.2928932188134552 -0.9855985596534871 7.983846122941337
-4.035533905932734 3.7237634370314803 -3.604190281162428
-6.035533905932733 2.569062898652229 -0.33820395745152365
-6.949747468305828 3.674234614174766 -1.7320508075688759
-5.949747468305829 4.2515848833643926 -3.3650439694243284
-2.9142135623730923 4.371158039233445 3.942394238613957
-5.742640687119281 2.7381648773779923 1.632993161855454
-6.242640687119282 4.082482904638631 3.0268400119728054
-4.828427124746187 4.8989794855663575 4.181540550352057
0.5000000000000013 6.342355158540423 -1.6329931618554494
-2.328427124746187 4.709361996684969 -3.942394238613953
-1.8284271247461876 6.631030293135235 -4.181540550352053
-0.41421356237309315 7.4475268740629605 -3.026840011972802
0.7928932188134534 6.511457137266187 0.33820395745152854
-1.2071067811865452 5.3567565988869354 3.6041902811624316
-0.7071067811865452 7.278424895337201 3.365043969424331
0.2928932188134543 7.855775164526826 1.7320508075688799
1.2071067811865466 -5.356756598886925 -3.6041902811624285
-0.7928932188134521 -6.511457137266179 -0.3382039574515249
-0.2928932188134521 -7.8557751645268175 -1.732050807568878
0.7071067811865461 -7.27842489533719 -3.3650439694243297
2.3284271247461925 -4.709361996684967 3.9423942386139563
-0.49999999999999734 -6.342355158540418 1.6329931618554534
0.4142135623730976 -7.447526874062957 3.0268400119728045
1.828427124746193 -6.6310302931352325 4.181540550352055
5.742640687119287 -2.7381648773779887 -1.6329931618554507
2.914213562373094 -4.371158039233437 -3.9423942386139537
4.82842712474619 -4.898979485566352 -4.1815405503520555
6.242640687119286 -4.082482904638626 -3.0268400119728036
6.0355339059327395 -2.569062898652227 0.3382039574515271
4.0355339059327395 -3.7237634370314794 3.6041902811624316
5.949747468305835 -4.2515848833643926 3.36504396942433
6.949747468305837 -3.674234614174767 1.7320508075688774
-13.363753629194871 -3.913401470615594 -1.562977883440341
-10.811468879364075 -5.519040618930213 1.065284942302294
-11.920944587612807 -6.703927771698785 -0.10309260284737354
-13.197086962528203 -5.901108197541476 -1.4172240157186908
-12.242433285635224 -3.2660068684136316 5.983606636336043
-10.518575660550622 -5.34993864020445 3.0364820616092723
-11.213837806426255 -6.295679481234922 4.655798216694308
-12.075766618968558 -5.253713595339514 6.129360504057693
-16.599455889590388 -0.5250093901871526 1.4968813437702746
-14.875598264505783 -2.608941161977972 -1.4502432309564974
-16.847002785296816 -2.7518624288511346 -1.1450584887427793
-17.70893159783912 -1.709896542955725 0.3285037986206065
-13.892349108403838 -9.156250115330453 1.8350853012217967
-13.197086962528203 -8.21050927429998 0.21576914613676168
-14.473229337443602 -7.4076897001426705 -1.098362266734556
-16.44463385823463 -7.5506109670158335 -0.7931775245208379
-16.306562670776934 -0.3559074114613905 3.468078463077252
-13.754277920946137 -1.961546559776009 6.096341288819888
-15.725682441737169 -2.1044678266491705 6.401526031033605
-17.001824816652565 -1.3016482524918618 5.087394618162287
-13.599455889590384 -8.98714813660469 3.806282420528775
-12.489980181341654 -7.802260983836117 4.974659965678441
-13.351908993883955 -6.760295097940707 6.448222253041828
-15.323313514674986 -6.90321636481387 6.753406995255547
-17.956478493545546 -6.246150658378211 -0.6804428720369953
-18.12314516021221 -4.258443931452328 -0.8261967397586449
-18.985073972754513 -3.216478045556919 0.6473655476047413
-16.835158149985897 -5.5987560561762475 6.866141647739388
-17.001824816652565 -3.611049329250365 6.72038778001774
-18.277967191567964 -2.808229755093055 5.406256367146422
1.2071067811865466 -1.612477651699828 -6.251795315372453
-0.7928932188134521 1.8516239634379275 -6.251795315372454
-0.292893218813453 0.9855985596534877 -7.983846122941332
0.7071067811865466 -0.7464522479153897 -7.983846122941332
2.3284271247461916 5.286712265874597 -3.125897657686228
-0.4999999999999982 3.6537191040191432 -5.435298734444729
0.4142135623730967 5.336241088731309 -6.012649003634356
1.828427124746192 6.152737669659033 -4.857948465255105
5.7426406871192865 -0.6268790920463374 -3.125897657686226
2.9142135623730945 -2.25987225390179 -5.435298734444728
4.82842712474619 -2.309401076758503 -6.012649003634355
6.242640687119287 -1.4929044958307776 -4.857948465255104
6.0355339059327395 1.175216048534878 -2.309401076758502
4.03553390593274 4.639317663672633 -2.3094010767585025
5.949747468305835 4.58978884081592 -2.8867513459481287
6.949747468305835 2.8577380332470423 -2.8867513459481287
-13.363753629194871 -0.16912252342849232 -4.210582917650368
-10.811468879364082 2.8440404817738965 -4.848306415618637
-11.920944587612812 2.1374459524815235 -6.354887918219831
-13.197086962528207 0.6308644498803297 -6.036026169235695
-12.24243328563523 6.730067394145931 -1.084685259964139
-10.518575660550628 4.646135622355112 -4.031809834690911
-11.213837806426264 6.488088481559344 -4.383690798912852
-12.075766618968565 7.530054367454753 -2.9101285115494666
-16.599455889590384 1.586276395144496 0.003976847939501482
-14.875598264505783 -0.4976553766463221 -2.9431477267872728
-16.847002785296816 -0.1622840200432858 -2.9761669420250794
-17.708931597839115 0.8796818658521235 -1.5026046546616922
-13.892349108403847 4.782218385843064 -8.020900295313089
-13.19708696252821 2.9402655266388327 -7.669019331091147
-14.473229337443605 1.4336840240376385 -7.350157582107011
-16.44463385823464 1.7690553806406748 -7.383176797344818
-16.306562670776934 3.388371535725712 0.820473428867226
-13.75427792094614 6.4015345409281 0.18274993089895553
-15.725682441737174 6.736905897531137 0.14973071566115026
-17.00182481665257 5.230324394929943 0.4685924646452859
-13.599455889590395 6.584313526424278 -7.204403714385362
-12.489980181341664 7.290908055716652 -5.697822211784169
-13.351908993883963 8.33287394161206 -4.224259924420783
-15.323313514674997 8.668245298215098 -4.257279139658589
-17.95647849354555 1.440522527422845 -6.115741606481723
-18.123145160212214 0.6405355541140225 -4.290298354896395
-18.985073972754513 1.6825014400094327 -2.8167360675330095
-16.835158149985908 8.339712444997268 -2.989843948795495
-17.001824816652572 7.5397254716884445 -1.1644006972101666
-18.277967191567967 6.033143969087252 -0.8455389482260323
3.0000000000000036 -0.5773502691896235 5.814533712207512
1.0000000000000044 2.8867513459481313 5.814533712207512
2.0000000000000044 2.309401076758505 7.447526874062963
3.0000000000000044 0.5773502691896284 7.447526874062962
3.000000000000003 5.674445046182836 1.393846850117355
1.0000000000000044 4.519744507803584 4.659833173828259
2.000000000000004 6.251795315372462 4.659833173828259
3.0000000000000036 6.829145584562086 3.0268400119728067
6.4142135623730985 -0.23914631173809875 1.3938468501173547
4.414213562373098 -1.3938468501173498 4.659833173828259
6.4142135623730985 -1.3938468501173498 4.659833173828258
7.414213562373099 -0.816496580927724 3.0268400119728067
6.414213562373099 1.3938468501173535 0.23914631173810275
4.414213562373098 4.8579484652551095 0.23914631173810363
6.4142135623730985 4.857948465255109 0.23914631173810275
7.4142135623730985 3.1258976576862314 0.23914631173810275
-6.828341216238636 -11.488788871085 -4.210582917650374
-2.9427231330745096 -10.785026942641116 -4.848306415618642
-4.109389799741176 -11.392563826220062 -6.354887918219834
-6.052198841323239 -11.744444790442005 -6.036026169235701
-0.2928073103058981 -13.967291926569265 -1.0846852599641439
-1.2356163518879613 -11.432421544843079 -4.031809834690914
0.011930543818465367 -12.955512655063178 -4.3836907989128555
0.4833350646094976 -14.22294784592627 -2.9101285115494697
-6.9259722891764515 -15.168688686956743 0.003976847939490824
-7.868781330758516 -12.633818305230557 -2.94314772678728
-8.56404347663415 -14.508790379672597 -2.9761669420250882
-8.092638955843118 -15.77622557053569 -1.5026046546617025
-2.8046519456168104 -14.422236439041354 -8.020900295313094
-4.052198841323239 -12.899145328821257 -7.669019331091151
-5.995007882905302 -13.2510262930432 -7.350157582107018
-6.690270028780937 -15.125998367485238 -7.383176797344827
-5.218865507989905 -15.816083289158705 0.8204734288672157
-1.33324742482578 -15.112321360714821 0.18274993089894886
-2.0285095707014134 -16.98729343515686 0.14973071566114227
-3.9713186122834765 -17.339174399378805 0.4685924646452766
-1.097545164430263 -15.069631041243317 -7.204403714385368
0.06912150223640268 -14.462094157664371 -5.697822211784173
0.540526023027434 -15.729529348527464 -4.224259924420788
-0.15473612284819982 -17.604501422969506 -4.257279139658595
-7.730710143300817 -16.271027801630794 -6.115741606481732
-8.506852518216213 -16.01537188227379 -4.290298354896406
-8.03544799742518 -17.282807073136883 -2.816736067533021
-1.1951762373680803 -18.74953085711506 -2.989843948795503
-1.971318612283476 -18.493874937758054 -1.1644006972101755
-3.91412765386554 -18.84575590198 -0.8455389482260425
-11.570860410381416 0.8660048590817091 7.855746109929596
-9.018575660550624 3.8791678642840988 7.21802261196133
-9.628051368799355 3.461248469586539 9.076485078784465
-10.90419374371475 1.9546669669853447 9.395346827768599
-11.57086041038142 7.117800174454169 3.435059247839442
-9.018575660550626 5.512161026139552 6.0633220735820785
-9.628051368799358 7.403642708200495 6.288791378549763
-10.904193743714755 8.206462282357805 4.974659965678445
-15.927883014336574 1.974009175452733 4.523721355743074
-13.37559826450578 0.3683700271381163 7.1519841814857115
-15.261216347669906 0.7532702065978638 7.696315235437528
-16.537358722585303 1.5560897807551726 6.38218382256621
-11.09945588959039 6.394696037542889 10.775516671115534
-10.489980181341657 4.503214355481947 10.550047366147853
-11.766122556257052 2.9966328528807527 10.868909115131984
-13.65174063942118 3.381533032340501 11.413240169083801
-15.927883014336576 3.6070023373081854 3.3690208173638236
-13.375598264505784 6.620165342510576 2.7312973193955585
-15.261216347669912 7.005065521970323 3.2756283733473754
-16.537358722585306 5.498484019369128 3.594490122331507
-11.099455889590391 8.027689199398342 9.620816132736284
-10.48998018134166 8.445608594095905 7.762353665913149
-11.766122556257057 9.248428168253213 6.4482222530418305
-13.651740639421185 9.63332834771296 6.992553306993647
-15.456478493545545 2.883898200396908 10.709478240639916
-16.12314516021221 1.7952360924932722 9.169877522800913
-17.39928753512761 2.5980556666505814 7.855746109929595
-15.45647849354555 9.135693515769367 6.288791378549763
-16.123145160212214 8.047031407865731 4.749190660710761
-17.39928753512761 6.540449905264538 5.068052409694893
-6.828341216238636 -0.14017935473008802 -12.235261663703119
-2.9427231330745096 -0.9760181441252058 -11.78432305376775
-4.109389799741176 -2.1939245121315865 -12.859308154900969
-6.052198841323239 -1.776005117434027 -13.084777459868654
-0.2928073103058977 3.6331129051581055 -13.530050868107043
-1.2356163518879617 0.009580415528283481 -12.122527011219276
0.011930543818467143 0.1855208976392546 -13.675804735828693
0.4833350646094985 1.9972871424541658 -14.379566664272577
-6.9259722891764515 5.059978970513266 -14.299851227026547
-7.868781330758516 1.436446480883444 -12.89232737013878
-8.56404347663415 2.0303063576919738 -14.67107439971588
-8.092638955843118 3.842072602506885 -15.374836328159766
-3.4999140914924434 -2.160905296893777 -18.049795375910627
-2.804651945616809 -2.7547651737023076 -16.271048346333522
-4.0521988413232375 -2.93070565581328 -14.717770621724107
-5.995007882905301 -2.5127862611157203 -14.94323992669179
-6.690270028780935 -1.9189263843071904 -16.721986956268893
-5.442723133074507 -1.742985902196219 -18.275264680878312
-5.218865507989904 6.045577530166755 -14.638055184478072
-1.3332474248257786 5.209738740771637 -14.187116574542703
-2.0285095707014125 5.8035986175801675 -15.965863604119804
-3.971318612283476 6.221518012277726 -16.19133290908749
-1.7928073103058955 -1.1753067372402888 -18.387999333362153
-1.0975451644302612 -1.7691666140488196 -16.60925230378505
0.06912150223640356 -0.5512602460424381 -15.53426720265183
0.5405260230274358 1.260505998772473 -16.238029131095715
-0.1547361228481976 1.854365875581003 -18.016776160672816
-1.3214027895148637 0.6364595075746216 -19.091761261806035
-6.483163247594387 -0.16636006658268743 -18.93233038731397
-7.730710143300815 -0.34230054869365856 -17.379052662704552
-8.506852518216212 1.2935252140102813 -16.52953686653902
-8.03544799742518 3.1052914588251923 -17.2332987949829
-2.361842904034744 2.2130853431881534 -19.748826968241694
-1.1951762373680785 3.430991711194534 -18.673841867108475
-1.9713186122834756 5.066817473898475 -17.82432607094294
-3.9141276538655383 5.484736868596033 -18.049795375910627
-5.035447997425182 -10.453661488574795 7.855746109929591
-1.1498299142610557 -9.749899560130912 7.218022611961324
-1.8164965809277225 -10.068761309115043 9.076485078784458
-3.7593056225097854 -10.420642273336986 9.395346827768591
0.3787655649479129 -13.579559146261026 3.435059247839436
0.2643836481120396 -10.566396141058638 6.063322073582071
1.5977169814453722 -12.039958428422024 6.288791378549757
1.6549079398633078 -13.546539931023217 4.974659965678438
-6.254399413922641 -14.780955906648503 4.523721355743069
-6.368781330758515 -11.767792901446114 7.151984181485705
-6.978257039007246 -13.593236153031441 7.696315235437524
-6.921066080589308 -15.099817655632636 6.382183822566206
-0.011758726803357433 -12.809758787341524 10.775516671115529
-1.345092060136691 -11.336196499978138 10.550047366147846
-3.287901101718754 -11.688077464200079 10.868909115131979
-3.897376809967484 -13.513520715785408 11.413240169083796
-4.840185851549547 -15.597452487576229 3.369020817363819
-0.9545677683854206 -14.893690559132343 2.7312973193955523
-1.5640434766341504 -16.719133810717672 3.275628373347369
-3.5068525182162142 -17.071014774939613 3.594490122331503
1.402454835569738 -13.62625536826925 9.620816132736277
2.0691215022364036 -13.307393619285117 7.762353665913143
2.126312460654341 -14.813975121886312 6.448222253041824
1.5168367524056112 -16.63941837347164 6.992553306993643
-5.230710143300817 -14.827652128656727 10.70947824063991
-6.506852518216213 -14.860671343894534 9.16987752280091
-6.449661559798277 -16.367252846495727 7.855746109929592
0.18350341907227774 -17.953549786342958 6.2887913785497584
-1.0926389558431187 -17.986569001580765 4.749190660710756
-3.035447997425182 -18.33844996580271 5.068052409694889
-2.9999644155310423 2.0701350217177574 13.53005086810705
0.6095112927176874 1.0748653578305722 12.122527011219283
-0.1666310821977096 0.08242829479187552 13.6758047358287
-1.9713689363220745 0.5800631267354683 14.379566664272584
3.535569490401696 5.843427281605948 12.235261663703124
2.3166180739042357 2.06046391748406 11.784323053767757
3.9546892613619318 2.461873704562714 12.859308154900976
4.564164969610664 4.353355386623658 13.084777459868658
-2.626190967677826 7.542458873937019 14.638055184478075
-3.8451423841752868 3.759495509815131 14.187116574542708
-4.011809050841952 4.658540128837378 15.96586360411981
-3.4023333425932223 6.550021810898322 16.191332909087492
1.914249146842052 0.9649633061952176 18.387999333362156
2.0809158135087182 0.06591868717297089 16.609252303785055
0.44284462605102026 -0.3354910999056848 15.534267202651836
-1.3618932280733442 0.16214373203790888 16.238029131095722
-1.5285598947400105 1.061188351060156 18.016776160672823
0.10951129271768734 1.4625981381388105 19.09176126180604
-0.9190841864912782 8.528057433590508 14.29985122702655
2.690391521757451 7.5327877697033205 12.892327370138782
2.5237248550907845 8.431832388725567 14.671074399715884
0.7189870009664199 8.92946722066916 15.374836328159768
3.6213559280286 1.9505618658487052 18.049795375910634
3.7880225946952657 1.0515172468264584 16.27104834633353
4.564164969610662 2.043954309865155 14.71777062172411
5.173640677859392 3.935435991926099 14.943239926691795
5.006974011192726 4.834480610948346 16.721986956268896
4.23083163627733 3.8420435479096495 18.275264680878315
-0.7356666759265575 3.1519586262361834 19.7488269682417
-2.373737863384256 2.7505488391575295 18.673841867108482
-3.402333342593223 4.240620734139819 17.82432607094295
-2.7928576343444926 6.1321024162007625 18.04979537591063
3.3856536676330853 5.531404036007023 18.932330387313975
4.161796042548482 6.52384109904572 17.379052662704556
3.1332005633395146 8.01391299402801 16.529536866539022
1.3284627092151498 8.511547825971602 17.233298794982904
-5.03544799742518 10.891022290339679 -7.237224532423335
-1.1498299142610549 10.055183500944558 -6.786285922487966
-1.8164965809277203 11.913645967767696 -6.467424173503832
-3.7593056225097827 12.331565362465255 -6.692893478471516
0.37876556494791336 7.765124632653449 -11.657911394513489
0.26438364811204007 9.238686920016834 -7.940986460867217
1.5977169814453736 9.942448848460716 -9.255117873738536
1.65490793986331 9.205667704779023 -11.113580340561672
-6.2543994139226395 9.191990698008613 -12.427711753432991
-6.368781330758513 10.665552985371995 -8.710786819786719
-6.978257039007241 11.78723430851344 -10.250387537625722
-6.921066080589306 11.050453164831747 -12.108850004448858
-0.011758726803353436 14.429174141026492 -8.485317514819034
-1.3450920601366874 13.725412212582606 -7.171186101947716
-3.28790110171875 14.143331607280167 -7.3966554069154
-3.8973768099674793 15.26501293042161 -8.936256124754403
-4.8401858515495455 8.375494117080885 -13.582412291812243
-0.9545677683854197 7.5396553276857645 -13.131473681876875
-1.5640434766341484 8.66133665082721 -14.671074399715877
-3.5068525182162116 9.079256045524769 -14.89654370468356
1.4024548355697415 13.612677560098765 -9.640018053198284
2.0691215022364067 11.754215093275628 -9.95887980218242
2.126312460654344 11.017433949593935 -11.817342269005556
1.5168367524056148 12.13911527273538 -13.356942986844556
-5.230710143300811 15.039543625453927 -10.409818412117787
-6.506852518216208 13.599000553328352 -10.954149466069605
-6.449661559798271 12.86221940964666 -12.812611932892741
0.18350341907228174 11.913645967767696 -14.830505274207944
-1.0926389558431155 10.47310289564212 -15.374836328159759
-3.0354479974251785 10.89102229033968 -15.600305633127444
-2.999964415531043 12.06620928427732 6.461758971806866
0.6095112927176858 11.070939620390135 5.054235114919096
-0.16663108219771106 12.86619625758614 4.636315720221536
-1.9713689363220759 13.363831089529732 5.340077648665421
3.535569490401696 9.587706228793056 9.587656629493093
2.316618073904234 10.423545018188172 5.870731695846821
3.9546892613619327 11.303247428743028 6.607512839528514
4.564164969610664 10.885328034045468 8.465975306351648
-2.626190967677826 11.286737821124126 11.990450150268048
-3.845142384175288 12.122576610519241 8.273525216621776
-4.011809050841953 13.49991385301769 9.714068288747352
-3.402333342593222 13.081994458320132 11.572530755570488
1.914249146842052 17.01471759270039 7.039109240996487
2.0809158135087182 15.637380350201939 5.598566168870911
0.44284462605101893 14.757677939647085 4.861785025189218
-1.3618932280733458 15.255312771590678 5.565546953633103
-1.528559894740011 16.632650014089123 7.006090025758681
0.10951129271768723 17.512352424643982 7.742871169440371
-0.9190841864912778 10.63934321892216 12.806946731195774
2.690391521757451 9.644073555034977 11.399422874308005
2.5237248550907854 11.021410797533425 12.83996594643358
0.7189870009664205 11.519045629477018 13.543727874877465
3.621355928028599 16.367322990498426 7.855605821924211
3.7880225946952653 14.989985747999977 6.4150627497986354
4.564164969610662 13.194729110803971 6.832982144496196
5.173640677859393 12.776809716106413 8.691444611319332
5.006974011192727 14.154146958604862 10.131987683444907
4.2308316362773315 15.949403595800867 9.714068288747349
-0.7356666759265575 17.568719750885904 9.554637414255282
-2.3737378633842563 16.68901734033105 8.817856270573591
-3.402333342593223 15.391395535078633 9.939537593715034
-2.792857634344492 14.973476140381075 11.79800006053817
3.385653667633086 16.00577092204279 11.525834533562259
4.161796042548484 14.210514284846784 11.94375392825982
3.1332005633395155 12.912892479594369 13.065435251401263
1.328462709215151 13.410527311537962 13.769197179845147
6.914177977904152 -9.806337030375524 -7.237224532423333
8.133129394401609 -6.023373666253633 -6.786285922487963
9.409271769317007 -7.529955168854825 -6.4674241735038285
8.799796061068278 -9.42143685091577 -6.692893478471515
6.914177977904148 -3.5545417150030607 -11.657911394513485
8.133129394401607 -4.39038050439818 -7.940986460867213
9.409271769317003 -3.587560930240868 -9.25511787373853
8.799796061068275 -3.1696415355433087 -11.113580340561667
4.8332977488643944 -10.012464126875813 -12.427711753432991
6.052249165361853 -10.848302916270931 -8.710786819786719
6.718915832028522 -11.936965024174565 -10.25038753762572
6.109440123779793 -11.519045629477006 -12.108850004448856
12.490151998356769 -7.224770426641103 -8.485317514819029
11.214009623441374 -8.027590000798414 -7.171186101947711
10.604533915192645 -9.919071682859359 -7.3966554069153965
11.271200581859313 -11.007733790762993 -8.936256124754399
4.8332977488643944 -8.37947096502036 -13.582412291812242
6.052249165361848 -4.59650760089847 -13.131473681876871
6.718915832028517 -5.685169708802103 -14.671074399715874
6.109440123779789 -7.576651390863048 -14.896543704683559
12.490151998356769 -5.59177726478565 -9.640018053198279
11.21400962344137 -4.0851957621844575 -9.958879802182413
10.604533915192642 -3.667276367486898 -11.817342269005549
11.27120058185931 -4.755938475390531 -13.356942986844551
10.409271769317014 -12.049699676658403 -10.409818412117785
8.523653686152889 -12.434599856118155 -10.954149466069603
7.91417797790416 -12.016680461420595 -12.81261193289274
10.40927176931701 -5.79790436128594 -14.830505274207937
8.523653686152885 -6.1828045407456935 -15.374836328159756
7.914177977904156 -8.074286222806638 -15.60030563312744
8.949661559798281 -8.631150036437882 6.461758971806857
9.892470601380344 -5.007617546808061 5.05423511491909
11.05913726804701 -6.577404879036385 4.636315720221528
10.587732747255979 -8.389171123851295 5.340077648665412
10.070981903357929 -1.7319601188634621 9.58765662949309
10.185363820193798 -3.2055224062268457 5.870731695846817
11.766244049233562 -2.226762349958566 6.607512839528509
11.709053090815626 -1.489981206276874 8.465975306351645
8.461506195109198 -7.9177170037603055 11.990450150268039
8.57588811194507 -9.39127929112369 8.273525216621767
9.6853638201938 -10.224285479670321 9.714068288747342
9.628172861775864 -9.487504335988628 11.572530755570478
15.692302246917567 -6.849570406012295 7.039109240996478
14.582826538668836 -6.016564217465664 5.598566168870901
13.001946309629073 -6.995324273733944 4.861785025189209
12.530541788838041 -8.807090518548854 5.565546953633094
13.640017497086772 -9.640096707095486 7.0060900257586685
15.220897726126534 -8.661336650827206 7.742871169440361
8.754399413922652 -6.11562186317909 12.806946731195767
9.697208455504715 -2.492089373549268 11.399422874308
10.806684163753447 -3.3250955620959 12.839965946433576
10.335279642962416 -5.136861806910812 13.543727874877458
15.985195465731021 -5.047475265431081 7.855605821924204
14.87571975748229 -4.214469076884448 6.415062749798629
13.709053090815624 -2.6446817446561255 6.8329821444961905
13.651862132397689 -1.9079006009744344 8.691444611319326
14.76133784064642 -2.740906789521066 10.131987683444903
15.928004507313085 -4.310694121749389 9.714068288747342
14.847124278273323 -9.421465905513013 9.554637414255271
13.26624404923356 -10.400225961781292 8.817856270573579
11.628172861775862 -10.64220487436788 9.939537593715023
11.570981903357927 -9.90542373068619 11.79800006053816
15.554231059459873 -5.070823376435195 11.525834533562252
14.387564392793207 -3.5010360442068715 11.943753928259813
12.74949320533551 -3.7430149567934596 13.065435251401258
12.278088684544478 -5.554781201608371 13.76919717984514
-15.242640687119279 -11.109743780627557 -9.080520035918411
-17.24264068711928 -7.645642165489803 -9.080520035918411
-18.24264068711928 -9.37769297305868 -9.080520035918411
-17.24264068711928 -11.109743780627557 -9.080520035918411
-15.24264068711928 -4.8579484652551 -13.501206898008569
-17.24264068711928 -6.01264900363435 -10.235220574297664
-18.24264068711928 -5.435298734444725 -11.868213736153114
-17.24264068711928 -4.857948465255099 -13.501206898008567
-11.828427124746185 -10.771539823176033 -13.501206898008567
-13.828427124746185 -11.926240361555283 -10.235220574297664
-13.828427124746185 -13.080940899934536 -11.868213736153114
-12.828427124746185 -12.503590630744911 -13.501206898008567
-11.828427124746185 -9.13854666132058 -14.655907436387817
-13.828427124746185 -5.674445046182825 -14.65590743638782
-13.828427124746186 -6.829145584562077 -16.28890059824327
-12.828427124746185 -8.561196392130954 -16.28890059824327
-11.69238815542511 -9.060004525762793 14.812991707503414
-13.692388155425112 -5.595902910625038 14.812991707503414
-14.606601717798206 -7.278424895337204 15.390341976693039
-13.606601717798206 -9.010475702906081 15.390341976693039
-10.57106781186547 -2.160814608188373 17.93888936518965
-13.39949493661166 -3.7938077700438235 15.62948828843114
-13.899494936611662 -2.927782366259386 17.36153909600002
-12.485281374238568 -2.1112857853316607 18.51623963437927
-7.156854249492376 -8.074405966109305 17.938889365189645
-9.985281374238564 -9.707399127964758 15.629488288431139
-9.485281374238564 -10.573424531749197 17.361539096000016
-8.071067811865472 -9.75692795082147 18.516239634379268
-15.60660171779821 -7.8557751645268326 20.487436753686243
-16.106601717798206 -6.989749760742393 18.755385946117368
-15.606601717798208 -7.855775164526831 17.02333513854849
-14.606601717798208 -9.587825972095708 17.02333513854849
-14.106601717798208 -10.453851375880149 18.755385946117364
-14.60660171779821 -9.587825972095711 20.487436753686247
-6.863961030678924 -6.27231082552809 18.75538594611737
-8.863961030678924 -2.8082092103903364 18.755385946117375
-8.363961030678926 -3.6742346141747757 20.48743675368625
-7.363961030678925 -5.406285421743653 20.48743675368625
8.949661559798285 8.969254795289485 -5.983606636336038
9.892470601380346 6.434384413563299 -3.036482061609266
11.059137268047014 6.563628673666042 -4.655798216694302
10.587732747255982 7.831063864529137 -6.129360504057688
10.07098190335793 9.616649397491452 1.5629778834403476
10.185363820193801 6.603486392289063 -1.0652849423022883
11.766244049233562 6.971876964129908 0.10309260284737887
11.70905309081563 8.478458466731103 1.4172240157186966
8.461506195109202 13.943943815565156 -3.4680784630772443
8.575888111945071 10.930780810362767 -6.096341288819881
9.685363820193803 12.566606573066705 -6.401526031033598
9.62817286177587 14.0731880756679 -5.08739461816228
15.69230224691757 8.919725972432767 -4.111467162742487
14.58282653866884 7.283900209728829 -3.8062824205287695
13.001946309629076 6.915509637887983 -4.974659965678437
12.530541788838045 8.182944828751076 -6.448222253041823
13.640017497086776 9.818770591455014 -6.753406995255541
15.220897726126537 10.18716116329586 -5.585029450105874
8.754399413922656 14.113045794290919 -1.4968813437702666
9.697208455504718 11.578175412564734 1.450243230956505
10.806684163753449 13.214001175268672 1.1450584887427864
10.335279642962417 14.481436366131764 -0.328503798620599
15.985195465731023 9.08882795115853 -2.14027004343551
14.875719757482292 7.453002188454592 -1.835085301221792
13.709053090815626 7.3237579283518475 -0.2157691461367559
13.651862132397692 8.830339430953043 1.0983622667345623
14.761337840646423 10.466165193656982 0.7931775245208437
15.928004507313087 10.595409453759725 -0.826138630564192
14.847124278273327 12.14868717836914 -5.697764102589716
13.266244049233563 11.780296606528296 -6.866141647739383
11.628172861775866 12.918487537288645 -6.720387780017733
11.570981903357932 14.42506903988984 -5.406256367146415
15.554231059459877 12.556935468833007 -0.938873283048034
14.38756439279321 12.427691208730263 0.6804428720370024
12.749493205335513 13.565882139490611 0.8261967397586525
12.278088684544482 14.833317330353704 -0.6473655476047333
-11.692388155425116 16.98582402330195 -3.6041902811624285
-13.692388155425114 15.831123484922696 -0.33820395745152326
-14.60660171779821 16.936295200445233 -1.732050807568875
-13.606601717798211 17.51364546963486 -3.3650439694243275
-10.57106781186547 17.63321862550391 3.942394238613957
-13.399494936611662 16.00022546364846 1.6329931618554545
-13.899494936611664 17.344543490909096 3.0268400119728067
-12.485281374238568 18.161040071836823 4.181540550352058
-7.156854249492379 19.60441574481089 -1.6329931618554492
-9.98528137423857 17.97142258295544 -3.9423942386139528
-9.485281374238571 19.893090879405705 -4.181540550352053
-8.071067811865476 20.70958746033343 -3.026840011972801
-15.606601717798213 21.934332331725017 -0.5773502691896218
-16.106601717798213 20.01266403527475 -0.3382039574515225
-15.606601717798213 18.66834600801411 -1.732050807568874
-14.606601717798213 19.245696277203738 -3.365043969424327
-14.106601717798213 21.167364573654005 -3.6041902811624267
-14.606601717798215 22.511682600914643 -2.2103434310450747
-6.863961030678926 19.773517723536653 0.3382039574515283
-8.863961030678924 18.6188171851574 3.604190281162432
-8.363961030678926 20.540485481607668 3.3650439694243324
-7.3639610306789285 21.117835750797294 1.7320508075688803
-15.313708498984761 22.10343431045078 1.3938468501173555
-15.81370849898476 20.181766014000512 1.6329931618554556
-14.899494936611664 19.076594298477975 3.0268400119728067
-13.485281374238568 19.8930908794057 4.181540550352058
-12.98528137423857 21.81475917585597 3.9423942386139585
-13.899494936611665 22.919930891378506 2.5485473884966066
8.863961030678922 -18.618817185157397 -3.60419028116244
6.863961030678923 -19.773517723536646 -0.3382039574515352
7.363961030678921 -21.117835750797283 -1.7320508075688874
8.36396103067892 -20.54048548160766 -3.36504396942434
9.985281374238568 -17.971422582955437 3.942394238613946
7.156854249492376 -19.604415744810883 1.6329931618554425
8.071067811865472 -20.709587460333424 3.026840011972794
9.485281374238568 -19.8930908794057 4.181540550352046
13.399494936611662 -16.000225463648462 -1.632993161855461
10.571067811865468 -17.633218625503908 -3.9423942386139643
12.485281374238564 -18.161040071836823 -4.181540550352065
13.89949493661166 -17.3445434909091 -3.026840011972814
11.192388155425109 -24.482879720221618 -0.5773502691896383
9.278174593052015 -23.955058273888703 -0.33820395745153764
8.363961030678919 -22.849886558366162 -1.7320508075688883
9.363961030678919 -22.272536289176536 -3.3650439694243404
11.278174593052013 -22.80035773550945 -3.604190281162441
12.192388155425107 -23.905529451031992 -2.2103434310450902
13.692388155425116 -15.8311234849227 0.3382039574515166
11.692388155425116 -16.985824023301948 3.6041902811624205
13.60660171779821 -17.513645469634863 3.36504396942432
14.60660171779821 -16.936295200445237 1.732050807568868
11.48528137423856 -24.313777741495855 1.3938468501173393
9.571067811865467 -23.78595629516294 1.6329931618554403
9.071067811865468 -22.441638267902302 3.0268400119727925
10.485281374238564 -21.62514168697458 4.181540550352044
12.39949493661166 -22.152963133307495 3.942394238613944
12.899494936611656 -23.497281160568132 2.548547388496591
8.86396103067893 2.808209210390322 -18.755385946117375
6.863961030678929 6.272310825528076 -18.755385946117375
7.363961030678929 5.406285421743637 -20.48743675368625
8.36396103067893 3.6742346141747593 -20.48743675368625
9.985281374238573 9.707399127964745 -15.629488288431148
7.1568542494923815 8.074405966109293 -17.93888936518965
8.071067811865479 9.756927950821456 -18.516239634379275
9.485281374238575 10.573424531749183 -17.361539096000026
13.399494936611667 3.79380777004381 -15.629488288431146
10.571067811865476 2.160814608188357 -17.93888936518965
12.485281374238571 2.1112857853316447 -18.516239634379275
13.899494936611667 2.9277823662593696 -17.361539096000023
11.192388155425121 7.616628852788713 -23.275130453920955
9.278174593052025 7.666157675645426 -22.69778018473133
8.363961030678931 5.983635690933262 -22.120429915541703
9.36396103067893 4.251584883364384 -22.120429915541703
11.278174593052023 4.202056060507671 -22.69778018473133
12.192388155425121 5.884578045219835 -23.275130453920955
13.692388155425121 5.595902910625026 -14.812991707503421
11.692388155425121 9.060004525762782 -14.812991707503421
13.606601717798217 9.010475702906067 -15.390341976693048
14.606601717798215 7.27842489533719 -15.390341976693048
11.485281374238573 9.418723993369928 -22.45863387299323
9.571067811865479 9.468252816226641 -21.881283603803602
9.071067811865479 10.334278220011083 -20.149232796234728
10.485281374238573 11.150774800938807 -18.994532257855475
12.399494936611669 11.101245978082094 -19.5718825270451
12.899494936611669 10.235220574297655 -21.30393333461398
13.899494936611667 5.237183443017872 -22.45863387299323
12.985281374238571 3.554661458305708 -21.881283603803602
13.485281374238571 2.6886360545212704 -20.149232796234728
14.899494936611667 3.505132635448996 -18.994532257855475
15.813708498984763 5.18765462016116 -19.5718825270451
15.313708498984763 6.053680023945598 -21.303933334613976
13.828427124746193 5.674445046182836 14.655907436387821
11.828427124746195 9.13854666132059 14.655907436387821
12.828427124746195 8.561196392130963 16.288900598243274
13.828427124746195 6.829145584562087 16.288900598243274
13.828427124746195 11.926240361555292 10.235220574297667
11.828427124746193 10.771539823176042 13.501206898008569
12.828427124746195 12.503590630744918 13.501206898008569
13.828427124746195 13.080940899934545 11.868213736153118
17.242640687119287 6.01264900363436 10.235220574297664
15.24264068711929 4.857948465255109 13.50120689800857
17.24264068711929 4.8579484652551095 13.50120689800857
18.24264068711929 5.435298734444734 11.868213736153118
17.24264068711929 11.109743780627568 17.443601136622522
15.242640687119291 11.109743780627568 17.443601136622522
14.242640687119291 9.37769297305869 17.443601136622522
15.242640687119291 7.645642165489813 17.443601136622522
17.24264068711929 7.645642165489813 17.443601136622522
18.24264068711929 9.37769297305869 17.443601136622522
17.242640687119287 7.645642165489812 9.080520035918413
15.24264068711929 11.109743780627568 9.080520035918413
17.242640687119287 11.109743780627566 9.080520035918413
18.24264068711929 9.37769297305869 9.080520035918415
17.24264068711929 12.742736942483019 16.28890059824327
15.242640687119291 12.742736942483019 16.28890059824327
14.242640687119291 13.320087211672645 14.65590743638782
15.242640687119291 13.897437480862271 13.022914274532368
17.24264068711929 13.897437480862271 13.022914274532367
18.24264068711929 13.320087211672647 14.65590743638782
19.656854249492387 8.561196392130963 16.288900598243274
18.656854249492387 6.829145584562086 16.288900598243274
18.656854249492383 5.674445046182836 14.655907436387821
19.656854249492383 6.251795315372462 13.022914274532368
20.656854249492387 7.983846122941339 13.022914274532368
20.656854249492387 9.13854666132059 14.65590743638782
19.656854249492387 12.503590630744918 13.501206898008569
18.656854249492383 13.080940899934545 11.868213736153116
18.656854249492383 11.926240361555294 10.235220574297664
19.656854249492387 10.194189553986416 10.235220574297664
20.656854249492383 9.61683928479679 11.868213736153116
20.656854249492387 10.771539823176042 13.501206898008569
8 0 1 2 3 4 5 6 7
8 8 9 10 11 12 13 14 15
8 16 17 18 19 20 21 22 23
8 24 25 26 27 28 29 30 31
8 32 33 34 35 36 37 38 39
8 40 41 42 43 44 45 46 47
4 11 3 4 12
4 19 2 1 20
4 27 5 6 28
4 18 10 9 17
4 35 0 7 36
4 26 13 14 25
4 43 8 15 44
4 34 21 22 33
4 42 16 23 41
4 37 29 30 38
4 45 24 31 46
4 40 32 39 47
6 10 11 3 2 19 18
6 27 5 4 12 13 26
6 35 0 1 20 21 34
6 29 28 6 7 36 37
6 43 8 9 17 16 42
6 24 25 14 15 44 45
6 32 33 22 23 41 40
6 39 38 30 31 46 47
8 48 49 50 51 52 53 54 55
8 56 57 58 59 60 61 62 63
8 64 65 66 67 68 69 70 71
8 72 73 74 75 76 77 78 79
8 80 81 82 83 84 85 86 87
8 88 89 90 91 92 93 94 95
4 50 51 59 58
4 53 52 67 66
4 61 60 68 69
4 75 49 48 76
4 83 54 55 84
4 74 57 56 73
4 91 62 63 92
4 82 65 64 81
4 90 70 71 89
4 85 77 78 86
4 93 72 79 94
4 88 80 87 95
6 60 59 51 52 67 68
6 75 49 50 58 57 74
6 83 54 53 66 65 82
6 91 62 61 69 70 90
6 77 76 48 55 84 85
6 72 73 56 63 92 93
6 80 81 64 71 89 88
6 87 86 78 79 94 95
8 96 97 98 99 100 101 102 103
8 104 105 106 107 108 109 110 111
8 112 113 114 115 116 117 118 119
8 120 121 122 123 124 125 126 127
8 128 129 130 131 132 133 134 135
8 136 137 138 139 140 141 142 143
4 107 99 100 108
4 97 98 115 114
4 102 101 123 122
4 105 106 116 117
4 110 109 124 125
4 131 96 103 132
4 139 104 111 140
4 130 113 112 129
4 138 118 119 137
4 133 121 120 134
4 141 126 127 142
4 136 128 135 143
6 115 98 99 107 106 116
6 123 101 100 108 109 124
6 131 96 97 114 113 130
6 132 103 102 122 121 133
6 139 104 105 117 118 138
6 140 111 110 125 126 141
6 128 129 112 119 137 136
6 135 134 120 127 142 143
8 144 145 146 147 148 149 150 151
8 152 153 154 155 156 157 158 159
8 160 161 162 163 164 165 166 167
8 168 169 170 171 172 173 174 175
8 176 177 178 179 180 181 182 183
8 184 185 186 187 188 189 190 191
4 155 147 148 156
4 145 146 163 162
4 150 149 171 170
4 153 154 164 165
4 158 157 172 173
4 179 144 151 180
4 187 152 159 188
4 178 161 160 177
4 186 166 167 185
4 181 169 168 182
4 189 174 175 190
4 184 176 183 191
6 163 146 147 155 154 164
6 171 149 148 156 157 172
6 179 144 145 162 161 178
6 180 151 150 170 169 181
6 187 152 153 165 166 186
6 188 159 158 173 174 189
6 176 177 160 167 185 184
6 183 182 168 175 190 191
8 192 193 194 195 196 197 198 199
8 200 201 202 203 204 205 206 207
8 208 209 210 211 212 213 214 215
8 216 217 218 219 220 221 222 223
8 224 225 226 227 228 229 230 231
8 232 233 234 235 236 237 238 239
4 203 195 196 204
4 211 194 193 212
4 198 197 219 218
4 201 202 210 209
4 199 192 227 226
4 206 205 220 221
4 214 213 228 229
4 235 200 207 236
4 234 208 215 233
4 225 217 216 224
4 237 222 223 238
4 232 230 231 239
6 202 203 195 194 211 210
6 219 197 196 204 205 220
6 227 192 193 212 213 228
6 217 218 198 199 226 225
6 235 200 201 209 208 234
6 236 207 206 221 222 237
6 233 215 214 229 230 232
6 231 224 216 223 238 239
8 240 241 242 243 244 245 246 247
8 248 249 250 251 252 253 254 255
8 256 257 258 259 260 261 262 263
8 264 265 266 267 268 269 270 271
8 272 273 274 275 276 277 278 279
8 280 281 282 283 284 285 286 287
4 251 243 244 252
4 241 242 259 258
4 246 245 267 266
4 249 250 260 261
4 254 253 268 269
4 275 240 247 276
4 283 248 255 284
4 274 257 256 273
4 282 262 263 281
4 277 265 264 278
4 285 270 271 286
4 280 272 279 287
6 259 242 243 251 250 260
6 267 245 244 252 253 268
6 275 240 241 258 257 274
6 276 247 246 266 265 277
6 283 248 249 261 262 282
6 284 255 254 269 270 285
6 272 273 256 263 281 280
6 279 278 264 271 286 287
8 288 289 290 291 292 293 294 295
8 296 297 298 299 300 301 302 303
8 304 305 306 307 308 309 310 311
8 312 313 314 315 316 317 318 319
8 320 321 322 323 324 325 326 327
8 328 329 330 331 332 333 334 335
4 299 291 292 300
4 307 290 289 308
4 315 293 294 316
4 297 298 306 305
4 323 288 295 324
4 302 301 314 313
4 310 309 322 321
4 331 296 303 332
4 318 317 325 326
4 330 304 311 329
4 333 312 319 334
4 328 320 327 335
6 298 299 291 290 307 306
6 315 293 292 300 301 314
6 323 288 289 308 309 322
6 317 316 294 295 324 325
6 331 296 297 305 304 330
6 332 303 302 313 312 333
6 329 311 310 321 320 328
6 334 319 318 326 327 335
8 336 337 338 339 340 341 342 343
8 344 345 346 347 348 349 350 351
8 352 353 354 355 356 357 358 359
8 360 361 362 363 364 365 366 367
8 368 369 370 371 372 373 374 375
8 376 377 378 379 380 381 382 383
4 347 339 340 348
4 355 338 337 356
4 342 341 363 362
4 345 346 354 353
4 343 336 371 370
4 350 349 364 365
4 358 357 372 373
4 379 344 351 380
4 378 352 359 377
4 369 361 360 368
4 381 366 367 382
4 376 374 375 383
6 346 347 339 338 355 354
6 363 341 340 348 349 364
6 371 336 337 356 357 372
6 361 362 342 343 370 369
6 379 344 345 353 352 378
6 380 351 350 365 366 381
6 377 359 358 373 374 376
6 375 368 360 367 382 383
8 384 385 386 387 388 389 390 391
8 392 393 394 395 396 397 398 399
8 400 401 402 403 404 405 406 407
8 408 409 410 411 412 413 414 415
8 416 417 418 419 420 421 422 423
8 424 425 426 427 428 429 430 431
4 395 387 388 396
4 403 386 385 404
4 411 389 390 412
4 393 394 402 401
4 419 384 391 420
4 398 397 410 409
4 406 405 418 417
4 427 392 399 428
4 414 413 421 422
4 426 400 407 425
4 429 408 415 430
4 424 416 423 431
6 394 395 387 386 403 402
6 411 389 388 396 397 410
6 419 384 385 404 405 418
6 413 412 390 391 420 421
6 427 392 393 401 400 426
6 428 399 398 409 408 429
6 425 407 406 417 416 424
6 430 415 414 422 423 431
8 432 433 434 435 436 437 438 439
8 440 441 442 443 444 445 446 447
8 448 449 450 451 452 453 454 455
8 456 457 458 459 460 461 462 463
8 464 465 466 467 468 469 470 471
8 472 473 474 475 476 477 478 479
4 443 435 436 444
4 451 434 433 452
4 438 437 459 458
4 441 442 450 449
4 439 432 467 466
4 446 445 460 461
4 454 453 468 469
4 475 440 447 476
4 474 448 455 473
4 465 457 456 464
4 477 462 463 478
4 472 470 471 479
6 442 443 435 434 451 450
6 459 437 436 444 445 460
6 467 432 433 452 453 468
6 457 458 438 439 466 465
6 475 440 441 449 448 474
6 476 447 446 461 462 477
6 473 455 454 469 470 472
6 471 464 456 463 478 479
8 480 481 482 483 484 485 486 487
8 488 489 490 491 492 493 494 495
8 496 497 498 499 500 501 502 503
8 504 505 506 507 508 509 510 511
8 512 513 514 515 516 517 518 519
8 520 521 522 523 524 525 526 527
4 491 483 484 492
4 499 482 481 500
4 507 485 486 508
4 489 490 498 497
4 515 480 487 516
4 494 493 506 505
4 502 501 514 513
4 523 488 495 524
4 510 509 517 518
4 522 496 503 521
4 525 504 511 526
4 520 512 519 527
6 490 491 483 482 499 498
6 507 485 484 492 493 506
6 515 480 481 500 501 514
6 509 508 486 487 516 517
6 523 488 489 497 496 522
6 524 495 494 505 504 525
6 521 503 502 513 512 520
6 526 511 510 518 519 527
8 528 529 530 531 532 533 534 535
8 536 537 538 539 540 541 542 543
8 544 545 546 547 548 549 550 551
8 552 553 554 555 556 557 558 559
8 560 561 562 563 564 565 566 567
8 568 569 570 571 572 573 574 575
4 539 531 532 540
4 547 530 529 548
4 546 538 537 545
4 534 533 555 554
4 535 528 563 562
4 542 541 556 557
4 543 536 571 570
4 550 549 564 565
4 551 544 572 573
4 561 553 552 560
4 569 558 559 568
4 574 566 567 575
6 538 539 531 530 547 546
6 555 533 532 540 541 556
6 563 528 529 548 549 564
6 571 536 537 545 544 572
6 553 554 534 535 562 561
6 558 557 542 543 570 569
6 566 565 550 551 573 574
6 567 560 552 559 568 575
8 576 577 578 579 580 581 582 583
8 584 585 586 587 588 589 590 591
8 592 593 594 595 596 597 598 599
8 600 601 602 603 604 605 606 607
8 608 609 610 611 612 613 614 615
8 616 617 618 619 620 621 622 623
4 587 579 580 588
4 595 578 577 596
4 603 581 582 604
4 585 586 594 593
4 611 576 583 612
4 590 589 602 601
4 598 597 610 609
4 619 584 591 620
4 606 605 613 614
4 618 592 599 617
4 621 600 607 622
4 616 608 615 623
6 586 587 579 578 595 594
6 603 581 580 588 589 602
6 611 576 577 596 597 610
6 605 604 582 583 612 613
6 619 584 585 593 592 618
6 620 591 590 601 600 621
6 617 599 598 609 608 616
6 622 607 606 614 615 623
8 624 625 626 627 628 629 630 631
8 632 633 634 635 636 637 638 639
8 640 641 642 643 644 645 646 647
8 648 649 650 651 652 653 654 655
8 656 657 658 659 660 661 662 663
8 664 665 666 667 668 669 670 671
4 635 627 628 636
4 643 626 625 644
4 642 634 633 641
4 630 629 651 650
4 631 624 659 658
4 638 637 652 653
4 639 632 667 666
4 646 645 660 661
4 647 640 668 669
4 657 649 648 656
4 665 654 655 664
4 670 662 663 671
6 634 635 627 626 643 642
6 651 629 628 636 637 652
6 659 624 625 644 645 660
6 667 632 633 641 640 668
6 649 650 630 631 658 657
6 654 653 638 639 666 665
6 662 661 646 647 669 670
6 663 656 648 655 664 671
8 672 673 674 675 676 677 678 679
8 680 681 682 683 684 685 686 687
8 688 689 690 691 692 693 694 695
8 696 697 698 699 700 701 702 703
8 704 705 706 707 708 709 710 711
8 712 713 714 715 716 717 718 719
4 683 675 676 684
4 691 674 673 692
4 699 677 678 700
4 690 682 681 689
4 707 672 679 708
4 686 685 698 697
4 687 680 715 714
4 694 693 706 705
4 695 688 716 717
4 702 701 709 710
4 713 696 703 712
4 718 704 711 719
6 682 683 675 674 691 690
6 699 677 676 684 685 698
6 707 672 673 692 693 706
6 701 700 678 679 708 709
6 715 680 681 689 688 716
6 696 697 686 687 714 713
6 704 705 694 695 717 718
6 712 703 702 710 711 719
8 720 721 722 723 724 725 726 727
8 728 729 730 731 732 733 734 735
8 736 737 738 739 740 741 742 743
8 744 745 746 747 748 749 750 751
8 752 753 754 755 756 757 758 759
8 760 761 762 763 764 765 766 767
4 731 723 724 732
4 739 722 721 740
4 747 725 726 748
4 729 730 738 737
4 755 720 727 756
4 734 733 746 745
4 742 741 754 753
4 763 728 735 764
4 750 749 757 758
4 762 736 743 761
4 765 744 751 766
4 760 752 759 767
6 730 731 723 722 739 738
6 747 725 724 732 733 746
6 755 720 721 740 741 754
6 749 748 726 727 756 757
6 763 728 729 737 736 762
6 764 735 734 745 744 765
6 761 743 742 753 752 760
6 766 751 750 758 759 767
8 768 769 770 771 772 773 774 775
8 776 777 778 779 780 781 782 783
8 784 785 786 787 788 789 790 791
8 792 793 794 795 796 797 798 799
8 800 801 802 803 804 805 806 807
8 808 809 810 811 812 813 814 815
4 779 771 772 780
4 787 770 769 788
4 795 773 774 796
4 786 778 777 785
4 803 768 775 804
4 782 781 794 793
4 783 776 811 810
4 790 789 802 801
4 791 784 812 813
4 798 797 805 806
4 809 792 799 808
4 814 800 807 815
6 778 779 771 770 787 786
6 795 773 772 780 781 794
6 803 768 769 788 789 802
6 797 796 774 775 804 805
6 811 776 777 785 784 812
6 792 793 782 783 810 809
6 800 801 790 791 813 814
6 808 799 798 806 807 815
8 816 817 818 819 820 821 822 823
8 824 825 826 827 828 829 830 831
8 832 833 834 835 836 837 838 839
8 840 841 842 843 844 845 846 847
8 848 849 850 851 852 853 854 855
8 856 857 858 859 860 861 862 863
4 827 819 820 828
4 835 818 817 836
4 843 821 822 844
4 825 826 834 833
4 851 816 823 852
4 830 829 842 841
4 838 837 850 849
4 859 824 831 860
4 846 845 853 854
4 858 832 839 857
4 861 840 847 862
4 856 848 855 863
6 826 827 819 818 835 834
6 843 821 820 828 829 842
6 851 816 817 836 837 850
6 845 844 822 823 852 853
6 859 824 825 833 832 858
6 860 831 830 841 840 861
6 857 839 838 849 848 856
6 862 847 846 854 855 863
8 864 865 866 867 868 869 870 871
8 872 873 874 875 876 877 878 879
8 880 881 882 883 884 885 886 887
8 888 889 890 891 892 893 894 895
8 896 897 898 899 900 901 902 903
8 904 905 906 907 908 909 910 911
4 875 867 868 876
4 883 866 865 884
4 891 869 870 892
4 882 874 873 881
4 899 864 871 900
4 890 877 878 889
4 907 872 879 908
4 886 885 898 897
4 887 880 906 905
4 894 893 901 902
4 895 888 909 910
4 904 896 903 911
6 874 875 867 866 883 882
6 891 869 868 876 877 890
6 899 864 865 884 885 898
6 893 892 870 871 900 901
6 907 872 873 881 880 906
6 888 889 878 879 908 909
6 896 897 886 887 905 904
6 903 902 894 895 910 911
8 912 913 914 915 916 917 918 919
8 920 921 922 923 924 925 926 927
8 928 929 930 931 932 933 934 935
8 936 937 938 939 940 941 942 943
8 944 945 946 947 948 949 950 951
8 952 953 954 955 956 957 958 959
4 923 915 916 924
4 931 914 913 932
4 939 917 918 940
4 930 922 921 929
4 947 912 919 948
4 926 925 938 937
4 927 920 955 954
4 934 933 946 945
4 935 928 956 957
4 942 941 949 950
4 953 936 943 952
4 958 944 951 959
6 922 923 915 914 931 930
6 939 917 916 924 925 938
6 947 912 913 932 933 946
6 941 940 918 919 948 949
6 955 920 921 929 928 956
6 936 937 926 927 954 953
6 944 945 934 935 957 958
6 952 943 942 950 951 959
8 960 961 962 963 964 965 966 967
8 968 969 970 971 972 973 974 975
8 976 977 978 979 980 981 982 983
8 984 985 986 987 988 989 990 991
8 992 993 994 995 996 997 998 999
8 1000 1001 1002 1003 1004 1005 1006 1007
4 971 963 964 972
4 979 962 961 980
4 987 965 966 988
4 978 970 969 977
4 995 960 967 996
4 986 973 974 985
4 1003 968 975 1004
4 982 981 994 993
4 983 976 1002 1001
4 990 989 997 998
4 991 984 1005 1006
4 1000 992 999 1007
6 970 971 963 962 979 978
6 987 965 964 972 973 986
6 995 960 961 980 981 994
6 989 988 966 967 996 997
6 1003 968 969 977 976 1002
6 984 985 974 975 1004 1005
6 992 993 982 983 1001 1000
6 999 998 990 991 1006 1007
8 1008 1009 1010 1011 1012 1013 1014 1015
8 1016 1017 1018 1019 1020 1021 1022 1023
8 1024 1025 1026 1027 1028 1029 1030 1031
8 1032 1033 1034 1035 1036 1037 1038 1039
8 1040 1041 1042 1043 1044 1045 1046 1047
8 1048 1049 1050 1051 1052 1053 1054 1055
4 1019 1011 1012 1020
4 1027 1010 1009 1028
4 1035 1013 1014 1036
4 1026 1018 1017 1025
4 1043 1008 1015 1044
4 1034 1021 1022 1033
4 1051 1016 1023 1052
4 1030 1029 1042 1041
4 1031 1024 1050 1049
4 1038 1037 1045 1046
4 1039 1032 1053 1054
4 1048 1040 1047 1055
6 1018 1019 1011 1010 1027 1026
6 1035 1013 1012 1020 1021 1034
6 1043 1008 1009 1028 1029 1042
6 1037 1036 1014 1015 1044 1045
6 1051 1016 1017 1025 1024 1050
6 1032 1033 1022 1023 1052 1053
6 1040 1041 1030 1031 1049 1048
6 1047 1046 1038 1039 1054 1055
8 1056 1057 1058 1059 1060 1061 1062 1063
8 1064 1065 1066 1067 1068 1069 1070 1071
8 1072 1073 1074 1075 1076 1077 1078 1079
8 1080 1081 1082 1083 1084 1085 1086 1087
8 1088 1089 1090 1091 1092 1093 1094 1095
8 1096 1097 1098 1099 1100 1101 1102 1103
4 1067 1059 1060 1068
4 1075 1058 1057 1076
4 1083 1061 1062 1084
4 1074 1066 1065 1073
4 1091 1056 1063 1092
4 1082 1069 1070 1081
4 1099 1064 1071 1100
4 1090 1077 1078 1089
4 1098 1072 1079 1097
4 1086 1085 1093 1094
4 1087 1080 1101 1102
4 1095 1088 1096 1103
6 1066 1067 1059 1058 1075 1074
6 1083 1061 1060 1068 1069 1082
6 1091 1056 1057 1076 1077 1090
6 1085 1084 1062 1063 1092 1093
6 1099 1064 1065 1073 1072 1098
6 1080 1081 1070 1071 1100 1101
6 1088 1089 1078 1079 1097 1096
6 1095 1094 1086 1087 1102 1103
8 1104 1105 1106 1107 1108 1109 1110 1111
8 1112 1113 1114 1115 1116 1117 1118 1119
8 1120 1121 1122 1123 1124 1125 1126 1127
8 1128 1129 1130 1131 1132 1133 1134 1135
8 1136 1137 1138 1139 1140 1141 1142 1143
8 1144 1145 1146 1147 1148 1149 1150 1151
4 1115 1107 1108 1116
4 1123 1106 1105 1124
4 1131 1109 1110 1132
4 1122 1114 1113 1121
4 1139 1104 1111 1140
4 1130 1117 1118 1129
4 1147 1112 1119 1148
4 1138 1125 1126 1137
4 1146 1120 1127 1145
4 1141 1133 1134 1142
4 1149 1128 1135 1150
4 1144 1136 1143 1151
6 1114 1115 1107 1106 1123 1122
6 1131 1109 1108 1116 1117 1130
6 1139 1104 1105 1124 1125 1138
6 1133 1132 1110 1111 1140 1141
6 1147 1112 1113 1121 1120 1146
6 1128 1129 1118 1119 1148 1149
6 1136 1137 1126 1127 1145 1144
6 1143 1142 1134 1135 1150 1151
4 2 3 51 52
4 10 11 59 60
4 18 19 67 68
4 11 3 51 59
4 19 2 52 67
4 18 10 60 68
6 10 11 3 2 19 18
6 60 59 51 52 67 68
4 5 4 99 98
4 13 12 107 106
4 26 27 115 116
4 12 4 99 107
4 27 5 98 115
4 26 13 106 116
6 27 5 4 12 13 26
6 115 98 99 107 106 116
4 1152 1153 1154 1155
4 1156 1157 1158 1159
4 1160 1161 1162 1163
4 1157 1153 1154 1158
4 1161 1152 1155 1162
4 1160 1156 1159 1163
6 1161 1152 1153 1157 1156 1160
6 1162 1155 1154 1158 1159 1163
4 0 1 147 146
4 21 20 155 154
4 34 35 163 164
4 20 1 147 155
4 35 0 146 163
4 34 21 154 164
6 35 0 1 20 21 34
6 163 146 147 155 154 164
4 1164 1165 1166 1167
4 1168 1169 1170 1171
4 1172 1173 1174 1175
4 1169 1165 1166 1170
4 1173 1164 1167 1174
4 1172 1168 1171 1175
6 1173 1164 1165 1169 1168 1172
6 1174 1167 1166 1170 1171 1175
4 7 6 195 194
4 29 28 203 202
4 37 36 211 210
4 28 6 195 203
4 36 7 194 211
4 37 29 202 210
6 29 28 6 7 36 37
6 202 203 195 194 211 210
4 8 9 243 242
4 16 17 251 250
4 42 43 259 260
4 17 9 243 251
4 43 8 242 259
4 42 16 250 260
6 43 8 9 17 16 42
6 259 242 243 251 250 260
4 1176 1177 1178 1179
4 1180 1181 1182 1183
4 1184 1185 1186 1187
4 1181 1177 1178 1182
4 1185 1176 1179 1186
4 1184 1180 1183 1187
6 1185 1176 1177 1181 1180 1184
6 1186 1179 1178 1182 1183 1187
4 1188 1189 1190 1191
4 1192 1193 1194 1195
4 1196 1197 1198 1199
4 1193 1189 1190 1194
4 1197 1188 1191 1198
4 1196 1192 1195 1199
6 1197 1188 1189 1193 1192 1196
6 1198 1191 1190 1194 1195 1199
4 1200 1201 291 290
4 1202 1203 1204 1205
4 1206 1207 1208 1209
4 1203 1201 291 1204
4 1207 1200 290 1208
4 1206 1202 1205 1209
6 1202 1203 1201 1200 1207 1206
6 1205 1204 291 290 1208 1209
4 15 14 339 338
4 24 25 347 346
4 45 44 355 354
4 25 14 339 347
4 44 15 338 355
4 45 24 346 354
6 24 25 14 15 44 45
6 346 347 339 338 355 354
4 1210 1211 292 293
4 1212 1213 1214 1215
4 1216 1217 1218 1219
4 1213 1211 292 1214
4 1217 1210 293 1218
4 1216 1212 1215 1219
6 1217 1210 1211 1213 1212 1216
6 1218 293 292 1214 1215 1219
4 1220 1221 1222 1223
4 1224 1225 1226 1227
4 1228 1229 1230 1231
4 1225 1221 1222 1226
4 1229 1220 1223 1230
4 1228 1224 1227 1231
6 1229 1220 1221 1225 1224 1228
6 1230 1223 1222 1226 1227 1231
4 1232 1233 1234 1235
4 1236 1237 1238 1239
4 1240 1241 1242 1243
4 1237 1233 1234 1238
4 1241 1232 1235 1242
4 1240 1236 1239 1243
6 1241 1232 1233 1237 1236 1240
6 1242 1235 1234 1238 1239 1243
4 1244 1245 387 386
4 1246 1247 1248 1249
4 1250 1251 1252 1253
4 1247 1245 387 1248
4 1251 1244 386 1252
4 1250 1246 1249 1253
6 1246 1247 1245 1244 1251 1250
6 1249 1248 387 386 1252 1253
4 23 22 435 434
4 32 33 443 442
4 40 41 451 450
4 33 22 435 443
4 41 23 434 451
4 40 32 442 450
6 32 33 22 23 41 40
6 442 443 435 434 451 450
4 1254 1255 289 288
4 1256 1257 1258 1259
4 1260 1261 1262 1263
4 1257 1255 289 1258
4 1261 1254 288 1262
4 1260 1256 1259 1263
6 1261 1254 1255 1257 1256 1260
6 1262 288 289 1258 1259 1263
4 1264 1265 388 389
4 1266 1267 1268 1269
4 1270 1271 1272 1273
4 1267 1265 388 1268
4 1271 1264 389 1272
4 1270 1266 1269 1273
6 1271 1264 1265 1267 1266 1270
6 1272 389 388 1268 1269 1273
4 1274 1275 1276 1277
4 1278 1279 1280 1281
4 1282 1283 1284 1285
4 1279 1275 1276 1280
4 1283 1274 1277 1284
4 1282 1278 1281 1285
6 1283 1274 1275 1279 1278 1282
6 1284 1277 1276 1280 1281 1285
4 1286 1287 1288 1289
4 1290 1291 1292 1293
4 1294 1295 1296 1297
4 1291 1287 1288 1292
4 1295 1286 1289 1296
4 1294 1290 1293 1297
6 1295 1286 1287 1291 1290 1294
6 1296 1289 1288 1292 1293 1297
4 1298 1299 483 482
4 1300 1301 1302 1303
4 1304 1305 1306 1307
4 1301 1299 483 1302
4 1305 1298 482 1306
4 1304 1300 1303 1307
6 1300 1301 1299 1298 1305 1304
6 1303 1302 483 482 1306 1307
4 31 30 531 530
4 39 38 539 538
4 47 46 547 546
4 38 30 531 539
4 46 31 530 547
4 47 39 538 546
6 39 38 30 31 46 47
6 538 539 531 530 547 546
4 1308 1309 294 295
4 1310 1311 1312 1313
4 1314 1315 1316 1317
4 1311 1309 294 1312
4 1315 1308 295 1316
4 1314 1310 1313 1317
6 1310 1311 1309 1308 1315 1314
6 1313 1312 294 295 1316 1317
4 1318 1319 385 384
4 1320 1321 1322 1323
4 1324 1325 1326 1327
4 1321 1319 385 1322
4 1325 1318 384 1326
4 1324 1320 1323 1327
6 1325 1318 1319 1321 1320 1324
6 1326 384 385 1322 1323 1327
4 1328 1329 484 485
4 1330 1331 1332 1333
4 1334 1335 1336 1337
4 1331 1329 484 1332
4 1335 1328 485 1336
4 1334 1330 1333 1337
6 1335 1328 1329 1331 1330 1334
6 1336 485 484 1332 1333 1337
4 1338 1339 1340 1341
4 1342 1343 1344 1345
4 1346 1347 1348 1349
4 1343 1339 1340 1344
4 1347 1338 1341 1348
4 1346 1342 1345 1349
6 1347 1338 1339 1343 1342 1346
6 1348 1341 1340 1344 1345 1349
4 1350 1351 1352 1353
4 1354 1355 1356 1357
4 1358 1359 1360 1361
4 1355 1351 1352 1356
4 1359 1350 1353 1360
4 1358 1354 1357 1361
6 1359 1350 1351 1355 1354 1358
6 1360 1353 1352 1356 1357 1361
4 1362 1363 579 578
4 1364 1365 1366 1367
4 1368 1369 1370 1371
4 1365 1363 579 1366
4 1369 1362 578 1370
4 1368 1364 1367 1371
6 1364 1365 1363 1362 1369 1368
6 1367 1366 579 578 1370 1371
4 79 78 627 626
4 87 86 635 634
4 95 94 643 642
4 86 78 627 635
4 94 79 626 643
4 95 87 634 642
6 87 86 78 79 94 95
6 634 635 627 626 643 642
4 1372 1373 390 391
4 1374 1375 1376 1377
4 1378 1379 1380 1381
4 1375 1373 390 1376
4 1379 1372 391 1380
4 1378 1374 1377 1381
6 1374 1375 1373 1372 1379 1378
6 1377 1376 390 391 1380 1381
4 1382 1383 481 480
4 1384 1385 1386 1387
4 1388 1389 1390 1391
4 1385 1383 481 1386
4 1389 1382 480 1390
4 1388 1384 1387 1391
6 1389 1382 1383 1385 1384 1388
6 1390 480 481 1386 1387 1391
4 1392 1393 580 581
4 1394 1395 1396 1397
4 1398 1399 1400 1401
4 1395 1393 580 1396
4 1399 1392 581 1400
4 1398 1394 1397 1401
6 1399 1392 1393 1395 1394 1398
6 1400 581 580 1396 1397 1401
4 1402 1403 1404 1405
4 1406 1407 1408 1409
4 1410 1411 1412 1413
4 1407 1403 1404 1408
4 1411 1402 1405 1412
4 1410 1406 1409 1413
6 1411 1402 1403 1407 1406 1410
6 1412 1405 1404 1408 1409 1413
4 296 297 1414 1415
4 304 305 1416 1417
4 330 331 1418 1419
4 305 297 1414 1416
4 331 296 1415 1418
4 330 304 1417 1419
6 331 296 297 305 304 330
6 1418 1415 1414 1416 1417 1419
4 127 120 1420 1421
4 135 134 1422 1423
4 143 142 1424 1425
4 134 120 1420 1422
4 142 127 1421 1424
4 143 135 1423 1425
6 135 134 120 127 142 143
6 1423 1422 1420 1421 1424 1425
4 1426 1427 723 722
4 1428 1429 1430 1431
4 1432 1433 1434 1435
4 1429 1427 723 1430
4 1433 1426 722 1434
4 1432 1428 1431 1435
6 1428 1429 1427 1426 1433 1432
6 1431 1430 723 722 1434 1435
4 1436 1437 486 487
4 1438 1439 1440 1441
4 1442 1443 1444 1445
4 1439 1437 486 1440
4 1443 1436 487 1444
4 1442 1438 1441 1445
6 1438 1439 1437 1436 1443 1442
6 1441 1440 486 487 1444 1445
4 1446 1447 577 576
4 1448 1449 1450 1451
4 1452 1453 1454 1455
4 1449 1447 577 1450
4 1453 1446 576 1454
4 1452 1448 1451 1455
6 1453 1446 1447 1449 1448 1452
6 1454 576 577 1450 1451 1455
4 303 302 1456 1457
4 312 313 1458 1459
4 333 332 1460 1461
4 313 302 1456 1458
4 332 303 1457 1460
4 333 312 1459 1461
6 332 303 302 313 312 333
6 1460 1457 1456 1458 1459 1461
4 1462 1463 724 725
4 1464 1465 1466 1467
4 1468 1469 1470 1471
4 1465 1463 724 1466
4 1469 1462 725 1470
4 1468 1464 1467 1471
6 1469 1462 1463 1465 1464 1468
6 1470 725 724 1466 1467 1471
4 392 393 1472 1473
4 400 401 1474 1475
4 426 427 1476 1477
4 401 393 1472 1474
4 427 392 1473 1476
4 426 400 1475 1477
6 427 392 393 401 400 426
6 1476 1473 1472 1474 1475 1477
4 1478 1479 1480 1481
4 1482 1483 1484 1485
4 1486 1487 1488 1489
4 1483 1479 1480 1484
4 1487 1478 1481 1488
4 1486 1482 1485 1489
6 1487 1478 1479 1483 1482 1486
6 1488 1481 1480 1484 1485 1489
4 175 168 1490 1491
4 183 182 1492 1493
4 191 190 1494 1495
4 182 168 1490 1492
4 190 175 1491 1494
4 191 183 1493 1495
6 183 182 168 175 190 191
6 1493 1492 1490 1491 1494 1495
4 1496 1497 819 818
4 1498 1499 1500 1501
4 1502 1503 1504 1505
4 1499 1497 819 1500
4 1503 1496 818 1504
4 1502 1498 1501 1505
6 1498 1499 1497 1496 1503 1502
6 1501 1500 819 818 1504 1505
4 1506 1507 582 583
4 1508 1509 1510 1511
4 1512 1513 1514 1515
4 1509 1507 582 1510
4 1513 1506 583 1514
4 1512 1508 1511 1515
6 1508 1509 1507 1506 1513 1512
6 1511 1510 582 583 1514 1515
4 399 398 1516 1517
4 408 409 1518 1519
4 429 428 1520 1521
4 409 398 1516 1518
4 428 399 1517 1520
4 429 408 1519 1521
6 428 399 398 409 408 429
6 1520 1517 1516 1518 1519 1521
4 1522 1523 721 720
4 1524 1525 1526 1527
4 1528 1529 1530 1531
4 1525 1523 721 1526
4 1529 1522 720 1530
4 1528 1524 1527 1531
6 1529 1522 1523 1525 1524 1528
6 1530 720 721 1526 1527 1531
4 311 310 1532 1533
4 320 321 1534 1535
4 328 329 1536 1537
4 321 310 1532 1534
4 329 311 1533 1536
4 328 320 1535 1537
6 329 311 310 321 320 328
6 1536 1533 1532 1534 1535 1537
4 1538 1539 820 821
4 1540 1541 1542 1543
4 1544 1545 1546 1547
4 1541 1539 820 1542
4 1545 1538 821 1546
4 1544 1540 1543 1547
6 1545 1538 1539 1541 1540 1544
6 1546 821 820 1542 1543 1547
4 488 489 1548 1549
4 496 497 1550 1551
4 522 523 1552 1553
4 497 489 1548 1550
4 523 488 1549 1552
4 522 496 1551 1553
6 523 488 489 497 496 522
6 1552 1549 1548 1550 1551 1553
4 223 216 1554 1555
4 231 224 1556 1557
4 239 238 1558 1559
4 224 216 1554 1556
4 238 223 1555 1558
4 239 231 1557 1559
6 231 224 216 223 238 239
6 1557 1556 1554 1555 1558 1559
4 271 264 1560 1561
4 279 278 1562 1563
4 287 286 1564 1565
4 278 264 1560 1562
4 286 271 1561 1564
4 287 279 1563 1565
6 279 278 264 271 286 287
6 1563 1562 1560 1561 1564 1565
4 1566 1567 678 679
4 1568 1569 1570 1571
4 1572 1573 1574 1575
4 1569 1567 678 1570
4 1573 1566 679 1574
4 1572 1568 1571 1575
6 1568 1569 1567 1566 1573 1572
6 1571 1570 678 679 1574 1575
4 1576 1577 726 727
4 1578 1579 1580 1581
4 1582 1583 1584 1585
4 1579 1577 726 1580
4 1583 1576 727 1584
4 1582 1578 1581 1585
6 1578 1579 1577 1576 1583 1582
6 1581 1580 726 727 1584 1585
4 495 494 1586 1587
4 504 505 1588 1589
4 525 524 1590 1591
4 505 494 1586 1588
4 524 495 1587 1590
4 525 504 1589 1591
6 524 495 494 505 504 525
6 1590 1587 1586 1588 1589 1591
4 1592 1593 817 816
4 1594 1595 1596 1597
4 1598 1599 1600 1601
4 1595 1593 817 1596
4 1599 1592 816 1600
4 1598 1594 1597 1601
6 1599 1592 1593 1595 1594 1598
6 1600 816 817 1596 1597 1601
4 319 318 1602 1603
4 327 326 1604 1605
4 335 334 1606 1607
4 326 318 1602 1604
4 334 319 1603 1606
4 335 327 1605 1607
6 334 319 318 326 327 335
6 1606 1603 1602 1604 1605 1607
4 407 406 1608 1609
4 416 417 1610 1611
4 424 425 1612 1613
4 417 406 1608 1610
4 425 407 1609 1612
4 424 416 1611 1613
6 425 407 406 417 416 424
6 1612 1609 1608 1610 1611 1613
4 584 585 1614 1615
4 592 593 1616 1617
4 618 619 1618 1619
4 593 585 1614 1616
4 619 584 1615 1618
4 618 592 1617 1619
6 619 584 585 593 592 618
6 1618 1615 1614 1616 1617 1619
4 367 360 1620 1621
4 375 368 1622 1623
4 383 382 1624 1625
4 368 360 1620 1622
4 382 367 1621 1624
4 383 375 1623 1625
6 375 368 360 367 382 383
6 1623 1622 1620 1621 1624 1625
4 1626 1627 774 775
4 1628 1629 1630 1631
4 1632 1633 1634 1635
4 1629 1627 774 1630
4 1633 1626 775 1634
4 1632 1628 1631 1635
6 1628 1629 1627 1626 1633 1632
6 1631 1630 774 775 1634 1635
4 1636 1637 822 823
4 1638 1639 1640 1641
4 1642 1643 1644 1645
4 1639 1637 822 1640
4 1643 1636 823 1644
4 1642 1638 1641 1645
6 1638 1639 1637 1636 1643 1642
6 1641 1640 822 823 1644 1645
4 591 590 1646 1647
4 600 601 1648 1649
4 621 620 1650 1651
4 601 590 1646 1648
4 620 591 1647 1650
4 621 600 1649 1651
6 620 591 590 601 600 621
6 1650 1647 1646 1648 1649 1651
4 503 502 1652 1653
4 512 513 1654 1655
4 520 521 1656 1657
4 513 502 1652 1654
4 521 503 1653 1656
4 520 512 1655 1657
6 521 503 502 513 512 520
6 1656 1653 1652 1654 1655 1657
4 415 414 1658 1659
4 423 422 1660 1661
4 431 430 1662 1663
4 422 414 1658 1660
4 430 415 1659 1662
4 431 423 1661 1663
6 430 415 414 422 423 431
6 1662 1659 1658 1660 1661 1663
4 728 729 1664 1665
4 736 737 1666 1667
4 762 763 1668 1669
4 737 729 1664 1666
4 763 728 1665 1668
4 762 736 1667 1669
6 763 728 729 737 736 762
6 1668 1665 1664 1666 1667 1669
4 463 456 1670 1671
4 471 464 1672 1673
4 479 478 1674 1675
4 464 456 1670 1672
4 478 463 1671 1674
4 479 471 1673 1675
6 471 464 456 463 478 479
6 1673 1672 1670 1671 1674 1675
4 1676 1677 870 871
4 1678 1679 1680 1681
4 1682 1683 1684 1685
4 1679 1677 870 1680
4 1683 1676 871 1684
4 1682 1678 1681 1685
6 1678 1679 1677 1676 1683 1682
6 1681 1680 870 871 1684 1685
4 1686 1687 918 919
4 1688 1689 1690 1691
4 1692 1693 1694 1695
4 1689 1687 918 1690
4 1693 1686 919 1694
4 1692 1688 1691 1695
6 1688 1689 1687 1686 1693 1692
6 1691 1690 918 919 1694 1695
4 735 734 1696 1697
4 744 745 1698 1699
4 765 764 1700 1701
4 745 734 1696 1698
4 764 735 1697 1700
4 765 744 1699 1701
6 764 735 734 745 744 765
6 1700 1697 1696 1698 1699 1701
4 599 598 1702 1703
4 608 609 1704 1705
4 616 617 1706 1707
4 609 598 1702 1704
4 617 599 1703 1706
4 616 608 1705 1707
6 617 599 598 609 608 616
6 1706 1703 1702 1704 1705 1707
4 511 510 1708 1709
4 519 518 1710 1711
4 527 526 1712 1713
4 518 510 1708 1710
4 526 511 1709 1712
4 527 519 1711 1713
6 526 511 510 518 519 527
6 1712 1709 1708 1710 1711 1713
4 824 825 1714 1715
4 832 833 1716 1717
4 858 859 1718 1719
4 833 825 1714 1716
4 859 824 1715 1718
4 858 832 1717 1719
6 859 824 825 833 832 858
6 1718 1715 1714 1716 1717 1719
4 559 552 1720 1721
4 567 560 1722 1723
4 575 568 1724 1725
4 560 552 1720 1722
4 568 559 1721 1724
4 575 567 1723 1725
6 567 560 552 559 568 575
6 1723 1722 1720 1721 1724 1725
4 1726 1727 1728 1729
4 1730 1731 1732 1733
4 1734 1735 1736 1737
4 1731 1727 1728 1732
4 1735 1726 1729 1736
4 1734 1730 1733 1737
6 1730 1731 1727 1726 1735 1734
6 1733 1732 1728 1729 1736 1737
4 1738 1739 966 967
4 1740 1741 1742 1743
4 1744 1745 1746 1747
4 1741 1739 966 1742
4 1745 1738 967 1746
4 1744 1740 1743 1747
6 1740 1741 1739 1738 1745 1744
6 1743 1742 966 967 1746 1747
4 831 830 1748 1749
4 840 841 1750 1751
4 861 860 1752 1753
4 841 830 1748 1750
4 860 831 1749 1752
4 861 840 1751 1753
6 860 831 830 841 840 861
6 1752 1749 1748 1750 1751 1753
4 743 742 1754 1755
4 752 753 1756 1757
4 760 761 1758 1759
4 753 742 1754 1756
4 761 743 1755 1758
4 760 752 1757 1759
6 761 743 742 753 752 760
6 1758 1755 1754 1756 1757 1759
4 607 606 1760 1761
4 615 614 1762 1763
4 623 622 1764 1765
4 614 606 1760 1762
4 622 607 1761 1764
4 623 615 1763 1765
6 622 607 606 614 615 623
6 1764 1761 1760 1762 1763 1765
4 1766 1767 1107 1106
4 1768 1769 1770 1771
4 1772 1773 1774 1775
4 1769 1767 1107 1770
4 1773 1766 1106 1774
4 1772 1768 1771 1775
6 1768 1769 1767 1766 1773 1772
6 1771 1770 1107 1106 1774 1775
4 1776 1777 1778 1779
4 1780 1781 1782 1783
4 1784 1785 1786 1787
4 1781 1777 1778 1782
4 1785 1776 1779 1786
4 1784 1780 1783 1787
6 1780 1781 1777 1776 1785 1784
6 1783 1782 1778 1779 1786 1787
4 1788 1789 1014 1015
4 1790 1791 1792 1793
4 1794 1795 1796 1797
4 1791 1789 1014 1792
4 1795 1788 1015 1796
4 1794 1790 1793 1797
6 1790 1791 1789 1788 1795 1794
6 1793 1792 1014 1015 1796 1797
4 839 838 1798 1799
4 848 849 1800 1801
4 856 857 1802 1803
4 849 838 1798 1800
4 857 839 1799 1802
4 856 848 1801 1803
6 857 839 838 849 848 856
6 1802 1799 1798 1800 1801 1803
4 751 750 1804 1805
4 759 758 1806 1807
4 767 766 1808 1809
4 758 750 1804 1806
4 766 751 1805 1808
4 767 759 1807 1809
6 766 751 750 758 759 767
6 1808 1805 1804 1806 1807 1809
4 1810 1811 1108 1109
4 1812 1813 1814 1815
4 1816 1817 1818 1819
4 1813 1811 1108 1814
4 1817 1810 1109 1818
4 1816 1812 1815 1819
6 1817 1810 1811 1813 1812 1816
6 1818 1109 1108 1814 1815 1819
4 1820 1821 1822 1823
4 1824 1825 1826 1827
4 1828 1829 1830 1831
4 1825 1821 1822 1826
4 1829 1820 1823 1830
4 1828 1824 1827 1831
6 1824 1825 1821 1820 1829 1828
6 1827 1826 1822 1823 1830 1831
4 1832 1833 1062 1063
4 1834 1835 1836 1837
4 1838 1839 1840 1841
4 1835 1833 1062 1836
4 1839 1832 1063 1840
4 1838 1834 1837 1841
6 1834 1835 1833 1832 1839 1838
6 1837 1836 1062 1063 1840 1841
4 847 846 1842 1843
4 855 854 1844 1845
4 863 862 1846 1847
4 854 846 1842 1844
4 862 847 1843 1846
4 863 855 1845 1847
6 862 847 846 854 855 863
6 1846 1843 1842 1844 1845 1847
4 1848 1849 1105 1104
4 1850 1851 1852 1853
4 1854 1855 1856 1857
4 1851 1849 1105 1852
4 1855 1848 1104 1856
4 1854 1850 1853 1857
6 1855 1848 1849 1851 1850 1854
6 1856 1104 1105 1852 1853 1857
4 1858 1859 1860 1861
4 1862 1863 1864 1865
4 1866 1867 1868 1869
4 1863 1859 1860 1864
4 1867 1858 1861 1868
4 1866 1862 1865 1869
6 1862 1863 1859 1858 1867 1866
6 1865 1864 1860 1861 1868 1869
4 1870 1871 1110 1111
4 1872 1873 1874 1875
4 1876 1877 1878 1879
4 1873 1871 1110 1874
4 1877 1870 1111 1878
4 1876 1872 1875 1879
6 1872 1873 1871 1870 1877 1876
6 1875 1874 1110 1111 1878 1879
4 1880 1881 1882 1883
4 1884 1885 1886 1887
4 1888 1889 1890 1891
4 1885 1881 1882 1886
4 1889 1880 1883 1890
4 1888 1884 1887 1891
6 1889 1880 1881 1885 1884 1888
6 1890 1883 1882 1886 1887 1891
4 1892 1893 1894 1895
4 1896 1897 1898 1899
4 1900 1901 1902 1903
4 1897 1893 1894 1898
4 1901 1892 1895 1902
4 1900 1896 1899 1903
6 1896 1897 1893 1892 1901 1900
6 1899 1898 1894 1895 1902 1903
4 1904 1905 1906 1907
4 1908 1909 1910 1911
4 1912 1913 1914 1915
4 1909 1905 1906 1910
4 1913 1904 1907 1914
4 1912 1908 1911 1915
6 1908 1909 1905 1904 1913 1912
6 1911 1910 1906 1907 1914 1915
4 1916 1917 1918 1919
4 1920 1921 1922 1923
4 1924 1925 1926 1927
4 1921 1917 1918 1922
4 1925 1916 1919 1926
4 1924 1920 1923 1927
6 1920 1921 1917 1916 1925 1924
6 1923 1922 1918 1919 1926 1927
4 1928 1929 1930 1931
4 1932 1933 1934 1935
4 1936 1937 1938 1939
4 1933 1929 1930 1934
4 1937 1928 1931 1938
4 1936 1932 1935 1939
6 1932 1933 1929 1928 1937 1936
6 1935 1934 1930 1931 1938 1939
6 1940 4 3 1941 1153 1154
6 1942 12 11 1943 1157 1158
4 11 3 1941 1943
4 12 4 1940 1942
4 1157 1153 1154 1158
4 11 3 4 12
4 1153 1941 1943 1157
4 1942 1940 1154 1158
6 1944 1 2 1945 1165 1166
6 1946 20 19 1947 1169 1170
4 19 2 1945 1947
4 20 1 1944 1946
4 1169 1165 1166 1170
4 19 2 1 20
4 1165 1945 1947 1169
4 1946 1944 1166 1170
6 1948 6 5 1949 1177 1178
6 1950 28 27 1951 1181 1182
4 27 5 1949 1951
4 28 6 1948 1950
4 1181 1177 1178 1182
4 27 5 6 28
4 1177 1949 1951 1181
4 1950 1948 1178 1182
6 1952 9 10 1953 1189 1190
6 1954 17 18 1955 1193 1194
4 18 10 1953 1955
4 17 9 1952 1954
4 1193 1189 1190 1194
4 18 10 9 17
4 1189 1953 1955 1193
4 1954 1952 1190 1194
6 291 1201 1956 1957 1211 292
6 1958 1959 1960 1961 1962 1963
4 1960 1956 1957 1961
4 1959 1201 291 1958
4 1962 1211 292 1963
4 1960 1956 1201 1959
4 1211 1957 1961 1962
4 1958 291 292 1963
6 1964 7 0 1965 1221 1222
6 1966 36 35 1967 1225 1226
4 35 0 1965 1967
4 36 7 1964 1966
4 1225 1221 1222 1226
4 35 0 7 36
4 1221 1965 1967 1225
4 1966 1964 1222 1226
6 1968 14 13 1969 1233 1234
6 1970 25 26 1971 1237 1238
4 26 13 1969 1971
4 25 14 1968 1970
4 1237 1233 1234 1238
4 26 13 14 25
4 1233 1969 1971 1237
4 1970 1968 1234 1238
6 290 1200 1972 1973 1255 289
6 1974 1975 1976 1977 1978 1979
4 1976 1972 1973 1977
4 1975 1200 290 1974
4 1978 1255 289 1979
4 1976 1972 1200 1975
4 1255 1973 1977 1978
4 1974 290 289 1979
6 387 1245 1980 1981 1265 388
6 1982 1983 1984 1985 1986 1987
4 1984 1980 1981 1985
4 1983 1245 387 1982
4 1986 1265 388 1987
4 1984 1980 1245 1983
4 1265 1981 1985 1986
4 1982 387 388 1987
6 1988 15 8 1989 1275 1276
6 1990 44 43 1991 1279 1280
4 43 8 1989 1991
4 44 15 1988 1990
4 1279 1275 1276 1280
4 43 8 15 44
4 1275 1989 1991 1279
4 1990 1988 1276 1280
6 1992 22 21 1993 1287 1288
6 1994 33 34 1995 1291 1292
4 34 21 1993 1995
4 33 22 1992 1994
4 1291 1287 1288 1292
4 34 21 22 33
4 1287 1993 1995 1291
4 1994 1992 1288 1292
6 293 1210 1996 1997 1309 294
6 1998 1999 2000 2001 2002 2003
4 2000 1996 1997 2001
4 1999 1210 293 1998
4 2002 1309 294 2003
4 2000 1996 1210 1999
4 1309 1997 2001 2002
4 1998 293 294 2003
6 386 1244 2004 2005 1319 385
6 2006 2007 2008 2009 2010 2011
4 2008 2004 2005 2009
4 2007 1244 386 2006
4 2010 1319 385 2011
4 2008 2004 1244 2007
4 1319 2005 2009 2010
4 2006 386 385 2011
6 483 1299 2012 2013 1329 484
6 2014 2015 2016 2017 2018 2019
4 2016 2012 2013 2017
4 2015 1299 483 2014
4 2018 1329 484 2019
4 2016 2012 1299 2015
4 1329 2013 2017 2018
4 2014 483 484 2019
6 2020 23 16 2021 1339 1340
6 2022 41 42 2023 1343 1344
4 42 16 2021 2023
4 41 23 2020 2022
4 1343 1339 1340 1344
4 42 16 23 41
4 1339 2021 2023 1343
4 2022 2020 1340 1344
6 2024 30 29 2025 1351 1352
6 2026 38 37 2027 1355 1356
4 37 29 2025 2027
4 38 30 2024 2026
4 1355 1351 1352 1356
4 37 29 30 38
4 1351 2025 2027 1355
4 2026 2024 1352 1356
6 288 1254 2028 2029 1308 295
6 2030 2031 2032 2033 2034 2035
4 2032 2028 2029 2033
4 2031 1254 288 2030
4 2034 1308 295 2035
4 2032 2028 1254 2031
4 1308 2029 2033 2034
4 2030 288 295 2035
6 389 1264 2036 2037 1373 390
6 2038 2039 2040 2041 2042 2043
4 2040 2036 2037 2041
4 2039 1264 389 2038
4 2042 1373 390 2043
4 2040 2036 1264 2039
4 1373 2037 2041 2042
4 2038 389 390 2043
6 482 1298 2044 2045 1383 481
6 2046 2047 2048 2049 2050 2051
4 2048 2044 2045 2049
4 2047 1298 482 2046
4 2050 1383 481 2051
4 2048 2044 1298 2047
4 1383 2045 2049 2050
4 2046 482 481 2051
6 579 1363 2052 2053 1393 580
6 2054 2055 2056 2057 2058 2059
4 2056 2052 2053 2057
4 2055 1363 579 2054
4 2058 1393 580 2059
4 2056 2052 1363 2055
4 1393 2053 2057 2058
4 2054 579 580 2059
6 2060 31 24 2061 1403 1404
6 2062 46 45 2063 1407 1408
4 45 24 2061 2063
4 46 31 2060 2062
4 1407 1403 1404 1408
4 45 24 31 46
4 1403 2061 2063 1407
4 2062 2060 1404 1408
6 2064 78 77 2065 2066 2067
6 2068 86 85 2069 2070 2071
4 85 77 2065 2069
4 86 78 2064 2068
4 2070 2066 2067 2071
4 85 77 78 86
4 2066 2065 2069 2070
4 2068 2064 2067 2071
6 384 1318 2072 2073 1372 391
6 2074 2075 2076 2077 2078 2079
4 2076 2072 2073 2077
4 2075 1318 384 2074
4 2078 1372 391 2079
4 2076 2072 1318 2075
4 1372 2073 2077 2078
4 2074 384 391 2079
6 485 1328 2080 2081 1437 486
6 2082 2083 2084 2085 2086 2087
4 2084 2080 2081 2085
4 2083 1328 485 2082
4 2086 1437 486 2087
4 2084 2080 1328 2083
4 1437 2081 2085 2086
4 2082 485 486 2087
6 578 1362 2088 2089 1447 577
6 2090 2091 2092 2093 2094 2095
4 2092 2088 2089 2093
4 2091 1362 578 2090
4 2094 1447 577 2095
4 2092 2088 1362 2091
4 1447 2089 2093 2094
4 2090 578 577 2095
6 2096 120 121 2097 2098 2099
6 2100 134 133 2101 2102 2103
4 133 121 2097 2101
4 134 120 2096 2100
4 2102 2098 2099 2103
4 133 121 120 134
4 2098 2097 2101 2102
4 2100 2096 2099 2103
6 723 1427 2104 2105 1463 724
6 2106 2107 2108 2109 2110 2111
4 2108 2104 2105 2109
4 2107 1427 723 2106
4 2110 1463 724 2111
4 2108 2104 1427 2107
4 1463 2105 2109 2110
4 2106 723 724 2111
6 2112 79 72 2113 2114 2115
6 2116 94 93 2117 2118 2119
4 93 72 2113 2117
4 94 79 2112 2116
4 2118 2114 2115 2119
4 93 72 79 94
4 2114 2113 2117 2118
4 2116 2112 2115 2119
6 2120 39 32 2121 1479 1480
6 2122 47 40 2123 1483 1484
4 40 32 2121 2123
4 47 39 2120 2122
4 1483 1479 1480 1484
4 40 32 39 47
4 1479 2121 2123 1483
4 2122 2120 1480 1484
6 480 1382 2124 2125 1436 487
6 2126 2127 2128 2129 2130 2131
4 2128 2124 2125 2129
4 2127 1382 480 2126
4 2130 1436 487 2131
4 2128 2124 1382 2127
4 1436 2125 2129 2130
4 2126 480 487 2131
6 581 1392 2132 2133 1507 582
6 2134 2135 2136 2137 2138 2139
4 2136 2132 2133 2137
4 2135 1392 581 2134
4 2138 1507 582 2139
4 2136 2132 1392 2135
4 1507 2133 2137 2138
4 2134 581 582 2139
6 2140 127 126 2141 2142 2143
6 2144 142 141 2145 2146 2147
4 141 126 2141 2145
4 142 127 2140 2144
4 2146 2142 2143 2147
4 141 126 127 142
4 2142 2141 2145 2146
4 2144 2140 2143 2147
6 722 1426 2148 2149 1523 721
6 2150 2151 2152 2153 2154 2155
4 2152 2148 2149 2153
4 2151 1426 722 2150
4 2154 1523 721 2155
4 2152 2148 1426 2151
4 1523 2149 2153 2154
4 2150 722 721 2155
6 2156 168 169 2157 2158 2159
6 2160 182 181 2161 2162 2163
4 181 169 2157 2161
4 182 168 2156 2160
4 2162 2158 2159 2163
4 181 169 168 182
4 2158 2157 2161 2162
4 2160 2156 2159 2163
6 819 1497 2164 2165 1539 820
6 2166 2167 2168 2169 2170 2171
4 2168 2164 2165 2169
4 2167 1497 819 2166
4 2170 1539 820 2171
4 2168 2164 1497 2167
4 1539 2165 2169 2170
4 2166 819 820 2171
6 2172 87 80 2173 2174 2175
6 2176 95 88 2177 2178 2179
4 88 80 2173 2177
4 95 87 2172 2176
4 2178 2174 2175 2179
4 88 80 87 95
4 2174 2173 2177 2178
4 2176 2172 2175 2179
6 576 1446 2180 2181 1506 583
6 2182 2183 2184 2185 2186 2187
4 2184 2180 2181 2185
4 2183 1446 576 2182
4 2186 1506 583 2187
4 2184 2180 1446 2183
4 1506 2181 2185 2186
4 2182 576 583 2187
6 2188 303 296 2189 2190 2191
6 2192 332 331 2193 2194 2195
4 331 296 2189 2193
4 332 303 2188 2192
4 2194 2190 2191 2195
4 331 296 303 332
4 2190 2189 2193 2194
4 2192 2188 2191 2195
6 725 1462 2196 2197 1577 726
6 2198 2199 2200 2201 2202 2203
4 2200 2196 2197 2201
4 2199 1462 725 2198
4 2202 1577 726 2203
4 2200 2196 1462 2199
4 1577 2197 2201 2202
4 2198 725 726 2203
6 2204 175 174 2205 2206 2207
6 2208 190 189 2209 2210 2211
4 189 174 2205 2209
4 190 175 2204 2208
4 2210 2206 2207 2211
4 189 174 175 190
4 2206 2205 2209 2210
4 2208 2204 2207 2211
6 818 1496 2212 2213 1593 817
6 2214 2215 2216 2217 2218 2219
4 2216 2212 2213 2217
4 2215 1496 818 2214
4 2218 1593 817 2219
4 2216 2212 1496 2215
4 1593 2213 2217 2218
4 2214 818 817 2219
6 2220 216 217 2221 2222 2223
6 2224 224 225 2225 2226 2227
4 225 217 2221 2225
4 224 216 2220 2224
4 2226 2222 2223 2227
4 225 217 216 224
4 2222 2221 2225 2226
4 2224 2220 2223 2227
6 2228 264 265 2229 2230 2231
6 2232 278 277 2233 2234 2235
4 277 265 2229 2233
4 278 264 2228 2232
4 2234 2230 2231 2235
4 277 265 264 278
4 2230 2229 2233 2234
4 2232 2228 2231 2235
6 2236 135 128 2237 2238 2239
6 2240 143 136 2241 2242 2243
4 136 128 2237 2241
4 143 135 2236 2240
4 2242 2238 2239 2243
4 136 128 135 143
4 2238 2237 2241 2242
4 2240 2236 2239 2243
6 2244 399 392 2245 2246 2247
6 2248 428 427 2249 2250 2251
4 427 392 2245 2249
4 428 399 2244 2248
4 2250 2246 2247 2251
4 427 392 399 428
4 2246 2245 2249 2250
4 2248 2244 2247 2251
6 720 1522 2252 2253 1576 727
6 2254 2255 2256 2257 2258 2259
4 2256 2252 2253 2257
4 2255 1522 720 2254
4 2258 1576 727 2259
4 2256 2252 1522 2255
4 1576 2253 2257 2258
4 2254 720 727 2259
6 2260 311 304 2261 2262 2263
6 2264 329 330 2265 2266 2267
4 330 304 2261 2265
4 329 311 2260 2264
4 2266 2262 2263 2267
4 330 304 311 329
4 2262 2261 2265 2266
4 2264 2260 2263 2267
6 821 1538 2268 2269 1637 822
6 2270 2271 2272 2273 2274 2275
4 2272 2268 2269 2273
4 2271 1538 821 2270
4 2274 1637 822 2275
4 2272 2268 1538 2271
4 1637 2269 2273 2274
4 2270 821 822 2275
6 2276 223 222 2277 2278 2279
6 2280 238 237 2281 2282 2283
4 237 222 2277 2281
4 238 223 2276 2280
4 2282 2278 2279 2283
4 237 222 223 238
4 2278 2277 2281 2282
4 2280 2276 2279 2283
6 2284 271 270 2285 2286 2287
6 2288 286 285 2289 2290 2291
4 285 270 2285 2289
4 286 271 2284 2288
4 2290 2286 2287 2291
4 285 270 271 286
4 2286 2285 2289 2290
4 2288 2284 2287 2291
6 2292 360 361 2293 2294 2295
6 2296 368 369 2297 2298 2299
4 369 361 2293 2297
4 368 360 2292 2296
4 2298 2294 2295 2299
4 369 361 360 368
4 2294 2293 2297 2298
4 2296 2292 2295 2299
6 2300 183 176 2301 2302 2303
6 2304 191 184 2305 2306 2307
4 184 176 2301 2305
4 191 183 2300 2304
4 2306 2302 2303 2307
4 184 176 183 191
4 2302 2301 2305 2306
4 2304 2300 2303 2307
6 2308 495 488 2309 2310 2311
6 2312 524 523 2313 2314 2315
4 523 488 2309 2313
4 524 495 2308 2312
4 2314 2310 2311 2315
4 523 488 495 524
4 2310 2309 2313 2314
4 2312 2308 2311 2315
6 816 1592 2316 2317 1636 823
6 2318 2319 2320 2321 2322 2323
4 2320 2316 2317 2321
4 2319 1592 816 2318
4 2322 1636 823 2323
4 2320 2316 1592 2319
4 1636 2317 2321 2322
4 2318 816 823 2323
6 2324 319 312 2325 2326 2327
6 2328 334 333 2329 2330 2331
4 333 312 2325 2329
4 334 319 2324 2328
4 2330 2326 2327 2331
4 333 312 319 334
4 2326 2325 2329 2330
4 2328 2324 2327 2331
6 2332 407 400 2333 2334 2335
6 2336 425 426 2337 2338 2339
4 426 400 2333 2337
4 425 407 2332 2336
4 2338 2334 2335 2339
4 426 400 407 425
4 2334 2333 2337 2338
4 2336 2332 2335 2339
6 2340 231 230 2341 2342 2343
6 2344 239 232 2345 2346 2347
4 232 230 2341 2345
4 239 231 2340 2344
4 2346 2342 2343 2347
4 232 230 231 239
4 2342 2341 2345 2346
4 2344 2340 2343 2347
6 2348 367 366 2349 2350 2351
6 2352 382 381 2353 2354 2355
4 381 366 2349 2353
4 382 367 2348 2352
4 2354 2350 2351 2355
4 381 366 367 382
4 2350 2349 2353 2354
4 2352 2348 2351 2355
6 2356 456 457 2357 2358 2359
6 2360 464 465 2361 2362 2363
4 465 457 2357 2361
4 464 456 2356 2360
4 2362 2358 2359 2363
4 465 457 456 464
4 2358 2357 2361 2362
4 2360 2356 2359 2363
6 2364 279 272 2365 2366 2367
6 2368 287 280 2369 2370 2371
4 280 272 2365 2369
4 287 279 2364 2368
4 2370 2366 2367 2371
4 280 272 279 287
4 2366 2365 2369 2370
4 2368 2364 2367 2371
6 2372 591 584 2373 2374 2375
6 2376 620 619 2377 2378 2379
4 619 584 2373 2377
4 620 591 2372 2376
4 2378 2374 2375 2379
4 619 584 591 620
4 2374 2373 2377 2378
4 2376 2372 2375 2379
6 2380 503 496 2381 2382 2383
6 2384 521 522 2385 2386 2387
4 522 496 2381 2385
4 521 503 2380 2384
4 2386 2382 2383 2387
4 522 496 503 521
4 2382 2381 2385 2386
4 2384 2380 2383 2387
6 2388 327 320 2389 2390 2391
6 2392 335 328 2393 2394 2395
4 328 320 2389 2393
4 335 327 2388 2392
4 2394 2390 2391 2395
4 328 320 327 335
4 2390 2389 2393 2394
4 2392 2388 2391 2395
6 2396 415 408 2397 2398 2399
6 2400 430 429 2401 2402 2403
4 429 408 2397 2401
4 430 415 2396 2400
4 2402 2398 2399 2403
4 429 408 415 430
4 2398 2397 2401 2402
4 2400 2396 2399 2403
6 2404 375 374 2405 2406 2407
6 2408 383 376 2409 2410 2411
4 376 374 2405 2409
4 383 375 2404 2408
4 2410 2406 2407 2411
4 376 374 375 383
4 2406 2405 2409 2410
4 2408 2404 2407 2411
6 2412 463 462 2413 2414 2415
6 2416 478 477 2417 2418 2419
4 477 462 2413 2417
4 478 463 2412 2416
4 2418 2414 2415 2419
4 477 462 463 478
4 2414 2413 2417 2418
4 2416 2412 2415 2419
6 2420 552 553 2421 2422 2423
6 2424 560 561 2425 2426 2427
4 561 553 2421 2425
4 560 552 2420 2424
4 2426 2422 2423 2427
4 561 553 552 560
4 2422 2421 2425 2426
4 2424 2420 2423 2427
6 2428 735 728 2429 2430 2431
6 2432 764 763 2433 2434 2435
4 763 728 2429 2433
4 764 735 2428 2432
4 2434 2430 2431 2435
4 763 728 735 764
4 2430 2429 2433 2434
4 2432 2428 2431 2435
6 2436 599 592 2437 2438 2439
6 2440 617 618 2441 2442 2443
4 618 592 2437 2441
4 617 599 2436 2440
4 2442 2438 2439 2443
4 618 592 599 617
4 2438 2437 2441 2442
4 2440 2436 2439 2443
6 2444 423 416 2445 2446 2447
6 2448 431 424 2449 2450 2451
4 424 416 2445 2449
4 431 423 2444 2448
4 2450 2446 2447 2451
4 424 416 423 431
4 2446 2445 2449 2450
4 2448 2444 2447 2451
6 2452 511 504 2453 2454 2455
6 2456 526 525 2457 2458 2459
4 525 504 2453 2457
4 526 511 2452 2456
4 2458 2454 2455 2459
4 525 504 511 526
4 2454 2453 2457 2458
4 2456 2452 2455 2459
6 2460 471 470 2461 2462 2463
6 2464 479 472 2465 2466 2467
4 472 470 2461 2465
4 479 471 2460 2464
4 2466 2462 2463 2467
4 472 470 471 479
4 2462 2461 2465 2466
4 2464 2460 2463 2467
6 2468 559 558 2469 2470 2471
6 2472 568 569 2473 2474 2475
4 569 558 2469 2473
4 568 559 2468 2472
4 2474 2470 2471 2475
4 569 558 559 568
4 2470 2469 2473 2474
4 2472 2468 2471 2475
6 1107 1767 2476 2477 1811 1108
6 2478 2479 2480 2481 2482 2483
4 2480 2476 2477 2481
4 2479 1767 1107 2478
4 2482 1811 1108 2483
4 2480 2476 1767 2479
4 1811 2477 2481 2482
4 2478 1107 1108 2483
6 2484 831 824 2485 2486 2487
6 2488 860 859 2489 2490 2491
4 859 824 2485 2489
4 860 831 2484 2488
4 2490 2486 2487 2491
4 859 824 831 860
4 2486 2485 2489 2490
4 2488 2484 2487 2491
6 2492 743 736 2493 2494 2495
6 2496 761 762 2497 2498 2499
4 762 736 2493 2497
4 761 743 2492 2496
4 2498 2494 2495 2499
4 762 736 743 761
4 2494 2493 2497 2498
4 2496 2492 2495 2499
6 2500 519 512 2501 2502 2503
6 2504 527 520 2505 2506 2507
4 520 512 2501 2505
4 527 519 2500 2504
4 2506 2502 2503 2507
4 520 512 519 527
4 2502 2501 2505 2506
4 2504 2500 2503 2507
6 2508 607 600 2509 2510 2511
6 2512 622 621 2513 2514 2515
4 621 600 2509 2513
4 622 607 2508 2512
4 2514 2510 2511 2515
4 621 600 607 622
4 2510 2509 2513 2514
4 2512 2508 2511 2515
6 2516 567 566 2517 2518 2519
6 2520 575 574 2521 2522 2523
4 574 566 2517 2521
4 575 567 2516 2520
4 2522 2518 2519 2523
4 574 566 567 575
4 2518 2517 2521 2522
4 2520 2516 2519 2523
6 1106 1766 2524 2525 1849 1105
6 2526 2527 2528 2529 2530 2531
4 2528 2524 2525 2529
4 2527 1766 1106 2526
4 2530 1849 1105 2531
4 2528 2524 1766 2527
4 1849 2525 2529 2530
4 2526 1106 1105 2531
6 2532 839 832 2533 2534 2535
6 2536 857 858 2537 2538 2539
4 858 832 2533 2537
4 857 839 2532 2536
4 2538 2534 2535 2539
4 858 832 839 857
4 2534 2533 2537 2538
4 2536 2532 2535 2539
6 2540 751 744 2541 2542 2543
6 2544 766 765 2545 2546 2547
4 765 744 2541 2545
4 766 751 2540 2544
4 2546 2542 2543 2547
4 765 744 751 766
4 2542 2541 2545 2546
4 2544 2540 2543 2547
6 2548 615 608 2549 2550 2551
6 2552 623 616 2553 2554 2555
4 616 608 2549 2553
4 623 615 2548 2552
4 2554 2550 2551 2555
4 616 608 615 623
4 2550 2549 2553 2554
4 2552 2548 2551 2555
6 1109 1810 2556 2557 1871 1110
6 2558 2559 2560 2561 2562 2563
4 2560 2556 2557 2561
4 2559 1810 1109 2558
4 2562 1871 1110 2563
4 2560 2556 1810 2559
4 1871 2557 2561 2562
4 2558 1109 1110 2563
6 2564 2565 2566 2567 1881 1882
6 2568 2569 2570 2571 2572 2573
4 2570 2566 2567 2571
4 2569 2565 2564 2568
4 2572 1881 1882 2573
4 2570 2566 2565 2569
4 1881 2567 2571 2572
4 2568 2564 1882 2573
6 2574 847 840 2575 2576 2577
6 2578 862 861 2579 2580 2581
4 861 840 2575 2579
4 862 847 2574 2578
4 2580 2576 2577 2581
4 861 840 847 862
4 2576 2575 2579 2580
4 2578 2574 2577 2581
6 1104 1848 2582 2583 1870 1111
6 2584 2585 2586 2587 2588 2589
4 2586 2582 2583 2587
4 2585 1848 1104 2584
4 2588 1870 1111 2589
4 2586 2582 1848 2585
4 1870 2583 2587 2588
4 2584 1104 1111 2589
6 2590 2591 2592 2593 1893 1894
6 2594 2595 2596 2597 2598 2599
4 2596 2592 2593 2597
4 2595 2591 2590 2594
4 2598 1893 1894 2599
4 2596 2592 2591 2595
4 1893 2593 2597 2598
4 2594 2590 1894 2599
6 2600 759 752 2601 2602 2603
6 2604 767 760 2605 2606 2607
4 760 752 2601 2605
4 767 759 2600 2604
4 2606 2602 2603 2607
4 760 752 759 767
4 2602 2601 2605 2606
4 2604 2600 2603 2607
6 1883 1880 2608 2609 1892 1895
6 2610 2611 2612 2613 2614 2615
4 2612 2608 2609 2613
4 2611 1880 1883 2610
4 2614 1892 1895 2615
4 2612 2608 1880 2611
4 1892 2609 2613 2614
4 2610 1883 1895 2615
6 2616 855 848 2617 2618 2619
6 2620 863 856 2621 2622 2623
4 856 848 2617 2621
4 863 855 2616 2620
4 2622 2618 2619 2623
4 856 848 855 863
4 2618 2617 2621 2622
4 2620 2616 2619 2623
6 2624 2625 2626 2627 1917 1918
6 2628 2629 2630 2631 2632 2633
4 2630 2626 2627 2631
4 2629 2625 2624 2628
4 2632 1917 1918 2633
4 2630 2626 2625 2629
4 1917 2627 2631 2632
4 2628 2624 1918 2633
6 2634 2635 2636 2637 1916 1919
6 2638 2639 2640 2641 2642 2643
4 2640 2636 2637 2641
4 2639 2635 2634 2638
4 2642 1916 1919 2643
4 2640 2636 2635 2639
4 1916 2637 2641 2642
4 2638 2634 1919 2643
6 2644 2645 2646 2647 1929 1930
6 2648 2649 2650 2651 2652 2653
4 2650 2646 2647 2651
4 2649 2645 2644 2648
4 2652 1929 1930 2653
4 2650 2646 2645 2649
4 1929 2647 2651 2652
4 2648 2644 1930 2653
6 2654 2655 2656 2657 1928 1931
6 2658 2659 2660 2661 2662 2663
4 2660 2656 2657 2661
4 2659 2655 2654 2658
4 2662 1928 1931 2663
4 2660 2656 2655 2659
4 1928 2657 2661 2662
4 2658 2654 1931 2663
6 2664 2665 2666 2667 2668 2669
6 2670 2671 2672 2673 2674 2675
4 2672 2666 2667 2673
4 2671 2665 2664 2670
4 2674 2668 2669 2675
4 2672 2666 2665 2671
4 2668 2667 2673 2674
4 2670 2664 2669 2675
6 2676 4 3 2677 2678 2679
6 2680 1 2 2681 2682 2683
6 2684 6 5 2685 2686 2687
6 291 1201 1956 1957 1211 292
6 2688 7 0 2689 2690 2691
6 290 1200 1972 1973 1255 289
6 293 1210 1996 1997 1309 294
6 288 1254 2028 2029 1308 295
4 2 3 2677 2681
4 5 4 2676 2685
4 1956 2678 2679 1957
4 0 1 2680 2689
4 1972 2682 2683 1973
4 7 6 2684 2688
4 1996 2686 2687 1997
4 1200 1201 291 290
4 1210 1211 292 293
4 2028 2690 2691 2029
4 1254 1255 289 288
4 1308 1309 294 295
8 0 1 2 3 4 5 6 7
8 1201 1956 2678 2677 2681 2682 1972 1200
8 1996 2686 2685 2676 2679 1957 1211 1210
8 2028 2690 2689 2680 2683 1973 1255 1254
8 2029 2691 2688 2684 2687 1997 1309 1308
8 288 289 290 291 292 293 294 295
6 2692 12 11 2693 2694 2695
6 2696 9 10 2697 2698 2699
6 2700 14 13 2701 2702 2703
6 387 1245 1980 1981 1265 388
6 2704 15 8 2705 2706 2707
6 386 1244 2004 2005 1319 385
6 389 1264 2036 2037 1373 390
6 384 1318 2072 2073 1372 391
4 10 11 2693 2697
4 13 12 2692 2701
4 1980 2694 2695 1981
4 8 9 2696 2705
4 2004 2698 2699 2005
4 15 14 2700 2704
4 2036 2702 2703 2037
4 1244 1245 387 386
4 1264 1265 388 389
4 2072 2706 2707 2073
4 1318 1319 385 384
4 1372 1373 390 391
8 8 9 10 11 12 13 14 15
8 1245 1980 2694 2693 2697 2698 2004 1244
8 2036 2702 2701 2692 2695 1981 1265 1264
8 2072 2706 2705 2696 2699 2005 1319 1318
8 2073 2707 2704 2700 2703 2037 1373 1372
8 384 385 386 387 388 389 390 391
6 2708 20 19 2709 2710 2711
6 2712 17 18 2713 2714 2715
6 2716 22 21 2717 2718 2719
6 483 1299 2012 2013 1329 484
6 2720 23 16 2721 2722 2723
6 482 1298 2044 2045 1383 481
6 485 1328 2080 2081 1437 486
6 480 1382 2124 2125 1436 487
4 18 19 2709 2713
4 21 20 2708 2717
4 2012 2710 2711 2013
4 16 17 2712 2721
4 2044 2714 2715 2045
4 23 22 2716 2720
4 2080 2718 2719 2081
4 1298 1299 483 482
4 1328 1329 484 485
4 2124 2722 2723 2125
4 1382 1383 481 480
4 1436 1437 486 487
8 16 17 18 19 20 21 22 23
8 1299 2012 2710 2709 2713 2714 2044 1298
8 2080 2718 2717 2708 2711 2013 1329 1328
8 2124 2722 2721 2712 2715 2045 1383 1382
8 2125 2723 2720 2716 2719 2081 1437 1436
8 480 481 482 483 484 485 486 487
6 2724 28 27 2725 2726 2727
6 2728 25 26 2729 2730 2731
6 2732 30 29 2733 2734 2735
6 579 1363 2052 2053 1393 580
6 2736 31 24 2737 2738 2739
6 578 1362 2088 2089 1447 577
6 581 1392 2132 2133 1507 582
6 576 1446 2180 2181 1506 583
4 26 27 2725 2729
4 29 28 2724 2733
4 2052 2726 2727 2053
4 24 25 2728 2737
4 2088 2730 2731 2089
4 31 30 2732 2736
4 2132 2734 2735 2133
4 1362 1363 579 578
4 1392 1393 580 581
4 2180 2738 2739 2181
4 1446 1447 577 576
4 1506 1507 582 583
8 24 25 26 27 28 29 30 31
8 1363 2052 2726 2725 2729 2730 2088 1362
8 2132 2734 2733 2724 2727 2053 1393 1392
8 2180 2738 2737 2728 2731 2089 1447 1446
8 2181 2739 2736 2732 2735 2133 1507 1506
8 576 577 578 579 580 581 582 583
6 2740 76 75 2741 2742 2743
6 2744 73 74 2745 2746 2747
6 2748 78 77 2749 2750 2751
6 675 2752 2753 2754 2755 676
6 2756 79 72 2757 2758 2759
6 674 2760 2761 2762 2763 673
6 677 2764 2765 2766 1567 678
6 672 2767 2768 2769 1566 679
4 74 75 2741 2745
4 77 76 2740 2749
4 2753 2742 2743 2754
4 72 73 2744 2757
4 2761 2746 2747 2762
4 79 78 2748 2756
4 2765 2750 2751 2766
4 2760 2752 675 674
4 2764 2755 676 677
4 2768 2758 2759 2769
4 2767 2763 673 672
4 1566 1567 678 679
8 72 73 74 75 76 77 78 79
8 2752 2753 2742 2741 2745 2746 2761 2760
8 2765 2750 2749 2740 2743 2754 2755 2764
8 2768 2758 2757 2744 2747 2762 2763 2767
8 2769 2759 2756 2748 2751 2766 1567 1566
8 672 673 674 675 676 677 678 679
6 2770 36 35 2771 2772 2773
6 2774 33 34 2775 2776 2777
6 2778 38 37 2779 2780 2781
6 723 1427 2104 2105 1463 724
6 2782 39 32 2783 2784 2785
6 722 1426 2148 2149 1523 721
6 725 1462 2196 2197 1577 726
6 720 1522 2252 2253 1576 727
4 34 35 2771 2775
4 37 36 2770 2779
4 2104 2772 2773 2105
4 32 33 2774 2783
4 2148 2776 2777 2149
4 39 38 2778 2782
4 2196 2780 2781 2197
4 1426 1427 723 722
4 1462 1463 724 725
4 2252 2784 2785 2253
4 1522 1523 721 720
4 1576 1577 726 727
8 32 33 34 35 36 37 38 39
8 1427 2104 2772 2771 2775 2776 2148 1426
8 2196 2780 2779 2770 2773 2105 1463 1462
8 2252 2784 2783 2774 2777 2149 1523 1522
8 2253 2785 2782 2778 2781 2197 1577 1576
8 720 721 722 723 724 725 726 727
6 2786 84 83 2787 2788 2789
6 2790 81 82 2791 2792 2793
6 2794 86 85 2795 2796 2797
6 771 2798 2799 2800 2801 772
6 2802 87 80 2803 2804 2805
6 770 2806 2807 2808 2809 769
6 773 2810 2811 2812 1627 774
6 768 2813 2814 2815 1626 775
4 82 83 2787 2791
4 85 84 2786 2795
4 2799 2788 2789 2800
4 80 81 2790 2803
4 2807 2792 2793 2808
4 87 86 2794 2802
4 2811 2796 2797 2812
4 2806 2798 771 770
4 2810 2801 772 773
4 2814 2804 2805 2815
4 2813 2809 769 768
4 1626 1627 774 775
8 80 81 82 83 84 85 86 87
8 2798 2799 2788 2787 2791 2792 2807 2806
8 2811 2796 2795 2786 2789 2800 2801 2810
8 2814 2804 2803 2790 2793 2808 2809 2813
8 2815 2805 2802 2794 2797 2812 1627 1626
8 768 769 770 771 772 773 774 775
6 2816 44 43 2817 2818 2819
6 2820 41 42 2821 2822 2823
6 2824 46 45 2825 2826 2827
6 819 1497 2164 2165 1539 820
6 2828 47 40 2829 2830 2831
6 818 1496 2212 2213 1593 817
6 821 1538 2268 2269 1637 822
6 816 1592 2316 2317 1636 823
4 42 43 2817 2821
4 45 44 2816 2825
4 2164 2818 2819 2165
4 40 41 2820 2829
4 2212 2822 2823 2213
4 47 46 2824 2828
4 2268 2826 2827 2269
4 1496 1497 819 818
4 1538 1539 820 821
4 2316 2830 2831 2317
4 1592 1593 817 816
4 1636 1637 822 823
8 40 41 42 43 44 45 46 47
8 1497 2164 2818 2817 2821 2822 2212 1496
8 2268 2826 2825 2816 2819 2165 1539 1538
8 2316 2830 2829 2820 2823 2213 1593 1592
8 2317 2831 2828 2824 2827 2269 1637 1636
8 816 817 818 819 820 821 822 823
6 2832 132 131 2833 2834 2835
6 2836 129 130 2837 2838 2839
6 2840 134 133 2841 2842 2843
6 867 2844 2845 2846 2847 868
6 2848 135 128 2849 2850 2851
6 866 2852 2853 2854 2855 865
6 869 2856 2857 2858 1677 870
6 864 2859 2860 2861 1676 871
4 130 131 2833 2837
4 133 132 2832 2841
4 2845 2834 2835 2846
4 128 129 2836 2849
4 2853 2838 2839 2854
4 135 134 2840 2848
4 2857 2842 2843 2858
4 2852 2844 867 866
4 2856 2847 868 869
4 2860 2850 2851 2861
4 2859 2855 865 864
4 1676 1677 870 871
8 128 129 130 131 132 133 134 135
8 2844 2845 2834 2833 2837 2838 2853 2852
8 2857 2842 2841 2832 2835 2846 2847 2856
8 2860 2850 2849 2836 2839 2854 2855 2859
8 2861 2851 2848 2840 2843 2858 1677 1676
8 864 865 866 867 868 869 870 871
6 2862 92 91 2863 2864 2865
6 2866 89 90 2867 2868 2869
6 2870 94 93 2871 2872 2873
6 915 2874 2875 2876 2877 916
6 2878 95 88 2879 2880 2881
6 914 2882 2883 2884 2885 913
6 917 2886 2887 2888 1687 918
6 912 2889 2890 2891 1686 919
4 90 91 2863 2867
4 93 92 2862 2871
4 2875 2864 2865 2876
4 88 89 2866 2879
4 2883 2868 2869 2884
4 95 94 2870 2878
4 2887 2872 2873 2888
4 2882 2874 915 914
4 2886 2877 916 917
4 2890 2880 2881 2891
4 2889 2885 913 912
4 1686 1687 918 919
8 88 89 90 91 92 93 94 95
8 2874 2875 2864 2863 2867 2868 2883 2882
8 2887 2872 2871 2862 2865 2876 2877 2886
8 2890 2880 2879 2866 2869 2884 2885 2889
8 2891 2881 2878 2870 2873 2888 1687 1686
8 912 913 914 915 916 917 918 919
6 2892 180 179 2893 2894 2895
6 2896 177 178 2897 2898 2899
6 2900 182 181 2901 2902 2903
6 2904 2905 2906 2907 2908 2909
6 2910 183 176 2911 2912 2913
6 2914 2915 2916 2917 2918 2919
6 2920 2921 2922 2923 1727 1728
6 2924 2925 2926 2927 1726 1729
4 178 179 2893 2897
4 181 180 2892 2901
4 2906 2894 2895 2907
4 176 177 2896 2911
4 2916 2898 2899 2917
4 183 182 2900 2910
4 2922 2902 2903 2923
4 2915 2905 2904 2914
4 2921 2908 2909 2920
4 2926 2912 2913 2927
4 2925 2918 2919 2924
4 1726 1727 1728 1729
8 176 177 178 179 180 181 182 183
8 2905 2906 2894 2893 2897 2898 2916 2915
8 2922 2902 2901 2892 2895 2907 2908 2921
8 2926 2912 2911 2896 2899 2917 2918 2925
8 2927 2913 2910 2900 2903 2923 1727 1726
8 2924 2919 2914 2904 2909 2920 1728 1729
6 2928 140 139 2929 2930 2931
6 2932 137 138 2933 2934 2935
6 2936 142 141 2937 2938 2939
6 963 2940 2941 2942 2943 964
6 2944 143 136 2945 2946 2947
6 962 2948 2949 2950 2951 961
6 965 2952 2953 2954 1739 966
6 960 2955 2956 2957 1738 967
4 138 139 2929 2933
4 141 140 2928 2937
4 2941 2930 2931 2942
4 136 137 2932 2945
4 2949 2934 2935 2950
4 143 142 2936 2944
4 2953 2938 2939 2954
4 2948 2940 963 962
4 2952 2943 964 965
4 2956 2946 2947 2957
4 2955 2951 961 960
4 1738 1739 966 967
8 136 137 138 139 140 141 142 143
8 2940 2941 2930 2929 2933 2934 2949 2948
8 2953 2938 2937 2928 2931 2942 2943 2952
8 2956 2946 2945 2932 2935 2950 2951 2955
8 2957 2947 2944 2936 2939 2954 1739 1738
8 960 961 962 963 964 965 966 967
6 2958 276 275 2959 2960 2961
6 2962 273 274 2963 2964 2965
6 2966 278 277 2967 2968 2969
6 2970 2971 2972 2973 2974 2975
6 2976 279 272 2977 2978 2979
6 2980 2981 2982 2983 2984 2985
6 2986 2987 2988 2989 1777 1778
6 2990 2991 2992 2993 1776 1779
4 274 275 2959 2963
4 277 276 2958 2967
4 2972 2960 2961 2973
4 272 273 2962 2977
4 2982 2964 2965 2983
4 279 278 2966 2976
4 2988 2968 2969 2989
4 2981 2971 2970 2980
4 2987 2974 2975 2986
4 2992 2978 2979 2993
4 2991 2984 2985 2990
4 1776 1777 1778 1779
8 272 273 274 275 276 277 278 279
8 2971 2972 2960 2959 2963 2964 2982 2981
8 2988 2968 2967 2958 2961 2973 2974 2987
8 2992 2978 2977 2962 2965 2983 2984 2991
8 2993 2979 2976 2966 2969 2989 1777 1776
8 2990 2985 2980 2970 2975 2986 1778 1779
6 2994 188 187 2995 2996 2997
6 2998 185 186 2999 3000 3001
6 3002 190 189 3003 3004 3005
6 1011 3006 3007 3008 3009 1012
6 3010 191 184 3011 3012 3013
6 1010 3014 3015 3016 3017 1009
6 1013 3018 3019 3020 1789 1014
6 1008 3021 3022 3023 1788 1015
4 186 187 2995 2999
4 189 188 2994 3003
4 3007 2996 2997 3008
4 184 185 2998 3011
4 3015 3000 3001 3016
4 191 190 3002 3010
4 3019 3004 3005 3020
4 3014 3006 1011 1010
4 3018 3009 1012 1013
4 3022 3012 3013 3023
4 3021 3017 1009 1008
4 1788 1789 1014 1015
8 184 185 186 187 188 189 190 191
8 3006 3007 2996 2995 2999 3000 3015 3014
8 3019 3004 3003 2994 2997 3008 3009 3018
8 3022 3012 3011 2998 3001 3016 3017 3021
8 3023 3013 3010 3002 3005 3020 1789 1788
8 1008 1009 1010 1011 1012 1013 1014 1015
6 3024 284 283 3025 3026 3027
6 3028 281 282 3029 3030 3031
6 3032 286 285 3033 3034 3035
6 3036 3037 3038 3039 3040 3041
6 3042 287 280 3043 3044 3045
6 3046 3047 3048 3049 3050 3051
6 3052 3053 3054 3055 1821 1822
6 3056 3057 3058 3059 1820 1823
4 282 283 3025 3029
4 285 284 3024 3033
4 3038 3026 3027 3039
4 280 281 3028 3043
4 3048 3030 3031 3049
4 287 286 3032 3042
4 3054 3034 3035 3055
4 3047 3037 3036 3046
4 3053 3040 3041 3052
4 3058 3044 3045 3059
4 3057 3050 3051 3056
4 1820 1821 1822 1823
8 280 281 282 283 284 285 286 287
8 3037 3038 3026 3025 3029 3030 3048 3047
8 3054 3034 3033 3024 3027 3039 3040 3053
8 3058 3044 3043 3028 3031 3049 3050 3057
8 3059 3045 3042 3032 3035 3055 1821 1820
8 3056 3051 3046 3036 3041 3052 1822 1823
6 3060 236 235 3061 3062 3063
6 3064 233 234 3065 3066 3067
6 3068 238 237 3069 3070 3071
6 1059 3072 3073 3074 3075 1060
6 3076 239 232 3077 3078 3079
6 1058 3080 3081 3082 3083 1057
6 1061 3084 3085 3086 1833 1062
6 1056 3087 3088 3089 1832 1063
4 234 235 3061 3065
4 237 236 3060 3069
4 3073 3062 3063 3074
4 232 233 3064 3077
4 3081 3066 3067 3082
4 239 238 3068 3076
4 3085 3070 3071 3086
4 3080 3072 1059 1058
4 3084 3075 1060 1061
4 3088 3078 3079 3089
4 3087 3083 1057 1056
4 1832 1833 1062 1063
8 232 233 234 235 236 237 238 239
8 3072 3073 3062 3061 3065 3066 3081 3080
8 3085 3070 3069 3060 3063 3074 3075 3084
8 3088 3078 3077 3064 3067 3082 3083 3087
8 3089 3079 3076 3068 3071 3086 1833 1832
8 1056 1057 1058 1059 1060 1061 1062 1063
6 3090 380 379 3091 3092 3093
6 3094 377 378 3095 3096 3097
6 3098 382 381 3099 3100 3101
6 3102 3103 3104 3105 3106 3107
6 3108 383 376 3109 3110 3111
6 3112 3113 3114 3115 3116 3117
6 3118 3119 3120 3121 1859 1860
6 3122 3123 3124 3125 1858 1861
4 378 379 3091 3095
4 381 380 3090 3099
4 3104 3092 3093 3105
4 376 377 3094 3109
4 3114 3096 3097 3115
4 383 382 3098 3108
4 3120 3100 3101 3121
4 3113 3103 3102 3112
4 3119 3106 3107 3118
4 3124 3110 3111 3125
4 3123 3116 3117 3122
4 1858 1859 1860 1861
8 376 377 378 379 380 381 382 383
8 3103 3104 3092 3091 3095 3096 3114 3113
8 3120 3100 3099 3090 3093 3105 3106 3119
8 3124 3110 3109 3094 3097 3115 3116 3123
8 3125 3111 3108 3098 3101 3121 1859 1858
8 3122 3117 3112 3102 3107 3118 1860 1861
6 3126 332 331 3127 3128 3129
6 3130 329 330 3131 3132 3133
6 3134 334 333 3135 3136 3137
6 1107 1767 2476 2477 1811 1108
6 3138 335 328 3139 3140 3141
6 1106 1766 2524 2525 1849 1105
6 1109 1810 2556 2557 1871 1110
6 1104 1848 2582 2583 1870 1111
4 330 331 3127 3131
4 333 332 3126 3135
4 2476 3128 3129 2477
4 328 329 3130 3139
4 2524 3132 3133 2525
4 335 334 3134 3138
4 2556 3136 3137 2557
4 1766 1767 1107 1106
4 1810 1811 1108 1109
4 2582 3140 3141 2583
4 1848 1849 1105 1104
4 1870 1871 1110 1111
8 328 329 330 331 332 333 334 335
8 1767 2476 3128 3127 3131 3132 2524 1766
8 2556 3136 3135 3126 3129 2477 1811 1810
8 2582 3140 3139 3130 3133 2525 1849 1848
8 2583 3141 3138 3134 3137 2557 1871 1870
8 1104 1105 1106 1107 1108 1109 1110 1111
6 3142 428 427 3143 3144 3145
6 3146 425 426 3147 3148 3149
6 3150 430 429 3151 3152 3153
6 3154 3155 3156 3157 3158 3159
6 3160 431 424 3161 3162 3163
6 2564 2565 2566 2567 1881 1882
6 2590 2591 2592 2593 1893 1894
6 1883 1880 2608 2609 1892 1895
4 426 427 3143 3147
4 429 428 3142 3151
4 3156 3144 3145 3157
4 424 425 3146 3161
4 2566 3148 3149 2567
4 431 430 3150 3160
4 2592 3152 3153 2593
4 2565 3155 3154 2564
4 2591 3158 3159 2590
4 2608 3162 3163 2609
4 1880 1881 1882 1883
4 1892 1893 1894 1895
8 424 425 426 427 428 429 430 431
8 3155 3156 3144 3143 3147 3148 2566 2565
8 2592 3152 3151 3142 3145 3157 3158 2591
8 2608 3162 3161 3146 3149 2567 1881 1880
8 2609 3163 3160 3150 3153 2593 1893 1892
8 1883 1882 2564 3154 3159 2590 1894 1895
6 3164 476 475 3165 3166 3167
6 3168 473 474 3169 3170 3171
6 3172 478 477 3173 3174 3175
6 3176 3177 3178 3179 3180 3181
6 3182 479 472 3183 3184 3185
6 3186 3187 3188 3189 3190 3191
6 3192 3193 3194 3195 1905 1906
6 3196 3197 3198 3199 1904 1907
4 474 475 3165 3169
4 477 476 3164 3173
4 3178 3166 3167 3179
4 472 473 3168 3183
4 3188 3170 3171 3189
4 479 478 3172 3182
4 3194 3174 3175 3195
4 3187 3177 3176 3186
4 3193 3180 3181 3192
4 3198 3184 3185 3199
4 3197 3190 3191 3196
4 1904 1905 1906 1907
8 472 473 474 475 476 477 478 479
8 3177 3178 3166 3165 3169 3170 3188 3187
8 3194 3174 3173 3164 3167 3179 3180 3193
8 3198 3184 3183 3168 3171 3189 3190 3197
8 3199 3185 3182 3172 3175 3195 1905 1904
8 3196 3191 3186 3176 3181 3192 1906 1907
6 3200 524 523 3201 3202 3203
6 3204 521 522 3205 3206 3207
6 3208 526 525 3209 3210 3211
6 3212 3213 3214 3215 3216 3217
6 3218 527 520 3219 3220 3221
6 3222 3223 3224 3225 3226 3227
6 2624 2625 2626 2627 1917 1918
6 2634 2635 2636 2637 1916 1919
4 522 523 3201 3205
4 525 524 3200 3209
4 3214 3202 3203 3215
4 520 521 3204 3219
4 3224 3206 3207 3225
4 527 526 3208 3218
4 2626 3210 3211 2627
4 3223 3213 3212 3222
4 2625 3216 3217 2624
4 2636 3220 3221 2637
4 2635 3226 3227 2634
4 1916 1917 1918 1919
8 520 521 522 523 524 525 526 527
8 3213 3214 3202 3201 3205 3206 3224 3223
8 2626 3210 3209 3200 3203 3215 3216 2625
8 2636 3220 3219 3204 3207 3225 3226 2635
8 2637 3221 3218 3208 3211 2627 1917 1916
8 2634 3227 3222 3212 3217 2624 1918 1919
6 3228 620 619 3229 3230 3231
6 3232 617 618 3233 3234 3235
6 3236 622 621 3237 3238 3239
6 3240 3241 3242 3243 3244 3245
6 3246 623 616 3247 3248 3249
6 3250 3251 3252 3253 3254 3255
6 2644 2645 2646 2647 1929 1930
6 2654 2655 2656 2657 1928 1931
4 618 619 3229 3233
4 621 620 3228 3237
4 3242 3230 3231 3243
4 616 617 3232 3247
4 3252 3234 3235 3253
4 623 622 3236 3246
4 2646 3238 3239 2647
4 3251 3241 3240 3250
4 2645 3244 3245 2644
4 2656 3248 3249 2657
4 2655 3254 3255 2654
4 1928 1929 1930 1931
8 616 617 618 619 620 621 622 623
8 3241 3242 3230 3229 3233 3234 3252 3251
8 2646 3238 3237 3228 3231 3243 3244 2645
8 2656 3248 3247 3232 3235 3253 3254 2655
8 2657 3249 3246 3236 3239 2647 1929 1928
8 2654 3255 3250 3240 3245 2644 1930 1931
6 3256 764 763 3257 3258 3259
6 3260 761 762 3261 3262 3263
6 3264 766 765 3265 3266 3267
6 3268 3269 3270 3271 3272 3273
6 3274 767 760 3275 3276 3277
6 3278 3279 3280 3281 3282 3283
6 3284 3285 3286 3287 3288 3289
6 2664 2665 2666 2667 2668 2669
4 762 763 3257 3261
4 765 764 3256 3265
4 3270 3258 3259 3271
4 760 761 3260 3275
4 3280 3262 3263 3281
4 767 766 3264 3274
4 3286 3266 3267 3287
4 3279 3269 3268 3278
4 3285 3272 3273 3284
4 2666 3276 3277 2667
4 2665 3282 3283 2664
4 2668 3288 3289 2669
8 760 761 762 763 764 765 766 767
8 3269 3270 3258 3257 3261 3262 3280 3279
8 3286 3266 3265 3256 3259 3271 3272 3285
8 2666 3276 3275 3260 3263 3281 3282 2665
8 2667 3277 3274 3264 3267 3287 3288 2668
8 2664 3283 3278 3268 3273 3284 3289 2669
6 3290 860 859 3291 3292 3293
6 3294 857 858 3295 3296 3297
6 3298 862 861 3299 3300 3301
6 3302 3303 3304 3305 3306 3307
6 3308 863 856 3309 3310 3311
6 3312 3313 3314 3315 3316 3317
6 3318 3319 3320 3321 3322 3323
6 3324 3325 3326 3327 3328 3329
4 858 859 3291 3295
4 861 860 3290 3299
4 3304 3292 3293 3305
4 856 857 3294 3309
4 3314 3296 3297 3315
4 863 862 3298 3308
4 3320 3300 3301 3321
4 3313 3303 3302 3312
4 3319 3306 3307 3318
4 3326 3310 3311 3327
4 3325 3316 3317 3324
4 3328 3322 3323 3329
8 856 857 858 859 860 861 862 863
8 3303 3304 3292 3291 3295 3296 3314 3313
8 3320 3300 3299 3290 3293 3305 3306 3319
8 3326 3310 3309 3294 3297 3315 3316 3325
8 3327 3311 3308 3298 3301 3321 3322 3328
8 3324 3317 3312 3302 3307 3318 3323 3329
# cell 1: 0 1 2 3 4 5 6 7 8 9 10 11 12 13 14 15 16 17 18 19 20 21 22 23 24 25
# cell 2: 26 27 28 29 30 31 32 33 34 35 36 37 38 39 40 41 42 43 44 45 46 47 48 49 50 51
# cell 3: 52 53 54 55 56 57 58 59 60 61 62 63 64 65 66 67 68 69 70 71 72 73 74 75 76 77
# cell 4: 78 79 80 81 82 83 84 85 86 87 88 89 90 91 92 93 94 95 96 97 98 99 100 101 102 103
# cell 5: 104 105 106 107 108 109 110 111 112 113 114 115 116 117 118 119 120 121 122 123 124 125 126 127 128 129
# cell 6: 130 131 132 133 134 135 136 137 138 139 140 141 142 143 144 145 146 147 148 149 150 151 152 153 154 155
# cell 7: 156 157 158 159 160 161 162 163 164 165 166 167 168 169 170 171 172 173 174 175 176 177 178 179 180 181
# cell 8: 182 183 184 185 186 187 188 189 190 191 192 193 194 195 196 197 198 199 200 201 202 203 204 205 206 207
# cell 9: 208 209 210 211 212 213 214 215 216 217 218 219 220 221 222 223 224 225 226 227 228 229 230 231 232 233
# cell 10: 234 235 236 237 238 239 240 241 242 243 244 245 246 247 248 249 250 251 252 253 254 255 256 257 258 259
# cell 11: 260 261 262 263 264 265 266 267 268 269 270 271 272 273 274 275 276 277 278 279 280 281 282 283 284 285
# cell 12: 286 287 288 289 290 291 292 293 294 295 296 297 298 299 300 301 302 303 304 305 306 307 308 309 310 311
# cell 13: 312 313 314 315 316 317 318 319 320 321 322 323 324 325 326 327 328 329 330 331 332 333 334 335 336 337
# cell 14: 338 339 340 341 342 343 344 345 346 347 348 349 350 351 352 353 354 355 356 357 358 359 360 361 362 363
# cell 15: 364 365 366 367 368 369 370 371 372 373 374 375 376 377 378 379 380 381 382 383 384 385 386 387 388 389
# cell 16: 390 391 392 393 394 395 396 397 398 399 400 401 402 403 404 405 406 407 408 409 410 411 412 413 414 415
# cell 17: 416 417 418 419 420 421 422 423 424 425 426 427 428 429 430 431 432 433 434 435 436 437 438 439 440 441
# cell 18: 442 443 444 445 446 447 448 449 450 451 452 453 454 455 456 457 458 459 460 461 462 463 464 465 466 467
# cell 19: 468 469 470 471 472 473 474 475 476 477 478 479 480 481 482 483 484 485 486 487 488 489 490 491 492 493
# cell 20: 494 495 496 497 498 499 500 501 502 503 504 505 506 507 508 509 510 511 512 513 514 515 516 517 518 519
# cell 21: 520 521 522 523 524 525 526 527 528 529 530 531 532 533 534 535 536 537 538 539 540 541 542 543 544 545
# cell 22: 546 547 548 549 550 551 552 553 554 555 556 557 558 559 560 561 562 563 564 565 566 567 568 569 570 571
# cell 23: 572 573 574 575 576 577 578 579 580 581 582 583 584 585 586 587 588 589 590 591 592 593 594 595 596 597
# cell 24: 598 599 600 601 602 603 604 605 606 607 608 609 610 611 612 613 614 615 616 617 618 619 620 621 622 623
# cell 25: 624 625 626 627 628 629 630 631
# cell 26: 632 633 634 635 636 637 638 639
# cell 27: 640 641 642 643 644 645 646 647
# cell 28: 648 649 650 651 652 653 654 655
# cell 29: 656 657 658 659 660 661 662 663
# cell 30: 664 665 666 667 668 669 670 671
# cell 31: 672 673 674 675 676 677 678 679
# cell 32: 680 681 682 683 684 685 686 687
# cell 33: 688 689 690 691 692 693 694 695
# cell 34: 696 697 698 699 700 701 702 703
# cell 35: 704 705 706 707 708 709 710 711
# cell 36: 712 713 714 715 716 717 718 719
# cell 37: 720 721 722 723 724 725 726 727
# cell 38: 728 729 730 731 732 733 734 735
# cell 39: 736 737 738 739 740 741 742 743
# cell 40: 744 745 746 747 748 749 750 751
# cell 41: 752 753 754 755 756 757 758 759
# cell 42: 760 761 762 763 764 765 766 767
# cell 43: 768 769 770 771 772 773 774 775
# cell 44: 776 777 778 779 780 781 782 783
# cell 45: 784 785 786 787 788 789 790 791
# cell 46: 792 793 794 795 796 797 798 799
# cell 47: 800 801 802 803 804 805 806 807
# cell 48: 808 809 810 811 812 813 814 815
# cell 49: 816 817 818 819 820 821 822 823
# cell 50: 824 825 826 827 828 829 830 831
# cell 51: 832 833 834 835 836 837 838 839
# cell 52: 840 841 842 843 844 845 846 847
# cell 53: 848 849 850 851 852 853 854 855
# cell 54: 856 857 858 859 860 861 862 863
# cell 55: 864 865 866 867 868 869 870 871
# cell 56: 872 873 874 875 876 877 878 879
# cell 57: 880 881 882 883 884 885 886 887
# cell 58: 888 889 890 891 892 893 894 895
# cell 59: 896 897 898 899 900 901 902 903
# cell 60: 904 905 906 907 908 909 910 911
# cell 61: 912 913 914 915 916 917 918 919
# cell 62: 920 921 922 923 924 925 926 927
# cell 63: 928 929 930 931 932 933 934 935
# cell 64: 936 937 938 939 940 941 942 943
# cell 65: 944 945 946 947 948 949 950 951
# cell 66: 952 953 954 955 956 957 958 959
# cell 67: 960 961 962 963 964 965 966 967
# cell 68: 968 969 970 971 972 973 974 975
# cell 69: 976 977 978 979 980 981 982 983
# cell 70: 984 985 986 987 988 989 990 991
# cell 71: 992 993 994 995 996 997 998 999
# cell 72: 1000 1001 1002 1003 1004 1005 1006 1007
# cell 73: 1008 1009 1010 1011 1012 1013 1014 1015
# cell 74: 1016 1017 1018 1019 1020 1021 1022 1023
# cell 75: 1024 1025 1026 1027 1028 1029 1030 1031
# cell 76: 1032 1033 1034 1035 1036 1037 1038 1039
# cell 77: 1040 1041 1042 1043 1044 1045 1046 1047
# cell 78: 1048 1049 1050 1051 1052 1053 1054 1055
# cell 79: 1056 1057 1058 1059 1060 1061 1062 1063
# cell 80: 1064 1065 1066 1067 1068 1069 1070 1071
# cell 81: 1072 1073 1074 1075 1076 1077 1078 1079
# cell 82: 1080 1081 1082 1083 1084 1085 1086 1087
# cell 83: 1088 1089 1090 1091 1092 1093 1094 1095
# cell 84: 1096 1097 1098 1099 1100 1101 1102 1103
# cell 85: 1104 1105 1106 1107 1108 1109 1110 1111
# cell 86: 1112 1113 1114 1115 1116 1117 1118 1119
# cell 87: 1120 1121 1122 1123 1124 1125 1126 1127
# cell 88: 1128 1129 1130 1131 1132 1133 1134 1135
# cell 89: 1136 1137 1138 1139 1140 1141 1142 1143
# cell 90: 1144 1145 1146 1147 1148 1149 1150 1151
# cell 91: 1152 1153 1154 1155 1156 1157 1158 1159
# cell 92: 1160 1161 1162 1163 1164 1165 1166 1167
# cell 93: 1168 1169 1170 1171 1172 1173 1174 1175
# cell 94: 1176 1177 1178 1179 1180 1181 1182 1183
# cell 95: 1184 1185 1186 1187 1188 1189 1190 1191
# cell 96: 1192 1193 1194 1195 1196 1197 1198 1199
# cell 97: 1200 1201 1202 1203 1204 1205 1206 1207
# cell 98: 1208 1209 1210 1211 1212 1213 1214 1215
# cell 99: 1216 1217 1218 1219 1220 1221 1222 1223
# cell 100: 1224 1225 1226 1227 1228 1229 1230 1231
# cell 101: 1232 1233 1234 1235 1236 1237 1238 1239
# cell 102: 1240 1241 1242 1243 1244 1245 1246 1247
# cell 103: 1248 1249 1250 1251 1252 1253 1254 1255
# cell 104: 1256 1257 1258 1259 1260 1261 1262 1263
# cell 105: 1264 1265 1266 1267 1268 1269 1270 1271
# cell 106: 1272 1273 1274 1275 1276 1277 1278 1279
# cell 107: 1280 1281 1282 1283 1284 1285 1286 1287
# cell 108: 1288 1289 1290 1291 1292 1293 1294 1295
# cell 109: 1296 1297 1298 1299 1300 1301 1302 1303
# cell 110: 1304 1305 1306 1307 1308 1309 1310 1311
# cell 111: 1312 1313 1314 1315 1316 1317 1318 1319
# cell 112: 1320 1321 1322 1323 1324 1325 1326 1327
# cell 113: 1328 1329 1330 1331 1332 1333 1334 1335
# cell 114: 1336 1337 1338 1339 1340 1341 1342 1343
# cell 115: 1344 1345 1346 1347 1348 1349 1350 1351
# cell 116: 1352 1353 1354 1355 1356 1357 1358 1359
# cell 117: 1360 1361 1362 1363 1364 1365 1366 1367
# cell 118: 1368 1369 1370 1371 1372 1373 1374 1375
# cell 119: 1376 1377 1378 1379 1380 1381 1382 1383
# cell 120: 1384 1385 1386 1387 1388 1389 1390 1391
# cell 121: 1392 1393 1394 1395 1396 1397 1398 1399
# cell 122: 1400 1401 1402 1403 1404 1405 1406 1407
# cell 123: 1408 1409 1410 1411 1412 1413 1414 1415
# cell 124: 1416 1417 1418 1419 1420 1421 1422 1423
# cell 125: 1424 1425 1426 1427 1428 1429 1430 1431
# cell 126: 1432 1433 1434 1435 1436 1437 1438 1439
# cell 127: 1440 1441 1442 1443 1444 1445 1446 1447
# cell 128: 1448 1449 1450 1451 1452 1453 1454 1455
# cell 129: 1456 1457 1458 1459 1460 1461 1462 1463
# cell 130: 1464 1465 1466 1467 1468 1469 1470 1471
# cell 131: 1472 1473 1474 1475 1476 1477 1478 1479
# cell 132: 1480 1481 1482 1483 1484 1485 1486 1487
# cell 133: 1488 1489 1490 1491 1492 1493 1494 1495
# cell 134: 1496 1497 1498 1499 1500 1501 1502 1503
# cell 135: 1504 1505 1506 1507 1508 1509 1510 1511
# cell 136: 1512 1513 1514 1515 1516 1517 1518 1519
# cell 137: 1520 1521 1522 1523 1524 1525 1526 1527
# cell 138: 1528 1529 1530 1531 1532 1533 1534 1535
# cell 139: 1536 1537 1538 1539 1540 1541 1542 1543
# cell 140: 1544 1545 1546 1547 1548 1549 1550 1551
# cell 141: 1552 1553 1554 1555 1556 1557 1558 1559
# cell 142: 1560 1561 1562 1563 1564 1565 1566 1567
# cell 143: 1568 1569 1570 1571 1572 1573 1574 1575
# cell 144: 1576 1577 1578 1579 1580 1581 1582 1583
# cell 145: 1584 1585 1586 1587 1588 1589 1590 1591
# cell 146: 1592 1593 1594 1595 1596 1597 1598 1599
# cell 147: 1600 1601 1602 1603 1604 1605 1606 1607
# cell 148: 1608 1609 1610 1611 1612 1613 1614 1615
# cell 149: 1616 1617 1618 1619 1620 1621 1622 1623
# cell 150: 1624 1625 1626 1627 1628 1629 1630 1631
# cell 151: 1632 1633 1634 1635 1636 1637 1638 1639
# cell 152: 1640 1641 1642 1643 1644 1645 1646 1647
# cell 153: 1648 1649 1650 1651 1652 1653 1654 1655
# cell 154: 1656 1657 1658 1659 1660 1661 1662 1663
# cell 155: 1664 1665 1666 1667 1668 1669 1670 1671
# cell 156: 1672 1673 1674 1675 1676 1677 1678 1679
# cell 157: 1680 1681 1682 1683 1684 1685 1686 1687
# cell 158: 1688 1689 1690 1691 1692 1693 1694 1695
# cell 159: 1696 1697 1698 1699 1700 1701 1702 1703
# cell 160: 1704 1705 1706 1707 1708 1709 1710 1711
# cell 161: 1712 1713 1714 1715 1716 1717 1718 1719
# cell 162: 1720 1721 1722 1723 1724 1725 1726 1727
# cell 163: 1728 1729 1730 1731 1732 1733 1734 1735
# cell 164: 1736 1737 1738 1739 1740 1741 1742 1743
# cell 165: 1744 1745 1746 1747 1748 1749 1750 1751
# cell 166: 1752 1753 1754 1755 1756 1757 1758 1759
# cell 167: 1760 1761 1762 1763 1764 1765 1766 1767
# cell 168: 1768 1769 1770 1771 1772 1773 1774 1775
# cell 169: 1776 1777 1778 1779 1780 1781 1782 1783
# cell 170: 1784 1785 1786 1787 1788 1789 1790 1791
# cell 171: 1792 1793 1794 1795 1796 1797 1798 1799
# cell 172: 1800 1801 1802 1803 1804 1805 1806 1807
# cell 173: 1808 1809 1810 1811 1812 1813 1814 1815
# cell 174: 1816 1817 1818 1819 1820 1821 1822 1823
# cell 175: 1824 1825 1826 1827 1828 1829 1830 1831
# cell 176: 1832 1833 1834 1835 1836 1837 1838 1839
# cell 177: 1840 1841 1842 1843 1844 1845 1846 1847
# cell 178: 1848 1849 1850 1851 1852 1853 1854 1855
# cell 179: 1856 1857 1858 1859 1860 1861 1862 1863
# cell 180: 1864 1865 1866 1867 1868 1869 1870 1871
# cell 181: 1872 1873 1874 1875 1876 1877 1878 1879
# cell 182: 1880 1881 1882 1883 1884 1885 1886 1887
# cell 183: 1888 1889 1890 1891 1892 1893 1894 1895
# cell 184: 1896 1897 1898 1899 1900 1901 1902 1903
# cell 185: 1904 1905 1906 1907 1908 1909 1910 1911
# cell 186: 1912 1913 1914 1915 1916 1917 1918 1919
# cell 187: 1920 1921 1922 1923 1924 1925 1926 1927
# cell 188: 1928 1929 1930 1931 1932 1933 1934 1935
# cell 189: 1936 1937 1938 1939 1940 1941 1942 1943
# cell 190: 1944 1945 1946 1947 1948 1949 1950 1951
# cell 191: 1952 1953 1954 1955 1956 1957 1958 1959
# cell 192: 1960 1961 1962 1963 1964 1965 1966 1967
# cell 193: 1968 1969 1970 1971 1972 1973 1974 1975
# cell 194: 1976 1977 1978 1979 1980 1981 1982 1983
# cell 195: 1984 1985 1986 1987 1988 1989 1990 1991
# cell 196: 1992 1993 1994 1995 1996 1997 1998 1999
# cell 197: 2000 2001 2002 2003 2004 2005 2006 2007
# cell 198: 2008 2009 2010 2011 2012 2013 2014 2015
# cell 199: 2016 2017 2018 2019 2020 2021 2022 2023
# cell 200: 2024 2025 2026 2027 2028 2029 2030 2031
# cell 201: 2032 2033 2034 2035 2036 2037 2038 2039
# cell 202: 2040 2041 2042 2043 2044 2045 2046 2047
# cell 203: 2048 2049 2050 2051 2052 2053 2054 2055
# cell 204: 2056 2057 2058 2059 2060 2061 2062 2063
# cell 205: 2064 2065 2066 2067 2068 2069 2070 2071
# cell 206: 2072 2073 2074 2075 2076 2077 2078 2079
# cell 207: 2080 2081 2082 2083 2084 2085 2086 2087
# cell 208: 2088 2089 2090 2091 2092 2093 2094 2095
# cell 209: 2096 2097 2098 2099 2100 2101 2102 2103
# cell 210: 2104 2105 2106 2107 2108 2109 2110 2111
# cell 211: 2112 2113 2114 2115 2116 2117 2118 2119
# cell 212: 2120 2121 2122 2123 2124 2125 2126 2127
# cell 213: 2128 2129 2130 2131 2132 2133 2134 2135
# cell 214: 2136 2137 2138 2139 2140 2141 2142 2143
# cell 215: 2144 2145 2146 2147 2148 2149 2150 2151
# cell 216: 2152 2153 2154 2155 2156 2157 2158 2159
# cell 217: 2160 2161 2162 2163 2164 2165 2166 2167 2168 2169 2170 2171 2172 2173 2174 2175 2176 2177 2178 2179 2180 2181 2182 2183 2184 2185
# cell 218: 2186 2187 2188 2189 2190 2191 2192 2193 2194 2195 2196 2197 2198 2199 2200 2201 2202 2203 2204 2205 2206 2207 2208 2209 2210 2211
# cell 219: 2212 2213 2214 2215 2216 2217 2218 2219 2220 2221 2222 2223 2224 2225 2226 2227 2228 2229 2230 2231 2232 2233 2234 2235 2236 2237
# cell 220: 2238 2239 2240 2241 2242 2243 2244 2245 2246 2247 2248 2249 2250 2251 2252 2253 2254 2255 2256 2257 2258 2259 2260 2261 2262 2263
# cell 221: 2264 2265 2266 2267 2268 2269 2270 2271 2272 2273 2274 2275 2276 2277 2278 2279 2280 2281 2282 2283 2284 2285 2286 2287 2288 2289
# cell 222: 2290 2291 2292 2293 2294 2295 2296 2297 2298 2299 2300 2301 2302 2303 2304 2305 2306 2307 2308 2309 2310 2311 2312 2313 2314 2315
# cell 223: 2316 2317 2318 2319 2320 2321 2322 2323 2324 2325 2326 2327 2328 2329 2330 2331 2332 2333 2334 2335 2336 2337 2338 2339 2340 2341
# cell 224: 2342 2343 2344 2345 2346 2347 2348 2349 2350 2351 2352 2353 2354 2355 2356 2357 2358 2359 2360 2361 2362 2363 2364 2365 2366 2367
# cell 225: 2368 2369 2370 2371 2372 2373 2374 2375 2376 2377 2378 2379 2380 2381 2382 2383 2384 2385 2386 2387 2388 2389 2390 2391 2392 2393
# cell 226: 2394 2395 2396 2397 2398 2399 2400 2401 2402 2403 2404 2405 2406 2407 2408 2409 2410 2411 2412 2413 2414 2415 2416 2417 2418 2419
# cell 227: 2420 2421 2422 2423 2424 2425 2426 2427 2428 2429 2430 2431 2432 2433 2434 2435 2436 2437 2438 2439 2440 2441 2442 2443 2444 2445
# cell 228: 2446 2447 2448 2449 2450 2451 2452 2453 2454 2455 2456 2457 2458 2459 2460 2461 2462 2463 2464 2465 2466 2467 2468 2469 2470 2471
# cell 229: 2472 2473 2474 2475 2476 2477 2478 2479 2480 2481 2482 2483 2484 2485 2486 2487 2488 2489 2490 2491 2492 2493 2494 2495 2496 2497
# cell 230: 2498 2499 2500 2501 2502 2503 2504 2505 2506 2507 2508 2509 2510 2511 2512 2513 2514 2515 2516 2517 2518 2519 2520 2521 2522 2523
# cell 231: 2524 2525 2526 2527 2528 2529 2530 2531 2532 2533 2534 2535 2536 2537 2538 2539 2540 2541 2542 2543 2544 2545 2546 2547 2548 2549
# cell 232: 2550 2551 2552 2553 2554 2555 2556 2557 2558 2559 2560 2561 2562 2563 2564 2565 2566 2567 2568 2569 2570 2571 2572 2573 2574 2575
# cell 233: 2576 2577 2578 2579 2580 2581 2582 2583 2584 2585 2586 2587 2588 2589 2590 2591 2592 2593 2594 2595 2596 2597 2598 2599 2600 2601
# cell 234: 2602 2603 2604 2605 2606 2607 2608 2609 2610 2611 2612 2613 2614 2615 2616 2617 2618 2619 2620 2621 2622 2623 2624 2625 2626 2627
# cell 235: 2628 2629 2630 2631 2632 2633 2634 2635 2636 2637 2638 2639 2640 2641 2642 2643 2644 2645 2646 2647 2648 2649 2650 2651 2652 2653
# cell 236: 2654 2655 2656 2657 2658 2659 2660 2661 2662 2663 2664 2665 2666 2667 2668 2669 2670 2671 2672 2673 2674 2675 2676 2677 2678 2679
# cell 237: 2680 2681 2682 2683 2684 2685 2686 2687 2688 2689 2690 2691 2692 2693 2694 2695 2696 2697 2698 2699 2700 2701 2702 2703 2704 2705
# cell 238: 2706 2707 2708 2709 2710 2711 2712 2713 2714 2715 2716 2717 2718 2719 2720 2721 2722 2723 2724 2725 2726 2727 2728 2729 2730 2731
# cell 239: 2732 2733 2734 2735 2736 2737 2738 2739 2740 2741 2742 2743 2744 2745 2746 2747 2748 2749 2750 2751 2752 2753 2754 2755 2756 2757
# cell 240: 2758 2759 2760 2761 2762 2763 2764 2765 2766 2767 2768 2769 2770 2771 2772 2773 2774 2775 2776 2777 2778 2779 2780 2781 2782 2783