OFF
# face-rotation BFS net; polygonal faces are preserved
# the cell decomposition is listed below as comments
1805 1440 0
2.3684757858670008e-17 -1.7013016167040798 2.2270327288232137
1.618033988749895 -0.5257311121191336 2.2270327288232137
1. 1.3763819204711736 2.2270327288232137
-1. 1.3763819204711736 2.2270327288232137
-1.618033988749895 -0.5257311121191336 2.2270327288232137
2.3684757858670008e-17 2.752763840942347 -0.5257311121191337
1.618033988749895 2.2270327288232137 0.5257311121191335
-1.618033988749895 2.2270327288232137 0.5257311121191335
2.618033988749895 0.8506508083520399 -0.5257311121191337
2.618033988749895 -0.8506508083520399 0.5257311121191335
-2.618033988749895 0.8506508083520399 -0.5257311121191337
-2.618033988749895 -0.8506508083520399 0.5257311121191335
1.618033988749895 -2.2270327288232137 -0.5257311121191337
2.3684757858670008e-17 -2.752763840942347 0.5257311121191335
-1.618033988749895 -2.2270327288232137 -0.5257311121191337
1.618033988749895 0.5257311121191336 -2.2270327288232137
2.3684757858670008e-17 1.7013016167040798 -2.2270327288232137
-1.618033988749895 0.5257311121191336 -2.2270327288232137
1. -1.3763819204711736 -2.2270327288232137
-1. -1.3763819204711736 -2.2270327288232137
2.368475785867001e-17 2.752763840942347 4.979796569765561
1.618033988749895 2.2270327288232137 3.928334345527294
-1.618033988749895 2.2270327288232137 3.928334345527294
2.618033988749895 0.8506508083520399 4.979796569765561
2.618033988749895 -0.8506508083520399 3.928334345527294
-2.618033988749895 0.8506508083520399 4.979796569765561
-2.618033988749895 -0.8506508083520399 3.928334345527294
1.618033988749895 -2.2270327288232137 4.979796569765561
2.368475785867001e-17 -2.752763840942347 3.928334345527294
-1.618033988749895 -2.2270327288232137 4.979796569765561
1.618033988749895 0.5257311121191336 6.68109818646964
2.3684757858670014e-17 1.7013016167040798 6.68109818646964
-1.618033988749895 0.5257311121191336 6.68109818646964
1. -1.3763819204711736 6.68109818646964
-1. -1.3763819204711736 6.68109818646964
3.9817242717888377e-17 3.222992042776326 4.689179558563417
1.6180339887498951 2.5176497400253584 3.748723154895459
-1.6180339887498947 2.5176497400253584 3.748723154895459
2.618033988749895 4.0736428511283655 2.9878779418593364
2.618033988749895 3.8940316604965317 0.9959593139531119
-2.618033988749895 4.0736428511283655 2.9878779418593364
-2.618033988749895 3.8940316604965317 0.9959593139531119
1.6180339887498951 5.450024771599539 0.23511410091698903
3.3655181824660006e-17 4.744682468848572 -0.7053423027509678
-1.6180339887498947 5.450024771599539 0.23511410091698903
1.6180339887498951 5.740641782801684 3.458106143693315
4.9787666683878396e-17 5.214910670682551 4.509568367931582
-1.6180339887498947 5.740641782801684 3.458106143693315
1. 6.591292591153724 1.7568045269892345
-0.9999999999999999 6.591292591153724 1.7568045269892345
3.0652475842498528 0.9959593139531121 4.689179558563416
1.894427190999916 2.316838324139131 3.748723154895459
2.8944271909999157 -0.7608452130361227 3.748723154895459
3.0652475842498528 3.7487231548954596 2.987877941859336
2.8944271909999157 3.693220244610304 0.9959593139531119
4.683281572999747 -1.2310734148701012 2.987877941859336
4.512461179749811 -1.2865763251552567 0.9959593139531119
4.683281572999747 3.2229920427763257 0.23511410091698903
4.512461179749811 1.4661875157870907 -0.7053423027509678
5.683281572999747 0.1453085056010721 0.23511410091698903
4.959674775249769 3.312797638092243 3.458106143693315
4.959674775249769 1.6114960213881626 4.509568367931582
5.959674775249768 0.23511410091698914 3.458106143693315
5.95967477524977 2.9878779418593364 1.7568045269892345
6.577708763999665 1.0857649092690291 1.7568045269892345
-3.0652475842498528 0.9959593139531121 4.689179558563416
-1.894427190999916 2.316838324139131 3.748723154895459
-2.8944271909999157 -0.7608452130361227 3.748723154895459
-3.0652475842498528 3.7487231548954596 2.987877941859336
-2.8944271909999157 3.693220244610304 0.9959593139531119
-4.683281572999747 -1.2310734148701012 2.987877941859336
-4.512461179749811 -1.2865763251552567 0.9959593139531119
-4.683281572999747 3.2229920427763257 0.23511410091698903
-4.512461179749811 1.4661875157870907 -0.7053423027509678
-5.683281572999747 0.1453085056010721 0.23511410091698903
-4.959674775249769 3.312797638092243 3.458106143693315
-4.959674775249769 1.6114960213881626 4.509568367931582
-5.959674775249768 0.23511410091698914 3.458106143693315
-5.95967477524977 2.9878779418593364 1.7568045269892345
-6.577708763999665 1.0857649092690291 1.7568045269892345
1.8944271909999157 -2.6074553353412746 4.689179558563417
2.7888543819998315 -1.0857649092690287 3.748723154895459
0.1708203932499366 -2.987877941859336 3.748723154895459
4.5124611797498115 -1.756804526989235 2.9878779418593364
4.406888370749726 -1.6114960213881626 0.995959313953112
0.27639320225002084 -4.834488064164489 2.9878779418593364
0.1708203932499366 -4.689179558563416 0.9959593139531118
4.512461179749811 -3.458106143693315 0.23511410091698903
2.788854381999832 -3.838528750211376 -0.705342302750968
1.8944271909999157 -5.360219176283621 0.23511410091698903
4.683281572999748 -3.693220244610304 3.458106143693315
3.0652475842498523 -4.218951356729438 4.509568367931583
2.0652475842498528 -5.595333277200611 3.458106143693315
4.683281572999748 -4.744682468848572 1.7568045269892347
3.0652475842498523 -5.9202529734335165 1.7568045269892347
-1.8944271909999162 -2.607455335341275 4.689179558563417
-2.7888543819998315 -1.0857649092690291 3.748723154895459
-0.17082039324993703 -2.9878779418593364 3.748723154895459
-4.5124611797498115 -1.7568045269892352 2.9878779418593364
-4.406888370749726 -1.611496021388163 0.9959593139531121
-0.2763932022500213 -4.834488064164488 2.9878779418593364
-0.17082039324993703 -4.689179558563416 0.9959593139531119
-4.5124611797498115 -3.458106143693315 0.23511410091698925
-2.788854381999832 -3.838528750211376 -0.7053423027509675
-1.8944271909999162 -5.360219176283621 0.23511410091698903
-4.683281572999748 -3.693220244610304 3.458106143693315
-3.0652475842498528 -4.218951356729438 4.509568367931583
-2.065247584249853 -5.595333277200611 3.458106143693315
-4.683281572999748 -4.744682468848572 1.756804526989235
-3.0652475842498528 -5.920252973433518 1.756804526989235
1.8944271909999162 5.360219176283622 -0.2351141009169888
2.7888543819998315 3.8385287502113763 0.7053423027509682
0.17082039324993703 4.689179558563417 -0.9959593139531118
4.512461179749811 3.458106143693315 -0.2351141009169888
4.406888370749726 1.611496021388163 -0.9959593139531118
0.2763932022500213 4.834488064164489 -2.987877941859336
0.17082039324993747 2.987877941859337 -3.748723154895459
4.512461179749811 1.7568045269892354 -2.9878779418593355
2.788854381999832 1.0857649092690296 -3.748723154895459
1.8944271909999162 2.6074553353412755 -4.689179558563416
4.683281572999748 4.744682468848572 -1.7568045269892343
3.065247584249853 5.920252973433518 -1.7568045269892343
2.065247584249853 5.595333277200611 -3.4581061436933145
4.683281572999748 3.6932202446103046 -3.458106143693314
3.065247584249853 4.2189513567294386 -4.509568367931582
-1.8944271909999162 5.360219176283621 -0.2351141009169897
-2.788854381999832 3.8385287502113763 0.7053423027509675
-0.17082039324993703 4.689179558563417 -0.9959593139531123
-4.512461179749811 3.458106143693315 -0.23511410091698948
-4.406888370749726 1.6114960213881626 -0.9959593139531122
-0.2763932022500213 4.834488064164489 -2.9878779418593364
-0.1708203932499366 2.9878779418593364 -3.748723154895459
-4.512461179749811 1.756804526989235 -2.9878779418593364
-2.7888543819998315 1.0857649092690291 -3.748723154895459
-1.8944271909999157 2.607455335341275 -4.689179558563417
-4.683281572999748 4.744682468848572 -1.7568045269892354
-3.0652475842498528 5.920252973433517 -1.7568045269892356
-2.065247584249853 5.595333277200611 -3.458106143693315
-4.683281572999748 3.693220244610304 -3.458106143693315
-3.0652475842498528 4.218951356729438 -4.509568367931583
1.8944271909999173 5.360219176283622 4.689179558563418
2.7888543819998324 3.8385287502113767 3.7487231548954605
0.17082039324993792 4.689179558563417 5.450024771599541
4.5124611797498115 3.4581061436933145 4.689179558563417
4.406888370749727 1.6114960213881624 5.45002477159954
0.2763932022500222 4.834488064164489 7.441943399505765
0.17082039324993747 2.9878779418593364 8.202788612541887
4.5124611797498115 1.7568045269892345 7.441943399505764
2.7888543819998324 1.0857649092690287 8.202788612541886
1.8944271909999169 2.6074553353412746 9.143245016209843
4.683281572999749 4.744682468848572 6.210869984635663
3.065247584249854 5.9202529734335165 6.210869984635664
2.065247584249854 5.595333277200611 7.912171601339743
4.683281572999749 3.6932202446103033 7.912171601339743
3.0652475842498537 4.218951356729437 8.963633825578011
5.683281572999748 -0.14530850560107234 -0.23511410091698948
4.512461179749811 -1.4661875157870907 0.7053423027509673
4.512461179749811 1.2865763251552567 -0.9959593139531123
4.683281572999748 -3.2229920427763257 -0.23511410091698948
2.8944271909999157 -3.693220244610304 -0.9959593139531123
4.683281572999748 1.2310734148701012 -2.9878779418593364
2.8944271909999166 0.760845213036123 -3.748723154895459
3.065247584249853 -3.7487231548954596 -2.9878779418593364
1.8944271909999162 -2.316838324139131 -3.748723154895459
3.065247584249853 -0.9959593139531122 -4.689179558563417
5.959674775249768 -2.9878779418593364 -1.7568045269892354
6.577708763999663 -1.0857649092690291 -1.7568045269892354
5.95967477524977 -0.23511410091698937 -3.458106143693315
4.959674775249769 -3.312797638092243 -3.458106143693315
4.959674775249769 -1.611496021388163 -4.509568367931582
-1.894427190999917 5.360219176283621 4.689179558563419
-2.7888543819998324 3.8385287502113763 3.7487231548954614
-0.17082039324993792 4.689179558563416 5.450024771599541
-4.5124611797498115 3.4581061436933145 4.689179558563419
-4.406888370749727 1.6114960213881624 5.450024771599541
-0.2763932022500222 4.834488064164488 7.4419433995057656
-0.17082039324993792 2.987877941859337 8.202788612541887
-4.5124611797498115 1.7568045269892345 7.441943399505765
-2.7888543819998324 1.0857649092690287 8.202788612541887
-1.8944271909999166 2.6074553353412746 9.143245016209844
-4.683281572999748 4.744682468848571 6.210869984635664
-3.0652475842498537 5.9202529734335165 6.210869984635664
-2.065247584249854 5.595333277200611 7.912171601339744
-4.683281572999748 3.6932202446103037 7.912171601339744
-3.0652475842498537 4.218951356729437 8.963633825578011
-5.683281572999748 -0.1453085056010719 -0.23511410091698925
-4.512461179749811 -1.4661875157870907 0.7053423027509678
-4.512461179749811 1.2865763251552569 -0.995959313953112
-4.683281572999748 -3.222992042776326 -0.23511410091698925
-2.8944271909999166 -3.6932202446103037 -0.9959593139531122
-4.683281572999747 1.2310734148701015 -2.9878779418593364
-2.8944271909999157 0.760845213036123 -3.748723154895459
-3.065247584249853 -3.748723154895459 -2.9878779418593364
-1.894427190999916 -2.3168383241391313 -3.748723154895459
-3.065247584249853 -0.9959593139531119 -4.689179558563417
-5.95967477524977 -2.9878779418593364 -1.7568045269892352
-6.577708763999664 -1.0857649092690287 -1.756804526989235
-5.959674775249769 -0.23511410091698903 -3.458106143693315
-4.959674775249769 -3.312797638092243 -3.458106143693315
-4.959674775249769 -1.6114960213881626 -4.509568367931582
5.683281572999748 -0.145308505601073 4.689179558563419
4.512461179749811 -1.4661875157870912 3.748723154895461
4.5124611797498115 1.2865763251552558 5.450024771599541
4.683281572999747 -3.2229920427763266 4.689179558563418
2.894427190999915 -3.6932202446103046 5.450024771599541
4.683281572999748 1.2310734148701004 7.4419433995057656
2.8944271909999157 0.7608452130361223 8.202788612541887
3.065247584249852 -3.74872315489546 7.441943399505765
1.8944271909999155 -2.3168383241391313 8.202788612541887
3.0652475842498523 -0.9959593139531128 9.143245016209844
5.959674775249768 -2.9878779418593373 6.210869984635664
6.577708763999663 -1.0857649092690302 6.210869984635664
5.959674775249768 -0.23511410091699048 7.912171601339743
4.959674775249768 -3.312797638092244 7.912171601339743
4.959674775249768 -1.611496021388164 8.963633825578011
1.6180339887498947 -5.450024771599539 -0.23511410091698948
4.966966217647704e-17 -4.744682468848572 0.7053423027509673
2.618033988749895 -3.8940316604965317 -0.9959593139531122
-1.6180339887498951 -5.450024771599539 -0.23511410091698948
-2.618033988749895 -3.8940316604965317 -0.9959593139531122
2.618033988749895 -4.0736428511283655 -2.9878779418593364
1.618033988749895 -2.5176497400253584 -3.748723154895459
-2.618033988749895 -4.0736428511283655 -2.9878779418593364
-1.618033988749895 -2.5176497400253584 -3.748723154895459
6.572921623929573e-17 -3.2229920427763257 -4.689179558563417
-0.9999999999999999 -6.591292591153724 -1.7568045269892352
1.0000000000000002 -6.591292591153724 -1.7568045269892352
1.618033988749895 -5.740641782801684 -3.458106143693315
-1.618033988749895 -5.740641782801684 -3.458106143693315
9.171412055710275e-17 -5.21491067068255 -4.509568367931582
-5.683281572999748 -0.145308505601073 4.689179558563419
-4.512461179749811 -1.4661875157870912 3.748723154895461
-4.5124611797498115 1.2865763251552558 5.450024771599541
-4.683281572999747 -3.2229920427763266 4.689179558563418
-2.894427190999915 -3.6932202446103046 5.450024771599541
-4.683281572999748 1.2310734148701004 7.4419433995057656
-2.8944271909999157 0.7608452130361223 8.202788612541887
-3.065247584249852 -3.74872315489546 7.441943399505765
-1.8944271909999155 -2.3168383241391313 8.202788612541887
-3.0652475842498523 -0.9959593139531128 9.143245016209844
-5.959674775249768 -2.9878779418593373 6.210869984635664
-6.577708763999663 -1.0857649092690302 6.210869984635664
-5.959674775249768 -0.23511410091699048 7.912171601339743
-4.959674775249768 -3.312797638092244 7.912171601339743
-4.959674775249768 -1.611496021388164 8.963633825578011
5.683281572999748 4.259113639906683 1.9670969718368874
4.512461179749811 4.008658911881785 0.3650819794101512
4.5124611797498115 4.299275923083929 3.588074022186477
4.683281572999747 5.635495560377857 -0.7856668691054598
2.8944271909999157 6.526308651907141 -0.8659914354599503
4.683281572999749 6.105723762211836 4.4292438015770905
2.8944271909999166 6.996536853741121 4.3489192352226
3.0652475842498523 8.332756491035049 -0.02482165606933684
1.8944271909999162 8.372918774212295 1.5961553942802524
3.065247584249853 8.623373502237193 3.198170386706989
5.959674775249768 6.891390631317294 0.10514622242382532
6.577708763999665 6.0407398229652545 1.806447839127905
5.959674775249768 7.182007642519439 3.3281382652001508
4.959674775249768 8.558389562990612 0.5753744242578036
4.959674775249769 8.738000753622448 2.5672930521640276
1.618033988749895 2.2270327288232137 -4.979796569765561
2.3684757858670014e-17 2.752763840942347 -3.928334345527294
2.618033988749895 0.8506508083520399 -3.928334345527294
-1.618033988749895 2.2270327288232137 -4.979796569765561
-2.618033988749895 0.8506508083520399 -3.928334345527294
2.618033988749895 -0.8506508083520399 -4.979796569765561
1.618033988749895 -2.2270327288232137 -3.928334345527294
-2.618033988749895 -0.8506508083520399 -4.979796569765561
-1.618033988749895 -2.2270327288232137 -3.928334345527294
2.3684757858670014e-17 -2.752763840942347 -4.979796569765561
-1. 1.3763819204711736 -6.68109818646964
1. 1.3763819204711736 -6.68109818646964
1.618033988749895 -0.5257311121191336 -6.68109818646964
-1.618033988749895 -0.5257311121191336 -6.68109818646964
2.368475785867002e-17 -1.7013016167040798 -6.68109818646964
1.6180339887498945 -5.45002477159954 4.689179558563418
-3.2223497351295697e-16 -4.744682468848572 3.7487231548954605
2.6180339887498945 -3.8940316604965317 5.45002477159954
-1.6180339887498953 -5.450024771599539 4.689179558563418
-2.6180339887498953 -3.894031660496531 5.45002477159954
2.6180339887498945 -4.0736428511283655 7.441943399505765
1.6180339887498945 -2.517649740025358 8.202788612541886
-2.6180339887498953 -4.073642851128365 7.441943399505764
-1.6180339887498953 -2.517649740025358 8.202788612541886
-5.360251248798555e-16 -3.2229920427763257 9.143245016209843
-1.0000000000000009 -6.5912925911537235 6.210869984635663
0.999999999999999 -6.5912925911537235 6.210869984635663
1.618033988749894 -5.740641782801684 7.912171601339743
-1.6180339887498958 -5.740641782801683 7.912171601339743
-8.819448562514827e-16 -5.21491067068255 8.963633825578011
-5.683281572999749 4.259113639906683 1.9670969718368874
-4.5124611797498115 4.008658911881784 0.3650819794101512
-4.5124611797498115 4.299275923083929 3.588074022186477
-4.683281572999747 5.635495560377856 -0.7856668691054598
-2.8944271909999157 6.526308651907141 -0.8659914354599503
-4.683281572999748 6.105723762211835 4.42924380157709
-2.8944271909999175 6.99653685374112 4.348919235222599
-3.065247584249853 8.332756491035047 -0.02482165606933684
-1.8944271909999162 8.372918774212295 1.5961553942802524
-3.065247584249854 8.623373502237193 3.198170386706989
-5.959674775249769 6.891390631317293 0.10514622242382532
-6.577708763999665 6.040739822965254 1.806447839127905
-5.95967477524977 7.182007642519438 3.3281382652001508
-4.959674775249769 8.55838956299061 0.5753744242578036
-4.95967477524977 8.738000753622446 2.567293052164028
1.618033988749895 2.2270327288232137 9.433862027411987
2.3684757858670014e-17 2.752763840942347 8.382399803173719
2.618033988749895 0.8506508083520399 8.382399803173719
-1.618033988749895 2.2270327288232137 9.433862027411987
-2.618033988749895 0.8506508083520399 8.382399803173719
2.618033988749895 -0.8506508083520399 9.433862027411987
1.618033988749895 -2.2270327288232137 8.382399803173719
-2.618033988749895 -0.8506508083520399 9.433862027411987
-1.618033988749895 -2.2270327288232137 8.382399803173719
2.3684757858670017e-17 -2.752763840942347 9.433862027411987
-1. 1.3763819204711736 11.135163644116068
1. 1.3763819204711736 11.135163644116068
1.618033988749895 -0.5257311121191336 11.135163644116068
-1.618033988749895 -0.5257311121191336 11.135163644116068
2.3684757858670017e-17 -1.7013016167040798 11.135163644116068
1.6180339887498945 6.631454874330969 -2.777585497011684
-3.2324432349695444e-16 5.474846427668874 -2.56729305216403
2.618033988749894 6.616114247223059 -1.045602626091785
-1.6180339887498953 6.631454874330968 -2.7775854970116836
-2.618033988749896 6.6161142472230585 -1.0456026260917843
2.6180339887498945 8.478064996636121 -0.31543866727148184
1.6180339887498945 8.462724369528212 1.4165442036484173
-2.6180339887498953 8.478064996636121 -0.3154386672714812
-1.6180339887498953 8.462724369528212 1.4165442036484177
-5.115553786352981e-16 9.619332816190306 1.206251758800764
-1.000000000000001 8.502886652705456 -3.1178458203524997
0.9999999999999991 8.502886652705456 -3.1178458203525
1.6180339887498938 9.644154472259642 -1.596155394280255
-1.618033988749896 9.64415447225964 -1.5961553942802547
-8.68454883956912e-16 10.349496775010609 -0.6556989906122981
5.806888370749726 -4.088983478236274 1.9670969718368874
5.206888370749726 -3.052861881105917 0.3650819794101512
5.483281572999747 -2.96305628579 3.5880740221864764
6.806888370749726 -2.712601557765101 -0.7856668691054594
7.101315561749642 -0.7360235569667865 -0.8659914354599503
7.254101966249684 -2.567293052164029 4.42924380157709
7.5485291572496 -0.5907150513657147 4.348919235222599
8.872135954999578 -0.34026032334081546 -0.024821656069336617
8.5485291572496 0.7856668691054589 1.596155394280252
9.1485291572496 -0.25045472802489877 3.198170386706989
8.395742752749557 -3.538430710047805 0.10514622242382576
7.777708763999663 -4.389081518399846 1.8064478391279053
8.672135954999579 -3.448625114731888 3.328138265200151
9.672135954999579 -2.0722431942607145 0.575374424257804
9.842956348249515 -2.01674028397556 2.567293052164028
1.618033988749894 7.441943399505764 6.2108699846356625
-5.55458017451682e-16 6.266372894920818 6.2108699846356625
2.618033988749895 7.117023703272858 4.509568367931583
-1.6180339887498958 7.441943399505763 6.2108699846356625
-2.618033988749895 7.1170237032728565 4.509568367931582
2.618033988749894 8.818325319976937 3.4581061436933163
1.6180339887498942 8.493405623744032 1.7568045269892356
-2.618033988749896 8.818325319976935 3.4581061436933154
-1.6180339887498956 8.49340562374403 1.7568045269892352
-9.295204217916424e-16 9.668976128328977 1.7568045269892356
-1.0000000000000016 9.344056432096071 6.2108699846356625
0.9999999999999983 9.344056432096071 6.2108699846356625
1.6180339887498933 10.19470724044811 4.509568367931583
-1.6180339887498965 10.19470724044811 4.509568367931583
-1.5347661059272029e-15 10.720438352567244 3.4581061436933154
5.806888370749727 3.5880740221864773 -2.777585497011683
5.206888370749727 1.6918205877426535 -2.5672930521640294
5.483281572999748 4.534390024000918 -1.0456026260917843
6.806888370749727 0.5103904850112235 -2.7775854970116827
7.101315561749642 -0.445406545764643 -1.045602626091784
7.254101966249685 5.109764448258723 -0.31543866727148073
7.548529157249601 4.153967417482856 1.4165442036484182
8.87213595499958 0.12996787849316194 -0.3154386672714803
8.5485291572496 1.0762838803076025 1.4165442036484186
9.148529157249602 2.9725373147514262 1.2062517588007649
8.395742752749559 1.6764799606347431 -3.117845820352499
7.777708763999664 3.57859299322505 -3.1178458203524992
8.67213595499958 4.519049396893008 -1.5961553942802538
9.67213595499958 1.4413658597177539 -1.5961553942802538
9.842956348249517 3.1981703867069893 -0.655698990612297
-5.806888370749726 -4.088983478236274 1.9670969718368874
-5.206888370749726 -3.052861881105917 0.3650819794101512
-5.483281572999747 -2.96305628579 3.5880740221864764
-6.806888370749726 -2.712601557765101 -0.7856668691054594
-7.101315561749642 -0.7360235569667865 -0.8659914354599503
-7.254101966249684 -2.567293052164029 4.42924380157709
-7.5485291572496 -0.5907150513657147 4.348919235222599
-8.872135954999578 -0.34026032334081546 -0.024821656069336617
-8.5485291572496 0.7856668691054589 1.596155394280252
-9.1485291572496 -0.25045472802489877 3.198170386706989
-8.395742752749557 -3.538430710047805 0.10514622242382576
-7.777708763999663 -4.389081518399846 1.8064478391279053
-8.672135954999579 -3.448625114731888 3.328138265200151
-9.672135954999579 -2.0722431942607145 0.575374424257804
-9.842956348249515 -2.01674028397556 2.567293052164028
6.577708763999663 3.838528750211376 6.210869984635662
5.959674775249768 1.9364157176210688 6.210869984635662
5.959674775249769 4.689179558563416 4.509568367931582
7.577708763999663 0.7608452130361223 6.210869984635661
7.577708763999663 -0.29061701120214467 4.509568367931582
7.577708763999664 5.214910670682549 3.458106143693315
7.577708763999664 4.163448446444281 1.7568045269892347
9.195742752749558 0.2351141009169888 3.4581061436933145
8.577708763999665 1.0857649092690287 1.7568045269892343
9.195742752749558 2.987877941859336 1.7568045269892343
9.195742752749558 1.9364157176210681 6.210869984635662
8.577708763999663 3.838528750211376 6.2108699846356625
9.195742752749558 4.689179558563415 4.509568367931582
10.195742752749558 1.6114960213881622 4.509568367931582
10.19574275274956 3.312797638092242 3.458106143693314
-5.806888370749727 3.5880740221864773 -2.7775854970116827
-5.206888370749726 1.6918205877426535 -2.5672930521640294
-5.483281572999748 4.534390024000918 -1.0456026260917843
-6.806888370749727 0.5103904850112235 -2.7775854970116827
-7.101315561749642 -0.445406545764643 -1.045602626091784
-7.254101966249685 5.109764448258723 -0.3154386672714806
-7.548529157249601 4.153967417482856 1.4165442036484182
-8.87213595499958 0.12996787849316194 -0.3154386672714802
-8.5485291572496 1.0762838803076025 1.4165442036484182
-9.148529157249602 2.9725373147514262 1.206251758800765
-8.395742752749559 1.6764799606347434 -3.117845820352499
-7.777708763999664 3.57859299322505 -3.117845820352499
-8.67213595499958 4.519049396893008 -1.5961553942802533
-9.672135954999579 1.4413658597177539 -1.5961553942802533
-9.842956348249515 3.1981703867069893 -0.6556989906122964
-2.094427190999917 -6.786244408893467 1.9670969718368874
-1.2944271909999163 -5.8954313173641815 0.3650819794101512
-1.12360679774998 -6.130545418281171 3.588074022186477
-0.47639320225002124 -7.3119755210126 -0.7856668691054598
1.4944271909999154 -6.98119622663321 -0.8659914354599503
-0.20000000000000095 -7.692398127530662 4.42924380157709
1.7708203932499358 -7.361618833151272 4.348919235222599
2.4180339887498943 -8.5430489358827 -0.024821656069336617
3.388854381999831 -7.8873499452704054 1.5961553942802524
2.588854381999831 -8.778163036799691 3.1981703867069893
-0.7708203932499373 -9.07826107696326 0.10514622242382532
-1.7708203932499373 -8.753341380730355 1.8064478391279049
-0.6000000000000008 -9.313375177880252 3.3281382652001508
1.0180339887498944 -9.839106289999384 0.5753744242578038
1.1236067977499784 -9.984414795600458 2.567293052164028
-6.577708763999664 3.8385287502113763 6.210869984635662
-5.959674775249768 1.9364157176210692 6.210869984635662
-5.959674775249769 4.689179558563416 4.509568367931582
-7.577708763999663 0.760845213036123 6.210869984635661
-7.577708763999663 -0.29061701120214467 4.509568367931582
-7.577708763999664 5.21491067068255 3.458106143693315
-7.577708763999664 4.163448446444282 1.7568045269892347
-9.195742752749558 0.23511410091698925 3.4581061436933145
-8.577708763999665 1.0857649092690291 1.7568045269892343
-9.195742752749558 2.9878779418593364 1.7568045269892343
-9.195742752749558 1.9364157176210686 6.210869984635662
-8.577708763999663 3.838528750211376 6.2108699846356625
-9.195742752749558 4.689179558563415 4.509568367931582
-10.195742752749558 1.6114960213881624 4.509568367931582
-10.19574275274956 3.312797638092243 3.458106143693314
5.206888370749725 -4.413903174469182 -2.7775854970116836
3.2180339887498937 -4.429243801577091 -2.56729305216403
6.006888370749726 -3.8137070941420412 -1.0456026260917846
2.5888543819998304 -6.316016207059488 -2.7775854970116836
1.7708203932499353 -6.891390631317294 -1.0456026260917843
7.101315561749642 -5.320056893106377 -0.31543866727148107
6.283281572999747 -5.895431317364183 1.4165442036484182
2.8652475842498513 -8.39774043028163 -0.31543866727148084
3.665247584249852 -7.797544349954489 1.4165442036484182
5.654101966249684 -7.78220372284658 1.2062517588007644
4.18885438199983 -7.466765055575099 -3.1178458203524997
5.806888370749725 -6.291194550990153 -3.1178458203524997
6.977708763999662 -6.851228348140049 -1.5961553942802544
4.359674775249767 -8.753341380730355 -1.5961553942802544
6.083281572999747 -8.372918774212295 -0.6556989906122975
-2.0944271909999155 4.7943257809872435 -5.190089014613213
-1.2944271909999157 2.9630562857900014 -5.109764448258723
-1.1236067977499788 5.950934227649338 -3.878691033388621
-0.476393202250021 2.5672930521640303 -6.891390631317293
1.4944271909999158 2.3475195783549507 -6.631454874330968
-0.2000000000000004 7.401781116328518 -4.899472003411069
1.7708203932499365 7.182007642519439 -4.639536246424744
2.4180339887498947 3.798366467034132 -7.652235844353417
3.388854381999831 4.954974913696225 -6.340837863128824
2.5888543819998313 6.7862444088934675 -6.4211624294833145
-0.7708203932499373 4.153967417482857 -8.072820734048722
-1.7708203932499371 5.53034933795403 -7.021358509810455
-0.6000000000000005 7.141845359342193 -6.841747319178621
1.0180339887498944 4.9148126305189805 -8.543048935882702
1.1236067977499784 6.761422752824132 -7.782203722846578
5.683281572999747 -5.069602165081479 6.2108699846356625
3.6832815729997472 -5.069602165081478 6.2108699846356625
6.301315561749643 -4.2189513567294386 4.509568367931583
3.065247584249852 -6.971715197671784 6.2108699846356625
2.0652475842498514 -7.296634893904691 4.509568367931582
7.301315561749643 -5.595333277200612 3.4581061436933154
6.301315561749642 -5.920252973433518 1.7568045269892352
3.0652475842498514 -8.673016814375863 3.4581061436933145
3.6832815729997463 -7.822366006023824 1.7568045269892347
5.683281572999746 -7.822366006023825 1.7568045269892343
4.683281572999746 -8.147285702256731 6.2108699846356625
6.301315561749641 -6.971715197671786 6.2108699846356625
7.301315561749641 -7.2966348939046926 4.509568367931582
4.683281572999746 -9.198747926494999 4.509568367931582
6.301315561749641 -8.673016814375865 3.458106143693314
-5.206888370749728 -4.413903174469183 -2.777585497011683
-3.2180339887498963 -4.429243801577091 -2.567293052164029
-6.006888370749728 -3.8137070941420412 -1.0456026260917837
-2.588854381999833 -6.316016207059489 -2.7775854970116827
-1.770820393249938 -6.891390631317293 -1.0456026260917832
-7.101315561749644 -5.320056893106377 -0.31543866727147973
-6.283281572999749 -5.895431317364182 1.4165442036484195
-2.8652475842498535 -8.39774043028163 -0.3154386672714793
-3.6652475842498538 -7.797544349954489 1.4165442036484195
-5.654101966249685 -7.78220372284658 1.2062517588007666
-4.188854381999833 -7.4667650555751 -3.1178458203524984
-5.806888370749728 -6.291194550990154 -3.117845820352499
-6.977708763999664 -6.85122834814005 -1.5961553942802524
-4.359674775249769 -8.753341380730355 -1.5961553942802522
-6.0832815729997485 -8.372918774212295 -0.6556989906122953
5.206888370749726 -0.5103904850112237 -5.190089014613212
3.2180339887498945 -0.31543866727147973 -5.109764448258722
6.006888370749726 0.7703262419975492 -3.8786910333886198
2.588854381999832 0.3402603233408159 -6.891390631317293
1.7708203932499376 2.1467081624687228 -6.631454874330968
7.101315561749643 2.0970648503300504 -4.899472003411068
6.283281572999748 3.9035126894579575 -4.639536246424743
2.865247584249854 3.473446770801224 -7.652235844353417
3.6652475842498538 4.754163497809997 -6.340837863128824
5.654101966249685 4.559211680070253 -6.4211624294833145
4.188854381999833 0.5505527681884688 -8.072820734048722
5.806888370749727 0.024821656069335507 -7.0213585098104545
6.977708763999664 1.6363176774574977 -6.84174731917862
4.35967477524977 2.4869684858095376 -8.543048935882702
6.083281572999749 3.158008103529743 -7.782203722846578
-2.0944271909999146 4.794325780987242 9.644154472259643
-1.2944271909999148 2.9630562857900005 9.56382990590515
-1.123606797749978 5.950934227649338 8.332756491035052
-0.47639320225001947 2.5672930521640276 11.34545608896372
1.4944271909999176 2.347519578354948 11.085520331977396
-0.1999999999999985 7.401781116328516 9.3535374610575
1.7708203932499385 7.182007642519437 9.093601704071174
2.418033988749897 3.7983664670341284 12.106301301999844
3.3888543819998334 4.954974913696223 10.794903320775253
2.588854381999834 6.786244408893465 10.875227887129745
-0.7708203932499349 4.153967417482853 12.526886191695151
-1.770820393249935 5.530349337954028 11.475423967456887
-0.5999999999999981 7.141845359342191 11.295812776825054
1.0180339887498973 4.914812630518976 12.997114393529131
1.1236067977499813 6.761422752824129 12.236269180493009
-5.683281572999749 -5.069602165081479 6.2108699846356625
-3.683281572999749 -5.069602165081479 6.2108699846356625
-6.301315561749643 -4.218951356729438 4.509568367931583
-3.065247584249855 -6.971715197671786 6.2108699846356625
-2.065247584249854 -7.2966348939046926 4.509568367931583
-7.301315561749644 -5.595333277200612 3.4581061436933154
-6.301315561749643 -5.920252973433518 1.7568045269892352
-3.0652475842498546 -8.673016814375865 3.458106143693316
-3.683281572999749 -7.822366006023826 1.7568045269892356
-5.683281572999749 -7.822366006023826 1.7568045269892352
-4.68328157299975 -8.147285702256731 6.2108699846356625
-6.301315561749644 -6.971715197671786 6.2108699846356625
-7.301315561749644 -7.296634893904692 4.509568367931582
-4.68328157299975 -9.198747926494999 4.509568367931583
-6.301315561749644 -8.673016814375865 3.458106143693315
5.683281572999747 7.822366006023825 -1.756804526989232
3.6832815729997477 7.822366006023824 -1.7568045269892325
6.301315561749642 5.920252973433517 -1.7568045269892325
3.065247584249853 8.673016814375865 -3.4581061436933123
2.065247584249853 7.296634893904692 -4.50956836793158
7.301315561749643 5.595333277200612 -3.4581061436933123
6.301315561749644 4.218951356729438 -4.50956836793158
3.065247584249854 6.971715197671785 -6.21086998463566
3.683281572999749 5.069602165081479 -6.210869984635661
5.683281572999748 5.069602165081479 -6.21086998463566
4.683281572999748 9.198747926494999 -4.509568367931578
6.301315561749643 8.673016814375865 -3.4581061436933114
7.301315561749643 7.296634893904692 -4.509568367931578
4.683281572999749 8.147285702256731 -6.210869984635659
6.301315561749643 6.971715197671786 -6.210869984635659
-5.206888370749727 -0.5103904850112242 -5.190089014613214
-3.2180339887498945 -0.31543866727147973 -5.109764448258724
-6.006888370749727 0.770326241997549 -3.8786910333886215
-2.5888543819998318 0.3402603233408159 -6.891390631317295
-1.7708203932499371 2.1467081624687223 -6.63145487433097
-7.101315561749642 2.0970648503300504 -4.89947200341107
-6.283281572999749 3.9035126894579575 -4.639536246424745
-2.8652475842498535 3.4734467708012238 -7.6522358443534175
-3.6652475842498538 4.754163497809997 -6.340837863128826
-5.654101966249685 4.559211680070253 -6.421162429483316
-4.188854381999833 0.550552768188469 -8.072820734048724
-5.806888370749728 0.024821656069335063 -7.021358509810456
-6.977708763999665 1.636317677457498 -6.841747319178623
-4.35967477524977 2.4869684858095376 -8.543048935882702
-6.0832815729997485 3.1580081035297436 -7.78220372284658
5.206888370749727 -0.510390485011226 9.644154472259642
3.2180339887498954 -0.31543866727148107 9.563829905905148
6.006888370749728 0.7703262419975474 8.332756491035049
2.5888543819998318 0.3402603233408148 11.34545608896372
1.7708203932499371 2.146708162468722 11.085520331977396
7.101315561749644 2.0970648503300486 9.353537461057499
6.2832815729997495 3.9035126894579557 9.093601704071173
2.865247584249854 3.4734467708012233 12.106301301999844
3.6652475842498538 4.754163497809996 10.794903320775251
5.654101966249686 4.559211680070252 10.875227887129745
4.188854381999832 0.5505527681884672 12.526886191695151
5.806888370749727 0.024821656069333287 11.475423967456884
6.977708763999663 1.636317677457496 11.29581277682505
4.359674775249768 2.4869684858095362 12.997114393529131
6.0832815729997485 3.158008103529742 12.236269180493007
-5.683281572999749 7.822366006023824 -1.7568045269892343
-3.683281572999749 7.822366006023824 -1.7568045269892347
-6.301315561749643 5.9202529734335165 -1.7568045269892343
-3.065247584249855 8.673016814375863 -3.458106143693315
-2.0652475842498546 7.296634893904692 -4.509568367931583
-7.301315561749645 5.59533327720061 -3.4581061436933145
-6.301315561749643 4.218951356729437 -4.509568367931582
-3.065247584249855 6.971715197671784 -6.210869984635662
-3.683281572999749 5.069602165081478 -6.2108699846356625
-5.68328157299975 5.069602165081477 -6.210869984635661
-4.683281572999751 9.198747926494999 -4.509568367931582
-6.301315561749645 8.673016814375863 -3.458106143693314
-7.301315561749645 7.296634893904691 -4.509568367931581
-4.683281572999751 8.147285702256731 -6.2108699846356625
-6.301315561749645 6.971715197671785 -6.210869984635662
5.68328157299975 7.822366006023823 6.210869984635666
3.6832815729997495 7.822366006023823 6.210869984635665
6.301315561749643 5.920252973433515 6.210869984635664
3.065247584249855 8.673016814375863 7.912171601339745
2.0652475842498546 7.29663489390469 8.963633825578011
7.301315561749644 5.5953332772006075 7.912171601339744
6.301315561749643 4.218951356729434 8.963633825578011
3.065247584249854 6.971715197671783 10.664935442282092
3.6832815729997486 5.069602165081475 10.66493544228209
5.683281572999749 5.069602165081474 10.66493544228209
4.68328157299975 9.198747926494995 8.963633825578015
6.301315561749645 8.673016814375861 7.912171601339746
7.301315561749643 7.296634893904687 8.963633825578013
4.68328157299975 8.147285702256728 10.664935442282093
6.301315561749645 6.971715197671781 10.664935442282093
1.1236067977499795 -5.109764448258723 -5.190089014613216
0.6944271909999165 -3.1580081035297445 -5.1097644482587254
2.588854381999832 -5.474846427668874 -3.8786910333886233
1.1236067977499795 -2.357000607316375 -6.891390631317296
2.588854381999832 -1.0207809700224475 -6.63145487433097
4.188854381999832 -6.105723762211834 -4.899472003411072
5.654101966249684 -4.7695041249179075 -4.639536246424746
4.188854381999832 -1.6516583045654076 -7.6522358443534175
5.6541019662496845 -2.01674028397556 -6.340837863128825
6.083281572999747 -3.9684966287045387 -6.421162429483316
1.8180339887498955 -3.81370709414204 -8.072820734048726
1.8180339887498953 -5.51500871084612 -7.021358509810458
3.712461179749811 -6.13054541828117 -6.841747319178625
3.7124611797498113 -3.3777815773388236 -8.543048935882704
4.883281572999747 -4.809666408095152 -7.782203722846582
-5.206888370749726 -0.5103904850112246 9.644154472259643
-3.2180339887498945 -0.3154386672714802 9.563829905905152
-6.006888370749726 0.7703262419975481 8.33275649103505
-2.5888543819998304 0.3402603233408159 11.345456088963722
-1.7708203932499362 2.1467081624687223 11.085520331977397
-7.101315561749642 2.0970648503300495 9.3535374610575
-6.283281572999748 3.903512689457956 9.093601704071174
-2.865247584249852 3.473446770801224 12.106301301999846
-3.665247584249852 4.754163497809996 10.794903320775253
-5.6541019662496845 4.559211680070252 10.875227887129745
-4.18885438199983 0.550552768188469 12.526886191695153
-5.806888370749725 0.02482165606933462 11.475423967456887
-6.977708763999662 1.6363176774574972 11.295812776825052
-4.359674775249767 2.4869684858095376 12.997114393529131
-6.083281572999747 3.1580081035297427 12.236269180493009
9.195742752749558 -2.987877941859337 -1.7568045269892356
8.577708763999665 -1.0857649092690294 -1.756804526989236
7.577708763999664 -4.163448446444283 -1.756804526989236
9.19574275274956 -0.23511410091698925 -3.458106143693316
7.577708763999665 0.2906170112021442 -4.509568367931584
7.577708763999663 -5.214910670682551 -3.458106143693316
5.959674775249769 -4.689179558563417 -4.509568367931583
7.577708763999664 -0.7608452130361232 -6.2108699846356625
5.959674775249769 -1.936415717621069 -6.2108699846356625
6.577708763999663 -3.8385287502113767 -6.2108699846356625
10.19574275274956 -1.611496021388163 -4.509568367931584
10.19574275274956 -3.3127976380922433 -3.458106143693316
9.195742752749558 -4.689179558563417 -4.509568367931584
9.195742752749558 -1.9364157176210692 -6.210869984635663
8.577708763999663 -3.8385287502113767 -6.210869984635663
-5.683281572999749 7.822366006023825 6.210869984635665
-3.683281572999749 7.822366006023825 6.210869984635665
-6.301315561749643 5.920252973433517 6.210869984635664
-3.065247584249854 8.673016814375865 7.912171601339745
-2.065247584249854 7.296634893904692 8.963633825578013
-7.301315561749643 5.59533327720061 7.912171601339744
-6.301315561749643 4.218951356729437 8.963633825578011
-3.065247584249854 6.971715197671784 10.664935442282092
-3.6832815729997486 5.069602165081477 10.664935442282092
-5.683281572999749 5.069602165081477 10.664935442282092
-4.683281572999749 9.198747926494997 8.963633825578013
-6.301315561749645 8.673016814375863 7.912171601339745
-7.301315561749644 7.29663489390469 8.963633825578013
-4.683281572999749 8.14728570225673 10.664935442282092
-6.301315561749644 6.9717151976717835 10.664935442282092
-1.123606797749979 -5.109764448258723 -5.190089014613216
-0.6944271909999156 -3.158008103529744 -5.109764448258725
-2.5888543819998313 -5.474846427668874 -3.8786910333886233
-1.123606797749979 -2.357000607316375 -6.891390631317295
-2.5888543819998318 -1.0207809700224475 -6.631454874330969
-4.188854381999832 -6.105723762211834 -4.899472003411071
-5.654101966249684 -4.769504124917907 -4.639536246424745
-4.188854381999832 -1.6516583045654072 -7.652235844353417
-5.654101966249684 -2.016740283975559 -6.340837863128824
-1.8180339887498955 -3.8137070941420395 -8.072820734048724
-1.8180339887498953 -5.51500871084612 -7.021358509810458
-6.083281572999748 -3.9684966287045373 -6.421162429483315
-3.712461179749811 -6.130545418281169 -6.841747319178624
-3.7124611797498113 -3.3777815773388227 -8.543048935882702
-4.883281572999748 -4.8096664080951514 -7.78220372284658
1.1236067977499773 -5.109764448258725 9.644154472259642
0.6944271909999147 -3.1580081035297454 9.56382990590515
2.5888543819998304 -5.474846427668876 8.332756491035049
1.1236067977499777 -2.357000607316377 11.345456088963722
2.5888543819998313 -1.0207809700224493 11.085520331977397
4.18885438199983 -6.105723762211836 9.353537461057497
5.654101966249684 -4.769504124917908 9.093601704071173
4.188854381999831 -1.6516583045654105 12.106301301999846
5.654101966249684 -2.016740283975562 10.794903320775253
6.083281572999747 -3.9684966287045413 10.875227887129745
1.818033988749893 -3.8137070941420426 12.526886191695151
1.8180339887498929 -5.515008710846121 11.475423967456884
3.7124611797498086 -6.130545418281173 11.29581277682505
3.712461179749809 -3.3777815773388267 12.997114393529131
4.883281572999746 -4.809666408095155 12.236269180493007
-9.195742752749558 -2.9878779418593364 -1.7568045269892352
-8.577708763999663 -1.0857649092690291 -1.7568045269892352
-7.577708763999664 -4.163448446444283 -1.7568045269892356
-9.19574275274956 -0.23511410091698925 -3.4581061436933154
-7.577708763999664 0.2906170112021442 -4.509568367931583
-7.577708763999664 -5.214910670682551 -3.4581061436933154
-5.959674775249769 -4.689179558563417 -4.509568367931583
-7.577708763999664 -0.760845213036123 -6.2108699846356625
-5.95967477524977 -1.936415717621069 -6.2108699846356625
-6.577708763999665 -3.8385287502113767 -6.2108699846356625
-10.195742752749558 -1.6114960213881628 -4.509568367931583
-10.19574275274956 -3.312797638092243 -3.458106143693315
-9.19574275274956 -4.689179558563416 -4.509568367931583
-9.19574275274956 -1.936415717621069 -6.2108699846356625
-8.577708763999663 -3.8385287502113767 -6.2108699846356625
9.19574275274956 -2.987877941859338 6.210869984635666
8.577708763999663 -1.0857649092690305 6.210869984635666
7.577708763999664 -4.163448446444284 6.210869984635665
9.195742752749558 -0.2351141009169906 7.912171601339746
7.577708763999663 0.29061701120214334 8.963633825578013
7.577708763999663 -5.214910670682551 7.912171601339746
5.959674775249768 -4.689179558563417 8.963633825578011
7.577708763999663 -0.7608452130361241 10.664935442282092
5.959674775249767 -1.93641571762107 10.664935442282092
6.577708763999662 -3.8385287502113776 10.664935442282092
10.195742752749558 -1.6114960213881644 8.963633825578015
10.195742752749558 -3.3127976380922446 7.912171601339747
9.195742752749558 -4.689179558563417 8.963633825578015
9.195742752749558 -1.9364157176210703 10.664935442282093
8.577708763999661 -3.8385287502113776 10.664935442282093
-1.1236067977499777 -5.109764448258724 9.644154472259643
-0.6944271909999151 -3.1580081035297445 9.563829905905152
-2.5888543819998313 -5.474846427668875 8.33275649103505
-1.1236067977499782 -2.357000607316377 11.345456088963724
-2.5888543819998318 -1.0207809700224493 11.0855203319774
-4.18885438199983 -6.105723762211836 9.353537461057499
-5.654101966249684 -4.769504124917908 9.093601704071174
-4.188854381999832 -1.6516583045654105 12.106301301999848
-5.654101966249684 -2.0167402839755617 10.794903320775255
-1.8180339887498935 -3.813707094142042 12.526886191695153
-1.8180339887498933 -5.515008710846121 11.475423967456885
-6.083281572999747 -3.968496628704541 10.875227887129746
-3.7124611797498095 -6.130545418281172 11.295812776825052
-3.7124611797498095 -3.3777815773388262 12.997114393529133
-4.8832815729997465 -4.809666408095154 12.236269180493009
1.1236067977499777 10.911150125256105 -0.2573152650310542
0.6944271909999147 9.966453676537272 1.4524664417747841
2.5888543819998304 9.90146973729069 -1.1703295206744009
1.1236067977499782 11.201767136458253 2.965676777745271
2.5888543819998313 10.37169793912467 4.044581150008149
4.18885438199983 11.096620914034423 -1.2780962350535028
5.654101966249684 10.266551716700842 -0.1991918627906255
4.188854381999831 11.566849115868406 3.9368144356290475
5.654101966249684 10.557168727902988 3.0238001799856997
6.083281572999747 11.501865176621823 1.3140184731798619
1.8180339887498933 12.909929290168485 2.1911104906968424
1.818033988749893 12.730318099536648 0.19919186279061796
3.712461179749809 12.8449453509219 -0.4316854717523426
3.7124611797498095 13.135562362124048 2.7913065710239824
4.8832815729997465 13.095400078946803 1.1703295206743936
2.4578558370349093e-16 -9.668976128328977 -1.7568045269892356
1.6180339887498951 -8.493405623744032 -1.7568045269892356
-1.6180339887498947 -8.493405623744032 -1.756804526989236
2.6180339887498953 -8.818325319976937 -3.458106143693316
2.6180339887498953 -7.117023703272857 -4.509568367931583
-2.6180339887498945 -8.818325319976937 -3.458106143693316
-2.6180339887498945 -7.117023703272857 -4.509568367931583
1.6180339887498951 -7.441943399505764 -6.2108699846356625
1.8693552147799752e-16 -6.266372894920818 -6.2108699846356625
-1.6180339887498947 -7.441943399505764 -6.2108699846356625
1.6180339887498953 -10.19470724044811 -4.509568367931583
3.4100698462438555e-16 -10.720438352567244 -3.458106143693316
-1.6180339887498945 -10.19470724044811 -4.509568367931584
1.0000000000000002 -9.344056432096071 -6.2108699846356625
-0.9999999999999997 -9.344056432096071 -6.210869984635663
-9.19574275274956 -2.987877941859338 6.210869984635666
-8.577708763999665 -1.0857649092690305 6.210869984635666
-7.577708763999665 -4.163448446444283 6.210869984635666
-9.19574275274956 -0.2351141009169906 7.912171601339746
-7.577708763999664 0.29061701120214334 8.963633825578013
-7.577708763999664 -5.214910670682551 7.912171601339746
-5.959674775249768 -4.689179558563417 8.963633825578013
-7.577708763999664 -0.7608452130361241 10.664935442282092
-5.959674775249768 -1.9364157176210701 10.664935442282092
-6.577708763999663 -3.8385287502113776 10.664935442282092
-10.19574275274956 -1.611496021388164 8.963633825578015
-10.19574275274956 -3.312797638092244 7.912171601339747
-9.195742752749558 -4.689179558563417 8.963633825578013
-9.195742752749558 -1.9364157176210701 10.664935442282093
-8.577708763999663 -3.8385287502113776 10.664935442282093
9.195742752749558 6.891390631317296 0.10514622242382243
8.577708763999663 6.040739822965256 1.8064478391279033
7.577708763999662 7.417121743436429 -0.9463160018144436
9.19574275274956 7.182007642519441 3.328138265200148
7.577708763999665 7.887349945270409 4.268594668868106
7.57770876399966 9.409040371342654 -1.1259271924462788
5.959674775249765 10.114382674093621 -0.1854707887783209
7.577708763999664 9.879268573176633 4.088983478236271
5.959674775249768 10.404999685295765 3.0375212539980048
6.577708763999661 11.255650493647806 1.336219637293924
10.195742752749558 8.73800075362245 2.5672930521640236
10.195742752749556 8.558389562990614 0.5753744242577995
9.195742752749556 10.114382674093621 -0.18547078877832335
9.195742752749558 10.404999685295767 3.037521253998002
8.577708763999661 11.255650493647806 1.3362196372939223
-1.123606797749979 10.911150125256107 -0.2573152650310524
-0.6944271909999165 9.966453676537272 1.452466441774785
-2.5888543819998313 9.901469737290691 -1.1703295206743995
-1.12360679774998 11.201767136458253 2.9656767777452724
-2.588854381999833 10.37169793912467 4.04458115000815
-4.188854381999831 11.096620914034425 -1.278096235053501
-5.654101966249684 10.266551716700844 -0.19919186279062462
-4.188854381999833 11.566849115868406 3.9368144356290484
-5.654101966249685 10.557168727902988 3.0238001799857006
-1.8180339887498953 12.909929290168485 2.191110490696844
-1.8180339887498946 12.73031809953665 0.1991918627906204
-6.083281572999748 11.501865176621823 1.3140184731798632
-3.7124611797498104 12.844945350921904 -0.4316854717523404
-3.7124611797498113 13.135562362124048 2.7913065710239846
-4.883281572999747 13.095400078946803 1.1703295206743958
2.368475785867003e-17 2.752763840942347 -9.433862027411987
1.618033988749895 2.2270327288232137 -8.382399803173719
-1.618033988749895 2.2270327288232137 -8.382399803173719
2.618033988749895 0.8506508083520399 -9.433862027411987
2.618033988749895 -0.8506508083520399 -8.382399803173719
-2.618033988749895 0.8506508083520399 -9.433862027411987
-2.618033988749895 -0.8506508083520399 -8.382399803173719
1.618033988749895 -2.2270327288232137 -9.433862027411987
2.3684757858670023e-17 -2.752763840942347 -8.382399803173719
-1.618033988749895 -2.2270327288232137 -9.433862027411987
1.618033988749895 0.5257311121191336 -11.135163644116068
2.3684757858670032e-17 1.7013016167040798 -11.135163644116068
-1.618033988749895 0.5257311121191336 -11.135163644116068
1. -1.3763819204711736 -11.135163644116068
-1. -1.3763819204711736 -11.135163644116068
-1.3629265636371577e-15 -9.668976128328978 6.210869984635666
1.6180339887498938 -8.493405623744032 6.210869984635666
-1.618033988749896 -8.493405623744032 6.210869984635666
2.6180339887498936 -8.818325319976937 7.912171601339746
2.6180339887498936 -7.117023703272857 8.963633825578013
-2.6180339887498962 -8.818325319976937 7.912171601339746
-2.6180339887498962 -7.1170237032728565 8.963633825578013
1.6180339887498938 -7.441943399505764 10.664935442282093
-1.1792078993827866e-15 -6.266372894920817 10.664935442282092
-1.618033988749896 -7.441943399505763 10.664935442282092
1.6180339887498933 -10.19470724044811 8.963633825578015
-1.660189606768462e-15 -10.720438352567244 7.912171601339747
-1.6180339887498965 -10.19470724044811 8.963633825578015
0.9999999999999982 -9.344056432096071 10.664935442282093
-1.0000000000000018 -9.344056432096071 10.664935442282093
-9.19574275274956 6.891390631317293 0.10514622242382443
-8.577708763999665 6.040739822965254 1.8064478391279046
-7.577708763999664 7.417121743436426 -0.9463160018144421
-9.19574275274956 7.182007642519437 3.3281382652001494
-7.577708763999665 7.8873499452704054 4.268594668868107
-7.577708763999663 9.40904037134265 -1.1259271924462768
-5.959674775249769 10.114382674093617 -0.18547078877831957
-7.577708763999664 9.87926857317663 4.088983478236273
-5.95967477524977 10.404999685295763 3.0375212539980057
-6.577708763999664 11.255650493647803 1.3362196372939255
-10.19574275274956 8.738000753622446 2.5672930521640267
-10.19574275274956 8.55838956299061 0.5753744242578025
-9.19574275274956 10.114382674093617 -0.18547078877832024
-9.19574275274956 10.404999685295763 3.0375212539980048
-8.577708763999663 11.255650493647803 1.3362196372939252
10.72433402239946 2.303117250126825 -0.25731526503105306
9.693250516799596 2.419364054607683 1.4524664417747841
10.216857314549573 0.5975755883718666 -1.1703295206744
11.000727224649482 2.392922845442742 2.965676777745272
10.664070910049533 0.7428840939729386 4.044581150008149
11.84794082014944 -0.5547928132393489 -1.2780962350535006
11.511284505549488 -2.2048315647091523 -0.19919186279062395
12.295154415649398 -0.4094843076382769 3.9368144356290484
11.78767770779951 -2.115025969393235 3.023800179985701
12.839875775199394 2.260334474994305 2.191110490696844
12.669055381949457 2.20483156470915 0.1991918627906204
12.818761213399375 -2.2312727738740934 1.314018473179864
13.363482572949373 0.4385460087584889 -0.43168547175233996
13.639875775199393 0.5283516040744058 2.791306571023985
13.96348257294937 -0.5975755883718687 1.1703295206743964
-5.90031436117031e-16 2.752763840942348 13.88792748505841
1.6180339887498945 2.227032728823214 12.836465260820145
-1.6180339887498953 2.227032728823214 12.836465260820143
2.6180339887498945 0.8506508083520408 13.887927485058412
2.6180339887498945 -0.8506508083520393 12.836465260820145
-2.6180339887498953 0.8506508083520408 13.88792748505841
-2.6180339887498953 -0.8506508083520393 12.836465260820145
1.6180339887498942 -2.227032728823213 13.887927485058412
-3.5561270946453683e-16 -2.7527638409423467 12.836465260820145
-1.6180339887498956 -2.227032728823213 13.887927485058412
1.618033988749894 0.5257311121191349 15.589229101762491
-9.693289034402377e-16 1.701301616704081 15.589229101762491
-1.6180339887498958 0.5257311121191349 15.589229101762491
0.999999999999999 -1.3763819204711722 15.589229101762491
-1.0000000000000009 -1.3763819204711722 15.589229101762491
-2.812633606118029e-15 9.879268573176628 -5.870609661294847
1.6180339887498927 9.353537461057496 -4.81914743705658
-1.6180339887498971 9.353537461057494 -4.819147437056579
2.6180339887498922 11.020536392730815 -4.3489192352226045
2.618033988749893 11.20014758336265 -2.3570006073163796
-2.6180339887498976 11.020536392730811 -4.348919235222602
-2.6180339887498967 11.200147583362646 -2.357000607316378
1.618033988749892 12.867146515035968 -1.8867724054824018
-2.0500825665248404e-15 12.341415402916834 -0.8353101812441333
-1.6180339887498978 12.867146515035966 -1.8867724054824004
1.618033988749891 12.576529503833822 -5.109764448258726
-3.994261288685958e-15 11.871187201082853 -6.0502208519266825
-1.618033988749899 12.57652950383382 -5.1097644482587254
0.999999999999996 13.717797323388005 -3.5880740221864813
-1.000000000000004 13.717797323388005 -3.5880740221864804
9.395742752749559 -6.616114247223058 0.10514622242382554
8.395742752749559 -6.291194550990152 1.806447839127905
9.395742752749559 -4.914812630518978 -0.9463160018144416
9.67213595499958 -6.52630865190714 3.3281382652001503
9.842956348249517 -4.769504124917907 4.268594668868108
11.290169943749474 -4.299275923083926 -1.1259271924462755
11.46099033699941 -2.5424713960946916 -0.18547078877831868
11.737383539249432 -4.153967417482854 4.0889834782362735
11.737383539249432 -2.4526658007787745 3.037521253998006
12.737383539249432 -2.7775854970116804 1.3362196372939266
11.460990336999412 -6.996536853741118 2.5672930521640276
11.290169943749476 -7.052039764026273 0.5753744242578037
12.460990336999412 -5.620154933269944 -0.18547078877831913
12.737383539249432 -5.530349337954028 3.0375212539980057
13.355417527999327 -4.679698529601987 1.3362196372939266
-10.72433402239946 2.303117250126825 -0.2573152650310526
-9.693250516799596 2.419364054607683 1.4524664417747846
-10.216857314549573 0.5975755883718666 -1.1703295206743995
-11.000727224649482 2.392922845442742 2.9656767777452724
-10.664070910049531 0.7428840939729386 4.04458115000815
-11.847940820149438 -0.5547928132393489 -1.2780962350535001
-11.511284505549488 -2.2048315647091523 -0.19919186279062373
-12.295154415649398 -0.4094843076382769 3.9368144356290484
-11.78767770779951 -2.115025969393235 3.0238001799857015
-12.839875775199394 2.260334474994305 2.1911104906968446
-12.669055381949455 2.20483156470915 0.19919186279062084
-12.818761213399375 -2.2312727738740934 1.3140184731798643
-13.363482572949371 0.4385460087584889 -0.4316854717523395
-13.639875775199393 0.5283516040744058 2.7913065710239855
-13.96348257294937 -0.5975755883718687 1.1703295206743969
-1.1783621265150027e-15 11.190666554401224 8.673016814375865
1.6180339887498936 10.485324251650256 7.732560410707908
-1.6180339887498962 10.485324251650256 7.732560410707908
2.6180339887498936 12.041317362753265 6.971715197671785
2.618033988749894 11.86170617212143 4.979796569765561
-2.6180339887498962 12.041317362753265 6.971715197671786
-2.618033988749896 11.86170617212143 4.979796569765562
1.6180339887498938 13.417699283224438 4.2189513567294386
-1.3144963329247474e-15 12.712356980473471 3.2784949530614815
-1.618033988749896 13.417699283224438 4.2189513567294386
1.6180339887498938 13.708316294426583 7.441943399505764
-9.580923535125473e-16 13.182585182307449 8.493405623744032
-1.618033988749896 13.708316294426583 7.441943399505764
0.999999999999999 14.558967102778622 5.740641782801684
-1.0000000000000009 14.558967102778622 5.740641782801684
9.395742752749559 3.052861881105916 -5.870609661294846
8.395742752749559 4.42924380157709 -4.8191474370565786
9.395742752749559 1.351560264401836 -4.8191474370565786
9.67213595499958 5.895431317364181 -4.348919235222601
9.842956348249519 5.950934227649336 -2.3570006073163774
11.290169943749474 0.9156347475986197 -4.348919235222601
11.460990336999412 0.9711376578837752 -2.357000607316377
11.737383539249434 5.51500871084612 -1.8867724054823996
11.737383539249434 3.8137070941420395 -0.8353101812441324
12.737383539249434 2.4373251736708657 -1.8867724054823996
11.460990336999412 5.425203115530202 -5.109764448258725
11.290169943749474 3.6683985885409665 -6.050220851926682
12.460990336999412 2.347519578354948 -5.109764448258725
12.737383539249434 5.190089014613212 -3.5880740221864804
13.355417527999329 3.287975982022905 -3.58807402218648
-9.395742752749559 -6.616114247223058 0.10514622242382554
-8.395742752749559 -6.291194550990152 1.806447839127905
-9.395742752749559 -4.914812630518978 -0.9463160018144416
-9.67213595499958 -6.52630865190714 3.3281382652001503
-9.842956348249517 -4.769504124917907 4.268594668868108
-11.290169943749474 -4.299275923083926 -1.1259271924462755
-11.46099033699941 -2.5424713960946916 -0.18547078877831868
-11.737383539249432 -4.153967417482854 4.0889834782362735
-11.737383539249432 -2.4526658007787745 3.037521253998006
-12.737383539249432 -2.7775854970116804 1.3362196372939266
-11.460990336999412 -6.996536853741118 2.5672930521640276
-11.290169943749476 -7.052039764026273 0.5753744242578036
-12.460990336999412 -5.620154933269944 -0.18547078877831913
-12.737383539249432 -5.530349337954028 3.0375212539980057
-13.355417527999327 -4.679698529601987 1.3362196372939263
5.504396134799764 -9.487745384601537 -0.25731526503105306
5.296331089849717 -8.471204459629968 1.4524664417747846
3.7255106965997804 -9.53214771282966 -1.1703295206744
5.675216528049701 -9.722859485518526 2.965676777745272
4.001903898849801 -9.912570319347724 4.044581150008149
3.133575741549827 -11.439501729330514 -1.2780962350535015
1.460263112349928 -11.629212563159712 -0.19919186279062484
3.409968943799848 -11.819924335848578 3.9368144356290475
1.631083505599865 -11.864326664076701 3.0238001799857
6.117445651649735 -11.512965758678854 2.191110490696844
6.01187284264965 -11.36765725307778 0.19919186279061996
1.8391485505499114 -12.88086758904827 1.314018473179863
4.546625258399797 -12.573909011878547 -0.4316854717523406
4.717445651649735 -12.809023112795536 2.791306571023984
3.746625258399798 -13.464722103407833 1.1703295206743953
10.642956348249518 3.458106143693315 8.673016814375865
9.47213595499958 4.778985153879333 7.732560410707908
10.472135954999581 1.7013016167040795 7.732560410707908
10.642956348249516 6.210869984635662 6.971715197671784
10.47213595499958 6.155367074350506 4.9797965697655595
12.260990336999413 1.2310734148701012 6.971715197671784
12.090169943749475 1.1755705045849454 4.9797965697655595
12.260990336999411 5.685138872516527 4.218951356729436
12.090169943749473 3.928334345527292 3.2784949530614798
13.260990336999411 2.6074553353412737 4.218951356729436
12.537383539249433 5.774944467832445 7.441943399505762
12.537383539249433 4.0736428511283655 8.49340562374403
13.537383539249433 2.6972609306571917 7.441943399505762
13.537383539249433 5.450024771599539 5.740641782801681
14.155417527999328 3.547911739009231 5.740641782801681
-9.395742752749557 3.052861881105916 -5.870609661294846
-8.395742752749557 4.42924380157709 -4.8191474370565786
-9.395742752749557 1.3515602644018365 -4.8191474370565786
-9.672135954999579 5.89543131736418 -4.348919235222601
-9.842956348249517 5.950934227649336 -2.357000607316377
-11.290169943749474 0.9156347475986197 -4.348919235222601
-11.46099033699941 0.9711376578837747 -2.3570006073163765
-11.737383539249432 5.515008710846119 -1.8867724054823989
-11.737383539249432 3.813707094142039 -0.8353101812441315
-12.737383539249432 2.437325173670865 -1.8867724054823989
-11.46099033699941 5.425203115530201 -5.109764448258725
-11.290169943749472 3.668398588540966 -6.050220851926682
-12.46099033699941 2.347519578354948 -5.109764448258725
-12.737383539249432 5.190089014613212 -3.5880740221864795
-13.355417527999327 3.2879759820229046 -3.588074022186479
-3.3888543819998302 -10.980374109553567 0.10514622242382288
-3.388854381999831 -9.928911885315301 1.8064478391279037
-1.7708203932499362 -10.454642997434432 -0.9463160018144434
-3.2180339887498945 -11.215488210470559 3.328138265200148
-1.494427190999917 -10.835065603952497 4.268594668868107
-0.5999999999999994 -12.066139018822595 -1.1259271924462781
1.1236067977499793 -11.685716412304535 -0.18547078877832024
-0.32360679774998 -12.44656162534066 4.088983478236272
1.294427190999915 -11.920830513221526 3.037521253998005
1.2944271909999159 -12.972292737459792 1.3362196372939246
-3.1124611797498103 -13.06209833277571 2.5672930521640245
-3.2180339887498937 -12.916789827174636 0.5753744242578
-1.4944271909999154 -13.587829444894842 -0.18547078877832268
-1.3236067977499792 -13.822943545811833 3.037521253998003
-0.323606797749979 -14.147863242044739 1.3362196372939232
5.504396134799765 4.012898956932667 -8.601172338123133
5.296331089849719 5.0875632841446645 -6.9273128694436625
3.725510696599782 3.2161315057701767 -9.049199375843049
5.675216528049701 7.000776898792003 -7.370098923253031
4.001903898849801 8.050619569934664 -7.057280747936823
3.1335757415498273 3.972736673755421 -10.80338341087701
1.460263112349928 5.022579344898082 -10.490565235560803
3.409968943799847 8.80722473791991 -8.811464782970784
1.6310835055998634 8.010457286757418 -9.2594918206907
6.117445651649733 7.108543613171104 -9.317615222931131
6.01187284264965 5.261933490865952 -10.078460435967255
1.8391485505499099 6.935792959545421 -10.93335128937017
4.546625258399797 5.237111834796616 -11.439501729330518
4.717445651649733 8.224989776655953 -10.208428314460415
3.7466252583997965 7.0683813299938585 -11.519826295685007
-10.642956348249516 3.4581061436933123 8.673016814375863
-9.47213595499958 4.778985153879331 7.732560410707908
-10.47213595499958 1.7013016167040782 7.732560410707906
-10.642956348249518 6.21086998463566 6.971715197671785
-10.472135954999581 6.155367074350505 4.97979656976556
-12.260990336999411 1.2310734148700995 6.9717151976717835
-12.090169943749475 1.1755705045849445 4.9797965697655595
-12.260990336999413 5.685138872516526 4.218951356729438
-12.090169943749476 3.928334345527292 3.27849495306148
-13.260990336999411 2.607455335341273 4.218951356729438
-12.537383539249433 5.774944467832443 7.441943399505765
-12.537383539249433 4.073642851128362 8.493405623744032
-13.537383539249433 2.6972609306571886 7.441943399505763
-13.537383539249433 5.450024771599536 5.740641782801684
-14.155417527999328 3.547911739009229 5.740641782801683
5.806888370749722 -7.992496167694232 -5.870609661294847
6.806888370749723 -6.616114247223059 -4.819147437056579
4.188854381999827 -8.518227279813365 -4.8191474370565786
8.595742752749555 -7.376959460259183 -4.348919235222603
8.70131556174964 -7.522267965860255 -2.3570006073163783
4.359674775249763 -10.454642997434433 -4.348919235222601
4.465247584249849 -10.599951503035507 -2.357000607316377
8.872135954999576 -9.458683683481325 -1.8867724054824002
7.2541019662496815 -9.984414795600458 -0.8353101812441324
6.254101966249681 -11.360796716071631 -1.8867724054823998
8.701315561749638 -9.223569582564334 -5.1097644482587254
6.977708763999658 -9.603992189082394 -6.0502208519266825
6.083281572999742 -11.12568261515464 -5.109764448258725
8.872135954999575 -10.510145907719592 -3.5880740221864804
7.25410196624968 -11.685716412304537 -3.58807402218648
-3.388854381999832 5.004618225834898 -9.774122350752803
-3.388854381999832 6.056080450073166 -8.072820734048722
-1.770820393249938 3.829047721249952 -9.774122350752803
-3.218033988749895 7.9924961676942345 -8.5430489358827
-1.4944271909999163 8.66353578541444 -7.782203722846578
-0.6000000000000012 4.3890815183998475 -11.295812776825048
1.1236067977499777 5.0601211361200535 -10.534967563788927
-0.3236067977499799 9.223569582564336 -9.303894148918824
1.2944271909999152 8.04799907797939 -9.303894148918824
1.2944271909999143 6.996536853741123 -11.005195765622904
-3.112461179749812 8.137804673295307 -10.534967563788925
-3.2180339887498954 6.291194550990155 -11.295812776825048
-1.4944271909999176 5.910771944472094 -12.236269180493005
-1.3236067977499806 8.89864988633143 -11.005195765622904
-0.3236067977499806 7.522267965860257 -12.056657989861172
5.504396134799768 4.012898956932658 13.055237795769557
5.296331089849721 5.087563284144658 11.381378327090086
3.7255106965997844 3.2161315057701696 13.503264833489474
5.675216528049704 7.000776898791996 11.824164380899457
4.001903898849805 8.050619569934659 11.511346205583253
3.1335757415498318 3.9727366737554117 15.257448868523436
1.4602631123499328 5.022579344898075 14.944630693207232
3.409968943799852 8.807224737919901 13.265530240617215
1.6310835055998691 8.010457286757411 13.713557278337131
6.117445651649739 7.108543613171094 13.771680680577557
6.011872842649655 5.261933490865942 14.532525893613679
1.8391485505499163 6.935792959545412 15.387416747016601
4.546625258399803 5.237111834796606 15.893567186976943
4.71744565164974 8.224989776655942 14.662493772106844
3.7466252583998028 7.068381329993848 15.973891753331436
6.577708763999661 -9.053439420893927 8.673016814375863
7.472135954999578 -7.531748994821681 7.732560410707907
4.854101966249682 -9.433862027411987 7.732560410707906
9.195742752749556 -8.202788612541887 6.971715197671784
9.090169943749473 -8.057480106940815 4.9797965697655595
4.9596747752497645 -11.28047214971714 6.971715197671783
4.854101966249681 -11.135163644116066 4.979796569765559
9.195742752749556 -9.904090229245966 4.218951356729436
7.472135954999576 -10.284512835764026 3.2784949530614793
6.57770876399966 -11.806203261836274 4.218951356729435
9.366563145999493 -10.139204330162958 7.441943399505762
7.748529157249597 -10.66493544228209 8.493405623744028
6.748529157249596 -12.041317362753263 7.441943399505761
9.366563145999491 -11.190666554401224 5.740641782801681
7.748529157249596 -12.366237058986169 5.7406417828016805
-5.806888370749728 -7.992496167694235 -5.870609661294846
-6.8068883707497285 -6.616114247223062 -4.8191474370565786
-4.188854381999834 -8.518227279813368 -4.8191474370565786
-8.59574275274956 -7.376959460259185 -4.348919235222601
-8.701315561749645 -7.522267965860257 -2.357000607316376
-4.359674775249769 -10.454642997434437 -4.3489192352226
-4.465247584249854 -10.59995150303551 -2.3570006073163756
-8.87213595499958 -9.458683683481325 -1.8867724054823969
-7.254101966249685 -9.98441479560046 -0.8353101812441297
-6.254101966249685 -11.360796716071633 -1.8867724054823969
-8.701315561749643 -9.223569582564338 -5.109764448258723
-6.977708763999664 -9.603992189082398 -6.050220851926681
-6.0832815729997485 -11.125682615154643 -5.109764448258723
-8.87213595499958 -10.510145907719593 -3.5880740221864764
-7.254101966249685 -11.68571641230454 -3.588074022186477
5.806888370749729 -1.6764799606347445 -9.774122350752803
6.8068883707497285 -1.351560264401838 -8.072820734048722
4.188854381999835 -0.5009094560497984 -9.774122350752803
8.595742752749562 -0.5907150513657151 -8.5430489358827
8.701315561749645 1.255895070939437 -7.782203722846577
4.359674775249772 0.7856668691054582 -11.295812776825048
4.465247584249856 2.63227699141061 -10.534967563788927
8.872135954999582 2.542471396094693 -9.303894148918824
7.254101966249687 3.718041900679639 -9.303894148918824
6.254101966249689 3.3931222044467324 -11.005195765622904
8.701315561749645 -0.4454065457646432 -10.534967563788925
6.977708763999667 -1.1164461634848493 -11.295812776825048
6.083281572999752 0.40524426258739643 -12.236269180493005
8.872135954999582 1.491009171856426 -11.005195765622902
7.254101966249689 2.0167402839755595 -12.056657989861172
-3.388854381999829 5.004618225834894 14.228187808399232
-3.388854381999829 6.056080450073162 12.526886191695153
-1.770820393249935 3.829047721249948 14.228187808399232
-3.218033988749892 7.992496167694231 12.997114393529133
-1.4944271909999132 8.663535785414437 12.23626918049301
-0.5999999999999972 4.389081518399841 15.749878234471478
1.1236067977499817 5.060121136120047 14.989033021435356
-0.323606797749976 9.22356958256433 13.757959606565258
1.2944271909999188 8.047999077979386 13.757959606565255
1.2944271909999188 6.996536853741116 15.459261223269335
-3.112461179749807 8.137804673295301 14.989033021435358
-3.2180339887498914 6.291194550990149 15.74987823447148
-1.494427190999913 5.910771944472086 16.690334638139436
-1.323606797749976 8.898649886331423 15.459261223269337
-0.3236067977499757 7.52226796586025 16.5107234475076
-6.577708763999669 -9.053439420893929 8.673016814375865
-7.472135954999583 -7.531748994821682 7.732560410707908
-4.85410196624969 -9.43386202741199 7.732560410707909
-9.195742752749563 -8.202788612541887 6.971715197671784
-9.090169943749476 -8.057480106940814 4.97979656976556
-4.959674775249774 -11.280472149717141 6.971715197671785
-4.854101966249689 -11.13516364411607 4.979796569765561
-9.195742752749561 -9.904090229245966 4.218951356729436
-7.472135954999582 -10.284512835764028 3.2784949530614798
-6.577708763999668 -11.806203261836274 4.218951356729437
-9.3665631459995 -10.139204330162956 7.441943399505762
-7.748529157249607 -10.66493544228209 8.49340562374403
-6.748529157249608 -12.041317362753265 7.441943399505763
-9.3665631459995 -11.190666554401222 5.740641782801681
-7.748529157249606 -12.366237058986169 5.740641782801681
6.577708763999664 11.806203261836274 -4.218951356729432
7.472135954999579 10.284512835764028 -3.2784949530614758
4.854101966249685 11.135163644116068 -4.979796569765557
9.195742752749558 9.904090229245966 -4.218951356729432
9.090169943749475 8.057480106940815 -4.979796569765556
4.95967477524977 11.280472149717141 -6.971715197671781
4.8541019662496865 9.433862027411989 -7.7325604107079045
9.19574275274956 8.202788612541887 -6.971715197671781
7.4721359549995805 7.531748994821682 -7.7325604107079045
6.577708763999666 9.053439420893929 -8.67301681437586
9.366563145999496 11.190666554401222 -5.740641782801678
7.748529157249601 12.366237058986169 -5.740641782801678
6.748529157249601 12.041317362753263 -7.4419433995057584
9.366563145999496 10.139204330162956 -7.4419433995057584
7.748529157249601 10.66493544228209 -8.493405623744025
-5.806888370749727 -1.676479960634745 -9.774122350752801
-6.806888370749727 -1.3515602644018385 -8.072820734048722
-4.188854381999832 -0.5009094560497986 -9.774122350752801
-8.595742752749558 -0.5907150513657164 -8.543048935882702
-8.701315561749643 1.255895070939436 -7.782203722846578
-4.359674775249769 0.7856668691054576 -11.295812776825048
-4.465247584249854 2.6322769914106097 -10.534967563788927
-8.872135954999582 2.542471396094692 -9.303894148918825
-7.254101966249687 3.718041900679639 -9.303894148918825
-6.254101966249687 3.3931222044467315 -11.005195765622904
-8.701315561749643 -0.4454065457646452 -10.534967563788925
-6.977708763999663 -1.1164461634848506 -11.295812776825048
-6.0832815729997485 0.40524426258739477 -12.236269180493005
-8.872135954999582 1.4910091718564238 -11.005195765622904
-7.254101966249686 2.0167402839755577 -12.056657989861172
5.806888370749728 -1.676479960634748 14.22818780839923
6.806888370749728 -1.3515602644018416 12.526886191695151
4.188854381999833 -0.5009094560498013 14.22818780839923
8.59574275274956 -0.5907150513657189 12.99711439352913
8.701315561749643 1.2558950709394334 12.236269180493007
4.359674775249768 0.785666869105455 15.749878234471478
4.465247584249854 2.6322769914106074 14.989033021435354
8.872135954999582 2.5424713960946894 13.757959606565253
7.254101966249686 3.718041900679636 13.757959606565255
6.254101966249685 3.3931222044467297 15.459261223269333
8.701315561749643 -0.44540654576464744 14.989033021435354
6.977708763999663 -1.1164461634848528 15.749878234471476
6.083281572999748 0.40524426258739255 16.690334638139433
8.87213595499958 1.4910091718564216 15.459261223269333
7.254101966249685 2.0167402839755555 16.5107234475076
-6.5777087639996665 11.806203261836274 -4.218951356729437
-7.472135954999582 10.284512835764028 -3.2784949530614793
-4.854101966249687 11.135163644116068 -4.97979656976556
-9.195742752749561 9.904090229245968 -4.218951356729437
-9.090169943749478 8.057480106940815 -4.97979656976556
-4.959674775249772 11.280472149717141 -6.9717151976717835
-4.854101966249688 9.433862027411989 -7.732560410707907
-9.195742752749561 8.20278861254189 -6.971715197671784
-7.472135954999583 7.531748994821683 -7.732560410707908
-6.5777087639996665 9.053439420893929 -8.673016814375863
-9.366563145999498 11.190666554401226 -5.740641782801682
-7.748529157249603 12.36623705898617 -5.740641782801682
-6.748529157249603 12.041317362753265 -7.441943399505762
-9.3665631459995 10.139204330162958 -7.441943399505763
-7.748529157249603 10.664935442282092 -8.49340562374403
6.5777087639996665 11.80620326183627 8.67301681437587
7.472135954999581 10.284512835764025 7.7325604107079124
4.854101966249687 11.135163644116066 9.433862027411992
9.19574275274956 9.904090229245963 8.67301681437587
9.090169943749476 8.05748010694081 9.433862027411992
4.959674775249772 11.280472149717138 11.425780655318217
4.8541019662496865 9.433862027411985 12.186625868354339
9.19574275274956 8.202788612541882 11.425780655318215
7.472135954999581 7.531748994821678 12.186625868354339
6.577708763999666 9.053439420893923 13.127082272022296
9.366563145999498 11.190666554401218 10.194707240448116
7.748529157249604 12.366237058986165 10.194707240448116
6.748529157249603 12.041317362753258 11.896008857152196
9.366563145999498 10.13920433016295 11.896008857152196
7.748529157249603 10.664935442282085 12.947471081390463
0.20000000000000107 -6.040739822965252 -9.774122350752807
0.8180339887498955 -6.891390631317293 -8.072820734048726
0.8180339887498955 -4.138626790374945 -9.774122350752805
2.0944271909999164 -8.357578147104382 -8.543048935882705
3.883281572999748 -7.887349945270405 -7.782203722846583
2.094427190999917 -3.9035126894579557 -11.295812776825052
3.883281572999748 -3.4332844876239776 -10.534967563788928
5.159674775249769 -7.652235844353415 -9.303894148918827
5.777708763999663 -5.7501228117631085 -9.303894148918827
2.2652475842498534 -8.413081057389537 -10.53496756378893
1.0944271909999168 -6.981196226633209 -11.295812776825052
5.159674775249769 -4.899472003411068 -11.005195765622906
2.265247584249854 -5.660317216447191 -12.236269180493009
4.159674775249769 -7.977155540586321 -11.005195765622908
4.159674775249769 -6.2758539238822415 -12.056657989861174
-5.806888370749722 -1.6764799606347462 14.228187808399232
-6.806888370749724 -1.3515602644018399 12.526886191695153
-4.188854381999828 -0.5009094560497995 14.228187808399232
-8.595742752749555 -0.590715051365718 12.997114393529133
-8.70131556174964 1.2558950709394343 12.23626918049301
-4.359674775249764 0.7856668691054567 15.749878234471478
-4.465247584249849 2.632276991410609 14.989033021435356
-8.872135954999576 2.5424713960946903 13.757959606565256
-7.254101966249682 3.718041900679637 13.757959606565256
-6.254101966249681 3.3931222044467306 15.459261223269335
-8.701315561749638 -0.44540654576464656 14.989033021435358
-6.977708763999658 -1.116446163484852 15.74987823447148
-6.083281572999741 0.4052442625873939 16.690334638139436
-8.872135954999575 1.4910091718564225 15.459261223269337
-7.25410196624968 2.0167402839755564 16.5107234475076
13.260990336999413 -2.6074553353412764 -4.218951356729439
12.090169943749475 -3.9283343455272943 -3.278494953061482
12.090169943749476 -1.1755705045849472 -4.979796569765563
12.260990336999411 -5.685138872516529 -4.2189513567294386
10.472135954999578 -6.155367074350507 -4.979796569765561
12.260990336999413 -1.2310734148701026 -6.971715197671787
10.47213595499958 -1.7013016167040806 -7.73256041070791
10.642956348249514 -6.2108699846356625 -6.971715197671786
9.47213595499958 -4.778985153879333 -7.732560410707909
10.642956348249516 -3.458106143693316 -8.673016814375867
13.537383539249433 -5.450024771599541 -5.740641782801685
14.155417527999328 -3.547911739009234 -5.740641782801685
13.537383539249433 -2.697260930657194 -7.4419433995057656
12.537383539249431 -5.774944467832447 -7.441943399505765
12.537383539249433 -4.073642851128367 -8.493405623744033
-6.577708763999665 11.806203261836272 8.673016814375867
-7.472135954999581 10.284512835764026 7.73256041070791
-4.8541019662496865 11.135163644116068 9.43386202741199
-9.19574275274956 9.904090229245964 8.673016814375867
-9.090169943749476 8.057480106940814 9.43386202741199
-4.95967477524977 11.28047214971714 11.425780655318214
-4.8541019662496865 9.433862027411987 12.186625868354337
-9.19574275274956 8.202788612541886 11.425780655318214
-7.472135954999581 7.5317489948216805 12.186625868354337
-6.577708763999665 9.053439420893927 13.127082272022294
-9.366563145999496 11.190666554401222 10.194707240448112
-7.748529157249601 12.366237058986169 10.194707240448112
-6.748529157249601 12.041317362753261 11.896008857152193
-9.366563145999496 10.139204330162954 11.896008857152193
-7.748529157249602 10.664935442282088 12.94747108139046
0.19999999999999618 -6.040739822965255 14.22818780839923
0.8180339887498911 -6.891390631317295 12.52688619169515
0.818033988749892 -4.138626790374948 14.22818780839923
2.0944271909999115 -8.357578147104386 12.997114393529127
3.8832815729997443 -7.887349945270408 12.236269180493007
2.0944271909999124 -3.9035126894579597 15.749878234471478
3.8832815729997447 -3.4332844876239816 14.989033021435356
5.159674775249765 -7.652235844353418 13.757959606565253
5.7777087639996605 -5.750122811763112 13.757959606565255
2.265247584249847 -8.41308105738954 14.989033021435352
1.0944271909999106 -6.981196226633212 15.749878234471476
5.159674775249766 -4.899472003411073 15.459261223269333
2.2652475842498476 -5.660317216447195 16.690334638139433
4.159674775249764 -7.977155540586326 15.459261223269332
4.159674775249764 -6.275853923882247 16.5107234475076
-13.260990336999413 -2.6074553353412746 -4.21895135672944
-12.090169943749476 -3.9283343455272934 -3.278494953061483
-12.090169943749475 -1.1755705045849458 -4.979796569765562
-12.260990336999413 -5.685138872516529 -4.21895135672944
-10.47213595499958 -6.155367074350508 -4.979796569765563
-12.260990336999411 -1.2310734148701004 -6.971715197671786
-10.47213595499958 -1.7013016167040793 -7.732560410707909
-10.642956348249516 -6.210869984635662 -6.971715197671787
-9.47213595499958 -4.778985153879333 -7.732560410707909
-10.642956348249516 -3.458106143693314 -8.673016814375867
-13.537383539249433 -5.450024771599539 -5.740641782801688
-14.155417527999328 -3.547911739009231 -5.740641782801688
-13.537383539249433 -2.697260930657191 -7.441943399505766
-12.537383539249433 -5.774944467832444 -7.441943399505767
-12.537383539249431 -4.073642851128365 -8.493405623744033
13.260990336999411 -2.6074553353412773 8.673016814375872
12.090169943749475 -3.928334345527296 7.732560410707915
12.090169943749475 -1.175570504584949 9.433862027411994
12.260990336999411 -5.68513887251653 8.673016814375872
10.472135954999578 -6.15536707435051 9.433862027411994
12.26099033699941 -1.231073414870104 11.425780655318219
10.472135954999578 -1.7013016167040818 12.18662586835434
10.642956348249514 -6.210869984635664 11.425780655318219
9.472135954999576 -4.778985153879335 12.18662586835434
10.642956348249513 -3.4581061436933167 13.127082272022298
13.537383539249431 -5.450024771599542 10.19470724044812
14.155417527999326 -3.547911739009234 10.19470724044812
13.53738353924943 -2.697260930657194 11.896008857152198
12.53738353924943 -5.774944467832448 11.896008857152198
12.53738353924943 -4.073642851128367 12.947471081390464
0.19999999999999707 15.427579030193842 0.9600370758267387
0.8180339887498924 14.286311210639656 -0.5616533502455061
0.8180339887498929 14.576928221841804 2.661338692530819
2.094427190999913 15.362595090947258 -1.662758886622446
3.8832815729997447 14.471781999417974 -1.5824343202679547
2.0944271909999137 15.832823292781242 3.5521517840601033
3.8832815729997456 14.942010201251957 3.6324763504145947
5.159674775249766 15.727677070357412 -0.6916212287386709
5.777708763999661 14.877026262005375 1.0096803879654095
2.265247584249849 17.169042930075165 -0.8215891072318342
1.0944271909999121 17.209205213252414 0.7993879431177546
5.1596747752497665 16.01829408155956 2.531370814037654
2.2652475842498494 17.459659941277312 2.401402935544491
4.159674775249765 17.39467600203073 -0.22139302690469376
4.159674775249766 17.574287192662567 1.7705256010015302
1.618033988749896 -13.417699283224438 -4.218951356729438
9.244563700673035e-16 -12.712356980473471 -3.278494953061481
2.618033988749896 -11.86170617212143 -4.97979656976556
-1.6180339887498938 -13.417699283224438 -4.2189513567294386
-2.618033988749894 -11.861706172121432 -4.979796569765561
2.6180339887498962 -12.041317362753263 -6.971715197671785
1.6180339887498958 -10.485324251650256 -7.732560410707908
-2.6180339887498936 -12.041317362753265 -6.971715197671786
-1.618033988749894 -10.485324251650258 -7.732560410707909
1.2850479209862641e-15 -11.190666554401226 -8.673016814375865
-0.9999999999999981 -14.558967102778622 -5.740641782801684
1.000000000000002 -14.558967102778622 -5.740641782801684
1.618033988749897 -13.708316294426583 -7.441943399505764
-1.618033988749893 -13.708316294426583 -7.441943399505765
1.8684973064291817e-15 -13.182585182307449 -8.493405623744032
-13.260990336999411 -2.6074553353412773 8.673016814375874
-12.090169943749475 -3.928334345527295 7.732560410707915
-12.090169943749475 -1.175570504584949 9.433862027411996
-12.26099033699941 -5.6851388725165295 8.673016814375872
-10.472135954999578 -6.155367074350508 9.433862027411994
-12.26099033699941 -1.2310734148701035 11.425780655318219
-10.472135954999578 -1.7013016167040815 12.18662586835434
-10.642956348249514 -6.2108699846356625 11.425780655318219
-9.472135954999576 -4.778985153879334 12.18662586835434
-10.642956348249513 -3.4581061436933163 13.1270822720223
-13.537383539249431 -5.450024771599541 10.19470724044812
-14.155417527999326 -3.5479117390092343 10.19470724044812
-13.537383539249431 -2.697260930657194 11.896008857152198
-12.53738353924943 -5.774944467832447 11.896008857152198
-12.53738353924943 -4.073642851128367 12.947471081390466
13.26099033699941 8.923471542400765 1.546512082141574
12.090169943749473 8.673016814375867 -0.055502910285161855
12.090169943749475 8.963633825578013 3.1674891324911636
12.260990336999408 10.299853462871939 -1.206251758800773
10.472135954999576 11.190666554401224 -1.2865763251552635
12.260990336999411 10.77008166470592 4.008658911881777
10.47213595499958 11.660894756235205 3.9283343455272863
10.642956348249513 12.997114393529131 -0.44540654576465055
9.472135954999576 13.037276676706377 1.1755705045849392
10.642956348249514 13.287731404731277 2.7775854970116747
13.53738353924943 11.555748533811377 -0.31543866727148906
14.155417527999326 10.705097725459337 1.385862949432591
13.537383539249431 11.846365545013523 2.907553375504836
12.53738353924943 13.222747465484694 0.15478953456248967
12.53738353924943 13.40235865611653 2.1467081624687134
1.6180339887498958 2.227032728823214 -13.88792748505841
6.374009518343704e-16 2.752763840942347 -12.836465260820145
2.6180339887498953 0.8506508083520401 -12.836465260820143
-1.618033988749894 2.227032728823214 -13.887927485058412
-2.6180339887498945 0.8506508083520401 -12.836465260820145
2.618033988749896 -0.8506508083520395 -13.88792748505841
1.6180339887498956 -2.2270327288232137 -12.836465260820145
-2.618033988749894 -0.8506508083520395 -13.887927485058412
-1.6180339887498942 -2.2270327288232137 -12.836465260820145
1.0166984191575772e-15 -2.7527638409423467 -13.887927485058412
-0.9999999999999984 1.376381920471174 -15.589229101762491
1.0000000000000016 1.376381920471174 -15.589229101762491
1.6180339887498965 -0.525731112119133 -15.589229101762491
-1.6180339887498933 -0.525731112119133 -15.589229101762491
1.6304146131332784e-15 -1.7013016167040793 -15.589229101762491
1.6180339887498931 -13.417699283224437 8.673016814375872
-1.7213494487532806e-15 -12.712356980473468 7.732560410707913
2.618033988749893 -11.861706172121428 9.433862027411994
-1.6180339887498967 -13.417699283224437 8.67301681437587
-2.6180339887498967 -11.861706172121428 9.433862027411994
2.618033988749893 -12.041317362753261 11.425780655318217
1.6180339887498933 -10.485324251650255 12.18662586835434
-2.6180339887498967 -12.041317362753261 11.425780655318217
-1.6180339887498965 -10.485324251650255 12.18662586835434
-1.7591483098464724e-15 -11.190666554401222 13.127082272022298
-1.000000000000002 -14.55896710277862 10.194707240448118
0.9999999999999981 -14.55896710277862 10.194707240448118
1.6180339887498931 -13.708316294426579 11.896008857152196
-1.6180339887498967 -13.708316294426579 11.896008857152196
-1.820308151831291e-15 -13.182585182307445 12.947471081390464
-13.260990336999413 8.923471542400765 1.5465120821415774
-12.090169943749476 8.673016814375867 -0.055502910285158524
-12.090169943749478 8.963633825578011 3.1674891324911663
-12.260990336999411 10.299853462871939 -1.2062517588007693
-10.47213595499958 11.190666554401224 -1.2865763251552598
-12.260990336999415 10.77008166470592 4.0086589118817795
-10.472135954999581 11.660894756235203 3.928334345527289
-10.642956348249516 12.997114393529131 -0.4454065457646468
-9.47213595499958 13.037276676706377 1.1755705045849425
-10.642956348249518 13.287731404731275 2.7775854970116782
-13.537383539249433 11.555748533811377 -0.31543866727148484
-14.155417527999328 10.705097725459337 1.3858629494325945
-13.537383539249435 11.846365545013523 2.9075533755048397
-12.537383539249433 13.222747465484694 0.15478953456249323
-12.537383539249433 13.40235865611653 2.146708162468717
1.6180339887498918 2.227032728823215 18.34199294270484
-2.216280782708035e-15 2.7527638409423485 17.290530718466574
2.6180339887498927 0.8506508083520412 17.290530718466577
-1.618033988749898 2.227032728823215 18.34199294270484
-2.618033988749897 0.8506508083520412 17.290530718466574
2.6180339887498922 -0.8506508083520385 18.34199294270484
1.6180339887498927 -2.2270327288232123 17.290530718466574
-2.6180339887498976 -0.8506508083520385 18.341992942704838
-1.6180339887498971 -2.2270327288232123 17.290530718466574
-2.986939426431089e-15 -2.752763840942346 18.34199294270484
-1.0000000000000042 1.376381920471175 20.04329455940892
0.9999999999999957 1.376381920471175 20.04329455940892
1.6180339887498905 -0.5257311121191323 20.04329455940892
-1.6180339887498993 -0.5257311121191323 20.04329455940892
-4.233891305698886e-15 -1.7013016167040784 20.04329455940892
1.618033988749889 13.757959606565251 -8.1224640461874
-5.214344713494368e-15 12.601351159903157 -7.912171601339745
2.61803398874989 13.742618979457342 -6.3904811752675
-1.618033988749901 13.75795960656525 -8.122464046187398
-2.6180339887499 13.742618979457339 -6.390481175267498
2.618033988749889 15.604569728870404 -5.660317216447197
1.6180339887498896 15.589229101762495 -3.928334345527298
-2.6180339887499007 15.6045697288704 -5.660317216447195
-1.6180339887499002 15.589229101762493 -3.9283343455272965
-5.9361327694179035e-15 16.74583754842459 -4.138626790374951
-1.000000000000007 15.629391384939737 -8.462724369528216
0.9999999999999928 15.629391384939737 -8.462724369528216
1.6180339887498878 16.770659204493924 -6.941033943455971
-1.618033988749902 16.77065920449392 -6.941033943455969
-7.156216194226315e-15 17.47600150724489 -6.000577539788013
12.584597134749393 -9.85444691710729 1.546512082141579
11.984597134749393 -8.818325319976934 -0.05550291028515697
12.260990336999413 -8.728519724661016 3.167489132491168
13.58459713474939 -8.478064996636116 -1.206251758800767
13.879024325749306 -6.501486995837802 -1.2865763251552575
14.03181073024935 -8.332756491035045 4.008658911881781
14.326237921249264 -6.356178490236731 3.9283343455272903
15.649844718999242 -6.105723762211831 -0.4454065457646448
15.326237921249263 -4.979796569765556 1.175570504584944
15.926237921249264 -6.015918166895913 2.77758549701168
15.173451516749223 -9.30389414891882 -0.31543866727148284
14.55541752799933 -10.154544957270861 1.3858629494325967
15.449844718999245 -9.214088553602902 2.907553375504842
16.449844718999245 -7.837706633131729 0.15478953456249567
16.62066511224918 -7.782203722846574 2.1467081624687196
1.6180339887498931 15.409617911130663 10.19470724044811
-1.4393399774287176e-15 14.234047406545717 10.19470724044811
2.618033988749893 15.084698214897758 8.493405623744032
-1.6180339887498967 15.409617911130663 10.19470724044811
-2.6180339887498967 15.084698214897756 8.493405623744032
2.618033988749893 16.78599983160184 7.441943399505765
1.6180339887498936 16.46108013536893 5.740641782801685
-2.6180339887498967 16.785999831601835 7.441943399505764
-1.6180339887498962 16.46108013536893 5.740641782801685
-1.7367673660140402e-15 17.636650639953878 5.740641782801683
-1.0000000000000022 17.31173094372097 10.19470724044811
0.9999999999999978 17.31173094372097 10.19470724044811
1.6180339887498927 18.16238175207301 8.493405623744032
-1.6180339887498971 18.16238175207301 8.493405623744032
-2.2180149899302093e-15 18.688112864192142 7.441943399505764
12.58459713474939 5.7902850949403515 -8.122464046187398
11.98459713474939 3.894031660496528 -7.912171601339743
12.260990336999413 6.736601096754793 -6.3904811752674995
13.584597134749389 2.7126015577650975 -8.122464046187396
13.879024325749306 1.7568045269892312 -6.390481175267498
14.031810730249349 7.311975521012597 -5.660317216447198
14.326237921249266 6.356178490236731 -3.928334345527298
15.649844718999242 2.332178951247036 -5.660317216447196
15.326237921249264 3.2784949530614775 -3.9283343455272965
15.926237921249266 5.174748387505301 -4.138626790374952
15.173451516749221 3.8786910333886166 -8.462724369528214
14.555417527999326 5.7808040659789235 -8.462724369528216
15.449844718999243 6.7212604696468805 -6.941033943455971
16.44984471899924 3.6435769324716274 -6.94103394345597
16.62066511224918 5.400381459460863 -6.000577539788014
-12.584597134749393 -9.85444691710729 1.5465120821415788
-11.984597134749393 -8.818325319976934 -0.05550291028515719
-12.260990336999413 -8.728519724661016 3.1674891324911676
-13.58459713474939 -8.478064996636116 -1.2062517588007677
-13.879024325749304 -6.501486995837802 -1.2865763251552582
-14.03181073024935 -8.332756491035045 4.00865891188178
-14.326237921249264 -6.356178490236731 3.92833434552729
-15.649844718999242 -6.10572376221183 -0.4454065457646452
-15.326237921249263 -4.979796569765556 1.1755705045849438
-15.173451516749223 -9.30389414891882 -0.3154386672714833
-14.55541752799933 -10.154544957270861 1.3858629494325962
-15.926237921249264 -6.015918166895913 2.77758549701168
-15.449844718999245 -9.214088553602902 2.9075533755048415
-16.449844718999245 -7.837706633131729 0.15478953456249522
-16.62066511224918 -7.782203722846574 2.146708162468719
14.155417527999328 6.300675579951579 10.19470724044811
13.537383539249431 4.398562547361272 10.19470724044811
13.537383539249431 7.151326388303619 8.49340562374403
15.155417527999328 3.2229920427763257 10.19470724044811
15.155417527999326 2.1715298185380583 8.49340562374403
15.155417527999326 7.677057500422752 7.441943399505762
15.155417527999326 6.625595276184485 5.740641782801683
16.77345151674922 2.6972609306571917 7.441943399505762
16.155417527999326 3.547911739009231 5.740641782801683
16.77345151674922 5.450024771599539 5.740641782801683
16.773451516749223 4.398562547361272 10.19470724044811
16.155417527999326 6.300675579951579 10.19470724044811
16.773451516749223 7.151326388303619 8.49340562374403
17.773451516749223 4.0736428511283655 8.49340562374403
17.77345151674922 5.774944467832445 7.441943399505762
-12.584597134749385 5.790285094940352 -8.122464046187396
-11.984597134749386 3.8940316604965286 -7.912171601339743
-12.26099033699941 6.736601096754793 -6.390481175267498
-13.584597134749387 2.7126015577650997 -8.122464046187398
-13.879024325749304 1.7568045269892325 -6.390481175267499
-14.031810730249346 7.311975521012599 -5.660317216447196
-14.326237921249264 6.356178490236731 -3.9283343455272965
-15.649844718999242 2.332178951247038 -5.660317216447197
-15.326237921249264 3.278494953061479 -3.9283343455272974
-15.173451516749218 3.8786910333886198 -8.462724369528216
-14.555417527999323 5.780804065978927 -8.462724369528214
-15.926237921249264 5.174748387505303 -4.138626790374952
-15.44984471899924 6.721260469646884 -6.94103394345597
-16.44984471899924 3.643576932471631 -6.941033943455971
-16.620665112249178 5.400381459460865 -6.000577539788014
-14.15541752799933 6.300675579951575 10.19470724044811
-13.537383539249433 4.398562547361268 10.19470724044811
-13.537383539249435 7.151326388303615 8.493405623744032
-15.155417527999328 3.2229920427763217 10.19470724044811
-15.155417527999328 2.1715298185380547 8.493405623744032
-15.15541752799933 7.677057500422748 7.441943399505765
-15.15541752799933 6.625595276184482 5.740641782801685
-16.773451516749223 2.6972609306571886 7.441943399505764
-16.15541752799933 3.547911739009229 5.740641782801684
-16.773451516749226 5.450024771599535 5.740641782801685
-16.773451516749223 4.3985625473612675 10.194707240448112
-16.15541752799933 6.300675579951575 10.194707240448112
-16.773451516749226 7.151326388303614 8.493405623744032
-17.773451516749223 4.073642851128361 8.493405623744032
-17.773451516749226 5.774944467832441 7.4419433995057656
9.39574275274955 -10.1793666133402 -8.122464046187398
7.406888370749718 -10.19470724044811 -7.912171601339743
10.19574275274955 -9.57917053301306 -6.390481175267499
6.777708763999654 -12.081479645930507 -8.122464046187398
5.959674775249761 -12.656854070188313 -6.390481175267498
11.290169943749467 -11.085520331977397 -5.660317216447197
10.472135954999573 -11.660894756235203 -3.928334345527298
7.054101966249677 -14.16320386915265 -5.660317216447196
7.854101966249678 -13.563007788825509 -3.9283343455272974
8.377708763999655 -13.232228494446117 -8.462724369528216
9.99574275274955 -12.056657989861172 -8.462724369528216
9.84295634824951 -13.5476671617176 -4.138626790374952
11.166563145999486 -12.616691787011067 -6.941033943455971
8.548529157249591 -14.518804819601375 -6.941033943455971
10.272135954999571 -14.138382213083315 -6.000577539788014
10.36656314599949 -11.515586250634133 10.194707240448109
8.36656314599949 -11.515586250634133 10.194707240448109
10.984597134749384 -10.664935442282093 8.493405623744028
7.748529157249594 -13.41769928322444 10.194707240448109
6.748529157249594 -13.742618979457346 8.493405623744028
11.984597134749384 -12.041317362753267 7.441943399505761
10.984597134749384 -12.366237058986172 5.740641782801681
7.748529157249594 -15.119000899928519 7.44194339950576
8.36656314599949 -14.26835009157648 5.740641782801681
9.36656314599949 -14.593269787809387 10.194707240448109
10.984597134749384 -13.41769928322444 10.194707240448109
10.36656314599949 -14.26835009157648 5.740641782801681
11.984597134749384 -13.742618979457347 8.493405623744028
9.36656314599949 -15.644732012047653 8.493405623744028
10.984597134749384 -15.11900089992852 7.441943399505761
-9.39574275274956 -10.179366613340207 -8.122464046187396
-7.406888370749728 -10.194707240448116 -7.912171601339741
-10.19574275274956 -9.579170533013066 -6.390481175267496
-6.777708763999665 -12.081479645930512 -8.122464046187394
-5.95967477524977 -12.656854070188318 -6.390481175267496
-11.290169943749476 -11.085520331977401 -5.660317216447193
-10.472135954999581 -11.660894756235207 -3.928334345527293
-7.054101966249686 -14.163203869152653 -5.660317216447193
-7.8541019662496865 -13.563007788825512 -3.9283343455272934
-8.377708763999664 -13.232228494446124 -8.46272436952821
-9.99574275274956 -12.056657989861177 -8.46272436952821
-9.842956348249517 -13.547667161717603 -4.138626790374947
-11.166563145999497 -12.616691787011073 -6.941033943455966
-8.548529157249602 -14.51880481960138 -6.941033943455966
-10.27213595499958 -14.138382213083318 -6.000577539788009
-10.366563145999505 -11.51558625063413 10.194707240448107
-8.366563145999503 -11.515586250634131 10.19470724044811
-10.984597134749396 -10.664935442282088 8.493405623744028
-7.748529157249612 -13.417699283224438 10.194707240448109
-6.74852915724961 -13.742618979457346 8.49340562374403
-11.984597134749398 -12.041317362753261 7.441943399505759
-10.984597134749396 -12.366237058986167 5.74064178280168
-7.748529157249611 -15.119000899928519 7.441943399505761
-8.366563145999503 -14.268350091576478 5.740641782801681
-9.366563145999509 -14.593269787809383 10.194707240448107
-10.984597134749402 -13.417699283224435 10.194707240448107
-10.366563145999503 -14.268350091576476 5.74064178280168
-11.9845971347494 -13.74261897945734 8.493405623744026
-9.366563145999507 -15.644732012047651 8.493405623744026
-10.9845971347494 -15.119000899928515 7.4419433995057584
10.366563145999494 14.268350091576474 -5.740641782801675
8.366563145999496 14.268350091576476 -5.740641782801676
10.98459713474939 12.366237058986167 -5.740641782801676
7.748529157249601 15.119000899928515 -7.441943399505756
6.748529157249601 13.742618979457344 -8.493405623744025
11.98459713474939 12.041317362753261 -7.441943399505756
10.98459713474939 10.66493544228209 -8.493405623744025
7.748529157249602 13.417699283224438 -10.194707240448103
8.366563145999496 11.515586250634131 -10.194707240448105
9.366563145999496 15.64473201204765 -8.493405623744023
10.984597134749391 15.119000899928515 -7.441943399505754
10.366563145999496 11.51558625063413 -10.194707240448103
11.984597134749391 13.742618979457342 -8.493405623744021
9.366563145999498 14.593269787809383 -10.194707240448103
10.984597134749393 13.417699283224437 -10.194707240448103
-10.366563145999496 14.26835009157648 -5.740641782801683
-8.366563145999496 14.26835009157648 -5.740641782801683
-10.984597134749391 12.366237058986172 -5.740641782801683
-7.7485291572496005 15.119000899928519 -7.441943399505763
-6.7485291572496 13.742618979457346 -8.49340562374403
-11.984597134749391 12.041317362753265 -7.441943399505763
-10.984597134749391 10.664935442282092 -8.49340562374403
-7.7485291572496005 13.417699283224438 -10.19470724044811
-8.366563145999496 11.515586250634131 -10.19470724044811
-9.366563145999494 15.644732012047653 -8.49340562374403
-10.98459713474939 15.119000899928519 -7.441943399505763
-10.366563145999496 11.515586250634133 -10.19470724044811
-11.984597134749391 13.742618979457346 -8.49340562374403
-9.366563145999494 14.593269787809385 -10.19470724044811
-10.984597134749391 13.41769928322444 -10.19470724044811
16.77345151674922 -5.450024771599543 -5.740641782801683
16.155417527999326 -3.547911739009236 -5.740641782801684
15.155417527999324 -6.625595276184489 -5.740641782801683
16.773451516749223 -2.6972609306571975 -7.441943399505764
15.155417527999328 -2.1715298185380627 -8.493405623744032
15.155417527999326 -7.677057500422756 -7.441943399505762
13.537383539249431 -7.151326388303621 -8.49340562374403
15.155417527999328 -3.222992042776331 -10.194707240448112
13.537383539249433 -4.3985625473612755 -10.194707240448112
17.773451516749223 -4.073642851128372 -8.49340562374403
17.773451516749223 -5.7749444678324515 -7.441943399505762
14.155417527999326 -6.300675579951584 -10.19470724044811
16.77345151674922 -7.151326388303625 -8.49340562374403
16.773451516749223 -4.398562547361278 -10.19470724044811
16.155417527999326 -6.300675579951585 -10.19470724044811
-16.773451516749223 -5.450024771599537 -5.74064178280169
-16.155417527999326 -3.5479117390092307 -5.7406417828016885
-15.15541752799933 -6.625595276184484 -5.7406417828016885
-16.773451516749223 -2.6972609306571895 -7.441943399505769
-15.155417527999326 -2.171529818538056 -8.493405623744035
-15.155417527999328 -7.677057500422751 -7.44194339950577
-13.537383539249433 -7.151326388303617 -8.493405623744035
-15.155417527999324 -3.2229920427763226 -10.194707240448116
-13.53738353924943 -4.398562547361269 -10.194707240448114
-17.773451516749223 -4.073642851128362 -8.493405623744037
-17.773451516749223 -5.774944467832443 -7.441943399505771
-14.155417527999326 -6.300675579951577 -10.194707240448116
-16.773451516749223 -7.151326388303616 -8.493405623744039
-16.77345151674922 -4.398562547361268 -10.194707240448118
-16.155417527999326 -6.300675579951576 -10.194707240448118
3.940867189311141e-15 -17.636650639953874 -5.740641782801684
1.618033988749898 -16.461080135368928 -5.740641782801684
-1.6180339887498918 -16.46108013536893 -5.740641782801685
2.6180339887498993 -16.78599983160183 -7.441943399505764
2.618033988749898 -15.084698214897752 -8.49340562374403
-2.6180339887498905 -16.785999831601835 -7.4419433995057656
-2.618033988749892 -15.084698214897756 -8.493405623744032
1.6180339887498987 -15.40961791113066 -10.19470724044811
3.1492923313118713e-15 -14.234047406545715 -10.19470724044811
1.6180339887499 -18.162381752073006 -8.493405623744032
5.221662214193832e-15 -18.688112864192142 -7.441943399505764
-1.6180339887498911 -15.409617911130661 -10.194707240448112
-1.6180339887498898 -18.16238175207301 -8.493405623744032
1.000000000000005 -17.311730943720967 -10.19470724044811
-0.9999999999999948 -17.311730943720967 -10.194707240448112
3.256663959724283e-15 2.7527638409423467 -18.34199294270484
1.6180339887498976 2.2270327288232137 -17.290530718466574
-1.6180339887498922 2.2270327288232137 -17.290530718466577
2.6180339887498985 0.8506508083520392 -18.34199294270484
2.6180339887498976 -0.8506508083520401 -17.290530718466574
-2.6180339887498913 0.8506508083520392 -18.34199294270484
-2.6180339887498922 -0.8506508083520401 -17.290530718466574
1.6180339887498982 -2.227032728823214 -18.341992942704838
2.635491983508826e-15 -2.752763840942347 -17.290530718466574
-1.6180339887498916 -2.227032728823214 -18.34199294270484
1.6180339887498991 0.5257311121191321 -20.04329455940892
4.261741330099831e-15 1.7013016167040782 -20.04329455940892
-1.6180339887498907 0.5257311121191321 -20.04329455940892
1.0000000000000042 -1.3763819204711751 -20.04329455940892
-0.9999999999999958 -1.3763819204711751 -20.04329455940892
-5.988098795602816e-15 2.7527638409423494 22.796058400351264
1.6180339887498896 2.227032728823216 21.744596176112996
-1.6180339887499002 2.227032728823216 21.744596176112996
2.618033988749889 0.8506508083520422 22.796058400351264
2.61803398874989 -0.850650808352038 21.744596176113
-2.6180339887499007 0.8506508083520422 22.79605840035126
-2.6180339887499 -0.850650808352038 21.744596176112996
1.6180339887498887 -2.2270327288232115 22.796058400351267
-5.3180511577791525e-15 -2.752763840942345 21.744596176113
-1.6180339887499011 -2.2270327288232115 22.796058400351264
1.6180339887498878 0.5257311121191365 24.497360017055342
-7.072258647683081e-15 1.7013016167040826 24.497360017055342
-1.618033988749902 0.5257311121191365 24.497360017055342
0.9999999999999929 -1.3763819204711707 24.497360017055342
-1.000000000000007 -1.3763819204711707 24.497360017055342
5 0 1 2 3 4
5 5 6 2 3 7
5 8 6 2 1 9
5 10 7 3 4 11
5 12 9 1 0 13
5 14 11 4 0 13
5 15 8 6 5 16
5 17 10 7 5 16
5 18 12 9 8 15
5 19 14 11 10 17
5 19 14 13 12 18
5 19 17 16 15 18
5 0 1 2 3 4
5 20 21 2 3 22
5 23 21 2 1 24
5 25 22 3 4 26
5 27 24 1 0 28
5 29 26 4 0 28
5 30 23 21 20 31
5 32 25 22 20 31
5 33 27 24 23 30
5 34 29 26 25 32
5 34 29 28 27 33
5 34 32 31 30 33
5 5 6 2 3 7
5 35 36 2 3 37
5 38 36 2 6 39
5 40 37 3 7 41
5 42 39 6 5 43
5 44 41 7 5 43
5 45 38 36 35 46
5 47 40 37 35 46
5 48 42 39 38 45
5 49 44 41 40 47
5 49 44 43 42 48
5 49 47 46 45 48
5 8 6 2 1 9
5 50 51 2 1 52
5 53 51 2 6 54
5 55 52 1 9 56
5 57 54 6 8 58
5 59 56 9 8 58
5 60 53 51 50 61
5 62 55 52 50 61
5 63 57 54 53 60
5 64 59 56 55 62
5 64 59 58 57 63
5 64 62 61 60 63
5 10 7 3 4 11
5 65 66 3 4 67
5 68 66 3 7 69
5 70 67 4 11 71
5 72 69 7 10 73
5 74 71 11 10 73
5 75 68 66 65 76
5 77 70 67 65 76
5 78 72 69 68 75
5 79 74 71 70 77
5 79 74 73 72 78
5 79 77 76 75 78
5 12 9 1 0 13
5 80 81 1 0 82
5 83 81 1 9 84
5 85 82 0 13 86
5 87 84 9 12 88
5 89 86 13 12 88
5 90 83 81 80 91
5 92 85 82 80 91
5 93 87 84 83 90
5 94 89 86 85 92
5 94 89 88 87 93
5 94 92 91 90 93
5 14 11 4 0 13
5 95 96 4 0 97
5 98 96 4 11 99
5 100 97 0 13 101
5 102 99 11 14 103
5 104 101 13 14 103
5 105 98 96 95 106
5 107 100 97 95 106
5 108 102 99 98 105
5 109 104 101 100 107
5 109 104 103 102 108
5 109 107 106 105 108
5 15 8 6 5 16
5 110 111 6 5 112
5 113 111 6 8 114
5 115 112 5 16 116
5 117 114 8 15 118
5 119 116 16 15 118
5 120 113 111 110 121
5 122 115 112 110 121
5 123 117 114 113 120
5 124 119 116 115 122
5 124 119 118 117 123
5 124 122 121 120 123
5 17 10 7 5 16
5 125 126 7 5 127
5 128 126 7 10 129
5 130 127 5 16 131
5 132 129 10 17 133
5 134 131 16 17 133
5 135 128 126 125 136
5 137 130 127 125 136
5 138 132 129 128 135
5 139 134 131 130 137
5 139 134 133 132 138
5 139 137 136 135 138
5 30 23 21 20 31
5 140 141 21 20 142
5 143 141 21 23 144
5 145 142 20 31 146
5 147 144 23 30 148
5 149 146 31 30 148
5 150 143 141 140 151
5 152 145 142 140 151
5 153 147 144 143 150
5 154 149 146 145 152
5 154 149 148 147 153
5 154 152 151 150 153
5 18 12 9 8 15
5 155 156 9 8 157
5 158 156 9 12 159
5 160 157 8 15 161
5 162 159 12 18 163
5 164 161 15 18 163
5 165 158 156 155 166
5 167 160 157 155 166
5 168 162 159 158 165
5 169 164 161 160 167
5 169 164 163 162 168
5 169 167 166 165 168
5 32 25 22 20 31
5 170 171 22 20 172
5 173 171 22 25 174
5 175 172 20 31 176
5 177 174 25 32 178
5 179 176 31 32 178
5 180 173 171 170 181
5 182 175 172 170 181
5 183 177 174 173 180
5 184 179 176 175 182
5 184 179 178 177 183
5 184 182 181 180 183
5 19 14 11 10 17
5 185 186 11 10 187
5 188 186 11 14 189
5 190 187 10 17 191
5 192 189 14 19 193
5 194 191 17 19 193
5 195 188 186 185 196
5 197 190 187 185 196
5 198 192 189 188 195
5 199 194 191 190 197
5 199 194 193 192 198
5 199 197 196 195 198
5 33 27 24 23 30
5 200 201 24 23 202
5 203 201 24 27 204
5 205 202 23 30 206
5 207 204 27 33 208
5 209 206 30 33 208
5 210 203 201 200 211
5 212 205 202 200 211
5 213 207 204 203 210
5 214 209 206 205 212
5 214 209 208 207 213
5 214 212 211 210 213
5 19 14 13 12 18
5 215 216 13 12 217
5 218 216 13 14 219
5 220 217 12 18 221
5 222 219 14 19 223
5 224 221 18 19 223
5 225 218 216 215 226
5 227 220 217 215 226
5 228 222 219 218 225
5 229 224 221 220 227
5 229 224 223 222 228
5 229 227 226 225 228
5 34 29 26 25 32
5 230 231 26 25 232
5 233 231 26 29 234
5 235 232 25 32 236
5 237 234 29 34 238
5 239 236 32 34 238
5 240 233 231 230 241
5 242 235 232 230 241
5 243 237 234 233 240
5 244 239 236 235 242
5 244 239 238 237 243
5 244 242 241 240 243
5 48 42 39 38 45
5 245 246 39 38 247
5 248 246 39 42 249
5 250 247 38 45 251
5 252 249 42 48 253
5 254 251 45 48 253
5 255 248 246 245 256
5 257 250 247 245 256
5 258 252 249 248 255
5 259 254 251 250 257
5 259 254 253 252 258
5 259 257 256 255 258
5 19 17 16 15 18
5 260 261 16 15 262
5 263 261 16 17 264
5 265 262 15 18 266
5 267 264 17 19 268
5 269 266 18 19 268
5 270 263 261 260 271
5 272 265 262 260 271
5 273 267 264 263 270
5 274 269 266 265 272
5 274 269 268 267 273
5 274 272 271 270 273
5 34 29 28 27 33
5 275 276 28 27 277
5 278 276 28 29 279
5 280 277 27 33 281
5 282 279 29 34 283
5 284 281 33 34 283
5 285 278 276 275 286
5 287 280 277 275 286
5 288 282 279 278 285
5 289 284 281 280 287
5 289 284 283 282 288
5 289 287 286 285 288
5 49 44 41 40 47
5 290 291 41 40 292
5 293 291 41 44 294
5 295 292 40 47 296
5 297 294 44 49 298
5 299 296 47 49 298
5 300 293 291 290 301
5 302 295 292 290 301
5 303 297 294 293 300
5 304 299 296 295 302
5 304 299 298 297 303
5 304 302 301 300 303
5 34 32 31 30 33
5 305 306 31 30 307
5 308 306 31 32 309
5 310 307 30 33 311
5 312 309 32 34 313
5 314 311 33 34 313
5 315 308 306 305 316
5 317 310 307 305 316
5 318 312 309 308 315
5 319 314 311 310 317
5 319 314 313 312 318
5 319 317 316 315 318
5 49 44 43 42 48
5 320 321 43 42 322
5 323 321 43 44 324
5 325 322 42 48 326
5 327 324 44 49 328
5 329 326 48 49 328
5 330 323 321 320 331
5 332 325 322 320 331
5 333 327 324 323 330
5 334 329 326 325 332
5 334 329 328 327 333
5 334 332 331 330 333
5 64 59 56 55 62
5 335 336 56 55 337
5 338 336 56 59 339
5 340 337 55 62 341
5 342 339 59 64 343
5 344 341 62 64 343
5 345 338 336 335 346
5 347 340 337 335 346
5 348 342 339 338 345
5 349 344 341 340 347
5 349 344 343 342 348
5 349 347 346 345 348
5 49 47 46 45 48
5 350 351 46 45 352
5 353 351 46 47 354
5 355 352 45 48 356
5 357 354 47 49 358
5 359 356 48 49 358
5 360 353 351 350 361
5 362 355 352 350 361
5 363 357 354 353 360
5 364 359 356 355 362
5 364 359 358 357 363
5 364 362 361 360 363
5 64 59 58 57 63
5 365 366 58 57 367
5 368 366 58 59 369
5 370 367 57 63 371
5 372 369 59 64 373
5 374 371 63 64 373
5 375 368 366 365 376
5 377 370 367 365 376
5 378 372 369 368 375
5 379 374 371 370 377
5 379 374 373 372 378
5 379 377 376 375 378
5 79 74 71 70 77
5 380 381 71 70 382
5 383 381 71 74 384
5 385 382 70 77 386
5 387 384 74 79 388
5 389 386 77 79 388
5 390 383 381 380 391
5 392 385 382 380 391
5 393 387 384 383 390
5 394 389 386 385 392
5 394 389 388 387 393
5 394 392 391 390 393
5 64 62 61 60 63
5 395 396 61 60 397
5 398 396 61 62 399
5 400 397 60 63 401
5 402 399 62 64 403
5 404 401 63 64 403
5 405 398 396 395 406
5 407 400 397 395 406
5 408 402 399 398 405
5 409 404 401 400 407
5 409 404 403 402 408
5 409 407 406 405 408
5 79 74 73 72 78
5 410 411 73 72 412
5 413 411 73 74 414
5 415 412 72 78 416
5 417 414 74 79 418
5 419 416 78 79 418
5 420 413 411 410 421
5 422 415 412 410 421
5 423 417 414 413 420
5 424 419 416 415 422
5 424 419 418 417 423
5 424 422 421 420 423
5 94 89 86 85 92
5 425 426 86 85 427
5 428 426 86 89 429
5 430 427 85 92 431
5 432 429 89 94 433
5 434 431 92 94 433
5 435 428 426 425 436
5 437 430 427 425 436
5 438 432 429 428 435
5 439 434 431 430 437
5 439 434 433 432 438
5 439 437 436 435 438
5 79 77 76 75 78
5 440 441 76 75 442
5 443 441 76 77 444
5 445 442 75 78 446
5 447 444 77 79 448
5 449 446 78 79 448
5 450 443 441 440 451
5 452 445 442 440 451
5 453 447 444 443 450
5 454 449 446 445 452
5 454 449 448 447 453
5 454 452 451 450 453
5 94 89 88 87 93
5 455 456 88 87 457
5 458 456 88 89 459
5 460 457 87 93 461
5 462 459 89 94 463
5 464 461 93 94 463
5 465 458 456 455 466
5 467 460 457 455 466
5 468 462 459 458 465
5 469 464 461 460 467
5 469 464 463 462 468
5 469 467 466 465 468
5 124 119 116 115 122
5 470 471 116 115 472
5 473 471 116 119 474
5 475 472 115 122 476
5 477 474 119 124 478
5 479 476 122 124 478
5 480 473 471 470 481
5 482 475 472 470 481
5 483 477 474 473 480
5 484 479 476 475 482
5 484 479 478 477 483
5 484 482 481 480 483
5 94 92 91 90 93
5 485 486 91 90 487
5 488 486 91 92 489
5 490 487 90 93 491
5 492 489 92 94 493
5 494 491 93 94 493
5 495 488 486 485 496
5 497 490 487 485 496
5 498 492 489 488 495
5 499 494 491 490 497
5 499 494 493 492 498
5 499 497 496 495 498
5 109 104 103 102 108
5 500 501 103 102 502
5 503 501 103 104 504
5 505 502 102 108 506
5 507 504 104 109 508
5 509 506 108 109 508
5 510 503 501 500 511
5 512 505 502 500 511
5 513 507 504 503 510
5 514 509 506 505 512
5 514 509 508 507 513
5 514 512 511 510 513
5 124 119 118 117 123
5 515 516 118 117 517
5 518 516 118 119 519
5 520 517 117 123 521
5 522 519 119 124 523
5 524 521 123 124 523
5 525 518 516 515 526
5 527 520 517 515 526
5 528 522 519 518 525
5 529 524 521 520 527
5 529 524 523 522 528
5 529 527 526 525 528
5 154 149 146 145 152
5 530 531 146 145 532
5 533 531 146 149 534
5 535 532 145 152 536
5 537 534 149 154 538
5 539 536 152 154 538
5 540 533 531 530 541
5 542 535 532 530 541
5 543 537 534 533 540
5 544 539 536 535 542
5 544 539 538 537 543
5 544 542 541 540 543
5 109 107 106 105 108
5 545 546 106 105 547
5 548 546 106 107 549
5 550 547 105 108 551
5 552 549 107 109 553
5 554 551 108 109 553
5 555 548 546 545 556
5 557 550 547 545 556
5 558 552 549 548 555
5 559 554 551 550 557
5 559 554 553 552 558
5 559 557 556 555 558
5 124 122 121 120 123
5 560 561 121 120 562
5 563 561 121 122 564
5 565 562 120 123 566
5 567 564 122 124 568
5 569 566 123 124 568
5 570 563 561 560 571
5 572 565 562 560 571
5 573 567 564 563 570
5 574 569 566 565 572
5 574 569 568 567 573
5 574 572 571 570 573
5 139 134 133 132 138
5 575 576 133 132 577
5 578 576 133 134 579
5 580 577 132 138 581
5 582 579 134 139 583
5 584 581 138 139 583
5 585 578 576 575 586
5 587 580 577 575 586
5 588 582 579 578 585
5 589 584 581 580 587
5 589 584 583 582 588
5 589 587 586 585 588
5 154 149 148 147 153
5 590 591 148 147 592
5 593 591 148 149 594
5 595 592 147 153 596
5 597 594 149 154 598
5 599 596 153 154 598
5 600 593 591 590 601
5 602 595 592 590 601
5 603 597 594 593 600
5 604 599 596 595 602
5 604 599 598 597 603
5 604 602 601 600 603
5 139 137 136 135 138
5 605 606 136 135 607
5 608 606 136 137 609
5 610 607 135 138 611
5 612 609 137 139 613
5 614 611 138 139 613
5 615 608 606 605 616
5 617 610 607 605 616
5 618 612 609 608 615
5 619 614 611 610 617
5 619 614 613 612 618
5 619 617 616 615 618
5 154 152 151 150 153
5 620 621 151 150 622
5 623 621 151 152 624
5 625 622 150 153 626
5 627 624 152 154 628
5 629 626 153 154 628
5 630 623 621 620 631
5 632 625 622 620 631
5 633 627 624 623 630
5 634 629 626 625 632
5 634 629 628 627 633
5 634 632 631 630 633
5 169 164 163 162 168
5 635 636 163 162 637
5 638 636 163 164 639
5 640 637 162 168 641
5 642 639 164 169 643
5 644 641 168 169 643
5 645 638 636 635 646
5 647 640 637 635 646
5 648 642 639 638 645
5 649 644 641 640 647
5 649 644 643 642 648
5 649 647 646 645 648
5 184 179 178 177 183
5 650 651 178 177 652
5 653 651 178 179 654
5 655 652 177 183 656
5 657 654 179 184 658
5 659 656 183 184 658
5 660 653 651 650 661
5 662 655 652 650 661
5 663 657 654 653 660
5 664 659 656 655 662
5 664 659 658 657 663
5 664 662 661 660 663
5 169 167 166 165 168
5 665 666 166 165 667
5 668 666 166 167 669
5 670 667 165 168 671
5 672 669 167 169 673
5 674 671 168 169 673
5 675 668 666 665 676
5 677 670 667 665 676
5 678 672 669 668 675
5 679 674 671 670 677
5 679 674 673 672 678
5 679 677 676 675 678
5 184 182 181 180 183
5 680 681 181 180 682
5 683 681 181 182 684
5 685 682 180 183 686
5 687 684 182 184 688
5 689 686 183 184 688
5 690 683 681 680 691
5 692 685 682 680 691
5 693 687 684 683 690
5 694 689 686 685 692
5 694 689 688 687 693
5 694 692 691 690 693
5 199 194 193 192 198
5 695 696 193 192 697
5 698 696 193 194 699
5 700 697 192 198 701
5 702 699 194 199 703
5 704 698 696 695 705
5 706 701 198 199 703
5 707 700 697 695 705
5 708 702 699 698 704
5 709 706 701 700 707
5 709 706 703 702 708
5 709 707 705 704 708
5 214 209 208 207 213
5 710 711 208 207 712
5 713 711 208 209 714
5 715 712 207 213 716
5 717 714 209 214 718
5 719 716 213 214 718
5 720 713 711 710 721
5 722 715 712 710 721
5 723 717 714 713 720
5 724 719 716 715 722
5 724 719 718 717 723
5 724 722 721 720 723
5 199 197 196 195 198
5 725 726 196 195 727
5 728 726 196 197 729
5 730 727 195 198 731
5 732 729 197 199 733
5 734 731 198 199 733
5 735 728 726 725 736
5 737 730 727 725 736
5 738 732 729 728 735
5 739 734 731 730 737
5 739 734 733 732 738
5 739 737 736 735 738
5 214 212 211 210 213
5 740 741 211 210 742
5 743 741 211 212 744
5 745 742 210 213 746
5 747 744 212 214 748
5 749 746 213 214 748
5 750 743 741 740 751
5 752 745 742 740 751
5 753 747 744 743 750
5 754 749 746 745 752
5 754 749 748 747 753
5 754 752 751 750 753
5 244 239 238 237 243
5 755 756 238 237 757
5 758 756 238 239 759
5 760 757 237 243 761
5 762 759 239 244 763
5 764 758 756 755 765
5 766 761 243 244 763
5 767 760 757 755 765
5 768 762 759 758 764
5 769 766 761 760 767
5 769 766 763 762 768
5 769 767 765 764 768
5 259 254 253 252 258
5 770 771 253 252 772
5 773 771 253 254 774
5 775 772 252 258 776
5 777 774 254 259 778
5 779 776 258 259 778
5 780 773 771 770 781
5 782 775 772 770 781
5 783 777 774 773 780
5 784 779 776 775 782
5 784 779 778 777 783
5 784 782 781 780 783
5 229 227 226 225 228
5 785 786 226 225 787
5 788 786 226 227 789
5 790 787 225 228 791
5 792 789 227 229 793
5 794 791 228 229 793
5 795 788 786 785 796
5 797 790 787 785 796
5 798 792 789 788 795
5 799 794 791 790 797
5 799 794 793 792 798
5 799 797 796 795 798
5 244 242 241 240 243
5 800 801 241 240 802
5 803 801 241 242 804
5 805 802 240 243 806
5 807 804 242 244 808
5 809 806 243 244 808
5 810 803 801 800 811
5 812 805 802 800 811
5 813 807 804 803 810
5 814 809 806 805 812
5 814 809 808 807 813
5 814 812 811 810 813
5 259 257 256 255 258
5 815 816 256 255 817
5 818 816 256 257 819
5 820 817 255 258 821
5 822 819 257 259 823
5 824 821 258 259 823
5 825 818 816 815 826
5 827 820 817 815 826
5 828 822 819 818 825
5 829 824 821 820 827
5 829 824 823 822 828
5 829 827 826 825 828
5 304 299 298 297 303
5 830 831 298 297 832
5 833 831 298 299 834
5 835 832 297 303 836
5 837 834 299 304 838
5 839 833 831 830 840
5 841 836 303 304 838
5 842 835 832 830 840
5 843 837 834 833 839
5 844 841 836 835 842
5 844 841 838 837 843
5 844 842 840 839 843
5 274 272 271 270 273
5 845 846 271 270 847
5 848 846 271 272 849
5 850 847 270 273 851
5 852 849 272 274 853
5 854 851 273 274 853
5 855 848 846 845 856
5 857 850 847 845 856
5 858 852 849 848 855
5 859 854 851 850 857
5 859 854 853 852 858
5 859 857 856 855 858
5 289 287 286 285 288
5 860 861 286 285 862
5 863 861 286 287 864
5 865 862 285 288 866
5 867 864 287 289 868
5 869 866 288 289 868
5 870 863 861 860 871
5 872 865 862 860 871
5 873 867 864 863 870
5 874 869 866 865 872
5 874 869 868 867 873
5 874 872 871 870 873
5 304 302 301 300 303
5 875 876 301 300 877
5 878 876 301 302 879
5 880 877 300 303 881
5 882 879 302 304 883
5 884 881 303 304 883
5 885 878 876 875 886
5 887 880 877 875 886
5 888 882 879 878 885
5 889 884 881 880 887
5 889 884 883 882 888
5 889 887 886 885 888
5 349 344 343 342 348
5 890 891 343 342 892
5 893 891 343 344 894
5 895 892 342 348 896
5 897 894 344 349 898
5 899 893 891 890 900
5 901 896 348 349 898
5 902 895 892 890 900
5 903 897 894 893 899
5 904 901 896 895 902
5 904 901 898 897 903
5 904 902 900 899 903
5 319 317 316 315 318
5 905 906 316 315 907
5 908 906 316 317 909
5 910 907 315 318 911
5 912 909 317 319 913
5 914 911 318 319 913
5 915 908 906 905 916
5 917 910 907 905 916
5 918 912 909 908 915
5 919 914 911 910 917
5 919 914 913 912 918
5 919 917 916 915 918
5 334 332 331 330 333
5 920 921 331 330 922
5 923 921 331 332 924
5 925 922 330 333 926
5 927 924 332 334 928
5 929 926 333 334 928
5 930 923 921 920 931
5 932 925 922 920 931
5 933 927 924 923 930
5 934 929 926 925 932
5 934 929 928 927 933
5 934 932 931 930 933
5 349 347 346 345 348
5 935 936 346 345 937
5 938 936 346 347 939
5 940 937 345 348 941
5 942 939 347 349 943
5 944 941 348 349 943
5 945 938 936 935 946
5 947 940 937 935 946
5 948 942 939 938 945
5 949 944 941 940 947
5 949 944 943 942 948
5 949 947 946 945 948
5 394 389 388 387 393
5 950 951 388 387 952
5 953 951 388 389 954
5 955 952 387 393 956
5 957 954 389 394 958
5 959 953 951 950 960
5 961 956 393 394 958
5 962 955 952 950 960
5 963 957 954 953 959
5 964 961 956 955 962
5 964 961 958 957 963
5 964 962 960 959 963
5 364 362 361 360 363
5 965 966 361 360 967
5 968 966 361 362 969
5 970 967 360 363 971
5 972 969 362 364 973
5 974 971 363 364 973
5 975 968 966 965 976
5 977 970 967 965 976
5 978 972 969 968 975
5 979 974 971 970 977
5 979 974 973 972 978
5 979 977 976 975 978
5 379 377 376 375 378
5 980 981 376 375 982
5 983 981 376 377 984
5 985 982 375 378 986
5 987 984 377 379 988
5 989 986 378 379 988
5 990 983 981 980 991
5 992 985 982 980 991
5 993 987 984 983 990
5 994 989 986 985 992
5 994 989 988 987 993
5 994 992 991 990 993
5 394 392 391 390 393
5 995 996 391 390 997
5 998 996 391 392 999
5 1000 997 390 393 1001
5 1002 999 392 394 1003
5 1004 1001 393 394 1003
5 1005 998 996 995 1006
5 1007 1000 997 995 1006
5 1008 1002 999 998 1005
5 1009 1004 1001 1000 1007
5 1009 1004 1003 1002 1008
5 1009 1007 1006 1005 1008
5 439 434 433 432 438
5 1010 1011 433 432 1012
5 1013 1011 433 434 1014
5 1015 1012 432 438 1016
5 1017 1014 434 439 1018
5 1019 1013 1011 1010 1020
5 1021 1016 438 439 1018
5 1022 1015 1012 1010 1020
5 1023 1017 1014 1013 1019
5 1024 1021 1016 1015 1022
5 1024 1021 1018 1017 1023
5 1024 1022 1020 1019 1023
5 409 407 406 405 408
5 1025 1026 406 405 1027
5 1028 1026 406 407 1029
5 1030 1027 405 408 1031
5 1032 1029 407 409 1033
5 1034 1031 408 409 1033
5 1035 1028 1026 1025 1036
5 1037 1030 1027 1025 1036
5 1038 1032 1029 1028 1035
5 1039 1034 1031 1030 1037
5 1039 1034 1033 1032 1038
5 1039 1037 1036 1035 1038
5 424 422 421 420 423
5 1040 1041 421 420 1042
5 1043 1041 421 422 1044
5 1045 1042 420 423 1046
5 1047 1044 422 424 1048
5 1049 1046 423 424 1048
5 1050 1043 1041 1040 1051
5 1052 1045 1042 1040 1051
5 1053 1047 1044 1043 1050
5 1054 1049 1046 1045 1052
5 1054 1049 1048 1047 1053
5 1054 1052 1051 1050 1053
5 439 437 436 435 438
5 1055 1056 436 435 1057
5 1058 1056 436 437 1059
5 1060 1057 435 438 1061
5 1062 1059 437 439 1063
5 1064 1061 438 439 1063
5 1065 1058 1056 1055 1066
5 1067 1060 1057 1055 1066
5 1068 1062 1059 1058 1065
5 1069 1064 1061 1060 1067
5 1069 1064 1063 1062 1068
5 1069 1067 1066 1065 1068
5 484 479 478 477 483
5 1070 1071 478 477 1072
5 1073 1071 478 479 1074
5 1075 1072 477 483 1076
5 1077 1074 479 484 1078
5 1079 1073 1071 1070 1080
5 1081 1076 483 484 1078
5 1082 1075 1072 1070 1080
5 1083 1077 1074 1073 1079
5 1084 1081 1076 1075 1082
5 1084 1081 1078 1077 1083
5 1084 1082 1080 1079 1083
5 454 452 451 450 453
5 1085 1086 451 450 1087
5 1088 1086 451 452 1089
5 1090 1087 450 453 1091
5 1092 1089 452 454 1093
5 1094 1091 453 454 1093
5 1095 1088 1086 1085 1096
5 1097 1090 1087 1085 1096
5 1098 1092 1089 1088 1095
5 1099 1094 1091 1090 1097
5 1099 1094 1093 1092 1098
5 1099 1097 1096 1095 1098
5 469 467 466 465 468
5 1100 1101 466 465 1102
5 1103 1101 466 467 1104
5 1105 1102 465 468 1106
5 1107 1104 467 469 1108
5 1109 1106 468 469 1108
5 1110 1103 1101 1100 1111
5 1112 1105 1102 1100 1111
5 1113 1107 1104 1103 1110
5 1114 1109 1106 1105 1112
5 1114 1109 1108 1107 1113
5 1114 1112 1111 1110 1113
5 484 482 481 480 483
5 1115 1116 481 480 1117
5 1118 1116 481 482 1119
5 1120 1117 480 483 1121
5 1122 1119 482 484 1123
5 1124 1121 483 484 1123
5 1125 1118 1116 1115 1126
5 1127 1120 1117 1115 1126
5 1128 1122 1119 1118 1125
5 1129 1124 1121 1120 1127
5 1129 1124 1123 1122 1128
5 1129 1127 1126 1125 1128
5 544 539 538 537 543
5 1130 1131 538 537 1132
5 1133 1131 538 539 1134
5 1135 1132 537 543 1136
5 1137 1134 539 544 1138
5 1139 1133 1131 1130 1140
5 1141 1136 543 544 1138
5 1142 1135 1132 1130 1140
5 1143 1137 1134 1133 1139
5 1144 1141 1136 1135 1142
5 1144 1141 1138 1137 1143
5 1144 1142 1140 1139 1143
5 499 497 496 495 498
5 1145 1146 496 495 1147
5 1148 1146 496 497 1149
5 1150 1147 495 498 1151
5 1152 1149 497 499 1153
5 1154 1151 498 499 1153
5 1155 1148 1146 1145 1156
5 1157 1150 1147 1145 1156
5 1158 1152 1149 1148 1155
5 1159 1154 1151 1150 1157
5 1159 1154 1153 1152 1158
5 1159 1157 1156 1155 1158
5 514 512 511 510 513
5 1160 1161 511 510 1162
5 1163 1161 511 512 1164
5 1165 1162 510 513 1166
5 1167 1164 512 514 1168
5 1169 1166 513 514 1168
5 1170 1163 1161 1160 1171
5 1172 1165 1162 1160 1171
5 1173 1167 1164 1163 1170
5 1174 1169 1166 1165 1172
5 1174 1169 1168 1167 1173
5 1174 1172 1171 1170 1173
5 529 527 526 525 528
5 1175 1176 526 525 1177
5 1178 1176 526 527 1179
5 1180 1177 525 528 1181
5 1182 1179 527 529 1183
5 1184 1181 528 529 1183
5 1185 1178 1176 1175 1186
5 1187 1180 1177 1175 1186
5 1188 1182 1179 1178 1185
5 1189 1184 1181 1180 1187
5 1189 1184 1183 1182 1188
5 1189 1187 1186 1185 1188
5 544 542 541 540 543
5 1190 1191 541 540 1192
5 1193 1191 541 542 1194
5 1195 1192 540 543 1196
5 1197 1194 542 544 1198
5 1199 1196 543 544 1198
5 1200 1193 1191 1190 1201
5 1202 1195 1192 1190 1201
5 1203 1197 1194 1193 1200
5 1204 1199 1196 1195 1202
5 1204 1199 1198 1197 1203
5 1204 1202 1201 1200 1203
5 559 557 556 555 558
5 1205 1206 556 555 1207
5 1208 1206 556 557 1209
5 1210 1207 555 558 1211
5 1212 1209 557 559 1213
5 1214 1211 558 559 1213
5 1215 1208 1206 1205 1216
5 1217 1210 1207 1205 1216
5 1218 1212 1209 1208 1215
5 1219 1214 1211 1210 1217
5 1219 1214 1213 1212 1218
5 1219 1217 1216 1215 1218
5 574 572 571 570 573
5 1220 1221 571 570 1222
5 1223 1221 571 572 1224
5 1225 1222 570 573 1226
5 1227 1224 572 574 1228
5 1229 1226 573 574 1228
5 1230 1223 1221 1220 1231
5 1232 1225 1222 1220 1231
5 1233 1227 1224 1223 1230
5 1234 1229 1226 1225 1232
5 1234 1229 1228 1227 1233
5 1234 1232 1231 1230 1233
5 589 587 586 585 588
5 1235 1236 586 585 1237
5 1238 1236 586 587 1239
5 1240 1237 585 588 1241
5 1242 1239 587 589 1243
5 1244 1241 588 589 1243
5 1245 1238 1236 1235 1246
5 1247 1240 1237 1235 1246
5 1248 1242 1239 1238 1245
5 1249 1244 1241 1240 1247
5 1249 1244 1243 1242 1248
5 1249 1247 1246 1245 1248
5 604 602 601 600 603
5 1250 1251 601 600 1252
5 1253 1251 601 602 1254
5 1255 1252 600 603 1256
5 1257 1254 602 604 1258
5 1259 1256 603 604 1258
5 1260 1253 1251 1250 1261
5 1262 1255 1252 1250 1261
5 1263 1257 1254 1253 1260
5 1264 1259 1256 1255 1262
5 1264 1259 1258 1257 1263
5 1264 1262 1261 1260 1263
5 619 617 616 615 618
5 1265 1266 616 615 1267
5 1268 1266 616 617 1269
5 1270 1267 615 618 1271
5 1272 1269 617 619 1273
5 1274 1271 618 619 1273
5 1275 1268 1266 1265 1276
5 1277 1270 1267 1265 1276
5 1278 1272 1269 1268 1275
5 1279 1274 1271 1270 1277
5 1279 1274 1273 1272 1278
5 1279 1277 1276 1275 1278
5 634 632 631 630 633
5 1280 1281 631 630 1282
5 1283 1281 631 632 1284
5 1285 1282 630 633 1286
5 1287 1284 632 634 1288
5 1289 1286 633 634 1288
5 1290 1283 1281 1280 1291
5 1292 1285 1282 1280 1291
5 1293 1287 1284 1283 1290
5 1294 1289 1286 1285 1292
5 1294 1289 1288 1287 1293
5 1294 1292 1291 1290 1293
5 649 647 646 645 648
5 1295 1296 646 645 1297
5 1298 1296 646 647 1299
5 1300 1297 645 648 1301
5 1302 1299 647 649 1303
5 1304 1298 1296 1295 1305
5 1306 1301 648 649 1303
5 1307 1300 1297 1295 1305
5 1308 1302 1299 1298 1304
5 1309 1306 1301 1300 1307
5 1309 1306 1303 1302 1308
5 1309 1307 1305 1304 1308
5 664 662 661 660 663
5 1310 1311 661 660 1312
5 1313 1311 661 662 1314
5 1315 1312 660 663 1316
5 1317 1314 662 664 1318
5 1319 1316 663 664 1318
5 1320 1313 1311 1310 1321
5 1322 1315 1312 1310 1321
5 1323 1317 1314 1313 1320
5 1324 1319 1316 1315 1322
5 1324 1319 1318 1317 1323
5 1324 1322 1321 1320 1323
5 679 677 676 675 678
5 1325 1326 676 675 1327
5 1328 1326 676 677 1329
5 1330 1327 675 678 1331
5 1332 1329 677 679 1333
5 1334 1331 678 679 1333
5 1335 1328 1326 1325 1336
5 1337 1330 1327 1325 1336
5 1338 1332 1329 1328 1335
5 1339 1334 1331 1330 1337
5 1339 1334 1333 1332 1338
5 1339 1337 1336 1335 1338
5 694 692 691 690 693
5 1340 1341 691 690 1342
5 1343 1341 691 692 1344
5 1345 1342 690 693 1346
5 1347 1344 692 694 1348
5 1349 1346 693 694 1348
5 1350 1343 1341 1340 1351
5 1352 1345 1342 1340 1351
5 1353 1347 1344 1343 1350
5 1354 1349 1346 1345 1352
5 1354 1349 1348 1347 1353
5 1354 1352 1351 1350 1353
5 724 722 721 720 723
5 1355 1356 721 720 1357
5 1358 1356 721 722 1359
5 1360 1357 720 723 1361
5 1362 1359 722 724 1363
5 1364 1358 1356 1355 1365
5 1366 1361 723 724 1363
5 1367 1360 1357 1355 1365
5 1368 1362 1359 1358 1364
5 1369 1366 1361 1360 1367
5 1369 1366 1363 1362 1368
5 1369 1367 1365 1364 1368
5 739 737 736 735 738
5 1370 1371 736 735 1372
5 1373 1371 736 737 1374
5 1375 1372 735 738 1376
5 1377 1374 737 739 1378
5 1379 1376 738 739 1378
5 1380 1373 1371 1370 1381
5 1382 1375 1372 1370 1381
5 1383 1377 1374 1373 1380
5 1384 1379 1376 1375 1382
5 1384 1379 1378 1377 1383
5 1384 1382 1381 1380 1383
5 754 752 751 750 753
5 1385 1386 751 750 1387
5 1388 1386 751 752 1389
5 1390 1387 750 753 1391
5 1392 1389 752 754 1393
5 1394 1391 753 754 1393
5 1395 1388 1386 1385 1396
5 1397 1390 1387 1385 1396
5 1398 1392 1389 1388 1395
5 1399 1394 1391 1390 1397
5 1399 1394 1393 1392 1398
5 1399 1397 1396 1395 1398
5 784 782 781 780 783
5 1400 1401 781 780 1402
5 1403 1401 781 782 1404
5 1405 1402 780 783 1406
5 1407 1404 782 784 1408
5 1409 1403 1401 1400 1410
5 1411 1406 783 784 1408
5 1412 1405 1402 1400 1410
5 1413 1407 1404 1403 1409
5 1414 1411 1406 1405 1412
5 1414 1411 1408 1407 1413
5 1414 1412 1410 1409 1413
5 799 797 796 795 798
5 1415 1416 796 795 1417
5 1418 1416 796 797 1419
5 1420 1417 795 798 1421
5 1422 1419 797 799 1423
5 1424 1421 798 799 1423
5 1425 1418 1416 1415 1426
5 1427 1420 1417 1415 1426
5 1428 1422 1419 1418 1425
5 1429 1424 1421 1420 1427
5 1429 1424 1423 1422 1428
5 1429 1427 1426 1425 1428
5 814 812 811 810 813
5 1430 1431 811 810 1432
5 1433 1431 811 812 1434
5 1435 1432 810 813 1436
5 1437 1434 812 814 1438
5 1439 1436 813 814 1438
5 1440 1433 1431 1430 1441
5 1442 1435 1432 1430 1441
5 1443 1437 1434 1433 1440
5 1444 1439 1436 1435 1442
5 1444 1439 1438 1437 1443
5 1444 1442 1441 1440 1443
5 829 827 826 825 828
5 1445 1446 826 825 1447
5 1448 1446 826 827 1449
5 1450 1447 825 828 1451
5 1452 1449 827 829 1453
5 1454 1451 828 829 1453
5 1455 1448 1446 1445 1456
5 1457 1450 1447 1445 1456
5 1458 1452 1449 1448 1455
5 1459 1454 1451 1450 1457
5 1459 1454 1453 1452 1458
5 1459 1457 1456 1455 1458
5 859 857 856 855 858
5 1460 1461 856 855 1462
5 1463 1461 856 857 1464
5 1465 1462 855 858 1466
5 1467 1464 857 859 1468
5 1469 1466 858 859 1468
5 1470 1463 1461 1460 1471
5 1472 1465 1462 1460 1471
5 1473 1467 1464 1463 1470
5 1474 1469 1466 1465 1472
5 1474 1469 1468 1467 1473
5 1474 1472 1471 1470 1473
5 874 872 871 870 873
5 1475 1476 871 870 1477
5 1478 1476 871 872 1479
5 1480 1477 870 873 1481
5 1482 1479 872 874 1483
5 1484 1481 873 874 1483
5 1485 1478 1476 1475 1486
5 1487 1480 1477 1475 1486
5 1488 1482 1479 1478 1485
5 1489 1484 1481 1480 1487
5 1489 1484 1483 1482 1488
5 1489 1487 1486 1485 1488
5 889 887 886 885 888
5 1490 1491 886 885 1492
5 1493 1491 886 887 1494
5 1495 1492 885 888 1496
5 1497 1494 887 889 1498
5 1499 1496 888 889 1498
5 1500 1493 1491 1490 1501
5 1502 1495 1492 1490 1501
5 1503 1497 1494 1493 1500
5 1504 1499 1496 1495 1502
5 1504 1499 1498 1497 1503
5 1504 1502 1501 1500 1503
5 919 917 916 915 918
5 1505 1506 916 915 1507
5 1508 1506 916 917 1509
5 1510 1507 915 918 1511
5 1512 1509 917 919 1513
5 1514 1511 918 919 1513
5 1515 1508 1506 1505 1516
5 1517 1510 1507 1505 1516
5 1518 1512 1509 1508 1515
5 1519 1514 1511 1510 1517
5 1519 1514 1513 1512 1518
5 1519 1517 1516 1515 1518
5 934 932 931 930 933
5 1520 1521 931 930 1522
5 1523 1521 931 932 1524
5 1525 1522 930 933 1526
5 1527 1524 932 934 1528
5 1529 1526 933 934 1528
5 1530 1523 1521 1520 1531
5 1532 1525 1522 1520 1531
5 1533 1527 1524 1523 1530
5 1534 1529 1526 1525 1532
5 1534 1529 1528 1527 1533
5 1534 1532 1531 1530 1533
5 949 947 946 945 948
5 1535 1536 946 945 1537
5 1538 1536 946 947 1539
5 1540 1537 945 948 1541
5 1542 1539 947 949 1543
5 1544 1541 948 949 1543
5 1545 1538 1536 1535 1546
5 1547 1540 1537 1535 1546
5 1548 1542 1539 1538 1545
5 1549 1544 1541 1540 1547
5 1549 1544 1543 1542 1548
5 1549 1547 1546 1545 1548
5 979 977 976 975 978
5 1550 1551 976 975 1552
5 1553 1551 976 977 1554
5 1555 1552 975 978 1556
5 1557 1554 977 979 1558
5 1559 1556 978 979 1558
5 1560 1553 1551 1550 1561
5 1562 1555 1552 1550 1561
5 1563 1557 1554 1553 1560
5 1564 1559 1556 1555 1562
5 1564 1559 1558 1557 1563
5 1564 1562 1561 1560 1563
5 994 992 991 990 993
5 1565 1566 991 990 1567
5 1568 1566 991 992 1569
5 1570 1567 990 993 1571
5 1572 1569 992 994 1573
5 1574 1571 993 994 1573
5 1575 1568 1566 1565 1576
5 1577 1570 1567 1565 1576
5 1578 1572 1569 1568 1575
5 1579 1574 1571 1570 1577
5 1579 1574 1573 1572 1578
5 1579 1577 1576 1575 1578
5 1009 1007 1006 1005 1008
5 1580 1581 1006 1005 1582
5 1583 1581 1006 1007 1584
5 1585 1582 1005 1008 1586
5 1587 1584 1007 1009 1588
5 1589 1583 1581 1580 1590
5 1591 1586 1008 1009 1588
5 1592 1585 1582 1580 1590
5 1593 1587 1584 1583 1589
5 1594 1591 1586 1585 1592
5 1594 1591 1588 1587 1593
5 1594 1592 1590 1589 1593
5 1039 1037 1036 1035 1038
5 1595 1596 1036 1035 1597
5 1598 1596 1036 1037 1599
5 1600 1597 1035 1038 1601
5 1602 1599 1037 1039 1603
5 1604 1601 1038 1039 1603
5 1605 1598 1596 1595 1606
5 1607 1600 1597 1595 1606
5 1608 1602 1599 1598 1605
5 1609 1604 1601 1600 1607
5 1609 1604 1603 1602 1608
5 1609 1607 1606 1605 1608
5 1054 1052 1051 1050 1053
5 1610 1611 1051 1050 1612
5 1613 1611 1051 1052 1614
5 1615 1612 1050 1053 1616
5 1617 1614 1052 1054 1618
5 1619 1613 1611 1610 1620
5 1621 1616 1053 1054 1618
5 1622 1615 1612 1610 1620
5 1623 1617 1614 1613 1619
5 1624 1621 1616 1615 1622
5 1624 1621 1618 1617 1623
5 1624 1622 1620 1619 1623
5 1099 1097 1096 1095 1098
5 1625 1626 1096 1095 1627
5 1628 1626 1096 1097 1629
5 1630 1627 1095 1098 1631
5 1632 1629 1097 1099 1633
5 1634 1631 1098 1099 1633
5 1635 1628 1626 1625 1636
5 1637 1630 1627 1625 1636
5 1638 1632 1629 1628 1635
5 1639 1634 1631 1630 1637
5 1639 1634 1633 1632 1638
5 1639 1637 1636 1635 1638
5 1114 1112 1111 1110 1113
5 1640 1641 1111 1110 1642
5 1643 1641 1111 1112 1644
5 1645 1642 1110 1113 1646
5 1647 1644 1112 1114 1648
5 1649 1643 1641 1640 1650
5 1651 1646 1113 1114 1648
5 1652 1645 1642 1640 1650
5 1653 1647 1644 1643 1649
5 1654 1651 1646 1645 1652
5 1654 1651 1648 1647 1653
5 1654 1652 1650 1649 1653
5 1159 1157 1156 1155 1158
5 1655 1656 1156 1155 1657
5 1658 1656 1156 1157 1659
5 1660 1657 1155 1158 1661
5 1662 1659 1157 1159 1663
5 1664 1658 1656 1655 1665
5 1666 1661 1158 1159 1663
5 1667 1660 1657 1655 1665
5 1668 1662 1659 1658 1664
5 1669 1666 1661 1660 1667
5 1669 1666 1663 1662 1668
5 1669 1667 1665 1664 1668
5 1174 1172 1171 1170 1173
5 1670 1671 1171 1170 1672
5 1673 1671 1171 1172 1674
5 1675 1672 1170 1173 1676
5 1677 1674 1172 1174 1678
5 1679 1673 1671 1670 1680
5 1681 1676 1173 1174 1678
5 1682 1675 1672 1670 1680
5 1683 1677 1674 1673 1679
5 1684 1681 1676 1675 1682
5 1684 1681 1678 1677 1683
5 1684 1682 1680 1679 1683
5 1219 1217 1216 1215 1218
5 1685 1686 1216 1215 1687
5 1688 1686 1216 1217 1689
5 1690 1687 1215 1218 1691
5 1692 1689 1217 1219 1693
5 1694 1688 1686 1685 1695
5 1696 1691 1218 1219 1693
5 1697 1690 1687 1685 1695
5 1698 1692 1689 1688 1694
5 1699 1696 1691 1690 1697
5 1699 1696 1693 1692 1698
5 1699 1697 1695 1694 1698
5 1234 1232 1231 1230 1233
5 1700 1701 1231 1230 1702
5 1703 1701 1231 1232 1704
5 1705 1702 1230 1233 1706
5 1707 1704 1232 1234 1708
5 1709 1703 1701 1700 1710
5 1711 1706 1233 1234 1708
5 1712 1705 1702 1700 1710
5 1713 1707 1704 1703 1709
5 1714 1711 1706 1705 1712
5 1714 1711 1708 1707 1713
5 1714 1712 1710 1709 1713
5 1279 1277 1276 1275 1278
5 1715 1716 1276 1275 1717
5 1718 1716 1276 1277 1719
5 1720 1717 1275 1278 1721
5 1722 1719 1277 1279 1723
5 1724 1718 1716 1715 1725
5 1726 1721 1278 1279 1723
5 1727 1720 1717 1715 1725
5 1728 1722 1719 1718 1724
5 1729 1726 1721 1720 1727
5 1729 1726 1723 1722 1728
5 1729 1727 1725 1724 1728
5 1339 1337 1336 1335 1338
5 1730 1731 1336 1335 1732
5 1733 1731 1336 1337 1734
5 1735 1732 1335 1338 1736
5 1737 1734 1337 1339 1738
5 1739 1733 1731 1730 1740
5 1741 1736 1338 1339 1738
5 1742 1735 1732 1730 1740
5 1743 1737 1734 1733 1739
5 1744 1741 1736 1735 1742
5 1744 1741 1738 1737 1743
5 1744 1742 1740 1739 1743
5 1384 1382 1381 1380 1383
5 1745 1746 1381 1380 1747
5 1748 1746 1381 1382 1749
5 1750 1747 1380 1383 1751
5 1752 1749 1382 1384 1753
5 1754 1748 1746 1745 1755
5 1756 1751 1383 1384 1753
5 1757 1750 1747 1745 1755
5 1758 1752 1749 1748 1754
5 1759 1756 1751 1750 1757
5 1759 1756 1753 1752 1758
5 1759 1757 1755 1754 1758
5 1429 1427 1426 1425 1428
5 1760 1761 1426 1425 1762
5 1763 1761 1426 1427 1764
5 1765 1762 1425 1428 1766
5 1767 1764 1427 1429 1768
5 1769 1763 1761 1760 1770
5 1771 1766 1428 1429 1768
5 1772 1765 1762 1760 1770
5 1773 1767 1764 1763 1769
5 1774 1771 1766 1765 1772
5 1774 1771 1768 1767 1773
5 1774 1772 1770 1769 1773
5 1474 1472 1471 1470 1473
5 1775 1776 1471 1470 1777
5 1778 1776 1471 1472 1779
5 1780 1777 1470 1473 1781
5 1782 1779 1472 1474 1783
5 1784 1781 1473 1474 1783
5 1785 1778 1776 1775 1786
5 1787 1780 1777 1775 1786
5 1788 1782 1779 1778 1785
5 1789 1784 1781 1780 1787
5 1789 1784 1783 1782 1788
5 1789 1787 1786 1785 1788
5 1519 1517 1516 1515 1518
5 1790 1791 1516 1515 1792
5 1793 1791 1516 1517 1794
5 1795 1792 1515 1518 1796
5 1797 1794 1517 1519 1798
5 1799 1796 1518 1519 1798
5 1800 1793 1791 1790 1801
5 1802 1795 1792 1790 1801
5 1803 1797 1794 1793 1800
5 1804 1799 1796 1795 1802
5 1804 1799 1798 1797 1803
5 1804 1802 1801 1800 1803
# cell 1: 0 1 2 3 4 5 6 7 8 9 10 11
# cell 2: 12 13 14 15 16 17 18 19 20 21 22 23
# cell 3: 24 25 26 27 28 29 30 31 32 33 34 35
# cell 4: 36 37 38 39 40 41 42 43 44 45 46 47
# cell 5: 48 49 50 51 52 53 54 55 56 57 58 59
# cell 6: 60 61 62 63 64 65 66 67 68 69 70 71
# cell 7: 72 73 74 75 76 77 78 79 80 81 82 83
# cell 8: 84 85 86 87 88 89 90 91 92 93 94 95
# cell 9: 96 97 98 99 100 101 102 103 104 105 106 107
# cell 10: 108 109 110 111 112 113 114 115 116 117 118 119
# cell 11: 120 121 122 123 124 125 126 127 128 129 130 131
# cell 12: 132 133 134 135 136 137 138 139 140 141 142 143
# cell 13: 144 145 146 147 148 149 150 151 152 153 154 155
# cell 14: 156 157 158 159 160 161 162 163 164 165 166 167
# cell 15: 168 169 170 171 172 173 174 175 176 177 178 179
# cell 16: 180 181 182 183 184 185 186 187 188 189 190 191
# cell 17: 192 193 194 195 196 197 198 199 200 201 202 203
# cell 18: 204 205 206 207 208 209 210 211 212 213 214 215
# cell 19: 216 217 218 219 220 221 222 223 224 225 226 227
# cell 20: 228 229 230 231 232 233 234 235 236 237 238 239
# cell 21: 240 241 242 243 244 245 246 247 248 249 250 251
# cell 22: 252 253 254 255 256 257 258 259 260 261 262 263
# cell 23: 264 265 266 267 268 269 270 271 272 273 274 275
# cell 24: 276 277 278 279 280 281 282 283 284 285 286 287
# cell 25: 288 289 290 291 292 293 294 295 296 297 298 299
# cell 26: 300 301 302 303 304 305 306 307 308 309 310 311
# cell 27: 312 313 314 315 316 317 318 319 320 321 322 323
# cell 28: 324 325 326 327 328 329 330 331 332 333 334 335
# cell 29: 336 337 338 339 340 341 342 343 344 345 346 347
# cell 30: 348 349 350 351 352 353 354 355 356 357 358 359
# cell 31: 360 361 362 363 364 365 366 367 368 369 370 371
# cell 32: 372 373 374 375 376 377 378 379 380 381 382 383
# cell 33: 384 385 386 387 388 389 390 391 392 393 394 395
# cell 34: 396 397 398 399 400 401 402 403 404 405 406 407
# cell 35: 408 409 410 411 412 413 414 415 416 417 418 419
# cell 36: 420 421 422 423 424 425 426 427 428 429 430 431
# cell 37: 432 433 434 435 436 437 438 439 440 441 442 443
# cell 38: 444 445 446 447 448 449 450 451 452 453 454 455
# cell 39: 456 457 458 459 460 461 462 463 464 465 466 467
# cell 40: 468 469 470 471 472 473 474 475 476 477 478 479
# cell 41: 480 481 482 483 484 485 486 487 488 489 490 491
# cell 42: 492 493 494 495 496 497 498 499 500 501 502 503
# cell 43: 504 505 506 507 508 509 510 511 512 513 514 515
# cell 44: 516 517 518 519 520 521 522 523 524 525 526 527
# cell 45: 528 529 530 531 532 533 534 535 536 537 538 539
# cell 46: 540 541 542 543 544 545 546 547 548 549 550 551
# cell 47: 552 553 554 555 556 557 558 559 560 561 562 563
# cell 48: 564 565 566 567 568 569 570 571 572 573 574 575
# cell 49: 576 577 578 579 580 581 582 583 584 585 586 587
# cell 50: 588 589 590 591 592 593 594 595 596 597 598 599
# cell 51: 600 601 602 603 604 605 606 607 608 609 610 611
# cell 52: 612 613 614 615 616 617 618 619 620 621 622 623
# cell 53: 624 625 626 627 628 629 630 631 632 633 634 635
# cell 54: 636 637 638 639 640 641 642 643 644 645 646 647
# cell 55: 648 649 650 651 652 653 654 655 656 657 658 659
# cell 56: 660 661 662 663 664 665 666 667 668 669 670 671
# cell 57: 672 673 674 675 676 677 678 679 680 681 682 683
# cell 58: 684 685 686 687 688 689 690 691 692 693 694 695
# cell 59: 696 697 698 699 700 701 702 703 704 705 706 707
# cell 60: 708 709 710 711 712 713 714 715 716 717 718 719
# cell 61: 720 721 722 723 724 725 726 727 728 729 730 731
# cell 62: 732 733 734 735 736 737 738 739 740 741 742 743
# cell 63: 744 745 746 747 748 749 750 751 752 753 754 755
# cell 64: 756 757 758 759 760 761 762 763 764 765 766 767
# cell 65: 768 769 770 771 772 773 774 775 776 777 778 779
# cell 66: 780 781 782 783 784 785 786 787 788 789 790 791
# cell 67: 792 793 794 795 796 797 798 799 800 801 802 803
# cell 68: 804 805 806 807 808 809 810 811 812 813 814 815
# cell 69: 816 817 818 819 820 821 822 823 824 825 826 827
# cell 70: 828 829 830 831 832 833 834 835 836 837 838 839
# cell 71: 840 841 842 843 844 845 846 847 848 849 850 851
# cell 72: 852 853 854 855 856 857 858 859 860 861 862 863
# cell 73: 864 865 866 867 868 869 870 871 872 873 874 875
# cell 74: 876 877 878 879 880 881 882 883 884 885 886 887
# cell 75: 888 889 890 891 892 893 894 895 896 897 898 899
# cell 76: 900 901 902 903 904 905 906 907 908 909 910 911
# cell 77: 912 913 914 915 916 917 918 919 920 921 922 923
# cell 78: 924 925 926 927 928 929 930 931 932 933 934 935
# cell 79: 936 937 938 939 940 941 942 943 944 945 946 947
# cell 80: 948 949 950 951 952 953 954 955 956 957 958 959
# cell 81: 960 961 962 963 964 965 966 967 968 969 970 971
# cell 82: 972 973 974 975 976 977 978 979 980 981 982 983
# cell 83: 984 985 986 987 988 989 990 991 992 993 994 995
# cell 84: 996 997 998 999 1000 1001 1002 1003 1004 1005 1006 1007
# cell 85: 1008 1009 1010 1011 1012 1013 1014 1015 1016 1017 1018 1019
# cell 86: 1020 1021 1022 1023 1024 1025 1026 1027 1028 1029 1030 1031
# cell 87: 1032 1033 1034 1035 1036 1037 1038 1039 1040 1041 1042 1043
# cell 88: 1044 1045 1046 1047 1048 1049 1050 1051 1052 1053 1054 1055
# cell 89: 1056 1057 1058 1059 1060 1061 1062 1063 1064 1065 1066 1067
# cell 90: 1068 1069 1070 1071 1072 1073 1074 1075 1076 1077 1078 1079
# cell 91: 1080 1081 1082 1083 1084 1085 1086 1087 1088 1089 1090 1091
# cell 92: 1092 1093 1094 1095 1096 1097 1098 1099 1100 1101 1102 1103
# cell 93: 1104 1105 1106 1107 1108 1109 1110 1111 1112 1113 1114 1115
# cell 94: 1116 1117 1118 1119 1120 1121 1122 1123 1124 1125 1126 1127
# cell 95: 1128 1129 1130 1131 1132 1133 1134 1135 1136 1137 1138 1139
# cell 96: 1140 1141 1142 1143 1144 1145 1146 1147 1148 1149 1150 1151
# cell 97: 1152 1153 1154 1155 1156 1157 1158 1159 1160 1161 1162 1163
# cell 98: 1164 1165 1166 1167 1168 1169 1170 1171 1172 1173 1174 1175
# cell 99: 1176 1177 1178 1179 1180 1181 1182 1183 1184 1185 1186 1187
# cell 100: 1188 1189 1190 1191 1192 1193 1194 1195 1196 1197 1198 1199
# cell 101: 1200 1201 1202 1203 1204 1205 1206 1207 1208 1209 1210 1211
# cell 102: 1212 1213 1214 1215 1216 1217 1218 1219 1220 1221 1222 1223
# cell 103: 1224 1225 1226 1227 1228 1229 1230 1231 1232 1233 1234 1235
# cell 104: 1236 1237 1238 1239 1240 1241 1242 1243 1244 1245 1246 1247
# cell 105: 1248 1249 1250 1251 1252 1253 1254 1255 1256 1257 1258 1259
# cell 106: 1260 1261 1262 1263 1264 1265 1266 1267 1268 1269 1270 1271
# cell 107: 1272 1273 1274 1275 1276 1277 1278 1279 1280 1281 1282 1283
# cell 108: 1284 1285 1286 1287 1288 1289 1290 1291 1292 1293 1294 1295
# cell 109: 1296 1297 1298 1299 1300 1301 1302 1303 1304 1305 1306 1307
# cell 110: 1308 1309 1310 1311 1312 1313 1314 1315 1316 1317 1318 1319
# cell 111: 1320 1321 1322 1323 1324 1325 1326 1327 1328 1329 1330 1331
# cell 112: 1332 1333 1334 1335 1336 1337 1338 1339 1340 1341 1342 1343
# cell 113: 1344 1345 1346 1347 1348 1349 1350 1351 1352 1353 1354 1355
# cell 114: 1356 1357 1358 1359 1360 1361 1362 1363 1364 1365 1366 1367
# cell 115: 1368 1369 1370 1371 1372 1373 1374 1375 1376 1377 1378 1379
# cell 116: 1380 1381 1382 1383 1384 1385 1386 1387 1388 1389 1390 1391
# cell 117: 1392 1393 1394 1395 1396 1397 1398 1399 1400 1401 1402 1403
# cell 118: 1404 1405 1406 1407 1408 1409 1410 1411 1412 1413 1414 1415
# cell 119: 1416 1417 1418 1419 1420 1421 1422 1423 1424 1425 1426 1427
# cell 120: 1428 1429 1430 1431 1432 1433 1434 1435 1436 1437 1438 1439