OFF
# face-rotation BFS net; polygonal faces are preserved
# the cell decomposition is listed below as comments
8523 14880 0
-0.3936726547670264 1.1594576920988553 -0.026071078256850067
-0.4370160244488229 -0.6015009550075479 -0.9732489894677344
-0.3936726547670266 -0.5418439246052249 1.025391145981417
1.2243613339828678 -0.016112812486091144 -0.026071078256850067
-2.393046340801272 1.1857698047068972 0.016502814258777213
-2.4363897104830685 -0.5751888423995053 -0.9306750969521067
-2.3930463408012725 -0.5155318119971823 1.067965038497044
-4.039975909339033 0.05316680008485495 0.08602568961036584
1.8672260872269013 -1.909499295144229 0.01650281425877767
0.20584872879521054 -2.4948874376656858 -0.9306750969521066
0.24919209847700696 -2.435230407263363 1.0679650384970443
1.2989858445224054 -3.825815969489568 0.08602568961036627
-4.7300269467844975 -1.822678274167921 0.15698217713641088
-3.1264407479285334 -2.4510339166522814 -0.8597186094260616
-3.0830973782467375 -2.391376886249959 1.138921526023089
-4.209946003726442 -3.753317448500896 0.20333076070413664
1.8672260872269022 0.8687146111871589 -1.7005278078716362
0.20584872879521077 0.283326468665702 -2.647705719082521
0.2491920984770073 2.0442851157721056 -1.7005278078716362
1.298985844522406 1.7879006313486194 -3.3834419729171596
-0.4533172875439676 -5.048471504795804 0.16052170229831125
-1.4752113150046775 -3.664392485985929 -0.8593105713283015
-1.4318679453228818 -3.6047354555836066 1.13932956412085
-2.4528474658966735 -5.047824850774623 0.2038650719801075
-4.730026946784496 0.9555356321634663 -1.560048444994003
-3.1264407479285325 0.32717998967910544 -2.5767492315564757
-3.083097378246737 2.0881386367855086 -1.6295713203455917
-4.209946003726441 1.8603991523372911 -3.266136901823389
1.9380055135290482 0.9661341338907548 1.563237866326682
0.31997152477915325 0.4404030217716214 2.6147000905649485
0.31997152477915347 2.1417046384757015 1.5632378663266815
1.4420042202942127 1.9847485380560868 3.2113905936964096
-0.4533172875439677 2.401320068720019 -4.443702699237029
-1.4752113150046782 0.8701753984710925 -3.6618276482164482
-1.4318679453228822 2.631134045577496 -2.714649737005564
-2.4528474658966735 2.4397983646431216 -4.423740570100835
2.3704270999291275 -4.203246200921744 -1.5600484449940017
1.277289984201932 -2.872317669097861 -2.5767492315564744
2.938667342633624 -2.286929526576404 -1.62957132034559
3.0702895972927275 -3.4290016257018014 -3.266136901823387
-4.659247520482349 1.0529551548670621 1.7037172292043157
-3.0123179519445906 0.4842565427850247 2.6856565780909936
-3.01231795194459 2.185558159489105 1.6341943538527275
-4.066927627954633 2.0572470590447582 3.3286956647901818
2.4238738447615393 0.3109183499001693 -4.443702699237029
1.2834513496663222 -1.1341103478329808 -3.6618276482164482
2.944828708098014 -0.5487222053115244 -2.714649737005564
3.078357684711696 -1.5788574083961548 -4.4237405701008345
-0.2635219760878018 2.66255090399848 4.308097859446296
-1.3163426027066873 1.0888394218065816 3.6638922253641386
-1.3163426027066876 2.7901410385106615 2.6124300011258716
-2.262088333078954 2.702355786218188 4.372503511795972
-5.360031066135548 -4.101511999257469 -1.3954390488828685
-4.276525810337639 -2.7992284674088546 -2.458488419013067
-5.880112009193603 -2.170872824924494 -1.4417876324505938
-6.111263483122017 -3.3081707573873462 -3.0706284500004375
2.4412065262312743 -4.105826678218149 1.7037172292043155
1.3914127801858753 -2.715241115991942 2.6856565780909936
3.0094467689357707 -2.189510003872808 1.6341943538527264
3.213307973064534 -3.2321537189943332 3.3286956647901804
-5.417400802979226 0.414110916133839 -4.276733619684629
-4.2831394201355435 -1.0608530252018935 -3.5432948102745327
-5.886725618991506 -0.432497382717533 -2.52659402371206
-6.119923768299519 -1.4578063917289508 -4.22787591076057
2.6136691562177035 0.5721491851786321 4.308097859446296
1.4423200619643117 -0.9154463244974905 3.6638922253641386
3.060354050714206 -0.3897152123783564 2.6124300011258716
3.2691168175294134 -1.316299986821087 4.372503511795972
-2.4878638331745435 -6.250721283995716 -1.3935747625572166
-1.510227682282548 -4.867288919207024 -2.4567504058656255
-0.48833365482183844 -6.251367938016897 -1.436918132239012
-1.5240658009185344 -6.771953538675058 -3.066718596691429
-5.2892516398334015 -4.004092476553872 1.8683266253154507
-4.162403014353697 -2.6421519143029344 2.803917390634403
-5.809332582891457 -2.073453302220897 1.8219780417477245
-5.96824510735021 -3.111322850679878 3.524204116613133
2.4412065262312743 3.360032526840965 -2.910437514743485
1.3914127801858753 3.616417011264451 -1.227523349697962
3.0094467689357693 2.440846506679506 -1.2275233496979616
3.2133079730645338 4.422738999031899 -1.4022882151840927
1.8919072341577539 -5.136173669748077 -4.269577025730542
0.17179236758661354 -4.423253793441761 -3.5395427143667977
1.1936863950473229 -5.8073328122516354 -2.5197104407401856
0.2667375803255949 -6.300880861351674 -4.221819784500312
-5.2276054915230645 0.6753417514122984 4.4750669389986975
-4.124270707837558 -0.8421890018664064 3.7824250633060537
-5.771200276375317 -0.2734903897843679 2.8004857144193753
-5.929164635481804 -1.1952489701538866 4.568368171136236
2.6136691562177043 3.597406972711196 2.438385722020864
1.4423200619643126 3.6864848735246234 0.8197423310979496
3.0603540507142073 2.510914368939677 0.8197423310979489
3.2691168175294143 4.4995532835557475 0.7781085171208573
-2.477828016074598 1.0857987808162415 -6.363021603652294
-1.5291645253478936 -0.3964560735065662 -5.412780514139376
-0.4793075600023018 1.0094757209302843 -6.372549310103761
-1.5362795302316303 -0.33322115369598637 -7.411767938217391
-2.417084406872398 -6.15330176129212 1.8701909116411013
-1.3961048862986067 -4.710212366101104 2.8056554037818437
-0.41755422851969304 -6.1539484153133 1.8268475419593049
-1.3810474251467288 -6.57510563196759 3.528113969922141
-5.289251639833403 3.461766728505239 -2.7458281186323514
-4.162403014353698 3.6895062129534555 -1.1092625371545541
-5.809332582891459 2.5569032083314145 -1.0397396618029655
-5.968245107350211 4.543569867346353 -1.206779763361143
-5.021969173602942 -5.045185828970834 -4.122355606790004
-3.254185410592188 -4.378167317751018 -3.4665912642662313
-4.267801591037151 -5.735458660910591 -2.403415620957823
-3.4274386687812406 -6.252264846176814 -4.143157419549809
1.7652781300539933 -2.08096164185654 -6.360515397340979
0.07365384665408925 -1.5926886470941504 -5.411833803550138
1.1235108119996806 -0.1867568526572998 -6.371602599514524
0.13781633022444828 -1.5826503058489916 -7.410779127316432
2.081702545613916 -4.874942834469612 4.482223532952785
0.33066107988460147 -4.204589770106269 3.78617715921379
1.3092117376635148 -5.648325819318465 2.8073692973912516
0.4574967131433111 -6.038323439776604 4.574424297396496
-5.2276054915230645 3.7005995389448656 2.6053548015732613
-4.124270707837557 3.7597421961557096 0.9382751690398635
-5.771200276375318 2.6271391915336677 1.0077980443914518
-5.929164635481804 4.620604300222949 0.9739731764611195
-2.201297052143188 1.466411000021902 6.388314696807945
-1.292766949948409 -0.07108272468349319 5.487933610879618
-0.2041424962098568 1.388207939879504 6.315802897084707
-1.2133730863252363 0.11122143770041537 7.478024515033618
-2.417084406872399 4.424589808596397 -4.6673056078609845
-1.3961048862986065 4.61592548953077 -2.9582147747657137
-0.4175542285196925 4.386111512673295 -4.687267736997178
-1.3810474251467284 6.096117698109272 -4.303132727105987
4.926804449272744 -3.960632488718498 -2.7458281186323483
4.795182194613639 -2.8185603895931006 -1.109262537154551
4.226941951909143 -4.734877063938441 -1.0397396618029628
6.165480894348403 -4.272098096052135 -1.2067797633611392
-4.904126263746476 -1.9931910961781436 -6.218499671222209
-3.1614007335614827 -1.5501147545785225 -5.342947798426468
-4.213809671216922 -0.1165167676944121 -6.257951754671891
-3.310295043542606 -1.537272548111473 -7.3373563729638684
-4.832173862146777 -4.783954993692374 4.629444951893322
-3.095316698294199 -4.159503294415529 3.859128609314355
-4.152276248420957 -5.576451667977425 2.9236641171736135
-3.2366795359635216 -5.989707424601747 4.6530866623469995
2.0418090939854032 -1.7003494226508797 6.390820903119258
0.31005142205357406 -1.2673152982710767 5.488880321468856
1.3986758757921258 0.1919753662919198 6.316749607673946
0.4607227741308427 -1.138207714452589 7.479013325934578
2.0817025456139175 6.189163316872592 -2.3557701237134854
0.33066107988460236 5.266809509835199 -2.067469516811318
1.309211737663516 5.0369955329777225 -3.796522479042783
0.45749671314331264 6.791909811056283 -3.355095935207283
5.134898242480781 -3.8282001204232787 2.6053548015732644
4.850197053368337 -2.760590298573431 0.9382751690398659
4.28195681066384 -4.67690697291877 1.0077980443914543
6.22666846375926 -4.211125409710892 0.9739731764611224
-2.2012970521431856 5.058083433688927 4.16853905634567
-1.2927669499484071 4.94034620485672 2.390700200219262
-0.20414249620985458 5.028200380053505 4.066163850264505
-1.2133730863252343 6.638808722159349 3.4437537087063665
4.9549551279609885 -0.9315104315969174 -4.667305607860985
4.821426151347305 0.09862477148771341 -2.9582147747657133
4.300471288010831 0.958265326699407 -4.68726773699718
6.224519585297135 0.5703498154272122 -4.303132727105988
-7.9572924941683825 -3.791075485944704 -2.4714791251137935
-7.726141020239969 -2.653777553481852 -0.8426383075639501
-7.206060077181913 -4.584416727814827 -0.796289723996225
-9.137107573009501 -4.070713315528043 -0.8809323436562224
-0.4962579204001996 -5.282918606482619 -6.215896147510783
-0.5679861298695017 -3.4856597170929926 -5.341415988515569
1.1064824200450325 -4.08721414160752 -6.254809304504969
-0.5117990846969649 -3.6258760240268537 -7.335703430993361
-4.6275952998150665 -1.6125788769724836 6.53283662923803
-2.925003158161999 -1.224741405755449 5.557766326592526
-3.9386446074244787 0.2622154512548073 6.430400452516579
-2.9873885996362137 -1.0928299567150705 7.552436080287141
-4.832173862146775 6.280151157649831 -2.208548704772947
-3.095316698294196 5.311895985525939 -1.9945180667107518
-4.152276248420955 5.108869684318765 -3.680227659260421
-3.236679535963519 6.840525826231141 -3.2764335702567804
2.041809093985404 6.476543367470482 1.337223236460293
0.31005142205357494 5.476164438838015 1.3211806414892298
1.3986758757921278 5.564018614034798 2.996644291534473
0.4607227741308443 7.198454844972735 2.3266725114710334
5.242962639098314 3.892373416869976 -2.3557701237134854
4.906853611351336 1.9420110193841085 -2.067469516811319
4.385898748014861 2.8016515745958035 -3.796522479042784
6.318115824662097 2.5339207860968944 -3.3550959352072836
-7.93389283708717 -3.6562125100338334 2.883636600827265
-7.692417786922436 -2.59552726089205 1.2053527742946457
-7.172336843864381 -4.526166435225025 1.2517013578623708
-9.103800624592772 -4.009373715265556 1.3004142753615637
5.49076140835414 -0.5305241657658263 4.1685390563456695
5.09803540818334 0.2971565035970576 2.390700200219261
4.845186237290623 1.3596483172859588 4.066163850264505
6.6888351998384294 0.8975183371050897 3.443753708706365
-7.9875094331677445 -0.7611853006137808 -4.391713756791993
-7.754311283859731 0.2641237083976369 -2.690431869743483
-7.284986467847451 1.1107320072490092 -4.440571465716051
-9.200479704912848 0.7733455441086335 -3.9746787385283953
-1.5116469867461737 -8.67936140467328 -2.465352646721983
-0.47591484064947776 -8.158775804015118 -0.8355521822695667
-2.475445019002183 -8.158129149993938 -0.7922088125877711
-1.4775290294883687 -9.889480787249644 -0.8733579718233669
-2.7234914253272606 -5.253607818211577 -6.168470295851185
-2.5673598159037505 -3.4593476044849507 -5.2988420959999445
-4.294428950434875 -4.016137189280516 -6.139804379823122
-2.712042713293937 -3.5969204273191666 -7.28885229135579
-0.21972695646879054 -4.9023063872769574 6.535440152949451
-0.3315885544700172 -3.1602863682699196 5.55929813650342
1.381647483837477 -3.7084819226583012 6.433542902683497
-0.18889264079057094 -3.1814334326304525 7.554089022257643
-4.627595299815065 6.564313913148878 1.4792389625790636
-2.9250031581619975 5.5187383313536404 1.3900666466129001
-3.9386446074244787 5.6342586989976855 3.110295136377106
-2.9873885996362115 7.243832602710252 2.400095265823598
7.466002524979201 -2.6549970045085125 -2.208548704772947
6.008418753661971 -1.3023549840303206 -1.9945180667107532
6.1419477302756516 -2.370321829016873 -3.6802276592604213
7.505915643880764 -0.9644264330711285 -3.2764335702567804
5.528605063390156 3.9432378092202507 1.3372232364602956
5.112330715316012 1.9871043009233251 1.3211806414892302
4.859481544423294 3.049596114612226 2.9966442915344738
6.703766220665737 2.662618276879971 2.3266725114710356
-8.049889162318173 4.067309706130962 -2.072717261823429
-7.7532329372584385 2.1086200055988438 -1.797890514284716
-7.2839081212461565 2.9552283044502157 -3.5480301102572844
-9.201960223395186 2.7381677417882337 -3.024617418800005
-1.3955423062233225 -8.615556972864177 2.88987365121226
-0.43150452935179706 -8.108717173255265 1.2124516463795456
-2.4310347077045025 -8.108070519234085 1.2557950160613418
-1.430227735192384 -9.838867874785928 1.3080053386601003
-8.136038662229636 -0.3511930580049424 4.458702883942949
-7.797699135223369 0.46686665925213666 2.6652970003052143
-7.4459103196212055 1.5214013297121962 4.327885722152839
-9.325896170096659 1.1082750446363834 3.784765224849019
1.4249192445392223 -7.923515115990365 -4.382048709331284
2.351868059260951 -7.4299670668903275 -2.6799393655711574
3.050088898371382 -6.758807924386769 -4.429805950561514
3.221276769647462 -8.695638690097855 -3.9614243777782
-1.4978721557927985 0.8716916561109871 -9.007609407271188
-0.4409001855634702 2.214388530737258 -7.968390779157559
-2.439420641635766 2.290711590623215 -7.958863072706091
-1.4280381710856282 2.776071115347233 -9.614620189563384
-2.446960461395846 -4.8729955990059155 6.582866004609054
-2.330962240504263 -3.133974255661877 5.60187202901905
-4.019263886642427 -3.6374049703312976 6.548547827365348
-2.389136269387539 -3.1524778359227645 7.600940161895219
-0.21972695646878898 8.037853443647178 -1.4620184424177582
-0.3315885544700164 6.3857104457273195 -0.34045235104508004
1.3816474838374788 7.412819241103262 -0.4397992156449108
-0.1888926407905696 8.179362908991646 0.5327307438697246
7.673039112839664 -2.372620109091025 1.4792389625790647
6.152507736234172 -1.076459381857155 1.3900666466129001
6.57560656867181 -2.0047919305666486 3.1102951363771063
7.812448045848433 -0.6027080157450959 2.4000952658235977
-10.436100214944418 -2.419402154729367 -1.8273482302558643
-8.935652980400336 -1.1056883473550911 -1.6763047641171047
-9.16885112970835 -2.168828998268431 -3.3542054106200125
-10.476944570247747 -0.7277688005965494 -2.8935134772158326
-8.176660042211276 4.1236015307699425 1.629057868265118
-7.813043718151148 2.157204522792844 1.5964085819680083
-7.461254902548983 3.2117391932529022 3.258997303815634
-9.341923128115447 2.8737823969080907 2.668343234880995
6.100304546987103 -6.726524346484623 -2.057401343424643
4.131394532480876 -6.948654014204421 -1.7852768030101882
4.8296153715913075 -6.2774948717008625 -3.535143388000546
5.117575016317137 -8.185466856255893 -3.0090995218044743
-1.2972505404821566 5.893550959777897 -7.153780907628211
-0.36438908131687686 4.126312506793583 -7.235253285141282
-2.362909537389173 4.2026355666795405 -7.225725578689815
-1.3465224705049772 4.813399223626374 -8.836292275732653
1.846122736485792 -7.95022388675743 4.469047468285319
2.550873336628526 -7.413018824763297 2.676078613852445
3.4752897643538616 -6.797404106203812 4.339350325403043
3.565629642736772 -8.720788115199781 3.7985798932302464
-4.633670787266297 -7.8437829957387315 -4.253039428769051
-5.474033709522208 -7.326976810472508 -2.513297630177065
-6.228201292087999 -6.636703978532753 -4.232237616009245
-6.430186330173758 -8.56862372251639 -3.7559098431514335
1.2832155875930484 -1.2039195340003437 -9.005966747527413
2.268910069368281 0.19197391919134832 -7.966790219725507
2.9106773874225937 -1.7022308700078925 -7.955703017551961
3.0894822588999262 -0.5954931146324233 -9.611951899442133
-1.1074374660878132 1.4090789041457064 8.996030984439175
-0.0982068759724335 2.686065406324794 7.833809366490266
-2.095361431905765 2.7642684664671915 7.906321166213503
-1.0138391862663563 3.3461671095299983 9.484834264476786
-2.4469604613958453 8.06716423191822 -1.4145925907581574
-2.3309622405042605 6.412022558335359 -0.2978784585294519
-4.019263886642425 7.4838961934302635 -0.32479429096305945
-2.3891362693875378 8.208318505699332 0.5795818835072998
7.71235225827723 2.2748605586268296 -1.4620184424177576
6.175638029054456 1.657933593429763 -0.3404523510450794
6.623057490628188 3.6047119644569463 -0.4397992156449097
7.837407429856037 2.3479145651344546 0.5327307438697262
-10.478495588628753 -2.1337426904224035 1.8657507451297333
-8.92956975071004 -0.8779765649772185 1.7112185905074577
-9.30334353377821 -1.795822128617381 3.4484153785533542
-10.53198221877746 -0.36129205722529834 2.7907144921352662
0.4559972868247274 -10.715900416294065 -1.815918338506739
1.3345161814557036 -8.9254775727835 -1.6656166644910888
0.370999904218439 -9.428828247111019 -3.3443883827877934
2.10174647189187 -10.31704362400122 -2.8800719360163742
6.182038510776017 -6.830051807577649 1.644622476489959
4.188750218126404 -6.9898777751453975 1.6091620411144238
5.11316664585174 -6.374263056585914 3.2724337526650213
5.276343068006219 -8.278829942066556 2.684217437026444
-9.172776701401672 -6.525527886199853 -1.7321822390654757
-7.200593710039363 -6.799523037442579 -1.5439778138340632
-7.954761292605154 -6.109250205502822 -3.262917799666244
-8.270158618240027 -8.009281905228724 -2.7240262827362884
6.0390443146698045 0.41824881171584366 -7.149447697985454
4.079492952299587 0.8097068734598079 -7.232628489810733
4.7212602703539 -1.0844979157394323 -7.221541287637189
5.018828382979302 0.06274240170544361 -8.832532557749333
-0.9937934430841344 6.311223822275197 6.839167464849435
-0.055994549909939684 4.550781164194274 6.985368981839593
-2.0531491058432714 4.628984224336671 7.057880781562829
-0.9687464691267283 5.333363281911291 8.583633403953659
-4.678341682937174 -7.8643607768694865 4.6079768984637814
-5.444388816281379 -7.307799755627972 2.846326643978026
-6.280664648421822 -6.669014014396089 4.547089857766659
-6.444499323095221 -8.589053041156456 4.011731720542833
2.0016704327821997 7.088142373934479 -5.96531529826795
2.6479589231542335 5.199884123446534 -6.094899119313788
3.630322909301783 6.517044779484481 -4.954702292048434
3.694450851785676 6.675742317168294 -6.947364505903526
-4.512189759164671 -1.1276509709206708 -8.88256162019139
-5.4157043868389865 0.29310480949639084 -7.8031570018994145
-6.106020979368541 -1.583569518987341 -7.763704918449733
-6.3259813010645844 -0.47158394288669414 -9.4114626480397
1.6736502772980362 -0.6665322859656234 8.997673644182944
2.6116033789593196 0.6636507947788857 7.835409925922315
3.254736597152598 -1.228673994163914 7.9094812213676295
3.5036812437191998 -0.02539712044965653 9.487502554598036
8.428481477923894 0.1656931521493354 -1.4145925907581574
6.818502782298486 -0.2354528892283744 -0.2978784585294519
8.359629087888365 -1.5098960021931331 -0.32479429096305934
8.544858511789762 0.26430629618535584 0.5795818835073002
-10.520694319633279 2.514810688058235 -1.0737709773928044
-8.954397807430384 1.8570475507025248 -0.018279200543255825
-9.354277354241239 3.814976527080286 -0.09958400669071421
-10.558773622010463 2.590011573200387 0.9244519314950657
0.7373117871927078 -10.678365071992378 1.877566735114514
1.5477365555685665 -8.856536732536199 1.722153748664618
0.7559182693234071 -9.453950536788419 3.458851922803309
2.4613954303892225 -10.268424807416395 2.804650642180968
-3.6301969397912157 -10.662125374949834 -1.7289084938653505
-4.454123571269385 -8.849298046122222 -1.5423556011062716
-3.576503569344128 -9.376878400695341 -3.2603317655768986
-5.308684431177834 -10.219521037924551 -2.722277077073549
0.389549982429115 2.20042660531988 -10.718578687052553
1.2800442930094056 1.692815155638185 -9.001211370787283
0.25854737193542154 0.3233002621263871 -10.040909883186783
2.0002283168570894 1.0149837332727234 -10.739566781699727
-9.099571264478183 -6.628943110365472 1.9700231840124705
-7.114492687380202 -6.8411250921211115 1.8498489381654566
-7.950768519520644 -6.202339350889228 3.5506121519540894
-8.188872875318738 -8.101625310102468 2.970940554508251
6.244776578910793 3.9213819512617 -5.962809091956635
4.250777295156217 4.003651549858951 -6.093952408724551
5.233141281303768 5.320812205896897 -4.953755581459195
5.368546712241757 5.42631316501529 -6.9463756950025655
-9.140378334541644 0.6180127082105206 -6.826222923731956
-7.176524534646373 0.9578380615930638 -6.9929471926172235
-7.866841127175926 -0.9188362668906678 -6.953495109167543
-8.202424383609568 0.23673643495887683 -8.551004298105601
6.342501412067827 0.8359216742131429 6.843500674492192
4.387887483706524 1.234175530860497 6.987993777170142
5.031020701899801 -0.6581492580823034 7.0620650726154555
5.39660438435755 0.5827064599903595 8.587393121936978
-4.8822196180337984 7.178735588931582 -5.818732397252512
-5.582882340975996 5.308203455502104 -5.91963475840919
-6.480842141184559 6.6501095063363165 -4.739399041298441
-6.625524228070302 6.8115550210715625 -6.727614934884009
2.2490072460758714 7.428572292018841 5.439826610447956
2.9027427121597826 5.550563924262915 5.653636130869204
3.8330946546891758 6.796136143818071 4.3954647955955775
3.9832671553646466 7.0732638557517005 6.370470732629515
0.22402102227292808 -4.662430526171082 -8.879764159806621
1.8423025270149251 -5.123768643751748 -7.798870033318231
0.2395621865696933 -6.319473108626847 -7.759956876324045
1.3694231801379728 -6.214900633129231 -9.406917328970433
-4.121755069459687 -0.590263722885951 9.121078771518972
-5.073011077247953 0.7647816850839275 7.99904314374841
-5.76196176963854 -1.1100126431433641 8.10147932046986
-5.911782316245315 0.09851205129607077 9.687991806000472
-11.289387436604656 0.4251838070947723 -0.994727891293471
-9.64444884487585 -0.018797523550250744 0.05267728698278945
-11.218313337301002 -1.2522468046851225 0.09209086777903508
-11.318151625808051 0.5257070353897491 1.0025371642243555
5.241593608741659 -9.514696081193739 -1.0565322670633914
4.197877019219816 -8.171880132219128 -0.0041535291860502754
6.192581319429232 -8.049403384662552 -0.08260224513493172
5.321103001767648 -9.52962711326572 0.9418308933010866
-3.752974994174446 -10.619272100898966 1.973181170839858
-4.52107808368822 -8.776670054635577 1.8513807480763524
-3.6720509453534986 -9.395677675934364 3.5531393922868557
-5.424659113185546 -10.164642929804865 2.9725732475726936
0.7950461961253545 5.64054262266949 -9.405736980255883
1.607336562703693 4.837545894207601 -7.763975543736091
0.8718886292549124 6.696603944357752 -7.709025535930487
2.5510121608335767 6.315126785302647 -8.726384539831294
-3.602985645009502 2.252969082874019 -10.633563172516833
-4.432624704141404 1.7679948936708747 -8.879567999385083
-3.4926808349605105 0.37266709119278785 -9.961032675840547
-5.243721718244322 1.1103154015756551 -10.585316902181361
0.8506026429243048 2.835011151610595 10.5413823770339
1.666530891046926 2.22476832168144 8.820375467566187
0.6927974853549069 0.9209942671995228 9.983137897944466
2.462209726579734 1.6508465932087597 10.563220566900057
-9.203202960865195 4.124680104106527 -5.633865770803634
-7.215118549189583 4.154544774430148 -5.849802042696283
-8.11307834939815 5.496450825264359 -4.669566325585534
-8.330346138767439 5.606593026563434 -6.654676751530543
6.492113392204465 4.26181186934606 5.4423328167592695
4.5055610841617675 4.35433135067533 5.654582841458442
5.4359130266911615 5.599903570230488 4.3964115061848155
5.657363015820729 5.823834703598695 6.371459543530475
3.2127608811134545 -8.601514453417579 -6.818926496444817
2.979925692766008 -6.622232647776549 -6.986948247791452
1.3771853523207749 -7.817937112651648 -6.9480350907972666
2.5816902397601242 -7.811779488691309 -8.54463462098694
-8.836921237143622 1.0356855707078187 7.166725448745695
-6.868130003239436 1.382306718993751 7.227675074363657
-7.557080695630026 -0.49248760923353985 7.330111251085106
-7.824648382231319 0.7567004932437923 8.868921381580714
8.290073259269139 -2.6521511065985095 -5.810952133830701
6.696271367521091 -3.8561060500385667 -5.91238203093502
8.237304938720646 -4.334495653788346 -4.730705713384366
8.434750648736687 -4.428390620627741 -6.718719527923513
-4.63488280474013 7.519165507015946 5.586409511463396
-5.328098551970447 5.658883256318487 5.828900491773805
-6.278070395797168 6.92920087066991 4.610768046345572
-6.336707924491335 7.209076559654972 6.590220303649035
-3.5399227431325917 -4.612896358097617 -8.799616192259304
-5.12230898027353 -5.032113120058965 -7.650568280726638
-3.5513714551659157 -6.269583748990026 -7.679234196754701
-4.747162273305619 -6.134405282834338 -9.276673116256967
0.6144557119779144 -4.125043278136366 9.123876231903736
2.1849958366059616 -4.652091768164215 8.00333011232959
0.583621396299695 -5.845916232782873 8.105227362595546
1.7836221649572457 -5.644804638946469 9.692537125069734
3.4233386240523545 -10.799832164398849 -0.9787410241045347
2.5656408110062294 -9.325538813291082 0.06567918652685788
1.78341901133893 -11.165783444966921 0.10603698271918477
3.5248818438256384 -10.799189766978003 1.0186794528716154
-8.345883406074947 -9.335882471826814 -0.7672057694566541
-7.22336291186889 -8.021574587393065 0.23904595104009602
-9.215686189498337 -7.846627849192794 0.24549546334210326
-8.3406345073812 -9.349836222611735 1.2327386652468533
5.20291453947163 2.3508151123650176 -9.403133456544461
4.200751166395673 2.9020009316931334 -7.762443733825196
6.192180720516867 2.7259065704446455 -7.70588308576357
5.349508119679217 4.226523309387269 -8.72473159786079
-3.861610349763583 5.701825049395552 -9.306579930900048
-4.624131015392287 4.919553113655131 -7.631285075347124
-3.8383650507515235 6.7585917188825855 -7.608727209862349
-5.56871929042543 6.421983892498232 -8.553486108449356
1.1944060539420516 6.190214310730331 9.00945884276151
1.9358604966222845 5.289720297295219 7.384849400096206
1.1963197705259816 7.143145101641083 7.251073434091654
2.918425046347479 6.820827238272129 8.215679371218851
3.207573809035139 -2.829960590004102 -10.629540490429818
2.9773553845009975 -3.762300807019095 -8.875191267287102
1.3730879212751639 -3.258805559375672 -9.958158691559612
2.578918718063175 -4.727961389378704 -10.580696430725434
-3.1419329845143142 2.8875536291647332 10.626397891569619
-4.046138106103885 2.299948059714129 8.942018838968389
-3.0584307215410274 0.9703610962659246 10.063015105290706
-4.781740308521678 1.7461782615116912 10.717470446418426
6.591473732618788 -7.663372166863326 -5.624536586698611
6.054631390997502 -5.749077120037408 -5.841964215900454
7.595664962197059 -6.227466723787186 -4.6602878983498
7.764576880226911 -6.4055422977013885 -6.645170225824808
-8.955866147571523 4.46511002219089 5.771276137912275
-6.960334760184033 4.505224575246531 5.898733207486712
-7.910306604010754 5.775542189597954 4.6806007620584795
-8.041529835188468 6.004114565146843 6.663158487002501
-6.5408221662158645 -8.47315556920006 -6.61123745902286
-6.263366911101785 -6.500589276374345 -6.790125138356562
-4.692429385994171 -7.7380599053054056 -6.818791054384626
-5.963215914281784 -7.699327006936252 -8.362682683387984
3.516217978511474 -8.18384159092028 7.174021876032827
3.288320224172943 -6.197763990375862 7.233674019189419
1.6869457838666737 -7.391588454994519 7.335571269455373
2.9594662411383688 -7.291815430406395 8.875291058699368
-11.412384306728374 -2.392863267735338 -5.3914155976805915
-9.856564134062339 -3.6382677966183365 -5.559912332851178
-11.357958359041872 -4.076618510522719 -4.313451730658865
-11.64223756467541 -4.164173891963343 -6.291207880548216
8.53741007256281 -2.3117211885141478 5.5941897748852085
6.951055156526642 -3.505426249222189 5.836153219247975
8.44007668410804 -4.055404289454754 4.619461374259647
8.723566952315657 -4.030869082044334 6.599115710609531
-3.149488053427602 -4.075509110062898 9.204024199451059
-4.77961567068249 -4.56043624447143 8.151631864921189
-3.2073122454359098 -5.796026873146049 8.185950042164896
-4.332963288486341 -5.5643092886515735 9.822781337783205
0.6144557119779166 10.005418425140855 0.3907706225496814
2.1849958366059647 9.238874757252473 -0.5817593369649543
0.5836213962996972 9.863908959796388 -1.6039785637378017
1.7836221649572486 11.193702132916615 -0.7142323797369262
-6.56039887890972 -10.668444406691517 -0.7661511664284414
-5.620544539866909 -9.217807160980637 0.23999266162933394
-4.8859903299263845 -11.078012834179004 0.24805281418736164
-6.57678669072292 -10.666250015961586 1.23378048847212
3.382988593364454 2.9249251860129055 -10.55289194997092
2.567014946494099 3.4173759795269087 -8.794574793260983
1.7789664284287279 4.118090020366966 -10.493980385267957
3.551636249225398 4.793676249958029 -9.860557183274507
-8.35037990514484 2.5291788730405167 -9.114534829410252
-7.265144677950127 3.052894156264332 -7.518293367796926
-9.25630481318608 2.9292113822593713 -7.376928990170945
-8.418578333943817 4.4077137710280585 -8.431559272488709
5.602274397288327 2.9004868004258584 9.012062366472932
4.529275100314266 3.354175334780751 7.386381210007101
6.516611861787937 3.172447727727975 7.254215884258572
5.716921005193121 4.732223762356749 8.217332313189354
6.586470073416664 -2.0958982310408065 -9.300408733622412
6.052204321102818 -3.048523818297958 -7.6249790584621895
7.591660686676541 -1.771987505123827 -7.601976022959382
7.761989966435726 -3.527133812064196 -8.545612275808063
-3.4622504919468895 6.251496737456391 9.108615892117347
-4.295607081473697 5.371727516742748 7.517539868485177
-3.513933909480457 7.205132876165915 7.351371760159797
-5.201306404911532 6.927684345467711 8.388577802600794
-6.546009238294177 -2.7016017057865827 -10.421851453007863
-6.265937219366793 -3.640657435616891 -8.678368157852212
-4.696526817039779 -3.178928352029431 -9.828914655146972
-5.965987435978731 -4.615508907623647 -10.398744493126477
3.6686264695303286 -2.195376043713389 10.630420573656629
3.3638419825385175 -3.2303476409758414 8.946395571066365
1.8073380346946477 -2.661111554302537 10.065889089571634
3.0409001277858194 -4.09209852944267 10.722090917874347
-9.839792731291729 -7.447133783558046 -5.274655532838338
-9.262523216404606 -5.547500646524765 -5.515806630424653
-10.763917441384137 -5.985851360429148 -4.26934602823234
-11.0217795897957 -6.158310511874237 -6.245140793257141
6.838810545912459 -7.322942248778968 5.780605322017297
6.30941518000305 -5.398397319221035 5.90657103428254
7.79843670758445 -5.948375359453599 4.689879189294211
8.05339318380588 -6.008020759117987 6.672665012708234
-6.237365068817835 -8.055482706702763 7.3817109134547865
-5.954972379694843 -6.07612061897366 7.430497128624312
-4.382668954448263 -7.311711247648279 7.464815305868018
-5.585439912903529 -7.179362948651339 9.057242996298328
3.516217978511477 10.076565457629544 -4.111530328379116
3.288320224172945 9.24171905178882 -2.3084512695959805
1.6869457838666766 9.866753254332735 -3.330670496368828
2.9594662411383714 11.199300647293265 -2.552847167238662
0.9716465473415836 -11.635445807794857 -5.384100924133168
-0.664811417124834 -10.4983551280538 -5.554483190171762
-0.6588248402384521 -12.061710426064828 -4.307132247943379
-0.6603799504364702 -12.360271482387766 -6.284721405801907
-11.1650474934347 -2.0524333496509843 6.0137263110353265
-9.601780345056786 -3.2875879958019634 6.188622917331825
-11.155186613654475 -3.797527146189135 5.036715356985159
-11.353421261096436 -3.7666523533799436 7.026627357984838
8.537410072562814 6.037428590779876 0.43413143411781774
6.951055156526647 6.787688406811668 -0.5253414882806328
8.440076684108046 5.945403794404679 -1.561377936530191
8.723566952315664 7.705087983294556 -0.6541046462793756
-3.1494880534276004 10.054952593214319 0.4709185900970033
-4.779615670682489 9.330530280945254 -0.4334575843733559
-3.2073122454359084 9.913798319433207 -1.5232558841684534
-4.33296328848634 11.274197483211509 -0.5839881670234561
-6.566566339397477 3.0558630950288044 -10.341029962767356
-5.663826317636131 3.5256953115824805 -8.619310432356382
-4.930660937611956 4.20638990749984 -10.351108166684185
-6.656381229797338 4.928015571961245 -9.643191594247691
3.8331162256764926 3.54447272103169 10.203296565555924
2.941112796304293 3.9322774964928007 8.455744752842552
2.2265064623773196 4.734076031780864 10.142889351364376
3.9692016994004904 5.368405786192432 9.39413099680336
4.821912972158102 -7.301707822489576 -9.106754565988437
5.014009030546962 -6.111415349276342 -7.511040640322754
5.46184226671913 -8.05539377786529 -7.3682356622568665
6.641696542863175 -6.832231870671246 -8.422663865528211
-7.951020047328139 3.0788505611013552 9.300660993607138
-6.936620744031534 3.505068559351947 7.630531576035368
-8.93187367191501 3.375752539542698 7.5831699798511965
-8.051165448429913 4.9134142239975365 8.510504638561434
-9.844796390493855 -1.879659847735523 -8.95052767976214
-9.26495028629929 -2.846947344785313 -7.298821472986386
-10.767921716904658 -1.530372141765786 -7.211034152841919
-11.024366503586885 -3.279902026237041 -8.145582843240394
6.985829931233359 -1.5462265429799675 9.11478708939498
6.380728255021408 -2.596349415210343 7.523845885370108
7.916091827947607 -1.3254463478404994 7.358122947062762
8.129402851949626 -3.0214333590947176 8.396451635242085
-0.7050644288016071 -7.060878192563522 -10.418401477390605
-1.6863176686258252 -7.058568146480709 -8.675663188656015
-1.6893163442888264 -5.42330187929641 -9.827138435178231
-2.704914726583569 -7.049347618209117 -10.396818328490369
-6.084956577798986 -2.067017159495868 10.83810961107859
-5.87945062132927 -3.1087042695736367 9.14321868050126
-4.262276703620293 -2.5812343469562937 10.19513312598428
-5.504006026256082 -3.979646047687611 10.904042855473307
3.668626469530331 10.489939226826952 2.7904645784546322
3.3638419825385197 9.446554843438587 1.1116389636302626
1.80733803469465 10.193290169528376 2.1214319191988906
3.0409001277858216 11.420171757812208 1.1349806376757374
-4.321251839531407 -11.565790325505022 -5.271395986285443
-2.664185103159081 -10.472043015445761 -5.511909297656134
-2.6581985262726993 -12.035398313456788 -4.264558355427752
-2.7486659782001994 -12.332789267580136 -6.240254248157032
-9.59245591799805 -7.1067038654736905 6.130486375877578
-9.00773942739905 -5.196820845708391 6.2327286197583485
-10.56114569599674 -5.706759996095564 5.080821059411683
-10.732963286216725 -5.760788973290838 7.0726944452759115
6.838810545912463 8.445249913166085 -3.964673375204428
6.309415180003054 7.697234413700973 -2.186974480814942
7.798436707584453 6.854949801293983 -3.223010929064501
8.053393183805882 8.655081589323586 -2.389630619147057
-6.2373650688178355 10.204924341847056 -3.9038412909571565
-5.954972379694842 9.363362423191015 -2.111628160161087
-4.382668954448263 9.946630461678973 -3.2014264599561852
-5.58543991290353 11.311753129048313 -2.370895229639702
0.9614783130491793 -0.3214499680656259 -12.854059949909594
-0.6734135998483064 -0.9268743038306189 -11.873963114486727
-0.6704149241853049 0.8343497733694674 -12.821634343254898
-0.6707093304547828 -0.8669719385858574 -13.873064010781142
1.2189833606352525 -11.295015889710495 6.021040984582741
-0.41002762811928634 -10.147675327237419 6.194052060011233
-0.45605309485106055 -11.782619061731236 5.043034839700636
-0.37156364685750365 -11.962749943804358 7.033113832731138
-11.165047493434702 6.296716429643043 0.8536679702679294
-9.601780345056788 7.005526660231897 -0.17287179019678758
-11.155186613654477 6.2032809376703 -1.1441239538046875
-11.353421261096441 7.969304711958951 -0.22659299890407664
10.536073516905336 0.11181009273161402 0.470918590097003
10.35084409300394 -1.6623922056468747 -0.43345758437335635
10.41969648303947 0.013196948695593624 -1.5232558841684543
12.061358274551766 -0.6369743501309949 -0.5839881670234564
4.820242010740234 -5.442461665636576 -10.334304302373754
5.012509018858977 -4.442381620370609 -8.61300441547145
5.457790282721298 -3.5468302676386 -10.344972189615369
6.640045830351371 -4.9955162763882015 -9.635338010512458
-6.116438707085438 3.6754106300475895 10.415158552759488
-5.289728467825935 4.040596828548372 8.631009113747151
-4.483120903663362 4.822375918913737 10.285761569948145
-6.238815779622246 5.502745108195646 9.611496585830178
-8.211140200038944 -7.1301905293048025 -8.829233755957098
-8.303771890820899 -5.936150988371738 -7.227456947362581
-8.796100547826788 -7.867756719562555 -7.064632524374
-9.987180296781869 -6.613392899744369 -8.068574972505479
5.221272829974796 -6.75203613442874 9.30844125702895
5.342532964465553 -5.659240946188728 7.637784303509537
5.786273407990198 -7.608852620581967 7.591863307765269
7.0091094283770765 -6.32653141770177 8.51940004552193
1.0203407715702033 -9.988645380215996 -8.944110146381853
-0.0731975693617849 -9.707034676220774 -7.293392330306971
1.6165147723739244 -10.77325741983856 -7.203719239704562
0.012960870141809244 -11.517398401645336 -8.13906360507584
-9.445436532677158 -1.3299881596746883 9.464668143255258
-8.936426352380701 -2.3947729416977 7.850003470845913
-10.443490575633593 -1.0838309844824634 7.749064817180229
-10.656953618072983 -2.7742015732675673 8.796481067809758
6.985829931233363 8.844006944673389 2.6932696429778424
6.3807282550214115 7.8906550979182875 1.0425206560830684
7.916091827947609 7.174062865433402 2.10513736556661
8.129402851949632 8.861240726560489 1.052555173069587
-0.24401176830641957 -6.4262936462728035 10.84155958669585
-1.2998310705883067 -6.526614980437451 9.145923649697458
-1.2550662308693437 -4.8256078742232695 10.196909345953022
-2.242933316860927 -6.413484758273077 10.905969020109417
-6.084956577798985 10.61829811104447 2.99815361587659
-5.879450621329269 9.568198214840791 1.3084620730651542
-4.262276703620291 10.273167376874621 2.2506759556115328
-5.504006026256081 11.532624239567264 1.3169325752746963
-4.33142007382381 -0.25179448577578806 -12.741355012061872
-2.672787285882552 -0.9005621912225765 -11.831389221971104
-2.6697886102195505 0.8606618859775095 -12.779060450739273
-2.7589953582185087 -0.8394897237782248 -13.828596853136268
-4.073915026237738 -11.225360407420657 6.133745922430468
-2.409401314153533 -10.12136321462938 6.236625952526862
-2.4554267808853085 -11.756306949123195 5.085608732216264
-2.4598496746212315 -11.935267728996727 7.077580990376013
-9.592455917998056 8.661488296471363 -3.6147923213441557
-9.007739427399056 7.8988108872136165 -1.8608168953391402
-10.561145695996743 7.096565164652019 -2.8320690589470394
-10.73296328621673 8.902313375150737 -1.9896011865793908
11.632911599998058 -2.778591645269657 -3.903841290957158
10.745274513368134 -2.7700771728086266 -2.1116281601610876
10.814126903403665 -1.0944880184661578 -3.2014264599561852
12.484112378250819 -1.8165450724920222 -2.3708952296397023
1.5177502220618744 0.4441926303654285 12.796630611018784
-0.15727507936753682 -0.21647057578215123 11.926105271000408
-0.11550891531157453 1.598112371544082 12.766072124401715
-0.06806194146710287 -0.03749896796406149 13.916082702938008
1.2189833606352545 10.436667442002292 -7.409877947165323
-0.410027628119285 10.078306954003146 -6.306292445648575
-0.45605309485105955 9.779974920791313 -8.28338112711226
-0.3715636468575024 11.640512663828028 -7.554504704175155
9.4387226101495 -8.672798787856305 0.8536679702679297
9.629765083170863 -6.967008972642565 -0.17287179019678753
9.346812997224001 -8.692293688782279 -1.1441239538046875
11.087659290626876 -8.335094683262051 -0.22659299890407622
-13.3155087813139 0.4257011495632936 0.9788049888152855
-13.21567049280685 -1.3522526905115775 0.06835869236996497
-13.286744592110502 0.3251779212683172 -1.0184600667025412
-14.903476577105804 -0.2821123370766048 -0.009809368585247676
-8.212811161456816 -5.270944372451803 -10.056783492342415
-8.305271902508887 -4.267117259466008 -8.329420722511275
-8.800152531824626 -3.359193209335863 -10.041369051732497
-9.98883100929368 -4.776677305461323 -9.281249117489722
5.27036964305227 -4.822914130617792 10.421884213153087
5.386606868669169 -3.9274801034047178 8.637315130632082
5.905330316669887 -2.9308442562247037 10.29189754701696
7.05761128052646 -4.420786740153798 9.619350169565408
-4.478083835443851 -9.916285136387064 -8.827028812432417
-3.3082521495773554 -9.664460783705147 -7.224506325183302
-5.020077492287305 -10.68591868760397 -7.062402202414672
-3.4779145018446487 -11.471457862100406 -8.064730250630635
-7.811780342222239 -6.580518841243967 9.5859620670603
-7.9752479569023 -5.483976585284126 7.921367996469721
-8.47166940655571 -7.421215562279231 7.89546644564815
-9.61976741126796 -6.107692446774895 8.873488938544675
5.221272829974801 11.345325322735645 -1.8763432301909606
5.3425329644655575 9.362331451396932 -1.6460580026656457
5.786273407990201 10.19315131089956 -3.4103801897495645
7.009109428377082 10.449293914074591 -1.8486301988473404
1.015176196479925 -4.242123476309285 -12.738197025234479
-0.07937268219057259 -2.8361071537370464 -11.829857412060202
1.6089289639475917 -2.332676439067628 -12.776533210406502
0.005218403914680314 -2.902507343480624 -13.826964160071823
1.4197006293869001 -9.438973692155152 9.471085676635536
0.25532636455680613 -9.254860273133156 7.855432613525323
1.9409459136449927 -10.326716262555228 7.756379730317577
0.3803737556557105 -11.011697948675854 8.803000305974304
-9.445436532677157 9.060245327978672 3.043150696838115
-8.936426352380696 8.092231571430935 1.3686782415588707
-10.443490575633588 7.415678228791442 2.496079235684071
-10.656953618072981 9.10847251238764 1.4525846056372536
-0.24401176830641558 12.57091157447477 -0.8993589309831057
-1.299831070588303 11.099153750943913 -1.747400504141345
-1.25506623086934 11.278470431085847 0.24404159578217788
-2.2429333168609236 12.622792814220052 -0.8590975389686799
11.978956603046877 -2.505903037036638 2.9981536158765913
10.916747421007084 -2.634953971716952 1.308462073065154
11.087478712914503 -0.8790827277185485 2.250675955611533
12.669008832279143 -1.6708439172319016 1.3169325752746972
-3.7751481648111165 0.5138481126552693 12.909335548866512
-2.1566487654017834 -0.19015846317410778 11.968679163516036
-2.114882601345821 1.6244244841521258 12.808646016917342
-2.1563479692308305 -0.010016753156427194 13.960549860582883
-4.073915026237736 10.506322924292133 -7.2971730093175955
-2.4094013141535315 10.10461906661119 -6.263718553132947
-2.455426780885306 9.806287033399355 -8.240807234596632
-2.4598496746212297 11.667994878635662 -7.51003754653028
11.201796781627234 -6.446420627896696 -3.614792321344157
10.295760129235177 -6.126002480013783 -1.8608168953391409
10.012808043288317 -7.851287196153497 -2.832069058947041
11.783271200981961 -7.456688550340092 -1.9896011865793923
-14.673194140428022 -2.4323986242471136 -3.343689216274681
-13.710167200257596 -2.4482392188818265 -1.5908834118378066
-13.781241299561248 -0.7708086071019318 -2.677702170910312
-15.432780253963724 -1.4491538100500048 -1.776443679838791
1.517750222061874 11.247005388356765 6.1201251524791465
-0.1572750793675366 10.76384142162567 5.1398992495241265
-0.11550891531157526 10.703624450639765 7.13855617454786
-0.06806194146710332 12.463692810002108 6.189921284274185
9.549174004825174 4.384429672605944 -7.409877947165323
9.711745007079564 2.7244086757302943 -6.306292445648577
9.442237034268025 2.5884461874506264 -8.28338112711226
11.185604903320803 3.243738208797433 -7.554504704175157
-12.434311438160197 -8.384945777196636 1.319423925279255
-12.623935872491284 -6.674146317911667 0.30098993919332573
-12.42805687060966 -8.405732536162358 -0.6804582690103126
-14.118276524115572 -8.00338009374772 0.3101324814943215
3.947303309049887 -12.753959714710076 0.9978334182047016
2.205840476563178 -13.120553392698996 0.08519094805227148
3.8457600892766033 -12.754602112130922 -0.999587058771448
3.6778736403626353 -14.472434718670174 0.010791719797072425
-2.694270269696494 -9.389600914398782 -10.053523945789518
-1.706933789263362 -9.191659628387002 -8.325523389742758
-0.6944336167131855 -9.408740162363504 -10.03658137892791
-1.7157173976981754 -10.951156061167223 -9.276362572389612
-7.76268352914477 -4.651396837433021 10.699405023184433
-7.931174052698687 -3.7522157425001175 8.92089882359226
-8.352612497876027 -2.7432071979219694 10.595500684899834
-9.571265559118578 -4.2019477692269245 9.973439062588149
5.270369643052274 11.47848939083802 0.3470627725661671
5.386606868669174 9.481872008370493 0.3498797584398201
5.905330316669892 10.516066410713952 1.9812497111653515
7.057611280526466 10.580844284411668 0.3478323096990373
-4.483248410534127 -4.169763232480355 -12.62111569128504
-3.314427262406143 -2.7935332612214197 -11.76097140693653
-5.027663300713636 -2.2453377068330376 -12.635216173116609
-3.4856569680717766 -2.8565668039356935 -13.752630805626616
-4.078723977627158 -9.366613448326223 9.588167010584977
-2.979728215658767 -9.212286380617531 7.924318618648995
-4.695646351016239 -10.23937753032064 7.897696767607472
-3.1105016163307506 -10.965757409130925 8.877333660419513
-7.8117803422222405 11.516842615920417 -1.5988224201596188
-7.9752479569023 9.537595812301532 -1.3624743097054701
-8.471669406555712 10.380788369202293 -3.1067770518666924
-9.619767411267961 10.668132885001466 -1.4945413058246046
1.57144810549262 -3.47648087787823 12.912493535693898
0.4367658382901968 -2.1257034256885787 11.97021097342693
2.1638349728213218 -1.5689138408930128 12.811173257250106
0.6078657929023604 -2.073034372858827 13.962182553647324
1.4197006293868994 12.692433920170885 -4.206876446660112
0.25532636455680613 11.165011865202189 -4.764742413892915
1.9409459136449927 11.555764844001851 -5.767737351712109
0.38037375565570974 12.79822386823084 -5.912340646351685
11.535605766294058 -6.183374184103285 3.043150696838117
10.457677179244518 -5.998409436833748 1.3686782415588714
10.279945170705584 -7.640779167310485 2.4960792356840718
11.955851912651688 -7.320692383198669 1.452584605637255
12.031051151908569 3.6525563289969143 -0.8993589309831073
10.957592390825377 2.1936143224562024 -1.7474005041413463
11.114299591731148 2.291600116510584 0.24404159578217677
12.69809387196742 1.767501149451883 -0.8590975389686818
-14.717880209491344 -2.1545679257481862 3.566625767382529
-13.732310130008734 -2.310567999002223 1.833329602391279
-13.816540228113215 -0.5513414178542129 2.7809725344894356
-15.456656615828448 -1.3007051674744092 1.9158296529357042
-3.7751481648111165 11.316660870646603 6.23283009032687
-2.1566487654017834 10.79015353423371 5.182473142039753
-2.1148826013458226 10.729936563247804 7.181130067063487
-2.156347969230831 12.491175024809738 6.234388441919059
11.251015856196107 -0.6278911005387744 -7.297173009317597
10.3546097603236 0.8310221930721564 -6.263718553132948
10.085101787512059 0.6950597047924896 -8.240807234596634
11.857057914490571 1.2661526456232397 -7.510037546530281
-14.326795284851483 -6.110459824836259 -3.071196323104663
-13.338814966657091 -5.8149672764846985 -1.3575513643313442
-13.142935964775468 -7.546553494735389 -2.338999572534983
-14.864946360932297 -7.105993277020035 -1.4221643146536103
1.546615245661179 -14.812596299703982 -3.3259048067196404
1.2784694379925683 -13.884741075586296 -1.574567458032282
2.9183890507059926 -13.518789795018224 -2.6593454648559995
2.6910929924197378 -15.288819384508944 -1.7563882376215956
10.227527151569934 4.9189820396292046 6.120125152479149
10.285622196721018 3.1766324349559887 5.139899249524129
10.21544599959017 3.197746350057635 7.1385561745478645
11.87470856063704 3.7867621380155017 6.18992128427419
-12.552869967148807 4.675296494511561 -6.939245543122378
-12.711933124257579 3.0195082602649608 -5.8288112878055145
-12.530485033652 2.877611110143543 -7.815502453840892
-14.223411346504893 3.578125372885355 -7.013454907279213
-4.790211607991077 -14.191848791151775 1.3269798351979278
-3.0873699771138243 -13.931627502966322 0.31080304874470593
-4.808904451589856 -14.193513320818946 -0.6729321145986565
-3.9827031364610512 -15.720001449712923 0.32066004480337523
3.96500659891537 5.4405715972138005 -11.707352072723799
2.1923367781187 4.764985367622739 -12.340775274717249
3.7963589430544267 3.5718205332686774 -12.399686839420212
3.6554162505415935 5.120647005287463 -13.657173108530564
-2.6977638833689 -5.502325167345067 -12.620061088256827
-1.7116088904041606 -3.9897658348090013 -11.760024696347296
-0.6979674411416805 -5.4767226918192575 -12.632658822271349
-1.7218091514134946 -4.1729805972855525 -13.751588982401351
-2.244142637384456 -8.770053379379993 10.702664569737324
-1.3328359394531677 -8.676758111421107 8.924796156360776
-0.2468935827645924 -8.792754150949602 10.600288357704418
-1.298151947523083 -10.376426524932818 9.978325607688253
-7.7626835291447716 11.650006684022792 0.6245835825975095
-7.931174052698688 9.657136369275095 0.6334634513999948
-8.352612497876027 10.703703469016688 2.284852849048223
-9.57126555911858 10.799683255338547 0.7019212027217738
-3.926976501521436 -3.404120634049299 13.029574869643337
-2.7982887419253757 -2.0831295331729507 12.0390969785506
-4.472757291839909 -1.481575108658422 12.952490294539999
-2.8830095790841006 -2.0270938333138955 14.036515908092529
-4.078723977627157 12.764794163999811 -4.089795112710672
-2.979728215658766 11.207585757717814 -4.695856408769245
-4.695646351016239 11.643103576236438 -5.626420314422215
-3.1105016163307506 12.844164407775768 -5.8380072919064805
13.367141099087652 -3.8705445084758203 -1.5988224201596195
11.535279800115632 -4.637632347001044 -1.3624743097054708
12.490606240162823 -4.849196371909808 -3.106777051866694
13.118668908999355 -5.852308122014473 -1.494541305824606
1.571448105492621 13.104014835018045 2.6651836348020854
0.4367658382901979 11.657125648607392 3.451954144381774
2.1638349728213226 12.160301309710876 4.326051655316899
0.6078657929023609 13.41524487716801 4.38989954988101
11.632510366018792 5.27239331608058 -4.206876446660114
10.539657103153216 3.69300821153911 -4.7647424138929155
10.390400183183491 5.416876978745658 -5.767737351712109
12.054292252173262 4.316625612042434 -5.912340646351689
-14.369901271677925 -5.842453113113511 3.594772577180576
-13.359723913226174 -5.68496821073707 1.8758367988587317
-13.177432368480105 -7.332075915081199 2.9955715902286824
-14.887232345508648 -6.9674326295661 2.0241708938721557
-14.773798499156252 4.005312908413245 -0.3285867957323248
-13.776153121330484 2.5191148037721107 -1.2207296620177517
-13.845329759906996 2.620073269249703 0.7755223213059125
-15.487876497941683 2.138433522684732 -0.2589163515502626
1.8161307551570254 -14.775601597983034 3.584784934351063
1.4120202988917974 -13.86640938746644 1.8498312567351274
3.1312878111644182 -13.489566518945349 2.799625273187488
2.835098718762764 -15.269052622654929 1.936085333030243
11.929369002940867 -0.09333873351551492 6.232830090326877
10.928486949965052 1.283245952297852 5.182473142039758
10.858310752834203 1.3043598673994983 7.181130067063494
12.54616157180681 1.80917657484131 6.234388441919067
-14.379627040359876 -0.2905872904399336 -6.751403980042839
-13.401984161703048 1.1436631860121846 -5.757854800279471
-13.22053607109747 1.0017660358907674 -7.744545966314849
-14.944149020510949 1.618861286249584 -6.939342977871091
-2.0955358556640733 -15.4334277786153 -3.058169173752731
-2.0694657216761625 -14.400629583721209 -1.345671513393056
-3.7910001961521944 -14.662515401573833 -2.3294066767364177
-2.91953258006147 -16.20986009848568 -1.4094781017677276
1.4117793234337221 2.175725402267758 -15.101141961259506
1.2065217765800447 3.502824858673037 -13.6190230819963
2.810543941515771 2.3096600243189758 -13.677934646699264
2.6063973700334575 3.7777307782565153 -15.020727422515874
-12.640468213901947 5.219928917833835 6.607067430222416
-12.786040004877869 3.4802596048760357 5.631178330362702
-12.63033236252643 3.4984008485544704 7.625025371986294
-14.312397846385892 4.13138910668742 6.747539433025194
7.864695641607454 -10.92248782946874 -6.9164543469315305
6.305434309695677 -11.505021993313278 -5.807690148935107
6.124251636844027 -11.368962101397964 -7.794813835289411
7.239361082703735 -12.82081159837669 -6.989417062340154
-4.76238955065617 6.511521323433446 -12.80537412069785
-3.0936134126699812 5.417491537095933 -12.940596263463734
-4.848322400400431 4.638297433901858 -13.500822037527694
-3.995518759431297 6.075001546670427 -14.600188783570008
4.461339297483148 6.123714950061158 11.179434514844301
2.718644060459977 5.48938519564959 11.928192869405317
4.32525382375915 4.299781884900417 11.988600083596864
4.236907726747898 5.921001360045916 13.15643670768083
-2.141491974356207 -4.736682568914013 13.030629472671555
-1.1954703699233922 -3.2793621067605354 12.040043689139843
-0.14306143226795132 -4.712960093644645 12.955047645385264
-1.1191617624258159 -3.343507626663757 14.0375577313178
-2.244142637384456 13.49484131184356 -3.05779710537593
-1.3328359394531664 11.86294454867267 -3.769438206393811
-0.24689358276459195 13.413425337764025 -3.123885326601369
-1.2981519475230827 13.56536475882347 -4.818515157229115
13.478615904182197 -3.7827007043854275 0.6245835825975117
11.63535004037952 -4.558775509587747 0.6334634513999963
12.760926141971632 -4.636180269517103 2.284852849048225
13.228792849356655 -5.765528819424942 0.7019212027217758
-3.9269765015214326 13.176375078846974 2.782264968751524
-2.798288741925373 11.699699541123017 3.5208401495054438
-4.472757291839906 12.247640041945466 4.467368692606793
-2.8830095790840953 13.46118541671294 4.464232904326215
13.400435693289747 0.06544130928249903 -4.089795112710676
11.579834124071384 0.6294445287586288 -4.695856408769248
12.524284048117805 -0.867908188026764 -5.62642031442222
13.176724116858374 1.010802249390581 -5.838007291906483
-16.335871330130455 -3.4796475924591426 -0.9663379239471317
-14.51642258543319 -4.294787319286682 -0.8077394019897396
-15.550355999339356 -4.480172331412847 -2.5096836116768024
-16.135400129851824 -5.467319380704945 -0.8716164370997599
11.977054528096737 5.543899239310428 2.665183634802089
10.951617242785336 4.0176389275847715 3.451954144381777
10.896472021088373 5.815669112509654 4.326051655316904
12.57081519781978 4.723653374119078 4.389899549881014
-14.473918670727812 5.61595855623899 -3.650976210730793
-13.44772116499248 4.008686367439557 -4.253964428140108
-13.29599478081771 5.728594140937373 -5.2633683884092575
-14.992898207683488 4.672571439519302 -5.336408199340414
-1.8355503110553624 -15.397741195336462 3.608161232667818
-1.9433573951728147 -14.383319485566748 1.8878920015990333
-3.582941711369032 -14.633956519751159 3.0054537883377463
-2.7851189112466614 -16.191409978140744 2.037044007018279
7.7848347809435845 -13.233603102943405 -0.3032418855012589
6.091810048771855 -12.657398399446144 -1.1985939927319675
6.2042751172464 -12.695668583852166 0.7978746399689176
6.167501000208137 -14.40813553233594 -0.23464878091156166
1.9136544251730763 8.63162435614951 -12.671917806374507
1.455211924418129 6.701864738723521 -12.415289100939106
3.206990837151294 7.409377244664881 -11.759014238674835
2.874555921259871 7.22720357405213 -13.722760602244158
-14.467225287113013 0.2540451328823421 6.794908993301953
-13.476091042323336 1.604414530623261 5.702134817888744
-13.320383399971899 1.622555774301695 7.695981859512337
-15.033135520391948 2.1721250200516495 6.821651362433316
3.5437122987760548 -13.976543314293798 -6.731587720482654
4.673198101482087 -12.658680674385236 -5.7378574332222
4.492015428630438 -12.522620782469923 -7.724981119576506
5.534539172006595 -14.025773592884823 -6.916478878986689
-2.2218538794299194 2.751936457930598 -15.53365705421115
-2.1339350288795735 3.9973216224152393 -13.971195512988626
-3.8886440166100216 3.2181275192211625 -14.531421287052586
-2.9931633848382266 4.59167653814708 -15.676618881675118
2.0617296185065594 3.070305237610915 14.86922617846444
1.7907527624330253 4.306949824980128 13.320910413511138
3.3973625257321984 3.117346514230955 13.381317627702686
3.249671282601411 4.6631213614258 14.641780803873347
8.393027772839616 -10.849966995172073 6.6305932645917265
6.752395837218269 -11.443670390867943 5.652920962765326
6.726461772518646 -11.286300497305895 7.646551355011697
7.776066198109878 -12.747141457115797 6.772323558655976
-11.25213212407475 -10.670906982730228 -6.509387985990151
-9.662956939773416 -11.294875129992938 -5.467665381453628
-9.562995381059718 -11.162515146069675 -7.460775644694315
-10.680619355022559 -12.584981474921065 -6.607835907017879
7.621641303413792 -2.7310612166260704 -12.798059447150433
6.098139304267526 -1.4425957943395282 -12.935167120784323
5.8508111184029925 -3.3467944816402504 -13.494502554812213
6.986338854807647 -2.1210960437539965 -14.593702308823703
-4.211683981550716 7.2695025122529815 12.588642572281667
-2.5372039300388387 6.183323489368156 12.71643806255323
-4.264991719702443 5.441183236470709 13.397596780414695
-3.3672287464824273 6.939768561305848 14.371385088058569
-2.1414919743562053 13.773258158588344 1.5908569733291387
-1.1954703699233908 12.235517775104306 2.451320590775413
-0.14306143226794998 13.695046703658653 1.5782737795127246
-1.1191617624258146 14.05083539742356 3.2872625304572027
13.527834978751072 2.035828822972491 -3.0577971053759323
11.694199671467942 2.3982491634981895 -3.7694382063938123
12.833219886195378 3.91016663142888 -3.1238853266013704
13.302579562865265 2.9573123765383897 -4.818515157229117
-16.35026648334864 -3.390147317374747 1.2597483051796796
-14.52934502508184 -4.214443478148916 1.1906043816833205
-15.585263406454017 -4.2631393834551865 2.8884456818897806
-16.14962084091823 -5.378903680430821 1.3274938185194092
13.744979855367683 0.33694723251234626 2.7822649687515284
11.991794263703495 0.9540752448042904 3.5208401495054478
13.03035588602268 -0.46911605426276815 4.4673686926067955
13.693247062504883 1.4178300114672246 4.464232904326221
-16.371609748132904 0.45724671199352607 -3.4558406541483953
-14.564247197551364 0.9735052796694936 -4.1391544196006596
-15.586505758990894 -0.49796520434532554 -5.027839992926106
-16.197716590989355 1.3973751032307349 -5.212519275265071
0.9637612157378783 -16.687531392925017 -0.9472655777233928
-0.2963537125815242 -15.14218079302258 -0.7923401414394649
-0.20417587335168563 -16.190731825432856 -2.4929412052949074
-1.0078739063893365 -17.010280319665085 -0.855134825623276
-14.518410930654511 5.892584267838521 3.229367862328761
-13.500919099043685 4.339438646303008 3.97263702683803
-13.361345705987501 6.134906299694114 4.842588274654262
-15.059598722988136 5.087274525867435 4.978250932438227
9.267240424878477 -12.52936532486537 -3.624220867369379
7.449446891636679 -11.956713975913711 -4.230601196080778
9.072380045913041 -11.36448847113243 -5.238250405000798
8.493628359645951 -13.27757621414258 -5.30995656364376
-1.7377248885034517 8.979557304699009 -13.190329332308226
-1.8991039079825334 7.018085120113991 -12.834543327564859
-3.5012103827771828 8.201902133047373 -12.6561277360081
-2.742866569498068 7.811383877113009 -14.46510815399036
-10.95170053873407 -12.987026972298318 0.0957266746969212
-9.283746476613725 -12.455053346326173 -0.8711928193284556
-9.312106520885331 -12.491470247251224 1.1282744890354308
-9.364367748900438 -14.203733382605495 0.09608084472583928
7.754599234665643 4.272347869372575 -12.66846783075725
6.034831475159096 3.283954027859706 -12.412584131742909
6.2142013099022435 5.165003717397904 -11.757238018706092
6.135628630655028 4.793364863466664 -13.72083443760805
2.4495674994935683 9.36924542258836 12.039990550365934
1.9829349600068742 7.4282131839240355 11.918961952266283
3.7037278413142634 8.093077076423807 11.146415601493807
3.456898227942507 8.02872899649559 13.130082525796448
4.072044430008223 -13.904022479997128 6.8154598910406055
5.120159629004682 -12.597329071939901 5.7227536784782345
5.094225564305061 -12.439959178377851 7.716384070724605
6.071244287412743 -13.952103451623927 6.845261742009442
-7.00902597794616 -13.83766740540301 -6.506881779678836
-8.060138567771434 -12.491107703580521 -5.466718670864389
-7.9601770090577375 -12.358747719657257 -7.459828934105076
-9.00652349456648 -13.834410627074071 -6.606847096116919
3.2966870123304006 -1.3667200840163796 -15.530397507658256
4.464403084365949 -0.9272207465057547 -13.967298180220109
4.2170748985014175 -2.8314194338064764 -14.526633614248
5.2799502267572755 -1.5828022175588172 -15.671732336575008
-1.5505014759727538 3.6759737683139146 15.423600501683886
-1.5319516303568306 4.825880688565742 13.787333415299578
-3.2597394200204337 4.083740435668294 14.468492133161044
-2.317272779538018 5.521960147498611 15.489903261003555
-11.20132504109143 -10.592101834035283 7.047827859825515
-9.619974864528 -11.228207086247062 6.001547912970281
-9.505083816481468 -11.072690476165985 7.992179629553651
-10.629007083642401 -12.504927425726141 7.1642340939965665
8.60546870025012 9.924458533254787 -8.0360434229452
6.930443398820708 9.263795327107207 -8.906568762963579
6.972209562876669 11.078378274433442 -8.066601909562271
7.9857579045771905 10.734987821604992 -9.756218065954721
-11.044240359263958 -2.485414900648519 -12.400595358687564
-9.494590191304898 -1.2373927063825045 -12.603141549873424
-9.321465196569225 -3.1471246321726776 -13.17142995184511
-10.470112703452779 -1.8913660426310763 -14.221991358771271
8.172346872519244 -1.973080027806538 12.595957245829085
6.654548786898667 -0.6767638420673079 12.721867205232641
6.434141799100978 -2.5439086790714 13.403916263130176
7.614628867756513 -1.256329029118576 14.377871562804872
13.760904335734462 2.219490942111952 1.590856973329143
12.006089570836167 2.6440230421305584 2.451320590775417
13.068971822291445 4.095942662800178 1.5782737795127297
13.708978568154478 3.277560836025509 3.287262530457208
-16.403098238857037 2.4297252170215744 -2.420459351758495
-14.5925142201278 2.7441869843479654 -3.2096990542648056
-15.662863512776022 4.285180147170967 -2.517100711890084
-16.228823500496887 3.345950882838798 -4.189684844698071
1.0505828390131853 -16.67561393384443 1.2789413756134462
-0.21841448053808732 -15.131482564014531 1.2061120156072271
0.0063615001719248936 -16.16183268211754 2.9054808374410763
-0.9221043977081189 -16.998507277748683 1.3440946912558118
-16.416102008059596 0.7338724235930585 3.4245034189111623
-14.617445131602565 1.3042575585329437 4.087447035377481
-15.651856684160679 -0.09165304558858312 5.078116670137418
-16.264417106293998 1.8120781895788676 5.102139856513574
4.778470869497229 -15.702011501220406 -3.4321757658795855
4.808433229078844 -13.82337293330451 -4.117609488530585
3.654440283478489 -15.193868807755647 -5.006452185309397
5.643769316127572 -15.291846335612755 -5.1880297276831175
0.9014612111790958 5.073985645151005 -16.02455302602789
-0.34631166474109276 4.720201928360589 -14.502087942076265
-0.31571575367716787 3.4878815694532106 -16.07703251991022
-1.0672830313118453 5.33178928515436 -16.26451842115767
9.535587011501935 -12.49253107384754 3.2564963377333322
7.770300092655928 -11.912672471622836 3.9964464006275646
9.466531696804502 -11.310385748863032 4.868254320226146
8.895919806237291 -13.222356193226622 5.005261948566364
-12.555068115672416 -12.242179870891869 -3.1595450417656816
-10.750296183104762 -11.717202126495565 -3.8430628830138716
-12.398505014776553 -11.081927812533504 -4.781057655504179
-11.87385164642684 -13.00953656192288 -4.876259296019582
9.127412273560605 0.8705717722185352 -13.183911798927946
7.29264880895497 0.1579977886785272 -12.829114184885444
8.883226106501398 -1.0409831450254017 -12.648812822870747
8.294460804230622 -0.4261124982952888 -14.458588915825812
-1.1763773934777921 9.752185847954111 12.694405558604398
-1.3504793795859344 7.773202002126096 12.463512864079512
-2.960339352059175 8.94634724103425 12.284400839202371
-2.123848985165889 8.663388488641564 14.078897484654547
-10.987299496315492 4.518994583462442 -12.269385064146368
-9.284793660927026 3.4855630139683607 -12.0863739397817
-9.386568057749225 5.370312611498607 -11.425041249858502
-9.401441090162932 4.997835458908001 -13.389994064484037
8.290512308986138 5.00996893581142 12.043440525983186
6.562554510747842 4.01030247306022 11.921666921462478
6.710938314065217 5.848703549156828 11.148191821462545
6.717970937337666 5.594890285910121 13.132008690432553
-6.958218894962839 -13.758862256708063 7.05033406613683
-8.017156492526018 -12.424439659834645 6.00249462355952
-7.902265444479486 -12.268923049753568 7.993126340142891
-8.954911223186322 -13.754356577879145 7.165222904897528
4.280514409166729 11.28879966586448 -10.768381483453021
5.296707178919134 9.77917037494098 -9.938699822399364
5.338473342975095 11.593753322267215 -9.098732968998057
6.279369276526822 11.273281647800172 -10.834248093706025
-6.805105161387361 -1.233778705886553 -15.315293839332941
-7.893271830990904 -0.7645915510643571 -13.704158614432876
-7.720146836255231 -2.6743234768545303 -14.27244701640456
-8.797583560349935 -1.3975393740807718 -15.371970758975078
3.9680394157875645 -0.4426827736330647 15.426860048236778
5.066386482888691 -0.09866168035525669 13.791230748068093
4.845979495091003 -1.9658065173593493 14.473279805965628
5.955840832057482 -0.6525186082072927 15.49478980610366
-11.49127232815102 10.188935212470671 -7.6081111667422
-9.872772928741687 9.484928636641296 -8.548767552092677
-9.831006764685725 11.29951158396753 -7.708800698691368
-10.92422921514822 10.983846608727355 -9.353556089991667
8.932626734029748 10.37475293608596 7.049797427615324
7.297734821132263 9.769328600320968 8.02989426303819
7.300733496795264 11.530552677521056 7.082223034270021
8.386957610779065 11.287191843719592 8.743816449871915
0.7834959179984622 -11.312817714226549 -12.393609262585846
1.5391970534471642 -9.472246974818164 -12.596624402699124
-0.34043425119707127 -9.849943834221964 -13.166125272758084
1.1910286954796416 -10.594433982381643 -14.21510366254953
-10.493534790158504 -1.727433711828986 12.99342133429196
-8.938180708673757 -0.4715607541102831 13.053892776143536
-8.73813451587124 -2.3442388296038263 13.72698886609728
-9.841822690503912 -1.0265990279956552 14.749582512857307
-16.433195345565544 2.616850653536711 2.2337984921742513
-14.63278971453035 2.994595422073651 3.018558617040276
-15.69330703083115 4.474459357970048 2.1907266576068576
-16.281303304735122 3.672238268912807 3.9258640314614057
6.689830993453311 -15.218729469522934 -2.3944771711164767
6.524249342620162 -13.389533654678562 -3.1860739042219155
8.289377124954555 -14.021938063013637 -2.490093605399008
7.5319673543599475 -14.814420772147828 -4.162906085963148
1.0631350647394318 7.153686468030778 -15.242003684725686
-0.20117805041048495 6.587136441913433 -13.799598258097532
0.07633391335220853 8.531034789194152 -14.179396000860523
-0.9075683604343076 7.3862880500151 -15.491452104377691
5.046817456120684 -15.665177250202573 3.448541439223125
5.12928643009809 -13.779331429013634 4.109438108177757
4.048591934369948 -15.139766085486245 5.100052539917547
6.04606076271891 -15.236626314696794 5.127188784527005
-8.14719977232614 -15.53190738119634 -3.156941518054259
-8.156881579412781 -13.652747089010031 -3.841531073102975
-7.078212923514597 -15.052625186446608 -4.777915205337259
-9.075355687581197 -15.098140037838258 -4.874606354049079
4.634517575774188 2.287891038068741 -16.022348082503207
4.64920807650245 0.9918921330271788 -14.499137319896985
3.460307301862313 0.669719601411795 -16.074802197950888
5.441982763625376 0.47372432279832255 -16.260673699282826
1.5881403249645336 6.019118362530451 15.639446498278273
0.27605300856854875 5.57681341264393 14.19625794321741
0.3764303987398011 4.440539019963616 15.839061913288516
-0.3686940983607203 6.29331446230954 15.948664121571737
-12.52926255419147 -12.202153736930782 3.726336738427311
-10.719441320706688 -11.669344192592122 4.390159826523263
-12.360601403674664 -11.023136802824476 5.333032878149103
-11.835165271508131 -12.949531433721797 5.4467016824176735
9.627110679470462 7.298470675330986 -10.76522349662563
7.890121782611111 7.8436254124265155 -9.937168012488467
9.617190917142235 8.40041499722208 -9.096205728665288
9.043583038660008 9.210264028097775 -10.832615400641581
-12.469810650255221 1.1547950595218686 -12.724028859676931
-10.640988171953646 0.3940076346665363 -12.447242232397224
-12.253437494897588 -0.7628209001568873 -12.198736856286526
-11.726261186100498 -0.16263624311420471 -14.032275379714283
9.688759768586262 1.6432003154736323 12.700823091984681
7.841273337351566 0.9131146706906278 12.468942006758924
9.424097137219404 -0.2965380370385301 12.291715752339725
8.9134783885628 0.42589211323326076 14.085416722819097
7.482125591202849 -9.26530455551562 -12.258476030026873
6.006879397877724 -7.927082197195526 -12.077341856630646
7.842190057817447 -7.488038665421241 -11.4148650202667
7.490829116779369 -7.609384558259646 -13.380016582717822
-10.451386421995005 5.2566156499012955 12.442523292594085
-8.757070625338287 4.2119114591688795 12.247877113423696
-8.889831053586258 6.0540124432575375 11.480388590310147
-8.819098783480303 5.799360881351463 13.462849063556577
-7.252137130274426 11.44057140723264 -10.522809647387584
-8.271454568427695 9.957729791959443 -9.64978461665213
-8.229688404371734 11.772312739285676 -8.809817763250823
-9.251700072045377 11.47767327727766 -10.503535490195476
4.72831927729807 11.905150190259436 9.880700230023011
5.709572517122287 10.34743076203302 9.099257805873641
5.712571192785289 12.108654839233106 8.151586577105471
6.728169575080033 11.891002264630878 9.860734693170699
0.7795249697464705 -6.894421096791797 -15.310813949542542
1.537697041759178 -7.8032132459124295 -13.698588177847816
-0.3419342628850578 -8.180910105316231 -14.268089047906773
1.1894619781264102 -8.85117816167833 -15.366071873654297
-6.1337527579301945 -0.30974139550323593 15.641963716562085
-7.2912884324681615 0.06396751508614185 14.05437031385532
-7.091242239665642 -1.8087105604074007 14.727466403809064
-8.121692955049728 -0.46725576472924435 15.794551383703588
13.057588113913734 -8.132633231104187 -7.593611291684485
11.922905846711311 -6.781855778914537 -8.535893853951453
13.649974981242437 -6.225066194118971 -7.694931570128275
13.659640159921514 -7.363850076673678 -9.339035536778416
-11.164114294371396 10.639229615301847 7.47772968381833
-9.50548150643014 9.990461909855057 8.387695473909098
-9.502482830767136 11.751685987055145 7.440024245140928
-10.523029508946353 11.536050630841956 9.146478425834971
1.3342014871039052 -10.554836525407012 13.00040743039368
2.095606536078298 -8.70641502254594 13.060409923317843
0.2428964295009064 -9.047058031653108 13.73229354518431
1.8193187084284994 -9.729666967746219 14.756470209079055
6.871355956801457 -15.19381267758568 2.260033080649398
6.767163311595968 -13.35619037939573 3.042521535439738
8.4729914023224 -13.996734484059544 2.217989077091953
7.848489292270065 -14.770973793148265 3.9530829093678905
-9.999288825490053 -14.999097690295034 -2.0391054873161187
-9.819490420783136 -13.174447138288429 -2.8380566101808666
-11.569420874654845 -13.760592756292853 -2.0672280163245103
-10.905000908795467 -14.571786997141379 -3.7703163911840187
6.581675956499754 3.0350299260838045 -15.238744138172788
6.397160062835042 1.6625940729924398 -13.795700925329012
8.182052828463648 2.481487836166515 -14.174608328055932
7.365545251161198 1.211809294309203 -15.486565559277578
1.7130782717934034 8.04825654755292 14.728037613797612
0.3882090275599067 7.398358160191217 13.37809184755779
0.6793976341642501 9.361080791411924 13.62894851635072
-0.24527016419661507 8.297863313277334 15.048299796641682
-8.121394210845196 -15.49188124723526 3.728940262138735
-8.12602671701471 -13.604889155106594 4.391691636434158
-7.040309312412712 -14.993834176737584 5.3361753283160205
-9.036669312662495 -15.038134909637177 5.4483546243881795
5.134215981684046 8.715789941181187 -13.603659780200895
5.246681050158591 8.677519756775164 -11.607191147500009
4.194272112503151 10.111117743659273 -12.52219510374543
6.19110499805476 10.110100849191385 -12.634700184098598
-8.06606744931411 2.4550329914226356 -15.751906721030561
-8.050000638156348 1.159015973891518 -14.228725265048062
-6.938124445840162 0.8065648089904163 -15.85338200089115
-8.930384224341724 0.6628672235342002 -15.954634057161437
5.321196689559625 3.2330237554481847 15.641651441802951
5.27157274981209 1.8485036173105147 14.199208565396686
4.152453454279283 1.6223770519221956 15.84129223524784
6.140571696576499 1.435249499953498 15.952508843446576
-12.696863853857739 7.59225814281791 -10.289865388763033
-10.912468230985535 8.091070834568644 -9.53679290910194
-12.58693678090007 8.692625259083169 -8.623399593112538
-12.066647709662375 9.488078411927825 -10.383102285040955
10.07491554760181 7.914821199725937 9.883858216850399
8.30298712081427 8.411885799518549 9.100789615784537
9.991288766952435 8.91531651418797 8.154113817438237
9.492383337213226 9.827984644928478 9.86236738623514
4.679101647795408 -11.643964831720192 -12.713899791312052
3.4292217789531922 -10.107022147933248 -12.438931610940658
2.778777760361171 -11.981824784583589 -12.189858022845097
3.205560253552046 -11.306713139859266 -14.023455844250709
-11.908463155229562 1.9274236027769671 13.160706031235703
-10.092363643557047 1.1491245166786377 12.850813959247153
-11.71256646417958 -0.018375792170014393 12.741791718923954
-11.107243601768321 0.6893683684143457 14.511730258930633
-11.053810313998177 -9.02136834877255 -11.863778956429869
-9.537502163349075 -7.722515376636515 -11.746345787995669
-11.330770291375902 -7.2357191039198865 -11.006603393731044
-11.066679224264412 -7.365164454431659 -12.984860153988114
8.018038665523335 -8.527683489076777 12.453432326713568
6.534602433466465 -7.200733751995016 12.256909196574743
8.338927061980412 -6.804338833662321 11.490564819901941
8.073171423462 -6.807859135816193 13.472826545322784
13.053617165661734 -3.714236613669439 -10.510815978641189
11.921405835023318 -5.112822050008805 -9.63785762910015
13.648474969554442 -4.55603246521324 -8.796895345276972
13.658073442568277 -5.620594255970368 -10.49000374788319
-6.804332262143083 12.056921931627599 10.12627206608845
-7.858589230224539 10.525990179051485 9.388173011620875
-7.855590554561539 12.287214256251572 8.440501782852706
-8.802899773492163 12.09539389410837 10.191447296681249
1.4508773732036297 -5.9703837864084806 15.64644360635249
2.1396804402819143 -6.974654179761931 14.059940750440388
0.2869703337045231 -7.315297188869102 14.731824372306855
1.8653525834266083 -7.920894552326805 15.800450269024376
-16.3939570511979 -7.745045668919982 -6.966481442453727
-15.26526929160184 -6.424054568043633 -7.956959333546465
-16.939737841516372 -5.822500143529105 -7.043566017557065
-17.049319327450178 -6.959714718810566 -8.685130791700303
13.384746147693363 -7.682338828273014 7.492229558876041
12.290197269022865 -6.276322505700776 8.400569172050318
13.97849891516103 -5.772891791031356 7.45389337370402
14.060839866123388 -6.811646054559079 9.16099897904822
1.334201487103917 16.34818429226301 -3.626573834972377
2.095606536078307 15.575212927168224 -1.9464614517849284
0.24289642950091572 16.328504092637843 -1.9506663312619774
1.819318708428511 17.54982754584348 -2.103184596235658
-9.981832469286879 -14.972021726364666 2.6188983781221666
-9.796130588113533 -13.138214491599735 3.395213930621589
-11.551763599475704 -13.733205153731669 2.6443884905949515
-10.874562562507625 -14.524575107294648 4.351764357862345
6.9197005088492745 7.383228006316478 -13.602605177172679
6.849499422160574 7.481287183187584 -11.60624443691077
8.523967972075107 6.879732758673055 -12.519637752900168
7.954952814713045 8.793687055841525 -12.63365836087333
-9.957783877857334 3.2526921533490776 -14.886559256390576
-9.748182728314818 1.8750696500111628 -13.451908219933475
-11.525426471443149 2.7408417619393126 -13.754964861039836
-10.79917661176172 1.450860258363357 -15.099772974394531
7.231619163553726 3.9296000056059386 14.731297160350502
6.986547140805433 2.473815791270217 13.381989180326304
8.785116549275692 3.3115338383842796 13.633736189155302
8.027843447398892 2.1233845575714296 15.053186341741785
-8.293120652916633 8.892496074718679 -13.317743250116665
-8.32148069718824 8.856079173793626 -11.318275941752779
-7.2716237318426495 10.262010968230477 -12.278044737717163
-9.270770747903605 10.313581878576228 -12.305460962488109
5.707352468575169 9.504644639700494 12.82468656666867
5.733286533274789 9.347274746138442 10.831056174422297
4.71964508401231 10.834231603148698 11.70369030034635
6.71947664522692 10.83734203164872 11.729459506862618
4.674976505390239 -7.053999389514947 -15.744381176377104
3.426794709058506 -7.4064688461937935 -14.22194645350239
2.773798718156637 -6.441741701523172 -15.847645617616635
3.2029412564651767 -8.392606197295478 -15.947467463668364
-7.379388335528676 3.400165708802081 15.912092803275605
-7.4276359648467105 2.015627458174856 14.469620620245617
-6.245978293423196 1.7592222595008191 16.06271243230759
-8.2317952913906 1.624392400689377 16.258548485567974
10.913268661249562 -10.028708820527926 -10.275919976821278
10.88321054446747 -8.175713580987189 -9.523919210960713
11.935619482122911 -9.6093115678713 -8.60891525471529
12.551503862119816 -8.885204129686192 -10.368561482921638
-12.249058985726391 8.208608667212868 10.359216324713007
-10.499602892782374 8.659331221660683 9.501164719171072
-12.212838931089868 9.207526776049065 8.626919952990995
-11.617847411109155 10.105799028758533 10.311880501835775
-8.336248034622413 -11.472680519603381 -12.436755952567408
-7.035803210441324 -9.969300561473291 -12.216093403063892
-6.424887687232727 -11.860702913591988 -11.993878718799708
-6.911416564107091 -11.173571929119813 -13.808028839970962
5.240449142821057 -10.871336288465091 13.170835099600584
3.977846307349782 -9.351905265921145 12.85912458070372
3.3196487910791683 -11.237379676596714 12.750670552365387
3.824577837884214 -10.454708528330713 14.52054979439421
-10.51789723967767 -8.283747282333705 12.848129400310585
-9.009779127760314 -6.996166931436004 12.58790526520973
-10.834033287212918 -6.552019272160967 11.89882644643761
-10.484336917581762 -6.563639031988205 13.867982974052502
8.018038665523344 14.95238448872561 -2.058047741726317
6.534602433466472 14.183178894500973 -0.9590756314184932
8.338927061980419 13.320466449669459 -0.9472488621705568
8.073171423462007 15.095029563547747 -0.06390312269010978
-16.39792799944989 -3.3266490514852283 -9.88368612941043
-15.266769303289825 -4.7550208391379 -9.058923108695163
-16.94123785320436 -4.15346641462337 -8.145529792705762
-17.05088604480341 -5.216458898107255 -9.836099002805078
13.501422033793084 -3.0978860892744877 10.138265734834848
12.33427117322648 -4.544561662916771 9.400099999172859
14.022572819364644 -4.041130948247352 8.45342420082656
14.106873741121495 -5.002873639139667 10.204979038993539
1.4508773732036384 16.664641403602836 1.6572287027154453
2.139680440281923 15.694753484141783 0.049476309320537204
0.28697033370453173 16.4480446496114 0.04527142984348831
1.86535258342662 17.674684082979432 -0.018487289315531286
-2.7408206049300077 -17.934800686677704 -6.958417167002567
-1.7947990004971912 -16.47748022452423 -7.949002950534278
-0.7423900628417524 -17.911078211408338 -7.033998994288855
-1.8001827191796826 -18.340613670646064 -8.676123832860814
-16.06679901741827 -7.2947512660888085 8.11935940810682
-14.89797786929028 -5.918521294829874 8.979503692455326
-16.611213907597776 -5.370325740441492 8.105258926275253
-16.6481196212483 -6.407510696695969 9.814903724126358
13.384746147693367 10.136900207912943 -3.520665819145797
12.290197269022867 10.320554241649202 -1.85686476490477
13.97849891516103 9.248680606554295 -1.829948932471162
14.06083986612339 11.240107306915663 -1.995598154873335
-10.111375637605938 7.607359991513569 -13.239952007157806
-9.953716905401828 7.7024204927216715 -11.24844322603987
-11.680786039932954 7.145630907926107 -12.089405509863045
-11.066991905845615 9.044019224863945 -12.228612402917578
7.492836995740395 8.17208270483578 12.825741169696885
7.3361049052767715 8.151042172550858 10.832002885011537
9.049340943584266 7.602846618162477 11.706247651191614
8.483324461885202 9.52092823829886 11.730501330087888
5.977231897259431 -8.640099484057417 -14.877147180488828
4.595821287205618 -8.830301051227233 -13.44343588100176
5.9316921036754735 -10.287941938895338 -13.744653749499463
4.489415765055185 -9.959485745225235 -15.090742710859672
-9.307840670803373 4.147262232871215 15.08348204213273
-9.158795650344436 2.6862913682889427 13.725781885721851
-10.922362750631118 3.5708877641570798 14.053379656171414
-10.136878415524036 2.3624355216255863 15.439978926624846
10.909143518844386 -5.438743378322683 -13.306401361886337
10.88078347457278 -5.475160279247736 -11.30693405352245
11.93064043991837 -4.0692284848108855 -12.266702849486835
12.548884865032942 -5.971097187122404 -12.2925731023393
-7.719984166025508 9.68135077323798 13.110603096752905
-7.83487521407204 9.525834163156901 11.119971380169533
-6.7462507603334885 10.985124827719899 11.947840666374626
-8.742399100731442 11.040823061033564 12.058698728473114
-8.34037317702758 -6.882715077398137 -15.467237337632463
-7.038230280336008 -7.268747259733838 -13.999108245625626
-6.429866729437259 -6.320619830531573 -15.65166631357125
-6.914035561193958 -8.259464986556026 -15.73204045938862
5.361655619175669 -6.108866672135504 15.91961834792906
4.049159382368138 -6.5498573619104565 14.476399431791288
3.4659448705735985 -5.48908425101277 16.068448815582098
3.9015301894162913 -7.431081020140299 16.265715079061046
-14.416357903775497 -9.695366438784093 -9.73656067326892
-14.305590907811435 -7.844224482724327 -8.987558583071355
-15.355447873157027 -9.250156277161176 -8.027789787106972
-16.02640559926874 -8.509113768438123 -9.760034495581047
11.361073529380892 -9.412358296132972 10.373161736654755
11.296075882670618 -7.607453193895151 9.514038417312292
12.309717331933095 -9.094410050905408 8.64140429138824
13.00030416067302 -8.267483512855488 10.326421303955087
-7.774900539596739 -10.700051976348279 13.447978938345228
-6.487178682044712 -9.214183679461184 13.081962788580485
-5.884016656514706 -11.116257805605109 12.946649856410774
-6.292398979774896 -10.321567317591256 14.735976798673956
5.240449142821066 16.642162430712485 -3.833442258277856
3.977846307349791 15.68384985618438 -2.6138230187767695
3.3196487910791777 16.430055414686485 -4.34874471557918
3.824577837884224 17.66306235523327 -2.857188299530491
-10.517897239677682 15.19632069546868 -1.663350668129308
-9.009779127760327 14.387745715059983 -0.6280795627835117
-10.834033287212929 13.572786011170814 -0.5389872356348966
-10.484336917581775 15.339249667375736 0.3312533060396019
1.4983145929465889 -16.683164491915743 -9.87311564764795
-0.19348064018319655 -16.004679069206084 -9.050020015093734
0.8589282974722412 -17.438277056090197 -8.135016058848311
-0.12765357607683692 -17.846787002095763 -9.826103233064627
-15.950123131318541 -2.7102985270902797 10.76539558406563
-14.853903965086662 -4.186760452045867 9.979034519577867
-16.567140003394158 -3.638564897657484 9.104789753397794
-16.602085746250186 -4.598738281276555 10.858883784071676
13.501422033793089 10.453357319252778 1.7631367185420257
12.334271173226487 10.440094798622768 0.13907299620069558
14.02257281936465 9.36822116352786 0.1659888286343032
14.106873741121502 11.36496384405162 0.08909915204679175
-2.7575689611558767 0.7007684015908466 -19.26237586412043
-1.808905470429173 -0.7814864527319619 -18.31213477460751
-0.7590485050835816 0.6244453417048893 -19.271903570571897
-1.8160204753129099 -0.7182515329213823 -20.311122198685524
-2.4136625711503807 -17.484506283846528 8.127423683557968
-1.4275075781856386 -15.971946951310466 8.9874600754675
-0.4138661289231599 -17.458903808320724 8.114825949543444
-1.3989830129778105 -17.78840964853146 9.823910682965831
-16.06679901741827 10.524487770097144 -2.8935359699150407
-14.897977869290282 10.678355452520101 -1.2779302444997818
-16.611213907597776 9.651246657144156 -1.178583379899952
-16.6481196212483 11.644242664778771 -1.3416934097952236
10.19437865833023 -7.547448029388512 -13.227958338411408
10.239143498049195 -7.368131349246577 -11.236516238487885
10.197377333993233 -9.18271429657281 -12.076483091889193
11.842781608768046 -8.054248308384086 -12.21508066060529
-9.538239150714814 8.396214690032867 13.188394339711763
-9.46711142228563 8.372175482084943 11.189804095882444
-11.155413068423792 7.868744767415524 12.136479894228742
-10.538620258673454 9.771260407321275 12.135547288043643
-9.645808193256523 -8.434497503290643 -14.544476187453883
-8.21011118752509 -8.661772706736294 -13.17075129154767
-9.595470518611764 -10.083601722629231 -13.414024334312396
-8.20365116308352 -9.792442731361707 -14.820461436845257
6.627175104313397 -7.745529404535284 15.092894118034467
5.185208365176006 -8.019079332949456 13.73425422465356
6.534755824487509 -9.457895936677573 14.063690767711776
5.151713961292871 -9.04791048196301 15.4490091901597
-14.420483046180667 -5.105400996578849 -12.767042058333978
-14.308017977706124 -5.143671180984874 -10.770573425633092
-15.360426915361563 -3.7100731941007625 -11.685577381878513
-16.029024596355615 -5.5950068258743375 -11.684046114998708
11.482280005735513 -4.649888679803386 13.121944984983228
11.367388957688982 -4.8054052898844635 11.131313268399857
12.456013411427532 -3.346114625321468 11.959182554604949
13.077256512205103 -5.2438560046650755 12.071586588621921
-7.653694063242129 -5.937582360018693 16.196762186673702
-6.4158656070263556 -6.4121357754505 14.699237639668052
-5.737720577020278 -5.36796238002117 16.264428119627482
-6.215446628242818 -7.297939809400846 16.481142083340792
5.361655619175681 16.97090774960449 1.6555333026132923
4.049159382368151 15.877270540401701 0.6156721181212405
3.465944870573611 16.826850641744635 2.2764425611282815
3.901530189416305 17.871778309237982 0.6276880009478962
-5.171089800853877 -16.59539394623735 -9.731099921529188
-3.428535220398767 -15.96210517669046 -8.98113400997007
-4.478392185744358 -17.36803697112731 -8.021365214005685
-3.5757649498438893 -17.801409244358247 -9.752680478712067
-13.968553035644153 -9.079015914389137 10.912521040207137
-13.89272556960828 -7.2759640956322915 10.050399045201672
-14.981350023346831 -8.735254760195286 9.222529758996584
-15.577605300715529 -7.89139315160742 10.934948291295704
11.361073529380908 13.487372509651408 -3.779650234543006
11.296075882670632 11.91177115210141 -2.549505662548019
12.30971733193311 11.796250784457367 -4.269734152312226
13.000304160673034 12.933563027498964 -2.7765460550523318
-7.7749005395967465 16.813446742829296 -3.5562984195332166
-6.48717868204472 15.82157144264434 -2.3909848109000063
-5.884016656514714 16.551177285678087 -4.152765411533796
-6.292398979774904 17.79620356597272 -2.6417612952507494
17.70276881328614 -5.307193360646729 -1.66335066812931
16.467734183148103 -4.122751213137661 -0.6280795627835128
16.25638698357638 -6.109556417096126 -0.5389872356348977
17.828331633521383 -5.231108116320634 0.3312533060395999
1.485537184972713 -2.4659920210819335 -19.259869657809116
-0.20608709842719142 -1.9777190263195448 -18.311188064018275
0.8437698669183993 -0.5717872318826935 -19.27095685998266
-0.1419246148568324 -1.9676806850743862 -20.310133387784568
1.9461194610779349 -16.06681396752078 10.775966065828086
0.2193846980199612 -15.436418682114038 9.987937613179279
1.2330261472824402 -16.923375539124294 9.115303487255225
0.3211467224763783 -17.229066385265046 10.868879553812109
-15.950123131318549 10.840944881436986 2.390266567772782
-14.853903965086666 10.79789600949367 0.7180075166056832
-16.56714000339416 9.770787214117725 0.8173543812055122
-16.60208574625019 11.769099201914731 0.7430038971249018
-1.9215561070618992 1.8514413792472983 19.287668957276082
-1.0130260048671207 0.31394765454190277 18.387287871347752
0.07559844887143119 1.7732383191049008 19.21515715755284
-0.9336321412439473 0.4962518169258118 20.377378775501754
-2.4136625711503785 15.088697656091542 -12.003923473805765
-1.4275075781856374 15.181500492754418 -10.266429311698152
-0.4138661289231568 15.065980125110373 -11.986657801462359
-1.3989830129778094 16.741991473945077 -11.517050855892206
14.974296616008498 -12.028188323468905 -2.8935359699150394
14.7594478798677 -10.869025625404422 -1.2779302444997804
14.312028418293965 -12.815803996431606 -1.1785833798999512
16.218884751012638 -12.23503377980694 -1.341693409795222
-13.758741899767347 -7.232220711033236 -12.717909823130093
-13.713977060048387 -7.052904030891304 -10.72646772320657
-13.755743224104346 -8.867486978217535 -11.566434576607877
-15.375302506617189 -7.696053490065906 -11.635509269972387
10.76751514522135 -6.758593330869216 13.20038800845816
10.72574898116539 -6.6983763598833095 11.201731083434424
10.722750305502387 -8.459600437083397 12.149402312202595
12.371153255940202 -7.327007125926759 12.149079030355932
-8.99586498620254 -7.539927423768507 15.42556511106942
-7.620724109554688 -7.850550988458516 14.006938814107652
-8.99240679779971 -9.253555720411466 14.39432018289885
-7.541352966845815 -8.880867468099476 15.719290464174119
6.627175104313406 16.963400944105587 -0.1780646630793825
5.185208365176015 15.870531727723337 -1.0303373888576532
6.534755824487517 16.80864707616191 -2.169925581184091
5.151713961292882 17.864362472086857 -1.1836902099576554
-0.7673465999127719 -15.295156014336584 -12.75897778288282
-0.8375476866014728 -15.197096837465478 -10.76261704262091
0.8369208633130603 -15.798651261980007 -11.67601035861031
-0.7798879880851193 -16.975905777709844 -11.675039156159222
-13.84734655928953 -4.31654629805955 13.66130428853561
-13.821412494589913 -4.473916191621602 11.667673896289237
-14.83505394385239 -2.9869593346113454 12.540308022213292
-15.500652949183442 -4.867765643417007 12.680113575962537
11.482280005735511 13.816117828543412 1.709325326348144
11.367388957688979 12.10519183631873 0.6799894743499917
12.456013411427529 12.193046011515516 2.355453124395236
13.077256512205103 13.142278981503678 0.7083302454260572
-7.653694063242143 17.1421920617213 1.9326771413579356
-6.415865607026368 16.01499212686166 0.8385103259980055
-5.737720577020292 16.947972512736236 2.4724218651736694
-6.215446628242834 18.004919519977438 0.8431150052276408
-5.183867208827754 -2.3782214754035396 -19.117853931690348
-3.441141678642761 -1.9351451338039183 -18.24230205889461
-4.493550616298201 -0.501547146919807 -19.15730601514003
-3.5900359886238853 -1.9223029273368681 -20.236710633432008
-4.723284932722534 -15.979043421842386 10.91798179194686
-3.0156698821956116 -15.393844789598415 10.056823618302948
-4.1042943359341635 -16.85313545416141 9.228954332097857
-3.126964651290676 -17.183688627527534 10.94230230816467
-13.96855303564415 13.820714891395236 -3.2402909309906445
-13.892725569608277 12.24326025036427 -2.013145034658658
-14.981350023346828 12.155406075167482 -3.6886086847039015
-15.577605300715529 13.309653388747023 -2.1680190677117355
18.393114482459673 -2.1987290441778446 -3.556298419533219
17.05185707685491 -1.2805391044351921 -2.390984810900008
17.559366151948783 -0.4814373249804086 -4.152765411533798
18.86965358687144 -0.48509771560229875 -2.6417612952507543
-20.70660475334867 -4.80171918663463 -0.8454762741424684
-19.397899786074536 -3.650753103755288 0.13562942082285095
-19.235286136438404 -5.642479698869436 0.2167587698096359
-20.745117515602125 -4.723474678518665 1.1526214622291278
2.321550039066691 -1.3153190434254833 19.290175163587392
0.5897923671348612 -0.8822849190456803 18.38823458193699
1.678416820873414 0.5770057455173161 19.21610386814208
0.7404637192121326 -0.753177335227193 20.37836758640271
1.9461194610779335 16.823614701212936 -9.55143675600332
0.2193846980199602 15.83685928370928 -9.34001110932272
1.2330261472824402 15.721338916065234 -11.060239599086927
0.32114672247637743 17.426494133894423 -10.549434746207412
15.23921038223762 -11.819432336304443 2.390266567772785
14.859518120131588 -10.790168787991128 0.7180075166056857
14.412098658557852 -12.736947159018312 0.817354381205515
16.323405124566488 -12.152670171185855 0.7430038971249051
-1.9215561070618996 16.42342581032214 10.281687295337528
-1.0130260048671202 16.305688581489935 8.503848439211122
0.07559844887143152 16.39354275668672 10.179312089256364
-0.9336321412439477 18.004151098792565 9.556901947698226
15.096066981405475 2.3671344822874434 -12.003923473805772
14.879589072030567 3.3337012680785927 -10.26642931169816
14.45649023959293 4.262033816788086 -11.986657801462364
16.354889612905385 3.8430479744507324 -11.517050855892213
-18.210695353505578 -11.591467938631407 -2.186907543668041
-17.8968641478627 -10.439262762444395 -0.5825593251280026
-17.496984601051842 -12.397191738822157 -0.5012545189805457
-19.393118274618352 -11.766373498663125 -0.5833851457274564
-2.994580104839827 -15.26584522606554 -12.711551931223214
-2.8369213726357163 -15.170784724857436 -10.720043150105276
-4.5639905071668405 -15.727574309653 -11.561005433928454
-2.980131616682085 -16.946950181002155 -11.628188016521642
-13.185605412876216 -6.443366012513935 13.710436523739496
-13.22737157693218 -6.38314904152803 11.711779598715761
-13.230370252595177 -8.144373118728115 12.65945082748393
-14.846930859445017 -6.968812307608575 12.72865042098886
10.767515145221363 14.82932079053427 -0.14167666478301155
10.7257489811654 13.014737843208035 -0.9816435181843174
10.722750305502402 14.650004110392334 -2.133118764706534
12.371153255940214 14.143203831396761 -1.1202410869004145
-8.995864986202545 17.169002924872366 0.15460632995556567
-7.6207241095546925 16.039060072214276 -0.7576527994035619
-8.992406797799715 17.012987292428022 -1.8392961659970226
-7.54135296684582 18.03140548595039 -0.91340893594324
-0.7759988654814767 -5.667948985708014 -19.11525040797892
-0.8477270749507808 -3.8706900963183877 -18.240770248983708
0.8267414749637545 -4.4722445208329145 -19.154163564973107
-0.7915400297782431 -4.01090640325225 -20.2350576914615
-0.1942101130216468 -14.506301315817272 13.669368563986756
-0.35094220348527333 -14.527341848102196 11.675630279301409
1.3622938348222215 -15.075537402490577 12.549875045481484
-0.2515163409129571 -16.248664595252503 12.689120534802008
-13.847346559289551 14.14946021028724 2.2486846299005054
-13.821412494589929 12.436680934581588 1.2163501022393537
-14.835053943852408 12.552201302225633 2.93657859200356
-15.500652949183461 13.518369342751738 1.3168572327666515
18.668314999171567 -1.9818669446647776 1.9326771413579353
17.213774126864255 -1.1529460612551576 0.838510325998004
17.891532863503052 -0.21968501682096397 2.4724218651736662
19.044374670601858 -0.34741490344884574 0.8431150052276379
-4.347854354733777 -1.2275484977470874 19.432190889706174
-2.6452622130807097 -0.839711026530053 18.45712058706067
-3.6589036623431883 0.647245830480204 19.329754712984723
-2.707647654554922 -0.7077995774896746 20.451790340755284
-4.723284932722536 16.91138524689133 -9.409421029884552
-3.015669882195612 15.879433176224907 -9.271125104199053
-4.1042943359341635 15.791579001028122 -10.946588754244296
-3.1269646512906775 17.471871891631938 -10.476011991854852
17.460801232160712 -9.014047611911787 -3.2402909309906436
15.937120741002705 -9.42939169815842 -2.013145034658656
16.18996991189542 -10.491883511847323 -3.6886086847039
17.471977354584098 -10.702273943156493 -2.1680190677117346
-21.394886078450742 -1.6751118942071983 -2.709068073788377
-19.981560154903345 -0.7931727600298901 -1.6024095006794552
-20.542396507263646 0.01998863488738567 -3.3414411656261804
-21.786829997329566 0.04994882511536736 -1.7760378068065261
0.8225260705287573 -21.251519970223566 -0.8213592816050304
1.592458303280969 -19.687583751578504 0.15910380336012525
-0.3732357222985625 -20.04795921611821 0.2376946575273179
0.9050873649450412 -21.266078914132645 1.176882863335507
2.3215500390666906 17.8418857441037 7.450371475452157
0.5897923671348615 16.841506815471234 7.434328880481091
1.6784168208734136 16.929360990668016 9.109792530526336
0.7404637192121312 18.563797221605952 8.439820750462898
15.398824402670616 7.049652444437981 -9.551436756003321
14.993954619427129 5.1025059028181525 -9.340011109322724
14.57085578698949 6.0308384515276465 -11.06023959908693
16.474341007286547 5.6905115228466965 -10.549434746207416
-18.244904646369918 -11.378775438913284 3.1032644051287432
-17.90978658751135 -10.358918921306627 1.4157844585450556
-17.50990704070049 -12.31684789768439 1.4970892646925131
-19.406615376411473 -11.682456759117722 1.5038251798171947
16.213399629523973 3.2476092241977064 10.281687295337536
15.820673629353177 4.0752898935605915 8.50384843921113
15.567824458460457 5.137781707249492 10.179312089256372
17.411473421008264 4.675651727068622 9.556901947698234
-18.341403665865638 2.807177531340583 -11.291918863924655
-18.025823705644598 3.7667423411246497 -9.565754136984914
-17.652049922576428 4.684587904764812 -11.302950925030812
-19.539105895767474 4.3154193267266 -10.75273795259811
-3.0032323704085364 -5.638638197436973 -19.067824556319326
-2.8471007609850263 -3.8443779837103467 -18.198196356468088
-4.57416989551615 -4.401167568505913 -19.039158640291266
-2.9917836583752124 -3.981950806544564 -20.18820655182393
-2.421443617948706 -14.476990527546228 13.71679441564636
-2.35031588951952 -14.501029735494154 11.718204171817039
-4.038617535657684 -15.004460450163572 12.664879970163339
-2.4517599695099266 -16.219708998544814 12.735971674439586
-13.185605412876228 15.144548108889538 0.368371850498307
-13.227371576932189 13.329965161563306 -0.4715950029029988
-13.23037025259519 14.965231428747602 -1.623070249425216
-14.84693085944503 14.501398649714934 -0.5406696962675092
19.10856726982956 -3.250062334580612 0.154606329955565
17.608985856224102 -2.2913971871646965 -0.7576527994035626
18.95911894696323 -3.2949848837789815 -1.8392961659970237
19.479291912708597 -1.6002421531761897 -0.9134089359432404
0.0600139886124984 -4.517276008051564 19.4347944134176
-0.051847609388728844 -2.7752559890445236 18.45865239697157
1.661388428918766 -3.3234515434329053 19.332897163151642
0.09084830429071833 -2.796403053405057 20.45344328272579
-0.19421011302164887 18.713670096281643 -6.861702873990225
-0.35094220348527394 16.93982597481591 -7.772148964959022
1.3622938348222215 17.966934770191855 -7.871495829558853
-0.25151634091295866 18.61611815191805 -8.858500213330336
17.736001748872606 -8.797185512398727 2.2486846299005085
16.099037791012048 -9.301798654978391 1.2163501022393564
16.522136623449686 -10.230131203687886 2.9365785920035634
17.646698438314516 -10.564591131003047 1.316857232766655
-21.430423737390193 -1.4541604251448268 2.786524226026114
-20.002469101472432 -0.6631736942822638 1.6309786625106222
-20.58529042129874 0.2866768074549062 3.291732507457418
-21.809392376053744 0.1902279226536221 1.7130393716689674
-4.347854354733776 17.929656289782088 7.592387201570929
-2.645262213080708 16.88408070798685 7.5032148856047645
-3.658903662343188 16.999601075630896 9.223443375368971
-2.7076476545549215 18.60917497934346 8.513243504815463
17.54325845212012 0.7337945261267071 -9.409421029884552
16.034131640345286 2.038942220037673 -9.271125104199053
16.286980811238003 0.9764504063487714 -10.946588754244297
17.58302283246924 2.4251852302216297 -10.47601199185485
-20.62956030377356 -8.512771692850107 -2.4292094562070106
-19.066485259718362 -8.96873802985624 -1.2677917423034153
-19.41827407532052 -10.0232727003163 -2.9303804641510407
-20.639492828325274 -10.200720230553719 -1.3564881135367581
4.023382090628604 -21.10594247857977 -2.680312393377734
4.506155528639384 -19.510733422474846 -1.5747637174380051
5.4397198723072915 -19.843032476432672 -3.3120129669617002
5.7896298850636745 -21.035139051335168 -1.744707988009913
0.7456106729069534 6.781897655343869 -20.258291169857205
1.5545541111475334 7.134288235454281 -18.463456527675103
-0.40886376454926354 7.392295737203416 -18.7434964791739
0.8952518769585547 8.657271331449225 -19.579629925184232
16.251243284559994 7.721371199183785 7.45037147545217
15.834968936485849 5.76523769088686 7.434328880481103
15.582119765593129 6.82772950457576 9.109792530526347
17.426404441835572 6.440751666843504 8.439820750462909
-18.416234338711615 7.49466461983359 -8.831391930805706
-18.054090728221023 5.537424045803123 -8.636298771649066
-17.680316945152853 6.4552696094432855 -10.373495559694963
-19.568629955579382 6.16484341854371 -9.781949617021485
-18.48568895662444 3.704255389270604 11.020556311257756
-18.14734942961817 4.522315106527683 9.227150427620023
-17.79556061401601 5.576849776987744 10.889739149467648
-19.67554646449146 5.16372349191193 10.346618652163825
7.5712644464914 -17.002611375559432 -11.262573498239913
8.413285036288695 -16.446564123993316 -9.535780870162302
9.205103322533857 -15.849150319741096 -11.272479044300994
9.338085298685362 -17.766681115722882 -10.719856713517759
-2.1672195163145584 -4.487965219780522 19.4822202650772
-2.051221295422974 -2.7489438764364826 18.501226289487196
-3.7395229415611384 -3.252374591105903 19.447902087833494
-2.1093953243062513 -2.767447456697371 20.500294422363364
-2.4214436179487056 18.74298088455268 -6.814277022330623
-2.3503158895195204 16.966138087423943 -7.729575072443394
-4.038617535657684 18.038011722518853 -7.756490904877
-2.451759969509928 18.645073748625734 -8.811649073692763
18.477897319005884 -7.860333211436747 0.36837185049831056
16.765032837076348 -8.460792162349607 -0.47159500290299705
18.321190118100112 -7.958319005491128 -1.6230702494252132
18.37960363108348 -9.63909171589097 -0.5406696962675049
-21.979158762125696 -2.7093405667025934 1.0295125288391143
-20.49506512547911 -1.7899411125667368 0.05372017316102483
-21.91594085732996 -2.757061841206423 -0.9689183997828802
-22.351477765525214 -1.0497417990188092 -0.02268065209776033
0.06001398861249796 19.403195820280395 4.651129796574104
-0.05184760938872829 17.751052822360535 5.772695887946782
1.661388428918766 18.77816161773648 5.673349023346952
0.09084830429071744 19.54470528562486 6.6458789828615865
17.857772114269565 5.598137293357627 -6.861702873990229
16.2191789831749 4.900928238504625 -7.772148964959026
16.666598444748633 6.847706609531808 -7.8714958295588575
17.78270330020725 5.513490623254632 -8.85850021333034
-20.66509796271302 -8.291820223787733 3.06638284360748
-19.08739420628746 -8.838738964108611 1.9655964208866612
-19.46116798935563 -9.756584527748775 3.7027932089325577
-20.662055207049463 -10.06044113301546 2.132589064938736
4.23772070792302 -21.076521562399762 2.815577941180578
4.6322638551427335 -19.493423324320393 1.658799797554084
5.6984263402908155 -19.807521463970957 3.3215204337196784
5.92571057250717 -21.016460109810165 1.7445584086910848
18.3956773340095 1.4055132808725057 7.592387201570936
16.87514595740401 2.701674008106376 7.503214885604771
17.298244789841643 1.7733414593968817 9.223443375368978
18.53508626701827 3.1754253742184333 8.51324350481547
-20.7180698851291 1.2373203986412442 -8.594699053941087
-19.170616760779925 2.5022429580330594 -8.52148876310961
-19.522405576382084 1.4477082875730016 -10.184077484957237
-20.758689046241404 2.9297689644103215 -9.659578359767211
-2.778709889278443 -22.143164843655097 -2.4094796563076204
-3.62688246838552 -20.75090614160896 -1.250937907975841
-4.551298896110853 -21.366520860168446 -2.91420961952644
-4.407717720046309 -22.5900896506083 -1.338689432114843
3.882728785035714 4.892754952276594 -20.816868413623418
4.409013778533618 5.3601539121393795 -18.94482078657487
5.282251742485461 3.819323212648297 -19.873958135850565
5.679714561840239 5.6918818823699695 -20.453222614030217
1.6136077823045651 7.976593183739995 19.766604749218416
2.34359447941128 8.220309132854428 17.920603135406967
0.39381694142249635 8.497090948813996 18.26954350095461
1.7312883488205515 9.807976816174596 18.971503953648998
-18.52631033660608 8.179049978045489 8.190911295579927
-18.162694012545956 6.2126529700683895 8.158262009282819
-17.810905196943793 7.267187640528451 9.820850731130445
-19.691573422510253 6.929230844183639 9.230196662195803
12.113507051247748 -15.854118107872157 -8.796539646768242
10.129101149830005 -16.01272484536737 -8.604245285853633
10.920919436075168 -15.41531104111515 -10.340943459992324
11.130203921206238 -17.313548962300043 -9.746895651428842
8.441493680495153 -16.8831604727114 11.051111718091853
9.146244280637884 -16.345955410717263 9.258142863658978
10.07066070836322 -15.730340692157778 10.921414575209576
10.16100058674613 -17.653724701153745 10.38064414303678
-11.303972493591258 -16.75420990696951 -10.860651479206043
-12.056819052252955 -16.17717392063198 -9.099898364887425
-12.905846190587678 -15.558166299333196 -10.80165700909793
-13.065580186025727 -17.47184490117017 -10.242801697257121
-2.1672195163145562 19.432506608551435 4.698555648233704
-2.051221295422973 17.77736493496857 5.815269780462408
-3.7395229415611357 18.84923857006348 5.788353948028803
-2.1093953243062478 19.573660882332543 6.692730122499162
18.57390133391624 3.4889698868801338 -6.814277022330628
16.862043736418943 3.0075417558464874 -7.729575072443398
18.40317004200882 1.7330986428817303 -7.756490904877005
18.490154382140982 3.4298823543055357 -8.811649073692765
-21.46144868075017 -7.334724328626253 1.21882488767454
-19.802273300453248 -7.979559922681644 0.30705511736199176
-21.39227204217366 -7.435682794103845 -0.7774270956491243
-21.448755653865543 -9.114943437948089 0.3074200325887921
3.170862708351291 -21.93455964098488 1.0579482635658202
3.67455205422013 -20.263678778965527 0.0809865510122081
3.11135790412202 -21.888213768878988 -0.940629040021004
4.871780883059415 -21.86410038251804 0.008227893255763341
18.434990479447073 6.052993948590364 4.651129796574115
16.898276250224296 5.436066983393298 5.772695887946791
17.34569571179803 7.38284535442048 5.673349023346964
18.560045651025877 6.126047955097986 6.645878982861599
-20.79580627507307 6.106825246184257 -6.038628476649139
-19.216353764069346 5.36726613946043 -7.017598390970253
-19.616233310880204 7.325195115838191 -7.098903197117712
-20.808042828198577 6.021351692374264 -8.036763741931923
-2.5643712719840304 -22.113743927475088 3.086410678250693
-3.5007741418821725 -20.733596043454504 1.9826256070162471
-4.2925924281273335 -21.331009847706728 3.719323781154938
-4.271637032602813 -22.571410709083292 2.150576964586156
4.281856892959924 10.0269620995977 -18.884970143908948
4.6438448994306585 8.380917409838132 -17.808168601151102
5.763998916081271 10.016305416535145 -17.542159115355837
5.933115596100634 8.951520518207008 -19.2266865472582
-20.828145883023552 1.9217057568531424 8.427604172444536
-19.279220045104843 3.1774718822983274 8.273072017822262
-19.652993828173013 2.2596263186581647 10.010268805868158
-20.881632513172264 3.6941563900502485 9.352567919450069
6.668780327664448 -19.70243137228688 -8.563595388143689
7.488087487272176 -17.879383802758166 -8.491253578303441
6.5636710595468415 -18.49499852131765 -10.15452528985404
8.315256283589251 -19.303143827649873 -9.626462446274319
-2.9106542989055395 5.7116139158045955 -21.589559931544947
-3.713611277588521 6.339236683182514 -19.86870265906324
-4.695975263736072 5.022076027144568 -21.008899486328595
-4.504577112876226 6.919473263862761 -21.611602127721174
4.7744156957990755 6.1200566949720825 20.300406528080146
5.218516369847819 6.4743386433988155 18.382788502422166
6.133170733237665 4.990512727305209 19.363435251389852
6.552929437603705 6.8937590500572945 19.812273824865443
12.777409454785376 -15.762988393531614 8.226686726296489
10.784121162135765 -15.922814361099363 8.191226290920953
11.7085375898611 -15.307199642539878 9.85449800247155
11.871714012015579 -17.211766528020522 9.266281686832974
-15.705360646270597 -15.488016870970707 -8.204175402138333
-13.719427893623315 -15.698873969910373 -8.096423901965318
-14.568455031958036 -15.079866348611592 -9.798182546175823
-14.80212540382184 -16.972274905251506 -9.194702627645754
-11.22028686045852 -16.62440795071821 11.469782093351599
-11.986333993802724 -16.067846929476694 9.708131838865842
-12.822609825943166 -15.429061188244813 11.408895052654476
-12.986444500616567 -17.349100215005176 10.87353691543065
8.777516008288682 16.162118204216206 -12.159725931628579
9.423804498660715 14.27385995372826 -12.289309752674416
10.406168484808266 15.591020609766206 -11.14911292540906
10.470296427292158 15.74971814745002 -13.141775139264151
19.151119699093734 3.9438265421128698 4.698555648233713
17.54114100346833 3.5426805007351585 5.815269780462418
19.082267309058206 2.2682373877704 5.788353948028809
19.267496732959604 4.042439686148888 6.692730122499172
-21.564499392044443 4.017198365220794 -5.959585390549806
-19.90640480151481 3.4914210652076543 -6.946641903444209
-21.480269293939962 2.2579717840727827 -6.907228322647963
-21.567420831996163 3.957047154563624 -7.958678509202633
-1.430460948789071 -22.636196111093508 1.2411550011239072
-2.482869886444511 -21.202598124209395 0.32615104487848606
-1.5429260172636163 -22.59792592668748 -0.7553136315769786
-3.1514675674385635 -23.087531755982972 0.3276823117582925
3.1529549765725546 8.709877645080532 -20.283021080760154
3.6304366596814734 7.198578874241866 -19.063190245128833
3.0264775996655637 6.822452418837427 -20.932351111231476
4.8178938452840026 7.650396647286065 -20.607795739202416
-20.87034461402808 6.570259135333782 5.488082449921997
-19.304048101825188 5.91249599797807 6.543574226771547
-19.703927648636043 7.870424974355832 6.4622694206240885
-20.90842391640527 6.645460020475936 7.486305358809868
11.387400766507806 -18.50934146530824 -6.001804055763279
10.264336277426768 -17.177417104286647 -6.983997341162019
12.259040577636183 -17.05494035673007 -7.062446057110899
11.311044542411166 -18.5456671919742 -8.0000157984532
-2.511526190981331 10.845821063125705 -19.657661661830474
-3.478780156691479 9.36000018088127 -18.73205047363947
-4.214228090140261 11.219058231031418 -18.677100465833867
-4.251176078615831 10.179111899699803 -20.385066060949153
5.082852992415698 11.12943864925656 18.050389623075013
5.399988620618714 9.421659956959166 17.058967951202103
6.505454200441648 11.03683106476658 16.64766739889161
6.7487521030972975 10.074147860113479 18.383768541694696
7.33268273120207 -19.611301657946342 8.459630984921041
8.143107499577928 -17.789473318490163 8.304217998471147
7.351289213332768 -18.386887122742387 10.040916172609839
9.056766374398585 -19.20136139337036 9.386714891987497
-10.358764375966855 -19.478345861504202 -8.201017415310943
-11.12601328993133 -17.634418932424843 -8.094892092054423
-10.289737457790887 -18.273204673656725 -9.795655305843056
-12.037911641688645 -19.035292524953903 -9.193069934581311
6.334613804016082 -1.188413591648663 -21.584099179805204
7.16344440982415 -1.7786440107836199 -19.862278085961943
6.1810804236766 -3.095804666821566 -21.0024749132273
7.94606353654863 -2.3728222120573634 -21.604248110852186
-1.9801765957887336 6.99230660377611 21.31642767953862
-2.8577278097620384 7.517259214329055 19.59761162669072
-3.788079752291433 6.271686994773898 20.855782961964348
-3.5732090697233514 8.201391399762993 21.33544065150805
-15.641516441999531 -15.388990284214193 8.83182837890029
-13.656437864901548 -15.601172265969835 8.711654133053276
-14.49271369704199 -14.962386524737951 10.41241734684191
-14.730818052840085 -16.861672483951192 9.832745749396071
13.020622154417273 12.99535778154343 -12.157219725317269
11.026622870662699 13.07762738014068 -12.288363042085184
12.008986856810248 14.394788036178625 -11.148166214819828
12.144392287748238 14.50028899529702 -13.140786328363198
-11.674535789874138 16.431270836231775 -11.724227824865913
-12.375198512816336 14.560738702802295 -11.82513018602259
-13.273158313024899 15.902644753636508 -10.644894468911842
-13.417840399910643 16.064090268371753 -12.633110362497408
-21.63903773099946 4.480632254370317 5.567125536021333
-19.994099139270652 4.036650923725294 6.614530714297595
-21.567963631695807 2.8032016425904223 6.65394429509384
-21.667801920202855 4.581155482665294 7.564390591539159
9.5691457818185 -19.794477548513346 -5.924012812804423
8.63210006921318 -18.3310757853586 -6.914164625449112
7.84987826954588 -20.17132041703444 -6.873806829256784
9.514823384469153 -19.815229845686485 -7.923167238882673
-1.4424774857481326 9.263800634048163 -20.805713771712654
-2.5191017729010725 7.939830266200574 -19.762649723164365
-1.621847320491281 7.382750944509966 -21.461059884749467
-3.195082230734254 8.616262579371309 -21.519205940974125
4.017269334592195 9.899504301062423 19.572056599287645
4.443420788369707 8.31755553059837 18.424958946046836
3.921475968700289 8.054311992828023 20.337621081668914
5.696081312775291 8.859118000325454 19.886995779365005
11.836964552751022 -18.447632667147705 5.525531982743137
10.793247963229181 -17.104816718173094 6.577910720620478
12.787952263438594 -16.98233997061652 6.499462004671597
11.916473945777012 -18.462563699219686 7.523895143107614
-14.93106090516772 -18.162985838037205 -5.4413888786439735
-13.81617090526466 -16.86051335533988 -6.471236304203905
-15.808494182894108 -16.68556661713961 -6.464786791901899
-14.940800830502008 -18.20018824701964 -7.441019123119283
11.141610255286569 0.6560660453679661 -19.64959738637932
9.991690134413176 -0.6934254755993392 -18.72409409062729
11.983119688534368 -0.869519836847827 -18.667533442565663
10.99796052965467 -1.2017870521357077 -20.37605910210967
-1.6717392991721078 12.00168855806059 19.066410774533487
-2.676255558991142 10.464580527889408 18.27379107547066
-3.4157962850874455 12.318005332235272 18.140015109466106
-3.3773864042297568 11.38178020981918 19.906935368337308
-10.294920171695797 -19.37931927474769 8.834986365727678
-11.06302326120957 -17.5367172284843 8.713185942964172
-10.21399612287485 -18.155724849783084 10.414944587174675
-11.966604290706897 -18.924690103653585 9.834378442460514
7.570891771631837 14.714518452951225 -15.600147613616516
8.383182138210175 13.911521724489333 -13.958386177096724
7.647734204761394 15.770579774639485 -13.903436169291119
9.32685773634006 15.389102615584381 -14.920795173191925
-10.092185940144068 -0.9722339911681611 -21.234313238553398
-10.862222167681807 -1.5414230389686259 -19.47844649072102
-9.964262367473243 -2.883329089802838 -20.658682207831767
-11.733629525263495 -2.113833958110096 -21.18519631327854
7.265091507132883 0.09227909632284459 21.32188843127835
8.019327877650628 -0.6006214796370852 19.604036199792006
7.088975935121234 -1.8461936991922445 20.862207535065632
8.8774315797015 -1.0909040761571382 21.342794668377028
-15.99551913270554 13.377215351406718 -11.53936119841703
-14.007434721029929 13.40708002173034 -11.75529747030968
-14.905394521238494 14.748986072564552 -10.57506175319893
-15.122662310607783 14.859128273863625 -12.56017217914394
19.097202887187837 -6.534622738752098 -11.706052383803016
17.50340099543979 -7.738577682192157 -11.807482280907337
19.044434566639346 -8.216967285941934 -10.625805963356683
19.241880276655387 -8.31086225278133 -12.613819777895829
10.018709568061707 -19.732768750352818 5.603323225701996
9.161011755015585 -18.258475399245054 6.64774343633339
8.378789955348285 -20.09872003092089 6.6881012325257165
10.120252787834993 -19.732126352931974 7.600743702678146
-13.145576378002495 -19.49554777290192 -5.44033427561576
-12.21335253326268 -18.056745928927466 -6.470289593614665
-11.478798323322154 -19.916951602125835 -6.462229441056637
-13.176953013843733 -19.516602040369502 -7.439977299894015
9.321684309179389 1.2301761190158553 -20.799355879805777
8.357953914511596 -0.1780504277655625 -19.756225150063074
7.569905396446224 0.5226636130744946 -21.455630742070046
9.200088659200848 -0.6346341115649458 -21.511884687523384
-0.551922819443569 10.489543975940997 20.259351357160767
-1.6710032593091326 9.107137727086991 19.344686428217006
-0.700306622760943 8.651142899844388 21.0328264571607
-2.2711399916869914 9.887959972755612 21.085419757340063
-14.887828583596287 -18.095929645675525 6.094599425431163
-13.76530808939023 -16.781621761241777 7.100851145927913
-15.757631367019679 -16.606675023041507 7.10730065822992
-14.882579684902542 -18.10988339646045 8.09454386013467
11.978760114978122 11.42479094264675 -15.597544089905092
10.976596741902164 11.975976761974865 -13.956854367185828
12.968026296023357 11.799882400726377 -13.9002937191242
12.125353695185709 13.300499139669 -14.91914223122142
-14.76231151843877 0.9969662539988584 -19.098009262042616
-13.60993850864455 -0.3828238532377329 -18.221530108685364
-15.601098643880503 -0.5065066272426948 -18.080165731059385
-14.698629053411306 -0.8636153719364962 -19.828885829514704
11.981397147095784 1.8119335403028511 19.074475049984635
10.794214732113506 0.4111548714087989 18.28174745848283
12.781551493587179 0.22942726435602445 18.149582132734302
11.871750204040737 0.0008812579836685597 19.915942327176783
-10.653926521603928 14.95436029669574 -15.212075358513442
-11.416447187232631 14.17208836095532 -13.536780502960518
-10.63068122259187 16.011126966182776 -13.514222637475743
-12.361035462265775 15.67451913979842 -14.45898153606275
8.22045953716524 15.608571781552262 14.352581406304184
8.961913979845475 14.708077768117152 12.72797196363888
8.222373253749168 16.561502572463013 12.59419599763433
9.944478529570667 16.23918470909406 13.55880193476153
-9.161708237027288 0.3084586968033469 21.671674372530163
-10.006338699855347 -0.3634005078220911 19.987867795032937
-9.056366856028626 -1.6337181221735149 21.20600024046117
-10.802261482110643 -0.8319158222098709 21.761846465950686
17.398603360537493 -11.545843799016914 -11.519636836670925
16.8617610189162 -9.631548752190998 -11.737064465872768
18.402794590115757 -10.109938355940775 -10.555388148322114
18.57170650814561 -10.288013929854978 -12.540270475797122
-22.55900155087301 -5.986419694141681 -10.819041224887219
-21.003181378206975 -7.231824223024679 -10.987537960057804
-22.50457560318651 -7.670174936929063 -9.741077357865493
-22.788854808820044 -7.757730318369685 -11.718833507754846
-13.102344056431066 -19.42849158054024 6.095654028459377
-12.162489717388254 -17.97785433482936 7.101797856517154
-11.427935507447732 -19.83806000802773 7.109858009075181
-13.118731868244268 -19.42629718981031 8.095585683359939
10.15883416887094 11.998901016294635 -16.747302583331553
9.342860522000583 12.491351809808638 -14.988985426621614
8.554812003935213 13.192065850648696 -16.68839101862859
10.327481824731883 13.867652080239758 -16.054967816635138
-12.97849795269141 1.523650475987146 -20.324504395399718
-12.008620148330554 0.08997730208041493 -19.322547173244814
-11.27545476830638 0.7706718979977758 -21.054344907572617
-12.936431949264831 -0.3433135710033097 -21.040518151273677
10.212238975483949 2.4559194609086834 20.26570924906764
9.206052428103535 0.9892570331208509 19.35111100131829
8.49144609417656 1.7910555684089122 21.038255599840117
10.124030898248108 0.6370632818193503 21.092741010790796
-15.142696076985183 11.7817141203407 -15.020030257023647
-14.057460849790473 12.305429403564517 -13.423788795410323
-16.048620985026425 12.181746629559557 -13.282424417784341
-15.210894505784161 13.660249018328244 -14.337054700102108
12.62832788051152 12.318844271247794 14.355184930015609
11.555328583537461 12.772532805602685 12.729503773549778
13.54266534501113 12.59080519854991 12.597338447801251
12.742974488416312 14.150581233178684 13.560454876732033
5.184878722659421 -13.890234401273208 -19.086227380479063
3.533582382273614 -13.177559971766689 -18.21140422477501
3.9814156184457823 -15.121538400355638 -18.068599246709123
3.3836276417814664 -14.358958849778173 -19.818205477835615
-13.922524626629563 2.15283374893374 19.626063174321356
-12.807413910944227 0.7217564937704035 18.784311440424773
-14.802666838827701 0.5924404739611537 18.736949844240602
-13.82483937902525 0.33905293818287585 20.463115599771772
17.39359970133535 -5.978369863194395 -15.195508983594728
16.859333949021504 -6.9309954504515465 -13.520079308434505
18.398790314595228 -5.654459137277415 -13.497076272931697
18.569119594354415 -7.409605444217783 -14.440712525780377
-10.004358756070527 15.84841362529678 14.740653661407267
-10.837715345597333 14.968644404583138 13.149577637775096
-10.056042173604093 16.802049764006306 12.983409529449716
-11.743414669035168 16.5246012333081 14.020615571890714
-20.98640997543637 -11.04069020996439 -10.702281160044967
-20.409140460549246 -9.14105707293111 -10.94343225763128
-21.91053468552878 -9.579407786835494 -9.696971655438968
-22.168396833940342 -9.751866938280582 -11.67276642046377
0.7020849906096136 -23.346882928167343 -10.805301978238507
-0.9343729738568034 -22.209792248426282 -10.9756842442771
-0.9283863969704217 -23.77314754643731 -9.728333302048718
-0.92994150716844 -24.07170860276025 -11.705922459907246
-13.35888251123782 12.308398342328989 -16.246525390380754
-12.456142489476473 12.778230558882663 -14.52480585996978
-11.722977109452298 13.458925154800024 -16.256603594297584
-13.448697401637679 14.180550819261429 -15.548687021861086
10.859169708899685 12.962830191853627 15.5464191290986
9.967166279527486 13.350634967314736 13.798867316385227
9.252559945600511 14.152433502602799 15.486011914907051
10.995255182623682 14.786763257014368 14.737253560346035
5.183207761241548 -12.030988244420206 -20.313777116864376
3.5320823705856244 -11.508526242860954 -19.3133679999237
3.9773636344479444 -10.612974890128944 -21.04533577406762
3.3819769292696567 -12.522243255495123 -21.03087962281986
-12.087943286386865 2.7493938178799744 20.740560733473703
-11.16052163473863 1.2572847629668287 19.784788978136554
-10.35391407057606 2.0390638533321948 21.43954143433755
-12.012489710217585 0.9283838223809872 21.564107547040514
15.629042600076797 -11.18417945464316 -15.001854815960755
15.821138658465658 -9.993886981429927 -13.406140890295072
16.268971894637826 -11.937865410018878 -13.263335912229184
17.44882617078187 -10.714703502824833 -14.317764115500527
-14.49312831145178 12.675767448941748 14.932698762897063
-13.478729008155176 13.10198544719234 13.262569345325295
-15.47398193603865 12.97266942738309 13.215207749141122
-14.593273712553552 14.51033111183793 14.14254240785136
6.0246656144686215 -12.734366906338325 19.637845055884906
4.336106979973933 -12.072979624758549 18.794437324335124
4.779847423498577 -14.022591299151788 18.748516328590856
4.257417316167518 -13.156290539658796 20.473795951450853
-20.99141363463849 -5.473216274141864 -14.378153306968763
-20.41156753044393 -6.440503771191655 -12.72644710019301
-21.914538961049296 -5.123928568172128 -12.638659780048544
-22.170983747731523 -6.873458452643383 -13.57320847044702
18.04316746686876 -5.084316534593358 14.757220036325991
17.43806579065681 -6.134439406823733 13.166278832301117
18.97342936358301 -4.863536339453889 13.000555893993774
19.18674038758503 -6.559523350708107 14.038884582173097
-4.590813396263375 -23.277227445877507 -10.692597040390785
-2.933746659891049 -22.183480135818243 -10.933110351761473
-2.927760083004668 -23.746835433829272 -9.685759409533093
-3.018227534932167 -24.04422638795262 -11.661455302262373
0.6817373679679042 -0.7064803472910267 -25.75341421037773
-0.953154544929582 -1.3119046830560188 -24.773317374954864
-0.9501558692665792 0.4493193941440674 -25.720988603723033
-0.9504502755360569 -1.2520023178112591 -26.77241827124928
15.627371638658923 -9.32493329779016 -16.22940455234607
15.819638646777666 -8.324853252524195 -14.508104665443769
16.264919910639986 -7.429301899792185 -16.24007243958769
17.44717545827006 -8.877987908541785 -15.530438260484775
-12.658546971209075 13.27232751788798 16.047196322049405
-11.83183673194957 13.637513716388764 14.26304688303707
-11.025229167787 14.41929280675413 15.917799339238064
-12.780924043745882 15.099661996036039 15.243534355120097
6.073762427546093 -10.805244902527386 20.751288012009038
4.380180884177548 -10.341218781974547 19.793968151457662
4.898904332178267 -9.34458293479453 21.44855056784254
4.305919168316901 -11.250545862110831 21.573746075494324
-19.357757444183594 -10.723746955711146 -14.256859383163723
-19.450389134965548 -9.52970741477808 -12.655082574569208
-19.94271779197144 -11.461313145968898 -12.492258151580625
-21.13379754092652 -10.206949326150713 -13.496200599712106
16.278610365610202 -10.290126126042127 14.950874203959959
16.39987050010096 -9.197330937802116 13.280217250440547
16.843610943625603 -11.146942612195353 13.234296254696279
18.06644696401248 -9.864621409315157 14.16183299245294
6.024665614468635 23.259604601225956 -2.607652725885114
4.3361069799739465 22.20945640881504 -2.393273361557487
4.779847423498591 23.040276268317673 -4.157595548641405
4.257417316167532 24.195991797644524 -2.611184090384965
0.7507792148382335 -21.700082500588472 -14.36531120048719
-0.3427591260937558 -21.418471796593252 -12.714593384412307
1.3469532156419537 -22.484694540211038 -12.624920293809899
-0.25660068659016144 -23.228835522017814 -13.560264659181179
-20.34184586910507 -4.5791629455408405 15.574575712951976
-19.832835688808615 -5.6439477275638525 13.95991104054263
-21.339899912061508 -4.333005770348616 13.858972386876946
-21.553362954500898 -6.023376359133719 14.906388637506476
-4.611161018905084 -0.6368248650011867 -25.64070927253001
-2.9525282309638268 -1.2855925704479756 -24.73074348243924
-2.9495295553008245 0.4756315067521101 -25.67841471120741
-3.038736303299783 -1.2245201030036257 -26.72795111360441
1.7974911671431633 0.8292230095908227 25.695984871486925
0.12246586571375251 0.16855980344324328 24.825459531468546
0.16423202976971396 1.9831427507694768 25.665426384869853
0.21167900361418596 0.3475314112613333 26.815436963406146
-19.35942840560146 -8.864500798858149 -15.484409119549039
-19.451889146653528 -7.860673685872353 -13.7570463497179
-19.946769775969265 -6.952749635742208 -15.468994678939122
-21.13544825343832 -8.370233731867668 -14.708874744696349
16.32770717868767 -8.36100412223118 16.064317160084094
16.443944404304574 -7.465570095018105 14.27974807756309
16.962667852305287 -6.4689342478380905 15.934330493947966
18.114948816161863 -7.958876731767186 15.261783116496416
6.0737624275461055 23.392768669328333 -0.38424672312798674
4.380180884177562 22.32899696578861 -0.39733560045202193
4.898904332178279 23.363191368132064 1.23403435227351
4.3059191683169145 24.32754216798161 -0.4147215818385883
-4.747645392175822 -21.62772225675955 -14.248229866537752
-3.5778137063093265 -21.375897904077636 -12.645707379288638
-5.289639049019275 -22.397355807976457 -12.483603256520007
-3.7474760585766207 -23.182894982472895 -13.485931304735972
-18.708189678650157 -9.829693627110117 15.695869636757015
-18.87165729333022 -8.733151371150276 14.031275566166437
-19.36807874298363 -10.67039034814538 14.005374015344866
-20.51617674769588 -9.356867232641044 14.983396508241391
16.278610365610216 17.974352720216356 -2.5175343973301936
16.39987050010097 15.991358848877642 -2.287249169804879
16.843610943625617 16.82217870838027 -4.051571356888798
18.066446964012496 17.0783213115553 -2.4898213659865727
0.7354352513986505 -4.627153855534683 -25.637551285702614
-0.3591136272718479 -3.2211375329624445 -24.729211672528336
1.3291880188663159 -2.717706818293025 -25.675887470874635
-0.2745225411665938 -3.2875377227060225 -26.726318420539958
1.4003469803716473 -20.806029171987426 15.587417819433536
0.23597271554155397 -20.621915752965432 13.971764756323324
1.9215922646297408 -21.693771742387504 13.872711873115579
0.361020106640458 -22.37875342850813 14.919332448772307
-3.495407219729827 0.8988784918806614 25.808689809334652
-1.876907820320494 0.19487191605128618 24.868033423984176
-1.8351416562645326 2.0094548633775187 25.70800027738548
-1.876607024149541 0.375013626068965 26.859904121051024
-2.9638318264284624 -21.101038034771268 -15.47472499989486
-1.9764953459953312 -20.90309674875949 -13.746724443848098
-0.9639951734451544 -21.12017728273599 -15.45778243303325
-1.985278954430144 -22.662593181539712 -14.697563626494954
-18.659092865572692 -7.900571623299176 16.809312592881145
-18.82758338912661 -7.001390528366271 15.030806393288975
-19.24902183430395 -5.992381983788124 16.70540825459655
-20.4676748955465 -7.451122555093078 16.083346632284865
16.32770717868768 18.107516788318737 -0.29412839457306433
16.44394440430458 16.11089940585121 -0.2913114086994139
16.9626678523053 17.145093808194666 1.340058544026118
18.114948816161874 17.209871681892384 -0.29335885744019496
-4.762989355615402 -4.554793611705754 -25.52046995175318
-3.594168207487417 -3.178563640446818 -24.66032566740467
-5.307404245794911 -2.6303680860584366 -25.53457043358475
-3.7653979131530515 -3.2415971831610926 -26.651985066094756
-4.098077626642409 -20.7336689281585 15.704499153382976
-2.999081864674019 -20.57934186044981 14.040650761446992
-4.715000000031491 -21.60643301015292 14.014028910405473
-3.1298552653460012 -22.332812888963204 14.993665803217512
-18.708189678650168 18.43478521914836 -1.772538964533169
-18.871657293330227 16.455538415529478 -1.5361908540790203
-19.368078742983638 17.29873097243024 -3.280493596240244
-20.516176747695887 17.58607548822941 -1.6682578501981553
1.8511890505739097 -3.0914504986528355 25.811847796162038
0.7165067833714861 -1.7406730464631837 24.86956523389507
2.4435759179026117 -1.1838834616676177 25.710527517718248
0.8876067379836496 -1.6880039936334323 26.861536814115464
1.4003469803716422 23.24654944925947 -11.638573060574057
0.23597271554154864 21.719127394290773 -12.19643902780686
1.921592264629735 22.109880373090437 -13.199433965626056
0.36102010664045214 23.352339397319426 -13.344037260265631
-2.9775048284501757 -5.887355546570468 -25.51941534872497
-1.9913498354854366 -4.374796214034402 -24.659378956815434
-0.9777083862229563 -5.861753071044659 -25.53201308273949
-2.0015500964947694 -4.558010976510955 -26.65094324286949
-2.2634962863997097 -20.13710885921226 16.81899671253532
-1.3521895884684203 -20.04381359125337 15.041128299158771
-0.26624723177984544 -20.159809630781865 16.71662050050241
-1.3175055965383367 -21.74348200476508 16.09465775048625
-18.659092865572696 18.567949287250745 0.4508670382239599
-18.82758338912661 16.57507897250305 0.4597469070264452
-19.249021834303953 17.62164607224464 2.111136304674673
-20.467674895546505 17.7176258585665 0.5282046583482233
-3.6472355564401466 -3.019090254823905 25.928929130111477
-2.518547796844086 -1.6980991539475565 24.93845123901874
-4.193016346758619 -1.096544729433028 25.85184455500814
-2.60326863400281 -1.642063454088502 26.93587016856067
-4.098077626642412 23.3189096930884 -11.521491726624614
-2.9990818646740203 21.761701286806403 -12.127553022683186
-4.715000000031493 22.19721910532503 -13.058116928336158
-3.1298552653460048 23.39827993686436 -13.269703905820421
23.313671153865524 -12.095883781597054 -1.772538964533161
21.481809854893505 -12.862971620122277 -1.5361908540790137
22.4371362949407 -13.074535645031043 -3.280493596240236
23.06519896377723 -14.077647395135708 -1.668257850198147
1.8511890505739057 24.469357211651253 8.778331873793945
0.716506783371483 23.0224680252406 9.565102383373636
2.4435759179026078 23.525643686344083 10.43919989430876
0.8876067379836464 24.78058725380122 10.503047788872871
-1.8617510292749162 -4.351652189688619 25.92998373313969
-0.9157294248421022 -2.894331727535141 24.93939794960798
0.13667951281333912 -4.327929714419251 25.8544019058534
-0.8394208173445251 -2.9584772474383643 26.936911991785937
-2.263496286399715 24.048956840932153 -10.489493719289873
-1.3521895884684256 22.417060077761263 -11.201134820307756
-0.2662472317798512 23.96754086685262 -10.555581940515314
-1.3175055965383429 24.11948028791206 -12.250211771143059
23.425145958960066 -12.00803997750667 0.45086703822396734
21.581880095157388 -12.78411478270899 0.4597469070264529
22.7074561967495 -12.861519542638346 2.111136304674681
23.17532290413452 -13.990868092546185 0.528204658348232
-3.6472355564401475 24.541717455480182 8.895413207743383
-2.5185477968440866 23.065041917756226 9.633988388497302
-4.193016346758621 23.612982418578675 10.58051693159865
-2.603268634002813 24.82652779334615 10.577381143318075
23.443976647410196 3.3084359543573485 -11.521491726624616
21.623375078191835 3.8724391738334814 -12.12755302268319
22.56782500223825 2.375086457048086 -13.05811692833616
23.220265070978826 4.253796894465429 -13.269703905820425
-26.493695785707864 -11.440409991590547 -0.7119600935679329
-24.6742470410106 -12.255549718418084 -0.5533615716105412
-25.708180454916764 -12.44093473054425 -2.2553057812976043
-26.29322458542923 -13.428081779836349 -0.617238606720562
-1.8617510292749189 25.138600535221556 7.704005212321001
-0.9157294248421041 23.60086015173752 8.564468829767275
0.13667951281333557 25.060389080291866 7.6914220185045865
-0.8394208173445282 25.416177774056774 9.400410769449065
23.57137593287152 5.278823468047348 -10.489493719289877
21.73774062558839 5.641243808573046 -11.201134820307757
22.87676084031583 7.153161276503736 -10.555581940515317
23.346120516985714 6.200307021613244 -12.250211771143062
-26.508090938926053 -11.350909716506154 1.5141261355588758
-24.68716948065925 -12.175205877280318 1.4449822120625175
-25.74308786203143 -12.22390178258659 3.142823512268977
-26.30744529649564 -13.339666079562226 1.5818716488986047
24.467618076537526 4.115080622475871 8.895413207743406
22.71443248487334 4.732208634767816 9.633988388497322
23.75299410719252 3.309017335700757 10.580516931598673
24.415885283674726 5.195963401430749 10.577381143318098
-26.633565704771865 3.967465300751427 -10.4551598445754
-24.826203154190328 4.483723868427395 -11.138473610027662
-25.848461715629856 3.0122533844125767 -12.02715918335311
-26.459672547628315 4.9075936919886365 -12.211838465692075
24.483542556904307 5.997624332075474 7.704005212321018
22.728727792006012 6.422156432094084 8.564468829767291
23.791610043461294 7.8740760527637015 7.691422018504605
24.431616789324323 7.055694225989031 9.400410769449085
-26.665054195495994 5.939943805779475 -9.419778542185497
-24.854470176766757 6.254405573105866 -10.209018244691807
-25.92481946941498 7.795398735928867 -9.516419902317088
-26.490779457135844 6.856169471596697 -11.189004035125075
-26.765752302454402 4.789320870868601 9.986356846225966
-24.96709542599737 5.359706005808487 10.649300462692286
-26.001506978555486 3.96379540168696 11.639970097452222
-26.614067400688803 5.867526636854411 11.66399328382838
10.844930127704181 -24.707548473287936 -10.412019577855554
10.874892487285797 -22.82890990537204 -11.097453300506555
9.720899541685442 -24.199405779823177 -11.986295997285366
11.710228574334522 -24.297383307680285 -12.167873539659087
-26.78284563996035 6.672299100812253 8.795651919489055
-24.982440008925156 7.050043869349192 9.580412044355079
-26.042957325225956 8.52990780524559 8.75258008492166
-26.630953599129928 7.727686716188347 10.48771745877621
12.75629025166026 -24.224266441590466 -9.374320983092453
12.590708600827108 -22.395070626746094 -10.16591771619789
14.355836383161504 -23.027475035081167 -9.469937417374984
13.598426612566893 -23.81995774421536 -11.142749897939124
11.642188400130053 -24.598113836156536 10.030605689029656
11.724657374107457 -22.712268014967595 10.69150235798429
10.643962878379316 -24.072702671440208 11.682116789724079
12.641431706728278 -24.169562900650757 11.709253034333537
13.466726900810826 -24.126749263539633 8.842097330455934
13.362534255605336 -22.289126965349684 9.624585785246271
15.068362346331769 -22.9296710700135 8.800053326898487
14.443860236279434 -23.70391037910222 10.535147159174425
-16.592096818885825 -23.838036458241856 -8.749387742560119
-16.41229841417891 -22.01338590623525 -9.548338865424865
-18.162228868050615 -22.599531524239676 -8.77751027156851
-17.497808902191238 -23.410725765088202 -10.48059864642802
11.91006155719053 17.78976577146293 -19.798070413561515
12.022526625665074 17.7514955870569 -17.80160178086063
10.970117688009635 19.185093573941014 -18.716605737106054
12.966950573561245 19.184076679473122 -18.82911081745922
-16.523777646808227 -23.732068900213378 9.480703573009983
-16.338075765634876 -21.898261665448448 10.257019125509405
-18.09370877699705 -22.493252327580382 9.506193685482769
-17.416507740028973 -23.284622281143363 11.213569552750162
13.69554608435576 16.457203836598215 -19.797015810533306
13.625344997667058 16.55526301346932 -17.800655070271393
15.299813547581595 15.953708588954793 -18.714048386260792
14.730798390219528 17.867662886123263 -18.828068994233956
-16.903691809446286 16.85989523881375 -19.145447434771203
-16.746033077242174 16.954955740021855 -17.153938653653263
-18.473102211773302 16.39816615522629 -17.994900937476444
-17.859308077685963 18.29655447216413 -18.134107830530976
21.001508286248928 -11.429919661542101 -19.123058588383724
21.04627312596789 -11.250602981400167 -17.131616488460203
21.00450696191193 -13.0651859287264 -17.971583341861507
22.649911236686744 -11.936719940537674 -18.110180910577604
-24.905359143911994 -10.825777137439578 -18.145535450336713
-24.860594304193032 -10.646460457297646 -16.154093350413188
-24.902360468248993 -12.46104340462388 -16.994060203814495
-26.521919750761835 -11.289609916472248 -17.063134897179005
0.1570248932089114 -2.5107338049139747 -0.9291432870412096
0.20036826289070764 -2.4510767745116517 1.0694968484079415
1.1789189206696211 -3.894812823723848 0.09068898658540298
-3.034686317324863 -2.408502881996024 1.1383828535316112
-3.0780296870066595 -2.468159912398347 -0.8602572819175396
-4.091645867451622 -3.8254512555579194 0.20291836139086938
-2.4888274954496405 -5.021683829145504 0.20386507198010775
0.15702489320891128 0.2917832719741713 -2.6611940946100865
0.20036826289070764 2.0527419190805745 -1.7140161833992018
1.1789189206696211 1.8229279422230982 -3.443069145630668
-3.034686317324862 2.0953158115962016 -1.6451301782755323
-3.078029687006659 0.3343571644897987 -2.5923080894864174
-4.091645867451622 1.8922895103890274 -3.330839770825201
-2.488827495449639 2.428107744370321 -4.400359329555233
0.22897902161549188 0.23950553762123236 -2.661194094610087
1.890356380047183 0.8248936801426895 -1.714016183399203
1.369401516710708 1.6845342353543828 -3.443069145630669
0.27176685118949173 0.4497120284581053 2.6297623797851806
0.27176685118949173 2.151013645162185 1.5783001555469138
1.324587477808378 2.023423510650003 3.2739680138673384
2.9305334009653423 -2.238670002637791 -1.6451301782755328
1.2691560425336512 -2.8240581451592472 -2.5923080894864166
3.064062377579024 -3.3066368476243433 -3.3308397708252016
3.078357684711695 -1.616689050298076 -4.400359329555233
-2.9632877290260793 2.193587537677812 1.6471861606705838
-2.9632877290260797 0.49228592097373247 2.6986483849088505
-3.9459773103128652 2.0927850788159317 3.3861973886728056
-2.299032183993474 2.6893385796487808 4.351441229128094
-3.151268804648873 0.2839901990274629 -2.589216400476777
-4.754855003504836 0.9123458415118234 -1.572515613914304
-4.285530187492555 1.7589541403631952 -3.3226552098868725
0.3437209795960714 0.39743429410516773 2.62976237978518
1.961754968345966 0.9231654062243013 1.5783001555469136
1.515070073849463 1.8850298037812903 3.2739680138673384
-5.8713810360637275 -2.1228352462582394 -1.457705605374855
-4.267794837207764 -2.7511908887425998 -2.4744063919373276
-6.10457918537174 -3.1859758971715793 -3.135606251877763
-6.119923768299523 -1.495638033630873 -4.2044946702149675
3.0019319892641274 -2.140398276556178 1.6471861606705844
1.383898000514232 -2.6661293886753126 2.6986483849088505
3.20973093471778 -3.106141279197436 3.3861973886728056
3.2681529961678617 -1.3554582150196135 4.351441229128094
1.174929148646573 -2.9797358856688634 -2.5856178491789708
2.1968231761072827 -4.363814904478737 -1.5657855755523578
2.8950440152177137 -3.6926557619751788 -3.315652160542715
-3.0365268466682966 0.44191895551139554 2.7017400739184914
-4.683456415206055 1.0106175675934337 1.719800725031813
-4.139861630353803 1.9594497087900993 3.394381949611135
0.3437209795960716 2.1743929587067545 1.5315415284577751
1.961754968345966 0.9988224541218085 1.5315415284577747
1.5150700738494636 2.085315057893328 3.1501849193806883
-1.4791383965873512 0.705194544659252 -3.7442891890387333
-0.42928143124175966 2.111126339096103 -4.704057985003118
-2.4278018873140557 2.18744939898206 -4.6945302785516505
-0.44419048645055503 -6.230473861869537 -1.4527938680021624
-1.4660845139112653 -4.846394843059662 -2.472626141628775
-1.4077067636878198 -6.733824536197057 -3.1315655862988674
0.2301701178100587 -6.310683486579156 -4.19848215903689
-5.799982447764943 -2.0245635201766294 1.8346107335712618
-4.153052879227184 -2.5932621322586678 2.81655008245794
-5.958910628232984 -2.9854803287446754 3.581430907620244
-5.930128456843358 -1.2344071983524139 4.547305888468357
3.0019319892641265 2.4305032998031315 -1.177786372749942
1.3838980005142318 3.606073804388077 -1.177786372749942
3.2097309347177805 4.417815628122595 -1.263863709940515
3.268152996167861 4.498226697259143 0.7336649939073765
-4.177496143185346 -2.909297018743409 -2.4716453683645585
-5.19111232363031 -4.266588361902982 -1.4084697250561493
-5.9452799061961015 -3.5763155299632254 -3.1274097108883305
1.1142762071046293 -1.2303504178552185 -3.7427573791278372
2.1641331724502217 0.1755813765816321 -4.702526175092221
2.8059004905045333 -1.7186234126176085 -4.691438972918677
1.2896711066271522 -2.8218071291849256 2.705338625216298
2.268221764406066 -4.265543178397123 1.7265307633937594
3.040712572356468 -3.492160193548269 3.4013849989552933
-3.0365268466682966 2.2188776201129845 1.603519222591084
-4.683456415206056 1.0862746154909424 1.6730420979426726
-4.139861630353803 2.15973496290214 3.270598855124482
-1.3164809661009087 0.9290732912110884 3.7561352423309584
-0.22785651236235704 2.3883639557740857 4.584004528536049
-2.225011068295688 2.4665670159164836 4.656516328259285
-2.597697719938328 -6.202133324417451 -1.4069379151452523
-1.5840815394933647 -4.844841981257879 -2.470113558453661
-1.7200777180130709 -6.729713678990572 -3.12491407961588
-3.3901815891118936 -6.26303901548371 -4.121391785428449
-1.500804481076285 -0.3600391725815142 -7.412247822503265
0.10201389092569718 -1.556271746169098 -7.411301111914027
-0.37279189815177183 -6.1322021357879235 1.839522470943953
-1.3513425559306855 -4.688466086575725 2.8183303327664913
-1.262038206549065 -6.5333289677701485 3.585471573199139
0.4199654292662221 -6.049452651300691 4.553318399646436
-5.799982447764943 2.546338056182682 -0.9903617998492653
-4.153052879227184 3.6789410608047235 -1.059884675200854
-5.958910628232983 4.5384765785753585 -1.0686301909930775
-5.930128456843358 4.619277713926345 0.9295296532476397
-4.1201520591451875 -1.161464412731548 -3.6312974814885384
-5.172560996800627 0.2721335741525628 -4.546301437733961
-5.862877589330181 -1.6045407543311696 -4.506849354284279
-4.062754185204764 -2.751368262259475 2.819311106030709
-5.1197137353315245 -4.16831663582137 1.883846613889967
-5.7996113490573435 -3.37581996153632 3.589627448609676
1.2769336375910716 -1.0064716713033819 3.7576670522418554
2.3655580913296235 0.45281899325961517 4.585536338446946
3.0086913095229013 -1.4395057956831845 4.659607633892259
1.2896711066271527 3.681678939305995 -1.3140368104725175
2.268221764406066 3.4518649624485187 -3.0430897727039827
3.0407125723564685 4.604032746343387 -1.6023374173746845
3.0486164189662084 -2.202237751375905 1.6035192225910855
2.4803761762617134 -4.118554425721245 1.673042097942674
3.333317608078653 -3.2698475732257535 3.2705988551244842
-1.3164809661009067 2.944095286768378 2.510783160997914
-0.2278565123623546 3.0319494619651626 4.186246811043156
-2.225011068295686 3.0618325156005834 4.288622017124322
-2.5815734630033313 1.0371419133775441 -6.327784470384799
-1.6416295938224368 -0.3581858891005427 -7.409249146840263
-3.273865802036026 -1.511844570172499 -7.339416431127356
-2.5262991316395436 -6.10386159833584 1.8853784238008644
-1.469339581512784 -4.686913224773944 2.8208429159416064
-1.5744091608743147 -6.529218110563665 3.592123079882128
-3.2003862776557286 -6.001808180205247 4.630408773254876
-1.177875901901876 0.08443388539758634 7.478565327462989
0.42494247010010633 -1.111798688189997 7.479512038052226
-0.3727918981517705 4.3877230819458655 -4.662148872722666
-1.3513425559306846 4.617537058803341 -2.9330959104912004
-1.2620382065490634 6.1287368058870735 -4.240115442707757
0.41996542926622393 6.778009256918933 -3.3744890490278747
4.214004544458646 -4.729249368560244 -0.9903617998492625
4.782244787163142 -2.8129326942149047 -1.0598846752008513
6.157752376192514 -4.264794391648972 -1.068630190993075
6.225704642397708 -4.212451996007498 0.9295296532476423
0.07608091654877502 -4.293241948833601 -3.6288189609884007
1.7505494664633094 -4.894796373348129 -4.542212276977801
0.14780912601807722 -6.090500838223228 -4.503299119983614
-3.957494628658745 -0.9375856661797115 3.869126949881153
-4.9711360779212255 0.5493711908305459 4.741761075805207
-5.660086770311814 -1.3254231373967458 4.844197252526656
-4.0627541852047635 3.7521178062314444 -1.2000643296581057
-5.119713735331523 3.54909150502427 -2.8857739222077745
-5.799611349057343 4.720372978355336 -1.414094967720301
1.2769336375910723 3.8110674011420542 0.7802641633399318
2.3655580913296257 3.8989215763388385 2.4557278133851743
3.0086913095229013 4.8114463297745225 0.7963067583109946
3.1029544570314602 2.3642514699132207 -1.3140368104725177
2.5819995936949853 3.2238920251249135 -3.0430897727039836
3.439063484778439 4.314613867399086 -1.6023374173746845
-5.850093515428727 -2.085129149069287 1.7930049214981898
-5.33001257237067 -4.015768323402262 1.8393535050659156
-6.09156856559346 -3.1458143982110705 3.4712887480308092
3.2068159983712445 -0.34227232471819535 2.5107831609979128
2.9539668274785265 0.7202194889707062 4.186246811043157
3.599541998542043 -1.1699529940810793 4.28862201712432
1.7481223965686228 -2.194243071608678 -6.325227119539536
0.14385493334279 -1.690747823965256 -7.408194543812048
-0.4977850431808011 -3.583718893964098 -7.337776728777482
-2.3064083992108877 1.4158741323267638 6.360567736803668
-1.3187010146480285 0.08628716887855892 7.481564003125987
-2.9509372228616177 -1.0673715121933969 7.5513967188388955
-2.5262991316395427 4.416063619397949 -4.616292919865755
-1.4693395815127828 4.619089920605123 -2.9305833273160866
-1.574409160874312 6.132847663093557 -4.233463936024769
-3.2003862776557255 6.825653728014376 -3.2973986754194353
-1.1778759019018743 6.6512721970814 3.4200360522174136
0.4249424701001078 7.187090431062694 2.3505164934873806
4.288171660677459 1.0013348349732132 -4.662148872722666
4.809126524013933 0.14169427976151905 -2.9330959104912
6.218766329270987 0.6936141669184047 -4.240115442707756
6.316493416608387 2.493930906540994 -3.3744890490278743
-7.190889293302149 -4.579158941223897 -0.7475103870330554
-7.710970236360205 -2.6485197668909217 -0.7938589706007809
-9.123316895392092 -4.063692807561035 -0.7432409927473439
-9.104764445954322 -4.010700301562162 1.2559707521480825
-3.1589736636667993 -4.250668056317974 -3.559932955864733
-4.886042798197923 -4.8074576411135395 -4.400895239687911
-3.315105273090309 -6.0449282700446005 -4.429561155715973
0.23873834703521674 -4.0693632022817665 3.871605470381286
1.951974385342711 -4.617558756670148 4.7458502365613615
0.35059994503644343 -5.811383221288805 4.847747486827317
-3.9574946286587442 3.8799534062657246 0.89172406097923
-4.971136077921226 3.9954737739097697 2.611952550743435
-5.660086770311812 4.925528988060962 0.9808963769453931
4.823936176719706 -2.7044406749220355 -1.2000643296581068
4.9574651533333896 -3.7724075199085885 -2.8857739222077754
6.281519948036938 -4.0570826954002275 -1.4140949677203012
3.229946291191526 2.392120650568724 0.7802641633399325
2.977097120298808 3.4546124642576252 2.4557278133851774
3.6462206392656706 4.34825415886565 0.7963067583109982
-5.9084199664442165 2.482842756894709 -1.1221520773668758
-5.439095150431936 3.3294510557460804 -2.8722916733394444
-6.2050761915039505 4.441532457426828 -1.396978824905589
-0.41819495645255 -6.19637646115174 1.797922274251364
-2.4177251348052557 -6.19572980713056 1.8412656439331603
-1.3822327333240756 -6.7032162607606525 3.4753442790840787
-5.920557005209243 -0.22215447583213999 2.7051379231510735
-5.5687681896070815 0.8323801946279197 4.367726644998698
-6.258896532215511 -1.0402141930892193 4.498543806788807
-4.888469868092606 -2.106904339374089 -6.183910082249645
-3.3190594657655934 -1.6451752557866284 -7.3344565795444066
-2.725018548107859 -3.5544081056930557 -7.2903508771178815
2.023287460361068 -1.8155108526594588 6.363125087648927
0.4667835125171984 -1.2462747659861553 7.482618606154199
-0.17485646400639276 -3.1392458359849984 7.553036421188765
-2.3064083992108895 5.055866572500766 4.110928689983467
-1.3187010146480298 6.653125480562372 3.4230347278804145
-2.9509372228616177 7.231517607059294 2.4224011742740528
4.980595446153669 -1.038014544621669 -4.616292919865755
4.847066469539985 0.029952300364883055 -2.9305833273160857
6.319203920240393 0.39780206004429153 -4.233463936024768
7.480556204362376 -0.9345052243509124 -3.2973986754194344
6.689719435639447 0.9351295912209365 3.4200360522174122
6.704014742772118 2.625077388547204 2.3505164934873815
-7.270500277156633 1.1534490094029866 -4.416022968324664
-7.739825093168914 0.30684071055161466 -2.665883372352096
-9.188809273700263 0.8963805967829653 -3.9120324674094302
-9.202217117789788 2.698159891830195 -3.04403960934205
-2.4743828072233987 -8.142057121028305 -0.7434463033312373
-0.47485262887069335 -8.142703775049485 -0.7867896730130335
-1.4745396560728337 -9.874181062876755 -0.7356795039459596
-1.4311915565539368 -9.840194461082532 1.2635618154466188
-2.9963162331803543 -4.026789309766139 3.9404914755049587
-4.684617879318518 -4.5302200244355575 4.887167273851257
-3.112314454071937 -5.765810653110177 4.921485451094963
0.23873834703521768 5.282743754620693 -1.9083144954087814
1.9519743853427123 6.309852549996638 -2.0076613600086115
0.35059994503644476 6.934886752540554 -3.0298805867814593
4.9129880653537175 -2.564829514869895 0.8917240609792297
5.336086897791356 -3.4931620635793883 2.6119525507434354
6.43351944195921 -3.8609902421037647 0.980896376945394
-7.755721774643917 -2.5388901433235787 -0.9321979426761893
-7.988919923951929 -3.6020307942369185 -2.6100985891790973
-9.256169009187994 -3.852603950697855 -1.083241408814949
-5.945385061929586 2.5128696398476054 0.9756401321003583
-5.593596246327423 3.5674043103076634 2.6382288539479832
-6.309001385989713 4.479266647824705 1.0082894183974678
4.012426654068364 -5.06919019936644 -1.1118806249539932
4.710647493178796 -4.398031056862882 -2.8617472099443506
5.981336668574594 -4.847060531646642 -1.3840051653684478
-0.35825790547873637 4.0374374101456 -5.237238363805946
-2.356778361551032 4.113760470031557 -5.2277106573544785
-1.2911193646440162 5.804675863129913 -5.155765986292875
1.3977339535941067 -5.779324485089132 2.7123052312985916
2.3221503813194415 -5.1637097665296485 4.375576942849189
0.6929833534513725 -6.316529547083267 4.505274085731465
-0.6097522939254629 -5.300242664419227 -6.181382841916878
-2.6091259799597086 -5.273930551811185 -6.138808949401251
-0.6127509695884641 -3.6649763972349283 -7.332858088439095
-2.6121246556227096 -3.638664284626886 -7.290284195923467
-4.613304804300161 -1.7281721204248686 6.504442124938824
-2.9961308865911835 -1.2007021978075263 7.556356570421844
-2.4020899689334483 -3.109935047713954 7.600462272848368
2.023287460361068 6.503273234213959 1.2218337768894
0.46678351251719913 7.250008560303748 2.231626732458028
-0.17485646400639132 8.159554567193052 0.5699937399237185
5.52113424062098 -0.6311760451124355 4.110928689983466
6.734999366043898 0.8017696461767236 3.423034727880413
7.78947169409473 -0.5718462392774906 2.4224011742740514
-8.013747980672274 -0.8670066785571744 -4.339596380229812
-7.780549831364263 0.19613397235616525 -2.661695733726904
-9.296618985614362 0.6033090613798386 -3.9009466229377825
-10.451722134650439 -0.6985132583314182 -2.915555653327983
-9.326799413555943 1.1459098222965838 3.761085630254366
-9.342143996483724 2.8362476858372894 2.6921972119171604
3.087538086058621 -6.733692095008569 -4.4052300645319145
2.38931724694819 -7.404851237512127 -2.655363479541558
3.3369598655514134 -8.65232950606285 -3.8986540477115694
5.0790371510841 -8.196132282755144 -3.0285673711802
-2.4377223382111683 2.331252326111931 -7.927386331301673
-0.43920188213887257 2.2549292662259734 -7.936914037753141
-1.4229936383593587 2.9006059549010073 -9.554089165590028
-1.348180837537363 4.771989195468619 -8.852428412978172
-2.9963162331803517 5.32531764713632 -1.8394284902851108
-4.684617879318518 6.397191282231226 -1.8663443227187178
-3.112314454071936 6.980459320719182 -2.9561426225138154
4.950413665306673 1.8595112577432908 -1.9083144954087812
5.397833126880405 3.8062896287704744 -2.0076613600086106
6.487127894529448 2.4764382229403576 -3.0298805867814584
-7.751962131933942 -2.398156522175235 1.161406628165854
-8.125735915002114 -3.316002085815397 2.8986034162117504
-9.300887969852655 -3.653922647620419 1.3159387827881295
-0.3571528918217879 -8.15759330572063 -0.9249348847004738
-1.3206691690590524 -8.66094398004815 -2.6037066029971787
-1.2356717864527644 -9.948016149231194 -1.075236558716124
4.047874417245355 -5.094667884772065 0.9859979534479237
4.972290844970691 -4.479053166212579 2.649269664998522
6.0411627098949685 -4.934841917204316 1.0214583888234592
-7.0036775351115015 -4.924216312817716 -0.87730794903699
-7.7578451176772925 -4.23394348087796 -2.596247934869171
-8.97586052647381 -4.65022116157499 -1.065512374268402
3.9910306052932225 0.7914298278783709 -5.234669440488916
4.632797923347535 -1.1027749613208693 -5.223582238315372
5.950581967663441 0.3999717661344064 -5.151488648663637
-0.13629604618551439 4.342941700310959 4.997819126628761
-2.1334506021188453 4.421144760453357 5.070330926351997
-1.074094939359709 6.103384358391883 4.851617609638604
-4.248179348461346 -5.705023263853403 2.83252713266363
-5.084455180601789 -5.066237522621519 4.533290346452263
-3.482132215117142 -6.261584285094917 4.5941773871493865
1.50347554722733 4.700941158594295 -4.532460730112022
2.485839533374879 6.0181018146322405 -3.392263902846665
0.8571870568552957 6.589199409082241 -4.402876909066183
-0.3345872301330185 -4.921510445470006 6.5069693652715905
-2.333960916167264 -4.895198332861963 6.549543257787217
-0.28982239041405533 -3.220503339255826 7.557955061527156
-2.2891960764483015 -3.1941912266477823 7.600528954042783
-4.613304804300159 6.590611966448546 1.363150814179293
-2.9961308865911818 7.295581128482374 2.305364696725672
-2.4020899689334474 8.188865355464094 0.6174195915833194
5.559750176889747 3.9338826719505082 1.2218337768894
6.7509238464106796 2.6843133557763266 2.231626732458028
7.814231160149119 2.355142648282764 0.569993739923718
-8.17147291829154 -0.4509789043880258 4.40249378835111
-9.375402891648928 1.0137853995730177 3.7660834230260343
-10.507273507135599 -0.33105782465633865 2.812005013228279
1.3294712945921978 -7.976287379731077 -4.330013880847847
2.292987571829463 -7.472936705403557 -2.651242162551142
3.0819484159132915 -8.832570681431546 -3.8877437750583206
2.123477025539531 -10.285111548811484 -2.9021182769982667
3.6022421329343337 -8.71190920551305 3.7749450447485033
5.240119014432212 -8.28876815589515 2.708028472010481
-6.263896970163997 -6.610625549737492 -4.206104211405293
-5.509729387598207 -7.300898381677247 -2.487164225573112
-6.541913801210881 -8.522321775053816 -3.6882971201387065
-8.232778123652036 -8.020946430819146 -2.7451107083996584
2.949035574685417 -1.689050531652912 -7.924204622851804
2.3072682566311054 0.20515425754632838 -7.935291825025349
3.2073891323105577 -0.5551909059345941 -9.551354212910551
4.979613827979039 0.04936170997888545 -8.848690877695937
-2.0950805179743357 2.8028583326832424 7.872439548325345
-0.09792596204100479 2.7246552725408453 7.799927748602109
-1.0115822338102938 3.4668651739979945 9.416824986906265
-0.9696508216792293 5.292991065651422 8.60226622014375
5.990590686224832 -1.2040524250371896 -1.8394284902851117
7.531716991814707 -2.4784955380019476 -1.8663443227187186
7.600569381850237 -0.8029063836594797 -2.9561426225138163
-7.792134771582066 2.027205457045217 -1.6369795812220667
-8.192014318392923 3.985134433422979 -1.7182843873695246
-9.35843128378496 2.684968594400928 -2.6924713580716153
-0.2253754535260698 -8.11498552323482 1.1688223767110273
-1.0171937397712298 -8.712399327487038 2.9055205508497193
-1.0358002219019287 -9.936813862690997 1.3242353631609238
-2.712851036573033 -8.126591899986316 -0.8747735565233349
-1.8352310346477767 -8.654172254559438 -2.5927497209939627
-1.8889244050948644 -9.939419228813927 -1.0613264492824137
-0.3825645483609556 2.1711151063597938 -7.997736907865175
-1.4040614694349394 0.8016002128479949 -9.037435420264677
-1.2730588589412464 2.6787265560414886 -9.715104224130446
-6.950464176642017 -4.94992779661088 1.2201923356273734
-7.786740008782458 -4.311142055378997 2.920955549416007
-8.935542753739997 -4.7377458148552405 1.3403665814743881
4.096890150919312 2.765396196079826 -4.530928920201124
5.07925413706686 4.082556852117771 -3.3907320929357674
6.090889434673887 2.683126597482574 -4.399785603433208
-7.003619481374529 0.9361213746298137 -5.000553599960291
-7.693936073904084 -0.9405529538539179 -4.96110151651061
-8.967473281269802 0.5962960212472705 -4.833829331075023
4.2129924645864465 1.096934118043729 5.00038804994579
4.856125682779724 -0.7953906708990706 5.074459345391102
6.16760639294775 0.6986802613963758 4.85589494726784
-4.386458231566707 4.778453732618881 -4.40704275078475
-5.284418031775272 6.120359783453093 -3.2268070336740013
-3.6857955086245093 6.648985866048358 -4.306140389628071
1.6923041455543788 4.960841427399559 4.174762960794263
2.6226560880837724 6.206413646954717 2.9165916255206357
1.0385686794704676 6.838849795155489 3.9609534403730153
-0.33458723013301583 8.020976712911617 -1.491927597567296
-2.3339609161672623 8.04728882551966 -1.4493537050516685
-0.2898223904140529 8.20029339305355 0.4995145023562264
-2.2891960764482993 8.226605505661594 0.5420883948718546
7.6936340418240485 -2.3509024948219146 1.3631508141792932
7.864365333731469 -0.5950312508235103 2.3053646967256713
8.530360379795784 0.24597524180527008 0.6174195915833187
-8.212923264962008 4.115133499170605 1.5151037758205506
-9.392496229154872 2.89676362951667 2.5753784962891233
-10.533850318434103 2.5966066574263507 0.9606907137778581
1.7590550503833668 -8.010432629015517 4.412776787991136
3.487276206526671 -8.793166708783879 3.779863685086891
2.4841394254667106 -10.23668461655678 2.825938819899065
-4.537515862828445 -7.899076787316916 -4.205084518030219
-5.415135864753702 -7.371496432743794 -2.4871083535595915
-6.291498429652504 -8.709214457105501 -3.6881492113749275
-5.330486136168187 -10.18701607048393 -2.7433964589216067
1.1893531342570416 -1.1339447496664754 -9.035903610353783
2.2108500553310257 0.23557014384532307 -7.996205097954281
2.9521433292417836 -0.4746715929858577 -9.712608592857999
2.0213375669201645 0.9825734188070044 -10.717614865691003
-6.4818383213267285 -8.579200916755202 3.989671566547539
-8.151942192425551 -8.11252625324834 2.9931938607349693
3.7302844680154807 6.649404763407745 -6.947812555289121
5.333102840017465 5.453172189820162 -6.946865844699882
-6.142643842350633 -1.5694024167015885 -7.730609906170709
-5.45232724982108 0.30727191178214375 -7.770061989620391
-6.440101328501444 -0.42822821898765967 -9.345924270127401
-8.16429861332674 0.22233793082326087 -8.568809473124233
3.291677394922251 -1.2174445250815995 7.875621256775213
2.648544176728973 0.6748802638612004 7.8015499613299
3.6188005368596223 0.01106831316239286 9.419559939585742
5.358143843837174 0.5703635801616894 8.606003755425984
-8.908660804140956 -1.0079756307248453 -1.5221695726826174
-10.48252529656611 -2.241424911859717 -1.4827559918863713
-10.553599395869762 -0.5639943000798221 -2.5695747509588776
4.0626418916230564 -7.00718787329985 -1.6244014738776642
6.0573461918324725 -6.884711125743275 -1.7028501898265458
5.1063584811449 -8.350003822274461 -2.6767802117550046
-2.754231200948052 -8.081705332712932 1.222670856127508
-1.9052040626133313 -8.700712954011717 2.924429500338012
-1.986128111434278 -9.924307378976321 1.3444712788910134
-0.18028680143478865 4.114665588262251 -7.233083114648454
-0.9157347348835699 5.973723638412401 -7.178133106842848
-0.9925771680131271 4.91766231672414 -8.874844551168245
-2.716808590600091 2.201834172296823 -7.948032415076412
-1.7768647214191957 0.8065063698187364 -9.029497091531876
-1.8871695314681876 2.686808361499967 -9.702027588208164
-0.0385989927252684 2.6445430784015755 7.863128773611296
-1.0123323984172878 1.3407690239196586 9.025891203989575
-0.8545272408478898 3.2547859083307307 9.584135683079007
-7.027471894124542 2.911794775228082 -4.294051043234555
-7.925431694333109 4.2537008260622935 -3.113815326123807
-9.015556305800155 2.8819301049044608 -4.078114771341907
4.28571874924636 3.025296464885088 4.176294770705159
5.216070691775753 4.270868684440246 2.9181234354315317
6.272271057289056 2.9327769835558186 3.9640447460059867
2.9084010849997113 -6.461523972270573 -4.994699028416278
1.3056607445544783 -7.657228437145671 -4.955785871422092
3.141236273347158 -8.440805777911603 -4.826677277069642
-6.781657622081308 1.2416256647951707 5.23450389047442
-7.470608314471898 -0.6331686634321203 5.3369400671958696
-8.750448855985494 0.8950045165092384 5.17355426485646
5.846869002465605 -2.8589926476845506 -4.400998398271181
7.38790257366516 -3.337382251434329 -3.219322080720527
7.440670894213653 -1.655037704244494 -4.299568501166862
-4.197629633239658 5.038354001424147 4.3001809401215345
-5.147601477066377 6.308671615775571 3.0820484946933027
-3.504413886009339 6.898636252121608 4.057689959811127
7.731795310078217 2.1604067502882423 -1.491927597567297
8.374660063322251 0.2670202676301042 -1.4493537050516696
7.888502510983988 2.258392544342624 0.49951450235622574
8.531367264228024 0.3650060616844859 0.5420883948718535
-10.503434243135198 -2.1114258461120903 1.7506321713037045
-10.587664341239677 -0.3521992649640804 2.698275103401862
-11.302543435405484 0.506979776462888 1.0397337998771923
6.183454518335821 -6.86740102758882 1.5307133251655418
5.3118147072074455 -8.321802136166987 2.5913553265131615
5.320941508300859 -9.503804493240718 0.9780397562126877
-4.5953616779466575 -7.926807376926755 4.5480852881885285
-6.368944428841582 -8.663457095689031 3.989738247741952
-5.445633696248424 -10.132327394696638 2.9947923518402795
1.912510989705452 7.058942173596685 -6.039949111508185
3.6152128888643817 6.685705005690968 -7.02051030750479
2.5745905284138417 6.323366776452036 -8.689586731927095
-4.417878383977032 -1.0601525875720634 -8.916505383981683
-5.357822253157927 0.3351752149060239 -7.835040707526218
-6.189920310373719 -0.354360412721912 -9.51794101396432
-5.264722761357197 1.0784592660429388 -10.562468305823181
1.5810822052746927 -0.5947759385948114 9.02742301390047
2.554815610966712 0.7089981158871056 7.86466058352219
3.3706749473351394 0.1013877593033844 9.586631314351456
2.4823902274153546 1.6171579650977184 10.542346198395451
-6.662024814036209 6.78616939825163 -6.726522727652749
-8.294261022249797 5.632510717179674 -6.65669001193984
4.019120569980041 7.046953552131134 6.370935622139799
5.621938941982024 5.850720978543549 6.371882332729037
0.26353837241595035 -6.350532937478872 -7.726826070993092
1.8662787128611824 -5.154828472603773 -7.765739227987278
1.4434060379324873 -6.311931869119187 -9.341267847394473
2.557053017837313 -7.779336044291961 -8.56247686719865
-5.800002022113799 -1.0977964101302773 8.069215973456307
-5.111051329723212 0.7769979180970144 7.966779796734858
-6.0286899239523795 0.13803100010932554 9.624989882368892
-7.785768597468606 0.7433398010060623 8.88588515999769
1.4216282290652207 -8.873846830690647 -1.511409766327469
0.6394064293979222 -10.714091462366488 -1.4710519701351423
2.279326042111346 -10.348140181798414 -2.5558299769588615
-7.126619900227544 -6.8599352019635536 -1.3861416467213177
-9.118943177856993 -6.684988463763281 -1.3796921344193105
-8.249140394433603 -8.1742430863973 -2.3923933672180677
4.015946174259175 0.9828880521601994 -7.230604594148319
6.007375728380367 0.8067936909117123 -7.174043946086691
5.018109547335131 0.43170223283208387 -8.871294316867584
-2.8351660000132526 4.1496042697712126 -7.176551140444851
-2.0494000353724884 5.988642874998666 -7.153993274960075
-2.0726453343845495 4.931876205511633 -8.851845995997776
0.12785585769690622 4.538787573217031 6.975924872178373
-0.6116848683993968 6.392212377562894 6.842148906173821
-0.6135985849833271 5.439281586652143 8.600534314843674
2.9043854772356847 -1.9934355874349645 -7.9447122360460565
1.300118014009851 -1.4899403397915427 -9.027679660318569
3.134603901769826 -1.061095370419972 -9.699061459188773
-2.3728430349644047 2.6752621443386055 7.912833266400057
-1.3851356504015462 1.345675180890401 9.033829532722375
-1.4686379133748326 3.2628677137892095 9.597212319001287
4.808673711909752 -5.921884178662934 -4.287059980131749
6.349707283109306 -6.400273782412713 -3.1053836625810947
5.345516053531037 -7.83617922548885 -4.069632350929905
-6.838643295797492 3.1716950440333473 4.41317264767173
-7.788615139624213 4.442012658384771 3.1950402022434976
-8.834174683184981 3.131580490977708 4.285715578097295
-6.102913379629977 -6.342933474358141 -4.80281557205119
-4.531975854522362 -7.5804041032892 -4.831481488079254
-6.3803686347440545 -8.315499767183853 -4.623927892717488
3.1303629442929317 -6.156019682105219 5.240358462018425
1.5289885039866629 -7.349844146723875 5.342255712284381
3.3582606986314634 -8.142097282649637 5.180706318861834
-8.917672309359068 -2.664688663233605 -4.086607947280024
-10.4190665343386 -3.103039377137988 -2.8401473450877113
-10.473492482025101 -1.4192841343506069 -3.918111212109438
6.0356976007926555 -2.599092378879289 4.306225292635104
7.524719128374054 -3.149070419111853 3.089533447646775
7.622052516828823 -1.405387318171248 4.064261848272338
-10.544396549150786 2.400924679280325 -1.1027614135543717
-11.23444758659625 0.525079605027549 -1.0318049260283266
-10.6135731877273 2.5018831447579175 0.8934905697692925
-11.303624225172761 0.6260380705051417 0.9644470572953376
0.7655147559012687 -10.696781364212036 1.7625115448569457
2.48478226817389 -10.319938495690945 2.7123055613093063
3.502686523611551 -10.788940576445832 1.0558309991715458
-9.106815965009648 -6.66617835392084 1.8562984504674627
-8.229382687283262 -8.143597574818434 2.879696363725386
-8.338252911771953 -9.324047070090383 1.2688933766000265
6.24220684927741 3.8275571886104633 -6.037391760662926
5.400697416029612 5.353143070826256 -7.01945570447658
5.350671287269068 4.251492452660438 -8.687947029577225
-4.79711637633523 7.14724206072956 -5.897076892924415
-6.549236574294495 6.819470964871854 -6.8040724390123914
-5.59048524871079 6.43082062302488 -8.515722755950321
2.1632019860634797 7.403988728608775 5.519860164864653
3.9072589719788153 7.087671954434094 6.446255829932036
2.9403767564413186 6.826828327466399 8.177469099159037
0.2619227234539958 -4.552831870769925 -8.913741242179135
1.8661901866798285 -5.056327118413348 -7.830773817906624
1.4431716845018345 -6.0511713808017555 -9.513432499995165
2.5543368823230037 -4.757145069407502 -10.557849949375646
-4.026149312959383 -0.5209837765003992 9.14682124027257
-5.013856697522241 0.8086031869478059 8.02582497395025
-5.7713886922803646 0.22169893956733056 9.781298893245134
-4.803670100862009 1.7130438123336535 10.697492758263271
8.420798244640903 -4.470604644032156 -6.717614002525378
7.779158268117313 -6.363575714030999 -6.647196187490812
-6.37318871207165 7.183718186975021 6.592225449776176
-8.005424920285238 6.030059505903064 6.662058165489085
-3.5747245406266455 -6.300020716230444 -7.645095580165879
-5.1456620657342595 -5.062550087299384 -7.616429664137817
-4.82081069119141 -6.229493665030978 -9.207880031208246
-5.938515536558936 -7.667532854105938 -8.381575505426994
0.6061801926527814 -5.878926930907562 8.07299980863392
2.2075546329590487 -4.685102466288904 7.9711025583679636
1.8548174424815502 -5.745672650022201 9.629646305101815
2.935583033695444 -7.258334174109159 8.892217765923268
-4.533205296535564 -8.795480164478018 -1.3846098368104216
-3.798651086595039 -10.655685837676385 -1.3765496842523937
-5.473059635578377 -10.246117410188896 -2.3907536648681966
1.3725054418066525 1.8167823965088514 -8.900627729159858
0.5844569237412818 2.5174964373489095 -10.600033321166832
2.188479088677009 1.324331602994848 -10.658944885869797
-7.108415870784681 1.1292866313084562 -6.993726717181747
-9.099576006020635 1.005603857303495 -6.852362339555765
-8.193651097979394 0.605571348084641 -8.589968178795072
4.3240888333908725 1.4070100371149772 6.978403392678505
6.311425594864544 1.2252824300622018 6.846238066929977
5.397088130364933 0.9533215027600848 8.604084549144336
4.804746630327081 -1.5522971480177516 -7.172038597842179
6.3442029959008 -0.2757608348436196 -7.14903556233937
5.339012382640925 -0.5996715607605999 -8.847468273002402
-2.5270233408815583 4.57372625472599 7.032456846381974
-1.7453501688883177 6.407131614149156 6.866288738056594
-1.6936667513547503 5.4534954754396345 8.623532870014142
-6.106928987394 -1.874845089522531 -7.752828779680969
-4.537518585066986 -1.4131160059350707 -8.903375276975728
-6.387001006321383 -0.9357893596922222 -9.496312074836618
3.248351032871372 -1.5200076153931825 7.916153445430409
1.6918470850275011 -0.9507715287198792 9.035646963935678
3.55313551986318 -0.4850360181307305 9.600178448020674
-7.956493913880677 -5.753892306820033 -4.015243421656218
-9.45788813886021 -6.192243020724416 -2.768782819463905
-8.5337634287678 -7.6535254438533125 -3.774092324069904
4.9975023102368015 -5.661983909857674 4.420163710774536
6.4865238378182 -6.211961950090239 3.2034718657862076
5.526897676146209 -7.5865288394156085 4.2941979985092935
-5.880951520336751 -6.037429184192786 5.432241918383518
-4.308648095090171 -7.273019812867404 5.466560095627223
-6.163344209459742 -8.016791271921889 5.383455703213992
3.1303629442929326 7.440174795018562 -3.162551842497675
1.5289885039866649 8.065208997562479 -4.184771069270521
3.358260698631465 8.275021200859285 -4.965630901280811
0.0002863429648342075 -9.320435076030455 -4.081340522075756
0.0062729198512160855 -10.883790374041483 -2.8339895798473735
1.6367443074312522 -10.457525755771513 -3.9109582560371625
-8.728843711032015 -2.404788394428347 4.620615743626268
-10.282249979629704 -2.914727544815519 3.4687081832796007
-10.292110859409929 -1.1696337482773684 4.44571913732977
6.035697600792658 5.01395444009955 -0.39889639943808863
7.524719128374057 4.17166982769256 -1.434932847687647
7.622052516828825 4.263694624067758 0.5605765229603619
5.137820888400713 -9.567207934697212 -1.0856182056415133
3.5055846801871238 -10.720866615769168 -1.0157854899286045
5.250285956875258 -9.605478119103232 0.9108504270593726
3.618049748661669 -10.75913680017519 0.9806831427722815
-3.7865238737476945 -10.636875727833946 1.85944090063438
-5.453301928428036 -10.215471898610033 2.8813360660752574
-6.552768384606724 -10.656609004955094 1.2699479796282391
0.819288044638323 5.538259935047661 -9.463381135743065
2.571066957371488 6.24577244098902 -8.807106273478794
3.530745341161892 4.825602526308327 -9.837705523003685
-9.206278684425536 4.030862000425191 -5.708437665070301
-8.367491558983803 5.5343348816667435 -6.726281196053535
-8.417517687744347 4.432684263500925 -8.394772521154179
6.492897845635439 4.172603743622555 5.522417515709913
5.692743499144047 5.755110019569383 6.447310432960248
5.716457515296548 4.754954003674801 8.179108801508907
8.235727733094814 -2.579569736864436 -5.889378995432213
8.420692591897469 -4.353046898478103 -6.7952303950794395
7.776625545479192 -3.5454646667374954 -8.50782742260661
-4.546425379977205 7.49228861574165 5.662732383448423
-6.257190491180064 7.221437913614978 6.662693698424439
-5.224699020683315 6.934282174039241 8.351333075135809
-3.5763401895885982 -4.502319649521497 -8.832010751351923
-5.145750591915612 -4.9640487331089584 -7.681464254057163
-4.8210450446220605 -5.968733176713545 -9.38004468380894
-5.9412316720732425 -4.645341879221479 -10.37694858760399
0.6536517944716456 -4.0136630596982625 9.149585382075113
2.2101557423155143 -4.582899146371566 8.030091863569842
1.8617033025951888 -5.475112028512514 9.785807407214282
3.015389542818192 -4.122560523116792 10.702111114710803
-11.629365975535318 -4.206740923880149 -6.290673534921446
-11.035325057877584 -6.115973773786578 -6.24656783249492
8.709634346605466 -4.073055855308767 6.601134174903541
8.067994370081873 -5.9660269253076095 6.671551989938108
-3.2320827203898066 -5.828414709659133 8.154730299461137
-4.804386145636387 -4.592824080984514 8.120412122217433
-4.409399286642338 -5.663234445933992 9.763034121288044
-5.559985520700794 -7.146530983923137 9.073119127694927
0.6061801926527828 9.849846592231998 -1.6479168300157596
2.2075546329590496 9.224812389688084 -0.6256976032429118
1.8548174424815516 11.182560419377136 -0.8325771012669354
2.935583033695446 11.199467081477872 -2.515330767620003
-4.517428336987384 1.8942949705334375 -8.775209749832587
-3.78426295696321 2.574989566450799 -10.507007484160388
-5.420168358748731 1.4244627539797616 -10.49692928024356
1.7543882458513902 2.3423989837348653 8.70866995131627
1.0397819119244165 3.144197519022928 10.395814549838093
2.646391675223589 1.9545942082737542 10.456221764029642
3.124911363247633 -6.508159748994978 -6.987682364668178
3.5727445994198 -8.452138177583928 -6.844877386602291
2.9328153048587726 -7.698452222208212 -8.58339629033386
-6.800273211652985 1.5534086162632321 7.215281269645075
-8.79552613953646 1.424092596453983 7.1679196734609025
-7.81467251494959 1.12719061801264 8.885410687216844
-7.960420995463348 -1.3843052761748484 -6.900222039366646
-9.463392426068715 -0.06773007315532187 -6.8124347192221775
-8.540267099657912 -0.4170177791250588 -8.551928246142397
5.112889289458774 -1.128175163062975 7.036969388984644
6.6482528623849735 0.14272790430686855 6.871246450677298
5.717990965670724 -0.07805229083259979 8.627910593009515
-0.03942539242022791 -6.403209355525853 -7.749244986280579
-0.04242406808322885 -4.7679430883415534 -8.900720232802794
0.9418278474039896 -6.405519401608665 -9.49198327501517
-5.762963431758313 -1.4014171174807482 8.108036901795503
-4.145789514049335 -0.8739471948634058 9.159951347278524
-5.968469388228026 -0.35973000740297967 9.802927832372834
3.2483510328713705 7.76019096058793 2.180675303125709
1.6918470850275016 8.506926286677716 3.1904682586943363
3.553135519863182 8.803575343976291 3.8595009179500783
-3.2347682372507367 -9.27786118351483 -4.012454516952086
-3.228781660364355 -10.841216481525857 -2.765103574723704
-4.891834973623062 -10.371608493574092 -3.7719412055813946
-7.767665315553625 -5.493992038014772 4.691980269250072
-9.321071584151314 -6.003931188401944 3.5400727089034056
-8.352381806152623 -7.40387505778007 4.589738025369302
4.997502310236804 6.485630793578192 -3.087475058186801
6.486523837818202 5.643346181171203 -4.123511506436359
5.5268976761462145 7.233646293043305 -4.865173952576287
-5.88095152033675 7.558765292930992 -2.9706683861325827
-4.30864809509017 8.142033331418947 -4.060466685927681
-6.163344209459744 8.400327211587031 -4.762881516928653
-0.008059607172216043 -0.03405924972635793 -10.212582560972635
-0.00506093150921455 1.7271648274737283 -11.160253789740805
1.6268323057252698 0.5713650860386345 -11.192679396395501
0.1891149412918827 -9.06053480722519 4.62588316883053
0.14308947456010823 -10.695478541719005 3.4748659485199322
1.8181259300464219 -10.207875369698264 4.452872093402037
-8.728843711032017 5.208258424550493 -0.08450594844692808
-10.282249979629706 4.406012701988896 -1.055758112054828
-10.29211085940993 4.499448193961639 0.9420338120177894
-8.244859832942875 -9.391089480904856 -0.8006525613594058
-6.642041460940892 -10.587322054492441 -0.7997058507701675
-8.273219877214482 -9.427506381829907 1.198814747004481
-6.670401505212499 -10.62373895541749 1.1997614575937197
5.098005618805466 2.3449216100025234 -9.4608538954103
3.464269398903889 2.8602966578362983 -10.492984954846087
5.277375453548615 4.2259712995407215 -8.805507782373484
3.6436392336470376 4.741346347374498 -9.837638841809271
-3.890965635368114 5.600247709572492 -9.363082809674923
-5.594008819753143 6.3532262875618635 -8.633242297502022
-6.633704121996987 4.95936848548921 -9.621267654511284
1.2212541626953122 6.091518832583282 9.07199399861803
2.942047044002701 6.756382725083053 8.299447647845554
3.947299343684709 5.398939924280636 9.3703430005919
6.502464627169668 -7.69305554862636 -5.699159237834564
7.705927731383307 -6.46175154954393 -6.7167873716045055
6.665305370932766 -6.824089778782863 -8.38586379602681
-8.955587688067508 4.375908555437278 5.8513716113025405
-8.07544547586937 5.936301830409866 6.740484941383296
-8.05173145971687 4.936145814515285 8.472283309931955
-11.359535564667706 -2.3216925935988098 -5.472125012706708
-11.629471628278752 -4.089183178326097 -6.368289927475506
-11.037857780515703 -3.297862726493072 -8.107199067610717
8.486418729452842 -2.234523181852345 5.670430280940628
8.7127386750119 -3.9510799497349796 6.671535742357389
8.142411773506666 -3.042003115723134 8.359228408479524
-3.2744799726357985 -6.360635463010222 -7.6803589811569095
-3.277478648298799 -4.725369195825924 -8.831834227679126
-4.328736940717253 -6.336157833442734 -9.379753900209703
-2.7405746367072794 -7.034090516913219 -10.375058107708806
-3.1846111185709436 -3.9631508384498324 9.231315872902327
-4.801785036279922 -4.490620761067175 8.179401427419307
-4.402513426528699 -5.392673824424303 9.919195223400513
-5.480179011578048 -4.010757332930766 10.883012476482463
0.6536517944716478 9.978602640156359 0.501889599945624
2.210155742315517 9.231867314066573 -0.5079033556230047
1.861703302595191 11.201236766936994 -0.5207429566218787
3.0153895428181934 11.415924296309013 1.0987993626313877
-0.7048503069702262 -12.360042459276663 -6.284220929407064
-2.7042239930044722 -12.33373034666862 -6.241647036891437
-11.340529873570754 -3.8091921351567675 7.028074642507485
-10.746488955913016 -5.718424985063195 7.072180344934009
8.709634346605467 7.725759851197312 -0.6909349587133182
8.067994370081877 8.635305858086616 -2.352567951247628
-3.2320827203898066 9.90035881348043 -1.5661863391885447
-4.804386145636386 9.317090774992476 -0.4763880393934463
-4.409399286642337 11.264998623465349 -0.6991892850807055
-5.5599855207007955 11.311270271663895 -2.3344294058483452
3.1224842933529486 -3.8076064472555253 -8.770697207229915
3.5677655572152682 -2.912055094523515 -10.502664981373833
2.9302172852342054 -4.8076864925214915 -10.49199709413222
-4.135545532942643 2.41991155775945 8.834087930643541
-3.3289379687800733 3.201690648124817 10.488840386844533
-4.962255772202147 2.054725359258668 10.618237369655878
-6.405201682327224 -6.382741769667704 -6.784751811316316
-6.897530339333114 -8.31434750085852 -6.621927388327734
-6.31256999154527 -7.576781310600767 -8.386528619910834
3.433054022379327 -6.084037764040205 7.22132562215864
3.8767944659039717 -8.033649438433441 7.175404626414373
3.3117938878885704 -7.176832952280214 8.891982575678052
0.9575376568605527 -8.040051688971698 -6.89495461416238
2.647249998596263 -9.106274432589482 -6.805281523559971
2.051075997792542 -8.321662392966918 -8.545672430237262
-7.652278336331657 -0.9601832912200745 7.30878594746018
-9.159342559584548 0.3507586659951627 7.207847293794495
-8.161288516628117 0.10460149080293701 8.923450619869524
5.112889289458776 6.798592034769071 2.137957839816675
6.648252862384973 6.081999802284186 3.200574549300215
5.717990965670726 7.751943881524173 3.788706826711448
0.30454016321545757 -5.929781383484064 8.11162069519589
0.34930500293442035 -4.228774277269885 9.162606391451455
1.360359465497344 -5.829460049319417 9.807256632194282
-5.762963431758313 7.878781458500364 2.3725587594908
-4.145789514049335 8.583750620534191 3.3147726420371786
-5.968469388228028 8.92888135470404 4.062250302302237
-3.2431141873877865 0.008514642789269056 -10.143696555848969
-3.2401155117247864 1.769738719989356 -11.091367784617137
-4.901746975329045 0.6572823482360575 -11.053662345939737
-3.045939638923689 -9.017960914709565 4.694769173954201
-3.091965105655464 -10.65290464920338 3.5437519536436035
-4.710453351007894 -10.121958107500843 4.591889143857808
-7.767665315553623 6.653622665421092 -2.815658499711269
-9.321071584151312 5.8513769428594955 -3.786910663319169
-8.352381806152625 7.4163000746788414 -4.569633925716284
9.006126949866909 -3.2573303334249535 -2.9706683861325835
9.07497933990244 -1.5817411790824845 -4.060466685927681
9.893764036496833 -3.265844805885984 -4.762881516928654
0.43433876839551055 0.5748498760508728 10.187196130865196
0.4761049324514725 2.3894328233771063 11.027162984266504
2.109364069824922 1.2355130821984524 11.057721470883573
0.1891149412918842 8.189510036882572 -6.035230852287951
0.14308947456010934 7.891178003670738 -8.012319533751636
1.8181259300464234 8.547870524881718 -7.1388163538047
7.650709161169653 -6.692183326816378 -0.08450594844692798
7.3677570752227926 -8.417468042956092 -1.055758112054828
7.459666688148291 -8.397973142030116 0.9420338120177896
-8.248214011896449 2.520560229369988 -9.17666463953664
-6.646895651582453 2.993361384688136 -10.277681704096095
-8.349988408718646 4.405309826900234 -8.515331949613442
-6.74867004840465 4.878110982218383 -9.616349014172897
5.499971736862456 2.898180507538144 9.074521238950792
3.911809432852484 3.4762826692501965 10.143884781786243
5.64835554017983 4.736581583634752 8.301046138950861
4.060193236169857 5.314683745346805 9.370409681786311
6.49748558496514 -2.1529724655659486 -9.356946832606106
7.703329711758741 -3.570985819857212 -8.625388175402863
6.6636344095148985 -4.964843621929864 -9.613413532412125
-3.4889995173111235 6.153506607108112 9.172292324686172
-5.22302873312193 6.863836571655893 8.473311623822326
-6.217150119474168 5.532705883461518 9.5867808690843
-9.754851873410491 -7.479106377715583 -5.352982207436069
-10.967730481865434 -6.216002892780484 -6.319157692271619
-10.008979156281729 -6.604653234627458 -8.03080800920955
6.753155623527691 -7.348008993614269 5.860650038538271
7.997973814497737 -6.059784600800805 6.74997876583232
7.031091598960239 -6.320628227768501 8.48119203505932
1.0249009246108751 -11.564577871671585 -5.464810099569352
-0.5920620672285132 -12.326740892656437 -6.361770640766708
-0.00044821946546502733 -11.535420440823414 -8.10067978090192
-11.108844568309683 -1.9766460385867246 6.087684263666139
-11.337425545164322 -3.687216229582977 7.098476209961332
-10.672071552488228 -2.794401175478716 8.759856763475423
8.486418729452842 6.0710961743267795 0.5372752212029082
8.712738675011904 7.734179644121026 -0.5503518540114164
8.142411773506671 8.83714633522765 1.017510290352285
-2.930514417000114 -5.887207490968437 8.180506700319558
-2.885749577281151 -4.186200384754256 9.231492396575124
-3.9102053226239004 -5.760098481153487 9.919486006999746
-2.2795219762120933 -6.399505970622501 10.884902956377642
-3.1846111185709427 10.029114861404786 0.5836200907728382
-4.80178503627992 9.324145699370963 -0.3585937917735409
-4.4025134265286985 11.283674971025203 -0.387355140435651
-5.480179011578049 11.527727486495035 1.2797007244030443
-0.7151797639042679 -0.8666573328447112 -13.872620039510462
-2.714553449938513 -0.8403452202366691 -13.830046146994835
-0.41601420500566677 -11.96249367055327 7.03452724802186
-2.4153878910399134 -11.936181557945227 7.077101140537487
-11.340529873570754 7.9896235713493144 -0.263994491109385
-10.74648895591302 8.882907798331034 -1.9519395962517379
10.414569251046785 -0.014514208656451144 -1.566186339188546
10.345716861011256 -1.6901033629989195 -0.47638803939344765
12.076229661459914 -0.7125119082472177 -0.6991892850807073
12.475787313816792 -1.7924857180569245 -2.334429405848347
-6.407628752221909 -3.6821884679282504 -8.567766653878051
-6.902509381537648 -2.7742644177981064 -10.279714983099273
-6.315168011169839 -4.686015580914046 -10.29512942370919
3.5043670973976866 -3.2819898600295137 8.83860047324621
4.023090545398404 -2.285354012849499 10.493182889631086
3.388129871780787 -4.177423887242588 10.623169555767214
-4.276890609389264 -7.971165683848028 -6.783494716523082
-5.988715952099213 -8.99262358774685 -6.621390593754452
-5.446722295255759 -8.222990036529943 -8.386017203772196
-6.097059023195521 -5.958619784712926 7.424256175510507
-6.59348047284893 -7.895858761708031 7.398354624688937
-5.9335914085154595 -7.055162040672767 9.088850246101085
3.433054022379329 9.179814395137019 -2.2122538114663493
3.876794465903974 10.010634254639646 -3.976575998550268
3.311793887888574 11.162808266475732 -2.4425390389916646
0.9531187883061751 -3.1232628933127837 -10.141218035348828
2.6414204344443393 -2.619832178643365 -11.087893833695126
2.0476676669766727 -4.529279215885023 -11.049557648523106
1.2656803159922467 -7.615929704016917 7.314053372664443
2.9512998650804345 -8.68778569343899 7.215000489456696
2.4300545808223415 -7.800043123038913 8.929706435774655
-7.652278336331653 6.966583906611974 2.409774398292208
-9.159342559584543 6.290030563972482 3.537175392417408
-8.161288516628113 7.934597663159712 4.084246853571452
0.30454016321546123 9.907132965897466 -1.6761306496428272
0.34930500293442385 10.0864496460394 0.3153114502806955
1.360359465497348 11.378890789428324 -0.8280890764845884
9.274020084946898 -3.0462265593015774 2.3725587594908006
9.444751376854315 -1.2903553153031737 3.3147726420371786
10.336229266986686 -2.9171756246212635 4.062250302302237
-2.8007158118200617 0.6174237685665016 10.256082135988867
-2.758949647764099 2.432006715892735 11.096048989390173
-4.419215211229393 1.3214303443958788 11.196738521339345
-3.045939638923688 8.2320839293982 -5.96634484716428
-3.0919651056554627 7.933751896186368 -7.943433528627966
-4.710453351007892 8.633787787079145 -6.999799303348929
8.728311782040768 -5.331406236983671 -2.8156584997112697
8.445359696093906 -7.056690953123385 -3.78691066331917
9.634348434432825 -5.6518243848665835 -4.5696339257162855
-12.022575678871007 -2.980588874120322 -2.5228912988814494
-12.09364977817466 -1.3031582623404274 -3.6097100579539547
-12.985602619041435 -2.964748279485609 -4.275697103318324
0.4343387683955104 8.854624539553555 5.070013969630313
0.4761049324514718 8.794407568567648 7.0686708946540495
2.109364069824921 9.33778850628465 6.050239872585334
7.730247155092323 2.710556774245341 -6.035230852287952
7.4607391822807845 2.574594285965673 -8.012319533751636
7.567676152837934 4.370577771120992 -7.1388163538047005
-10.63636870450069 -6.451522136047202 0.30489203799062164
-10.440489702619066 -8.183108354297891 -0.6765561702130167
-10.446744270169603 -8.16232159533217 1.3233260240765508
4.784630097533599 -7.2062515682240065 -9.16896674204443
4.783130085845611 -5.537217839318275 -10.270930517193126
6.619940757473321 -6.7672080364497225 -8.506489905680485
6.618440745785333 -5.0981743075439905 -9.60845368082918
-7.846247893839458 3.0738191269056094 9.358710494824459
-6.199355617633859 3.609347396102035 10.359188032536238
-7.97900832208743 4.915920110994267 8.59122197171091
-6.332116045881833 5.451448380190692 9.59169950942269
-9.759830915615023 -1.9390232946551695 -9.010769802207609
-10.97032850149 -3.3252371630937625 -8.227758496069976
-10.010650117699596 -4.745407077774457 -9.258357745594866
6.899451703022124 -1.5997135680303285 9.178428301754986
8.074309798389951 -3.0603755357631814 8.481165745921482
7.080188412037711 -4.391506223957557 9.594634991183455
-4.37601044586903 -11.493500919344582 -5.349805174887504
-2.819295572155571 -12.297430104385395 -6.314344789107109
-3.4633626185738464 -11.489847872644788 -8.026941816634277
-9.504160877052461 -7.134059822703497 6.206827068936778
-10.675684398750999 -5.814035944037365 7.1476084451652175
-9.64319292825425 -6.101191683613101 8.83624782187659
6.753155623527698 8.528054273203596 -3.951296667898861
7.997973814497742 8.747382606111884 -2.4013538451425704
7.031091598960245 10.412479643807844 -1.8604373669932728
1.0148880462898573 -0.4234435891611994 -12.820638912833024
-0.6022858714191198 -0.9509135117785418 -13.872553358316043
-0.008244953761385537 -2.8601463616849694 -13.82844765588952
1.275591920968901 -11.219531316659493 6.094999176803487
-0.3000159841140815 -11.92477394391331 7.104995496670122
0.3653380085620097 -11.031958889809049 8.766376050184213
-11.108844568309681 6.3289733175924034 0.9545292039284128
-11.33742554516432 7.998043364273033 -0.12341138640748239
-10.67207155248823 9.084748275472071 1.4181386453481766
-2.9305144170001105 9.949706858413098 -1.6072446445191568
-2.8857495772811474 10.129023538555034 0.3841974554043661
-3.910205322623895 11.44825235759426 -0.7158597016791209
-2.279521976212087 12.597699250125078 -0.8560155613013087
10.522353997725423 0.07042177452953036 0.5836200907728373
10.351622705818004 -1.6854494694688729 -0.35859379177354134
12.091864075711298 -0.7001917573269958 -0.3873551404356519
12.656988790900373 -1.6496962595750757 1.2797007244030443
-0.11251023964857332 -0.03715389564021654 13.917547370923927
-2.111883925682819 -0.010841783032173813 13.960121263439556
-0.41601420500566655 11.641662252014171 -7.553643387876955
-2.415387891039913 11.667974364622214 -7.511069495361327
11.10300001642726 -8.316555372293724 -0.26399449110938566
11.768995062491573 -7.475548879664944 -1.951939596251738
-13.284179836599407 0.29736553599535265 -1.0615543119392914
-13.213105737295754 -1.3800650757845419 0.02526444713321485
-14.925219293056026 -0.3571680471000064 -0.12423084005089846
-15.422280756017866 -1.4253421901972902 -1.74037869902192
-1.6859030755919697 -7.206157344623048 -8.56497774917392
-0.6734029030417936 -7.423237878599548 -10.276035738359074
-2.6732395560251025 -7.4040986306348255 -10.29297830522068
-6.025745948177166 -3.1565718807022383 9.041531026598078
-6.447184393354506 -2.1475633361240902 10.716132887905651
-5.857255424623251 -4.0557529756351425 10.820037226190248
3.50436709739769 9.373235079354334 1.0172413254316623
4.023090545398406 10.407429481697795 2.648611278157193
3.38812987178079 11.36985246182186 1.0144243395580093
-4.2813094779436405 -3.054376888189115 -10.029758137709532
-5.994545516251135 -2.5061813338007335 -10.904002903889609
-5.450130626071628 -4.43060685944805 -10.889902422058038
-3.968747950257571 -7.547043698893247 7.42551327030374
-5.684666085615042 -8.574134848596358 7.398891419262217
-5.067743712225962 -7.701370766601939 9.089361662239721
-6.097059023195523 9.305232374464289 -2.009323258114486
-6.593480472848934 10.148424931365051 -3.753626000275709
-5.933591408515464 11.284479178083172 -2.2456713685686354
1.3955171638739008 -2.5143537675355527 10.258560656489
3.122586298405027 -1.9575641827399872 11.099522940312175
2.530199431076325 -3.8651312197252046 11.200843218755965
1.2656803159922487 9.947835518944057 -3.5409505055488157
2.9512998650804354 10.338588497743718 -4.54394544336801
2.4300545808223415 11.475257573912751 -2.9830845383160134
8.990299072313997 -5.124956356390344 2.409774398292208
8.812567063775061 -6.76732608686708 3.537175392417408
10.068227659363535 -5.309921103659879 4.084246853571453
9.328135279116024 3.3511073586942492 -1.6761306496428283
9.484842480021793 3.449093152748632 0.3153114502806944
10.401594040199214 4.81004936523496 -0.8280890764845896
-12.0571697086368 -2.7655043152144407 2.82677689182193
-12.141399806741282 -1.0062777340664306 3.774419823920085
-13.04273978811941 -2.609504241960403 4.560073056813179
-2.800715811820061 8.897198432069182 5.138899974753983
-2.7589496477641005 8.836981461083276 7.137556899777719
-4.419215211229394 9.423705768482074 6.189256923041102
8.770424176010485 -0.35300690853513833 -5.966344847164283
8.500916203198944 -0.48896939681480567 -7.943433528627969
9.666830271882993 -1.8119202021460687 -6.999799303348934
-11.793067376707704 -5.061341244596814 -2.3786841628578492
-11.597188374826079 -6.792927462847503 -3.360132371061488
-12.781047694902096 -5.356833792948373 -4.092329121631168
0.3273304304651121 -12.394499692060144 -2.5097226361635574
1.9672500431785367 -12.02854841149207 -3.5945006429872763
0.5954762381337227 -13.32235491617783 -4.261059984850916
8.287030306939284 3.149310177493651 5.070013969630315
8.216854109808436 3.1704240925952973 7.068670894654051
8.2289352617882 4.891659782166866 6.050239872585335
-10.721744788577007 2.953388263554144 -5.642321249047555
-10.54029669797143 2.811491113432726 -7.629012415082932
-10.562681631468235 4.609176497800745 -6.752755504364418
-3.3888109729322613 -11.954475017037169 0.31197498054899553
-5.110345447408292 -12.216360834889791 -0.6717601827943671
-5.091652603809513 -12.21469630522262 1.3281517670022183
-8.174040935567696 -7.035713157192975 -8.893029796608818
-8.175540947255682 -5.366679428287243 -9.994993571757513
-9.967309063594522 -6.5489168844763475 -8.153287402344196
-9.96880907528251 -4.8798831555706155 -9.255251177492891
5.186596215590583 -6.652992670688388 9.366408392316663
5.2306701197942 -4.921231827904379 10.365939219439204
6.990920844104531 -6.2565977523556935 8.600064015643861
7.034994748308147 -4.524836909571686 9.599594842766402
0.9393026031883902 -9.924115210197275 -9.004450319492124
-0.045812832924914504 -11.478538698490272 -8.221305890555593
-1.6795490528264907 -10.963163650656497 -9.25343694999138
-9.357864797558033 -1.3857643971195526 9.524605332153493
-10.599348414858786 -2.8146268789997366 8.878795425254381
-9.594096115176777 -4.172069679802154 9.949690778000727
6.899451703022128 8.924849500261747 2.6738906088086
8.074309798389956 8.954426801458016 1.055609533407104
7.080188412037717 10.545643711910222 0.3629686357638554
-4.386023324190045 -0.35236663683419467 -12.705633988151174
-2.829519376346175 -0.9216027235074986 -13.825127506656445
-3.4711593528697664 -2.8145737935063413 -13.754709691621876
-4.125319449511005 -11.148454364332483 6.210004101485337
-2.52724948904114 -11.895463155642263 7.152421348329721
-3.0975763905463745 -10.986386321630418 8.840114014451856
-9.504160877052461 8.742003444114374 -3.6051196375003633
-10.675684398750999 8.993131262875332 -2.0037241658096816
-9.64319292825425 10.631916187963249 -1.5053815801760118
1.5697940551635867 0.34031900901341516 12.767067554823583
0.0003836528365736003 -0.12141007457404607 13.917614052118344
0.5944245704943083 -2.030642924480474 13.961719754544868
1.2755919209689028 10.46905993280281 -7.309287383467768
-0.30001598411408126 11.687822195135395 -7.488391479886518
0.3653380085620107 12.774527106334434 -5.94684144813086
9.452033074631927 -8.609378703119297 0.9545292039284121
11.110048425119507 -8.311001121431513 -0.12341138640748262
11.937960521193162 -7.3424015856227 1.4181386453481775
10.368312300034187 0.2875436759137685 -1.6072446445191586
10.525019500939955 0.38552946996815063 0.38419745540436445
12.096254901067534 -0.18112171774376584 -0.7158597016791226
12.685534991858724 1.7249489287986677 -0.8560155613013104
-13.298098478948294 0.38390315738395764 1.0908436230716148
-13.213868380843815 -1.3753234237640526 0.143200690973458
-14.927238222700577 -0.3446155750405486 0.1879792080937439
-15.4456799718655 -1.2798601502787195 1.878108119511565
-0.11251023964857332 12.464848527839848 6.190884945779689
-2.1118839256828195 12.491160640447891 6.233458838295316
11.200434204533522 3.201818458103718 -7.553643387876958
11.843298957777558 1.30843197544558 -7.511069495361331
-14.134702209486639 -7.984422731169667 0.273407411002607
-14.849581303652448 -7.125243689742699 -1.3851338925220622
3.818301284316612 -12.759401391785396 -1.0427171139869953
2.178381671603187 -13.12535267235347 0.04206089283672387
3.611216854139144 -14.513063724240904 -0.10368332199398234
2.7113046205285247 -15.272452127473734 -1.7203116728629881
-1.687894874251661 -4.989921850703584 -10.028226327798635
-0.6742534249891805 -6.4768787077138406 -10.90086045372269
-2.6740498672164 -6.502481183239649 -10.888262719708168
-1.3040202715472329 -6.680540757397029 9.044319931302203
-0.2180779148586578 -6.796536796925524 10.719812132645847
-2.2153269694785207 -6.773836025355916 10.822188344678752
-6.025745948177168 9.49865305868161 1.2201718787835252
-6.447184393354508 10.545220158423204 2.871561276431753
-5.857255424623252 11.491523373429306 1.2112920099810396
-3.838911102375916 -2.445467762411883 10.370020554128299
-5.513379652290451 -1.8439133378973542 11.283413870117698
-4.967598861971977 -3.766458863288231 11.360498445221038
-3.9687479502575704 10.016721524067725 -3.4294906079095178
-5.684666085615044 10.45223934258635 -4.360054513562489
-5.067743712225963 11.573929930349722 -2.823429311850947
10.733896739249428 -2.923172773928858 -2.0093232581144864
11.689223179296619 -3.134736798837622 -3.75362600027571
12.565758038221446 -2.1560849354036344 -2.2456713685686354
1.3955171638739015 10.299988780424155 2.3388614183659735
3.122586298405027 10.803164441527638 3.2129589293010996
2.5301994310763254 11.74687796683481 1.552090908786284
9.069837066236664 4.277783744671376 -3.540950505548816
8.92058014626694 6.001652511877921 -4.54394544336801
10.16269032910224 5.8571688492128455 -2.9830845383160134
-11.82689876292544 -4.8509983377114185 2.853047784005285
-11.64460721817937 -6.498106042055547 3.972782575375234
-12.83707612137719 -5.00848324008786 4.571983562327128
-12.115256959010269 3.6333062068681166 -1.219523321711437
-12.184433597586782 3.7342646723457094 0.7767286616122269
-13.112902336836038 5.119504311509251 -0.3273804554260104
0.5359777282309917 -12.365859987576458 2.8402356755862463
2.255245240503612 -11.989017119055367 3.7900296920386065
0.940088184496219 -13.275052198093052 4.575189353202182
9.327207327857446 0.08574649471317153 5.138899974753986
9.257031130726595 0.10686040981481787 7.137556899777723
10.32808938083326 -1.2908381911001958 6.189256923041107
-11.838270821135898 -0.08179282421591777 -5.527511240508107
-11.65682273053032 -0.22368997433733534 -7.514202406543485
-12.815913699792727 -1.5160433006680356 -6.521060420271476
-1.7418072903409694 -12.713336324492996 -2.3682571624895017
-3.463341764817002 -12.975222142345618 -3.351992325832864
-1.76787742432888 -13.746134519387086 -4.080754822849176
0.23066667222069426 2.137241655328361 -12.531415924039576
1.8346888371564214 0.9440768209743007 -12.59032748874254
0.43592421907437195 0.810142198923083 -14.013534803302784
-10.793644252974763 3.4004152416268574 5.476310498145062
-10.637936610623326 3.4185564853052908 7.470157539768655
-10.648072461998842 5.140084554584656 6.452199598004775
5.724210540884791 -9.600150627880046 -5.624267108610832
5.543027868033142 -9.464090735964731 -7.611390794965139
7.283471872796568 -9.017616464035507 -6.73303130660726
-3.3866414147456876 4.740740654401269 -11.081525841782105
-5.141350402476137 3.961546551207192 -11.641751615846065
-5.0554175527318765 5.834770440738784 -10.946303699016223
-4.3980178800282115 -9.85387512523439 -8.890799474649494
-2.7966995197142164 -9.381073969916242 -9.99181653920895
-3.4216925258866366 -11.434111522493675 -8.149421209768922
-1.820374165572642 -10.961310367175525 -9.250438274328381
-7.772074817510698 -6.4824542596573576 9.64234533775228
-7.728000913307083 -4.750693416873351 10.64187616487482
-9.596328976963301 -6.038306600382321 8.95326651898016
-9.552255072759685 -4.306545757598313 9.9527973461027
5.18659621559059 11.35287912119125 -1.7618323721379268
5.230670119794206 11.472419678164814 0.23410538896753896
6.9909208441045365 10.490166676359737 -1.7500056028899906
7.0349947483081525 10.6097072333333 0.24593215821547476
0.9342687670719073 -4.323064010747301 -12.702491537984255
-0.053438617490951024 -2.993477047299096 -13.823487804306573
-1.6856748257045395 -4.147135728371052 -13.753655088593664
1.341268721245381 -9.370856312661651 9.530924814868966
0.32516725370630073 -10.967928414396239 8.885248030768752
-1.2629950503036729 -10.389826252684186 9.9546115736042
-9.357864797558033 9.138798671172525 3.0200676392070998
-10.599348414858785 9.200175458221462 1.453239212739994
-9.594096115176775 10.765080256065625 0.7180244225811176
-3.831117315316317 0.41139596134042056 12.882072479505434
-2.2268498520904827 -0.09209928630300146 13.965039903777944
-2.8684898286140736 -1.985070356301845 14.035457718812511
-4.1253194495110055 10.540136885129819 -7.194282458785917
-2.527249489041141 11.717132983406442 -7.440965628226919
-3.0975763905463753 12.820099674513065 -5.873103483863218
11.251086569282368 -6.337566504922548 -3.6051196375003633
11.8519439952528 -7.37414882046954 -2.0037241658096816
13.091463666133254 -5.885778687456802 -1.5053815801760115
1.5697940551635885 11.267017082729154 6.013996760459252
0.00038365283657493254 12.502588678037348 6.115553749068226
0.59442457049431 13.395872905019068 4.427608643925874
9.56248808710984 4.448277442936841 -7.309287383467769
11.208489497658016 3.32640352884514 -7.488391479886521
12.036401593731672 4.295003064653956 -5.946841448130863
-12.441644327745218 -8.321254022255795 1.4207247305632769
-14.135612396528307 -7.978763743774906 0.4141599829740441
-14.871400437263201 -6.98958563660031 1.9890068426394498
-13.231782991569158 0.5981251190980548 -1.1047133131719877
-13.300959630145671 0.699083584575647 0.8915386701516763
-14.931951334715219 0.1745742739744791 -0.1403314974169008
-15.476321464476547 2.0955639586485364 -0.2563478462626645
3.9022489230949042 -12.747878426511196 1.10979754900011
2.182981410822282 -13.124721295032288 0.16000353254774913
3.6233936435321628 -14.511392292818075 0.20854365779999773
2.8524325316016768 -15.253080385252229 1.8983713819873764
11.889542993126748 3.744846430844351 6.190884945779695
12.532407746370781 1.8514599481862124 6.2334588382953235
-14.239288068714574 3.5366097189103662 -7.011939748755375
-14.92933910616004 1.6607646446575903 -6.94098326122933
-3.960073920946334 -15.730979729174049 0.28398155623434596
-2.942169665508672 -16.199981809928936 -1.3724930059034146
3.7674458156255115 3.533891640472493 -12.418730233851445
2.1634236506897846 4.727056474826554 -12.35981866914848
3.5847801725451762 5.029479603268261 -13.733967820137073
2.6278782984354354 3.8052479871147447 -14.99317223298489
-1.2454964986839354 -4.381012724926354 10.371552364039202
-0.19308756102849522 -5.814610711810464 11.286556320284623
-2.19151810311675 -5.838333187079833 11.362138147570914
-1.3040202715472318 11.077114322658723 -1.9305144686694873
-0.21807791485865757 12.627595111750077 -1.2849615888770451
-2.2153269694785207 12.709011085829614 -1.2188733676516066
10.895813789258765 -2.795579730748822 1.220171878783526
12.021389890850879 -2.8729844906781787 2.8715612764317546
12.739079653061442 -2.019504925546503 1.2112920099810418
-3.8389111023759153 10.368874785547824 2.450321316005271
-5.51337965229045 10.916815286370273 3.396849859106621
-4.967598861971976 11.845550323271782 1.7117461352513523
10.752878840398864 -0.6791664207672423 -3.4294906079095195
11.697328764445283 -2.176519137552636 -4.360054513562491
12.573480409617225 -1.2431696402433727 -2.8234293118509477
-13.698476529298262 -2.6016384048340617 -1.4890697203678565
-14.732409943204427 -2.787023416960227 -3.191013930054919
-15.517925273995525 -1.786498678006522 -1.6476682423252478
9.364632927810401 4.510087267326357 2.3388614183659757
9.30948770611344 6.308117452251238 3.2129589293011023
10.390070213121803 6.036347579052014 1.552090908786287
-11.912274847001763 4.5539120618899265 -3.094165503032891
-11.760548462826993 6.273819835387739 -4.103569463302041
-12.938472352737096 6.161184250689359 -2.491177285623576
-1.5377597317941847 -12.685327997330493 2.863758509549277
-3.177344047990402 -12.935965031514902 3.98132029628799
-1.4299526476767324 -13.699749707100205 4.58402774061806
6.7361960687533 -10.764050397304041 -1.198600073806472
6.848661137227844 -10.802320581710063 0.7978685588944135
8.42922080092503 -11.340255100801302 -0.3032479665757635
0.6191967571489083 7.135120530264698 -10.650815224909245
2.3709756698820734 7.842633036206058 -9.99454036264497
1.0776392579038556 9.064880147690687 -10.907443930344645
-11.910170285533653 0.3652341538567958 5.5911205066845096
-11.754462643182215 0.38337539753522965 7.584967548308104
-12.901304530323332 -0.9851352438841232 6.683894682097719
3.0831968783269548 -11.466809585270846 -5.51127540106064
2.9020142054753064 -11.330749693355532 -7.498399087414946
1.953711075620924 -12.784672225179408 -6.505005688321097
-1.8338491715042449 2.442857462647868 -12.749070456293513
-3.588558159234693 1.6636633594537913 -13.309296230357473
-1.9217680220545907 1.1974722981632273 -14.311531997516036
0.7704713146353199 2.8802190057342565 12.359939583207833
2.3770810779344917 1.690615694985083 12.420346797399382
1.041448170708854 1.6435744183650436 13.908255348161138
6.1578584581401286 -9.540626501120943 5.4949676197317
6.1319243934405065 -9.383256607558895 7.4885980119780715
7.798490393761478 -8.946923105425073 6.472639921558101
-9.024549032670695 -9.406054333906063 -5.310212707870547
-8.924587473957 -9.273694349982797 -7.303322971111234
-10.613724216972031 -8.782086186643353 -6.351935312407071
5.5313172375782145 -1.9150057583955764 -11.076258416577838
5.283989051713681 -3.819204445696298 -11.63559385060573
7.05481923672448 -3.2034711806821177 -10.93915074294395
-2.9096053228318755 5.397324506723664 10.915459772309948
-4.637393112495479 4.655184253826217 11.596618490171412
-4.584085374343752 6.483503529608489 10.787664282038385
-4.403051716144693 -4.252823925784416 -12.588840693141625
-2.800233344142711 -5.449056499372 -12.587893982552385
-3.4293183104526728 -2.949049871302498 -13.751603123519905
-1.8264999384506908 -4.145282444890082 -13.750656412930667
-3.9960517619712244 -9.300616227698765 9.644575659711602
-2.349159485765627 -8.76508795850234 10.64505319742338
-3.0507124392554266 -10.92350123839964 8.957132711555426
-1.4038201630498284 -10.387972969203215 9.957610249267205
-7.772074817510701 11.523417532222284 -1.485895426702316
-7.728000913307087 11.642958089195847 0.5100423344031502
-9.596328976963305 10.708457828333113 -1.396803099553701
-9.55225507275969 10.827998385306678 0.599134661551765
1.4891747759456364 -3.559301412572688 12.885214929672355
0.5492309067647423 -2.163973610094601 13.966679606127817
-1.0830053014488468 -3.317632291166557 14.036512321840725
1.3412687212453815 12.715492654293543 -4.1191895341004745
0.3251672537063007 12.852214138886326 -5.83640968402758
-1.2629950503036729 13.550146822356812 -4.841105476528475
11.583253280836633 -6.075814196763104 3.0200676392070998
12.025265610092802 -7.237568810612408 1.453239212739994
13.202938471227805 -5.797934883366409 0.7180244225811183
-3.831117315316315 11.338094035056159 6.129001685141103
-2.2268498520904805 12.531899466308392 6.1629796007278275
-2.868489828614072 13.441445473197696 4.501346608193518
11.299059684370018 -0.6663305237132369 -7.194282458785918
11.92461871730468 1.2172361223676467 -7.44096562822692
13.149843081052463 1.0156584580541201 -5.873103483863219
-14.372748380563259 -6.0003522886108644 -3.059495574018407
-14.931963114565471 -7.021667848613424 -1.4333979729588986
-16.10957073334157 -5.501487891415409 -0.8835860106172939
10.23047697502406 4.974662619880872 6.013996760459256
11.890549877558987 3.863877250723566 6.115553749068232
12.556544923623303 4.7048837433523465 4.42760864392588
-12.560206740082817 4.739416033762774 -6.838215248074666
-14.241279045523529 3.6613270003473803 -6.9464739193657925
-14.97706708625842 4.650505107521975 -5.371627059700386
-4.7269542933100395 -14.182264537150727 1.42836483548342
-3.954584301263663 -15.73022620354911 0.42474176144246445
-2.8105717193226543 -16.181918186149545 2.001830714296791
4.095182406195464 -12.630709354694842 -1.085608366256277
4.207647474670008 -12.668979539100865 0.9108602664446089
4.1264700220195 -14.381423875023183 -0.11916139233191544
6.12309766459589 -14.408112919774485 -0.23214701880760624
3.9237679131235144 5.544749844452658 -11.662084977156375
2.1719890003903504 4.837237338511298 -12.31835983942065
3.6074550361436106 5.321159002539532 -13.62421476370702
2.8906779601713897 7.185786402751756 -13.721144025225476
-14.328275231216313 4.089877572483719 6.749157060129367
-15.018326268661779 2.2140324982309423 6.820113547655413
7.203394109904242 -12.84692804414749 -6.987925866045854
5.571157901690654 -14.000586725219446 -6.918093150332947
-3.974181323341136 6.04375888207826 -14.623566663472308
-3.0145029395507303 4.6235889673975645 -15.6541659129972
4.297241735851229 4.263093166610557 12.011105229657593
2.6906319725520564 5.45269647735973 11.950698015466045
4.1697821447456365 5.834665741244954 13.241517231912207
3.2699029346266055 4.688919088865351 14.6117296299573
-1.245496498683934 11.2358468999215 0.719802318347291
-0.19308756102849345 12.695375828475846 -0.15324449291539644
-2.191518103116749 12.773587283405538 -0.14066129909898284
10.937926183228484 2.18281959769971 -1.930514468669488
12.07694639795592 3.694737065630401 -1.2849615888770463
12.771561490511614 1.820399257174012 -1.2188733676516084
-13.719385475867345 -2.471639339086435 1.7443184428222205
-14.775303857239521 -2.520335244392704 3.44215974302868
-15.540306934134145 -1.647343178312265 1.813462366318579
11.047674701972593 -0.44686289811226054 2.450321316005274
12.086236324291777 -1.870054197179319 3.3968498591066227
12.800860293636779 -1.063990910404205 1.711746135251355
-13.718851917006113 -0.35711410013291295 -2.9083990069673975
-14.741110478445641 -1.8285845841477322 -3.7970845802928443
-15.526214467587652 -0.8733726678088803 -2.2250852415151328
1.1271482062347675 -13.913191385541209 -1.4729481956269805
1.219326045464606 -14.961742417951484 -3.1735492594824235
2.38726313455417 -15.458541985443645 -1.6278736319109086
-11.950342925181785 4.790596133077246 2.7927342972965894
-11.810769532125601 6.586063786468353 3.6626855451128217
-12.967834756792609 6.34374175461276 2.0494651327873203
7.575261782022862 -10.33100360817337 -3.0724835796105503
9.198194936299222 -9.738778103392091 -4.08013278853057
9.39305531526466 -10.903654957125031 -2.4661032508991516
-1.453884436276596 7.330555473899462 -10.909928586891011
-3.0559909110712447 8.514372486832844 -10.731512995334253
-1.2925054167975145 9.29202765848448 -11.265714591634378
-9.877523320879758 -10.545410901109852 -0.8448339376811226
-9.905883365151364 -10.581827802034903 1.154633370682764
-11.545477383000101 -11.077384527081998 0.12208555634425391
6.686700352122683 2.6067562642613815 -10.647231431508859
6.866070186865831 4.48780595379958 -9.99188531847204
8.40646811162923 3.5951501057742488 -10.903115130523199
1.0707186955395018 7.75658716296161 10.169667232462833
2.79151157684689 8.421451055461379 9.397120881690359
1.5373512350261955 9.697619401625932 10.290695830562486
3.516844795582291 -11.407285458511744 5.607959327281894
3.4909107308826703 -11.249915564949692 7.601589719528266
2.468729596585833 -12.71397886656897 6.700665539844265
-6.431134428978715 -11.341599296420533 -5.3086808979596505
-6.33117287026502 -11.209239312497267 -7.301791161200338
-5.380021839153442 -12.68815899824302 -6.348844006774099
2.887876505125693 -1.0811114140469265 -12.746281551589382
2.6405483192611605 -2.985310101347648 -13.305616985617274
1.7201604330901448 -1.5206107515575513 -14.309380879027529
-1.2830729346773926 3.200935917241501 12.648204851447844
-3.010860724340996 2.4587956643440534 13.329363569309308
-1.3016227802933158 2.051028996989675 14.284471937832151
-8.982847261350916 -9.341372126293853 5.81736797060904
-8.867956213304383 -9.185855516212774 7.80799968719241
-10.564197437914345 -8.705266874082074 6.863647917464274
6.338829551057661 8.472474875274184 -7.167659622828367
6.380595715113622 10.287057822600417 -6.32769276942706
8.013854852487073 9.133138081421762 -6.297134282809989
-8.861788046373663 -1.725589938003377 -10.769777181176318
-8.68866305163799 -3.6353218637935507 -11.338065583148001
-10.411438214332723 -2.973612132269391 -10.567230989990456
6.008353329492028 -1.2584219060731847 10.92072719751421
5.787946341694338 -3.125566743077277 11.602776255411744
7.526151415112604 -2.5547380918124154 10.794817238110653
-3.8481457072709655 -3.4890613276097997 12.998865774514984
-2.2453273352689838 -4.685293901197384 12.999812485104222
-2.826648786196981 -2.119546434098001 14.038564286914486
-1.2238304141949992 -3.315779007685585 14.039510997503724
-3.9960517619712217 12.785732739256432 -4.005538689257839
-2.349159485765623 13.441091530211287 -3.079120486882406
-3.0507124392554235 12.896641314882924 -5.764525003240907
-1.4038201630498248 13.55200010583778 -4.838106800865473
13.361124534174198 -3.83075054959212 -1.4858954267023166
13.461194774438088 -3.7518937121788256 0.5100423344031495
13.149777334602474 -5.817555753550585 -1.3968030995537009
13.249847574866362 -5.73869891613729 0.5991346615517652
1.4891747759456386 13.116654577161736 2.578907333119086
0.5492309067647444 13.459936426442148 4.310572166377493
-1.0830053014488445 14.03832855293907 3.3099386127711328
11.678677317880657 5.204925679469798 -4.1191895341004745
12.122699798199069 4.280805019785032 -5.83640968402758
13.277242366513791 2.986045971744112 -4.841105476528476
-14.415642294598356 -5.7336641160433395 3.5736780990651917
-14.954344774704095 -6.882512348919164 2.027732635684929
-16.12396588655976 -5.41198761633101 1.342500218509517
11.967048572284238 -0.13994534676920667 6.129001685141104
12.606679097205651 1.7547098442460707 6.16297960072783
13.669986410944093 1.42553913675251 4.50134660819352
-14.424242723142578 -0.3278072980026351 -6.646540373604916
-15.0099721624949 1.571700119383916 -6.867430833266458
-16.172235198343216 1.4015422130412252 -5.2487304525876475
-1.9772878824463236 -15.449180616131484 -3.0462725772484984
-2.8206739780687027 -16.25267838716753 -1.4205139156843212
-1.0475619689740656 -16.994229596468905 -0.8671825437307307
-12.64646661182169 5.275727258267146 6.501129578178933
-14.329356020983605 4.208935866525975 6.673870317547512
-15.044235115149412 5.0681149079529435 5.015329014022843
7.928367463972035 -10.912796488531995 -6.815339357855125
7.3242469546370295 -12.816370742251916 -6.922313517237001
8.468259536578035 -13.268062724852351 -5.345224564382673
-4.695719887464629 6.601308550029315 -12.762180671906977
-3.9639588933151098 6.1752556929031766 -14.574087074118736
-2.7694493886276637 7.775849275921234 -14.46803413821986
-7.284108717187779 -12.480955863624324 -0.843302127770226
-7.312468761459385 -12.517372764549375 1.156165180593661
-7.320275194817073 -14.230782676109346 0.12458118761670374
-9.31991295424302 -14.204880158811196 0.09669049605847406
4.043259619670159 3.4406506086100332 -12.317254566520399
4.222629454413307 5.32170029814823 -11.661908453483584
4.099763140048412 4.953734345810341 -13.623923980107786
6.091334995537348 4.797037765060017 -13.719253545330297
4.418043965001374 6.225062465979214 11.129865960828255
2.6972510836939847 5.560198573479443 11.902412311600731
4.187304773421989 6.119253697519451 13.113691540355427
3.4729886497348796 7.987268307964043 13.130241181020978
7.740103221781128 -12.773257354316147 6.773917229087643
6.10786701356754 -13.926916035388103 6.8437499448005505
-10.64532092592097 -12.612035786030884 -6.6078622087189824
-9.042502553918988 -13.808268359618467 -6.606915498129745
6.950334345223958 -2.1095426533182513 -14.617114057957929
5.316598125322382 -1.5941676054844764 -15.649245117393717
-3.344858373370393 6.909947612555575 14.395637777825037
-2.3396060736883855 5.552504811753156 15.466533130571385
11.070804994792875 2.2875300771746585 0.7198023183472941
12.133687246248153 3.7394496978442784 -0.15324449291539266
12.82561975969117 1.862997977156052 -0.1406612990989795
-13.764588920295543 2.507909081294458 -1.404508634828037
-14.834938212943765 4.048902244117459 -0.7119102924533143
-15.575172939024778 2.193447313968066 -0.6152689323217255
1.2532565327381135 -13.895881287386754 1.760615319365108
1.478032513448126 -14.926231405489764 3.459984141198957
2.5222538522893863 -15.440012657216656 1.833444679371327
-13.75691999518613 -0.12043002894559154 2.978500793362086
-14.791331547744244 -1.5163406330671187 3.969170428122023
-15.555576871643161 -0.690815163885477 2.3155571768957666
3.3020119112514363 -13.35132124663613 -2.889659156347448
2.148018965651084 -14.721817121087266 -3.778501853126261
3.2720495516698214 -15.229959814552027 -2.2042254336964486
1.0585861907552492 3.6125023674653667 -13.608072450927308
1.089182101819174 2.38018200855799 -15.183017028761258
2.306359066675437 3.966286084255782 -15.13053753487893
7.804862140731414 -10.299487808576778 2.814735476693204
9.501093744879988 -9.697201085816975 3.686543396291785
9.570149059577421 -10.879346410801483 2.0747854137989714
-10.7839008856824 -10.089393768613967 -2.6815506471870236
-12.432109717354189 -9.454119454651906 -3.61954541967733
-12.588672818250053 -10.61437151301027 -1.9980328059388341
7.464074216047306 0.6748090611026161 -10.904661161686745
9.054651513593734 -0.5241718726013128 -10.724359799672047
9.298837680652943 1.3873830446426236 -11.259458775729245
-0.9894446649151384 7.96980197834914 10.506218204568155
-2.599304637388379 9.142947217257293 10.327106179691015
-0.8153426788069963 9.948785824177154 10.737110899093043
-9.87852464052708 2.8247575655832433 -10.294497916378383
-9.98029903734928 4.709507163113489 -9.633165226455185
-11.581030475915549 3.8581891350773243 -10.477509040743048
7.138222290513276 3.2282228969582896 10.173251025863216
7.286606093830649 5.066623973054898 9.399775925863285
8.86618008875157 4.22788935970949 10.295024630383928
-6.389432657658933 -11.276917088808323 5.818899780519937
-6.274541609612401 -11.121400478727246 7.8095314971033085
-5.330495060095755 -12.611339685681742 6.866739223097248
3.6953888186051373 9.306369219622836 -8.837682757839907
3.7371549826610986 11.120952166949067 -7.9977159044386
2.679196048852733 10.815998510546333 -9.667364418893564
-6.270800512576368 -0.9605815987783967 -12.551260213827154
-6.0976755178406945 -2.87031352456857 -13.119548615798838
-5.182633842972825 -1.429768753600592 -14.16239543872722
3.438652741952544 -0.3230329594532977 12.650993756151973
3.218245754154856 -2.19017779645739 13.333042814049508
2.340305674851418 -0.6670540527311059 14.286623056320655
-9.22870588232341 8.677346404900685 -6.8361705245655076
-9.18693971826745 10.491929352226919 -5.9962036711642
-10.847205281732744 9.38135298073006 -5.895514139215031
6.6323808284561725 8.876513546216708 6.368513709524101
6.635379504119173 10.637737623416795 5.42084248075593
8.267272741353658 9.481937881981699 5.3884168741012335
0.8897445007768159 -9.00345814756897 -10.764017402473408
-0.9898868038674198 -9.38115500697277 -11.333518272532368
0.13404336532811403 -10.844028886977354 -10.561002262360132
-8.38475195445985 -1.069006085680986 11.22720843291573
-8.18470576165733 -2.9416841611745292 11.900304522869472
-9.940106035944597 -2.3248790433996893 11.166736991064152
-3.8481457072709633 13.186894662124626 2.6925581779617183
-2.2453273352689807 13.72271289610592 1.623038619231687
-2.8266487861969796 13.504363602438751 4.382456847164164
-1.2238304141949967 14.040181836420043 3.312937288434133
13.394802342129172 0.15053763429092593 -4.005538689257844
13.509167889525733 1.9193422690304862 -3.0791204868824087
13.208156749521677 1.0838813919603396 -5.7645250032409106
13.322522296918239 2.8526860266998995 -4.838106800865475
-16.32400932921839 -3.44008891867525 -0.8537916297783621
-16.336931768867043 -3.359745077537484 1.1445521538946963
-16.16139567958226 -5.431815513789398 -0.7726622807915775
-16.17431811923091 -5.351471672651632 1.2256815028814811
12.014499494240612 5.4695585482543905 2.5789073331190915
12.631438563260039 4.6816987318063275 4.310572166377498
13.685910891310872 3.308082846352114 3.309938612771137
-14.518070457640702 5.549679530262558 -3.5613660857653864
-15.05893063393203 4.638520101160868 -5.257614524073052
-16.203723689067353 3.3740207180692763 -4.21334915019775
-1.7185814144628027 -15.413669603669762 3.5872608234328824
-2.6856832603334864 -16.234149058940535 2.040804395597915
-0.9607403456987588 -16.982312137388316 1.3590244096061084
-14.510502594881448 0.20850392650173477 6.692804452648681
-15.098049137954975 2.119308985562509 6.752913403646845
-16.239403227234206 1.8191520134721908 5.13822562113558
3.519205155881731 -14.029176548836368 -6.62670013000101
5.505991969947723 -14.101506825457028 -6.844522274278145
5.641227097544482 -15.266199084376307 -5.224274329586531
-2.1033391178156498 2.7650012635078607 -15.546140090822576
-2.894910188081911 4.593235263825633 -15.72213918400091
-1.1072868239434293 5.316115569770985 -16.253031613088552
8.448627441366842 -10.841383668108145 6.524728882363909
7.855466446831244 -12.743453578045516 6.698769372688378
8.873370702268902 -13.212455658800403 5.042294810550617
-11.31116577144521 -10.65960081603088 -6.405660153943932
-10.762426137004917 -12.578346913881903 -6.5371828728019485
-11.84976538033626 -13.000673910384524 -4.912580374362193
7.6887166018139546 -2.641576728043458 -12.754865758769624
7.073450667735134 -2.062302021427164 -14.56756778740994
8.26796017242258 -0.4617084384091068 -14.461514851511065
-4.147063902512079 7.356468728276312 12.537326037676092
-3.3369587075250635 7.038247412756664 14.338010565127803
-2.1502341570721595 8.628125925514603 14.085085366654084
-7.287537106729785 3.5897659048082273 -12.075980949029216
-7.389311503551982 5.474515502338472 -11.414648259106018
-7.359782480407801 5.104544000307953 -13.379908833299027
-9.357039034605041 5.000341109468092 -13.390301824051512
4.568521702973796 4.1636118435781775 11.903517584500982
4.71690550629117 6.002012919674786 11.13004248450105
4.679612877326794 5.751829040790261 13.113982323954662
6.6736456851008406 5.598519670272304 13.132131660916157
-10.593708270220022 -12.531981140728982 7.164310343348559
-8.99088989821804 -13.728213714316565 7.165257053937797
7.949760836973976 10.746636942380402 -9.779593793699032
6.316024617072399 11.262011990214177 -10.811724853134818
-10.434845805307965 -1.8807505965721059 -14.246920733786672
-8.833527444993969 -1.4079494412539577 -15.347937798346129
7.579657295194698 -1.2433539228409385 14.402090383339415
5.991494991184724 -0.6652517611288871 15.471453926174865
-13.781748051906476 2.6145940867341526 1.249003002311372
-14.842265368207276 4.0944580226305485 0.4211710428779525
-15.58215368294167 2.2368493181972124 0.4642428774453473
6.078260701406034 -12.649354548164606 -1.3824029192060285
7.843388483740427 -13.281758956499683 -0.6864226203831219
6.243842352239184 -14.478550363008978 -0.5908061861005902
1.2934173116522905 6.633265865164118 -12.471420265503541
1.5709292754149844 8.577164212444837 -12.851218008266532
2.5577304268022063 7.199815891281463 -13.913825692131697
3.5316122699599877 -13.319805447039531 2.9975598999563045
2.450917774231847 -14.68024010351214 3.988174331696094
3.4491432959825827 -15.20565126822847 2.336663231001672
-6.587667909988436 -13.221171304716018 -2.6790721266868878
-5.508999254090253 -14.621049402152593 -3.6154562589211734
-6.577986102901795 -15.100331596902326 -1.9944825716381722
3.1868972636932065 2.0240784532850427 -13.606815356134073
1.9979964890530713 1.7019059216696595 -15.182480234187974
3.1722067629649446 3.320077358326605 -15.130026118740293
1.6423400229213514 4.415970588064558 13.309858636452402
1.7427174130926035 3.2796961953842425 14.952662606523509
2.9544273393173364 4.858275537951078 14.753047191513264
-10.761821356938427 -10.055146958058938 3.2100872776711102
-12.402981439906403 -9.40893956829129 4.15296032929695
-12.571642590423211 -10.587956502397597 2.546264189575158
7.891621794299103 6.174591683520785 -8.835204237339768
9.618690928830226 6.73138126831635 -7.994241953516592
9.628610691158455 5.6294369464252565 -9.663259721476935
-10.716698943697576 0.9140712630721417 -10.517526786676914
-12.329148266641518 -0.24275727175128214 -10.269021410566218
-12.545521421999151 1.6748586879274734 -10.79431341395662
7.92851398740876 1.3140555655522892 10.511485629772421
9.511337787276597 0.10440285782313108 10.334259375353222
9.776000418643456 2.0441412103352934 10.743366714998178
5.540948766078745 -8.68326896989409 -10.285390347480043
7.376259426018468 -8.244225438119805 -9.622913511116096
7.016194959403871 -10.021491328214184 -10.46652452087627
-9.427002702136493 3.4462241982801567 10.52598454099371
-9.559763130384464 5.288325182368813 9.758496017880159
-11.121318498793213 4.490928389012571 10.720630720164097
-6.637718348526117 9.442354744125671 -8.617653557216345
-6.595952184470156 11.256937691451903 -7.7776867038150375
-5.61840091037285 10.925196359398866 -9.490678587951798
4.06268024091669 9.811902492836598 8.098780268161862
4.065678916579692 11.573126570036683 7.151109039393692
3.0814270010924734 11.369621921063011 8.880222692311234
0.8873174308821316 -6.3029048458295165 -12.54703224503514
-0.992313873762104 -6.680601705233318 -13.1165331150941
0.12914535886942471 -5.394112696708884 -14.159258016729869
-5.7200242757495126 -0.20250314418476667 12.846015093914197
-5.519978082946994 -2.0751812196783095 13.519111183867938
-4.562488601211548 -0.5762120547741448 14.433608496620959
10.964154521127604 -6.3932054370675635 -6.824243537013524
12.691223655658728 -5.836415852271998 -5.983281253190347
12.098836788330027 -7.743982889257215 -5.881960974746557
-8.935154604924907 9.081385075843212 6.700002807786962
-8.932155929261903 10.8426091530433 5.752331579018794
-10.593787392866163 9.730152781290002 5.7900370176961955
1.366780592690621 -8.346874295246575 11.232968211618644
-0.4859295138867711 -8.687517304353745 11.904851833485111
0.605375543716228 -10.195295798107646 11.172965718694481
13.730624518489128 0.4151705030755144 2.6925581779617227
13.744919825621798 2.1051183004017826 1.623038619231692
13.716895514582646 1.4847751039816326 4.382456847164169
13.73119082171532 3.1747229013079004 3.3129372884341377
-16.360159088869924 0.5421182083922724 -3.371948011027668
-16.388426111446357 2.312799913070744 -2.4424926456918143
-16.224060144583905 1.4712145906672363 -5.137806722761933
-16.252327167160335 3.2418962953457084 -4.208351357426081
0.9987101406125687 -16.665668882128504 -0.834691747105096
1.076649372656006 -16.654970653120458 1.1637604099415946
-0.9669838849669622 -17.026044346668208 -0.7561008929379028
-0.889044652923525 -17.01534611766016 1.2423512641087873
-14.561436415344481 5.819302582199402 3.144805067404611
-15.124625949253486 5.046973467645199 4.901599104196425
-16.256496564740157 3.7021302434158434 3.947520694398671
9.214574673971077 -12.589118384248785 -3.534620897257871
8.477784770517086 -13.350097373913982 -5.231103026682284
7.552587221500565 -14.782917052678831 -4.186575734823422
-1.6215919442198394 8.961983467394711 -13.214341070327848
-2.6435388279551404 7.82676507085132 -14.505427341253675
-0.9456129703830921 7.395816392650761 -15.470482271786347
4.0394651332765354 -13.957763728412514 6.713368110218022
6.037211462141937 -14.028589661250626 6.7765606156472336
6.0463382632353495 -15.210592018324355 5.163245045346758
-6.981469911873253 -13.8909858010171 -6.403102803098674
-8.976941609839688 -13.910908848746615 -6.536128269773737
-9.073684621481032 -15.072548234176123 -4.910940672012322
3.275502309725814 -1.2493932781211377 -15.54296305827401
5.253524721627955 -1.4881919477792767 -15.717326280836401
5.438329713764455 0.43092093175365637 -16.24916542051328
-1.4315742401855784 3.689606295885426 15.430137385370683
-2.2171422277965247 5.526102830637069 15.530951147755081
-0.40913758887114543 6.2770355547152565 15.939875675672916
-11.261134947495977 -10.581999696479414 6.9444209645961195
-10.711341390825794 -12.499111091191375 7.094123821314039
-11.81080784700448 -12.940248197536437 5.48273573486702
8.657512533351838 9.820584911902776 -8.065606479140397
8.06265472945913 10.662380763446574 -9.779527112504613
9.022333113249534 9.24221084876588 -10.810126362029504
-11.107039514248843 -2.394221241205929 -12.354636173762728
-10.554456604419967 -1.8303156326750567 -14.192205925481687
-11.700854585068713 -0.19891529162601507 -14.036306608005486
8.237372586766503 -1.8864165497964662 12.544640950813443
7.700450853525177 -1.1993103015736795 14.344529851836596
8.887175403978079 0.39056821118425666 14.091604653362879
5.538521696184059 -5.982715668154638 -12.068405190041778
7.373832356123781 -5.543672136380353 -11.405928353677831
7.012240766728583 -5.62173831395621 -13.371419944704703
7.480598468422248 -7.566104842997098 -13.380356611293573
-6.762275023426156 4.3127271397763725 12.14479120199217
-6.895035451674128 6.154828123865029 11.377302678878621
-6.779932743129429 5.902638695287873 13.357997470763427
-8.77472834504156 5.80182301468038 13.461083382194953
-10.888965698494092 10.994557927564788 -9.378449213146329
-9.287647338180097 11.467359082882938 -10.479466277705786
8.351991789213718 11.300260352897084 8.767993317505764
6.763829485203745 11.878362514609135 9.837356860341213
1.1911904340273467 -10.557618477635668 -14.240053772557058
1.18969042233936 -8.888584748729935 -15.342017547705753
-9.805522855337221 -1.0145618660947917 14.772283707510672
-8.158630579131623 -0.47903359689836644 15.772761245222451
6.181752733611239 -12.63514884672246 1.271252622105638
7.88758082433767 -13.275692951386276 0.4467201637578533
6.285945378816727 -14.472771144912409 0.48876416731529804
-9.277825525321761 -12.44726572763106 -1.0554163388363724
-11.027755979193469 -13.033411345635484 -0.2845877449800156
-9.457623930028678 -14.271916279637665 -0.2564652159716245
6.015142988282229 3.109296988469324 -12.468631360799407
7.800035753910837 3.9281907516434 -12.847538763526327
6.199658881946942 4.481732841560689 -13.911674573643184
1.823812273692248 7.363291901624912 11.98603808523234
2.1150008802965914 9.32601453284562 12.236894754025267
3.148681517925744 8.013190288986618 13.33598385147216
-6.565588381244464 -13.186924494160996 3.2125657981712448
-5.479870976642467 -14.575869515791984 4.157049490053108
-6.560955875074953 -15.073916586289661 2.549814423875822
3.6144448419450015 7.523861075703207 -11.537358431787098
2.5620359042895613 8.957459062587317 -12.45236238803252
3.5019797734704565 7.562131260109229 -13.533827064487985
-6.524393049586285 2.151880757615271 -13.400026883887206
-5.412516857270099 1.7994295927141692 -15.024683619730293
-6.540459860744047 3.4478977751463873 -14.923208339869706
3.7706510958593107 2.827546673884229 13.311115731245634
2.6515318003265023 2.601420108495909 14.953199401096787
3.8202750356068456 4.212066812021898 14.753558607651899
-10.910968219297546 6.4220371056629135 -8.434829133953244
-12.58543676921208 7.023591530177439 -7.521435817963844
-12.695363842169751 5.9232244139121795 -9.187901613614336
8.258913216610656 6.680124956734543 8.101258788661994
9.94721486274882 7.183555671403963 7.154582990315695
10.030841643398196 6.183060356941931 8.884327389727858
3.9478687462232585 -10.030545952883774 -10.508865105627356
3.2974247276312374 -11.905348589534114 -10.259791517531793
5.197748615065476 -11.567488636670715 -10.783833285998748
-10.252259172336123 1.553317767521816 10.898620004782257
-11.872461992958653 0.3858174586731632 10.789597764459058
-12.068358684008636 2.3316168536201447 11.208512076770807
-9.015779258472552 -8.491699845191667 -9.975424992516453
-10.80904738649938 -8.004903572475039 -9.23568259825183
-10.532087409121653 -9.7905528173277 -10.092858160950653
5.992470704469332 -8.061802337197184 10.53509210989204
7.796795332983279 -7.665407418864489 9.768747733219238
7.475906936526202 -9.388752074278944 10.731615240030864
10.961727451232916 -3.6926521353281117 -8.60725837957526
12.68879658576404 -3.135862550532546 -7.766296095752082
12.093938781871332 -2.294066698988745 -9.480216729116297
-6.270426926214568 9.947888017339434 8.318809468785425
-6.267428250551567 11.70911209453952 7.371138240017256
-5.216169958133112 11.478819769915548 9.056908523253
1.4380936677089795 -5.544826391235886 12.85024306270621
-0.41461643886841215 -5.885469400343056 13.522126684572678
0.7492906006306949 -4.540555997882437 14.436745918618312
-14.224646931151296 -6.061716338804701 -6.287882909124162
-15.89911548106583 -5.460161914290173 -5.374489593134763
-15.35333469074736 -7.38270743968105 -5.297405018031425
11.257705798526116 -5.989166766125039 6.711929795338946
12.94600744466428 -5.4857360514556195 5.765253996992648
12.352254677196614 -7.395183088697277 5.803590182164669
1.3667805926906276 13.779907868872812 -2.442135227472088
-0.48592951388676375 14.533199034342429 -2.4463401069491373
0.6053755437162374 14.552879233967596 -4.122247610659537
-16.403525046573698 0.8117412603291194 3.334223142142333
-16.41886962950148 2.5020791238698257 2.265334723805127
-16.289755459905358 1.8796679571515713 5.021406905507544
-16.30510004283314 3.5700058206922787 3.9525184871703396
4.8573262974427465 -15.668805864451294 -3.348202727119586
6.573142410984058 -15.234966585825346 -2.4166671428109154
5.721805181551586 -15.298013834575615 -5.113192678793704
7.4376212950929 -14.864174555949665 -4.181657094485034
0.9402658669952453 5.170845258354876 -15.965521864042987
1.0853994813258525 7.037779771907719 -15.263032180064252
-1.0231520087015515 5.428852760104011 -16.245561815541784
-0.8780183943709446 7.295787273656854 -15.543072131563045
9.476128183382363 -12.55321657628665 3.17191394227978
8.874013544976085 -13.295709537934568 4.928661551960857
7.870876763916126 -14.739227445707465 3.9747366867730305
-12.500226636976462 -12.303347744499986 -3.0722342891575156
-11.856579436966564 -13.08249353148195 -4.798110914107189
-10.925773674644944 -14.53973854327481 -3.793104641274184
9.07754157458358 0.9768915518526025 -13.208021587612363
8.280976840609954 -0.3265364645451929 -14.498974735739294
7.385488094490021 1.1780598197687182 -15.465561476182861
-1.059290772981591 9.735924633346803 12.71436953287244
-2.022888049188116 8.681017581672606 14.113887807713974
-0.2841996420422752 8.306173739737726 15.028466791192251
-6.931439087924025 -13.813384681465639 6.94697831544138
-8.92585686366057 -13.831673026056093 7.095178424342252
-9.034727088149257 -15.01212252132804 5.484375437216892
4.244298241263692 11.212768361825093 -10.853703778644787
6.242728783351948 11.236490837094461 -10.929285605931076
6.192702654591407 10.134840218928643 -12.597776931031719
-6.781395638674715 -1.117042715965459 -15.32881535027597
-8.7706430386726 -1.3036314106867701 -15.418701058838797
-8.92737184583805 0.6199761142691054 -15.943267709453975
3.9472671873558847 -0.32478824574357656 15.433314417919249
5.93129268191334 -0.5553243809678474 15.53576405091959
6.136478948836737 1.3918409166979258 15.943741868248186
-11.547241478656225 10.086483061155823 -7.635374236103275
-11.003931624901762 10.913300424293963 -9.373530572807944
-12.043626927145604 9.51944262222131 -10.361555929817207
8.986036467270425 10.272759314990388 7.083218464691891
8.464885681698863 11.216004173963253 8.768059998700181
9.470137981380871 9.858561373160835 9.838955351446527
0.8887530348551429 -11.347049611468503 -12.347550814603562
1.2735303691884208 -10.657905548634965 -14.185219681305247
3.1635550946944484 -11.292680721750049 -14.027526889546785
-10.558383529296291 -1.6390610629589357 12.944870535820343
-9.92745641862992 -0.9673239128215715 14.719891713764852
-11.081639353513209 0.6533613579673497 14.516812896868462
-9.018206328367235 -5.791146543452214 -11.758439835078189
-10.811474456394063 -5.304350270735586 -11.018697440813565
-10.536041601796935 -5.3907998030697275 -12.997753584779087
-11.055337436778771 -7.322168636254027 -12.985659537696565
6.0637837794876885 -5.2597544331864965 12.152366960979606
7.868108408001635 -4.863359514853802 11.386022584306804
7.592090504006958 -4.823643618976296 13.366486359357747
8.06290915798573 -6.764622937784815 13.471028594952884
13.659894743570662 -7.327010516010068 -9.36394933808862
13.658394731882675 -5.657976787104335 -10.465913113237313
-10.486734746254356 11.548181338081474 9.169137898058471
-8.839842470048756 12.083709607277898 10.169615435770249
1.8205133839980785 -9.691429747158356 14.779150668740291
1.8645872882016954 -7.959668904374347 15.778681495862832
-9.267873209425135 -12.431829026918473 1.600231001134988
-11.023506220787306 -13.026819689050406 0.8494055611083517
-9.45357509059848 -14.265636261683403 0.8239154486355669
6.207859445636983 5.588316113188741 -11.535826621876202
7.882327995551517 4.986761688674213 -12.449219937865601
6.278060532325684 5.490256936317635 -13.532187362138114
-9.272109390549025 3.310479943346165 -12.143110501851549
-11.049353133677355 4.176252055274315 -12.446167142957908
-9.48171054009154 4.688102446684081 -13.577761538308648
6.545537950322188 3.8393230249301133 11.988826989936467
8.344107358792447 4.677041072044176 12.240573998765463
6.790609973070482 5.295107239265835 13.338134969960663
-6.718662325186256 7.659846600206042 -11.31732923116354
-5.668805359840664 9.065778394642892 -12.277098027127925
-6.690302280914649 7.696263501131094 -13.316796539527427
4.101050325061201 8.193616065066486 10.900888890135208
3.0874088757987206 9.680572922076744 11.773523016059261
4.07511626036158 8.350985958628538 12.89451928238158
3.9439416646405867 -5.66095892223859 -13.39384372333778
3.290945673738717 -4.696231777567967 -15.019542887452022
5.1921234609723195 -5.308489465559742 -14.916278446212493
-5.940639217420185 2.9553489782144595 13.517904203492503
-4.7589815459966704 2.698943779540421 15.11099601555447
-5.89239158810215 4.3398872288416825 14.960376386522489
9.281892184153476 -8.648514736305339 -8.422902146401258
10.334301121808915 -10.08211272318945 -7.507898190155836
9.311950300935566 -10.501509975846078 -9.174902912261823
-10.543676796985991 6.927570378876673 8.501633892048531
-12.256912835293484 7.4757659332650555 7.627389125868456
-12.293132889930007 6.476847824428859 9.359685497590466
-7.469644275955542 -9.880289454840508 -10.265744984762819
-6.858728752746942 -11.771691806959204 -10.043530300498634
-8.770089100136628 -11.383669412970598 -10.486407534266332
4.4123085175847105 -9.391299448434099 10.907281685831821
3.7541110013140964 -11.27677385910967 10.798827657493486
5.674911353055986 -10.910730470978045 11.218992204728686
-8.564257320081948 -7.87023321249476 10.845057464855634
-10.388511479534552 -7.426085553219723 10.155978646083513
-10.072375431999301 -9.15781356339246 11.10528159995649
5.99247070446934 13.028220452204025 -2.4992587974677747
7.796795332983287 12.16550800737251 -2.487432028219839
7.475906936526212 13.797426046428662 -3.598230907775599
-14.227074001045983 -3.3611630370652477 -8.070897751685896
-15.901542550960517 -2.7596086125507195 -7.157504435696499
-15.358232697206049 -1.9327912494125774 -8.895660772401165
11.329018873544472 -3.1871188621143527 8.329204646426513
13.017320519682636 -2.6836881474449337 7.382528848080215
12.496169734111076 -1.7404432884720697 9.067370382088503
1.4380936677089844 13.973328553090127 0.7873599094259226
-0.4146164388684066 14.726619718559746 0.7831550299488736
0.7492906006307001 14.94321647255118 2.3951123028208317
-1.7447728717366495 -15.37582960635841 -6.280511625433635
-0.6923639340812107 -16.80942759324252 -5.365507669188212
-2.690794476169466 -16.833150068511888 -5.289925841901924
-13.93109565375279 -5.65767766786218 7.248290423228324
-15.644331692060286 -5.109482113473797 6.374045657048251
-15.099916801880779 -7.0339076391211135 6.388146138879819
11.257705798526121 8.681769316561287 -2.355207350538441
12.946007444664284 7.609895681466379 -2.328291518104833
12.352254677196619 8.498115282825028 -4.019008404779468
5.118879806854029 -15.63290405648915 3.3583321124180676
6.756756688351905 -15.209763006871249 2.291415539680046
6.118033956010583 -15.243625998596194 5.046571899849441
7.755910837508461 -14.820484948978292 3.97965532711142
-8.221509062809325 -15.496686069545122 -3.0697070488247498
-9.884117904179684 -15.018386118823516 -2.0662325859026405
-9.150270940789442 -15.102294672930247 -4.796512423001878
-10.812879782159802 -14.62399472220864 -3.793037960079769
4.716288922534726 2.3526832903134594 -15.96329154208366
6.464240908867315 3.023385230278719 -15.259855147515687
5.52246452900633 0.5436581220866825 -16.24169562296651
7.270416515338919 1.214360062051942 -15.538259228398536
1.6242264341171675 6.112236217256703 15.573120621535438
1.736382453108526 7.933780964803988 14.754954525875815
-0.32555110387161634 6.38901803321627 15.922060987083082
-0.2133950848802577 8.210562780763556 15.10389489142346
-12.475074332068859 -12.264334854724062 3.6393343864966257
-11.818476079184093 -13.023392701449836 5.369279449101997
-10.895165346590936 -14.492263000457443 4.374333553200324
9.56459033252565 7.242070987911986 -10.850561328477864
9.01880954220718 9.164616513302862 -10.927645903581203
7.978187181756639 8.80227828406393 -12.596722328003505
-12.418231915081977 1.2597797465946867 -12.750298873503583
-11.7118937180201 -0.06342673914907704 -14.073254257277735
-10.819088274381274 1.4176352761955484 -15.077920244813988
9.639842745821827 1.750832717804689 12.720689015587924
8.901627619376974 0.5277160462760888 14.120340413228353
8.046901422830837 2.0884171668556792 15.033387586795733
-7.221597603082104 11.363661586396296 -10.60955341261652
-9.220118059154402 11.439984646282253 -10.60002570616505
-9.270144187914944 10.338334028116435 -12.268517031265695
4.695931067859808 11.83438761904328 9.971891931797696
6.695727510087029 11.859990094569088 9.959294197783175
6.719441526239529 10.859834078674506 11.691092566331834
0.8847010508573077 -6.83848610124181 -15.324287341962059
1.2718594077705505 -8.798659391781964 -15.412769417690562
3.16095707506988 -8.401914992063329 -15.936127693345139
-6.109630761044645 -0.1924376835878967 15.64746212591729
-8.09287507838722 -0.37076384387533934 15.8343892729172
-8.229222610765769 1.580896099213376 16.249639579307495
12.975314784366756 -8.215453765798648 -7.620889897706033
13.614701079841101 -7.460341201624197 -9.358989486505672
12.575005777597259 -8.854199003696849 -10.347014843514936
-11.21871754473763 10.53865746424344 7.513450707729021
-10.601700672662018 11.466923834810645 9.174056538396856
-11.595822059014257 10.13579314661627 10.28752578365883
-5.138160060154349 -9.384371769935532 -12.454439334430667
-4.5272445369457515 -11.275774122054226 -12.232224650166483
-4.971625022586693 -10.575718195129753 -14.052237749888414
-6.869268172873671 -11.160646986667508 -13.81389181852164
1.4374090198076843 -10.59188943322151 12.951955894979513
1.900530554978458 -9.79491382878148 14.726877957941296
3.7827703262499424 -10.440404072156685 14.525592615327168
-8.49294424506359 -5.068185308484073 12.462332315943197
-10.317198404516192 -4.6240376492090345 11.773253497171076
-9.956191864518546 -4.592705108089811 13.740152719283367
-10.473026747215272 -6.520686731041744 13.865725668549896
6.0637837794876965 13.221641136421345 0.7302363394302359
7.868108408001644 12.358928691589831 0.7420631086781718
7.592090504006967 14.112547854191853 1.6632764114638874
8.062909157985743 15.074085612271478 -0.0260355593848412
-17.04966491447404 -6.922867259794364 -8.71003181320756
-17.051164926162027 -5.25383353088863 -9.811995588356256
14.062125695810401 -6.77338710549339 9.183637773116178
14.106199600014017 -5.041626262709382 10.18316860023872
1.8205133839980907 17.55301336076784 -2.058841176520916
1.8645872882017063 17.6725539177414 -0.06290341541545064
-9.359675987744096 5.793187642815244 -11.204337523613345
-11.08674512227522 5.236398058019679 -12.045299807436523
-9.517334719948206 5.698127141607141 -13.195846304731285
6.694464928753182 6.258071102552017 10.902420700046106
8.407700967060675 5.709875548163636 11.776665466226182
6.851197019216805 6.279111634836939 12.896158984731454
5.8354664018346 -7.964767824259405 -12.13418715643062
7.171337218304455 -9.422408711927512 -12.435405024928324
7.216877011888413 -7.774566257089591 -13.56789845591769
-8.741714428509075 4.040505979806956 12.314347848884335
-10.50528152879576 4.925102375675093 12.641945619333898
-8.890759448968014 5.501476844389229 13.672048005295213
9.277965102570798 -4.278927705660154 -11.307880764111687
10.327822067916388 -2.8729959112233034 -12.267649560076071
9.306325146842404 -4.242510804735101 -13.307348072475573
-6.232056842070058 8.32960158956932 11.120918090758773
-5.143432388331506 9.788892254132316 11.948787376963864
-6.117165794023526 8.485118199650397 13.111549807342143
-7.473571357538212 -5.5107024241953235 -13.15072360247325
-6.865207806639463 -4.562574994993059 -14.80328167041887
-8.775714254229783 -5.124670241859622 -14.618852694480086
4.527695496806684 -4.857490701639404 13.524087364041929
3.944480985012143 -3.7967175907417166 15.116136747832739
5.840191733614213 -4.41650001186445 14.9673062801797
-12.67185468790986 -8.359599530558107 -7.955427523635567
-13.721711653255454 -9.765531324994956 -6.9956587276711835
-12.782621683873924 -10.210741486617872 -8.704429613833133
9.64918360646502 -8.142981463091573 8.513560879600515
10.662825055727499 -9.629938320101829 7.640926753676461
9.714181253175296 -9.947886565329394 9.372684198942975
-7.00520450459407 -9.241042950390833 11.150401806696356
-6.402042479064062 -11.143117076534757 11.015088874526645
-8.292926362146096 -10.726911247277926 11.5164179564611
4.412308517584717 13.955686112454364 -3.5219489256502787
3.754111001314104 14.701891670956469 -5.2568706224526895
5.674911353055993 14.913998686982469 -4.741568165151366
-8.564257320081955 13.21978957690645 -2.189293442504186
-10.388511479534557 12.404829873017281 -2.1002011153555706
-10.072375431999312 14.028364557315147 -3.2245645478499823
0.846214662060645 -14.610821267133433 -8.06199465808447
1.8986235997160854 -16.044419254017544 -7.146990701839049
2.5380098951904326 -15.289306689843093 -8.885090290638686
-13.859782578734427 -2.855629763851492 8.865565274315891
-15.573018617041923 -2.3074342094631093 7.991320508135818
-14.956001744966308 -1.379167838895905 9.651926338803651
11.329018873544475 8.875190000778607 0.8742877863595698
13.01732051968264 7.803316365683699 0.9012036187931779
12.49616973411108 8.888452521408617 2.4983515087009005
-1.7588793416686308 0.320164165433857 -16.643643449506868
-0.7090223763230397 1.7260959598707086 -17.603412245471254
-2.7075428323953346 1.8024190197566656 -17.593884539019786
-1.4512215943381401 -14.971790935415884 7.255661706918841
-0.43758014507566134 -16.45874779242614 6.383027580994787
-2.4373765873028823 -16.48435026795195 6.39562531500931
-13.931095653752786 9.013258414824145 -1.8188467226490785
-15.64433169206028 7.986149619448199 -1.7194998580492493
-15.099916801880772 8.859390732401188 -3.434452448064338
-8.196356757901718 -15.457673179769195 3.641861626829391
-9.86646062900054 -14.990998516262334 2.6453839210168213
-9.112167583006968 -15.043193842898132 5.370877940207309
-10.78227145410579 -14.576519179391271 4.37440023439474
5.203337680476795 8.617862726372842 -13.605831282949163
6.806156052478778 7.421630152785259 -13.604884572359923
6.260297230603554 10.034811099934736 -12.67036679080842
7.8631156026055375 8.838578526347153 -12.669420080219181
-8.143518616435347 2.521920640212909 -15.689459757780389
-9.841700706593818 3.2379743163325534 -14.912642712665807
-9.00811794448109 0.7348831666961262 -15.932287001288213
-10.706300034639558 1.4509368428157705 -15.15546995617363
5.400249489656652 3.294074249215285 15.575350943494763
7.115223880649992 3.919386423174986 14.758131558424381
6.22006543383627 1.50382339519894 15.925927179658354
7.935039824829611 2.1291355691586413 15.108707794587971
-12.63953736551666 7.534281249773079 -10.377755192925115
-12.047150498187957 9.441848286758296 -10.479075471368903
-11.088399172604252 9.053197944911322 -12.190725788306834
10.016223159121763 7.863690245130171 9.97503438196461
9.471808268942256 9.78811577077749 9.96093390013304
8.504926053404759 9.527272143809792 11.692147169360041
4.765092595423047 -11.564663035601358 -12.740149479438358
3.296612958686646 -11.264736183311816 -14.064389427395758
4.4632124669390745 -9.988015086605804 -15.068893697456865
-11.855930743843734 2.0337209125467757 13.178411729696714
-11.091242939253084 0.7908257716722076 14.54606089168992
-10.157674946040466 2.3279926232825123 15.421028818164615
12.971262800368914 -3.706890255571956 -10.597626425064533
13.613030118423225 -5.601095044771196 -10.58653922289099
12.572407757972686 -5.963433274010128 -12.255615647313292
-6.769964776485988 11.985280843614479 10.216042297825968
-8.76711933241932 12.063483903756875 10.288554097549204
-8.74340531626682 11.063327887862295 12.020352466097863
-5.139660071842334 -7.715338041029801 -13.55640310957936
-4.531296520943585 -6.767210611827537 -15.208961177524984
-4.973295984004562 -8.716472038276754 -15.279787486273731
-6.871866192498238 -8.26988125698079 -15.722492622319995
1.556465928487373 -5.913881068864245 15.651990134231202
1.9496273680559284 -7.86579182497053 15.840320914065433
3.859106310142155 -7.4409950071190565 16.256779595416333
-16.315126256947433 -7.829986362480479 -6.9971905375820835
-17.00782387205695 -7.057343337590517 -8.706925245105586
-16.048145488266545 -8.477513252271212 -9.737524494630476
13.303838718285336 -7.7632793627110335 7.527935046126265
14.016932032080831 -6.906717791107518 9.18859762469913
13.02281064572859 -8.237848479301894 10.302066869961102
-4.581750577523192 -8.61853981766331 13.2025949915863
-3.978588551993185 -10.520613943807232 13.067282059416588
-4.34462483679663 -9.712726475276266 14.859859889358127
-6.250052941318151 -10.308370337074145 14.739227686352312
1.4374090198076923 16.32141848567033 -3.6813831485873383
1.9005305549784666 17.552538715101633 -2.17477721990324
3.7827703262499517 17.66117564411779 -2.842138786895082
-8.492944245063601 13.41321026112377 1.0402016943938257
-10.317198404516203 12.5982505572346 1.1292940215424405
-9.956191864518559 14.343486365078338 2.0369427713895054
-10.473026747215284 15.318021819014552 0.368661514212168
-1.7647408837150995 -18.33047546406497 -8.701003716394846
-0.1634225234011042 -17.857674308746823 -9.802020780954303
-16.6474339622343 -6.369243849277689 9.837555297997264
-16.60336005803068 -4.637483006493681 10.837086125119805
14.06212569581041 11.24324613772978 -1.9512539340369868
14.106199600014024 11.362786694703345 0.04468382706847873
8.23976981201495 -7.341819236638536 -11.193942345972255
8.198003647958988 -9.156402183964769 -12.033909199373563
8.195004972295987 -7.52113591678047 -13.185384445895778
-8.873070504627893 6.4629426321785175 11.233909798308966
-10.561372150766058 5.959511917509099 12.180585596655266
-8.94419823305708 6.4869818401264405 13.232500042138287
-9.369714496137204 -7.764664944638812 -11.810413895957776
-10.755073827223878 -9.186493960531749 -12.053686938722503
-10.805411501868637 -7.537389741193159 -13.18413879186399
6.365861363874553 -7.234741787798617 12.323271194305256
7.715408823186057 -8.673558391526736 12.652707737363473
7.8078281030119445 -6.961191859384445 13.681911087686162
-12.675781769492533 -3.9900124999129174 -10.840406141346
-13.728190707147972 -2.5564145130288063 -11.75541009759142
-12.788246837967076 -3.951742315506893 -12.836874774046885
9.764570585687 -3.60917271629688 11.13036655781062
10.853195039425552 -2.1498820517338846 11.95823584401571
9.879461633733529 -3.4536561062158015 13.12099827439399
-6.8898175253720995 -4.70723420359614 13.76720748490646
-6.21167249536602 -3.663060808166809 15.332397964865892
-8.127645981587872 -4.232680788164331 15.26473203191211
4.527695496806693 14.26864735364524 1.7034839723531976
3.9444809850121523 15.218227454988174 3.3642544153602376
5.8401917336142235 15.362284562848027 2.7433451568452494
-4.388213604189172 -14.541935262009767 -7.950534760445178
-5.438070569534763 -15.947867056446617 -6.9907659644807945
-6.130768184644282 -15.175224031556658 -8.700500672004297
-12.304563265598306 -7.854066257344343 8.981035502366222
-13.393187719336858 -9.313356921907339 8.153166216161132
-12.38039073163418 -9.65711807610119 9.843157497371687
9.649183606465032 11.256412361146555 -3.475923864923453
10.66282505572751 11.14089199350251 -5.19615235468766
9.714181253175308 12.832013718696553 -4.706068436918442
-7.005204504594077 14.10594261049763 -3.2788288047857463
-6.402042479064069 14.835548453531377 -5.040609405419536
-8.292926362146105 15.097817910682588 -4.444142413418957
15.219268077272998 -4.059953090167527 -2.189293442504187
15.007920877701274 -6.046758294125992 -2.1002011153555715
16.454302707411035 -5.244395237676595 -3.224564547849984
0.8345352620233483 -1.6153807970806124 -16.64211163959597
1.8843922273689397 -0.2094490026437612 -17.601880435560354
2.526159545423253 -2.1036537918430014 -17.590793233386812
1.2135060843721992 -14.105287993919669 8.874468367917304
2.22714753363468 -15.592244850929927 8.00183424199325
2.9402408474301747 -14.735683279326409 9.662496820566114
-13.859782578734428 9.206679099041466 1.410648414248933
-15.573018617041923 8.179570303665521 1.5099952788487623
-14.95600174496631 9.249727970984782 3.0829074654160324
-1.036740021019622 1.3141036704364852 16.6554895027991
0.05188443271892962 2.773394334999481 17.48335878900419
-1.945270123214401 2.851597395141879 17.555870588727426
-1.4512215943381386 13.185249574666077 -10.146346350919503
-0.4375801450756581 13.06972920702203 -11.86657484068371
-2.4373765873028796 13.0924467380032 -11.883840513027115
12.877063455743214 -10.464009275759022 -1.818846722649078
12.42964399416948 -12.410787646786206 -1.7194998580492489
13.091912191884015 -11.623171973823506 -3.434452448064337
-8.364824066870035 8.796422143391304 -13.31691607720193
-9.997060275083623 7.6427634623193486 -13.247083361489022
-9.343374724648948 10.2401581926035 -12.338108215379389
-10.975610932862537 9.086499511531544 -12.26827549966648
5.776629902956587 9.40693177654076 12.829696309871451
7.379448274958568 8.21069920295318 12.83064302046069
6.790246083401549 10.764223119700333 11.766520666563043
8.393064455403533 9.56799054611275 11.76746737715228
4.761088319902528 -7.10918381693799 -15.681837604047937
5.9301148980496405 -8.53301602197143 -14.903327031547306
3.294080236048527 -8.446625136018305 -15.925020662511551
4.463106814195639 -9.870457341051745 -15.146510090010922
-7.459558049313433 3.4633115991147365 15.849182727798029
-9.190717734811152 4.133975509228822 15.10534399327426
-8.310517039651158 1.695048439808385 16.235335801336646
-10.041676725148877 2.3657123499224713 15.491497066812876
10.841444380411508 -9.990296528313422 -10.363886064362022
12.501709943876802 -8.879720156816566 -10.464575596311194
11.857642897458526 -8.072137925075955 -12.177172623838361
-12.18790453892054 8.155900506991262 10.447840517517367
-11.594151771452871 10.065347544232921 10.409504332345344
-10.561660300956124 9.778191804657181 12.098143709056718
-8.421162541528002 -11.391129577366225 -12.45936644582862
-7.002993231643415 -11.12919153761029 -13.845073583657639
-8.17730120872718 -9.821663682873293 -14.799731472141419
5.327393766661285 -10.790721869649264 13.188561123761936
3.9172637374536596 -10.410483672490527 14.554925721571895
5.12462579527988 -9.077657739518836 15.430055365521739
-16.319178240945266 -3.3214228522537876 -9.973927064940582
-17.009494833474818 -5.19809718073752 -9.934474981490903
-16.050743507891113 -5.586747522584494 -11.646125298428831
13.42289562696503 -3.0852709983537725 10.227969285377952
14.066028845158305 -4.977595787296572 10.302040580823265
13.099146629620806 -5.238439414264268 12.033253850050265
-4.5376766733195755 -6.886778974879303 14.202125818708843
-3.859531643313497 -5.842605579449971 15.767316298668275
-4.295528023719157 -7.7836044714653205 15.973302845482262
-6.1737169574259365 -7.30896127203652 16.470414666441474
1.556465928487383 16.644333585484716 1.710246752327578
1.94962736805594 17.685702783204007 0.04862878285389027
3.8591063101421668 17.86821983946392 0.6148245916545932
-2.844655965842781 -17.883412018961085 -6.989234154569896
-1.9055659964612501 -18.328622180584002 -8.698005040731847
-3.5393022163628265 -17.813247132750227 -9.730136100167634
-15.986602323028837 -7.377811959392871 8.151634406250237
-16.605592919817205 -6.503719927073847 9.840661866099241
-15.600340620135196 -7.8611627278762635 10.911557218845585
13.303838718285347 10.20503387400516 -3.577093254668978
14.01693203208084 11.307309659152862 -2.068290411585369
13.022810645728601 12.898526569605067 -2.760931309228617
-4.581750577523202 15.66308813205085 -1.8042763835164761
-3.9785885519931954 16.392693975084597 -3.566056984150265
-4.344624836796641 17.63472606860684 -2.041795288486411
-6.250052941318161 17.793209379200327 -2.6285037158699405
15.381185127282338 -3.932360046987492 1.0402016943938244
15.169837927710612 -5.919165250945958 1.1292940215424399
16.718098659292266 -5.0365201048406245 2.036942771389504
17.804647715158026 -5.2269112709907946 0.3686615142121667
-1.7805454261575648 -0.7450695518069095 -20.3116020829714
-0.17772705415558293 -1.941302125394493 -20.31065537238216
-1.3625099314753604 -17.776852053548286 9.846583394809963
0.28438234473023877 -17.241323784351863 10.84706093252174
-16.6474339622343 11.647389393945474 -1.2973364091559283
-16.603360058030685 11.766929950919039 0.6986013519495377
-11.714603374014143 -7.0792161434993455 -10.769041615722195
-11.756369538070105 -8.893799090825578 -11.609008469123502
-11.759368213733104 -7.2585328236412785 -12.760483715645718
8.726375295131147 -6.672064247275266 11.244304975950053
8.723376619468146 -8.433288324475352 12.191976204718221
8.768141459187108 -6.732281218261172 13.242961900973787
-8.839319534097235 -7.034638908178025 12.647044454778106
-10.211002222342257 -8.437643640130975 13.034425823569302
-10.214460410745087 -6.724015343488016 14.06567075173987
6.365861363874561 14.257743725687838 -0.9598153557441096
7.715408823186065 15.195859074126412 -2.0994035480705473
7.807828103011954 15.35061294207009 -0.10754262996583908
-0.19590771007788194 -13.304125767466635 -10.833034857655473
1.4785608398366517 -13.905680191981162 -11.746428173644874
-0.12570662338918112 -13.402184944337739 -12.829395597917385
-12.189176286376327 -3.3202575105496477 11.597841180576324
-13.202817735638806 -1.833300653539391 12.470475306500381
-12.215110351075946 -3.1628876169875952 13.591471572822698
9.764570585686998 11.569373602337437 1.7495090330800234
10.853195039425549 11.657227777534223 3.4249726831252674
9.879461633733529 13.280299594562118 2.778844885078174
-6.889817525372111 14.418903851688514 1.946604093217731
-6.211672495366033 15.35188423756309 3.5805156323933938
-8.127645981587886 15.546103786548153 3.0407709085776613
-4.399893004226467 -1.546494791956944 -16.53065174195668
-5.452301941881907 -0.11289680507283273 -17.445655698202103
-6.1426185344114606 -1.9895711335565651 -17.40620361475242
-4.02092218187762 -14.036401988795998 8.985928265556602
-5.109546635616172 -15.495692653358994 8.15805897935151
-5.728537232404543 -14.621600621039967 9.847086439200513
-12.304563265598306 11.54532756689378 -3.008449242157762
-13.393187719336858 11.457473391696995 -4.683912892203007
-12.380390731634181 13.12278220792475 -4.2355951384897494
15.580275879190749 -2.30336940375289 -3.2788288047857472
16.087784954284626 -1.5042676242981061 -5.040609405419538
16.92153328479551 -3.2215593434955423 -4.444142413418959
-18.215791602328995 -3.619941769876873 -1.4773401708391998
-18.053177952692863 -5.611668364991021 -1.396210821852415
-19.52449656960313 -4.770907852756215 -2.45844586580452
1.5566745826723583 -0.6214412920779845 16.657021312709993
2.6452990364109104 0.837849372485012 17.484890598915083
3.2884322546041878 -1.0544754164577883 17.558961894360397
1.2135060843721994 14.245642373257075 -8.647370211679473
2.22714753363468 14.130122005613028 -10.36759870144368
2.940240847430174 15.23239779076073 -8.858795858360072
13.038980505752551 -10.336416232578987 1.4106484142489342
12.591561044178817 -12.283194603606171 1.5099952788487636
13.418672767858583 -11.365679780892302 3.0829074654160333
-1.0367400210196211 14.309437663401592 8.623931399989774
0.051884432718930396 14.397291838598377 10.299395050035017
-1.9452701232144003 14.427174892233799 10.401770256116182
12.98836966221847 2.6942724397633397 -10.146346350919508
12.565270829780832 3.6226049884728333 -11.866574840683715
13.204847571593378 1.7277056539721911 -11.88384051302712
-16.029205491641136 -10.083597645389629 -1.2033277749956515
-15.629325944830278 -12.041526621767392 -1.1220229688481944
-16.343036697284013 -11.235802821576641 -2.8076759935356903
10.837440104890984 -5.534817309650061 -13.305574188971601
10.195800128367393 -7.427788379648903 -13.235156373937034
12.499177221238678 -6.0616091095230615 -12.325206831426986
11.857537244715088 -7.954580179521904 -12.25478901639242
-7.791531844390239 9.585491193559223 13.118611515618685
-9.423768052603828 8.431832512487267 13.188444231331593
-8.81342587185095 10.969570212369097 12.098779241992073
-10.445662080064539 9.815911531297141 12.16861195770498
-8.425166817048519 -6.9356503587028655 -15.401054570438196
-9.597047724237598 -8.328675805705322 -14.572697616360239
-7.0055259542815325 -8.311080490316787 -15.70570481877343
-8.177406861470612 -9.704105937319243 -14.877347864695475
5.445048887024441 -6.167792858036168 15.856804881530481
6.5810978698323055 -7.6370148290751665 15.114659674392756
3.9916811408784545 -7.486459862906051 16.242602140113306
5.127730123686318 -8.95568183394505 15.500456932975583
-14.347357071867396 -9.658807430050562 -9.827525436472664
-15.980616209240845 -8.504887688871905 -9.858083923089737
-15.389002361477795 -7.713567237038882 -11.596993063224946
11.293077207007624 -9.368677271095239 10.461709646080463
12.954708670611884 -8.256220899341942 10.424004207403062
12.38438176910665 -7.347144065330095 12.111696873525196
-7.8588613702897305 -10.617188411414137 13.46934415737168
-6.382342452876369 -10.274939026789003 14.774241565310017
-7.515887880386341 -8.91130633578633 15.699217590837186
5.327393766661294 16.621965204622953 -3.7534112111032085
3.9172637374536694 17.674031162426065 -2.8022590039572
5.124625795279891 17.860713033965023 -1.218773374038083
1.4809879097313383 -16.606233493720612 -9.963413331083137
-0.12175243071389408 -17.801937958595712 -9.924500174088953
-0.7658194771321708 -16.9943557268551 -11.637097201616122
-15.867545414349143 -2.6998035950356094 10.851668645501919
-16.55649610673973 -4.574597923262901 10.954104822223371
-15.52400463624298 -4.8617536628386375 12.642744198934741
13.422895626965033 10.527948973819555 1.8145366462459398
14.06602884515831 11.440473727255238 0.1551155911717611
13.099146629620813 13.1055707649512 0.6960320693210578
-4.537676673319588 15.782628689024417 0.1916613775889905
-3.8595316433135105 16.715609074898993 1.8255729167646535
-4.2955280237191715 17.76789013670922 0.18161071427071995
-6.173716957425951 18.00025357454646 0.8284596626797353
-2.8613144080846133 0.6521115341521503 -19.22713873085294
-1.9213705389037186 -0.7432162683259371 -20.3086034073084
-3.553606747117307 -1.896874949397894 -20.238770691595494
-2.5161320319241907 -17.431237615873464 8.15959078926241
-1.5033350442215123 -17.774998770067313 9.849582070472964
-3.091497348231486 -17.19689660835526 10.918945613308415
-15.986602323028835 10.590501277323316 -2.9533938945450258
-16.60559291981721 11.710307523186527 -1.4162261701852805
-15.6003406201352 13.275212321030688 -2.151440960344157
16.312320825734155 0.4826566744037347 -1.8042763835164795
16.81982990082803 1.2817584538585174 -3.56605698415027
18.114184049382203 1.3174462844531987 -2.0417952884864166
18.853720300502957 -0.44574949438572686 -2.6285037158699467
-18.23670054889809 -3.489942704129246 1.7560479923508756
-18.074086899261957 -5.481669299243395 1.8371773413376604
-19.55856151497305 -4.559112817640474 2.8094039885562188
-20.719760752149508 -4.719923217266514 1.1889854170281942
-0.8981349568205874 0.4694642646229834 20.377919587931125
0.704683415181395 -0.7267683089646004 20.378866298520364
-1.3625099314753595 16.75710185030442 -11.496573883693145
0.2843823447302391 17.412460641259276 -10.570155681317711
16.221665588003972 -12.23340928654451 -1.2973364091559252
16.32173582826786 -12.154552449131216 0.6986013519495409
-3.4309622902934525 -13.26155187495101 -10.7641488525318
-5.158031424824576 -13.818341459746577 -11.60511113635498
-3.5886210224975628 -13.356612376159115 -12.75565763364974
-11.227997890897937 -6.409461154136072 11.669205706200131
-11.230996566560936 -8.170685231336156 12.616876934968301
-11.186231726841973 -6.469678125121977 13.667862631223864
8.726375295131154 13.041049955816078 -0.9390696256686906
8.723376619468153 14.676316223000375 -2.0905448721909066
8.768141459187117 14.855632903142311 -0.09910277226738451
-8.839319534097239 14.457846605308433 -0.6360420952712647
-10.211002222342263 15.431773825522175 -1.717685461864725
-10.214460410745092 15.58778945796652 0.2762170340878627
-0.2036600285325037 -4.678272328058998 -16.528173221456544
1.4708085213820306 -5.279826752573525 -17.441566537445944
-0.13193181906319962 -6.4755312174486255 -17.402653380451756
0.2906977730383175 -12.634370778103353 11.605212464266843
2.003933811345813 -13.182566332491735 12.479457230446917
0.44742986350194436 -12.613330245818428 13.59895074895219
-12.18917628637634 11.858288808084668 2.2169836558457163
-13.20281773563882 11.973809175728713 3.937212145609922
-12.21511035107596 13.57106808379032 3.249318183506868
15.84226316946398 -2.096919523159561 1.9466040932177306
16.520021906102777 -1.163658478725368 3.5805156323933915
17.296804041771292 -2.925840406569181 3.0407709085776604
-3.6777536835774587 -0.5525552869543152 16.7684812103493
-4.691395132839937 0.9344015700559427 17.641115336273355
-5.380345825230526 -0.9403927581713494 17.743551512994802
-4.020922181877619 14.31452837838075 -8.535910314040175
-5.109546635616171 14.226674203183961 -10.21137396408542
-5.728537232404545 15.346480449047174 -8.674206239725676
14.782578172687982 -8.134632650117503 -3.008449242157761
15.035427343580698 -9.197124463806405 -4.683912892203006
16.30625866384599 -7.71928856387087 -4.235595138489749
-18.5765135481515 -1.8538599918709688 -2.5515072980978353
-19.1373499005118 -1.0406985969536933 -4.290538963044563
-19.989839471698897 -2.735799126048277 -3.658165871206758
1.3174975914395324 -18.53992685170371 -1.455603676994575
-0.6481964341399988 -18.900302316243412 -1.3770128228273824
0.5475653586873209 -20.10386307034877 -2.436066761959731
1.5566745826723591 15.17640977777527 6.893412402331793
2.6452990364109104 15.264263952972053 8.568876052377037
3.2884322546041878 16.176788706407738 6.909454997302859
13.173417005048094 5.556258458230292 -8.647370211679474
12.750318172610456 6.484591006939786 -10.367598701443681
13.57828678829158 7.50340499985012 -8.858795858360072
-16.050114438210223 -9.953598579642005 2.0300603881944244
-15.650234891399364 -11.911527556019767 2.111365194341882
-16.38523249706879 -10.973455097248662 3.717540334778112
13.929454219541082 3.4358610652453376 8.623931399989777
13.676605048648362 4.498352878934238 10.299395050035022
14.322180219711878 2.608180395882453 10.401770256116185
-16.14868157563047 3.0777212060403736 -9.525913214139054
-15.7749077925623 3.9955667696805355 -11.263110002184952
-16.46426153585151 2.118156396256307 -11.252077941078797
-14.351361347387916 -5.203328211387195 -12.769213561082243
-13.757320429730182 -7.112561061293625 -12.725107858655717
-15.983148931878967 -5.686776641578399 -11.71871515820553
-15.389108014221232 -7.596009491484828 -11.674609455779006
11.410732327370777 -4.745748259482143 13.12995340384901
10.769092350847185 -6.638719329480985 13.200371218883577
13.029126074036675 -5.332197089757467 12.111680625944475
12.387486097513083 -7.2251681597563095 12.182098440979042
-7.741206249926583 -5.994259399801041 16.13758791514023
-8.94606475245491 -7.432674612809056 15.445289089579834
-6.307925049451582 -7.35091521720453 16.461917983851432
-7.51278355197991 -8.789330430212544 15.769619158291036
5.445048887024449 16.941078268762375 1.574737083527903
6.5810978698323135 16.934339456084015 -0.07127242345099047
3.9916811408784634 17.8758716395671 0.5678192376427129
5.127730123686328 17.86913282688874 -1.0781902693361802
-5.15560435492989 -16.518894761486024 -9.822096293793244
-3.5846668298222757 -17.756365390417084 -9.850762209821308
-2.993052982059228 -16.965044938584057 -11.589671349956518
-13.895724245271275 -9.037188172832376 10.99807027396984
-15.527617482505757 -7.881388431397283 11.03049588062454
-14.862263489829663 -6.988573377293021 12.691876434138631
11.293077207007634 13.547037419285708 -3.7009809090702337
12.954708670611891 13.01580703583543 -2.7228320661737975
12.384381769106659 14.118773726942054 -1.154969921810097
-7.858861370289744 16.795498662858083 -3.472628177493467
-6.382342452876383 17.80957580812759 -2.582943160219081
-7.515887880386354 18.027064437697536 -0.9496111487226357
1.468381451487344 -2.5792734508340716 -19.224581380007674
-0.13588601173848963 -2.0757782031906507 -20.307548804280184
-0.7775259882620794 -3.968749273189494 -20.237130989245617
1.9326207363274546 -15.984614236502425 10.862182379359352
0.33124629602118716 -17.17843870112108 10.96407962962531
-0.23908060548404575 -16.269361867109236 12.651772295747444
-15.867545414349154 10.913416377137716 2.4382360063698907
-16.556496106739743 11.843471591288909 0.8071798325718478
-15.524004636242994 13.482256516376825 1.3055224182055178
16.41239106599804 0.5615135118170285 0.19166137758898705
17.090149802636837 1.4947745562512205 1.8255729167646484
18.22565885447675 1.4052900885435886 0.18161071427071496
19.027041915342956 -0.3091694845285963 0.8284596626797319
-2.026667454129599 1.8009045115521602 19.25992199727182
-1.03896006956674 0.47131754810395443 20.380918263594136
-2.671196277780329 -0.682341132968002 20.450750979307045
-2.5161320319241893 15.093646317557639 -11.941892961743402
-1.5033350442215119 16.758955133785392 -11.493575208030146
-3.0914973482314863 17.45688781725588 -10.498271000531043
15.012297050760418 -11.931517439093323 -2.953393894545024
16.268574691642534 -12.174173319315388 -1.4162261701852779
17.446247552777535 -10.734539392069388 -2.151440960344154
-19.171600605688855 0.949631379032591 -1.0486954395405539
-19.732436958049156 1.7627927739498666 -2.78772710448728
-20.959357856490435 1.8316610317032014 -1.20977834991948
-21.76931740570493 0.08885689264071983 -1.763492411058381
1.4436059179428788 -18.522616753549258 1.777959837997513
-0.5220881076366524 -18.882992218088962 1.856550692164706
0.7530215847498635 -20.075661384241297 2.8320687763084376
0.9018739700879536 -21.240628382270543 1.2132127416710494
-0.8981349568205875 18.016614573714616 9.533184291209276
0.7046834151813949 18.552432807695908 8.463664732479245
16.357989632784125 3.882405299369438 -11.496573883693149
16.47235518018069 5.651209934108999 -10.570155681317715
-19.39396503954073 -11.764701265515587 -0.538950900331444
-19.406887479189383 -11.684357424377824 1.4593928833416139
-3.438714608748075 -4.635698435543371 -16.459287216332875
-5.1657837432792 -5.192488020338937 -17.30024950015605
-3.594846218171585 -6.429958649269997 -17.328915416184113
-2.944356807177255 -12.591796885587726 11.674098469390515
-4.632658453315418 -13.095227600257145 12.620774267736813
-3.0154845356064413 -12.5677576776398 13.672688713219834
-11.22799789089794 13.303653048955265 -0.5141688954186256
-11.230996566560943 14.93891931613956 -1.6656441419408423
-11.186231726841982 15.118235996281495 0.3257979579826804
16.48172918032084 -3.938972139411781 -0.6360420952712657
17.83186227105997 -4.942559836026067 -1.7176854618647264
17.9813105939263 -4.897637286827697 0.2762170340878618
0.5184792921165043 -3.6843328230563697 16.77095973084943
2.2317153304239996 -4.232528377444752 17.645204497029507
0.6303408901177318 -5.42635284206341 17.747101747295464
0.2906977730383172 16.030279967926607 -6.110515972424713
2.003933811345812 17.057388763302548 -6.2098628370245414
0.44742986350194186 17.80412408939234 -5.2000698814559145
15.044565462961213 -7.928182769524175 2.216983655845719
15.467664295398851 -8.856515318233669 3.9372121456099247
16.681529420821768 -7.423569626944511 3.2493181835068707
-18.610344934369238 -1.6435170849855787 2.680224648765299
-19.193166254195546 -0.6936665832484087 4.340978493712095
-20.038299570286995 -2.434503815848142 3.835770212280791
-3.677753683577458 15.245295782898937 7.004872299971093
-4.691395132839937 15.360816150542982 8.725100789735299
-5.380345825230526 16.290871364694176 7.094044615937258
14.856458779210287 0.5993082927916745 -8.535910314040176
15.109307950103005 -0.4631835208972275 -10.21137396408542
16.365585590985123 -0.7058394011192914 -8.674206239725674
-17.921692204583042 -7.704238646764646 -2.3120571161787162
-18.273481020185205 -8.758773317224707 -3.974645838026343
-19.48476724863824 -7.248272309758514 -3.4734748300823126
3.118261509637295 -18.430627337396047 -2.527192736837335
4.0518258533052025 -18.762926391353872 -4.264441986361031
2.6354880716265163 -20.02583639350097 -3.6327414127770656
1.2302193742044192 5.230490769028681 -17.943492889289203
-0.7331985014923776 5.488498270777816 -18.223532840787996
0.4212759359638392 4.87810018891827 -19.738327531471306
13.952584512361364 6.1702540405322575 6.8934124023318
13.699735341468644 7.232745854221159 8.568876052377046
14.368858860435509 8.126387548829182 6.909454997302867
-16.194418578919898 5.942744387467744 -8.022022841999698
-15.820644795851727 6.860589951107907 -9.759219630045596
-16.556562189410492 7.899984961498211 -8.21711600115634
-16.27020729960405 3.8332939714434056 9.266991350465881
-15.91841848400189 4.887828641903465 10.929580072313508
-16.60854682661032 3.015234254186326 11.060397234103615
7.260145653254275 -14.812869784319153 -9.499554252716157
8.051963939499437 -14.215455980066933 -11.236252426854849
6.41812506345698 -15.368917035885268 -11.22634688079377
-0.8808910562832682 -15.256753867867802 -12.761257178070053
-2.8802647423175145 -15.23044175525976 -12.718683285554427
-0.880891056283268 -16.958055484571883 -11.709794953831787
-2.8802647423175145 -16.93174337196384 -11.66722106131616
-13.778069124908116 -4.414259161219279 13.666314031738384
-13.184028207250382 -6.3234920111257065 13.710419734164908
-15.453200079080963 -4.957364621812806 12.71817229916595
-14.859159161423227 -6.866597471719234 12.762278001592474
11.410732327370786 13.866150483425132 1.6271673855608775
10.769092350847195 14.775696490314438 -0.03446560697343229
13.029126074036682 13.217647512976468 0.6472461754261151
12.387486097513092 14.127193519865774 -1.0143868171081942
-7.7412062499265915 17.11461172699751 1.855520117137644
-8.946064752454921 17.138679672350136 0.2593569917360775
-6.307925049451593 18.01141628526863 0.7871350813808324
-7.51278355197992 18.035484230621254 -0.8090280440207342
-5.168210813173886 -2.491934718599486 -19.08326434271779
-3.5988004108468723 -2.0302056350120243 -20.233810840012552
-3.004759493189137 -3.939438484918452 -20.189705137586028
-4.703971528333774 -15.897275504267833 11.00349941664925
-3.1316681030871933 -17.132866132942453 11.037817593892957
-2.466314110411102 -16.24005107883819 12.699198147407047
-13.895724245271277 13.878526517548561 -3.1646202811808744
-15.527617482505761 13.390639503780081 -2.11634039295234
-14.862263489829672 14.47734441497912 -0.5747903611966805
18.401990167594036 -2.2841268010494775 -3.472628177493469
18.91016540663176 -0.5665067917149254 -2.5829431602190827
19.467294186000952 -1.5773648744444295 -0.9496111487226369
2.3030284054423578 -1.4304804734340628 19.262479348117076
0.7465244575984883 -0.8612443867607595 20.38197286662235
0.104884481074897 -2.7542154567596024 20.45239068165691
1.9326207363274557 16.86396807908523 -9.439357973922553
0.33124629602118844 17.489002281629144 -10.4615772006954
-0.23908060548404575 18.59196897273577 -8.8937150563317
15.282616952569223 -11.71850133670062 2.438236006369893
16.380049496737076 -12.086329515224996 0.8071798325718503
17.61956916761753 -10.597959382212258 1.3055224182055212
-19.18452304533751 1.0299752201703574 0.9496483441325047
-19.76734436516382 1.9798257219075275 2.610402189079301
-20.973753009708624 1.921161306787599 1.0163078792073277
-21.791699065843552 0.2280123923349774 1.6976381975854444
-2.026667454129599 16.42120894913398 10.224076928975327
-1.038960069566741 18.01846785719559 9.536182966872275
-2.67119627778033 18.596859983692507 8.535549413265915
15.132438242923286 2.27120945438969 -11.941892961743402
16.403269563188577 3.749045354325226 -11.493575208030146
17.557812131503297 2.454286306284307 -10.498271000531041
-18.248652963464856 -11.493797432904454 -2.245148046975629
-19.44431727221187 -11.70418532183621 -0.6557696159594792
-20.613938384067534 -10.233660589248057 -1.3410020331348922
5.977826541915583 -18.275132145847067 -1.0202604136801234
6.911390885583492 -18.607431199804893 -2.757509663203819
7.294303678831644 -19.77250296094862 -1.1776408129025204
5.822632665555445 -21.0081042375764 -1.7321441166604017
1.4650504951014605 8.25125426672743 -16.80684070386543
-0.4983673805953366 8.509261768476568 -17.086880655364226
0.8038638046583184 9.799541026912443 -17.886488919080296
0.8933674207043916 8.682574995639293 -19.543104742889962
17.412357656809284 4.713262981184467 9.533184291209283
17.426652963941958 6.403210778510735 8.463664732479252
-19.540295271606805 4.354833100854348 -10.732169643660178
-19.568562294183238 6.12551480553282 -9.802714278324327
-2.7165752880990657 -3.641758930540743 16.839845735973107
-4.40487693423723 -4.145189645210162 17.786521534319405
-2.832573508990649 -5.380780273884782 17.82083971156311
-2.9443568071772557 16.07285386044223 -6.041629967301041
-4.63265845331542 17.144727495537136 -6.068545799734648
-3.0154845356064404 17.849696657570963 -5.12633191718827
16.122168083832314 -6.567405679691469 -0.5141688954186249
17.67832536485608 -6.064932522832993 -1.6656441419408403
17.83503256576185 -5.966946728778611 0.32579795798268263
-19.407382043935087 -3.466665065185825 0.12816680395333963
-20.828257775785936 -4.4337857938255105 -0.8944717689905652
-20.89147568058167 -4.386064519321681 1.1039591596314289
0.5184792921165059 16.648086131253915 4.204833743583079
2.2317153304239996 17.67519492662986 4.105486878983249
0.6303408901177322 18.300229129173776 3.0832676522104023
15.155871669436463 5.230098945998188 -6.110515972424714
15.603291131010195 7.176877317025371 -6.209862837024545
16.794464800531127 5.92730800085119 -5.200069881455917
-17.955523590800787 -7.493895739879256 2.9196748306844187
-18.329297373868958 -8.41174130351942 4.656871618730315
-19.533227347226347 -6.946976999558377 4.020461253405237
3.3223090681840795 -18.402619010233543 2.704822935201444
4.388471553332162 -18.716717149884104 4.3675435713670385
2.9277659209643687 -19.985717248312913 3.861601078827939
15.635626286523557 1.2133038750936385 7.004872299971097
16.058725118961195 0.2849713263841437 8.725100789735304
17.15615766312905 -0.08285685214023175 7.094044615937264
-18.00099564892426 1.0317182254449049 -7.836256345934199
-18.352784464526422 -0.022816445015152897 -9.498845067781826
-19.54844877327344 -0.23320433394690987 -7.909466636765676
-2.7016849193689976 -19.318086462844114 -2.2954651998347027
-3.626101347094331 -19.933701181403595 -3.9587369113853024
-1.8535123402619214 -20.71034516489025 -3.454006948166483
2.9943724681647375 4.134015456612277 -18.240992362258662
3.8676104321165816 2.593184757121195 -19.170129711534358
2.4680874746668344 3.666616496749492 -20.11303998930721
1.9995041047499642 6.289320363846117 17.529599058664534
0.04972656676118037 6.566102179805684 17.87853942421218
1.2695174076432492 6.045604414731683 19.375600672475983
-16.29503535632439 6.5683180871231475 7.537493559415168
-15.943246540722228 7.6228527575832095 9.200082281262793
-16.65865168038452 8.534715095100248 7.570142845712275
10.036394443408865 -14.11090308584763 -7.992298015574738
10.828212729654027 -13.51348928159541 -9.728996189713428
12.020800344826608 -13.952296348352416 -8.184592376489347
7.993104897603467 -14.7122610710431 9.294369481105127
8.917521325328803 -14.096646352483617 10.957641192655723
7.288354297460734 -15.249466133037236 11.087338335538002
-10.860609584432927 -14.57439742885741 -9.113697876201822
-11.709636722767648 -13.955389807558626 -10.815456520412326
-10.107763025771229 -15.15143341519494 -10.87445099052044
-0.8894932390067424 -5.685273043644623 -19.08073710238501
-2.888866925040988 -5.65896093103658 -19.03816320986938
-0.8924919146697436 -4.050006776460324 -20.23221234890723
-2.891865600703989 -4.0236946638522815 -20.1896384563916
-0.3075988338034763 -14.467684817699872 13.674270414750561
-2.3069725198377227 -14.44137270509183 13.71684430726619
-0.3509422034852723 -16.228643464806275 12.727092503539678
-2.3503158895195186 -16.202331352198232 12.769666396055307
-13.778069124908125 14.197639581687989 2.1635280134502373
-13.184028207250389 15.090923808669707 0.47558290830788374
-15.45320007908097 13.592479980921121 1.2537378486475732
-14.859159161423236 14.48576420790284 -0.43420725649478
18.669127295011304 -2.073618772206465 1.8555201171376432
19.064339024371158 -3.2120698981160043 0.25935699173607607
19.07913086533335 -0.43335949767268334 0.7871350813808304
19.474342594693205 -1.571810623582222 -0.8090280440207362
-4.333563859218874 -1.3431417411994744 19.40379638540697
-2.716389941509896 -0.8156718185821314 20.45571083088999
-2.122349023852161 -2.724904668488559 20.499816533316512
-4.703971528333779 16.951306811319814 -9.29804093663266
-3.1316681030871982 17.53457484980777 -10.387839236427759
-2.4663141104111057 18.621279761006807 -8.8462892046721
17.49327802202647 -8.926918541299942 -3.1646202811808726
17.533552641677172 -10.629706617059098 -2.116340392952338
18.36146473775083 -9.661107081250282 -0.574790361196678
-21.40243588675421 -1.7602934886695762 -2.6250480736233603
-21.826929120003296 -0.030399396685942603 -1.715503173442036
-22.34043409057905 -1.0271677492227893 -0.05937349960155469
2.303028405442357 17.868615610847172 7.334982015881262
0.7465244575984876 18.61535093693696 8.34477497144989
0.10488448107489656 19.524896943826267 6.68314197891558
15.441374081000859 7.049284273845334 -9.439357973922556
16.5306688486499 5.719432868015217 -10.461577200695404
17.755893212397684 5.517855203701692 -8.893715056331702
-18.283560370579522 -11.276764484946792 3.1529812465909526
-19.45871242543006 -11.614685046751815 1.5703166131673303
-20.636320044206162 -10.0945050895538 2.1201285755089354
6.055765773959019 -18.264433916839018 0.9781917433665661
7.121928259107104 -18.578532056489582 2.640912379532161
7.381125302106952 -19.76058550186804 1.0485661404343145
5.9576233832906595 -20.98957490934941 1.729174194621832
16.24377246179081 3.1469573448510952 10.224076928975336
17.457637587213732 4.579903036140254 9.536182966872286
18.512109915264563 3.206287150686041 8.535549413265924
-18.37761252124676 2.7122076706645917 -11.22834285883254
-19.588898749699794 4.222708678130783 -10.72717185088851
-20.733691804835118 2.958209295039194 -9.682906477013209
-5.351825383020248 -20.00274306316118 -0.5691579219840344
-6.276241810745583 -20.61835778172066 -2.2324296335346334
-6.171132542627977 -21.825790632689895 -0.6414997318242863
-4.446189627993249 -22.573953711137676 -1.3232797178160927
5.90360914059639 5.4062833353900634 -17.61664279398088
6.776847104548234 3.865452635898981 -18.54578014325657
7.207828330911534 5.7394007780264635 -19.09584699659291
5.713232968848759 5.693271354775778 -20.4240249891869
2.180976355520861 9.236641677406471 16.20577850744447
0.23119881753207716 9.513423493366039 16.554718872992115
1.5651727764223635 10.84739293154098 17.218826556291894
1.7277909003127818 9.831060386988938 18.933651184254398
-19.676449707950756 5.20135826957213 10.32293905756917
-19.691794290878537 6.891696133112836 9.254050639231965
9.376423541803433 -17.757565322768624 -10.699241258832469
11.092239655344748 -17.323726044142674 -9.7677056745238
-2.716575288099065 16.69066002376953 4.27371974870675
-4.404876934237227 17.76253365886444 4.246803916273143
-2.832573508990648 18.345801697352396 3.1570056164780453
16.19604869035463 2.166535263217708 -6.041629967301043
17.737174995944507 0.89209215025295 -6.068545799734651
17.907906287851926 2.6479633942513536 -5.126331917188274
-19.112222263007787 -6.103714848428869 0.23609862983594737
-20.702221004728194 -5.559837719851068 -0.8483835831751687
-20.771397643304706 -5.4588792543734765 1.1478684001484956
1.7726988228644402 -19.64891851586937 0.15186747439687184
1.2095046727663297 -21.27345350578283 -0.8697481166363401
1.2690094769956008 -21.31979937788872 1.128829186950484
15.673051886476516 5.637644647706828 4.204833743583089
16.120471348050252 7.584423018734011 4.105486878983262
17.209766115699296 6.254571612903895 3.083267652210413
-18.074999674790114 5.66742311155075 -5.4029106084589875
-18.474879221600972 7.625352087928511 -5.484215414606447
-19.654452185793836 6.4069822182745755 -4.4239406941378725
-2.497637360822213 -19.290078135681604 2.9365504722040745
-3.2894556470673746 -19.887491939933827 4.673248646342766
-1.5612344909240716 -20.670226019702188 4.04033554343852
3.374337203392387 9.021713467863872 -16.401850492856163
4.494491220043001 10.657101474560887 -16.135841007060893
3.0123491969216527 10.66775815762344 -17.478652035614004
-18.101612426328742 1.6572919251003118 7.723260055480657
-18.475386209396913 0.7394463614601491 9.460456843526554
-19.65053826424745 0.40152579965512714 7.877792210102932
5.7631445726374455 -17.13122072431039 -7.809473592311635
4.838728144912112 -17.746835442869877 -9.472745303862235
4.943837413029719 -18.954268293839103 -7.881815402151886
-2.8181225314685867 4.834640398868602 -18.90211591861967
-3.800486517616137 3.5174797428306563 -20.042312745885027
-2.0151655527856054 4.207017631490684 -20.62297319110138
3.7763035480408487 5.210251258008258 17.81524532458277
4.690957911430694 3.7264253419146516 18.795892073550455
3.332202873992107 4.855969309581526 19.73286335024075
10.643245361254714 -14.02760447072603 7.568062203254455
11.567661788980049 -13.411989752166546 9.231333914805054
12.636533653904326 -13.86777850315828 7.603522638629991
-13.550767199766252 -13.800491851772453 -7.490042088351304
-14.399794338100973 -13.18148423047367 -9.19180073256181
-15.536699952413535 -13.589634752832785 -7.597793588524319
-10.790124525982693 -14.465070437702124 9.694332327551447
-11.626400358123133 -13.826284696470239 11.39509554134008
-10.024077392638487 -15.021631458943638 11.455982582037201
8.27932112273381 13.774916988876022 -10.726871363472648
9.26168510888136 15.092077644913967 -9.586674536207292
7.633032632361778 15.663175239363968 -10.597287542426809
-0.05484628505172984 -4.536480066244611 19.406323625739734
-2.054219971085976 -4.510167953636568 19.44889751825536
-0.010081445332766892 -2.835472960030431 20.4573093219953
-2.009455131367013 -2.809160847422389 20.499883214510927
-0.30759883380347763 18.700784621922306 -6.82497105374814
-2.306972519837724 18.72709673453035 -6.782397161232512
-0.3509422034852737 18.641127591519982 -8.82361118919729
-2.3503158895195204 18.667439704128025 -8.781037296681664
17.760415149443734 -8.716410512456934 2.163528013450241
18.42641019550805 -7.875404019828155 0.4755829083078882
17.70251810037876 -10.496559323016857 1.2537378486475776
18.368513146443078 -9.655552830388078 -0.4342072564947752
-21.43693229045885 -1.5458159090153893 2.7095230891403044
-21.929528314465514 -2.6725833272998614 1.1322645997907093
-21.848748253614048 0.10525865645644483 1.6586375617194777
-22.341344277620717 -1.0215087618280272 0.08137907236988284
-4.333563859218872 17.955954343081757 7.4762990531711555
-2.716389941509895 18.660923505115584 8.418512935717533
-2.122349023852159 19.554207732097304 6.730567830575182
17.57525794593516 0.7644991070729144 -9.298040936632663
17.64411033597069 2.440088261415382 -10.387839236427762
18.472022432044344 3.408687797224198 -8.846289204672102
-20.656484001438766 -8.42486090127844 -2.3522739553145318
-20.69688272150843 -10.126587301566913 -1.3022762400894137
-21.432670762243326 -9.137409194392317 0.2725706195759938
3.942961378541271 -21.135268412388307 -2.5963793084712163
5.7223688581381875 -21.094667631443848 -1.6842057514431379
4.890765383718933 -21.84761298793453 -0.028455482992924885
16.282388398059588 7.712016061914039 7.334982015881274
17.473562067580517 6.4624467457398564 8.344774971449903
18.53686938131896 6.133276038246295 6.683141978915592
-18.453970275031885 7.495353022180883 -8.71760357779652
-19.620387240423923 6.195187183158832 -9.691790548498611
-20.782650276272243 6.0250292768161415 -8.073090167819803
-5.27388615097681 -19.992044834153123 1.4292942350626547
-6.065704437221972 -20.589458638405343 3.165992409201346
-6.084310919352669 -21.813873173609302 1.5847072215125495
-4.311198910258031 -22.55542438291068 2.138038593466141
6.048742754926999 7.273217848942908 -16.914153110002147
7.168896771577613 8.908605855639923 -16.64814362420688
7.369502184471872 7.819101600906241 -18.313297655290707
5.964604328975531 8.926801161801464 -19.207313146439667
-18.521123212686344 3.6044695428875215 10.964347215665917
-19.72505318604373 5.069233846848564 10.32793685034084
-20.856923801530403 3.7243906226192083 9.373858440543085
7.4888686085633625 -17.062178842552804 -11.199052581712904
9.261457615395774 -17.838822826039454 -10.694322618494082
8.336260066379252 -19.271642504804305 -9.649795326635218
-5.411537135160567 6.770185361383072 -18.90364772853056
-6.39390112130812 5.4530247053451255 -20.043844555795918
-6.240367740968637 7.360415780518028 -20.625468822373822
-4.542441883396589 6.929467102317471 -21.590523752906492
6.654119615980159 6.4392723848325115 16.990734740096713
7.568773979370004 4.955446468738905 17.9713814890644
8.02075314672344 6.858295797212334 18.3895671719933
6.585149900591098 6.893362055778638 19.781620934318752
10.197613076943695 -17.64484579146702 10.357009294555034
11.83548995844157 -17.22170474184912 9.290092721817013
-13.102753227150604 -17.461735366311608 -10.220578334394622
-14.765362068520965 -16.98343541559 -9.217103871472514
16.713228907394676 2.574080964926345 4.273719748706758
18.254355212984553 1.2996378519615868 4.24680391627315
18.323207603020084 2.9752270063040567 3.1570056164780538
-19.191525707349005 2.6322420237806856 -5.288100599919539
-20.76539019977416 1.3987927426458149 -5.2486870191232935
-20.849620297878637 3.158019323793824 -4.301044087025135
-0.8506336782309232 -20.04893944313744 0.2563183291655774
0.08931019094997206 -21.444267245615524 -0.8251463472898868
0.20177525942451746 -21.48253743002155 1.1713222854109986
1.7346082269990046 7.1086495310603395 -18.432518169428892
1.1306491669830943 6.732523075655899 -20.30167903553154
1.257126543890085 8.619948301899004 -19.652349005060213
-18.14178506597687 6.082653904320761 4.924873846092739
-18.541664612787724 8.040582880698523 4.84356903994528
-19.708081578179762 6.740417041676473 3.869382069243189
10.255209476333352 -15.995414747212912 -5.3706817708615455
12.249913776542769 -15.872937999656337 -5.449130486810425
11.37827396541439 -17.327339108234504 -4.388488485462806
-2.438157796240937 9.7223384101202 -17.062974049217168
-3.1736057296897195 11.58139646027035 -17.008024041411563
-1.47090383053079 11.208159292364634 -17.988585237408174
4.0699318178031 9.979117319115897 15.673258677703085
5.175397397626033 11.59428842692331 15.261958125392592
3.752796189600084 11.686896011413289 16.664680349576
6.369995490483291 -17.047922109188782 7.750886626517558
5.5781772042381315 -17.645335913441006 9.48758480065625
5.559570722107432 -18.869750448644965 7.9062996129674525
-9.354534224072284 -16.932269387874502 -7.487563567851171
-8.518258391931841 -17.571055129106384 -9.188326781639805
-8.58728531010781 -18.77619631695386 -7.593688891107694
5.465518552252104 -1.34769533258306 -18.897223155429273
4.483154566104552 -2.6648559886210066 -20.03741998269463
4.6366879464440345 -0.7574649134481029 -20.619044249272537
-2.0030016132158974 5.956558093749463 18.684564453123343
-2.933353555745292 4.710985874194305 19.94273578839697
-1.1254503992425935 5.431605483196518 20.403380505971242
-13.49240935416336 -13.709974970459601 8.081997530515192
-14.328685186303803 -13.071189229227718 9.782760744303829
-15.477487931261342 -13.497792988703962 8.20217177636221
10.872735726425795 11.839372026361556 -10.725339553561756
11.855099712573345 13.1565326823995 -9.5851427262964
12.866735010180369 11.757102427764304 -10.594196236793842
-11.178774403407047 14.030988979919073 -10.312538178398148
-12.076734203615612 15.372895030753286 -9.1323024612874
-10.478111680464849 15.901521113348553 -10.211635817241472
-0.05484628505172906 19.38631908954483 4.62122064142457
-2.054219971085975 19.412631202152873 4.663794533940196
-0.010081445332766892 19.565635769686764 6.612662741348092
-2.009455131367013 19.591947882294804 6.655236633863719
17.8805563416066 5.486316381026082 -6.8249710537481425
18.523421094850633 3.5929298983679434 -6.782397161232514
17.8372129719248 5.426659350623758 -8.823611189197292
18.480077725168833 3.5332728679656213 -8.781037296681664
-20.690980405143414 -8.210383321624255 2.9822972074491334
-21.40585949930922 -7.351204280197284 1.323755903924464
-20.71870185511919 -9.990929248424525 2.0718644950721004
-21.433580949285 -9.131750206997555 0.41332319154743113
4.151019863324436 -21.106709530565638 2.7384811566029494
3.1933080624018375 -21.876964985210773 1.1606679100610748
5.853966804324205 -21.076604007664457 1.6901179687570684
4.896255003401604 -21.84685946230959 0.11230472221519361
18.41627226299389 1.427230895141617 7.4762990531711635
18.587003554901308 3.183102139140019 8.418512935717542
19.252998600965622 4.024108631768802 6.730567830575192
-20.74448125320507 1.2687936768981882 -8.48207518231337
-20.815555352508724 2.946224288678083 -9.568893941385877
-21.551343393243613 3.935402395852677 -7.994047081720468
-2.6869385992046246 -22.146233944087047 -2.3324025844313048
-4.32130116900408 -22.62618458392867 -1.2843060365149697
-3.177288587063072 -23.077876566529103 0.29278291633935716
3.8050547185177077 4.984027456734935 -20.813981652677516
5.6142795314403084 5.771291745181805 -20.486994624736912
4.835702412588166 7.609716707284295 -20.60536408329087
-18.562573559356814 8.17058194644615 8.076957203135354
-19.74214652354968 6.952212076792217 9.137231923603927
-20.88350061282891 6.652055104701899 7.522544141092663
12.123805450039427 -15.89024809781079 -8.682694001802513
11.172817739351855 -17.35554079434198 -9.656624023730972
11.308052866948614 -18.520233053261258 -8.036376079039359
-5.266403520829958 8.637119874935914 -18.201158044551832
-6.001851454278743 10.496177925086064 -18.146208036746227
-6.0786938874083 9.440116603397803 -19.842919481071625
-4.291070523269818 10.162996909343153 -20.373811910159265
6.766275634971517 8.260817132379797 16.172568644437092
7.871741214794451 9.87598824018721 15.761268092126599
8.145691093552308 8.8874339822348 17.478158287512642
6.779404079199504 10.048276806814172 18.36455759427765
8.354425994392727 -16.94336921496949 10.99484103779767
10.08264715053603 -17.72610329473785 10.361927934893423
9.07951036947607 -19.16962120251075 9.408003069705595
-11.220543220112512 -16.815959661863868 -10.80066157867606
-12.989859334665452 -17.545991545245442 -10.220511653200205
-12.059053572343831 -19.003236557038303 -9.215505380367201
8.058933155944084 -3.283240295097533 -18.89569134551838
7.076569169796533 -4.600400951135478 -20.035888172783736
8.861890134627064 -3.910863062475452 -20.61654861800009
7.966401388507131 -2.40626677816154 -21.583135358443656
-4.596416216907878 7.892103056263936 18.683032643212446
-5.526768159437272 6.646530836708778 19.941203978486072
-5.350652587425623 8.585003632223867 20.40088487469879
-3.6119641802797826 8.210159790288987 21.31546385817707
-13.023783498848076 -17.339248090603924 10.851476761435356
-14.693887369946898 -16.872573427097063 9.854999055622786
10.50613004352196 15.723380593689473 -13.14222318864975
12.108948415523942 14.52714802010189 -13.141276478060512
-19.25831109853576 3.047472816550699 5.039683854632189
-20.832175590960915 1.8140235354158267 5.079097435428434
-20.903249690264566 3.4914541471957214 3.9922786763559275
7.6141958137755195 -17.862073704603713 -5.257690063311351
6.831974014108219 -19.702318336279554 -5.217332267119024
8.551241526380842 -19.32547546775846 -4.2675382506666635
-0.8853655529994956 7.424455218366799 -18.730518663728578
0.011888899410295695 6.86737589667619 -20.428928825313683
0.19125873415344485 8.748425586214388 -19.773582712276866
2.522172552679401 8.192638830134918 17.88347853568815
2.000227733009983 7.929395292364571 19.796140671310226
2.096021098901888 9.774587600598974 19.030576188928958
10.65801283563242 -15.940124459253818 4.957662775928867
12.652717135841835 -15.81764771169724 4.879214059979984
11.701729425154262 -17.282940408228427 3.9052840380515246
-13.707300680775976 -15.680063860067932 -4.860433317078544
-15.699623958405423 -15.505117121867663 -4.853983804776539
-14.822190680679036 -16.982536342765258 -3.8305858915186146
10.041716263173717 0.4082251425664805 -17.055602765526647
12.03314581729491 0.23213078131799286 -16.99904211746502
11.191636384047113 1.7577166635337858 -17.981106061278673
-1.7093733434536436 10.725424154857103 16.542577806243656
-2.4489140695499465 12.578848959202967 16.408801840239104
-0.7048570836346104 12.262532185028284 17.335197505306486
-9.2961763784694 -16.841752506561654 8.08447605101533
-8.447149240134681 -17.46076012786044 9.786234695225833
-8.528073288955627 -18.68435455282504 8.206276473778836
6.595558774071694 13.188641418543984 -13.427493748009086
5.860110840622912 15.047699468694134 -13.372543740203483
5.783268407493355 13.991638147005874 -15.069255184528878
-9.1140139487628 -1.1558260969224523 -18.58677221073496
-8.216054148554234 -2.497732147756664 -19.767007927845707
-8.343977721225059 -0.586637049121987 -20.342638958567335
6.280639470504786 -0.2257776377022041 18.68945721631373
5.350287527975393 -1.471349857257363 19.947628551587357
5.526403099987042 0.46712293825772555 20.407309447800074
-13.819788065964888 12.164330022528272 -10.199546470847952
-14.717747866173452 13.506236073362484 -9.019310753737205
-15.8078724776405 12.13446535220465 -9.983610198955304
16.653998630384304 -6.74146427983814 -10.296098648243497
18.195032201583864 -7.219853883587918 -9.114422330692845
18.247800522132355 -5.537509336398082 -10.19466875113918
18.45443353124806 5.938540140251776 4.621220641424578
19.09729828449209 4.045153657593637 4.663794533940203
18.611140732153828 6.036525934306155 6.6126627413481
19.25400548539786 4.143139451648018 6.655236633863728
-20.819939962925304 5.9956217819447915 -6.000897604407783
-21.509991000370768 4.119776707692014 -5.929941116881737
-20.8632833326071 5.935964751542469 -7.999537739856935
-21.553334370052564 4.060119677289691 -7.928581252330887
-2.478880114421463 -22.117675062264375 3.0024578806428606
-1.460975858983802 -22.586677143019262 1.3459833185050993
-4.189703222818063 -22.60812096014928 2.0900176836852378
-3.1717989673804015 -23.077123040904162 0.43354312154747654
4.192488352350549 9.967802070561149 -18.93868810163303
3.179080112601365 8.785463534964885 -20.193709745610754
5.859333082363376 8.923552053705476 -19.30086284995957
4.845924842614193 7.741213518109213 -20.555884493937295
-20.85308453753 1.9440226011634538 8.312485598618512
-20.93731463563448 3.7032491823114646 9.260128530716669
-21.652193729800285 4.562428223738432 7.601587227191998
6.705865687604873 -19.719628434434007 -8.450895782111111
8.345785300318298 -19.353677153865938 -9.535673788934831
9.489797882259305 -19.805369136466368 -7.958584836080504
-2.816356825178728 5.782157361491906 -21.567112820648344
-4.416531322724067 6.980382897247559 -21.627916955940318
-3.222021818036621 8.580976480265617 -21.52186402004144
4.6965715501784 6.21109510562847 20.29545063804424
6.488916002854113 6.975125571420482 19.844054126865608
5.713820421376003 8.818342458620036 19.88622457049028
12.778825462345178 -15.800337613542789 8.112777574972071
11.907185651216803 -17.25473872212096 9.17341957631969
11.916312452310216 -18.436741079194686 7.560104006019216
-15.711751171252766 -15.523927231710099 -8.089974389663315
-14.841948387829373 -17.01318185434412 -9.10267562246207
-14.938691399470716 -18.174821239773628 -7.477488024700656
9.806885142276679 -2.612538355132271 -18.192254950950407
11.798314696397872 -2.788632716380759 -18.13569430288878
10.809048515352636 -3.163724174460388 -19.83294467366967
10.993853507489135 -1.2446112949274548 -20.36478381334655
-4.4842601979165195 9.71364780381122 17.864866547552822
-5.223800924012824 11.567072608157083 17.73109058154827
-5.225714640596753 10.614141817246335 19.489475990218125
-3.4177100016713737 11.365074541324523 19.898400518135958
-11.137306855468003 -16.68685455077548 11.40989048307635
-12.910889606362927 -17.42350426953775 10.851543442629774
-11.98757887376977 -18.892374568545364 9.856597546728102
8.68835656521194 16.132918003878416 -12.234359744868819
10.391058464370868 15.759680835972702 -13.214920940865424
9.350436103920329 15.39734260673377 -14.883997365287726
-11.755027611320635 -3.022485054313252 -18.47378050318477
-10.857067811112069 -4.364391105147464 -19.654016220295517
-12.646728500130589 -3.6278058233438664 -20.158552384323496
-11.753923056491763 -2.146743807999241 -21.16321837185975
8.874054074196769 -2.1613226002166748 18.690989026224628
7.943702131667374 -3.406894819771833 19.949160361498254
9.751605288170072 -2.6862752107696215 20.409805079072523
8.896879091623932 -1.1255740901900313 21.322852252639905
-13.45434098587655 16.03870464555182 -12.632018155266147
-15.08657719409014 14.885045964479865 -12.562185439553238
8.016999173074577 -17.806783416644613 5.070654483479063
7.234777373407277 -19.647028048320454 5.111012279671391
8.874696986120702 -19.281076767752385 4.026234272847671
-11.113886077083992 -17.615608822582402 -4.858901507167647
-10.379331867143467 -19.47581449578077 -4.850841354609619
-12.046109921823808 -19.05441066655686 -3.828946189168742
7.398275530721195 1.2421194869151326 -18.725625900538184
6.610227012655822 1.9428335277551894 -20.425031492545155
8.362005925388987 2.6503460336965503 -19.768756630280887
-0.08284095529915987 8.52903556537494 18.275322885381552
0.8878556812490304 8.073040738132336 19.963462914325248
1.0362394845664045 9.911441814228944 19.189987814325313
-13.668565077748887 -15.61998237581227 5.4756635481665
-15.660888355378336 -15.445035637612001 5.482113060468506
-14.791085571954945 -16.93429026024602 4.4694118276697505
10.791791749765663 10.056863882441931 -13.425015227508949
12.783221303886855 9.880769521193445 -13.368454579447322
11.79395512284162 9.505678063113816 -15.065704950228213
-13.559912379884011 0.7188267649280855 -16.55303878358472
-15.551072515119964 0.5951439909231239 -16.411674405958742
-14.712285389678229 2.0986168721646767 -17.429517936941977
10.770500715961004 1.4113108873033813 16.549949089934177
12.757837477434675 1.2295832802506066 16.417783764185646
11.957683130943282 2.8120895561974333 17.34267668143598
-9.627482171853595 13.4021395170714 -13.082046568058248
-8.841716207212832 15.241178122298855 -13.059488702573473
-8.864961506224894 14.184411452811823 -14.757341423611175
7.153909340920101 13.957145044038962 12.319047435721046
6.414368614823795 15.810569848384823 12.185271469716495
6.412454898239864 14.857639057474072 13.94365687838635
-8.29889303051013 -0.033908402041596064 18.99990816100805
-7.348921186683407 -1.3042260163930193 20.218040606436283
-7.4542625676820675 0.6379508025838427 20.683714738505277
15.615803339828451 -9.804355810816526 -10.182160230104062
17.15683691102801 -10.282745414566303 -9.00048391255341
16.15264568144974 -11.71865085764244 -9.964732600902218
-20.06428955350371 -6.258245089639951 -9.514233574486651
-21.565683778483244 -6.6965958035443345 -8.267772972294338
-21.620109726169744 -5.012840560756952 -9.345736839316064
-20.894046843545595 6.456373126555868 5.459092013760431
-21.584097880991063 4.580528052303093 5.530048501286478
-20.96322348212211 6.557331592033464 7.455343997084096
-21.653274519567578 4.681486517780687 7.526300484610141
11.286230304887479 -18.56149612309651 -5.964165067535407
9.65399409667389 -19.715154804168467 -5.894332351822499
11.242886935205682 -18.621153153498835 -7.9628052029845575
9.610650726992095 -19.77481183457079 -7.89297248727165
-2.428923191345887 10.765931975318118 -19.691819269603858
-1.469244807555483 9.345762060637425 -20.722418519128748
-4.171477771800998 10.132643205771227 -20.441785181162974
-3.2117993880105935 8.712473291090534 -21.472384430687864
4.995971618139659 11.073701910994426 18.11135934408557
4.039403785890653 9.969597484633624 19.477350338930314
6.67828791947034 10.050746685181927 18.46260636294831
5.721720087221334 8.946642258821127 19.828597357793054
7.360885699910626 -19.629717950166004 8.344575794663477
9.080153212183248 -19.252875081644916 9.294369811115835
10.098057467620906 -19.721877162399803 7.637895248978075
-10.39145907999081 -19.494624605623212 -8.086831939496392
-12.065867628974146 -19.08505617813572 -9.101035920112198
-13.153206872305491 -19.507383174638342 -7.476433421672441
6.37539589175878 -1.077929969943562 -21.561683677968922
7.979418056694505 -2.2710948042976242 -21.620595242671886
9.173927561381953 -0.6705012212795682 -21.51454230677301
-1.8870311732138467 7.061264387086448 21.285751655634417
-3.48461807239574 8.263051446446989 21.344266299236956
-2.2978935219428354 9.852929959204925 21.091341100763238
-15.648761142530992 -15.426225527769555 8.71810364535528
-14.771327864804606 -16.90364474866715 9.741501558613203
-14.880198089293293 -18.0840942439391 8.130698571487843
13.018052424783892 12.901533018892193 -12.231802394023553
12.176542991536094 14.427118901107985 -13.213866337837208
12.126516862775551 13.325468282942166 -14.882357662937853
-13.453209701479103 -2.306431378193608 -17.69696345807018
-15.444369836715056 -2.43011415219857 -17.555599080444203
-14.538444928673812 -2.830146661417424 -19.293204919683507
-14.695173735839258 -0.9065391364615484 -19.817771570298685
10.589028465190113 -1.5360104262569738 17.873769641154244
12.576365226663782 -1.717738033309749 17.741604315405713
11.662027762164175 -1.9896989606118674 19.49945079762007
11.86721402908757 -0.04253366294609451 19.907428614948667
-11.589432548175575 16.399777308029755 -11.802572320537813
-13.34155274613484 16.072006212172045 -12.70956786662579
-12.382801420551132 15.683355870325071 -14.421218183563719
9.928796195382976 14.96892139508485 10.99675869441188
9.189255469286671 16.82234619943071 10.86298272840733
10.933312455202007 16.50602942525603 11.789378393474713
9.966430239664508 16.245185798288336 13.520591662701712
-10.939906693067964 -1.900567359432397 19.112899868558248
-9.989934849241244 -3.17088497378382 20.33103231398648
-11.757013346587598 -2.403217971638038 20.867801312749126
-10.82344535337498 -0.866051120027733 21.742769239223822
19.227927872559597 -8.353076276185744 -12.612714252497694
18.58628789603601 -10.246047346184588 -12.542296437463127
-11.07515047405691 -17.555527338326737 5.477195358077398
-10.340596264116387 -19.415733011525106 5.485255510635427
-12.015004813099724 -19.006164584037617 4.471051530019622
8.148351017313136 10.890758226790583 -15.09503836252049
7.360302499247767 11.59147226763064 -16.794443954527463
8.964324664183493 10.39830743327658 -16.853355519230426
-10.968924846086715 1.483835104153067 -18.334521816235554
-10.23575946606254 2.1645297000704278 -20.066319550563353
-11.938802650447569 2.917508278059798 -19.336479038390454
8.200800128421529 2.34669983392327 18.280215648571943
7.486193794494554 3.148498369211331 19.96736024709377
9.206986675801943 3.8133622617111023 19.194813896321293
-13.900732042625025 10.381821878608642 -12.899222144795143
-15.891892177860978 10.25813910460368 -12.757857767169163
-14.985967269819735 9.858106595384827 -14.49546360640847
11.350142316614068 10.825367507936914 12.321525956221185
13.337479078087739 10.64363990088414 12.189360630472658
12.423141613588127 10.371678973582021 13.947207112687016
4.574204742724155 -12.815221742527756 -16.542327800352705
5.022037978896322 -14.759200171116708 -16.39952282228682
6.225501083109961 -13.527896172034279 -17.41715095605676
-12.83112792709673 1.721912509664986 17.052513071876113
-14.826380854980204 1.5925964898557359 17.005151475691942
-13.946238642782067 3.152989764828323 17.894264805772696
15.611876258245772 -5.434768780171339 -13.067138847814494
17.151332623819492 -4.158232466997207 -13.044135812311687
16.14614201055962 -4.482143192914187 -14.742568522974716
-9.069131605005197 14.17064314256638 12.664494615671893
-8.287458433011956 16.004048501989548 12.498326507346514
-8.235775015478389 15.050412363280024 14.255570639304063
-19.103111158025317 -9.347448733226381 -9.442869048862844
-20.604505383004852 -9.785799447130763 -8.196408446670533
-19.68038067291244 -11.247081870259661 -9.201717951276532
-0.26927521376713504 -21.03187219640294 -9.502541576181093
-0.26328863688075366 -22.59522749441397 -8.255190633952711
1.367182750699282 -22.168962876143997 -9.332159310142499
11.733191832410071 -18.50014452065118 5.4964460441650145
10.100955624196484 -19.653803201723136 5.566278759877923
11.845656900884618 -18.538414705057203 7.4929146768659
10.213420692671031 -19.69207338612916 7.5627473925788085
-14.829787085709624 -18.217804698499457 -5.408060660895499
-13.22696871370764 -19.41403727208704 -5.407113950306261
-14.873130455391419 -18.27746172890178 -7.4067007963446505
-13.270312083389436 -19.473694302489363 -7.405754085755412
11.04154709975877 0.7125063188375115 -19.683862886591672
9.407810879857191 1.2278813666712864 -20.71599394602746
10.930780103794707 -1.138635637222255 -20.43286497678924
9.29704388389313 -0.6232605893884803 -21.464996036225024
-1.5876311052525858 11.923871192452406 19.10166036167574
-0.582378805570579 10.566428391649989 20.17255571442209
-3.295246155779512 11.338672560208437 19.962818535319652
-2.289993856097504 9.981229759406016 21.033713888066
-10.328469051269042 -19.396922901682668 8.7212460955222
-11.995247105949385 -18.975519072458756 9.743141260963078
-13.09471356212807 -19.416656178803816 8.131753174516058
7.595133620144806 14.61223576532939 -15.657791769103698
9.34691253287797 15.319748271270749 -15.001516906839424
10.306590916668377 13.899578356590055 -16.032116156364314
-10.129056787657637 -0.8607284430512654 -21.21024422504882
-11.764962189443157 -2.011255255522302 -21.200166021131995
-12.911360170091903 -0.37985491447326003 -21.044266703655794
7.304721543723656 0.20117705565097566 21.29118079831383
8.911331307022829 -0.9884262550981984 21.351588012505378
10.098055857475732 0.601452257659738 21.098662814031663
-15.998594856265882 13.28339724772538 -11.613933092683697
-15.159807730824149 14.786870128966934 -12.63177662366693
-15.209833859584691 13.685219510801115 -14.300267948767573
11.531614567384963 13.772688821497267 10.997705405001122
13.518951328858634 13.590961214444492 10.865540079252595
12.71879698236724 15.173467490391317 11.790432996502929
12.74251099851974 14.173311474496735 13.522231365051589
1.6444847149742847 -13.574304371485326 -17.68804594912043
2.092317951146453 -15.518282800074276 -17.545240971054543
1.452388656585426 -14.76459684469856 -19.283759874786114
3.341486323884755 -14.367852444979922 -19.807118150440687
-12.67106637856568 -1.2299034493183107 18.36906113403447
-14.666319306449155 -1.3592194691275599 18.3216995378503
-13.685465681862285 -1.6561214475689037 20.039190551606243
-13.821813214240835 0.2955384955198114 20.454440857996538
19.042857361013503 -6.4620413690180225 -11.784479245404524
19.227822219816158 -8.23551853063169 -12.690330645051752
18.58375517339788 -7.427936298891081 -14.40292767257892
-11.87020681609408 15.255800144158878 11.460938261063724
-11.08853364410084 17.089205503582043 11.294770152738344
-12.7992987553037 16.81835480145537 12.294731467714358
-11.766807284806951 16.531199061879633 13.98337084442573
-22.77598321967996 -7.800297350286493 -11.718299162128075
-22.18194230202223 -9.709530200192921 -11.674193459701552
-11.309744508827727 11.146830217833624 -14.680705177445983
-10.576579128803552 11.827524813750985 -16.412502911773785
-12.212484530589075 10.676998001279948 -16.402424707856955
8.780441729074585 11.7607564545568 14.051792514858946
8.06583539514761 12.562554989844864 15.73893711338077
9.672445158446783 11.37295167909569 15.799344327572317
4.571777672829468 -10.1146684407883 -18.32534264291444
5.017058936691787 -9.21911708805629 -20.05731041705836
6.22290306348539 -10.637130442347551 -19.325751759855116
-10.166400248386394 2.5884154511612043 18.67131973287458
-9.359792684223823 3.370194541526571 20.326072189075575
-11.09382190003463 4.08052450607435 19.62709148821173
13.932040991166328 -10.390631381148564 -12.882782614640492
14.379874227338496 -12.334609809737515 -12.739977636574608
13.739944932777467 -11.5809238543618 -14.478496540306176
-13.34238147577662 11.150325504103625 12.847319038935
-15.337634403660095 11.021009484294375 12.799957442750825
-14.356780779073224 10.724107505853034 14.517448456506768
5.302989195511431 -11.81213599779086 17.063224055108122
5.746729639036075 -13.761747672184097 17.017303059363854
6.99154783000612 -12.473523279370633 17.906631786657904
-19.10703823960798 -4.977861702581191 -12.327847666573271
-20.610009670213348 -3.6612864995616636 -12.240060346428804
-19.686884343802546 -4.0105742055314 -13.979553873349023
16.170226825094176 -4.666265154676365 12.67940233591565
17.705590398020373 -3.3953620873065216 12.513679397608307
16.775328501306124 -3.61614228244599 14.270343539940527
-3.504329793982706 -20.989298303887313 -9.433655571057425
-3.498343217096325 -22.552653601898342 -8.186304628829044
-5.161396530355032 -22.083045613946577 -9.193142259686734
-0.28780055225349255 -0.4190896289517564 -23.111936821440775
-0.28480187659048933 1.3421344482483295 -24.059608050208944
1.3470913606439938 0.18633470681323527 -24.092033656863638
-14.786805010464215 -18.151136654753586 6.061152633528412
-13.183986638462233 -19.347369228341172 6.062099344117651
-14.815165054735822 -18.187553555678637 8.060619941892298
-13.212346682733841 -19.383786129266223 8.061566652481538
11.873851194311946 11.418897440284253 -15.655264528770926
10.24011497441037 11.93427248811803 -16.687395588206712
12.053221029055097 13.29994712982245 -14.99991841573411
10.41948480915352 13.815322177656226 -16.0320494751699
-14.66234744629999 1.050774133646378 -19.136534064930785
-13.061029085985993 1.5235752889645262 -20.23755112949024
-14.632289329517898 -0.8022211058943597 -19.88853483079135
-13.030970969203901 -0.32941995057621154 -20.989551895350807
11.882839185852054 1.8704455359717937 19.10961674468793
10.294676881842083 2.4485476976838463 20.17898028752338
11.80701171981618 0.06739371721494525 19.971738739693393
10.218849415806208 0.6454958789269972 21.041102282528843
-10.683281807208456 14.852782956872682 -15.268578237288322
-12.386324991593485 15.60576153486205 -14.538737725115421
-13.426020293837327 14.211903732789398 -15.526763082124685
8.247307645918506 15.509876303405216 14.415116562160705
9.968100527225895 16.174740195904985 13.642570211388229
10.973352826907902 14.81729739510257 14.713465564134577
1.6420576450795978 -10.87375106974587 -19.471060791682163
2.087338908941918 -9.97819971701386 -21.203028565826084
1.4497906369608557 -11.873831115011836 -21.19236067858447
3.339815362466884 -12.50860628812692 -21.034667886826007
-9.19973113569277 0.4183785825432743 21.642620251233936
-10.833048939114844 -0.7285867063228753 21.77201723404528
-11.987231873998134 0.8920985644660446 21.56893841714889
17.309594255088363 -11.575527180779945 -11.594259487806882
18.513057359302003 -10.344223181697515 -12.611887621576821
17.472434998851462 -10.706561410936446 -14.280964045999122
-13.50244302430767 14.10214146308692 11.530770976776633
-15.497695952191144 13.97282544327767 11.48340938059246
-14.617553739993006 15.533218718250259 12.372522710673216
-14.593839723840505 14.533062702355677 14.104321079221872
2.4266280378877054 -12.497776442610029 18.37797864298422
2.8703684814123496 -14.447388117003266 18.332057647239953
2.3053679033969496 -13.590571630850038 20.048635596503633
4.214846845483176 -13.165774812998563 20.46509427785453
-22.506152808812338 -5.915249020005153 -10.899750639913334
-22.776088872423387 -7.68273960473244 -11.795915554682134
-22.184475024660337 -6.891419152899414 -13.534824694817345
18.008392692162047 -7.043516240835578 11.478586166178982
19.543756265088245 -5.772613173465735 11.312863227871638
19.770076210647304 -7.4891699413483686 12.3139686892884
19.199749309142067 -6.5800931073365225 14.001661355410533
-0.9744118637021961 -24.071479579649143 -11.705421983512405
-2.9737855497364416 -24.045167467041104 -11.662848090996778
13.929613921271635 -7.69007807940911 -14.665797457202231
14.374895185133953 -6.7945267266771 -16.39776523134615
13.73734691315289 -8.690158124675076 -16.387097344104536
-10.677653797066279 12.016828445599845 14.46612569993346
-9.871046232903709 12.798607535965212 16.120878156134456
-11.504364036325784 11.651642247099062 16.250275138945796
5.37430227052979 -9.010088093780174 18.680498906195687
5.893025718530508 -8.013452246600158 20.335081322580564
7.067883813898334 -9.474114214333012 19.63781876674706
-17.55181892647187 -9.976298196074048 -12.212377438522942
-18.04414758347776 -11.907903927264865 -12.04955301553436
-17.459187235689914 -11.170337737007113 -13.814154247117457
14.490391558014727 -9.622127755653588 12.863758569089649
14.934132001539371 -11.571739430046826 12.817837573345383
14.36913142352397 -10.7149229438936 14.534415522609061
5.302989195511444 20.544359371119082 -2.9341898397067867
5.746729639036088 21.375179230621715 -4.698512026790705
6.991547830006134 21.594507563529998 -3.1485692040344144
0.6879761001285831 -19.751488809344178 -12.316155668267713
2.3776884418642927 -20.817711552961963 -12.226482577665307
1.781514441060571 -20.033099513339398 -13.966873484342598
-18.548687672759566 -4.209358077086227 13.418693517156896
-20.055751896012456 -2.89841611987099 13.317754863491212
-19.057697853056023 -3.144573295063214 15.03335818956624
-3.5228551324690622 -0.3765157364361293 -23.04305081631711
-3.51985645680606 1.3847083407639564 -23.990722045085278
-5.181487920410318 0.2722519690106602 -23.95301660640788
0.714079713476799 0.9598802552762689 23.086550391333336
0.7558458775327609 2.774463202602501 23.926517244734644
2.3891050149062103 1.6205434614238485 23.95707573135171
-15.04053018373679 11.773095476670179 -15.082160067150037
-13.439211823422793 12.245896631988327 -16.183177131709492
-15.142304580558985 13.657845074200425 -14.420827377226841
-13.54098622024499 14.130646229518572 -15.521844441786294
12.526025220085652 12.316537978360081 14.41764380249347
10.937862916075678 12.894640140072132 15.487007345328921
12.674409023403022 14.154939054456689 13.64416870249354
11.086246719393051 14.73304121616874 14.71353224532899
5.208050932188149 -13.779114396281221 -19.12479754076441
5.206550920500161 -12.110080667375488 -20.2267613159131
3.4236553093159454 -14.277927088031953 -19.8778700204255
3.4221552976279583 -12.608893359126222 -20.979833795574198
-13.821055360206708 2.2087133507806618 19.656945566348824
-12.17416308400111 2.7442416199770863 20.657423104060605
-13.756057713496428 0.4038082485428417 20.516068885691286
-12.10916543729083 0.9393365177392661 21.516546423403067
17.304615212883828 -6.035444097719532 -15.252047082578422
18.510459339677432 -7.453457452010794 -14.520488425375179
17.47076403743359 -8.847315254083446 -15.508513782384442
-10.031107781434761 15.750423494948503 14.804330093976091
-11.765136997245566 16.460753459496285 14.105349393112245
-12.759258383597805 15.129622771301909 15.21881863837422
2.4979411129060645 -9.695728538599342 19.995253494071797
3.016664560906782 -8.699092691419327 21.649835910456673
2.381703887289164 -10.591162565812414 21.7798225765928
4.263943658560648 -11.236652809187621 21.578537233978672
-20.901469117555138 -11.072662804121927 -10.780607834642698
-22.114347726010077 -9.809559319186828 -11.746783319478249
-21.155596400426372 -10.198209661033802 -13.458433636416178
17.36675271563846 -8.936487310834417 11.54900398121355
17.8104931591631 -10.886098985227655 11.503082985469284
19.055311350133145 -9.597874592414193 12.392411712763334
18.088429134595646 -9.858718219381888 14.123624981990332
2.426628037887719 22.02693935255513 -2.9594691703581897
2.8703684814123633 22.85775921205776 -4.723791357442107
2.3053679033969647 24.009933223893842 -3.1897543978835023
4.214846845483191 24.192450280153754 -2.623558589082799
0.7553393678789044 -23.276014992044068 -10.886011153674687
-0.8616236239604839 -24.038178013028922 -11.782971694872042
-0.27000977619743594 -23.2468575611959 -13.521880835007254
-20.4981896814847 -6.536762781668114 12.298530487028541
-22.005253904737593 -5.225820824452876 12.197591833362857
-22.23383488159223 -6.936391015449129 13.20838377965805
-21.568480888916138 -6.043575961344867 14.869764333172139
-0.9949207089855412 -1.251687712070114 -26.7719742999786
-2.9942943950197867 -1.2253755994620708 -26.729400407462972
-17.55424599636655 -7.275744894334595 -13.995392281084676
-18.049126625682284 -6.36782084420445 -15.707340610305897
-17.461785255314478 -8.279572007320391 -15.722755050915815
14.561704633033088 -6.820079851642899 14.481033420177216
15.080428081033803 -5.823444004462885 16.135615836562096
14.445467407416187 -7.7155138788559725 16.265602502698222
5.3743022705298 20.7377800553364 0.295305297191225
5.8930257185305175 21.771974457679857 1.9266752499167574
7.067883813898345 21.801551758876126 0.30839417451526063
-4.546452166121233 -19.68260280422052 -12.204695770628419
-6.258277508831181 -20.70406070811934 -12.042591647859789
-5.716283851987729 -19.934427156902434 -13.807218257877533
-16.993468359623442 -9.20779457057908 13.534163745207223
-17.489889809276853 -11.145033547574185 13.508262194385653
-16.83000074494338 -10.304336826538922 15.198757815797803
14.490391558014743 15.80884179261773 -2.8534449786055838
14.934132001539389 16.63966165212036 -4.617767165689502
14.369131423523989 17.791835663956444 -3.0837302061308978
0.6733778432248977 -3.508293272538182 -23.04057229581696
2.3616794893630617 -3.0048625578687624 -23.98724809416326
1.7679267218953965 -4.914309595110421 -23.94891190899124
1.2463266669769955 -18.982985183849188 13.43038551546244
2.931946216065183 -20.05484117327126 13.331332632254695
2.4107009318070896 -19.167098602871185 15.046038578572652
-2.5209748667387726 1.0024541477918956 23.155436396457006
-2.479208702682811 2.8170370951181285 23.995403249858313
-4.139474266148105 1.7064607236212712 24.096092781807485
15.59175972545229 -11.088723200377594 -15.064066992016745
15.590259713764302 -9.41968947147186 -16.166030767165438
17.42707038539201 -10.649679668603307 -14.401590155652798
17.425570373704023 -8.980645939697576 -15.503553930801495
-14.388356157963093 12.670736014746002 14.990748264114378
-12.741463881757495 13.206264283942426 15.991225801826157
-14.521116586211066 14.512836998834658 14.22325974100083
-12.87422431000547 15.048365268031084 15.223737278712608
6.049343018281426 -12.621175179146938 19.668682090515198
6.0934169224850425 -10.88941433636293 20.66821291763774
4.299886925337408 -13.071897733594751 20.526733696057132
4.343960829541026 -11.340136890810744 21.526264523179673
-20.906448159759666 -5.532579721061511 -14.438395429414236
-22.116945745634645 -6.918793589500105 -13.655384123276605
-21.15726736184424 -8.3389635041808 -14.685983372801495
17.956789238657525 -5.137803559643715 14.820861248685993
19.131647334025352 -6.598465527376567 14.12359869285249
18.13752594767311 -7.929596215570942 15.237067938114462
2.497941112906076 22.220360036772448 0.2700259665398205
3.0166645609067935 23.254554439115907 1.9013959192653522
2.381703887289177 24.216977419239974 0.2672089806661694
4.263943658560661 24.32561434825613 -0.40015258632567285
-4.645572002600998 -23.20493803971707 -10.771006228992844
-3.0888571288875406 -24.008867224757886 -11.73554584321245
-3.7329241753058175 -23.201284993017275 -13.448142870739618
-19.90414876382697 -8.445995631574544 12.342636189455066
-20.400570213480382 -10.38323460856965 12.316734638633495
-21.572093735178917 -9.063210729903517 13.257516014861935
-20.539602264682166 -9.350366469479255 14.946155391573306
17.366752715638466 14.326261811181686 -2.8281656479541772
17.810493159163112 15.157081670684317 -4.592487835038096
19.055311350133152 15.376410003592602 -3.0425450122818036
18.088429134595657 17.04150704128856 -2.5016285341325055
0.7351471012085832 -0.8084739683865967 -25.71999317330116
-0.8820268165003919 -1.3359438910039398 -26.771907618784184
-0.2879858988426571 -3.2451767409103676 -26.727801916357656
-0.42938127713453755 -21.5147308070697 12.310384202809232
1.2562382719536498 -22.586586796491773 12.211331319601488
-0.3193696331293333 -23.29182942374559 13.221327639468122
0.34598435954675866 -22.39901436964133 14.882708192982212
0.16723070543271545 0.34787648358517836 26.816901631392067
-1.8321429806015306 0.3741885961932193 26.859475523907694
-1.9554646323239395 -18.917594464995535 -13.986178803279259
-0.9429644597737628 -19.134674998972034 -15.697236792464413
-2.942801112757071 -19.11553575100731 -15.71417935932602
-16.92215528460509 -6.405746666568394 15.15143859629479
-17.343593729782427 -5.396738121990246 16.826040457602364
-16.753664761051173 -7.304927761501299 16.92994479588696
14.5617046330331 16.002262476835053 0.3760501582924275
15.080428081033817 17.03645687917851 2.0074201110179595
14.445467407416201 17.99887985930258 0.3732331724187772
-4.561050423024916 -3.4394072674145137 -22.929112398177672
-6.2742864613324105 -2.8912117130261317 -23.80335716435775
-5.729871571152902 -4.81563723867345 -23.78925668252618
-3.988101599272824 -18.914099178725525 13.541845413101736
-5.704019734630296 -19.94119032842864 13.515223562060214
-5.087097361241215 -19.06842624643422 15.205693805037718
-16.993468359623442 16.22317497769224 -2.1830398024880355
-17.489889809276853 17.066367534593 -3.9273425446492585
-16.830000744943383 18.202421781311124 -2.419387912942184
1.6752581089551895 -2.1293233883101585 23.15791491695714
3.402327243486316 -1.5725338035145926 23.998877200780317
2.809940376157614 -3.4801008404998104 24.100197479224107
1.2463266669769912 20.50195104803264 -10.97264711946276
2.9319462160651772 20.892704026832302 -11.975642057281956
2.410700931807086 22.029373103001333 -10.41478115222996
-19.32065817971233 -10.629269583599319 -14.320655423815449
-19.322158191400316 -8.960235854693586 -15.422619198964144
-21.113926307739156 -10.142473310882691 -13.580913029550826
-21.11542631942714 -8.473439581976958 -14.682876804699522
16.243933751225985 -10.191082662301776 15.00884133924767
16.288007655429602 -8.459321819517768 16.00837216637021
18.048258379739934 -9.79468774396908 14.242496962574869
18.09233228394355 -8.062926901185072 15.24202778969741
6.0493430182814425 23.236565204190985 -2.4926202261573165
6.093416922485058 23.356105761164546 -0.49668246505185054
4.299886925337426 24.20559914561636 -2.5120263908134612
4.343960829541041 24.325139702589922 -0.516088629707995
0.6697410464564221 -21.635552330569762 -14.425651373597464
-0.31537438965688164 -23.18997581886276 -13.642506944660933
-1.949110609558458 -22.674600771028985 -14.674638004096721
-20.25427413398595 -4.634939182985706 15.634512901850208
-21.4957577512867 -6.063801664865889 14.988702994951096
-20.49050545160469 -7.421244465668307 16.05959834769744
17.43806579065682 14.519682495399003 0.40132948894383247
17.95678923865754 15.55387689774246 2.0326994416693642
19.131647334025367 15.58345419893873 0.4144183662678677
18.137525947673126 17.174671109390935 -0.27822253137537856
-4.66576426927132 -0.7373970160595935 -25.60498824861931
-3.10926032142745 -1.3066331027328988 -26.72448176712458
-3.7509002979510417 -3.1996041727317412 -26.654063952090013
-2.4287549631687844 -21.488418694461654 12.352958095324858
-4.1446730985262565 -22.515509844164768 12.326336244283338
-2.5466031380563905 -23.262518635474546 13.26875349112772
-3.116930039561625 -22.353441801462697 14.956446157249854
-19.904148763826974 14.816753490441561 -2.0345334397126904
-20.400570213480385 15.659946047342322 -3.778836181873914
-21.57209373517892 15.91107386610328 -2.177440710183232
-20.539602264682173 17.5498587911912 -1.679098124549562
1.8495350002448774 0.7253493882388096 25.66642181529172
0.28012459791786526 0.26362030465134867 26.816968312586482
0.8741655155755996 -1.6456125452550794 26.861074015013006
-0.4293812771345429 20.632422483091727 -13.73798905956252
1.2562382719536436 21.023175461891388 -14.740983997381713
-0.31936963312934064 22.24193772422397 -14.920088093800466
0.3459843595467511 23.32864263542301 -13.378538062044807
-1.967635819332938 -5.374952229928983 -22.927580588266775
-0.9539943700704574 -6.86190908693924 -23.800214714190826
-2.953790812297677 -6.887511562465049 -23.78761698017631
-1.3233739205624862 -18.047596237229296 15.160652074100199
-0.2374315638739115 -18.16359227675779 16.836144275443843
-2.234680618493775 -18.14089150518818 16.938520487476747
-16.92215528460509 16.416595661909565 1.0464553344099758
-17.34359372978243 17.463162761651155 2.6978447320582037
-16.753664761051176 18.40946597665726 1.0375754656074903
-3.559170157294627 -2.0604373831864886 23.26937481459644
-5.23363870720916 -1.4588829586719605 24.18276813058584
-4.687857916890688 -3.3814284840628375 24.259852705689177
-3.9881015992728255 20.570837053156314 -10.86118722182346
-5.7040197346302985 21.00635487167494 -11.79175112747643
-5.0870973612412165 22.12804545943831 -10.255125925764887
20.680426794027298 -11.148512047050092 -2.1830398024880306
21.635753234074492 -11.360076071958858 -3.927342544649254
22.512288092999317 -10.38142420852487 -2.419387912942178
1.675258108955187 21.665331157057363 8.452009657357834
3.4023272434863117 22.168506818160846 9.326107168292959
2.80994037615761 23.112220343468017 7.665239147778143
-4.66757943676018 -21.56531224560688 -14.312000528754833
-3.0662610764461857 -21.092511090288728 -15.413017593314287
-3.691254082618606 -23.145548642866164 -13.570622263874263
-2.0899357223046113 -22.672747487548015 -14.671639328433718
-18.668484153938618 -9.731629045523507 15.752252907448995
-18.624410249735003 -7.999868202739498 16.751783734571536
-20.49273831339122 -9.287481386248471 15.063174088676876
-20.448664409187607 -7.555720543464462 16.062704915799415
16.243933751226 17.981906518671966 -2.4030235392771626
16.288007655429613 18.101447075645527 -0.4070857781716971
18.048258379739945 17.11919407384045 -2.391196770029225
18.092332283943563 17.238734630814015 -0.39525900892375965
0.6545278219906328 -4.708094389972703 -25.60184579845239
-0.33317956257222414 -3.3785074265244988 -26.72284206477471
-1.9654157707858124 -4.532166107596455 -26.653009349061804
1.3219150722301283 -20.73791179249392 15.647256957666963
0.305813604691048 -22.334983894228507 15.001580173566749
-1.2823486993189261 -21.756881732516455 16.070943716402198
-19.83283568880862 15.010174174658882 1.1949616971853214
-20.25427413398596 16.056741274400473 2.8463510948335493
-21.49575775128671 16.11811806144941 1.2795226683664431
-20.490505451604704 17.683022859293573 0.5443078782075674
-3.551376370235027 0.7964263405658136 25.781426739973575
-1.9471089070091931 0.29293109292239183 26.864394164246086
-2.588748883532784 -1.6000399770764508 26.934811979280653
-2.4287549631687892 20.658734595699773 -13.695415167046889
-4.144673098526263 21.094252414218396 -14.62597907269986
-2.5466031380563976 22.271248512495017 -14.872662242140862
-3.1169300395616317 23.37421520360164 -13.30480009777716
20.242290184013044 -14.351341753135015 -2.034533439712684
21.197616624060235 -14.56290577804378 -3.778836181873908
21.798474050030666 -15.599488093590773 -2.1774407101832245
23.03799372091112 -14.111117960578035 -1.679098124549554
0.12246586571375007 22.129183798258886 11.253047488515987
1.8495350002448747 22.63235945936237 12.127144999451113
0.28012459791786226 23.867931054670564 12.228701988060088
0.8741655155755952 24.761215281652284 10.540756882917737
-0.9657555536026459 -3.9959823457009587 23.270906624507337
0.0866533840527951 -5.429580332585069 24.185910580752754
-1.9117771580354601 -5.453302807854437 24.261492408039047
-1.32337392056249 21.63122985174731 -9.36221108258343
-0.23743156387391595 23.181710640838663 -8.716658202790986
-2.2346806184937793 23.2631266149182 -8.650569981565548
20.84234384403663 -11.02091900387006 1.046455334409983
21.967919945628747 -11.09832376379942 2.6978447320582113
22.68560970783931 -10.244844198667742 1.0375754656074976
-3.5591701572946275 21.734217162181036 8.56346955499713
-5.233638707209162 22.282157663003485 9.50999809809848
-4.687857916890688 23.210892699904992 7.824894374243211
20.796419794519316 2.5638282243076125 -10.861187221823464
21.740869718565733 1.066475507522218 -11.791751127476433
22.617021363737674 1.9998250048314798 -10.255125925764888
-23.856300984875674 -10.56240080396546 -1.2346918899886572
-24.890234398781843 -10.747785816091627 -2.93663609967572
-25.675749729572942 -9.747261077137924 -1.3932904119460485
-4.682792661225969 -4.637854305009816 -25.488194953609767
-3.0799742892239874 -5.8340868785974 -25.487248243020527
-3.7090592555339494 -3.3340802505278995 -26.650957383988043
-2.1062408835319673 -4.530312824115483 -26.650010673398803
-4.015405410986476 -20.667671707531042 15.760907802509596
-2.368513134780877 -20.132143438334616 16.761385340221373
-3.0700660882706776 -22.290556718231915 15.073464854353421
-1.4231738120650785 -21.75502844903549 16.0739423920652
-18.668484153938632 18.441360135450232 -1.6596119710758672
-18.624410249735018 18.560900692423797 0.3363257900295994
-20.492738313391236 17.626400431561063 -1.5705196439272524
-20.44866440918762 17.745940988534628 0.4254181171782143
1.7689157210269277 -3.174271033347294 25.78456919014049
0.8289718518460332 -1.778943230869207 26.866033866595956
-0.8032643563675552 -2.9326019119411635 26.935866582308865
1.321915072230122 23.269608183382125 -11.550886148014413
0.30581360469104185 23.40632966797491 -13.26810629794152
-1.2823486993189324 24.104262351445396 -12.272802090442417
20.404207234022383 -14.223748709954988 1.194961697185328
21.5297833356145 -14.301153469884344 2.8463510948335564
21.971795664870665 -15.46290808373365 1.2795226683664505
23.14946852600567 -14.023274156487652 0.5443078782075748
-1.8769078203204965 22.15549591086692 11.295621381031616
-3.5513763702350305 22.703436411689367 12.242149924132965
-1.9471089070091976 23.8972418429416 12.27612783971969
-2.588748883532788 24.806787849830904 10.61449484718538
20.398150714444053 4.074016838147009 -13.69541516704689
21.342600638490474 2.5766641213616137 -14.625979072699861
21.968159671425138 4.460230767442496 -14.872662242140864
23.19338403517292 4.258653103128969 -13.304800097777163
-23.496639422234498 -13.775729675616093 -1.1031735339521473
-24.530572836140664 -13.961114687742258 -2.8051177436392103
-25.089787570142875 -14.982430247744821 -1.1790201425797022
-26.267395188918975 -13.462250290546807 -0.629208180238097
-0.9657555536026476 22.601189276554706 6.832950557339154
0.08665338405279199 24.06071820510905 5.959903746076465
-1.9117771580354628 24.13892966003874 5.972486939892879
20.981467137348936 5.425814242774567 -9.362211082583434
22.12048735207637 6.937731710705258 -8.716658202790992
22.815102444632064 5.063393902248868 -8.650569981565551
-23.877209931444757 -10.432401738217838 1.9986962732014184
-24.933128312816937 -10.481097643524109 3.696537573407878
-25.69813138971156 -9.60810557744367 2.067840196697777
21.77031292314244 3.331270491851267 8.563469554997146
22.80887454546162 1.9080791927842076 9.509998098098496
23.523498514806626 2.714142479559321 7.824894374243229
-23.980807873645077 3.1531044886249893 -9.907718197394397
-25.0030664350846 1.6816340046101703 -10.796403770719845
-25.788170424226614 2.636845920949022 -9.224404431942135
-3.568404762189675 -3.104030948384407 25.898220034983126
-1.9655863901876933 -4.30026352197199 25.899166745572362
-2.546907841115691 -1.734516054872608 26.937918547382626
-0.9440894691137085 -2.9307486284601922 26.938865257971862
-4.015405410986482 23.339848268345015 -11.437235303171784
-2.368513134780883 23.995207059299872 -10.510817100796352
-3.070066088270684 23.45075684397151 -13.196221617154851
-1.423173812065085 24.10611563492637 -12.269803414779417
23.307654588952065 -12.056089822713355 -1.6596119710758594
23.407724829215955 -11.977232985300061 0.33632579002960694
23.09630738938034 -14.04289502667182 -1.570519643927244
23.196377629644232 -13.964038189258526 0.42541811717822275
1.7689157210269242 24.481996953794948 8.692055572110947
0.8289718518460296 24.82527880307536 10.423720405369355
-0.8032643563675586 25.403670929572282 9.423086851762994
20.583198057273677 6.936002856613965 -12.196439027806862
21.72221827200111 8.447920324544656 -11.550886148014422
22.166240752319524 7.523799664859885 -13.268106297941525
23.320783320634245 6.229040616818966 -12.27280209044242
-23.51754836880359 -13.645730609868474 2.1302146292379294
-24.573466750175765 -13.694426515174746 3.8280559294443894
-25.112169230281502 -14.843274748050572 2.282110466064125
-26.281790342137167 -13.372750015462419 1.5968780488887129
21.6511251711349 5.061379342261378 11.295621381031632
22.689686793454083 3.6381880431943183 12.242149924132981
23.329317318375498 5.5328432342095955 12.276127839719708
24.39262463211394 5.203672526716034 10.6144948471854
-23.663940118342015 4.6538817747700865 -12.757173990706468
-24.686198679781544 3.182411290755268 -13.645859564031916
-25.271928119133868 5.081918708141819 -13.86675002369346
-26.434191154982184 4.911760801799128 -12.24804964301465
21.79344321596271 6.065663467138186 6.832950557339168
22.856325467417992 7.517583087807804 5.959903746076483
23.548257980861006 5.641131367119575 5.972486939892895
-24.026544876934498 6.018127670052359 -8.403827825255036
-25.096894169582725 7.559120832875362 -7.711229482880315
-25.837128895663735 5.7036659027259695 -7.614588122748725
-24.106570289580937 3.935018418329952 9.54035422067689
-25.140981842139052 2.5391078142084247 10.531023855436828
-25.905227166037967 3.3646332833900656 8.877410604210572
9.36847116945839 -22.356858218703657 -9.869502968323419
8.214478223858036 -23.727354093154794 -10.75834566510223
9.338508809876775 -24.235496786619553 -9.184069245672418
-3.5684047621896786 24.552237038757834 8.805706416953578
-1.965586390187696 25.088055272739126 7.736186858223547
-2.546907841115695 24.86970597907196 10.495605086156024
-0.9440894691137125 25.405524213053255 9.426085527425993
23.43834329624963 3.3935322793657763 -11.437235303171784
23.552708843646194 5.162336914105338 -10.510817100796352
23.25169770364214 4.326876037035189 -13.196221617154853
23.366063251038703 6.095680671774749 -12.26980341477942
-26.481833784795793 -11.400851317806648 -0.5994137993991646
-26.494756224444444 -11.320507476668883 1.3989299842738938
-26.31922013515966 -13.392577912920796 -0.5182844504123809
-26.332142574808312 -13.312234071783031 1.4800593332606775
21.674255463955177 7.795772317548298 9.565102383373654
22.737137715410462 9.247691938217915 8.692055572110968
23.354076784429886 8.459832121769852 10.423720405369378
24.408549112480717 7.086216236315638 9.423086851763017
-23.709677121631433 7.5189049561974555 -11.25328361856711
-24.780026414279657 9.059898119020456 -10.560685276192391
-25.320886590570982 8.148738689918764 -12.256933714500056
-26.465679645706306 6.884239306827174 -11.212668340624752
-23.82574133671814 5.659862977898806 12.263988245203553
-24.860152889276254 4.263952373777278 13.25465787996349
-25.447699432349783 6.174757432838052 13.314766830961654
-26.589053521629012 5.874600460747733 11.70007904845039
10.739657359689033 -21.66421764645276 -12.71770124519817
9.58566441408868 -23.034713520903896 -13.60654394197698
11.57245122815467 -23.107043797524554 -13.824366086254116
11.707686355751429 -24.271736056443835 -12.204118141562503
-24.13139834630128 6.670042534009696 7.810856429626175
-25.191915662602078 8.149906469906094 6.983024470192758
-25.93180397733647 6.292297765472757 7.026096304760151
12.144719959612981 -21.65489152023213 -8.362246731182001
13.909847741947377 -22.287295928567207 -7.6662664323590946
12.310301610446134 -23.484087335076502 -7.570649998076564
10.126983213969357 -22.252742032993492 9.579624149762836
9.046288718241216 -23.613176689466105 10.570238581502627
10.044514239991953 -24.138587854182433 8.918727480808206
24.45326273965897 4.19330389303904 8.805706416953601
24.467558046791645 5.8832516903653085 7.736186858223571
24.43953373575249 5.262908493945158 10.495605086156049
24.453829042885165 6.952856291271425 9.42608552742602
-26.622115045508895 4.052336797150175 -10.371267201454668
-26.650382068085328 5.823018501828646 -9.441811836118816
-26.486016101222873 4.981433179425139 -12.137125913188935
-26.514283123799306 6.75211488410361 -11.207670547853082
-23.85056939343848 8.394887093578546 10.534490454152836
-24.91108670973928 9.874751029474945 9.706658494719418
-25.474276243648287 9.10242191492074 11.463452531511232
-26.606146859134956 7.757578690691384 10.509374121713476
13.51590614984363 -20.962250947981236 -11.210445008056752
15.281033932178026 -21.59465535631631 -10.514464709233847
14.544244028724034 -22.355634345981507 -12.210946838658261
13.619046479707512 -23.788454024746358 -11.166419546799398
11.715530573014044 -21.530265657893864 12.304817928284765
10.634836077285906 -22.890700314366477 13.295432360024556
12.632582406151307 -22.96152624720459 13.358624865453766
12.64170920724472 -24.143528604278316 11.745309295153291
12.777123677620606 -21.568085432676416 7.8533168719121695
14.482951768347041 -22.20862953734023 7.028784413564384
12.881316322826098 -23.405707730866364 7.070828417121832
-15.870633518717533 -21.28620449557788 -7.765698594080372
-17.62056397258924 -21.872350113582307 -6.994870000224013
-16.050431923424448 -23.110855047584486 -6.966747471215623
10.390290417451489 16.597836905984945 -17.731769065147727
9.337881479796048 18.031434892869054 -18.646773021393148
10.277825348976943 16.63610709039097 -19.728237697848613
-26.7531753409685 4.867189707604662 9.89607656945714
-26.76851992389628 6.557527571145368 8.827188151119934
-26.639405754300157 5.935116404427115 11.583260332822352
-26.654750337227938 7.625454267967821 10.514371914485148
10.923785555649696 -24.674342836518818 -10.328046539095558
12.639601669191011 -24.240503557892865 -9.39651095478689
11.788264439758535 -24.303550806643138 -12.093036490769677
13.50408055329985 -23.869711528017184 -11.161500906461008
14.365671036665292 -20.84560905757678 10.578510650434097
16.071499127391725 -21.486153162240594 9.753978192086313
15.469384488985451 -22.228646123888517 11.510725801767391
14.46624770792549 -23.672164031661413 10.556800936579563
-17.343104176500525 -20.556140894442386 -10.55334513825787
-19.093034630372234 -21.14228651244681 -9.782516544401513
-18.449387430362336 -21.921432299428773 -11.508393169351187
-17.518581668040714 -23.378677311221633 -10.503386896518181
12.072552754425617 18.853146205222718 -16.13311045575999
11.020143816770176 20.286744192106827 -17.04811441200541
13.018574358858434 20.310466667376197 -17.1236962392917
12.968548230097891 19.208816049210377 -18.792187564392346
-15.809818386946477 -21.19187620076719 8.462036196022805
-17.56545139830865 -21.786866862899124 7.711210755996168
-15.995520268119824 -23.02568343553212 7.685720643523384
12.98370502114347 14.662291943470477 -17.730237255236833
14.658173571058004 14.060737518955952 -18.643630571226232
13.053906107832171 14.564232766599373 -19.726597995498743
11.714250750863396 -24.56584064244311 9.9403963622246
13.352127632361274 -24.14269959282521 8.873479789486579
12.713404900019952 -24.17656258455015 11.628636149655973
14.351281781517828 -23.75342153493225 10.561719576917952
-14.814317056205095 -24.33562483749195 -9.77998930406875
-14.74968957280855 -22.491685856956856 -10.551813328346975
-16.476925897575455 -23.85732488677034 -8.776514841146641
-15.743078934185213 -23.941233440877074 -11.506794678245878
-17.405687775555574 -23.462933490155464 -10.503320215323768
-17.261386498228035 -20.42939136644084 11.251965021411078
-19.017019509590206 -21.02438202857277 10.501139581384441
-18.360421256705443 -21.783439875298544 12.231084643989814
-17.437110524112285 -23.252310174306153 11.23613874808814
14.665967358117598 16.917601242708255 -16.131578645849093
16.340435908032134 16.31604681819373 -17.044971961838492
15.79465511771366 18.238592343584607 -17.122056536941827
14.75403275726312 17.876254114345674 -18.79113296136413
-16.15199215958444 15.045722890115428 -17.109832951226743
-17.879061294115566 14.488933305319861 -17.95079523504992
-16.309650891788554 14.950662388907324 -19.101341732344682
-14.738301935423063 -24.217720353617914 10.50366682171721
-14.667971894536054 -22.364936328955313 11.253496831321977
-16.408405806521888 -23.75104569011105 9.50718911590464
-15.654112760528315 -23.80324101674685 12.232683135095128
-17.324216631627138 -23.336566353239988 11.236205429282558
11.979183255983282 17.691838556654577 -19.800241916309783
13.582001627985266 16.495605983066994 -19.799295205720544
13.03614280611004 19.108786930216475 -18.864777424169038
14.638961178112025 17.91255435662889 -18.8638307135798
-17.70478440282588 17.343606081868828 -15.44228833671534
-19.431853537357004 16.78681649707326 -16.283250620538517
-18.8394666700283 18.694383534058478 -16.384570898982307
-17.880715344444596 18.305733192211505 -18.096221215920238
19.046899439933643 -11.224290868792126 -17.08904259594457
19.005133275877682 -13.03887381611836 -17.929009449345877
19.00213460021468 -11.403607548934062 -19.08048469586809
-15.157140238710388 18.048957390691488 -19.22241150481533
-15.113796869028592 18.10861442109381 -17.223771369366176
-16.789376446923978 16.89529870961953 -19.15257878910242
-16.1356908964893 19.492693439903686 -18.243603642992788
-17.767927104702892 18.339034758831726 -18.17377092727988
21.690340172386172 -12.058185213140778 -15.419019460933029
21.64857400833021 -13.872768160467011 -16.258986314334336
23.308839571795506 -12.762191788970153 -16.359675846283505
22.664772525377227 -11.954609557229544 -18.072272873810675
-22.861220618158782 -10.672772569905689 -16.196667242928815
-22.902986782214743 -12.48735551723192 -17.036634096330122
-22.905985457877744 -10.852089250047621 -18.188109342852336
21.644569732809682 -9.41728894180365 -19.200674438943917
21.68791310249148 -9.357631911401327 -17.202034303494766
21.002929756286093 -11.310260011802493 -19.130256623909354
23.306306849157377 -9.94408074167665 -18.2203070813993
22.664666872633788 -11.837051811675494 -18.149889266364735
-25.45220815195607 -11.43778090913067 -14.41518421027798
-25.493974316012032 -13.252363856456903 -15.255151063679287
-27.127233453385482 -12.098444115278246 -15.285709550296358
-26.535619605622433 -11.307123663445221 -17.02461869043157
-25.49797859153256 -8.796884637793541 -18.196839188288866
-25.45463522185076 -8.737227607391219 -16.198199052839716
-24.903937673874825 -10.706117487699968 -18.152733485862342
-27.129766176023608 -9.280333067984744 -17.146340785412153
-26.535725258365876 -11.189565917891173 -17.10223508298563
-1.150452613015237 -26.96819098824028 -18.1824582321754
-1.1071092433334415 -26.908533957837957 -16.18381809672625
-3.1064829293676866 -26.882221845229914 -16.141244204210622
-3.149826299049482 -26.941878875632238 -18.139884339659773
-1.150452613015238 -28.66949260494436 -17.130996007937135
-3.149826299049483 -28.643180492336317 -17.08842211542151
0.15459782331422542 0.18981949682547625 -2.7121581296029458
1.2044547886598167 1.5957512912623266 -3.671926925567331
-3.0804567569013455 0.23239338934110393 -2.643272124479276
-4.132865694556785 1.6659913762252145 -3.5582760807246983
-2.5315473342427897 2.1387925315433627 -4.659293145284154
0.27168133790906396 0.350971129499036 2.686771699495508
1.360305791647616 1.8102617940620327 3.5146409857005985
1.1157762187926175 -2.8993841467609496 -2.640793603979139
2.7902447687071517 -3.5009385712754777 -3.554186919968539
2.7887447570191637 -1.8319048423697462 -4.656150695117234
-2.963373242306506 0.3935450220146637 2.7556577046191784
-3.977014691568985 1.8805018790249202 3.6282918305432315
-2.3301224153633875 2.4160301482213455 4.628769368255011
0.2716813379090653 2.246162603297893 1.5154789534988087
1.360305791647618 2.3340167784946777 3.190942603544051
-4.118652047457201 -2.83049814163728 -2.529333706339843
-5.845721181988325 -3.387287726432846 -3.37029599016302
-5.847221193676313 -1.718253997527114 -4.4722597653117155
1.232859733387456 -2.73823251408739 2.758136225119312
2.9460957716949503 -3.2864280684757725 3.632380991299388
2.990169675898567 -1.5546672256917637 4.631911818421929
-2.963373242306507 2.28873649581352 1.5843649586224786
-3.9770146915689866 2.4042568634575647 3.304593448386684
-2.3301224153633897 3.0596156544124224 4.2310116507621185
2.0522734300565233 0.9524867233227234 1.5154789534988087
1.7994242591638054 2.0149785370116255 3.1909426035440527
-1.5252374437652196 -4.76604310415175 -2.5278018964289464
-3.200739827722757 -6.065251003644208 -4.3998998092660395
-1.5670036078211806 -6.580626051477983 -3.367768749830253
0.034314752492814016 -6.107824896159835 -4.468785814389709
-4.001568532862361 -2.6693465089637196 2.869596122758611
-5.6898701790005255 -3.17277722363314 3.81627192110491
-5.6457962747969095 -1.4410163808491312 4.815802748227451
1.232859733387456 3.6915268441684903 -1.2156735977655333
2.946095771694951 4.718635639544433 -1.3150204623653634
2.9901696758985663 4.838176196517998 0.6809172987401021
3.0924504509746837 -2.1110769594577565 1.5843649586224773
3.515549283412321 -3.0394095081672505 3.304593448386683
3.6299148308088824 -1.270604873427689 4.231011650762118
-4.775763950073921 1.0423449072594506 1.660872549275771
-4.423975134471759 2.0968795777195095 3.3234612711233966
-2.610703185585544 -3.5190046348872723 -7.297482231449095
-3.2047441032432777 -1.6097717849808446 -7.341587933875619
-1.572507895029689 -0.4561131039088886 -7.411420649588527
0.030310476972293054 -1.6523456774964722 -7.410473938999289
-0.6113294995512979 -3.5453167474953147 -7.340056123964722
-1.408153929170381 -4.60489147147819 2.8711279326695083
-2.9993149088433557 -5.788013386966224 4.888162704273127
-1.411152604833383 -6.366115548678277 3.8187991614376777
0.23573967137221552 -5.830587279481851 4.819276699149456
-4.0015685328623585 3.760412849292159 -1.1042137001262353
-5.689870179000524 4.832286484387065 -1.1311295325598425
-5.645796274796909 4.951827041360629 0.8648082285456231
3.129876050927636 2.3132638131554306 -1.215673597765533
3.5772955125013706 4.260042184182613 -1.315020462365363
3.67736575276526 4.338899021595909 0.6809172987401025
-5.892289982632812 -1.9928361805106123 1.7756825578152204
-6.266063765700983 -2.910681744150775 3.5128793458611165
-6.294330788277414 -1.1400000394723027 4.442334711196969
2.3229315026106283 -4.346504806324283 1.667777939439729
3.247347930335964 -3.730890087764798 3.331049650990327
-2.287618870822466 -3.0743172252595543 7.600512164468199
-2.8816597884802 -1.1650843753531266 7.556406462041674
-1.2494235802666114 -0.011425694281170129 7.486573746328767
0.353394791735371 -1.2076582678687537 7.487520456918005
-0.2882451847882197 -3.1006293378675966 7.557938271952571
-1.4081539291703802 4.627384963665838 -2.8347326977842147
-2.9993149088433544 6.960583914320621 -2.9909037368073266
-1.411152604833381 6.262651230850135 -3.9862079443064307
0.23573967137221752 6.918010021804993 -3.059789741930997
4.812917825089828 -2.6436863522831886 -1.104213700126236
6.354044130679705 -3.9181294652479473 -1.131129532559843
6.454114370943594 -3.8392726278346525 0.8648082285456229
-5.932462622280937 2.43252579870984 -1.0227036515727
-6.332342169091793 4.3904547750876 -1.1040084577201579
-6.345264608740443 4.470798616225367 0.8943353259529
-0.31808215994720845 -6.213163763715082 1.780769646989925
-1.1099004461923687 -6.810577567967303 3.517467821128617
0.6059156673489465 -6.376738289341354 4.449003405437284
-5.178985110782967 -4.24777825206054 1.8275208598306258
-6.015260942923408 -3.6089925108286574 3.528284073619259
2.3989642933472632 3.196344874280383 -3.565873989668454
3.3813282794948125 4.513505530318328 -2.425677162403097
-2.2876188708224645 8.172981205441763 0.6492994526814316
-2.8816597884801993 7.279696978460043 2.337244557823784
-1.2494235802666103 6.701304851963122 3.3378781114301455
0.3533947917353726 7.237123085944416 2.2683585527001133
-0.2882451847882179 8.14666909283372 0.6067255601658036
4.83604811791011 0.09070662300372911 -2.834732697784216
7.546747967248595 -0.701579268178711 -2.990903736807328
6.392205398933873 0.5931797798622083 -3.986207944306432
6.5065709463304335 2.3619844146017703 -3.059789741930998
-7.739039692285293 -2.4785003633129996 -0.8369371555072049
-9.312904184710444 -3.7119496444478717 -0.7975235747109584
-9.325826624359097 -3.631605803310105 1.2008202089621
3.9699351852019173 -5.105366113780112 -1.0124542035987667
5.964639485411334 -4.982889366223537 -1.090902919547648
6.04257871745477 -4.9721911372154874 0.9075492374990424
-2.5855705070909853 -6.18332321457501 1.8290526697415215
-1.7365433687562648 -6.802330835873794 3.530811313952026
-3.3991522101266254 -6.324030885152186 4.534285776874134
-0.2444764391052604 4.030239218629036 -5.235897124679995
-0.9799243725540419 5.889297268779186 -5.180947116874391
0.7680276137785483 6.559999208744445 -4.477510722306417
-5.279263675205533 3.2973917172742553 -3.4023767632484967
-6.177223475414096 4.6392977681084675 -2.2221410461377484
2.547030342100518 3.4001403068199685 3.2617157872268843
3.477382284629912 4.645712526375126 2.003544451953257
8.47988014073018 0.34993525329308206 0.6492994526814319
7.813885094665863 -0.49107123933569863 2.3372445578237846
6.759412766615031 0.8825446461185151 3.337878111430146
6.773708073747702 2.572492443444782 2.2683585527001147
7.837015387486143 2.2433217359512203 0.6067255601658046
-7.763867749005632 0.2565237523667442 -2.5664349465579193
-10.49865954586136 -0.4640985021470456 -2.6066517856937326
-9.353866490726038 0.8004008809445449 -3.6509171595690346
-9.38213351330247 2.571082585623017 -2.721461794233182
-0.30331468556950736 -8.12568375224287 -0.8296297803356629
-1.0855364852368066 -9.965928383918708 -0.7892719841433355
-1.0075972531933692 -9.95523015491066 1.2091801729033547
-6.957959206370479 -4.961553083825628 -0.7797598331073043
-8.950282483999926 -4.786606345625357 -0.7733103208052969
-8.942787454271464 -4.77498105841061 1.2266418479293808
3.9517565365887037 0.8984616825269822 -5.233418604179861
5.943186090709896 0.7223673212784951 -5.176857956118234
6.0883197050405045 2.5893018348313386 -4.474368272139499
-2.6882761414082372 4.0624000564992375 -5.183859795899335
-1.9025101767674735 5.901438661726691 -5.16130193041456
-3.6006922669259422 6.617492337846336 -4.384484885299975
-0.022670245438961567 4.335529253439859 4.9919823458646455
-0.7622109715352647 6.188954057785721 4.858206379860095
0.9527634194580762 6.814266231745423 4.040986994789712
4.680269494213179 -4.135713744390562 -3.396494128210076
6.221303065412735 -4.614103348140341 -2.2148178106594223
-5.131197626452275 3.501187149813842 3.425213013646841
-6.081169470278995 4.771504764165266 2.2070805682186085
-11.248035043731809 0.6095581189341099 1.0693780735452618
-10.533155949566005 -0.24962092249285806 2.7279193770699317
-9.401285334079333 1.095222301736498 3.6819977868676865
-9.416629917007114 2.7855601652772037 2.6131093685304814
-10.557984006286347 2.485403193186886 0.9984215860192162
2.346825778081743 -7.4410271519258 -2.5559370581863328
2.361572098246117 -10.269174633168735 -2.592874442782932
3.2867696472626386 -8.836354954403886 -3.6374017346417955
5.002585760803953 -8.402515675777936 -2.7058661503331267
-2.761726230676514 -8.09333061992768 -0.7772813126071701
-2.0271720207359896 -9.953536293126048 -0.769221160049142
-2.0196769910075267 -9.941911005911301 1.2307310086855356
-0.3254204157653954 2.2477310747094092 -7.935572798627188
-1.1134689338307666 2.9484451155494673 -9.634978390634162
-0.9683353195001592 4.815379629102312 -8.932488706655425
-6.961526012179664 1.0420824180364825 -5.001035372636232
-8.952686147415616 0.9183996440315216 -4.859670995010251
-9.018632029360496 2.788112001223123 -4.152686665608574
4.173562730255004 1.2037517173378038 4.994460866364779
6.1608994917286735 1.0220241102850287 4.86229554061625
6.273055510720032 2.843568857832314 4.04412944495663
4.677842424318495 -1.4351604426511102 -5.179508970771812
6.217298789892215 -0.15862412947697813 -5.156505935269004
7.386325368039328 -1.5824563345104186 -4.377995362768373
-2.4664699477419374 4.367690091310061 5.044019674645305
-1.6847967757486966 6.201095450733227 4.877851566319925
-3.4159564612464157 6.871759360847314 4.134012831796156
-7.743364332275304 -3.972216517970603 -3.131950058796246
-9.244758557254835 -4.410567231874986 -1.8854894566039324
4.828335542966434 -3.9319183118509784 3.431095648685262
6.317357070547833 -4.481896352083543 2.214403803696934
3.5875348384669374 -10.709617832100957 1.0855114601534694
2.5696305830292765 -10.240615751346072 2.74198602229123
3.5727673640892377 -8.797097843573173 3.6959108874790574
5.210644245587115 -8.373956793955271 2.6289943147410346
5.219771046680527 -9.555959151029 1.0156787444405606
-5.464011058857185 -7.338235152685158 -2.3896161096434265
-5.554702217609549 -10.164995057989819 -2.424308349209923
-6.485507979931168 -8.707750046196956 -3.429314622042928
-8.14811682130153 -8.229450095475348 -2.42584015912082
2.2679941879265844 0.3121861121949401 -7.934040988716292
2.2697598942164436 1.2597030748182416 -10.599037890744961
3.1652486403363773 -0.24489320949566973 -9.632451150301394
4.913200626668967 0.42580873046958967 -8.929014755733421
-2.7692201180683726 2.279891912579611 -7.883535469846526
-2.0360547380441982 2.960586508496971 -9.615333204174329
-2.102000619989078 4.830298865688572 -8.908348874772651
0.01569983870554903 2.7172428256697456 7.794090967837992
-0.6989064952214246 3.5190413609578086 9.481235566359816
-0.5867504762300666 5.340586108505095 8.663069470700194
2.998007157239047 -6.391023043628336 -4.995152737597811
3.4458403934112143 -8.335001472217286 -4.8523477595319235
5.256506948081919 -7.865862607251883 -4.144255002065861
-6.739719818513364 1.3473724528473026 5.226844097908407
-8.734972746396837 1.2180564330380534 5.1794825017242365
-8.833896223680968 3.042379024224096 4.365811051487559
-7.745791402169988 -1.27166321623115 -4.91496490135798
-9.248762832775355 0.04491198678837671 -4.827177581213513
-10.420643739964433 -1.348113460214079 -3.9988206271355553
4.899648617984793 -1.1298704078402888 5.048370499772827
6.435012190910991 0.14103265952955546 4.8826475614654825
7.571061173718855 -1.328189311509444 4.140502354327758
-1.5880343214925732 -8.56612833524194 -3.1283143903990913
-1.5820477446061914 -10.129483633252965 -1.8809634481707085
-7.595298283522045 -3.7684210854310196 3.695639718099098
-9.148704552119735 -4.278360235818192 2.543732157752431
4.828335542966436 4.827272568560591 -1.9823820293572054
6.317357070547835 3.984987956153601 -3.0184184776067635
-6.634160720311869 -10.575098504140215 1.3031683049377432
-5.534694264133183 -10.133961397795156 2.914556391384761
-6.4580049967263395 -8.665091098787546 3.909502287286434
-8.128108867825162 -8.198416435280684 2.9130245814738642
-8.236979092313852 -9.378865930552632 1.3022215943485047
3.6168719118396893 4.8233077739637595 -9.754343589225366
2.657193528049285 6.243477688644453 -8.723744339700477
3.697815888499826 6.605815917883383 -7.054667915278173
5.30063426050181 5.4095833442958 -7.053721204688935
5.2506081317412665 4.307932726129983 -8.722212529789578
-5.410233780626211 0.41323295518881187 -7.770543762296334
-5.500497670933705 1.3619610436390936 -10.433581021572294
-6.393303114572532 -0.11910097170553224 -9.428915034036043
-8.091485204731 0.5969527044141121 -8.65209798892146
2.609114442397529 0.7816978631552749 7.7956227777488865
2.7250848823995804 1.8864041564922593 10.396809980259961
3.579811078945719 0.32570303591266914 9.483762806692582
5.29478546993906 0.9510152098723708 8.666543421622197
2.9940800756563752 -2.0214360129831523 -7.880131355308243
3.439361339518695 -1.1258846602511428 -9.612099129452162
5.2500278941894 -0.6567457952857412 -8.9040063719861
-2.428099863597427 2.749403663539947 7.84612829661865
-1.6214922994348548 3.5311827539053136 9.500880752819642
-1.720415776718985 5.3555053450913555 8.687209302582964
-6.190572089033863 -6.270099709724008 -4.799494673307649
-6.682900746039753 -8.201705440914825 -4.636670250319066
-8.448822570886566 -7.685498038010851 -3.852418998667634
3.219813350905344 -6.085733008817517 5.232726732946825
3.6635537944299896 -8.035344683210754 5.186805737202558
5.441242753761444 -7.61159558425091 4.374242715030267
1.0029532123047213 -7.801119996016957 -4.909797423049929
2.692665554040431 -8.867342739634742 -4.82012433244752
1.6899986847005444 -10.386657819648239 -3.991667431473346
-7.5239852085036905 -0.9663731814203311 5.312914569186663
-9.031049431756582 0.34456877579490564 5.211975915520979
-10.235907934284908 -1.0938464372131087 4.519677089960583
4.899648617984791 5.0206932527779085 1.2471131075408057
6.43501219091099 4.304101020293023 2.3097298170243468
7.571061173718853 4.297362207614663 0.6637203100454527
-1.5962219111821894 0.5440429119856937 -9.143219018137186
-1.593223235519188 2.3052669891857795 -10.090890246905355
-1.4399682727393182 -8.362332902702354 3.699275386496247
-1.4859937394710931 -9.997276637196169 2.54825816618565
-7.595298283522044 4.990769794980552 -1.7178379599433724
-9.14870455211973 4.1885240724189545 -2.6890901235512725
-6.716235255291572 4.9592932984665925 -9.534314388601807
-5.67653995304773 6.353151100539244 -8.546289031592543
-6.635291278631435 6.741801442386217 -6.834638714654613
-8.267527486845024 5.588142761314261 -6.764805998941704
-8.317553615605567 4.4864921431484435 -8.43329732404235
4.029737250042845 5.391568161055798 9.283614039047642
3.0244849503608373 6.7490109618582155 8.212718686301294
3.991367165898334 7.00985458882591 6.481505417074294
5.5941855379003185 5.813622015238326 6.482452127663532
5.617899554052819 4.813465999343745 8.214250496212191
1.9558847851005199 -5.084327543961537 -7.7661929371688085
2.893105360339583 -4.902442666203192 -10.428623308951588
1.7265058520871543 -6.179163762909202 -9.424119038890483
2.895532430234269 -7.602995967942643 -8.645608466389854
-5.069113526155265 0.8827447061491478 7.959120004168845
-5.045172682750571 1.988662125313113 10.562266849432628
-5.9787406759631905 0.4514952737028075 9.687298922957932
-7.7099003614609085 1.1221591838168943 8.943460188434162
-6.194499170616536 -1.900512679078821 -7.684473291018081
-6.689379799932273 -0.9925886289486774 -9.396421620239304
-8.455301624779086 -0.47638122604470556 -8.61217036858787
3.3352003301273205 -1.551924262022819 7.849532411156936
3.8539237781280358 -0.5552884148428043 9.504114827541814
5.631612737459492 -0.13153931588296075 8.69155180536952
-4.231475053945096 -7.732233990893288 -4.7983375254106315
-5.9433003966550455 -8.75369189479211 -4.636233402642001
-4.946593579960687 -10.29931908741365 -3.850350394183455
-5.96876589536756 -5.964809674913183 5.428384797236992
-6.4651873450209685 -7.902048651908289 5.4024832464154215
-8.264086765207033 -7.431231015009876 4.666078718428501
3.2198133509053486 7.401915613145855 -3.1030985437422176
3.6635537944299936 8.232735472648482 -4.867420730826136
5.44124275376145 7.316450653080818 -4.8517972452707205
0.9971926925097911 -1.3915020505287756 -9.141687208226287
2.6854943386479553 -0.8880713358593567 -10.088363006572587
1.6802420389659494 0.46937146494306115 -11.159258359318933
1.2247594059710196 -7.495829961206135 5.318082047494711
2.9103789550592074 -8.567685950628206 5.219029164286965
1.87473449038007 -10.132390796647261 4.5268302856227844
-7.523985208503689 5.184190479197869 1.5116571769546394
-9.03104943175658 4.507637136558378 2.6390581710798404
-10.235907934284906 4.531705081911001 1.0428950456782737
-1.1993974515060675 1.0902249238846493 9.155065071429409
-1.1576312874501047 2.9048078712108825 9.995031924830716
-1.4399682727393166 7.048481456864083 -5.825131682030754
-1.4859937394710911 6.750149423652251 -7.80222036349444
7.093580381800459 -5.681325244086873 -1.717837959943373
6.810628295853598 -7.406609960226586 -2.689090123551273
6.686977568773506 -5.043936044885137 -9.526397731460852
7.72667287101735 -3.6500782428124845 -8.53837237445159
8.370739917435628 -4.457660474553094 -6.825775346924421
7.729099940912038 -6.350631544551936 -6.755357531889853
6.6884775804614955 -6.712969773790869 -8.424433956312157
-6.303369917088414 5.527553685558629 9.503643239671206
-5.309248530736175 6.858684373753004 8.390173994409231
-6.341740001232924 7.145840113328741 6.7015346176978605
-7.973976209446513 5.9921814322567855 6.77136733341077
-7.950262193294014 4.992025416362204 8.503165701959427
-5.233320775138146 -4.989716322665248 -7.613108765394275
-6.2778977969687055 -4.781750636749487 -10.23333950312429
-5.103589819884941 -6.089278491486483 -9.278681614640512
-6.275470727074019 -7.482303938488938 -8.450324660562554
2.2970050395714625 -4.6148157930012035 7.963470829296367
3.3484303485227156 -4.275741584529174 10.567224562053331
2.1410682906964933 -5.608567517500863 9.69209491810349
3.2771172735043574 -7.077789488539862 8.949949710965765
-0.03916915983380668 -6.494424496350158 -7.680837622620928
0.9733310127163696 -6.711505030326658 -9.39189561180608
1.9700378294107292 -8.257132222948197 -8.606012603347532
-5.853378916145589 -1.4310009281184866 8.045190475447102
-6.2748173613229286 -0.42199238354033874 9.719792336754677
-8.073716781508992 0.048825253358073306 8.983387808767755
3.3352003301273214 7.714876854336738 2.122334354261259
3.8539237781280375 8.749071256680196 3.7537043069867893
5.631612737459493 7.832786437112531 3.7693277925422053
-4.237235573740025 -1.3226160454051068 -9.03022731058699
-5.950471612047519 -0.7744204910167247 -9.904472076767068
-4.956350225695279 0.5567101971776509 -11.017941322029042
-4.009668860278798 -7.426943956082464 5.42954194513401
-5.72558699563627 -8.454035105785575 5.402920094092487
-4.761857774281161 -10.04505206441267 4.668147322912678
-5.968765895367558 7.522838947050188 -2.9074404794520547
-6.46518734502097 8.366031503950948 -4.651743221613278
-8.264086765207033 7.496815222321853 -4.559961241872491
1.3940171521859128 -0.8453200386298214 9.156596881340306
3.1210862867170373 -0.28853045383425574 9.997559165163482
2.1614079029266353 1.131639460846439 11.028158414688372
1.2247594059710218 8.108874255455083 -4.3261555427907235
2.9103789550592083 8.499627234254746 -5.329150480609918
1.8747344903800711 8.580263015682238 -7.038225790107145
7.2554974318098004 -5.553732200906838 1.5116571769546387
7.0777654232708676 -7.1961019313835735 2.6390581710798386
7.472977152630719 -8.33455305729311 1.042895045678272
-1.1993974515060668 7.7009757271459325 5.069396383858267
-1.1576312874501054 7.640758756160025 7.068053308882001
7.148478887173333 0.8086093456606882 -5.825131682030756
6.878970914361794 0.6726468573810206 -7.802220363494443
-10.122863733924941 -5.454753783510355 -1.3512376358498592
-9.926984732043316 -7.186340001761044 -2.332685844053498
-10.032341037040009 -4.823906844261573 -9.170383006334456
-10.992019420830413 -3.4037369295808775 -8.139783756809567
-11.583633268593463 -4.195057381413902 -6.400874616674356
-10.989592350935729 -6.104290231320331 -6.356768914247831
-10.030841025352021 -6.492940573167305 -8.068419231185763
7.0998429069766615 -4.4756756577931 9.511559896812157
8.093964293328902 -3.1445449695987246 8.398090651550184
8.664291194834135 -4.05362180361057 6.71039798542805
8.022651218310545 -5.946592873609412 6.780815800462616
7.055769002773046 -6.207436500577107 8.512029069689616
-3.2742237400493783 -6.451850603834529 -7.611951617497257
-2.7756688060428254 -7.395571686152286 -10.23127089864011
-4.363989470500234 -6.641264945363772 -9.278244766963446
-5.3666563398401195 -8.160580025377268 -8.449787865989274
-4.8922005206671955 -4.520204571704913 8.116555001070905
-5.822572808785561 -4.155049555075471 10.762508367880635
-4.689027381275591 -5.518682246078144 9.837532342353462
-5.893885883803918 -6.957097459086158 9.145233516793066
2.297005039571466 9.186553207815376 -0.5662443044874546
3.34843034852272 11.363782749148655 0.9014669559593809
2.141068290696498 11.177100877609696 -0.6820186739597365
3.277117273504363 11.170362064931336 -2.32802818093863
-0.041002598046063495 -4.454393581507159 -9.027748790086855
0.9726388512164157 -5.941350438517415 -9.90038291601091
1.9667602375686555 -4.61021975032304 -11.013852161272883
0.301951094637138 -6.02491274538982 8.048826143844252
1.387893451325712 -6.140908784918315 9.724318345187895
2.351622672680822 -7.731925743545411 8.989545574008085
-5.853378916145587 7.83580018824107 2.317992418551422
-6.274817361322928 8.882367287982662 3.9693818161996504
-8.07371678150899 8.013151006353567 4.061163795940437
-3.8404111140639046 -0.7764340335061514 9.268056778979606
-5.514879663978439 -0.17487960899162308 10.181450094969005
-4.475184361734595 1.2189781930810295 11.169475451978267
-4.009668860278796 8.17776026057875 -4.2146956451514255
-5.72558699563627 8.613278079097375 -5.145259550804398
-4.76185777428116 8.667601747916827 -6.896908752817252
8.999095098745231 -3.351948618445352 -2.9074404794520556
9.954421538792422 -3.563512643354116 -4.651743221613279
9.68363822208796 -5.542970261892434 -4.559961241872492
1.394017152185914 8.56794784151961 3.3388773862002856
3.121086286717039 9.071123502623093 4.212974897135411
2.1614079029266353 9.357800200657042 5.944111480565439
7.333526230002958 3.6705953641276405 -4.326155542790724
7.184269310033232 5.394464131334187 -5.329150480609919
7.580990235122599 4.434425541451889 -7.0382257901071466
-10.143772680494028 -5.324754717762726 1.8821505273402166
-9.961481135747956 -6.971862422106855 3.0018853187101664
-10.454077159754624 -8.098629840391329 1.424626829360572
7.6946973426583245 1.2390376110744135 5.069396383858267
7.624521145527475 1.2601515261760596 7.068053308882002
-10.181791790558297 1.0366787839980525 -5.456107579005805
-10.000343699952719 0.894781633876634 -7.442798745041183
-2.557207498513007 -11.201529660546491 -1.3437752879012168
-4.27874197298904 -11.463415478399114 -2.3275104512445797
-1.748699953319323 -11.006242575713234 -9.165490243144067
-0.1149637334177469 -11.521617623547009 -8.13335918370828
-0.7065775811807951 -12.312938075380034 -6.394450043573067
-2.705951267215041 -12.286625962771991 -6.35187615105744
-3.3500183136333175 -11.479043731031384 -8.064473178584608
-9.61947569883685 -4.255646457169537 9.86757462193856
-10.624727998518859 -2.8982036563671203 8.796679269192214
-11.290081991194953 -3.7910187104713806 7.135298715678123
-10.696041073537216 -5.700251560377809 7.179404418104648
-9.663549603040465 -5.987407299953546 8.86804379481602
7.099842906976667 10.50898080374644 0.2505328938399908
8.093964293328904 8.917763893294234 0.943173791483239
8.66429119483414 7.814797202187611 -0.6246883528804624
8.02265121831055 8.724343209076915 -2.2863213454147724
7.055769002773051 10.389440246772875 -1.7454048672654745
-3.2760571782616337 -4.411819688991533 -8.958862784963186
-2.7765193279902123 -6.449212515266582 -10.856095614003726
-4.3646816320001856 -5.8711103535545295 -9.786732071168277
-5.369933931682192 -4.513667552752111 -10.857627423914623
-2.9331034855784344 -5.982338852874195 8.117712148967922
-2.3203438178596913 -6.768870604478265 10.764576972364809
-3.9494270318908926 -6.070668699955429 9.837969190030527
-4.985071496570029 -7.635373545974484 9.145770311366347
-4.892200520667197 9.28116442911167 -0.41316013271291957
-5.822572808785568 11.484474778602362 1.09675076178668
-4.689027381275595 11.26698614903242 -0.5365812497097651
-5.893885883803923 11.291054094385043 -2.132744375111332
0.3558218616300591 -3.908211569608206 9.270535299479743
1.4082307992854988 -5.341809556492316 10.185539255725164
2.447926101529342 -3.947951754419664 11.173564612734426
0.3019510946371401 9.893511850124606 -1.789301303535962
1.3878934513257137 11.44399263921596 -1.14374842374352
2.351622672680824 11.498316308035411 -2.8953976257563743
9.26108238901846 -3.145498737852023 2.317992418551423
10.386658490610571 -3.222903497781379 3.9693818161996512
10.11587517390611 -5.202361116319698 4.061163795940436
-3.840411114063904 8.63683384664328 3.450337283839585
-5.514879663978438 9.184774347465728 4.396865826940935
-4.475184361734594 9.445138932891632 6.085428517855334
9.016568004165153 -1.2863548013109771 -4.214695645151428
9.961017928211572 -2.7837075180963704 -5.145259550804401
9.714874100056905 -1.8503596253205323 -6.8969087528172555
-12.015350446866846 -3.0753947848853684 -2.459966977032923
-13.049283860773011 -3.2607797970115344 -4.161911186719986
-12.82700079061387 -5.246726256722976 -4.080628372544912
7.717827635478606 3.9734305863613315 3.338877386200287
7.662682413781645 5.771460771286214 4.212974897135414
8.231885085242325 4.947340362418533 5.944111480565442
-10.227528793847727 3.901701965425424 -3.952217206866445
-10.075802409672956 5.621609738923238 -4.961621167135594
-10.570018404402244 4.673296037051959 -6.651725209316706
-2.4310991720096613 -11.184219562392032 1.8897882270908712
-4.070683488205878 -11.434856596576443 3.0073500138295857
-5.028395289128477 -12.205112051221574 1.4295367672877108
-10.252326996703207 1.4752236370759957 5.45155340159659
-10.096619354351771 1.493364880754429 7.445400443220183
3.7327582884767643 -9.576534060917842 -5.441072719657682
3.551575615625116 -9.44047416900253 -7.428196406011988
-2.608064295893543 2.9023156922987816 -10.96315638322815
-4.362773283623992 2.1231215891047035 -11.52338215729211
-1.7549522600859568 -4.049422865211326 -13.758664831796443
-0.12271605187236845 -2.89576418413937 -13.82849754750935
-0.7167569695301027 -0.9865313342329423 -13.872603249935874
-2.7161306555643483 -0.9602192216248999 -13.830029357420248
-3.357770632087939 -2.8531902916237426 -13.75961154238568
-1.3358346151161682 -10.437982188621191 9.872467385128944
0.2523276888938053 -11.016084350333244 8.803103842293494
-0.4130263037822859 -11.908899404437506 7.141723288779404
-2.4123999898165325 -11.882587291829463 7.184297181295031
-2.982726891321767 -10.973510457817618 8.871989847417165
-9.61947569883685 10.729010004370002 0.606547618966388
-10.624727998518859 9.16410520652584 1.341762409125264
-11.290081991194949 8.0774002953268 -0.1997876226303954
-10.696041073537215 8.97068452230852 -1.887732727772748
-9.663549603040465 10.609469447396439 -1.389390142139078
-2.879232718585513 -3.8656376770925784 9.339421304603409
-2.2953534640295277 -5.786944519363204 11.331321160003581
-3.929089683931105 -5.2715694715294275 10.299190100567795
-4.888768067721507 -3.8513995568487323 11.329789350092684
-2.933103485578433 9.936085742640232 -1.720415298412291
-2.3203438178596887 12.655261304197339 -1.2401967491580816
-3.94942703189089 11.514232724178848 -1.030097578900886
-4.985071496570028 11.59486850560634 -2.7391728883981123
10.338685009889574 -1.7847216480193202 -0.4131601327129193
12.721658523317332 -1.9886979333398997 1.0967507617866796
12.164529743948139 -0.9778398506103954 -0.5365812497097657
12.55974147330799 -2.116290976519934 -2.132744375111333
0.35582186163006 10.039624194998249 0.6502987274515731
1.4082307992855005 11.499153123552595 -0.22274808381111488
2.447926101529343 11.7595177089785 1.4658146071032858
9.315980894391336 3.3444358518955375 -1.789301303535962
10.45500110911877 4.856353319826227 -1.1437484237435203
10.208857280964104 5.789701212602066 -2.8953976257563743
-12.049181833084582 -2.865051877999977 2.7717649698302096
-13.105100214456758 -2.9137477833062455 4.469606270036669
-12.882817144297617 -4.899694243017688 4.550889084211744
9.400869409640801 -0.9835195790772857 3.4503372838395854
10.439431031959984 -2.406710878144344 4.396865826940934
10.365768950176632 -1.3374448043538876 6.085428517855336
-12.034105863852078 -1.0093241965974145 -3.7664507108009486
-13.056364425291607 -2.4807946806122336 -4.655136284126396
-12.860529382575429 -1.5532633082307372 -6.416196813833553
0.23380876601929146 -12.412082950602752 -2.4469184780853865
0.3259866052491298 -13.460633983013027 -4.147519541940829
-1.6496294511111305 -13.761887356903271 -4.068858226344944
-10.277155053423552 4.210247752755739 3.722055610545875
-10.13758166036737 6.005715406146846 4.592006858362106
-10.654070859918585 5.195882895017965 6.346261745961292
6.509007078631357 -8.874567362446317 -3.9338164825162627
8.13194023290772 -8.282341857665036 -4.941465691436282
7.347143695161149 -9.007925123098763 -6.6319163175308535
-2.373233174996501 5.923079189997534 -9.826504197804383
-3.9753396497911497 7.1068962029309155 -9.648088606247626
-4.988747889540335 5.9245576673346525 -10.903110250225348
4.1581779420739675 -9.518139376246445 5.467179800813156
4.132243877374346 -9.360769482684395 7.460810193059528
-7.027172875392548 -9.434931456854324 -5.211954893387422
-6.927211316678852 -9.302571472931058 -7.205065156628111
3.5472657148891864 -1.691596124972556 -10.959520714830996
3.299937529024654 -3.5957948122732777 -11.518856148858887
-2.134509741353766 3.5541076195241126 10.873289328685269
-3.8622975310173686 2.811967366626665 11.554448046546735
-1.1521270002415949 -3.219705076358211 14.038683824588992
0.4801092079719944 -2.0660463952862553 13.968851108876084
-0.1139317096857404 -0.1568135453798274 13.92474540644956
-2.113305395719986 -0.13050143277178483 13.967319298965187
-2.7549453722435775 -2.0234725027706277 14.037737113999754
-1.335834615116167 13.498210815856968 -4.920913452916027
0.2523276888938071 12.800278132386481 -5.916217660415131
-0.4130263037822849 11.713573221187444 -7.457767692170789
-2.412399989816532 11.739885333795486 -7.415193799655161
-2.9827268913217657 12.84285202490211 -5.847331655291461
13.176476345969396 -5.83321862255251 0.6065476189663881
11.998803484834394 -7.272852549798508 1.3417624091252645
11.170891388760738 -8.241452085607321 -0.19978762263039543
11.836886434825052 -7.400445592978541 -1.8877327277727485
13.076406105705507 -5.912075459965803 -1.389390142139078
-2.879232718585512 10.082198087513877 0.7191847325752433
-2.2953534640295237 12.723042020923108 -0.10847965319643404
-3.9290896839311014 11.569393208515487 -0.10909723896848211
-4.8887680677215055 11.856069906549433 1.6220393444615462
10.356157915309494 0.2808721691150573 -1.7204152984122931
12.752894401286273 1.7039127032320072 -1.2401967491580843
12.171126133367283 -0.19803472535264666 -1.030097578900889
12.56784705845665 -1.158073315234946 -2.7391728883981155
-13.205880505291598 -1.4748709865495888 0.0881887689817396
-15.526972219652544 -1.6169409384750022 1.6982662150335972
-15.013467249076792 -0.6201725859381557 0.04213654119311619
-15.506063273083459 -1.7469400042226282 -1.5351219481564788
9.43829500959375 3.440821193535901 0.6502987274515759
10.50117726104903 4.892740814205519 -0.22274808381111155
10.427515179265676 5.962006887995976 1.4658146071032898
-12.108109889717939 3.6263806895084283 -1.333104973325736
-13.178459182366161 5.167373852331428 -0.6405066309510135
-12.982624139649984 6.094905224712926 -2.4015671606581694
0.4378563245660755 -12.384074623440247 2.785097193953391
0.6626323052760881 -13.414424741543257 4.484466015787239
-1.3129837510841726 -13.715678115433503 4.563127331383125
-12.083732123427906 -0.7007784092670977 3.907822106611369
-13.118143675986019 -2.096689013388624 4.898491741371306
-12.944581838091768 -1.0306764502647305 6.581790141444446
2.2357572078599324 -11.894885000909078 -3.7509920592531607
1.0817642622595796 -13.265380875360213 -4.6398347560319735
1.929203932726599 -12.837305459721984 -6.400118097839453
0.1392374520353441 2.2050260835634363 -12.524648061840681
0.16983336309926877 0.9727057246560589 -14.099592639674633
-1.8032532604403202 1.2105371037404908 -14.324015034127465
6.808318405725214 -8.833482775929378 3.740872522962488
8.50455000987379 -8.231196053169576 4.61268044256107
7.8540900622887015 -8.938339778361144 6.366775539330284
-9.71733049072587 -8.661025879769364 -3.588299105536904
-11.36553932239766 -8.025751565807301 -4.52629387802721
-10.672757864342486 -8.770780019944006 -6.248207480360853
6.37551143947821 -0.6063775897882735 -9.821336719496333
7.966088737024638 -1.8053585234922018 -9.641035357481638
7.121894535124645 -3.113986692099506 -10.895957054563143
-1.9530374905828694 6.501428933084466 9.549468777465203
-3.5628974630561103 7.674574171992622 9.370356752588062
-4.519465295305115 6.57046974563182 10.736347747432804
-6.986262375414737 -9.371476563468809 5.704485216773035
-6.871371327368205 -9.21595995338773 7.695116933356405
4.339455865023415 8.498786987882225 -7.1250857303127395
4.381222029079376 10.313369935208458 -6.285118876911433
-6.869376452338328 -1.5545112650405346 -10.737712752117966
-6.696251457602654 -3.4642431908307074 -11.30600115408965
4.020820269428964 -1.0398041977472272 10.87692499708242
3.8004132816312763 -2.90694903475132 11.558974054979956
-1.152127000241593 13.99647642221071 3.3984985019862965
0.48010920797199574 13.41808429571379 4.399132055592657
-0.11393170968573907 12.52480006873207 6.087077160735009
-2.113305395719985 12.551112181340113 6.129651053250637
-2.7549453722435757 13.460658188229417 4.468018060716328
13.250356952491702 2.900722320356669 -4.920913452916029
12.09581438417698 4.195481368397589 -5.916217660415133
11.267902288103326 3.2268818325887727 -7.457767692170791
11.91076704134736 1.3334953499306348 -7.415193799655164
13.13599140509514 1.1319176856171083 -5.847331655291463
-16.103209517506997 -5.447892759283788 1.2300179624795642
-14.933588405651333 -6.918417491871942 1.9152503796549762
-14.197800364916437 -7.907595599046537 0.34040351998957014
-14.912679459082245 -7.048416557619567 -1.3181377835350991
-16.090287077858346 -5.528236600421553 -0.7683258211934944
10.478472030511911 0.37725751075542024 0.7191847325752451
12.809635249578509 1.7486253354458823 -0.10847965319643116
12.217302285297547 -0.16164723097335632 -0.10909723896848011
12.786504956758229 -0.9857676398410369 1.6220393444615486
-13.224635922276827 0.5911996017383657 -1.2182949647862873
-15.560500811614098 2.0765220100172366 -0.6373022262550438
-15.020547813595382 0.15981253046114474 -0.4510885562132949
-15.51476380832467 -0.7885011714101344 -2.141192598394406
2.0848600071573657 -13.142935930896076 0.10486505091489501
2.5483203859322074 -15.419369376492677 1.7182637136994754
3.37992386035146 -14.666424020001996 0.06251344524926257
2.42221205942886 -15.436679474647129 -1.5152998012926129
-12.12390476307603 3.724583569953352 1.1094358972234497
-13.18442207937683 5.204447505849749 0.2816039377900308
-13.010860241482579 6.270460068973643 1.9649023378631711
6.727822111555843 -10.759079023811603 -1.3122002378030717
8.492949893890238 -11.391483432146678 -0.6162199389801652
9.340389564357258 -10.963408016508447 -2.376503280787644
0.5192021872629932 7.092724094815031 -10.68550619243818
0.7967141510256871 9.036622442095751 -11.065303935201166
-1.176372472513902 9.274453821180183 -11.289726329653998
2.535068534953787 -11.853800414392133 3.92369694622559
1.454374039225646 -13.214235070864744 4.9143113779653795
2.4361502998541464 -12.767720114984357 6.598573759021684
-5.521097515031906 -11.792803415871415 -3.585820585036771
-4.442428859133723 -13.192681513307992 -4.522204717271055
-5.35246577308053 -12.741477393857112 -6.245065030193935
2.0983344871241094 0.7428918023941534 -12.523490913943661
0.9094337124839742 0.42071927077877 -14.099155791997564
1.698975730485558 -1.4032839456623094 -14.321946429643283
0.6787471972536202 2.947597542799884 12.353109209349448
0.7791245874248719 1.8113231501195695 13.995913179420556
-1.1826955445061411 2.0646615245611866 14.291008821518949
-9.688547203595405 -8.616381096226286 4.092150419736779
-11.329707286563384 -7.970173706458637 5.035023471362618
-10.624007344318892 -8.695164736526207 6.76024102223488
6.932870468715396 6.563242025367757 -7.123553920401841
8.65993960324652 7.120031610163323 -6.282591636578663
8.065898685588785 9.02926446006975 -6.326697339005188
-9.617092793301067 -0.39591207930964056 -9.480796370082311
-11.229542116245007 -1.5527406141330642 -9.232290993971615
-10.474237369317603 -2.8824184728268016 -10.521271805065624
6.795707123891839 -0.028027846701343062 9.554636255773252
8.378530923759676 -1.2376805544305007 9.377410001354052
7.591177129359862 -2.4680746138023437 10.74350094309501
-7.229332196289166 8.651034292292643 -6.878744417081135
-7.187566032233205 10.465617239618874 -6.038777563679828
4.633007142421926 8.902825658824753 6.411087602039727
4.636005818084927 10.664049736024838 5.463416373271556
0.4868607374581729 -7.044696989877033 -10.733367763461624
-1.392770567186063 -7.422393849280834 -11.302868633520584
-6.3958218977985455 -0.9027193378152056 11.098732959795445
-6.195775704996028 -2.775397413308749 11.771829049749188
13.667466929267858 3.2294111846520135 3.3984985019863014
12.612994601217025 4.603027070106227 4.399132055592664
11.94699955515271 3.762020577477446 6.0870771607350145
12.589864308396743 1.8686340948193072 6.129651053250642
13.653171622135185 1.5394633873257462 4.468018060716333
-16.182512961848207 3.288064112925765 -4.294181267275923
-15.037719906712887 4.552563496017355 -5.338446641151225
-14.301931865977993 3.56338538884276 -6.91329350081663
-14.991982903423459 1.6875403145899839 -6.842337013290585
-16.154245939271775 1.5173824082472924 -5.223636632611775
-1.0006362802053863 -16.971727195690374 1.2464698117995532
-2.7255791948401145 -16.223564117242596 1.9282497977913595
-3.8695917767811228 -15.77187213464216 0.3511608449370324
-2.851687521343461 -16.240874215397046 -1.3053137172007285
-1.0785755122488239 -16.982425424698423 -0.7519823452471373
-13.24043079563492 0.6894024821832895 1.2242459057629007
-15.567827966877609 2.122077788530328 0.4957791090762236
-15.026510710606052 0.19688618397946578 0.47102201252775266
-15.542999910157267 -0.6129463271494162 2.225276900126939
4.086808448998007 -12.625737981202406 -1.1992085302528783
6.127153769769932 -14.49478747931139 -0.6129961577950296
4.135701517361907 -14.471170912349185 -0.42980176884187893
3.350904979615337 -15.196754177782912 -2.1202523949364496
2.0719944305044335 4.794840903061631 -12.353050806949586
2.5799948433886275 7.083909195158405 -13.934854187470261
3.358571962240771 5.245484233055917 -13.816484728916304
2.3451637224915864 4.063145697459654 -15.071506372894028
6.823085880102915 -10.746002764457163 1.1304730956368998
8.528913970829349 -11.386546869120977 0.3059406372891149
9.510690231457849 -10.940031913240592 1.9902030183454198
-9.87386397173559 -10.540597888064848 -0.9586903342641447
-11.623794425607299 -11.126743506069271 -0.18786174040778802
-12.533831339554107 -10.67553938661839 -1.9107220533306681
6.674532198045723 2.4988122775436943 -10.681870524041024
8.45942496367433 3.31770604071777 -11.060777926767944
9.248966981675915 1.4937028242766903 -11.283568564413661
0.9723754670158746 7.716463603907524 10.211122562469763
1.2635640736202178 9.679186235128231 10.461979231262692
-0.6982560583107951 9.932524609569848 10.757074873361084
-5.492314227901446 -11.748158632328343 4.094628940236913
-4.406596823299448 -13.137103653959333 5.0391126321187745
-5.303715253056939 -12.665862110439317 6.763383472401799
2.6556935163612967 7.912511417550181 -9.82570811484917
1.6032845787058554 9.34610940443429 -10.740712071094592
2.6429798809496967 10.739967206506943 -9.75268671408533
-5.424786899189774 0.8418974152334886 -12.363296467292605
-4.312910706873588 0.4894462503323873 -13.987953203135692
-5.158924320260179 -1.3130327636794983 -14.175916949670244
2.6378442323423865 1.4854632616305983 12.354266357246464
1.5187249368095797 1.2593366962422785 13.996350027097618
2.3195334464197384 -0.549159524841617 14.293077426003126
-9.870345858847003 6.784375334901844 -6.765752709530942
-11.544814408761537 7.385929759416371 -5.852359393541541
-10.903174432237945 9.278900829415214 -5.9227772085761075
7.226421746113908 6.967280696310281 6.412619411950623
8.914723392252071 7.470711410979701 5.465943613604323
8.320682474594335 9.379944260886127 5.421837911177798
2.3783854746521875 -9.34850589189785 -9.473711196554465
1.7279414560601662 -11.223308528548188 -9.224637608458904
0.23930048218479505 -10.878260784219307 -10.514943814377846
-9.196897108887436 0.18243766377729087 9.895176605187277
-10.817099929509968 -0.9850626450713618 9.786154364864078
-10.004954775082386 -2.2365063945296386 11.118186192592534
10.370113603469871 -4.483972587161135 -6.8683492394400485
12.097182738000996 -3.9271830023655703 -6.027386955616871
-6.935780918890659 9.055072963235173 6.657428915271335
-6.932782243227658 10.81629704043526 5.709757686503166
0.9604152919979465 -6.392905062651703 11.103077948451794
-0.8922948145794449 -6.733548071758873 11.77496157031826
-16.23637591338631 3.622951064558012 4.035259403602749
-15.104505297899642 4.967794288787367 4.989337813400504
-14.389626203733835 4.108615247360399 6.647879116925173
-15.0796772411793 2.2327701731076224 6.718835604451219
-16.22103133045853 1.9326132010173047 5.104147821939954
7.464193211801055 -14.78486145715665 -4.267538580677378
8.389390760817577 -13.352041778391799 -5.312065872536241
7.24537817887657 -12.900349795791366 -6.889154825390569
5.613141970662982 -14.05400847686332 -6.81932210967766
5.748377098259741 -15.2187007357826 -5.199074164986047
-0.9892265684758568 7.287850482753489 -15.499003850104506
-2.6871524260479047 7.718799160954047 -14.533948919571834
-3.8816619307353513 6.118205577935991 -14.64000185547071
-2.921983546944946 4.698035663255295 -15.670601104995601
-1.1343601828064642 5.420915969200647 -16.20149353408324
4.182072217545078 -12.61266172184796 1.243464803187094
6.171346110367176 -14.488721474197977 0.5201466263459458
4.171665594301016 -14.466234349323477 0.49235880742740235
3.5212056467159267 -15.173378074515048 2.2464539041966147
-7.280449368043612 -12.476142850579315 -0.9571585243532483
-9.342453008718307 -14.291204708166147 -0.28359231455814604
-7.345076851440157 -14.320081831114406 -0.18533450007502172
-6.65229539338498 -15.065110285251109 -1.9072481024086638
4.0310914655931995 3.3327066218923465 -12.351893659052568
6.082223834314505 4.470088145755604 -13.932785582986083
4.0981723116254765 4.693497779178626 -13.816047881239239
3.253978109725483 3.384869610571322 -15.070969578320746
2.5989078551703573 5.520075014425357 11.943867641607662
3.1719856992408673 7.8987147062376835 13.362900763550364
3.947081280718977 6.055497819038131 13.320730319925689
2.990513448469971 4.951393392677329 14.686721314770429
-9.864702927180932 -10.526388501578957 1.4858164373880873
-11.620335938543105 -11.12137916371089 0.7349909973614503
-12.5174543683006 -10.650137620190874 2.4592618376444735
6.851926492055261 4.780733881448131 -9.823229594349034
8.526395041969796 4.1791794569336025 -10.736622910338435
9.566090344213638 5.573037259006255 -9.748597553329171
-9.870685330310984 2.7165502770840275 -10.329563040142364
-11.647929073439316 3.5823223890121767 -10.632619681248721
-12.493942686825909 1.7798433750002918 -10.820583427783273
7.127705477798603 3.122551786636183 10.214758230866915
8.926274886268862 3.960269833750246 10.466505239695913
9.72708339587902 2.1517736126663505 10.76323263860142
-5.6780399647357145 8.022184829444974 -9.648252806741239
-4.628182999390123 9.428116623881824 -10.608021602705623
-5.5878613831805275 10.848286538562519 -9.577422353180731
3.068558854564452 8.480771804642224 9.212249513423837
2.054917405301972 9.967728661652481 10.084883639347892
3.049038791654211 11.298859349846856 8.971414394085915
2.3744583930695153 -4.978918861252666 -12.358689814264894
1.7214624021676457 -4.014191716582045 -13.984388978379139
0.23432143998026156 -5.338177701158896 -14.172731409149385
-4.885277153971499 1.5844688744699345 12.51446080389752
-3.7036194825479845 1.3280636757958966 14.10755261595949
-4.538366604326 -0.45890834285880455 14.439106905976164
9.331918312914018 -7.54686411813952 -6.754410821300615
10.38432725056946 -8.980462105023628 -5.839406865055193
12.016563458783047 -7.826803423951673 -5.9092395807681015
-9.576794581448496 7.18841400584437 6.770420622821533
-11.29003061975599 7.736609560232751 5.896175856641456
-10.648390643232396 9.629580630231594 5.825758041606889
-5.84012964987182 -9.240348774027453 -9.298709303714935
-4.399193160272787 -8.933854789134017 -10.651396802794512
-5.229214126663221 -11.131751126146149 -9.076494619450749
-3.7882776370641893 -10.825257141252711 -10.42918211853033
2.798581159065814 -8.770156148810917 9.902261778715125
2.1403836427951997 -10.655630559486486 9.793807750376791
0.7085830764200067 -10.232348705922144 11.124514183280311
-13.583006954627708 -4.16874526880586 -6.358300724158729
-15.25747550454224 -3.5671908442913303 -5.44490740816933
10.663664880868382 -4.079933916218613 6.667824092912421
12.351966527006546 -3.576503201549193 5.721148294566124
0.9604152919979507 12.789888879645195 -0.7525407070732796
-0.8922948145794403 13.543180045114815 -0.7567455865503286
7.789057339056679 -14.740269398205601 4.062353809066348
8.792194120116637 -13.296751490432705 5.016278674254176
7.774289864678979 -12.827749409677818 6.672753236391937
6.142053656465389 -13.981408090749774 6.742585952104847
6.151180457558802 -15.163410447823503 5.129270381804371
-10.840987341857122 -14.54396203180022 -3.8777551225803695
-11.771793104178743 -13.08671702000736 -4.882761395413374
-10.6844538608474 -12.664390023504737 -6.507363893853131
-9.081635488845418 -13.860622597092322 -6.506417183263893
-9.178378500486762 -15.02226198252183 -4.881229585502479
7.294414515244831 1.1055147513018277 -15.494111086914113
8.189903261364764 -0.3990815330120837 -14.527524346470544
6.995393756677318 -1.9996751160301405 -14.63357728236942
5.36165753677574 -1.4843000681963647 -15.665708341805209
5.546462528912241 0.434812811336568 -16.197547481482086
-0.3263973063670659 8.200156695479278 15.065236446079611
-2.0650857135129073 8.575000537414159 14.150657462601336
-3.2518102639658117 6.985122024656222 14.403582661075053
-2.246557964283803 5.627679223853803 15.4744780138214
-0.43855332535842406 6.378611947931992 15.883402541739233
-7.271288323488954 -12.461933464093425 1.4873482472989836
-9.33820325031214 -14.284613051581074 0.8504009915302213
-7.341618364375964 -14.314717488756026 0.7375182376942166
-6.635918422131471 -15.039708518823595 2.4627357885664787
4.208485759602737 5.614628225796783 -11.493252729360576
6.164516075955186 5.528659082786417 -13.534466757325355
4.16514238992094 5.55497119539446 -13.491892864809726
3.571101472263205 7.464204045300886 -13.535998567236252
-7.279697796513689 3.481558616309009 -12.111046072793197
-9.365627368828028 4.673384609667556 -13.603844994583879
-7.3732157747926905 4.844463282630399 -13.571780565525529
-6.6179110278652855 3.5147854239366607 -14.860761376619537
4.558004890259125 4.057940733256073 11.945024789504677
6.674214690166746 5.284893656834882 13.36496936803454
4.686681630103684 5.50351136516084 13.321167167602752
3.8993278357038705 4.273117305788999 14.68725810934371
-9.951289835507144 5.001867190982217 -9.465428383478134
-11.678358970038268 4.445077606186652 -10.30639066730131
-12.638037353828672 5.865247520867347 -9.275791417776418
7.264791830258416 5.348994268540171 9.21472803392397
8.978027868565908 4.80079871415179 10.088972800104047
9.972149254918149 6.131929402346164 8.975503554842073
5.435009708410643 -8.706559968306923 -10.320522674857104
6.770880524880497 -10.164200855975029 -10.621740543354807
5.283739562693114 -11.48818684055188 -10.810082974125056
-9.41751205055811 3.3402897861765175 10.567065714765583
-11.181079150844793 4.224886182044655 10.894663485215146
-12.015826272622807 2.437914163389953 11.22621777523182
9.327991231331342 -3.1772770874943372 -9.639389439011044
10.377848196676934 -1.7713452930574867 -10.599158234975429
12.01158441657851 -2.2867203408912617 -9.567027175539645
-5.26517462653256 8.590445216537013 9.389704821531774
-4.176550172794008 10.04973588110001 10.217574107736866
-5.181802472476015 11.407178681902428 9.14667875499052
-5.844056731454489 -4.870761743382268 -12.183687921425363
-4.40162023016747 -6.233301487394565 -12.434411645356246
-5.23569318055574 -3.9226343141800024 -13.836245989370987
-3.793256679268721 -5.2851740581922995 -14.086969713301869
2.9139681382877876 -4.23634740201622 12.519067456925233
2.330753626493247 -3.175574291118534 14.111116840716043
0.8548791559144375 -4.4840532803382 14.442292446497024
-12.621828559149318 -7.257948912392287 -6.286936198534924
-13.67168552449491 -8.663880706829135 -5.327167402570541
-15.274503896496892 -7.46764813324155 -5.32811411315978
9.625469590312521 -7.142825447196994 6.7817625110518565
10.639111039574999 -8.62978230420725 5.9091283851278025
12.271347247788588 -7.476123623135296 5.839295669414894
-5.419933965458174 -8.66199903094052 10.077263671554658
-3.9221570683589633 -8.277270936811622 11.34558881129754
-4.816771939928167 -10.564073157084444 9.941950739384946
-3.3189950428289565 -10.179345062955546 11.21027587912783
2.79858115906582 12.778985251687795 -3.415840035170587
2.1403836427952068 13.5251908101899 -5.150761731972997
0.7085830764200141 14.526113427374918 -4.177056924274499
-0.11253666352305994 -14.222170925286457 -6.350344341146543
0.9398722741323784 -15.655768912170569 -5.435340384901119
-13.2894556772292 -3.7647065978633387 7.177872608193756
-15.002691715536695 -3.2165110434749558 6.303627842013682
10.663664880868385 7.788485089579571 -0.6672622453960892
12.351966527006548 6.716611454484663 -0.640346412962481
-10.809746768558496 -14.495505834759308 4.458389573929997
-11.733057501151652 -13.0266355357517 5.4533354698316705
-10.633591044972967 -12.585498429406638 7.064723556278689
-9.030772672970986 -13.781731002994222 7.065670266867928
-9.139642897459673 -14.96218049826617 5.454867279742568
7.899356387506164 8.887218977624428 -12.566013232875154
8.939978747956705 9.249557206863361 -10.896936808452852
7.980300364166301 10.669727121544055 -9.866337558927961
6.346564144264723 11.18510216937783 -10.898468618363749
6.296538015504181 10.083451551212011 -12.566959943464392
-10.731252062261138 1.3427357231168189 -15.110279491673184
-11.624057505899964 -0.1383262922278072 -14.105613504136933
-10.47765952525122 -1.769726633276849 -14.261512821613135
-8.876341164937221 -1.296925477958701 -15.362529886172592
-9.03306997210267 0.6266820469971744 -15.887096536787768
7.95724377735362 2.017820964027612 15.07012920927
8.811969973899759 0.4571198434480218 14.15708203570262
7.625245423446857 -1.132758669309914 14.410007234176337
6.037083119436883 -0.5546565075978627 15.479370777011788
6.242269386360279 1.3925087900679105 15.887348594340382
-7.360302301709851 5.766875530207201 -11.246911416128974
-9.403019357425894 5.733530612412922 -13.202977659062498
-7.403645671391648 5.70721849980488 -13.245551551578124
-6.762005694868057 7.600189569803723 -13.315969366612691
4.695091242718937 6.284383215160058 10.944994592561734
6.737808298434979 6.317728132954339 12.901060835495256
4.7384346124007335 6.34404024556238 12.943634728010885
4.144393694742998 8.253273095468808 12.89952902558436
5.432582638515959 -6.006006666567469 -12.103537517418838
7.169760012678623 -7.667482795003601 -13.594078306976167
6.76687624935998 -5.7087216373116645 -13.563428667964384
5.278235275484608 -5.363673892982784 -14.85373487388333
-6.75278437184777 4.206792727672736 12.185872375764045
-8.773636512975793 5.488190120746835 13.693909956436746
-6.78470645631449 5.6544768686126154 13.565434483316462
-5.9725613018869055 4.403033119154339 14.897466311044916
7.648155964251901 -8.13313968847156 -9.455033205837044
7.60638980019594 -9.947722635797792 -10.295000059238351
9.240126020097515 -10.46309768363157 -9.262868999802564
-9.538424497303984 5.570127578074256 9.572529244794877
-11.226726143442148 5.066696863404836 10.519205043141175
-12.231978443124156 6.424139664207255 9.448309690394828
-8.91208077724256 -8.517749710828213 -10.015021260831936
-10.297440108329235 -9.939578726721148 -10.258294303596662
-8.855003607042216 -11.302118470733443 -10.509018027527544
5.8881829881635195 -8.082820459214435 10.57610608005084
7.237730447475022 -9.521637062942553 10.905542623109056
5.761855976896213 -10.83011605216222 11.236718228890037
-12.625755640731988 -2.888361881747101 -9.171914816245355
-13.678164578387427 -1.454763894862989 -10.086918772490776
-15.279482938701422 -1.927565050181137 -8.985901707931319
9.740856569534497 -2.6090167004022984 9.398568189261962
10.82948102327305 -1.1497260358393027 10.226437475467053
12.417643327283022 -1.7278281975513543 9.157073932631604
-5.304546986236203 -4.128190284145823 12.694069349764764
-3.850843993340607 -5.475223032800934 12.962863662385105
-4.626401956230125 -3.0840168887164934 14.259259829724195
-3.172698963334529 -4.431049637371604 14.528054142344539
2.913968138287794 13.09194649287867 1.80959286283289
2.3307536264932542 14.041526594221603 3.47036330583993
0.8548791559144451 14.92290865443306 2.4481303524329636
-3.3475912437386306 -14.179597032770834 -6.281458336022876
-4.397448209084221 -15.585528827207684 -5.321689540058491
-2.794629837082239 -16.78176140079527 -5.3207428294692525
-12.32827728175081 -6.853910241449763 7.249237133817561
-13.416901735489361 -8.313200906012758 6.421367847612473
-15.019720107491343 -7.116968332425176 6.420421137023236
9.62546959031253 9.260161443058212 -3.3558409041448027
10.639111039575008 9.144641075414167 -5.076069393909009
12.271347247788599 8.566248948917245 -4.0754358403026485
-5.41993396545818 12.88714236955819 -3.240838142331058
-3.922157068358971 13.849511227307763 -2.3295146277931966
-4.8167719399281745 13.616748212591938 -5.002618742964847
-3.3189950428289645 14.579117070341512 -4.0912952284269855
-0.1251431217670547 -0.19521088239991768 -15.61151239007108
0.924713843578536 1.210720912036932 -16.571281186035463
0.18101461387544993 -13.818132254343933 7.185828991205932
1.1946560631379286 -15.30508911135419 6.313194865281878
-13.289455677229196 8.103712407934841 -0.15721373011476836
-15.00269171553669 7.0766036125588965 -0.057866865514938665
-11.00612584305727 9.136018479605777 -12.163447182285292
-11.964877168640975 9.524668821452753 -10.451796865347362
-10.925181866397132 10.918526623525405 -9.463771508338098
-9.323863506083136 11.391327778843552 -10.564788572897555
-9.37388963484368 10.289677160677734 -12.2332798979982
8.424729359015323 9.610332837113855 11.659872171216625
9.391611574552822 9.87117646408155 9.928658901989625
8.386359274870815 11.228619264883967 8.857763549243279
6.7981969708608405 11.806721426596019 9.927127092078727
6.82191098701334 10.806565410701438 11.658925460627387
4.366442354192255 -9.925137270174899 -15.101361982723436
3.1998428459398274 -11.201858366880911 -14.096857712662331
1.3098181204337997 -10.567083193765828 -14.254550504420795
1.3083181087458122 -8.898049464860096 -15.35651427956949
3.1974157760451423 -8.50130506514146 -15.879872555224065
-10.068422800152355 2.2550419358426037 15.453960804510933
-11.001990793364975 0.7178750842322991 14.578992878036239
-9.847807858481685 -0.902810186556622 14.782071694932627
-8.200915582276085 -0.36728191736019755 15.782549232644406
-8.337263114654636 1.5843780257285176 16.197799539034705
7.645728894357211 -5.432586386732111 -11.23804804839878
8.196426442333149 -7.401476267040861 -13.192582481421406
7.602385524675414 -5.492243417134433 -13.23668818384793
9.234621732889002 -4.338584736062478 -13.306520899560839
-6.873696818593648 6.436630519570474 11.191335905793341
-8.829727134946097 6.52259966258084 13.23254993375812
-6.830353448911851 6.496287549972797 13.189976041242494
-6.18871347238826 8.38925861997164 13.119558226207927
-8.914507847137244 -5.817196409088761 -11.798036103393672
-10.756651032849712 -7.4315680436078395 -13.21236022077035
-10.301444383849752 -5.484099508057787 -13.199982428206242
-8.86050789425072 -5.177605523164351 -14.552669927285821
5.959496063181876 -5.280772555203746 12.193380931138403
7.761750868530854 -6.8526772839243275 13.703676644044453
7.355385567838177 -4.8987080513294545 13.573786380877602
5.9235850014629845 -4.475426197765113 14.904492813781122
-11.070536327595866 -7.886798375239957 -9.056444588195024
-11.112302491651826 -9.701381322566188 -9.896411441596333
-12.713620851965823 -10.174182477884337 -8.795394377036876
8.061021302455053 -7.564879301379525 9.582924422435966
8.05802262679205 -9.32610337857961 10.530595651204136
9.646184930802024 -9.904205540291665 9.461232108368685
-8.458907497489665 -7.894010201735725 10.881607494076011
-9.830590185734689 -9.297014933688674 11.268988862867207
-8.37688719283909 -10.644047682343784 11.537783175487549
5.888182988163527 13.074304052242907 -2.4997159722433118
7.237730447475031 14.01241940068148 -3.6393041645697504
5.761855976896222 14.893801460892936 -4.661537117976718
0.8447146503726585 -12.941787538227702 -9.163958433233171
2.5191832002871934 -13.54334196274223 -10.077351749222572
2.5206832119751814 -15.212375691647962 -8.975387974073875
-12.21289030252883 -2.320101494655067 9.866042812027667
-13.22653175179131 -0.8331446376448102 10.738676937951722
-14.873424027996908 -1.3686729068412349 9.738199400239944
9.7408565695345 9.573122684249094 1.8695919938586747
10.82948102327305 9.66097685944588 3.545055643903919
12.417643327283024 8.963044175975394 2.549751436404816
-5.304546986236214 13.200103610749073 1.9845947556724195
-3.8508439933406176 14.042931911525084 0.8999805091048165
-4.626401956230137 14.133083996623649 3.618506294848082
-3.172698963334541 14.97591229739966 2.53389204828048
-3.360197701982625 -0.15263698988429142 -15.542626384947416
-4.4126066396380645 1.2809609969998184 -16.45763034119284
-2.81128827932407 1.753762152317968 -17.558647405752296
-3.0540399663401225 -13.775558361828303 7.2547149963296045
-4.142664420078674 -15.2348490263913 6.426845710124513
-2.539846048076691 -16.43108159997888 6.427792420713751
-12.328277281750804 9.549076648805437 -2.8883662813791107
-13.416901735489354 9.461222473608652 -4.563829931424354
-15.019720107491336 8.92540423962736 -3.4943103726943234
13.931252430708263 -1.17231751461553 -3.2408381423310586
14.383681088964689 0.5495412952288349 -2.3295146277931975
14.43876150580214 -0.37321573516074663 -5.002618742964848
14.891190164058564 1.3486430746836178 -4.091295228426987
0.5514222829903508 0.7360015087244327 15.586125959963647
1.640046736728903 2.1952921732874295 16.41399524616874
0.18101461387545043 12.606857448169158 -9.145712797313141
1.194656063137931 12.491337080525112 -10.86594128707735
11.813756142004772 -10.134838568265462 -0.15721373011476772
11.366336680431036 -12.081616939292644 -0.05786686551493847
11.913612047963728 -7.969685773761107 -12.149909554477285
12.557679094382005 -8.777268005501718 -10.437312526950116
13.597374396625845 -7.383410203429065 -9.449287169940854
13.595874384937858 -5.714376474523332 -10.55125094508955
12.555252024487316 -6.076714703762264 -12.220327369511852
-10.480752871548109 9.859132339095197 12.062438221806499
-11.513244342044855 10.146288078670937 10.373798845095125
-10.519122955692618 11.477418766865311 9.26032959983315
-8.87223067948702 12.012947036061735 10.260807137544932
-8.84851666333452 11.012791020167155 11.99260550609359
-8.080380232271883 -9.761334875557527 -14.83632414079391
-6.9060722551881195 -11.068862730294525 -13.881666252310131
-5.0084291049011425 -10.483933938756767 -14.120012183676906
-5.009929116589129 -8.814900209851036 -15.2219759588256
-6.908499325082806 -8.368309428555072 -15.664681094871865
5.0292716163010365 -9.012831057449118 15.462878313460683
3.821909558474815 -10.345656990420807 14.587748669510841
1.9396697872033304 -9.7001667470456 14.78903401212497
1.9837436914069466 -7.9684059042615925 15.78856483924751
3.893222633493173 -7.543609086410118 16.20502352059841
-11.07296339749055 -5.186245073500503 -10.839459430756758
-11.757946743695936 -7.138873173901668 -12.767681751171343
-11.116306767172345 -5.245902103902826 -12.838099566205909
-12.719125139174325 -4.04966953031524 -12.839046276795148
8.132334377473411 -4.762831397368837 11.200199273523529
8.769718664812942 -6.612407216872941 13.242945111399203
8.175677747155207 -4.703174366966514 13.19883940897268
9.807913955368797 -3.549515685894558 13.129006693259772
-8.387594422471313 -5.091962297725037 12.498882345163578
-10.164660176997462 -6.616762532528567 14.085394730250282
-9.712935065371537 -4.674085922075577 13.937232620635754
-8.215158168272325 -4.289357827946679 15.205557760378639
5.959496063181882 13.267724736460224 0.7297791646546988
7.761750868530862 15.321551454048514 -0.000750390337447171
7.355385567838185 14.3315324648209 1.6888441300613615
5.923585001462992 15.332455082005918 2.6625489377598597
-4.3897136158771595 -12.872901533104034 -9.052498535593873
-6.116782750408284 -13.429691117899601 -9.89346081941705
-6.115282738720294 -15.098724846805332 -8.791497044268354
-10.657670989392704 -7.318537988147917 9.981513040077997
-10.660669665055703 -9.079762065348003 10.929184268846166
-12.307561941261303 -9.615290334544428 9.92870673113439
8.061021302455062 11.954345044617039 -2.480619657424349
8.058022626792063 13.589611311801338 -3.6320949039465655
9.646184930802036 12.891678628330853 -4.627399111445669
-8.458907497489673 13.263114309721617 -2.1942145582181425
-9.830590185734698 14.237041529935361 -3.2758579248116035
-8.376887192839103 15.079869830711372 -4.360472171379207
0.8360352737113372 -3.2844145259863446 -15.540147864447276
2.510503823625872 -3.8859689505008714 -16.453541180436677
2.5090038119378835 -2.21693522159514 -17.55550495558537
1.257579988575813 -12.373527151135661 9.873999195039843
2.970816026883309 -12.921722705524042 10.748243961219918
2.926742122679694 -14.65348354830805 9.748713134097379
-12.212890302528836 9.862037889996325 2.337066616624367
-13.226531751791317 9.97755825764037 4.057295106388573
-14.873424027996913 9.322199466685513 3.1308769040131397
14.193239720981493 -0.9658676340222022 1.9845947556724188
14.545598138974029 0.6771343384088686 0.8999805091048145
14.870998457620292 -0.03260658958800906 3.6185062948480806
15.223356875612827 1.610395382843061 2.533892048280476
-2.68363229722522 0.7785754012400604 15.655011965087324
-3.6972737464876984 2.265532258250317 16.52764609101138
-2.0503814702821006 2.801060527446742 17.528123628723158
-3.0540399663401216 12.649431340684787 -9.076826792189472
-4.142664420078673 12.561577165488002 -10.752290442234717
-2.5398460480766896 13.097395399469294 -11.821810000964748
12.891358762875885 -8.774061478432756 -2.8883662813791102
13.144207933768604 -9.836553292121659 -4.563829931424354
13.129912626635932 -11.526501089447924 -3.494310372694322
-16.898187440186657 -0.7665966135193134 -2.5843679344111576
-17.265971468009905 0.9660563408661247 -1.655579127126358
-17.459023792546958 0.046564781397961816 -4.323399599357884
-17.826807820370206 1.7792177357833996 -3.394610792073084
0.5514222829903518 13.61150497993111 7.628627192490666
1.6400467367289029 13.699359155127892 9.30409084253591
11.93389733416764 4.067888325217553 -9.145712797313145
11.510798501730001 4.996220873927046 -10.865941287077352
-14.887851402361903 -9.783440673299314 0.4113600075156144
-14.487971855551045 -11.741369649677075 0.49266481366307113
-15.441046194579513 -7.609693615686865 -11.567430007029746
-16.03266004234256 -8.40101406751989 -9.828520866894534
-16.992338426132964 -6.980844152839194 -8.797921617369644
-16.99383843782095 -5.311810423933462 -9.899885392518339
-16.035087112237246 -5.700460765780436 -11.611535709456268
12.43898501947288 -7.246571914271689 12.075975849614501
13.009311920978115 -8.155648748283536 10.388283183492367
14.003433307330354 -6.82451806008916 9.274813938230395
14.04750721153397 -5.092757217305151 10.274344765352934
13.080624995996471 -5.353600844272846 12.005558034579936
-7.417550970163079 -8.849028662831744 15.727916155390213
-6.284005542653108 -10.212661353834418 14.802940129863043
-4.378577438131588 -9.61701749203654 14.923572332868858
-4.334503533927972 -7.885256649252532 15.923103159991399
-6.212692467634752 -7.41061344982373 16.42021498095061
5.029271616301047 17.861079397517656 -1.1461117583299334
3.821909558474826 17.6743975259787 -2.729597388249051
1.9396697872033408 17.565760596962544 -2.062235821257209
1.9837436914069564 17.685301153936106 -0.06629806015174344
3.893222633493183 17.867818210196017 0.4998977486489604
-1.7987260820798652 -12.107893193879052 -10.83398156824471
-3.4743056599752493 -13.321208905353332 -12.762788987980954
-1.842069451761661 -12.167550224281376 -12.832621703693862
-0.23925107975967808 -13.363782797868957 -12.831674993104624
-10.586357914374346 -4.516490084137231 11.59878789116556
-11.184654521216137 -6.349804123733748 13.66784584164928
-10.543014544692547 -4.456833053734907 13.597428026614711
-12.14583291669453 -3.260600480147323 13.596481316025473
8.132334377473418 12.147765728834358 0.7488754794736614
8.76971866481295 14.80200860292248 0.008108285542194449
8.175677747155214 13.90872437594076 1.696053390684546
9.807913955368802 13.330332249443838 2.696686944290908
-8.387594422471318 13.45653499393894 1.0352805786798684
-10.164660176997469 15.557466205444284 0.38096769586837465
-9.712935065371546 14.556154594074787 2.0522903698195085
-8.215158168272335 15.518523451824361 2.9636138843573705
-4.398392992538479 -3.2155285208626765 -15.428687966807987
-6.125462127069602 -3.772318105658242 -16.269650250631162
-6.126962138757591 -2.1032843767525105 -17.37161402577986
-3.9768482776740046 -12.304641146011988 9.985459092679143
-5.6651499238121685 -12.808071860681407 10.932134891025443
-5.709223828015784 -14.539832703465416 9.932604063902902
-10.657670989392704 12.200686357848639 -2.0820310397823265
-10.660669665055707 13.835952625032936 -3.233506286304544
-12.307561941261303 13.180593834078078 -4.159924488679978
15.227917461198208 -3.9463713761839605 -2.194214558218144
16.578050551937338 -4.949959072798246 -3.2758579248116053
16.930408969929875 -3.3069571003671756 -4.360472171379209
1.5126006784687422 -2.353202134861993 15.65749048558746
3.2258367167762376 -2.9013976892503752 16.531735251767532
3.2699106209798536 -1.169636846466367 17.531266078890077
1.2575799885758145 14.365182930230642 -6.651432450574008
2.97081602688331 15.392291725606587 -6.750779315173839
2.926742122679695 15.272751168633022 -8.746717076279305
13.153346053149113 -8.567611597839427 2.33706661662437
13.57644488558675 -9.495944146548922 4.057295106388576
13.462079338190188 -11.264748781288482 3.1308769040131414
-16.93201882640439 -0.5562537066339234 2.6473640124519786
-17.28688041457899 1.0960554066137504 1.5778090360637194
-17.5148401462307 0.3935967951032461 4.3081178573987735
-17.8697017344053 2.045905908350921 3.238562881010516
-2.6836322972252185 13.654078872446734 7.697513197614338
-3.697273746487698 13.769599240090779 9.417741687378545
-2.0503814702820993 14.424958031045634 10.34415988975398
12.9740743550858 1.0043246424370729 -9.076826792189475
13.226923525978517 -0.05816717125182902 -10.75229044223472
13.241218833111189 1.6317806260744372 -11.821810000964751
-16.044550074568914 -8.393259781848924 -2.2722161933328575
-16.396338890171073 -9.447794452308983 -3.934804915180484
-16.38099430724329 -11.13813231584969 -2.865916496843279
3.7321668463875133 -16.52748378873398 -2.5613229389399734
5.499475229376184 -16.43138247526954 -1.6299875444829757
4.66573119005542 -16.859782842691807 -4.298572188463668
6.433039573044093 -16.763681529227366 -3.3672367940066716
12.774911651226365 4.730620113286259 7.628627192490672
12.522062480333643 5.793111926975159 9.304090842535919
-15.0168109601438 4.422564430269729 -8.5718348043413
-14.64303717707563 5.3404099939098915 -10.309031592387198
-2.878687536691679 -16.985367672183667 -11.560010003506585
-3.4703013844547277 -17.77668812401669 -9.821100863371376
-1.8365651645531509 -18.292063171850465 -8.788969803935586
-0.235246804239156 -17.819262016532317 -9.889986868495045
-0.8793138506574328 -17.01167978479171 -11.602583896022214
-14.915673223070344 -6.8865797561974516 12.658455397062063
-15.581027215746438 -7.779394810301713 10.997074843547972
-16.586279515428448 -6.421952009499296 9.926179490801628
-16.54220561122483 -4.6901911667152865 10.92571031792417
-15.50971414072808 -4.977346906291023 12.61434969463554
12.438985019472891 14.041846638583976 -1.0809903827841463
13.009311920978126 12.938879947477353 -2.6488525271478474
14.003433307330365 11.347663037025148 -1.9562116295045995
14.04750721153398 11.467203593998711 0.0397261316008658
13.080624995996482 13.13230063169467 0.5806426097501635
-7.41755097016309 18.024881792135034 -0.8810739164004071
-6.284005542653118 17.807393162565088 -2.5144059278968522
-4.3785774381315985 17.648909851971606 -1.9276975005133221
-4.3345035339279825 17.768450408945167 0.06824026059214383
-6.212692467634763 18.00081384678241 0.7150892090011597
-1.8049783888464994 -5.151073483377146 -15.427156156897084
-3.4804807728040363 -6.450281382869604 -17.299254069734175
-1.8467445529024606 -6.96565643070338 -16.267123010298388
-0.24542619258846599 -6.4928552753852316 -17.368140074857845
-1.3121205989636664 -11.43813820451577 11.604265753677604
-2.901013437495458 -12.532139855185402 13.672738604839664
-1.268777229281869 -11.378481174113446 13.602905889126754
0.3340411427201144 -12.574713747701027 13.603852599715992
-10.586357914374346 12.39410704206596 1.1474640971156846
-11.184654521216142 15.064611696061665 0.4330090157922568
-10.543014544692554 14.155065689172362 2.0946420083265678
-12.145832916694534 13.61924745519107 3.164161567056599
15.389834511207551 -3.8187783330039258 1.0352805786798687
17.937082348467897 -4.85964485036309 0.38096769586837353
16.84518767935461 -4.739451043955234 2.0522903698195076
17.297616337611032 -3.0175922341108694 2.963613884357369
-3.7218275877810734 -2.284316129738324 15.768950383226757
-5.410129233919237 -2.7877468444077445 16.715626181573054
-5.366055329715621 -1.0559860016237363 17.7151570086956
-3.976848277674004 14.434068935354311 -6.53997255293471
-5.665149923812169 15.50594257044922 -6.566888385368316
-5.709223828015786 15.386402013475655 -8.562826146473784
14.896943720084543 -6.365828015377942 -2.0820310397823265
16.45310100110831 -5.863354858519465 -3.2335062863045425
16.338735453711745 -7.632159493259026 -4.1599244886799776
-18.221651959976903 -3.5061691051186425 -1.4819523217095765
-19.642527691827752 -4.473289833758328 -2.5045908946534814
-19.997389280002356 -2.8209807205106547 -3.574145871041742
1.5126006784687445 15.056869220801708 4.897474641226328
3.2258367167762394 16.083978016177653 4.798127776626498
3.2699106209798536 16.203518573151218 6.794065537731964
13.27348724531198 5.635115295643587 -6.651432450574012
13.720906706885714 7.581893666670769 -6.750779315173842
13.620836466621823 7.503036829257472 -8.746717076279307
-16.07838146078665 -8.182916874963533 2.959515753530278
-16.452155243854826 -9.100762438603697 4.696712541576174
-16.42388822127839 -10.871444143282169 3.7672571762403213
3.936214404934298 -16.49947546157148 2.6706927330988064
5.625583555879531 -16.414072377115083 1.6035759705091115
5.002376890082381 -16.813573601222043 4.333413369264401
6.691746041027616 -16.728170516765648 3.266296606674707
13.81508867214452 1.6670564305057773 7.697513197614344
14.238187504582157 0.7387238817962831 9.417741687378552
14.352553051978717 2.5075285165358427 10.344159889753985
-16.13333699270269 1.3873833424996667 -8.457024795801852
-16.485125808304854 0.3328486720396091 -10.119613517649478
-16.500470391232636 2.023186535580315 -11.188501935986682
-3.8548243024034203 -17.684392123169946 -2.259238582388555
-5.492701183901296 -18.107533172787846 -1.1923220096505327
-4.779240730128754 -18.30000684172943 -3.922510293939154
-6.417117611626632 -18.72314789134733 -2.8555937212011324
3.6146714185298574 3.4223496394339126 -16.47782448118897
5.412678563410262 4.208654431313315 -16.09195522713198
4.487909382481702 1.8815189399428307 -17.406961830464667
6.285916527362108 2.6678237318222333 -17.021092576407675
-15.125414244468729 5.097793354534996 8.22272597659058
-14.773625428866566 6.152328024995056 9.885314698438206
8.263282434314233 -13.369351876546252 -8.54562938752833
9.055100720559395 -12.771938072294033 -10.282327561667023
-2.8904441306668223 -3.90403501411267 -20.19683649191723
-3.484485048324556 -1.994802164206242 -20.240942194343756
-1.852248840110968 -0.8411434831342859 -20.310774910056665
-0.24943046810898628 -2.0373760567218695 -20.309828199467425
-0.8910704446325769 -3.9303471267207124 -20.23941038443286
-2.3533145651825196 -16.262253812694237 12.665875400585211
-3.0186685578586108 -17.155068866798498 11.00449484707112
-1.430506253848637 -17.73317102851055 9.935131304235671
0.2163860223569607 -17.197642759314125 10.935608841947449
-0.35394087914827255 -16.288565925302276 12.62330150806958
-14.915673223070348 14.401838796658211 -0.4985108353366077
-15.581027215746438 13.315133885459174 -2.0400608670922673
-16.586279515428448 11.750229087615013 -1.304846076933391
-16.542205611224833 11.869769644588576 0.691091684172075
-15.509714140728084 13.508554569676495 1.1894342698057452
19.43483059028266 -1.4845153897557712 -0.881073916400408
18.877701810913468 -0.4736573070262665 -2.5144059278968536
18.138165559792714 1.289538471812659 -1.9276975005133234
18.238235800056604 1.3683953092259529 0.06824026059214261
19.039618860922808 -0.34606426384623296 0.7150892090011586
-1.1284129840890942 -4.219861092252792 15.77048219313765
-2.719573963762068 -5.402983007740828 17.787516964741265
-1.1314116597520947 -5.98108516945288 16.718153421905818
0.5154806164535042 -5.445556900256455 17.718630959617595
-1.3121205989636662 15.49446173394531 -5.04099641369468
-2.901013437495459 17.833812507548632 -5.094452056090159
-1.2687772292818695 17.255420381051714 -4.093818502483797
0.33404114272011354 17.791238615033006 -5.163338061213828
15.058860770093883 -6.23823497219791 1.147464097115686
17.783545442264014 -5.982017537170016 0.4330090157922608
16.720238128525573 -5.652846829676453 2.094642008326571
16.705942821392902 -7.3427946270027205 3.1641615670566017
-18.242560906545993 -3.376170039371017 1.751435841480499
-20.841845232921493 -4.34930727991895 1.2067112305830228
-19.6770240955324 -4.258812254104142 2.8299802681101824
-20.04480812335565 -2.5261592997187035 3.7587690753949823
-3.721827587781073 15.125755225925374 5.008934538865626
-5.410129233919238 16.19762886102028 4.98201870643202
-5.366055329715621 16.317169417993846 6.977956467537486
14.956529019474175 0.6781651302049692 -6.539972552934714
16.497655325064052 -0.5962779827597893 -6.56688838536832
16.397585084800163 -0.6751348201730838 -8.562826146473787
-17.94995922715947 -5.9335569420861765 -1.382601750842862
-19.539957968879882 -5.389679813508375 -2.4670839638539785
-19.511690946303446 -7.160361518186847 -3.396539329189833
1.428892358692058 -18.51603042185244 -1.4600759742476406
0.8656982085939477 -20.140565411765902 -2.481691565280853
2.555067359539183 -20.055162327309507 -3.548808327870547
13.85251427209748 6.091397203118965 4.897474641226336
14.299933733671214 8.038175574146148 4.798127776626508
14.400003973935101 8.117032411559439 6.794065537731974
-16.207341018568552 6.02308822860551 -6.02367905832664
-16.60722056537941 7.981017204983272 -6.104983864474098
-16.59429812573076 7.900673363845505 -8.103327648147156
-3.6507767438566354 -17.656383796007436 2.972777089650222
-5.366592857397951 -18.090223074633386 2.041241505341553
-4.442595030101797 -18.25379760025966 4.709475263788914
-6.158411143643112 -18.68763687888561 3.7779396794802453
3.994636153757507 8.310047650685506 -14.638682611786471
5.647509684307305 7.229417929012068 -14.955303041708214
5.114790170408121 9.945435657382522 -14.372673125991204
6.767663700957918 8.864805935709082 -14.689293555912949
-16.241940277027616 2.062612266764934 8.337535985130026
-16.615714060095787 1.1447667031247717 10.074732773175922
-16.64398108267222 2.9154484078032437 11.004188138511777
5.622268771756396 -15.236010833937055 -8.432637679978136
4.697852344031062 -15.85162555249654 -10.095909391528735
6.335729225528941 -15.428484502878637 -11.162825964266759
-3.9626059073954893 4.335697434016365 -17.3396775294179
-5.565424279397471 5.531930007603947 -17.340624240007138
-4.944969893543041 3.0185367779784187 -18.479874356683258
-6.547788265545023 4.214769351566001 -18.480821067272494
4.320570251285586 4.393936030520603 16.072430588269444
6.099158394642657 5.1535128597896875 15.56285502297302
5.23522461467543 2.9101101144269963 17.05307733723713
7.013812758032502 3.669686943696081 16.543501771940704
8.918302446619988 -13.279441392278251 8.24984218924626
9.842718874345323 -12.663826673718766 9.91311390079686
-11.783920317026087 -13.1055271298498 -8.118751980300148
-12.632947455360807 -12.48651950855102 -9.820510624510653
-2.0078779257411776 -2.6892868460341584 20.49986642493634
-2.601918843398912 -0.7800539961277307 20.455760722509815
-0.9696826351853229 0.3736046849442254 20.385928006796906
0.6331357368166599 -0.822627888643358 20.386874717386146
-0.008504239706931038 -2.7155989586422007 20.45729253242071
-2.353314565182521 18.601404354608242 -8.881050318965611
-3.0186685578586125 17.514699443409203 -10.42260035072127
-1.430506253848639 16.81676675993872 -11.417904558220373
0.21638602235695958 17.472125550893576 -10.49148635584494
-0.35394087914827455 18.5750922420002 -8.923624211481238
18.306159142666232 -9.735235275314368 -0.49851083533660356
17.478247046592575 -10.703834811123182 -2.0400608670922633
16.300574185457574 -12.14346873836918 -1.3048460769333872
16.400644425721463 -12.064611900955885 0.6910916841720789
17.640164096601918 -10.576241767943149 1.1894342698057496
-22.302651869264302 -0.9352427119553035 0.007667945372402778
-21.78914689868855 0.06152564058154332 -1.648461728468078
-20.979187349474053 1.8043297796440243 -1.0947476673291772
-20.992109789122704 1.8846736207817893 0.9035961163438808
-21.810055845257637 0.19152470632916885 1.584926434721998
-1.1284129840890924 15.992727340299052 3.278415541207646
-2.7195739637620666 18.325926290953834 3.1222445021845364
-1.1314116597520931 17.62799360748335 2.126940294685432
0.5154806164535051 18.283352398438208 3.0533584970608665
15.1415763623038 3.5401511486719226 -5.040996413694682
17.857426048786323 2.7519234057391655 -5.0944520560901605
16.80295372073549 4.125539291193379 -4.093818502483798
16.81724902786816 5.815487088519645 -5.16333806121383
-17.97086817372856 -5.80355787633855 1.8507864123472129
-20.71580846186375 -5.475359205944507 1.2527994163984195
-19.574454372584523 -5.175202233854191 2.8674871989096857
-19.559109789656738 -6.865540097394897 3.93637561724689
1.5550006851954068 -18.498720323697984 1.773487540744447
1.2914548310461464 -21.262204722114618 1.2315488334457392
1.073756693377112 -20.112006529943233 2.853168899793314
2.841065076365785 -20.01590521647879 3.7845042942503095
15.535556046259673 1.134447037680345 5.008934538865631
17.07668235184955 -0.13999607528441316 4.982018706432022
17.176752592113438 -0.06113923787112041 6.97795646753749
-18.013918088572904 1.1120620665826704 -5.837912562261144
-19.58778258099806 -0.1213872145522008 -5.798498981464899
-19.574860141349408 -0.2017310556899663 -7.7968427651379555
-0.9858688058276827 -18.88424718421816 -1.363929615526035
-0.04592493664678754 -20.279574986696247 -2.4453942919814997
-1.7617410501881032 -20.713414265322196 -3.376929876290168
1.3414989376149402 5.214645178285714 -17.92437193233692
0.7375398775990301 4.838518722881274 -19.793532798439568
2.390413408148829 3.7578890012078343 -20.11015322836131
-16.28211291667574 6.487974245985383 5.539149775742107
-16.681992463486594 8.445903222363146 5.457844969594649
-16.694914903135246 8.52624706350091 7.456188753267706
10.114333675452304 -14.10020485683958 -5.993845858528046
12.10903797566172 -13.977728109283005 -6.072294574476926
12.031098743618285 -13.988426338291053 -8.070746731523617
-3.58264117216784 9.223395445267961 -15.500535660015403
-5.330593158500429 8.5526935053027 -16.203972054583375
-4.318089105616623 11.082453495418111 -15.445585652209799
-6.066041091949213 10.411751555452849 -16.149022046777773
4.61419852104784 9.16280209162824 13.93044394138976
6.280630645413552 8.10083417335004 14.239034471752955
5.719664100870772 10.777973199435657 13.519143389079268
7.386096225236486 9.716005281157456 13.827733919442464
6.277288784062151 -15.146100349669053 8.362833896796458
5.4854704978169915 -15.743514153921273 10.099532070935151
7.201286611358307 -15.309674875295325 11.031067655243817
-9.1905057133341 -15.04107209236427 -8.11722017038925
-8.354229881193657 -15.679857833596152 -9.817983384177886
-10.024333752292481 -15.213183170089293 -10.814461089990457
5.311631408015199 -2.585950686362185 -17.33419966690585
6.914449780017181 -3.782183259949769 -17.33325295631661
4.329267421867648 -3.9031113424001314 -18.474396494171206
5.932085793869629 -5.099343915987714 -18.473449783581966
-3.213440179821301 5.36683559688611 17.205691283048402
-4.816258551823283 6.563068170473694 17.204744572459163
-4.143792122350695 4.121263377330952 18.46386261832203
-5.746610494352678 5.317495950918536 18.46291590773279
-11.720930288304313 -13.00782542590926 8.689326054718444
-12.557206120444754 -12.369039684677377 10.390089268507078
9.174809868853746 12.270320704562113 -9.760284623029085
10.157173855001297 13.587481360600059 -8.620087795763727
-2.0078779257411776 19.538323582074973 6.7624476916732945
-2.601918843398912 18.645039355093257 8.450392796815647
-0.9696826351853234 18.066647228596334 9.451026350422007
0.6331357368166592 18.60246546257763 8.381506791691976
-0.008504239706931482 19.512011469466934 6.719873799157665
18.418201017442705 3.5100149127049654 -8.881050318965611
17.590288921369048 2.5414153768961505 -10.422600350721272
16.435746353054327 3.836174424937069 -11.417904558220375
16.55011190045089 5.60497905967663 -10.491486355844941
17.775336264198675 5.403401395363103 -8.92362421148124
-21.376137792878403 -9.21300920381652 0.34646869815823583
-20.640349752143507 -10.202187310991114 -1.2283781615071712
-19.470728640287845 -11.672712043579267 -0.5431457443317582
-19.483651079936497 -11.592368202441502 1.4551980393413
-20.661258698712597 -10.07218824524349 2.0050100016829053
4.969615907414224 -21.787166868071445 0.0386349453465752
5.801219381833477 -21.034221511580768 -1.617115323103638
7.272890395109678 -19.79862023495299 -1.0626120193457569
7.350829627153115 -19.787922005944942 0.9358401377009337
5.927327708336826 -21.016911413426318 1.6164481918884501
15.558686339079955 3.868840012967264 3.2784155412076528
18.269386188418437 3.0765541217848233 3.122244502184544
17.11484362010372 4.3713131698257435 2.126940294685438
17.22920916750028 6.140117804565304 3.053358497060874
-18.05965509186233 3.977085248010043 -4.334022190121783
-20.795111906204962 3.2605976662650464 -4.271399813357066
-19.663241290718293 4.605440890494403 -3.3173214035593106
-19.678585873646075 6.295778754035109 -4.386209821896515
-0.8597604793243376 -18.866937086063704 1.8696338994660526
0.1712603492297866 -21.43301846194731 1.2761506027921907
0.16213354813637304 -20.251016104873578 2.889466173092665
-1.4757433333615047 -20.67415715449148 3.9563827458306875
1.5763300585119826 8.235408675984464 -16.78771974691315
1.2832516799188953 8.69553419178336 -19.56303766991081
1.1249735114318717 9.822293336707485 -17.918239247395075
2.9229806563122773 10.60859812858689 -17.532369993338087
-18.08868998668009 1.5769480839625452 5.724916271807603
-19.662554479105246 0.3434988028276731 5.764329852603849
-19.675476918753898 0.4238426439654386 7.762673636276906
5.8410838046808795 -17.12052249530234 -5.811021435264944
5.058862005013582 -18.96076712697818 -5.770663639072618
4.980922772970145 -18.97146535598623 -7.769115796119308
-1.0701705451359942 5.505342338833866 -18.198679524051702
-0.17291609272620279 4.9482630171432564 -19.897089685636804
-1.920868079058793 4.277561077177996 -20.600526080204776
2.109871423675133 6.27221917628646 17.50665479421957
1.5879266040057147 6.008975638516112 19.41931692984165
3.2543587283714293 4.947007720237911 19.727907460204847
10.565306129211278 -14.038302699734082 5.569610046207764
12.560010429420695 -13.915825952177505 5.491161330258881
12.637949661464132 -13.905127723169457 7.489613487305572
-13.543272170037792 -13.7888665645577 -5.4900899196166275
-15.53559544766724 -13.613919826357431 -5.483640407314621
-15.543090477395703 -13.62554511357218 -7.4835925760493005
9.887829118936816 -0.8300302112126436 -15.492579277003216
9.742695504606207 -2.6969647247654875 -16.195068960981953
11.87925867305801 -1.0061245724611312 -15.436018628941591
11.7341250587274 -2.8730590860139746 -16.138508312920326
-2.919811910059046 10.13570165799375 15.063704636168712
-4.634786301052387 9.510389484034048 15.880924021239094
-3.659352636155351 11.989126462339613 14.92992867016416
-5.374327027148692 11.363814288379912 15.747148055234543
-9.127515684612334 -14.94337038842373 8.69085786462934
-8.278488546277613 -15.562378009722515 10.392616508839843
-9.941097387647972 -15.084078059000905 11.396090971761952
6.531369136401224 13.104215048910767 -11.430307758040628
5.795921202952442 14.963273099060917 -11.375357750235024
7.5438731892850335 15.633975039026177 -10.671921355667049
-8.926367293697762 -2.3985760961245184 -17.031021211273234
-10.55860350191135 -3.5522347771964746 -16.96118849556033
-8.028407493489196 -3.740482146958731 -18.211256928383982
-9.660643701702783 -4.894140828030687 -18.141424212671076
6.060797135589381 -1.5548125234924453 17.211169145560447
7.663615507591364 -2.751045097080029 17.212115856149683
5.1304451930599875 -2.800384743047603 18.469340480834074
6.733263565061969 -3.996617316635187 18.47028719142331
-12.071579847045879 12.549926964574446 -9.307872190861893
-12.969539647254441 13.891833015408658 -8.127636473751146
19.20251836190002 4.128068643256613 6.762447691673304
18.5365233158357 3.2870621506278326 8.450392796815656
17.48205098778487 4.660678036082046 9.451026350422016
17.496346294917544 6.350625833408312 8.381506791691987
18.559653608655985 6.021455125914751 6.719873799157677
-21.496403543235214 4.035298193785452 -8.031124116455322
-20.760615502500322 3.046120086610857 -9.60597097612073
-19.615822447364998 4.310619469702447 -10.650236349996032
-19.64408946994143 6.081301174380918 -9.720780984660179
-20.80635250578975 5.911143268038229 -8.10208060398137
-3.2650916861118113 -23.042842755885236 0.3665088410708122
-4.409104268052821 -22.591150773284802 -1.2105801117835147
-6.1340471826875484 -21.84298769483702 -0.5288001257917083
-6.056107950644112 -21.832289465828975 1.4696520312549817
-4.282995941549474 -22.573840675130352 2.022983403208573
4.917014191417814 7.6492222042361515 -20.526624167095548
5.695591310269956 5.8107972421336616 -20.40825470854159
7.1901866723327315 5.856926665384347 -19.0800767159476
7.335320286663339 7.723861178937192 -18.377587031968865
5.930422431166997 8.831560739832414 -19.271602523117824
-18.113518043400436 4.311972199642289 3.9954184807568884
-20.848309840256164 3.5913499451284983 3.9552016416210725
-19.70351678512084 4.8558493282200885 2.9109362677457704
-19.731783807697273 6.626531032898561 3.840391633081622
8.617332594835474 -16.41855579683081 -4.303765198123526
8.636089841236227 -19.24615272341358 -4.237857789684739
9.639226622296185 -17.802634815640683 -3.2839329244969115
11.277103503794063 -17.379493766022783 -4.350849497234933
-0.835339424238953 8.526105836532615 -17.06202733862793
0.16449141234609455 8.830387012803648 -19.69028745969296
0.21451754110663757 9.932037630969466 -18.021796134592318
-1.388300830895346 11.12827020455705 -18.022742845181554
2.291343674446029 9.219540489846814 16.18283424299951
2.1181555502003464 9.844680784170171 18.93586992857163
1.8873266719669741 10.871582443882067 17.23522563588298
3.6659148153240455 11.631159273151152 16.725650070586557
6.292056258439851 -17.058620338196835 5.7524344694708685
5.509834458772552 -18.898864969872673 5.792792265663196
5.5877736908159905 -18.888166740864627 7.791244422709886
-9.347039194343823 -16.920644100659754 -5.48761139911649
-8.6124849844033 -18.780849773858122 -5.479551246558464
-8.619980014131762 -18.79247506107287 -7.479503415293142
5.610652166582713 0.519239180969784 -18.194733471450547
4.822603648517341 1.2199532218098412 -19.89413906345752
4.677470034186732 -0.6469812917430026 -20.596628747436252
-0.2880272222225565 6.581870267709164 17.867345068052963
0.6826694143256338 6.12587544046656 19.555485096996655
-1.0323049766677073 5.500563266506859 20.37270448206704
-13.49990438389182 -13.721600257674346 6.082045361780513
-15.49222766152127 -13.546653519474074 6.088494874082519
-15.484732631792808 -13.535028232259329 8.088447042817199
10.727602112095187 9.972437512808712 -11.42782923754049
12.719031666216381 9.796343151560226 -11.371268589478863
12.864165280546986 11.66327766511307 -10.668778905500128
-13.372265724818973 -0.5239232342739814 -14.99728778412299
-13.306319842874093 -2.393635591465582 -15.704272113524668
-15.363425860054926 -0.6476060082789425 -14.855923406497013
-15.297479978110044 -2.5173183654705436 -15.56290773589869
10.550658381045599 0.0822760015131409 15.071661019180894
10.43850236205424 -1.7392687460341452 15.889827114840513
12.53799514251927 -0.09945160553963373 14.939495693432363
12.425839123527913 -1.9209963530869199 15.757661789091982
-9.48059231324858 13.314935303799428 -11.089355223512731
-8.694826348607817 15.153973909026883 -11.066797358027957
-10.393008438766287 15.870027585146529 -10.289980312913372
7.003383237784233 13.75388672426179 10.335104909407322
8.718357628777573 14.379198898221492 9.51788552433694
6.263842511687928 15.607311528607653 10.201328943402771
7.978816902681268 16.232623702567356 9.384109558332389
-8.177201566123586 -1.3674379332547792 17.514347601193066
-9.809437774337173 -2.5210966143267366 17.584180316905975
-7.227229722296865 -2.6377555476062025 18.7324800466213
-8.859465930510453 -3.79141422867816 18.80231276233421
15.487399122131876 -8.018185376544153 -9.29159437818239
17.028432693331432 -8.496574980293929 -8.109918060631738
-21.597685338126613 4.665006566209655 7.631231500860067
-20.882806243960804 3.805827524782688 9.289772804384738
-19.750935628474135 5.150670749012043 10.243851214182493
-19.766280211401916 6.84100861255275 9.174962795845287
-20.907634300681146 6.540851640462432 7.560275013334023
9.572043938394074 -19.726403587836685 -7.995629301904576
8.428031356453067 -19.274711605236252 -9.572718254758902
9.353228905469589 -17.8418919264714 -10.617245546617765
11.069045019010904 -17.40805264784545 -9.685709962309097
11.204280146607662 -18.57274490676473 -8.065462017617484
-3.307150290966446 8.640544307040633 -21.462055315171334
-4.501659795653892 7.039950724022574 -21.56810825107021
-6.19958565322594 7.470899402223131 -20.603053320537537
-6.054452038895334 9.337833915775974 -19.900563636558804
-4.266828674756852 10.060714221721327 -20.431456065646444
5.791594213918329 8.852978335211144 19.801821624364862
6.566689795396439 7.009761448011591 19.759651180740185
8.002293041528782 6.974695189445287 18.367597418414736
8.114449060520139 8.796239936992572 17.549431322755115
6.748162046167335 9.957082761571945 18.435830629520122
8.9421967220911 -16.373963737879766 4.0261271916202
8.956943042255475 -19.202111219122703 3.9891898070235983
9.882140591271995 -17.76929154035785 2.944662515164735
11.59795670481331 -17.335452261731902 3.8761980994734024
-12.037196809677152 -16.146738523574793 -3.8639556112659736
-12.127502257528956 -18.972900165741976 -3.7957258638592393
-13.050812990122115 -17.504029866734367 -2.800779967957565
-14.720916861220937 -17.037355203227506 -3.7972576737701367
8.438897891171736 1.604457716154065 -17.056549476115887
8.448132496066785 2.6480512813519814 -19.685394696502573
9.488754856517327 3.0103895105909144 -18.01631827208027
11.091573228519309 1.8141569370033306 -18.015371561491033
-0.10655497145165926 9.52919158126952 16.54352451683289
1.0057834984393943 9.988326229937934 19.103192171586638
0.9820694822868941 10.988482245832516 17.371393803037982
-0.6207488897150887 12.184714819420101 17.370447092448742
-9.30367140819786 -16.853377793776403 6.084523882280649
-8.569117198257338 -18.71358346697477 6.092584034838679
-8.561622168528874 -18.701958179760023 8.092536203573356
6.450425159741087 11.321706904991139 -14.129983431987819
5.662376641675717 12.022420945831197 -15.829389023994793
5.8075102560063225 13.889355459384038 -15.126899340016058
-9.17995983070768 0.713886260269148 -17.879787881333282
-8.446794450683505 1.394580856186509 -19.611585615661085
-8.380848568738624 -0.47513150100509194 -20.318569945062762
6.392795489496147 1.5957671098450814 17.87129112065411
5.678189155569174 2.3975656451331426 19.558435719175936
5.566033136577816 0.5760208975858566 20.376601814835556
-13.753842184020009 10.294617665336672 -10.906530800249628
-15.745002319255962 10.17093489133171 -10.765166422623647
-15.810948201200842 12.04064724852331 -10.05818209322197
11.199616213478203 10.62210918815974 10.33758342990746
11.31177223246956 12.443653935707026 9.519417334247839
13.186952974951874 10.440381581106966 10.205418104158932
13.29910899394323 12.261926328654251 9.387252008499312
3.3282470636364025 -12.988028801153284 -14.987423564584002
1.5175805089656982 -13.457167666118686 -15.695516322050066
3.776080299808571 -14.932007229742233 -14.844618586518116
1.9654137451378662 -15.401146094707636 -15.552711343984182
-12.709436462710192 0.38838297845180314 15.566952512061128
-12.61051298542606 -1.4359396127342399 16.380623962297808
-14.704689390593666 0.2590669586425535 15.519590915876956
-14.605765913309535 -1.5652556325434899 16.333262366113637
15.484972052237186 -5.317632074804697 -11.074609220744126
17.024428417810906 -4.041095761630566 -11.051606185241319
18.19345499595802 -5.464927966664007 -10.273095612740688
-9.008578211865572 13.964606979150453 10.676057443935225
-10.739737897363293 14.635270889264538 9.932218709411456
-8.226905039872333 15.798012338573619 10.509889335609845
-9.958064725370052 16.468676248687704 9.766050601086075
-18.889981576419945 -7.565772944376949 -8.55957568600287
-20.39137580139948 -8.004123658281333 -7.313115083810558
10.182905782476302 -19.64255441805492 7.667575709960002
9.16500152703864 -19.173552337300034 9.324050272097763
10.1681383080986 -17.730034429527137 10.277975137285589
11.806015189596478 -17.306893379909237 9.211058564547567
11.81514199068989 -18.488895736982965 7.597742994247093
-13.234849454336663 -19.42626082243926 -7.509988106014166
-12.147510211005319 -19.00393382593664 -9.134590604453923
-13.07831597332694 -17.546688814143778 -10.139596877286928
-14.740924814697301 -17.06838886342217 -9.13612241436482
-14.837667826338645 -18.230028248851678 -7.510934816603404
9.25520836692139 -0.7351297494561746 -21.45463531164818
8.060698862233943 -2.3357233324742306 -21.560688247547052
8.956187608353877 -3.840319616788142 -20.594101507103485
10.704139594686467 -3.1696176768228828 -19.890665112535512
10.888944586822968 -1.25050479728995 -20.42250425221239
-2.3856095932361057 9.908936262375054 21.03183102673883
-3.5723341436890097 8.319057749617118 21.284756225212547
-5.311022550834851 8.693901591551997 20.37017724173427
-5.198866531843493 10.515446339099283 19.552011146074648
-3.3908618929181134 11.266379063177473 19.96093567399248
-12.005956236378529 -16.098282326533884 4.472189085244391
-12.096647395130894 -18.925042231838546 4.437496845677895
-13.027453157452513 -17.467797220045682 3.4324905728448902
-14.690061998822872 -16.989497269324072 4.435965035766998
9.043839763433068 9.386161942476672 -14.12845162207692
9.045605469722926 10.333678905099974 -16.79344852410559
9.94109421584286 8.829082620786064 -15.826861783662023
11.68904620217545 9.499784560751323 -15.123425389094049
-11.927676171670422 1.872485446000042 -16.622871499297624
-12.021333783742152 2.9174330910371777 -19.249525772480975
-12.980085109325861 3.3060834328841517 -17.537875455543045
-14.61232131753945 2.1524247518121955 -17.46804273983014
9.167682343959022 2.607543460890965 16.54900237934494
9.289424582160077 3.805990498486265 19.108084934777033
10.256306797697576 4.06683412545396 17.37687166555003
11.859125169699556 2.8706015518663763 17.377818376139267
-9.561536289908718 11.5324271598798 -13.789030897459924
-8.828370909884544 12.213121755797161 -15.520828631787728
-8.894316791829423 14.082834112988762 -14.813844302386052
7.041753321928744 12.13560029649168 13.13721353138067
6.327146988001769 12.937398831779742 14.824358129902494
6.439303006993127 14.758943579327028 14.006192034242872
3.324319982053729 -8.618441770508097 -17.87240218229443
1.5136534273830242 -9.087580635473499 -18.58049493976049
3.7696012459160486 -7.722890417776086 -19.604369956438347
1.9589346912453443 -8.192029282741489 -20.312462713904413
-8.397816507794257 1.7904141891444465 18.18623671077137
-7.591208943631685 2.572193279509813 19.840989166972367
-7.492285466347553 0.7478706883237701 20.654660617209046
13.80513678515774 -10.273494675781922 -10.890252987570124
14.25297002132991 -12.217473104370873 -10.74744800950424
16.063636576000615 -11.74833423940547 -10.039355252038176
-13.281828082636999 10.944289340687694 10.85888186719833
-13.380751559921128 12.768611931873737 10.04521041696165
-15.277081010520474 10.814973320878444 10.811520271014155
-15.376004487804604 12.639295912064487 9.997848820777477
3.9910763257451802 -12.0757225884275 15.576816731600116
2.2133873664137247 -12.499471687387341 16.389379753772406
4.434816769269824 -14.025334262820737 15.530895735855848
2.6571278099383684 -14.44908336178058 16.34345875802814
-18.892408646314625 -4.865219642637497 -10.342590528564605
-20.39538007691999 -3.548644439617969 -10.254803208420135
-21.56726098410907 -4.941669886620424 -9.42644625434218
15.956986153620196 -4.667960399453678 10.690803446703834
17.09303513642806 -6.137182370492677 9.948658239566111
17.492349726546397 -3.397057332083835 10.525080508396488
18.628398709354258 -4.866279303122834 9.782935301258766
-1.8575958782245428 -20.277565455614425 -8.549515444504427
-1.8516093013381616 -21.840920753625454 -7.302164502276047
-13.176105897833217 -19.335145677988933 8.16497349982556
-12.076639441654532 -18.894008571643873 9.776361586272579
-12.999950174247688 -17.425138272636264 10.771307482174251
-14.67005404534651 -16.958463609129403 9.774829776361681
-14.778924269835198 -18.13891310440135 8.16402678923632
10.392717487346173 13.89728360424549 -15.948754222585997
9.43303910355577 15.317453518926184 -14.918154973061107
10.47366146400631 15.679791748165115 -13.249078548638805
12.076479836008293 14.483559174577533 -13.248131838049565
12.02645370724775 13.381908556411714 -14.916623163150208
-12.991689482276875 -0.44235662481392946 -20.980918444984532
-11.845291501628129 -2.073756965862971 -21.13681776246073
-12.738096945266953 -3.554818981207596 -20.13215177492448
-14.436279035425425 -2.838765305087953 -19.355334729809897
-14.593007842590872 -0.9151577801320777 -19.879901380425075
10.176749064651725 0.5332622058782444 21.03925103026198
8.99002451419882 -1.0566163068796914 21.2921762287357
9.844750710744961 -2.6173174274592816 20.379129055168317
11.5597251017383 -1.9920052534995802 19.561909670097933
11.764911368661696 -0.0448399558338074 19.96988748742653
-12.202549952466555 9.665768202489 -13.676039189909732
-12.292813842774049 10.614496290939282 -16.339076449185693
-13.185619286412875 9.133434275594656 -15.334410461649442
-14.883801376571343 9.849487951714302 -14.557593416534859
9.635167925620728 10.20005533397721 13.138745341291566
9.751138365622776 11.304761627314194 15.73993254380264
10.605864562168918 9.744060506734606 14.826885370235262
12.320838953162257 10.369372680694305 14.009665985164878
5.215844719247745 -10.922250672528916 -16.61274561538727
6.246246222744002 -10.716222865302834 -19.23873595890384
6.89031326916228 -11.523805097043443 -17.526138931376668
6.2486732926386885 -13.416776167042286 -17.4557211163421
-11.198891718883145 2.8755711907369426 16.982680356163204
-11.180041697648875 4.0753723081714615 19.543953858798627
-12.212533168145622 4.362528047747199 17.855314482087255
-13.844769376359212 3.2088693666752435 17.925147197800165
13.801209703575065 -5.903907645136738 -13.775231605280558
14.246490967437385 -5.008356292404728 -15.507199379424476
16.05715752210809 -4.5392174274393255 -14.799106621958414
-8.970208127721062 12.34632055138034 13.478166065908571
-8.163600563558491 13.128099641745706 15.132918522109566
-8.262524040842623 14.952422232931749 14.319247071872887
4.106463304967154 -7.5419138416328035 18.193622409810224
2.328774345635699 -7.9656629405926465 19.006185431982516
4.625186752967871 -6.545277994452788 19.8482048261951
2.8474977936364163 -6.969027093412631 20.660767848367392
-17.337189333178507 -9.863656136130352 -10.227120300514276
-17.8295179901844 -11.795261867321168 -10.064295877525693
-19.595439815031213 -11.279054464417197 -9.280044625874261
14.277150886540749 -9.623823000430901 10.875159679877834
16.054839845872205 -9.200073901471058 10.062596657705544
14.720891330065392 -11.573434674824139 10.829238684133568
16.49858028939685 -11.149685575864295 10.016675661961276
3.9910763257451927 19.332755750996302 -3.8346904170786473
2.2133873664137367 20.24904057056397 -3.850313902634062
4.434816769269837 20.163575610498935 -5.5990126041625645
2.6571278099383826 21.0798604300666 -5.61463608971798
0.7333916555727508 -19.51255711638944 -10.33099847715526
2.423103997308461 -20.578779860007227 -10.241325386552855
1.4204371279685737 -22.098094940020722 -9.41286848557868
-18.420394544931604 -4.215547967286485 11.42282213888338
-19.625253047459932 -5.653963180294499 10.730523313322983
-19.927458768184493 -2.904606010071247 11.321883485217693
-21.13231727071282 -4.343021223079261 10.629584659657297
-1.8759628562634663 0.15901253276029642 -22.042573278605325
-1.872964180600464 1.920236609960383 -22.990244507373493
-13.508551427131916 14.211828545766776 -15.439809816215202
-12.468856124888074 15.605686347839429 -14.45178445920594
-13.42760745047178 15.994336689686403 -12.74013414226801
-15.059843658685368 14.840678008614448 -12.670301426555103
-15.109869787445911 13.73902739044863 -14.338792751655745
11.055790733266038 14.809925631877732 14.626736602590324
10.05053843358403 16.167368432680153 13.555841249843976
11.01742064912153 16.428212059647848 11.824627980616977
12.620239021123512 15.231979486060263 11.825574691206214
12.643953037276011 14.23182347016568 13.557373059754873
0.47545813682717 -12.150472166451884 -18.46655652162106
3.3027034375722626 -12.603362461808624 -20.971294101645377
1.4126787120662345 -11.96858728869354 -21.12898689340384
0.2460792038138062 -13.24530838539955 -20.124482623342736
1.41510578196092 -14.66914059043299 -19.345972050842104
3.3042034492602497 -14.272396190714355 -19.86933032649668
-12.070148784546559 0.8260353305204879 21.512967896925634
-10.915965849663268 -0.7946499402684326 21.71604671382202
-11.849533842875886 -2.3318167918787376 20.841078787347325
-13.580693528373605 -1.6611528817646515 20.097240052823558
-13.717041060752157 0.29050706132406334 20.512490359213853
12.763014413019214 -8.966799176115122 -13.661293187141123
13.700234988258275 -8.784914298356778 -16.323723558923902
12.533635480005849 -10.061635395062789 -15.319219288862797
13.702662058152962 -11.48546760009623 -14.540708716362168
-11.6112217902789 10.479661593989533 13.591157773458768
-11.587280946874206 11.585579013153502 16.194304618722548
-12.520848940086823 10.048412161543197 15.319336692247855
-14.252008625584542 10.719076071657284 14.575497957724087
5.944629172035023 -9.919164927792018 16.992806240073556
7.087538308837282 -9.558283648168555 19.554743672375764
7.657865210342516 -10.467360482180402 17.867051006253632
7.016225233818924 -12.360331552179243 17.9374688212882
-17.341116414761178 -5.494069105485166 -13.112098918224703
-17.835997044076915 -4.586145055355021 -14.824047247445927
-19.601918868923725 -4.069937652451048 -14.039795995794494
14.392537865762721 -5.090014253636206 13.491965358087942
14.911261313763438 -4.093378406456191 15.146547774472818
16.688950273094893 -3.669629307496348 14.333984752300529
4.106463304967165 19.645716992187186 1.3907424809248317
2.3287743456357095 20.56200181175485 1.375118995369416
4.625186752967881 20.67991139453064 3.0221124336503635
2.847497793636427 21.59619621409831 3.0064889480949484
-4.5010366106770645 -19.443671111265775 -10.219538579515968
-6.212861953387014 -20.4651290151646 -10.057434456747337
-5.216155136692654 -22.010756207786137 -9.271551448288792
-16.865175231795483 -9.21398446077934 11.538292366933707
-18.664074651981544 -8.743166823880927 10.801887838946787
-17.361596681448894 -11.151223437774444 11.512390816112138
-19.160496101634955 -10.68040580087603 10.775986288125218
14.277150886540761 14.03094301062657 -3.744289710881455
16.054839845872216 13.114658191058904 -3.7286662253260383
14.720891330065408 14.8617628701292 -5.5086118979653715
16.498580289396862 13.945478050561533 -5.4929884124099555
0.7174517474285118 -1.7765324297541734 -22.041041468694424
2.405753393566677 -1.2731017150847537 -22.98771726704072
1.4005010938846714 0.0843410857176643 -24.058612619787066
1.2054057569557675 -18.86288544103841 11.434414190292708
0.16976129227663073 -20.427590287057466 10.742215311628529
2.8910253060439546 -19.934741430460484 11.335361307084963
1.8553808413648176 -21.49944627647954 10.643162428420782
-0.9196565064247786 1.4752553031100442 22.054419331897552
-0.8778903423688172 3.2898382504362775 22.894386185298856
17.4941071966922 -8.926407677038723 -15.421497981433166
18.533802498936044 -7.532549874966072 -14.433472624423903
19.17786954535432 -8.340132106706681 -12.720875596896736
18.53622956883073 -10.233103176705525 -12.650457781862169
17.49560720838019 -10.595441405944456 -14.31953420628447
-12.84547818121205 15.124470573399018 15.135681008961122
-11.851356794859809 16.455601261593394 14.022211763699147
-12.883848265356558 16.74275700116913 12.333572386987777
-14.516084473570148 15.589098320097175 12.403405102700686
-14.492370457417646 14.588942304202593 14.135203471249344
1.2905790550798424 -11.02855447157103 19.12012385012195
4.22424413530258 -11.334970506474207 21.52259224026479
2.3420043640310957 -10.689480263099 21.723877582878917
1.1346423062048736 -12.02230619607069 20.848747938929073
2.270691289012737 -13.491528167109688 20.106602731791348
4.1801702310989635 -13.066731349258214 20.523061413142248
-16.379938019282783 -8.583272749071593 -13.0407343926009
-17.42451504111334 -8.37530706315583 -15.660965130330917
-16.250207064029578 -9.682834917892828 -14.706307241847139
-17.422087971218655 -11.075860364895284 -13.877950287769183
13.354342575206866 -8.152905784614589 13.605903776227375
14.405767884158118 -7.813831576142561 16.20965750898434
13.198405826331898 -9.14665750911425 15.334527865034497
14.33445480913976 -10.615879480153248 14.592382657896772
5.944629172035036 19.634813364229778 -1.2725568471724764
7.0875383088372965 21.764888850712342 0.19595843259139634
7.657865210342531 20.66192215960572 -1.371903711772306
7.01622523381894 21.571468166495027 -3.0335367043066155
-0.3087307165657759 -18.205861616722647 -13.10203867672626
0.7037694559844005 -18.422942150699146 -14.813096665911415
1.7004762726787597 -19.968569343320684 -14.027213657452869
-16.74978825257351 -4.680175713984642 14.155098045143813
-17.171226697750846 -3.6711671694064947 15.82969990645139
-18.97012611793691 -3.2003495325080813 15.09329537846447
14.392537865762732 14.343904251817452 1.4811431871220224
16.170226825094186 13.427619432249784 1.4967666726774371
14.911261313763449 15.378098654160908 3.1125131398475547
16.688950273094903 14.461813834593242 3.12813662540297
-4.516976518821302 -1.7076464246305054 -21.92958157105513
-6.2302125571287945 -1.1594508702421233 -22.803826337235208
-5.236091170776555 0.17167981795225273 -23.917295582497182
-4.029022509294053 -18.793999435914742 11.545874087932004
-3.065293287938942 -20.38501639454184 10.811101316752197
-5.744940644651525 -19.821090585617853 11.519252236890482
-4.781211423296414 -21.41210754424495 10.784479465710673
-16.86517523179548 14.44078155027813 -3.081157023825605
-18.664074651981544 13.571565268649035 -2.98937504408482
-17.36159668144889 15.283974107178894 -4.825459765986828
-19.160496101634955 14.414757825549795 -4.733677786246042
1.6737580972672013 -0.4602896594044267 22.055951141808443
3.400827231798327 0.09649992539113922 22.89691342563162
2.4411488480079235 1.5166698400718341 23.92751267515651
1.2054057569557644 18.662989784543665 -11.757852156704667
0.16976129227662673 18.743625565971158 -13.466927466201893
2.89102530604395 19.05374276334333 -12.76084709452386
1.8553808413648136 19.13437854477082 -14.469922404021089
-21.178958281184656 -8.417463270667914 -14.598008633541081
-22.13863666497506 -6.997293355987219 -13.567409384016193
-22.73025051273811 -7.788613807820244 -11.828500243880981
-22.136209595080373 -9.697846657726672 -11.784394541454457
-21.177458269496668 -10.086496999573647 -13.496044858392386
18.157180442612066 -8.013765649406487 15.153992843743165
19.151301828964307 -6.682634961212112 14.040523598481192
19.721628730469543 -7.591711795223958 12.35283093235906
19.07998875394595 -9.484682865222801 12.423248747393627
18.113106538408452 -9.745526492190494 14.154462016620625
1.290579055079856 22.03367816523349 -1.3134596633792965
4.224244135302595 24.319544635582925 -0.5131099699243016
2.3420043640311095 24.21090770656677 0.15425159706754044
1.1346423062048885 24.024225835027814 -1.4292340328515771
2.2706912890127526 24.017487022349453 -3.075243539830471
4.180170231098979 24.200004078609364 -2.509047731029767
-3.543785296781347 -18.16328772420702 -13.033152671602592
-3.045230362774794 -19.10700880652477 -15.652471952745447
-4.633551027232201 -18.35270206573626 -14.699445821068784
-5.636217896572088 -19.87201714574976 -13.870988920094613
-15.788609857095112 -7.769379357571066 14.22646257076762
-16.718982145213477 -7.40422434094162 16.872415937577347
-15.585436717703507 -8.767857031944295 15.947439912050179
-16.790295220231837 -10.20627224495231 15.255141086489783
13.354342575206879 15.815580605296093 -1.2074354716266902
14.405767884158132 17.992810146629374 0.2602757888201448
13.198405826331912 17.806128275090412 -1.323209841098973
14.334454809139777 17.79938946241205 -2.969219348077867
-0.3207435431273422 -4.839423960732558 -21.927103050554994
0.6928979061351381 -6.326380817742815 -22.79973717647904
1.6870192924873777 -4.99525012954844 -23.91320642174102
0.28259744562188427 -17.39196822522209 14.165158286642244
1.368539802310459 -17.507964264750584 15.840650487985886
2.33226902366557 -19.09898122337768 15.10587771680608
-16.749788252573513 14.753742791469016 2.1442758741778736
-18.548687672759574 13.88452650983992 2.2360578539186586
-17.171226697750853 15.800309891210608 3.7956652718261017
-18.970126117936918 14.931093609581511 3.887447251566887
-3.560670168982615 -0.3914036542807571 22.167411039447742
-5.235138718897149 0.21015077023377143 23.080804355437145
-4.195443416653307 1.6040085723064235 24.068829712446405
-4.029022509294054 18.731875789667335 -11.646392259065369
-3.065293287938945 18.786199458486788 -13.398041461078222
-5.744940644651528 19.16739360818596 -12.57695616471834
-4.781211423296418 19.22171727700541 -14.328605366731193
18.9456251535231 -11.577287891566588 -3.081157023825601
18.674841836818636 -13.556745510104905 -2.989375044084815
19.900951593570294 -11.788851916475352 -4.825459765986823
19.63016827686583 -13.768309535013671 -4.733677786246037
1.673758097267199 19.933290218152823 9.452025625192146
0.7140797134767971 20.21996691618677 11.183162208622177
3.400827231798324 20.436465879256303 10.326123136127272
2.4411488480079213 20.723142577290254 12.057259719557301
-2.018261510051291 -22.717679696085717 -14.586691297249404
-0.38452529014971515 -23.233054743919492 -13.554560237813616
-0.9761391379127631 -24.02437519575252 -11.815651097678405
-2.9755128239470086 -23.998063083144476 -11.773077205162778
-3.6195798703652855 -23.190480851403866 -13.485674232689947
-20.515885035264766 -7.504821243035688 15.97748219163528
-21.521137334946776 -6.147378442233272 14.906586838888934
-22.186491327622868 -7.040193496337532 13.245206285374845
-21.59245040996513 -8.94942634624396 13.289311987801367
-20.55995893946838 -9.236582085819697 14.97795136451274
18.008392692162065 13.416715804292382 -1.166532655419867
18.157180442612084 17.13800820122715 -0.3906582732992435
19.151301828964325 15.546791290774951 0.301982624344004
19.721628730469558 14.443824599668327 -1.265879520019697
19.079988753945965 15.353370606557633 -2.9275125125540065
18.11310653840847 17.01846764425359 -2.3865960344047092
-3.5557981233429112 -4.796850068216931 -21.858217045431328
-3.056260273071488 -6.834242894491981 -23.755449874471868
-4.644422577081461 -6.256140732779928 -22.686086331636417
-5.649674876763467 -4.898697931977511 -23.75698168438277
-2.9524571345936876 -17.349394332706467 14.234044291765912
-2.3396974668749433 -18.135926084310537 16.8809091151628
-3.968780680906145 -17.437724179787704 15.954301332828518
-5.004425145585282 -19.00242902580676 15.262102454164339
-15.788609857095127 16.199107032339615 -0.5868766770864684
-16.718982145213495 18.402417381830315 0.9230342174131296
-15.585436717703523 18.18492875226037 -0.7102977940833153
-16.79029522023185 18.208996697612992 -2.3064609194848824
0.6355628067113471 -3.52318119038281 22.16988955994788
1.6879717443667879 -4.95677917726692 23.0848935161933
2.727667046610632 -3.5629213751942683 24.07291887320256
0.28259744562188127 20.447627379213188 -9.220997917449903
1.3685398023104558 21.998108168304544 -8.575445037657463
2.3322690236655657 22.052431837123994 -10.327094239670316
19.20761244379633 -11.370838010973262 2.1442758741778802
18.936829127091862 -13.350295629511582 2.2360578539186657
20.333188545388442 -11.44824277090262 3.795665271826109
20.06240522868398 -13.427700389440938 3.8874472515668943
-3.5606701689826155 20.002176223276493 9.563485522831446
-2.5209748667387735 20.262540808702397 11.252048213745844
-5.235138718897151 20.550116724098938 10.510014065932793
-4.1954434166533074 20.810481309524842 12.198576756847194
19.060108958285603 1.95663984376388 -11.646392259065372
18.81396513013094 2.8899877365397164 -13.398041461078227
20.00455888233202 0.4592871269784853 -12.576956164718343
19.75841505417736 1.3926350197543207 -14.328605366731196
-22.173174902444256 -11.036157184016766 -2.2055891466537254
-21.950891832285112 -13.022103643728206 -2.1243063324786524
-23.20710831635042 -11.221542196142932 -3.907533356340787
-22.98482524619128 -13.207488655854373 -3.826250542165714
-2.034693205167231 -4.434453244436725 -26.65801909226458
-0.40245699695364245 -3.2807945633647684 -26.727851807977487
-0.9964979146113768 -1.3715617134583404 -26.771957510404015
-2.9958716006456223 -1.3452496008502974 -26.729383617888388
-3.637511577169213 -3.238220670849141 -26.65896580285382
-1.3551882641314204 -21.805037668453462 15.98879952792694
0.2329740398785538 -22.383139830165515 14.919435985091491
-0.4323799527975376 -23.275954884269776 13.2580554315774
-2.431753638831785 -23.249642771661733 13.300629324093029
-3.002080540337019 -22.340565937649888 14.988321990215162
-20.49818968148471 13.923469263459843 -0.34658833457033755
-20.515885035264777 17.646952607597953 0.4328310745928366
-21.521137334946783 16.08204780975379 1.1680458647517125
-22.186491327622875 14.99534289855475 -0.37350416700394684
-21.59245040996514 15.88862712553647 -2.0614492721463
-20.55995893946839 17.52741205062439 -1.56310668651263
-2.5994917735042233 -3.4806072978671834 22.238775565071546
-2.0156125189482372 -5.4019141401378095 24.230675420471716
-3.649348738849814 -4.886539092304034 23.19854436103593
-4.609027122640217 -3.466369177623339 24.22914361056082
-2.9524571345936907 20.490201271728818 -9.152111912326236
-2.3396974668749473 23.209376833285923 -8.671893363072027
-3.9687806809061486 22.068348253267434 -8.46179419281483
-5.004425145585286 22.148984034694926 -10.170869502312057
20.285215064667444 -10.010060921140553 -0.586876677086463
22.6681885780952 -10.214037206461134 0.9230342174131361
22.111059798726007 -9.20317912373163 -0.7102977940833096
22.506271528085858 -10.341630249641169 -2.306460919484876
0.6355628067113456 21.40496657163146 6.763446966443435
1.6879717443667852 22.864495500185807 5.890400155180746
2.7276670466106294 23.12486008561171 7.578962846095147
19.359521848511783 6.587430496970395 -9.220997917449909
19.113378020357118 7.520778389746233 -10.972647119462763
20.49854206323922 8.099347964901085 -8.575445037657467
20.252398235084556 9.032695857676922 -10.327094239670322
-22.20700628866199 -10.825814277131377 3.0261428002094095
-21.984723218502847 -12.81176073684282 3.107425614384483
-23.26292467003417 -10.87451018243765 4.723984100415869
-23.040641599875027 -12.86045664214909 4.805266914590943
20.123507630810643 2.7946138108862426 9.563485522831458
20.04984554902729 3.863879884676699 11.252048213745859
21.162069253129825 1.3714225118191836 10.510014065932808
21.08840717134647 2.4406885856096396 12.19857675684721
-22.29606182049104 2.500894392160487 -10.765769901227948
-22.10022677777486 3.428425764541984 -12.526830430935103
-23.31832038193057 1.0294239081456682 -11.654455474553394
-23.12248533921439 1.9569552805271655 -13.415516004260551
-0.8723860551603047 -2.834674697132818 26.93803808505713
0.7598501530532842 -1.6810160160608614 26.86820536934422
0.1658092353955496 0.22821683384556657 26.824099666917697
-1.8335644506386966 0.2545289464536089 26.866673559433323
-2.4752044271622875 -1.638442123545234 26.93709137446789
-1.3551882641314263 24.052326344945556 -12.35261006682997
0.2329740398785478 23.354393661475072 -13.347914274329074
-0.43237995279754415 22.267688750276033 -14.889464306084733
-2.431753638831791 22.294000862884072 -14.846890413569104
-3.002080540337025 23.3969675539907 -13.279028269205403
19.57629513794873 -15.192348245763798 -0.3465883345703307
23.123006400747265 -14.058557895673744 0.4328310745928455
21.94533353961226 -15.498191822919743 1.1680458647517211
21.117421443538603 -16.466791358728557 -0.3735041670039384
21.78341648960292 -15.625784866099776 -2.061449272146292
23.022936160483376 -14.137414733087038 -1.5631066865126215
-2.5994917735042242 21.44754046414709 6.832332971567104
-2.015612518948239 24.088384397556318 6.004668585795426
-3.649348738849815 22.934735585148697 6.004051000023379
-4.609027122640219 23.221412283182644 7.735187583453407
20.39969886942995 3.5238668141899145 -9.152111912326236
22.796435355406732 4.94690734830686 -8.671893363072027
22.21466708748774 3.044959919722209 -8.46179419281483
22.611388012577105 2.084921329839908 -10.170869502312057
-23.363704960869 -9.435633385680985 0.34256659936093925
-25.68479667522995 -9.577703337606403 1.9526440454127953
-25.171291704654198 -8.580934985069556 0.29651437157231475
-25.663887728660864 -9.707702403354029 -1.2807441177772807
20.160933230763597 7.21895458349943 6.763446966443449
20.087271148980243 8.288220657289887 8.45200965735785
21.22381548221888 8.67087420416905 5.890400155180765
21.150153400435524 9.740140277959505 7.578962846095166
-22.370065846356898 7.1365992782663294 -8.332424163752734
-22.174230803640718 8.064130650647826 -10.09348469345989
-23.440415139005122 8.677592441089331 -7.639825821378015
-23.244580096288942 9.605123813470826 -9.400886351085171
-22.433382417822706 3.3546700380084458 10.469675533926177
-22.259820579928455 4.420682601132341 12.152973933999318
-23.46779397038082 1.958759433886919 11.460345168686114
-23.29423213248657 3.0247719970108133 13.143643568759254
8.302216466066884 -20.900421972976602 -10.73083587122913
9.149656136533903 -20.47234655733837 -12.49111921303661
7.148223520466528 -22.270917847427736 -11.619678568007942
7.9956631909335485 -21.842842431789506 -13.379961909815421
-0.8723860551603069 25.361818798843924 9.511646740978158
0.7598501530532814 24.783426672347005 10.512280294584519
0.1658092353955466 23.890142445365285 12.200225399726872
-1.8335644506386988 23.916454557973328 12.2427992922425
-2.4752044271622893 24.826000564862632 10.58116629970819
19.755285961200023 5.96740332080515 -13.737989059562523
23.293897906612163 6.143716965431522 -12.352610066829977
22.13935533829744 7.4384760134724415 -13.34791427432908
21.31144324222379 6.469876477663626 -14.889464306084738
21.95430799546782 4.576489995005488 -14.84689041356911
23.1795323592156 4.374912330691961 -13.27902826920541
-22.781760328068685 -14.634908717043064 0.5553677695725241
-26.261033973084395 -13.408655158415193 1.4843957928587614
-25.091412861228733 -14.879179891003346 2.169628210034174
-24.355624820493837 -15.86835799817794 0.5947813503687676
-25.070503914659643 -15.00917895675097 -1.0637599531559019
-26.248111533435743 -13.488998999552958 -0.5139479908142968
21.201110251681758 4.15539090071895 6.83233297156712
23.532273470748358 5.52675872540941 6.0046685857954465
22.939940506467394 3.6164861589901736 6.004051000023397
23.50914317792807 2.7923657501224906 7.735187583453422
-23.486591878915792 4.101418190496268 -8.217614155213283
-25.822456768253065 5.5867405987751395 -7.636621416682045
-25.282503770234353 3.6700311192190482 -7.450407746640293
-25.776719764963637 2.721717417347769 -9.140511788821405
-22.473555057470833 7.780032017228896 7.671289324538255
-22.29999321957658 8.84604458035279 9.354587724611395
-23.534072373771632 9.259895953125294 6.843457365104839
-23.36051053587738 10.325908516249187 8.52675576517798
12.794281369762793 -19.76461599587913 -8.292044049779046
13.641721040229813 -19.3365405802409 -10.052327391586525
14.559409152097189 -20.397020404214203 -7.596063750956138
15.406848822564207 -19.968944988575974 -9.356347092763619
9.130439478963156 -20.786737000346097 10.505761196032124
10.112215739591656 -20.34022204446571 12.190023577088427
8.049744983235017 -22.147171656818706 11.496375627771913
9.031521243863518 -21.700656700938318 13.180638008828216
21.00826041789086 6.954765824919515 11.253047488516009
24.3901051504377 7.0075445746155385 9.511646740978183
23.33563282238687 8.38116046006975 10.512280294584544
22.66963777632255 7.54015396744097 12.200225399726895
23.312502529566583 5.646767484782832 12.242799292242522
24.375809843305028 5.317596777289271 10.581166299708213
-22.97388908089654 6.529726849022862 -12.828130478232513
-26.444468918487164 6.798282701683667 -11.29350045770292
-25.29967586335184 8.062782084775257 -12.337765831578222
-24.563887822616948 7.073603977600663 -13.912612691243629
-25.253938860062412 5.197758903347887 -13.841656203717584
-26.41620189591073 5.027600997005195 -12.222955823038774
-23.59008109002972 4.744850929458835 7.786099333077705
-25.91747826127241 6.177526235805872 7.05763253639103
-25.376161005000853 4.2523346312550085 7.032875439842558
-25.892650204552066 3.442502120126126 8.787130327441744
10.153267707204957 -21.63127495326993 -8.179052342228848
12.193613027976884 -23.500324451378912 -7.592839969771002
10.202160775568858 -23.47670788441671 -7.409645580817849
9.417364237822289 -24.202291149850435 -9.10009620691242
13.41845682411228 -19.678939350411113 7.712537345443431
14.40023308474078 -19.232424394530724 9.396799726499736
15.124284914838714 -20.319483455074927 6.888004887095647
16.106061175467214 -19.87296849919454 8.57226726815195
-16.466671965131365 -19.379536656011666 -7.668972589508143
-17.37670887907817 -18.928332536560784 -9.391832902431023
-18.21660241900307 -19.965682274016093 -6.898143995651785
-19.12663933294988 -19.51447815456521 -8.621004308574665
9.43153909186778 16.986487247831914 -16.0201187482098
10.471234394111622 18.380345049904566 -15.032093391200537
8.37913015421234 18.420085234716026 -16.93512270445522
9.418825456456183 19.81394303678868 -15.947097347445958
-23.13569029927267 7.535708052151582 12.193031757677506
-26.58602620778111 7.678399511833555 10.597112830917556
-25.45415559229444 9.023242736062912 11.551191240715312
-24.739276498128632 8.164063694635942 13.20973254423998
-25.4293275355741 6.288218620383166 13.280689031766027
-26.57068162485333 5.988061648292849 11.66600124925476
12.371893567902623 -20.5105589653808 -12.787533960911079
13.530652470008004 -23.790398429224172 -11.247382392653352
14.455850019024524 -22.35757875045932 -12.291909684512216
13.311837437083518 -21.905886767858885 -13.868998637366543
11.67960122886993 -23.05954544893084 -13.799165921653634
11.814836356466689 -24.224237707850122 -12.17891797696202
10.777443161554444 -21.545598307801924 7.825529052993627
12.766717054376544 -23.42165806015194 7.10221087615248
10.767036538310384 -23.399170935277443 7.074423057233937
10.116576590725296 -24.10631466046901 8.82851815400315
-13.873257361439386 -21.31508161852614 -7.667440779597249
-13.180475903384208 -22.06011007266284 -9.389354381930891
-15.935261002114078 -23.13014347611297 -6.993874569802145
-13.937884844835928 -23.15902059906123 -6.895616755319021
-13.245103386780753 -23.904049053197934 -8.617530357652663
-16.40664810470228 -19.286435675427672 8.347621632275901
-17.303766534459772 -18.815194131907656 10.071892472558925
-18.162281116064456 -19.881426337559606 7.596796192249267
-19.059399545821947 -19.41018479403959 9.32106703253229
13.627772067561747 13.85470971172987 -16.017640227709666
14.667467369805587 15.248567513802522 -15.029614870700403
15.302240617476283 13.253155287215343 -16.931033543699066
16.34193591972012 14.647013089287995 -15.9430081866898
13.347766781227634 -20.376606976821904 12.23498521257186
14.384428283066047 -23.673205984159562 10.644418058872883
15.387565064126006 -22.229688076386665 11.59834292406071
14.369660808688346 -21.76068599563178 13.254817486198471
12.737424600474759 -22.914344676703735 13.32465020191138
12.746551401568171 -24.096347033777466 11.711334631610907
-16.255764933169186 -20.133813897939767 -12.17794763669763
-14.652946561167203 -21.33004647152735 -12.17700092610839
-17.433795335252892 -23.38290079974705 -10.588037377824369
-18.36460109757451 -21.925655787954188 -11.593043650657375
-17.277261854243168 -21.503328791451565 -13.217646149097131
-15.674443482241186 -22.69956136503915 -13.216699438507893
-15.771186493882531 -23.861200750468658 -11.591511840746477
-13.813233501010302 -21.221980637942146 8.349153442186802
-13.107533558765812 -21.946971668009713 10.074370993059064
-15.88014842783349 -23.04466022542979 7.712206186418042
-13.883563541897313 -23.074764662604746 7.599323432582036
-13.177863599652822 -23.799755692672314 9.324540983454298
10.984331335109223 14.688604056078518 -17.687663362721203
12.940361651461675 14.602634913068155 -19.728877390685984
10.940987965427428 14.628947025676197 -19.686303498170354
10.346947047769692 16.538179875582625 -19.730409200596878
-16.743606007347488 14.254402438282405 -15.370923811091531
-17.703284391137892 15.674572352963098 -14.340324561566643
-18.470675141878612 13.697612853486838 -16.21188609491471
-19.430353525669016 15.117782768167533 -15.181286845389819
-16.16192004204935 -19.988254260095776 12.8633531078581
-14.559101670047369 -21.18448683368336 12.864299818447337
-17.351691946079843 -23.255553008608015 11.320194768817816
-18.275002678673 -21.786682709600406 12.31514066471949
-17.175536222494316 -21.345545603255346 13.926528751166508
-15.572717850492332 -22.541778176842932 13.927475461755746
-15.68158807498102 -23.72222767211488 12.316672474630385
13.706288974327196 18.337771157388943 -15.100979396324206
14.67520196301265 17.961194807906168 -18.760423866235783
15.715824323463192 18.3235330371451 -17.09134744181348
14.756145939672788 19.743702951825796 -16.06074819228859
13.122409719771209 20.25907799965957 -17.092879251724376
13.072383591010666 19.15742738149375 -18.76137057682502
-14.152618473550195 15.019410777507382 -17.15240684374237
-13.510978497026604 16.912381847506225 -17.222824658776936
-16.195335529266238 14.9860658597131 -19.108473086675893
-14.195961843231993 14.95975374710506 -19.151046979191523
-13.554321866708401 16.8527248171039 -19.22146479422609
18.455285592170597 -12.015611320625151 -15.35013345580936
20.089021812072176 -12.530986368458926 -14.318002396373574
18.413519428114636 -13.830194267951384 -16.190100309210667
20.047255648016215 -14.34556931578516 -15.157969249774881
-16.66508910058204 18.73746388394148 -14.454262979706074
-15.063770740268044 19.210265039259628 -15.555280044265531
-17.798442014897617 18.38855372690596 -18.068942609898688
-18.757193340481322 18.777204068752937 -16.35729229296076
-17.71749803823748 20.17106187082559 -15.369266935951497
-16.116179677923483 20.643863026143737 -16.470284000510954
-16.166205806684026 19.54221240797792 -18.138775325611597
18.45285852227591 -9.315058018885699 -17.133148298371097
20.085094730489498 -8.161399337813743 -17.202981014084006
19.003556070251847 -11.28394789919445 -19.087682731393723
18.409515152594114 -9.374715049288023 -19.131788433820248
20.0417513608077 -8.221056368216065 -19.201621149533157
-22.217153571740504 -11.4803548016463 -14.484070215401648
-23.8184719320545 -11.953155956964448 -13.383053150842192
-22.258919735796468 -13.294937748972533 -15.324037068802955
-23.860238096110464 -13.76773890429068 -14.2230200042435
22.730035474630007 -10.664327411068127 -14.430994103923767
22.72853546294202 -8.995293682162396 -15.532957879072463
22.720741675882426 -11.852157405914697 -18.0450098044496
23.3648087223007 -12.659739637655308 -16.33241277692243
24.404504024544543 -11.265881835582656 -15.344387419913168
24.403004012856556 -9.596848106676923 -16.44635119506186
23.362381652406015 -9.959186335915856 -18.115427619484166
-22.21958064163519 -8.779801499906847 -16.267085057963385
-23.82239901363717 -7.583568926319262 -16.26803176855262
-22.90456398784058 -10.732429600308013 -18.19530737837797
-22.262924011316986 -8.83945853030917 -18.265725193412536
-23.86574238331897 -7.643225956721586 -18.266671904001775
-26.411886535746483 -10.017610994449976 -13.38458496075309
-26.41338654743447 -8.348577265544243 -14.486548735901785
-26.587663438724153 -11.20325004209321 -16.99505563423637
-27.179277286487203 -11.994570493926235 -15.25614649410116
-28.138955670277607 -10.574400579245541 -14.22554724457627
-28.140455681965594 -8.905366850339808 -15.327511019724964
-27.18170435638189 -9.294017192186782 -17.039161336662893
-3.700523847025422 -24.972988995323487 -16.185349906637146
-2.0682876388118334 -23.81933031425153 -16.255182622350052
-0.4654692668098508 -25.015562887839113 -16.254235911760812
-3.743867216707217 -25.032646025725807 -18.183990042086297
-2.111631008493629 -23.87898734465385 -18.253822757799202
-0.5088126364916463 -25.075219918241434 -18.252876047209963
-3.698096777130735 -27.67354229706294 -14.402335064075409
-2.0643605572291586 -28.188917344896716 -13.370204004639621
-0.4630421969151646 -27.716116189578567 -14.471221069199077
-3.1482490934236473 -28.696804792556147 -16.981211057611926
-3.7398629411866953 -29.48812524438917 -15.242301917476718
-2.1061267212851194 -30.003500292222945 -14.21017085804093
-0.5048083609711258 -29.530699136904797 -15.311187922600386
-1.148875407389402 -28.72311690516419 -17.023784950127556
-3.1268417060662985 -4.229408362935743 -31.09755061693623
-3.720882623724033 -2.3201755130293154 -31.141656319362752
-2.0886464155104445 -1.166516831957359 -31.211489035075658
-0.4858280435084623 -2.3627494055449425 -31.21054232448642
-1.1274680200320537 -4.255720475543786 -31.14012450945185
-3.170185075748093 -4.289065393338067 -33.09619075238538
-3.7642259934058275 -2.379832543431638 -33.1402964548119
-2.131989785192239 -1.2261738623596818 -33.21012917052481
-0.5291714131902574 -2.4224064359472655 -33.20918245993557
-1.1708113897138483 -4.315377505946109 -33.138764644901
-3.9439865112728274 -6.986386253583964 -10.639019010230404
-3.470431956733039 -6.3345943263586335 11.19742670168301
-3.470431956733047 12.848199615938269 -0.6581919538420619
13.291786419851398 0.6697351016366904 -0.6581919538420631
-16.10115033062081 1.0565513666809325 -0.03231008959919755
5.281777091707149 -15.281184283098154 -0.008367478135401493
-5.50182798499471 -16.925530815714115 0.4209935606499408
5.254400394923239 5.335413576237441 -14.447156804616247
-5.515398150636928 6.633580625769767 -15.672132914906497
5.868329516409284 6.180414519501585 13.862210730284373
7.955072140467723 -3.419845030710836 -15.66417653189431
-4.839972567975783 7.563224186368275 15.472946203910503
-11.517354827495057 -3.1635844353495006 -15.249538178622398
8.630497723128862 -2.490201470112333 15.480902586922683
9.573083825323717 12.818497777641904 8.604838350769562
-0.3739442282283174 -11.153358764097868 -16.955172888957225
0.2701228181899582 -11.96094099583848 -15.242575861430058
0.2676957482952731 -9.260387694099027 -17.025590703991792
-10.841929244833924 -2.233940874750998 15.8955409401946
-11.673305890575909 13.098104037654231 9.05725078293676
0.37522149934585647 -10.12222060122813 17.59019592350908
0.9455484008510902 -11.031297435239976 15.902503257386945
1.0168614758694483 -8.229249531229287 17.51977810847451
15.88567307860184 -7.4700083034643665 9.073528595616267
0.37522149934586846 20.259944198521374 -1.1870145745367535
0.9455484008511008 19.156977507414748 -2.754876718900456
1.0168614758694585 19.350398191632067 0.47461841799755566
-18.491707619949963 -7.017595871297174 9.805547287795811
17.09303513642807 11.642981837580265 -1.0400875665773233
15.88567307860185 11.456299966041307 -2.623573196496441
15.956986153620207 11.649720650258626 0.6059219404015699
-1.4593219217545714 -19.729388382534626 9.815607529294244
-19.62525304745994 12.126201027778441 -0.25822249282047693
-18.491707619949967 11.908712398208497 -1.891554504316922
-18.420394544931614 12.102133082425818 1.3379406325810905
-1.4593219217545743 17.60259698595267 -13.256828295944697
17.59723921594752 -14.917522599937612 -0.25822249282047116
17.040110436578328 -13.906664517208107 -1.891554504316917
17.20202748658767 -13.779071474028072 1.3379406325810956
-0.9196565064247804 19.066318103779146 11.182544622850129
17.77378810921278 5.953551419320198 -13.466927466201897
17.19201984129379 4.051603990735545 -13.2568282959447
17.377067184123412 6.913590009202499 -11.75785215670467
-20.79419316007809 -14.412284535178596 0.5592698683698205
-20.280688189502342 -13.415516182641747 -1.0968598054706598
-20.30159713607143 -13.285517116894123 2.136528357719416
19.009668528109128 6.92744356745718 11.183162208622191
18.417335563828164 5.0171710010379424 11.18254462285014
18.440465856648448 7.751563976324864 9.452025625192162
-20.98370074521597 6.463606852312047 -12.641640439474553
-20.443747747197254 4.5468973727559545 -12.455426769432803
-20.48948475048668 7.411920554183325 -10.951536397293442
-21.143294547369564 7.455863688902403 12.03816392545987
-20.60197729109801 5.53067208435154 12.013406828911396
-20.62680534781835 8.265696200031286 10.283909037860681
11.790669799091738 -18.605687599947565 -12.604110920586804
9.79921754668371 -18.58207103298536 -12.420916531633655
12.575466336838307 -17.88010433451384 -10.913660294492235
12.753229402149492 -18.473563087074904 12.077031869538233
10.753548886083331 -18.451075962200406 12.049244050619691
13.403689349734579 -17.766419361883337 10.32293677276902
-15.617357026066468 -18.244993101852888 -12.020494963114547
-13.619980868788318 -18.273870224801147 -11.922237148631423
-16.310138484121644 -17.499964647716187 -10.298581360780906
-13.023942422374486 -20.180538064367358 -12.01896315320365
-12.113905508427678 -20.631742183818236 -10.296102840280769
-15.524792438872263 -18.10141930014257 12.679173165496858
-13.528207552936085 -18.131523737317526 12.566290411660853
-16.230492381116754 -17.376428270075003 10.953955614624595
-12.931377835180282 -20.03696426265704 12.680704975407755
-12.034259405422791 -20.508205806177056 10.95643413512473
13.114675126564146 17.546450705555916 -13.362070256188995
11.1153014405299 17.57276281816396 -13.319496363673366
13.708716044221882 15.63721785564949 -13.317964553762469
-16.021022054163762 17.92988165220087 -12.741665952178906
-14.021648368129513 17.90356953959283 -12.784239844694534
-16.66266203068735 16.03691058220203 -12.671248137144339
-13.430034520366466 18.694889991425853 -14.523148984829744
-12.470356136576061 17.274720076745158 -15.553748234354634
21.7712841490463 -10.275677069221151 -12.719343786985839
21.177243231388566 -8.366444219314724 -12.763449489412364
20.13904794083271 -11.429335750293108 -12.649511071272931
21.768857079151612 -7.575123767481699 -14.502358629547572
20.135120859250037 -7.059748719647924 -15.53448968898336
-25.37126417529594 -9.655272765211043 -11.715508536330788
-24.72962419877235 -7.7623016952122015 -11.785926351365354
-23.768445803293957 -10.851505338798628 -11.714561825741548
-25.373691245190628 -6.954719463471591 -13.498523378892523
-23.77237288487663 -6.4819183081534435 -14.599540443451978
-2.0143344284686173 -27.0872667267309 -11.701712679538975
-0.3820982202550294 -25.933608045658943 -11.771545395251882
-3.617152800470599 -25.891034153143316 -11.702659390128213
0.5766531053286759 -26.32225838750592 -13.483195712189813
0.5751530936406883 -24.653224658600184 -14.585159487338506
-4.657775160921139 -26.25337238238225 -13.371735814550517
-4.659275172609126 -24.584338653476514 -14.47369958969921
-2.038620286749903 -0.0648662137915399 -29.542997709975012
-0.40488406684832756 -0.5802412616253156 -28.510866650539224
-3.6399386470638975 -0.5376673691096885 -28.44198064541556
0.5547943169420764 -2.000411176306011 -29.541465900064114
0.5562943286300635 -3.6694449052117424 -28.439502124915418
-4.679633949307739 -1.931525171182341 -29.430006002424822
-4.6781339376197515 -3.600558900088073 -28.328042227276125
-0.4834009736137772 -5.063302707284395 -29.42752748192468
-2.084719333927772 -5.536103862602543 -28.326510417365228
-3.7184555538293473 -5.020728814768768 -29.358641476801015
-0.7569990759383307 1.6991340496618799 29.554843763267233
0.8311632280716416 1.1210318879498273 28.485480220431782
-2.4038913521439293 1.163605780465455 28.554366225555455
1.8364155277536494 -0.23641091285259097 29.55637557317813
1.7923416235500333 -1.968171755636599 28.55684474605559
-3.3980127384961674 -0.16752490772892115 29.66783547081743
-3.4420866426997834 -1.8992857505129295 28.66830464369489
0.7982202371977954 -3.2993024438309746 29.670313991317563
-0.8486720390078034 -3.8348307130273995 28.669836453605782
-2.436834343017776 -3.2567285513153474 29.739199996441233
0.8695333122161536 -0.4972545398202861 31.28758884240513
-0.733285059785829 0.6989780337672973 31.286642131815892
-2.365521267999418 -0.4546806473046584 31.3564748475288
0.2278933356925622 -2.3902256098191286 31.358006657439695
-1.7714803503416836 -2.3639134972110867 31.400580549955325
3 0 1 2
3 3 1 2
3 3 1 0
3 3 2 0
3 4 5 6
3 7 5 6
3 7 5 4
3 7 6 4
3 8 9 10
3 11 9 10
3 11 9 8
3 11 10 8
3 12 13 14
3 15 13 14
3 15 13 12
3 15 14 12
3 16 17 18
3 19 17 18
3 19 17 16
3 19 18 16
3 20 21 22
3 23 21 22
3 23 21 20
3 23 22 20
3 24 25 26
3 27 25 26
3 27 25 24
3 27 26 24
3 28 29 30
3 31 29 30
3 31 29 28
3 31 30 28
3 32 33 34
3 35 33 34
3 35 33 32
3 35 34 32
3 36 37 38
3 39 37 38
3 39 37 36
3 39 38 36
3 40 41 42
3 43 41 42
3 43 41 40
3 43 42 40
3 44 45 46
3 47 45 46
3 47 45 44
3 47 46 44
3 48 49 50
3 51 49 50
3 51 49 48
3 51 50 48
3 52 53 54
3 55 53 54
3 55 53 52
3 55 54 52
3 56 57 58
3 59 57 58
3 59 57 56
3 59 58 56
3 60 61 62
3 63 61 62
3 63 61 60
3 63 62 60
3 64 65 66
3 67 65 66
3 67 65 64
3 67 66 64
3 68 69 70
3 71 69 70
3 71 69 68
3 71 70 68
3 72 73 74
3 75 73 74
3 75 73 72
3 75 74 72
3 76 77 78
3 79 77 78
3 79 77 76
3 79 78 76
3 80 81 82
3 83 81 82
3 83 81 80
3 83 82 80
3 84 85 86
3 87 85 86
3 87 85 84
3 87 86 84
3 88 89 90
3 91 89 90
3 91 89 88
3 91 90 88
3 92 93 94
3 95 93 94
3 95 93 92
3 95 94 92
3 96 97 98
3 99 97 98
3 99 97 96
3 99 98 96
3 100 101 102
3 103 101 102
3 103 101 100
3 103 102 100
3 104 105 106
3 107 105 106
3 107 105 104
3 107 106 104
3 108 109 110
3 111 109 110
3 111 109 108
3 111 110 108
3 112 113 114
3 115 113 114
3 115 113 112
3 115 114 112
3 116 117 118
3 119 117 118
3 119 117 116
3 119 118 116
3 120 121 122
3 123 121 122
3 123 121 120
3 123 122 120
3 124 125 126
3 127 125 126
3 127 125 124
3 127 126 124
3 128 129 130
3 131 129 130
3 131 129 128
3 131 130 128
3 132 133 134
3 135 133 134
3 135 133 132
3 135 134 132
3 136 137 138
3 139 137 138
3 139 137 136
3 139 138 136
3 140 141 142
3 143 141 142
3 143 141 140
3 143 142 140
3 144 145 146
3 147 145 146
3 147 145 144
3 147 146 144
3 148 149 150
3 151 149 150
3 151 149 148
3 151 150 148
3 152 153 154
3 155 153 154
3 155 153 152
3 155 154 152
3 156 157 158
3 159 157 158
3 159 157 156
3 159 158 156
3 160 161 162
3 163 161 162
3 163 161 160
3 163 162 160
3 164 165 166
3 167 165 166
3 167 165 164
3 167 166 164
3 168 169 170
3 171 169 170
3 171 169 168
3 171 170 168
3 172 173 174
3 175 173 174
3 175 173 172
3 175 174 172
3 176 177 178
3 179 177 178
3 179 177 176
3 179 178 176
3 180 181 182
3 183 181 182
3 183 181 180
3 183 182 180
3 184 185 186
3 187 185 186
3 187 185 184
3 187 186 184
3 188 189 190
3 191 189 190
3 191 189 188
3 191 190 188
3 192 193 194
3 195 193 194
3 195 193 192
3 195 194 192
3 196 197 198
3 199 197 198
3 199 197 196
3 199 198 196
3 200 201 202
3 203 201 202
3 203 201 200
3 203 202 200
3 204 205 206
3 207 205 206
3 207 205 204
3 207 206 204
3 208 209 210
3 211 209 210
3 211 209 208
3 211 210 208
3 212 213 214
3 215 213 214
3 215 213 212
3 215 214 212
3 216 217 218
3 219 217 218
3 219 217 216
3 219 218 216
3 220 221 222
3 223 221 222
3 223 221 220
3 223 222 220
3 224 225 226
3 227 225 226
3 227 225 224
3 227 226 224
3 228 229 230
3 231 229 230
3 231 229 228
3 231 230 228
3 232 233 234
3 235 233 234
3 235 233 232
3 235 234 232
3 236 237 238
3 239 237 238
3 239 237 236
3 239 238 236
3 240 241 242
3 243 241 242
3 243 241 240
3 243 242 240
3 244 245 246
3 247 245 246
3 247 245 244
3 247 246 244
3 248 249 250
3 251 249 250
3 251 249 248
3 251 250 248
3 252 253 254
3 255 253 254
3 255 253 252
3 255 254 252
3 256 257 258
3 259 257 258
3 259 257 256
3 259 258 256
3 260 261 262
3 263 261 262
3 263 261 260
3 263 262 260
3 264 265 266
3 267 265 266
3 267 265 264
3 267 266 264
3 268 269 270
3 271 269 270
3 271 269 268
3 271 270 268
3 272 273 274
3 275 273 274
3 275 273 272
3 275 274 272
3 276 277 278
3 279 277 278
3 279 277 276
3 279 278 276
3 280 281 282
3 283 281 282
3 283 281 280
3 283 282 280
3 284 285 286
3 287 285 286
3 287 285 284
3 287 286 284
3 288 289 290
3 291 289 290
3 291 289 288
3 291 290 288
3 292 293 294
3 295 293 294
3 295 293 292
3 295 294 292
3 296 297 298
3 299 297 298
3 299 297 296
3 299 298 296
3 300 301 302
3 303 301 302
3 303 301 300
3 303 302 300
3 304 305 306
3 307 305 306
3 307 305 304
3 307 306 304
3 308 309 310
3 311 309 310
3 311 309 308
3 311 310 308
3 312 313 314
3 315 313 314
3 315 313 312
3 315 314 312
3 316 317 318
3 319 317 318
3 319 317 316
3 319 318 316
3 320 321 322
3 323 321 322
3 323 321 320
3 323 322 320
3 324 325 326
3 327 325 326
3 327 325 324
3 327 326 324
3 328 329 330
3 331 329 330
3 331 329 328
3 331 330 328
3 332 333 334
3 335 333 334
3 335 333 332
3 335 334 332
3 336 337 338
3 339 337 338
3 339 337 336
3 339 338 336
3 340 341 342
3 343 341 342
3 343 341 340
3 343 342 340
3 344 345 346
3 347 345 346
3 347 345 344
3 347 346 344
3 348 349 350
3 351 349 350
3 351 349 348
3 351 350 348
3 352 353 354
3 355 353 354
3 355 353 352
3 355 354 352
3 356 357 358
3 359 357 358
3 359 357 356
3 359 358 356
3 360 361 362
3 363 361 362
3 363 361 360
3 363 362 360
3 364 365 366
3 367 365 366
3 367 365 364
3 367 366 364
3 368 369 370
3 371 369 370
3 371 369 368
3 371 370 368
3 372 373 374
3 375 373 374
3 375 373 372
3 375 374 372
3 376 377 378
3 379 377 378
3 379 377 376
3 379 378 376
3 380 381 382
3 383 381 382
3 383 381 380
3 383 382 380
3 384 385 386
3 387 385 386
3 387 385 384
3 387 386 384
3 388 389 390
3 391 389 390
3 391 389 388
3 391 390 388
3 392 393 394
3 395 393 394
3 395 393 392
3 395 394 392
3 396 397 398
3 399 397 398
3 399 397 396
3 399 398 396
3 400 401 402
3 403 401 402
3 403 401 400
3 403 402 400
3 404 405 406
3 407 405 406
3 407 405 404
3 407 406 404
3 408 409 410
3 411 409 410
3 411 409 408
3 411 410 408
3 412 413 414
3 415 413 414
3 415 413 412
3 415 414 412
3 416 417 418
3 419 417 418
3 419 417 416
3 419 418 416
3 420 421 422
3 423 421 422
3 423 421 420
3 423 422 420
3 424 425 426
3 427 425 426
3 427 425 424
3 427 426 424
3 428 429 430
3 431 429 430
3 431 429 428
3 431 430 428
3 432 433 434
3 435 433 434
3 435 433 432
3 435 434 432
3 436 437 438
3 439 437 438
3 439 437 436
3 439 438 436
3 440 441 442
3 443 441 442
3 443 441 440
3 443 442 440
3 444 445 446
3 447 445 446
3 447 445 444
3 447 446 444
3 448 449 450
3 451 449 450
3 451 449 448
3 451 450 448
3 452 453 454
3 455 453 454
3 455 453 452
3 455 454 452
3 456 457 458
3 459 457 458
3 459 457 456
3 459 458 456
3 460 461 462
3 463 461 462
3 463 461 460
3 463 462 460
3 464 465 466
3 467 465 466
3 467 465 464
3 467 466 464
3 468 469 470
3 471 469 470
3 471 469 468
3 471 470 468
3 472 473 474
3 475 473 474
3 475 473 472
3 475 474 472
3 476 477 478
3 479 477 478
3 479 477 476
3 479 478 476
3 480 481 482
3 483 481 482
3 483 481 480
3 483 482 480
3 484 485 486
3 487 485 486
3 487 485 484
3 487 486 484
3 488 489 490
3 491 489 490
3 491 489 488
3 491 490 488
3 492 493 494
3 495 493 494
3 495 493 492
3 495 494 492
3 496 497 498
3 499 497 498
3 499 497 496
3 499 498 496
3 500 501 502
3 503 501 502
3 503 501 500
3 503 502 500
3 504 505 506
3 507 505 506
3 507 505 504
3 507 506 504
3 508 509 510
3 511 509 510
3 511 509 508
3 511 510 508
3 512 513 514
3 515 513 514
3 515 513 512
3 515 514 512
3 516 517 518
3 519 517 518
3 519 517 516
3 519 518 516
3 520 521 522
3 523 521 522
3 523 521 520
3 523 522 520
3 524 525 526
3 527 525 526
3 527 525 524
3 527 526 524
3 528 529 530
3 531 529 530
3 531 529 528
3 531 530 528
3 532 533 534
3 535 533 534
3 535 533 532
3 535 534 532
3 536 537 538
3 539 537 538
3 539 537 536
3 539 538 536
3 540 541 542
3 543 541 542
3 543 541 540
3 543 542 540
3 544 545 546
3 547 545 546
3 547 545 544
3 547 546 544
3 548 549 550
3 551 549 550
3 551 549 548
3 551 550 548
3 552 553 554
3 555 553 554
3 555 553 552
3 555 554 552
3 556 557 558
3 559 557 558
3 559 557 556
3 559 558 556
3 560 561 562
3 563 561 562
3 563 561 560
3 563 562 560
3 564 565 566
3 567 565 566
3 567 565 564
3 567 566 564
3 568 569 570
3 571 569 570
3 571 569 568
3 571 570 568
3 572 573 574
3 575 573 574
3 575 573 572
3 575 574 572
3 576 577 578
3 579 577 578
3 579 577 576
3 579 578 576
3 580 581 582
3 583 581 582
3 583 581 580
3 583 582 580
3 584 585 586
3 587 585 586
3 587 585 584
3 587 586 584
3 588 589 590
3 591 589 590
3 591 589 588
3 591 590 588
3 592 593 594
3 595 593 594
3 595 593 592
3 595 594 592
3 596 597 598
3 599 597 598
3 599 597 596
3 599 598 596
3 600 601 602
3 603 601 602
3 603 601 600
3 603 602 600
3 604 605 606
3 607 605 606
3 607 605 604
3 607 606 604
3 608 609 610
3 611 609 610
3 611 609 608
3 611 610 608
3 612 613 614
3 615 613 614
3 615 613 612
3 615 614 612
3 616 617 618
3 619 617 618
3 619 617 616
3 619 618 616
3 620 621 622
3 623 621 622
3 623 621 620
3 623 622 620
3 624 625 626
3 627 625 626
3 627 625 624
3 627 626 624
3 628 629 630
3 631 629 630
3 631 629 628
3 631 630 628
3 632 633 634
3 635 633 634
3 635 633 632
3 635 634 632
3 636 637 638
3 639 637 638
3 639 637 636
3 639 638 636
3 640 641 642
3 643 641 642
3 643 641 640
3 643 642 640
3 644 645 646
3 647 645 646
3 647 645 644
3 647 646 644
3 648 649 650
3 651 649 650
3 651 649 648
3 651 650 648
3 652 653 654
3 655 653 654
3 655 653 652
3 655 654 652
3 656 657 658
3 659 657 658
3 659 657 656
3 659 658 656
3 660 661 662
3 663 661 662
3 663 661 660
3 663 662 660
3 664 665 666
3 667 665 666
3 667 665 664
3 667 666 664
3 668 669 670
3 671 669 670
3 671 669 668
3 671 670 668
3 672 673 674
3 675 673 674
3 675 673 672
3 675 674 672
3 676 677 678
3 679 677 678
3 679 677 676
3 679 678 676
3 680 681 682
3 683 681 682
3 683 681 680
3 683 682 680
3 684 685 686
3 687 685 686
3 687 685 684
3 687 686 684
3 688 689 690
3 691 689 690
3 691 689 688
3 691 690 688
3 692 693 694
3 695 693 694
3 695 693 692
3 695 694 692
3 696 697 698
3 699 697 698
3 699 697 696
3 699 698 696
3 700 701 702
3 703 701 702
3 703 701 700
3 703 702 700
3 704 705 706
3 707 705 706
3 707 705 704
3 707 706 704
3 708 709 710
3 711 709 710
3 711 709 708
3 711 710 708
3 712 713 714
3 715 713 714
3 715 713 712
3 715 714 712
3 716 717 718
3 719 717 718
3 719 717 716
3 719 718 716
3 720 721 722
3 723 721 722
3 723 721 720
3 723 722 720
3 724 725 726
3 727 725 726
3 727 725 724
3 727 726 724
3 728 729 730
3 731 729 730
3 731 729 728
3 731 730 728
3 732 733 734
3 735 733 734
3 735 733 732
3 735 734 732
3 736 737 738
3 739 737 738
3 739 737 736
3 739 738 736
3 740 741 742
3 743 741 742
3 743 741 740
3 743 742 740
3 744 745 746
3 747 745 746
3 747 745 744
3 747 746 744
3 748 749 750
3 751 749 750
3 751 749 748
3 751 750 748
3 752 753 754
3 755 753 754
3 755 753 752
3 755 754 752
3 756 757 758
3 759 757 758
3 759 757 756
3 759 758 756
3 760 761 762
3 763 761 762
3 763 761 760
3 763 762 760
3 764 765 766
3 767 765 766
3 767 765 764
3 767 766 764
3 768 769 770
3 771 769 770
3 771 769 768
3 771 770 768
3 772 773 774
3 775 773 774
3 775 773 772
3 775 774 772
3 776 777 778
3 779 777 778
3 779 777 776
3 779 778 776
3 780 781 782
3 783 781 782
3 783 781 780
3 783 782 780
3 784 785 786
3 787 785 786
3 787 785 784
3 787 786 784
3 788 789 790
3 791 789 790
3 791 789 788
3 791 790 788
3 792 793 794
3 795 793 794
3 795 793 792
3 795 794 792
3 796 797 798
3 799 797 798
3 799 797 796
3 799 798 796
3 800 801 802
3 803 801 802
3 803 801 800
3 803 802 800
3 804 805 806
3 807 805 806
3 807 805 804
3 807 806 804
3 808 809 810
3 811 809 810
3 811 809 808
3 811 810 808
3 812 813 814
3 815 813 814
3 815 813 812
3 815 814 812
3 816 817 818
3 819 817 818
3 819 817 816
3 819 818 816
3 820 821 822
3 823 821 822
3 823 821 820
3 823 822 820
3 824 825 826
3 827 825 826
3 827 825 824
3 827 826 824
3 828 829 830
3 831 829 830
3 831 829 828
3 831 830 828
3 832 833 834
3 835 833 834
3 835 833 832
3 835 834 832
3 836 837 838
3 839 837 838
3 839 837 836
3 839 838 836
3 840 841 842
3 843 841 842
3 843 841 840
3 843 842 840
3 844 845 846
3 847 845 846
3 847 845 844
3 847 846 844
3 848 849 850
3 851 849 850
3 851 849 848
3 851 850 848
3 852 853 854
3 855 853 854
3 855 853 852
3 855 854 852
3 856 857 858
3 859 857 858
3 859 857 856
3 859 858 856
3 860 861 862
3 863 861 862
3 863 861 860
3 863 862 860
3 864 865 866
3 867 865 866
3 867 865 864
3 867 866 864
3 868 869 870
3 871 869 870
3 871 869 868
3 871 870 868
3 872 873 874
3 875 873 874
3 875 873 872
3 875 874 872
3 876 877 878
3 879 877 878
3 879 877 876
3 879 878 876
3 880 881 882
3 883 881 882
3 883 881 880
3 883 882 880
3 884 885 886
3 887 885 886
3 887 885 884
3 887 886 884
3 888 889 890
3 891 889 890
3 891 889 888
3 891 890 888
3 892 893 894
3 895 893 894
3 895 893 892
3 895 894 892
3 896 897 898
3 899 897 898
3 899 897 896
3 899 898 896
3 900 901 902
3 903 901 902
3 903 901 900
3 903 902 900
3 904 905 906
3 907 905 906
3 907 905 904
3 907 906 904
3 908 909 910
3 911 909 910
3 911 909 908
3 911 910 908
3 912 913 914
3 915 913 914
3 915 913 912
3 915 914 912
3 916 917 918
3 919 917 918
3 919 917 916
3 919 918 916
3 920 921 922
3 923 921 922
3 923 921 920
3 923 922 920
3 924 925 926
3 927 925 926
3 927 925 924
3 927 926 924
3 928 929 930
3 931 929 930
3 931 929 928
3 931 930 928
3 932 933 934
3 935 933 934
3 935 933 932
3 935 934 932
3 936 937 938
3 939 937 938
3 939 937 936
3 939 938 936
3 940 941 942
3 943 941 942
3 943 941 940
3 943 942 940
3 944 945 946
3 947 945 946
3 947 945 944
3 947 946 944
3 948 949 950
3 951 949 950
3 951 949 948
3 951 950 948
3 952 953 954
3 955 953 954
3 955 953 952
3 955 954 952
3 956 957 958
3 959 957 958
3 959 957 956
3 959 958 956
3 960 961 962
3 963 961 962
3 963 961 960
3 963 962 960
3 964 965 966
3 967 965 966
3 967 965 964
3 967 966 964
3 968 969 970
3 971 969 970
3 971 969 968
3 971 970 968
3 972 973 974
3 975 973 974
3 975 973 972
3 975 974 972
3 976 977 978
3 979 977 978
3 979 977 976
3 979 978 976
3 980 981 982
3 983 981 982
3 983 981 980
3 983 982 980
3 984 985 986
3 987 985 986
3 987 985 984
3 987 986 984
3 988 989 990
3 991 989 990
3 991 989 988
3 991 990 988
3 992 993 994
3 995 993 994
3 995 993 992
3 995 994 992
3 996 997 998
3 999 997 998
3 999 997 996
3 999 998 996
3 1000 1001 1002
3 1003 1001 1002
3 1003 1001 1000
3 1003 1002 1000
3 1004 1005 1006
3 1007 1005 1006
3 1007 1005 1004
3 1007 1006 1004
3 1008 1009 1010
3 1011 1009 1010
3 1011 1009 1008
3 1011 1010 1008
3 1012 1013 1014
3 1015 1013 1014
3 1015 1013 1012
3 1015 1014 1012
3 1016 1017 1018
3 1019 1017 1018
3 1019 1017 1016
3 1019 1018 1016
3 1020 1021 1022
3 1023 1021 1022
3 1023 1021 1020
3 1023 1022 1020
3 1024 1025 1026
3 1027 1025 1026
3 1027 1025 1024
3 1027 1026 1024
3 1028 1029 1030
3 1031 1029 1030
3 1031 1029 1028
3 1031 1030 1028
3 1032 1033 1034
3 1035 1033 1034
3 1035 1033 1032
3 1035 1034 1032
3 1036 1037 1038
3 1039 1037 1038
3 1039 1037 1036
3 1039 1038 1036
3 1040 1041 1042
3 1043 1041 1042
3 1043 1041 1040
3 1043 1042 1040
3 1044 1045 1046
3 1047 1045 1046
3 1047 1045 1044
3 1047 1046 1044
3 1048 1049 1050
3 1051 1049 1050
3 1051 1049 1048
3 1051 1050 1048
3 1052 1053 1054
3 1055 1053 1054
3 1055 1053 1052
3 1055 1054 1052
3 1056 1057 1058
3 1059 1057 1058
3 1059 1057 1056
3 1059 1058 1056
3 1060 1061 1062
3 1063 1061 1062
3 1063 1061 1060
3 1063 1062 1060
3 1064 1065 1066
3 1067 1065 1066
3 1067 1065 1064
3 1067 1066 1064
3 1068 1069 1070
3 1071 1069 1070
3 1071 1069 1068
3 1071 1070 1068
3 1072 1073 1074
3 1075 1073 1074
3 1075 1073 1072
3 1075 1074 1072
3 1076 1077 1078
3 1079 1077 1078
3 1079 1077 1076
3 1079 1078 1076
3 1080 1081 1082
3 1083 1081 1082
3 1083 1081 1080
3 1083 1082 1080
3 1084 1085 1086
3 1087 1085 1086
3 1087 1085 1084
3 1087 1086 1084
3 1088 1089 1090
3 1091 1089 1090
3 1091 1089 1088
3 1091 1090 1088
3 1092 1093 1094
3 1095 1093 1094
3 1095 1093 1092
3 1095 1094 1092
3 1096 1097 1098
3 1099 1097 1098
3 1099 1097 1096
3 1099 1098 1096
3 1100 1101 1102
3 1103 1101 1102
3 1103 1101 1100
3 1103 1102 1100
3 1104 1105 1106
3 1107 1105 1106
3 1107 1105 1104
3 1107 1106 1104
3 1108 1109 1110
3 1111 1109 1110
3 1111 1109 1108
3 1111 1110 1108
3 1112 1113 1114
3 1115 1113 1114
3 1115 1113 1112
3 1115 1114 1112
3 1116 1117 1118
3 1119 1117 1118
3 1119 1117 1116
3 1119 1118 1116
3 1120 1121 1122
3 1123 1121 1122
3 1123 1121 1120
3 1123 1122 1120
3 1124 1125 1126
3 1127 1125 1126
3 1127 1125 1124
3 1127 1126 1124
3 1128 1129 1130
3 1131 1129 1130
3 1131 1129 1128
3 1131 1130 1128
3 1132 1133 1134
3 1135 1133 1134
3 1135 1133 1132
3 1135 1134 1132
3 1136 1137 1138
3 1139 1137 1138
3 1139 1137 1136
3 1139 1138 1136
3 1140 1141 1142
3 1143 1141 1142
3 1143 1141 1140
3 1143 1142 1140
3 1144 1145 1146
3 1147 1145 1146
3 1147 1145 1144
3 1147 1146 1144
3 1148 1149 1150
3 1151 1149 1150
3 1151 1149 1148
3 1151 1150 1148
3 1152 1153 1154
3 1155 1153 1154
3 1155 1153 1152
3 1155 1154 1152
3 1156 1157 1158
3 1159 1157 1158
3 1159 1157 1156
3 1159 1158 1156
3 1160 1161 1162
3 1163 1161 1162
3 1163 1161 1160
3 1163 1162 1160
3 1164 1165 1166
3 1167 1165 1166
3 1167 1165 1164
3 1167 1166 1164
3 1168 1169 1170
3 1171 1169 1170
3 1171 1169 1168
3 1171 1170 1168
3 1172 1173 1174
3 1175 1173 1174
3 1175 1173 1172
3 1175 1174 1172
3 1176 1177 1178
3 1179 1177 1178
3 1179 1177 1176
3 1179 1178 1176
3 1180 1181 1182
3 1183 1181 1182
3 1183 1181 1180
3 1183 1182 1180
3 1184 1185 1186
3 1187 1185 1186
3 1187 1185 1184
3 1187 1186 1184
3 1188 1189 1190
3 1191 1189 1190
3 1191 1189 1188
3 1191 1190 1188
3 1192 1193 1194
3 1195 1193 1194
3 1195 1193 1192
3 1195 1194 1192
3 1196 1197 1198
3 1199 1197 1198
3 1199 1197 1196
3 1199 1198 1196
3 1200 1201 1202
3 1203 1201 1202
3 1203 1201 1200
3 1203 1202 1200
3 1204 1205 1206
3 1207 1205 1206
3 1207 1205 1204
3 1207 1206 1204
3 1208 1209 1210
3 1211 1209 1210
3 1211 1209 1208
3 1211 1210 1208
3 1212 1213 1214
3 1215 1213 1214
3 1215 1213 1212
3 1215 1214 1212
3 1216 1217 1218
3 1219 1217 1218
3 1219 1217 1216
3 1219 1218 1216
3 1220 1221 1222
3 1223 1221 1222
3 1223 1221 1220
3 1223 1222 1220
3 1224 1225 1226
3 1227 1225 1226
3 1227 1225 1224
3 1227 1226 1224
3 1228 1229 1230
3 1231 1229 1230
3 1231 1229 1228
3 1231 1230 1228
3 1232 1233 1234
3 1235 1233 1234
3 1235 1233 1232
3 1235 1234 1232
3 1236 1237 1238
3 1239 1237 1238
3 1239 1237 1236
3 1239 1238 1236
3 1240 1241 1242
3 1243 1241 1242
3 1243 1241 1240
3 1243 1242 1240
3 1244 1245 1246
3 1247 1245 1246
3 1247 1245 1244
3 1247 1246 1244
3 1248 1249 1250
3 1251 1249 1250
3 1251 1249 1248
3 1251 1250 1248
3 1252 1253 1254
3 1255 1253 1254
3 1255 1253 1252
3 1255 1254 1252
3 1256 1257 1258
3 1259 1257 1258
3 1259 1257 1256
3 1259 1258 1256
3 1260 1261 1262
3 1263 1261 1262
3 1263 1261 1260
3 1263 1262 1260
3 1264 1265 1266
3 1267 1265 1266
3 1267 1265 1264
3 1267 1266 1264
3 1268 1269 1270
3 1271 1269 1270
3 1271 1269 1268
3 1271 1270 1268
3 1272 1273 1274
3 1275 1273 1274
3 1275 1273 1272
3 1275 1274 1272
3 1276 1277 1278
3 1279 1277 1278
3 1279 1277 1276
3 1279 1278 1276
3 1280 1281 1282
3 1283 1281 1282
3 1283 1281 1280
3 1283 1282 1280
3 1284 1285 1286
3 1287 1285 1286
3 1287 1285 1284
3 1287 1286 1284
3 1288 1289 1290
3 1291 1289 1290
3 1291 1289 1288
3 1291 1290 1288
3 1292 1293 1294
3 1295 1293 1294
3 1295 1293 1292
3 1295 1294 1292
3 1296 1297 1298
3 1299 1297 1298
3 1299 1297 1296
3 1299 1298 1296
3 1300 1301 1302
3 1303 1301 1302
3 1303 1301 1300
3 1303 1302 1300
3 1304 1305 1306
3 1307 1305 1306
3 1307 1305 1304
3 1307 1306 1304
3 1308 1309 1310
3 1311 1309 1310
3 1311 1309 1308
3 1311 1310 1308
3 1312 1313 1314
3 1315 1313 1314
3 1315 1313 1312
3 1315 1314 1312
3 1316 1317 1318
3 1319 1317 1318
3 1319 1317 1316
3 1319 1318 1316
3 1320 1321 1322
3 1323 1321 1322
3 1323 1321 1320
3 1323 1322 1320
3 1324 1325 1326
3 1327 1325 1326
3 1327 1325 1324
3 1327 1326 1324
3 1328 1329 1330
3 1331 1329 1330
3 1331 1329 1328
3 1331 1330 1328
3 1332 1333 1334
3 1335 1333 1334
3 1335 1333 1332
3 1335 1334 1332
3 1336 1337 1338
3 1339 1337 1338
3 1339 1337 1336
3 1339 1338 1336
3 1340 1341 1342
3 1343 1341 1342
3 1343 1341 1340
3 1343 1342 1340
3 1344 1345 1346
3 1347 1345 1346
3 1347 1345 1344
3 1347 1346 1344
3 1348 1349 1350
3 1351 1349 1350
3 1351 1349 1348
3 1351 1350 1348
3 1352 1353 1354
3 1355 1353 1354
3 1355 1353 1352
3 1355 1354 1352
3 1356 1357 1358
3 1359 1357 1358
3 1359 1357 1356
3 1359 1358 1356
3 1360 1361 1362
3 1363 1361 1362
3 1363 1361 1360
3 1363 1362 1360
3 1364 1365 1366
3 1367 1365 1366
3 1367 1365 1364
3 1367 1366 1364
3 1368 1369 1370
3 1371 1369 1370
3 1371 1369 1368
3 1371 1370 1368
3 1372 1373 1374
3 1375 1373 1374
3 1375 1373 1372
3 1375 1374 1372
3 1376 1377 1378
3 1379 1377 1378
3 1379 1377 1376
3 1379 1378 1376
3 1380 1381 1382
3 1383 1381 1382
3 1383 1381 1380
3 1383 1382 1380
3 1384 1385 1386
3 1387 1385 1386
3 1387 1385 1384
3 1387 1386 1384
3 1388 1389 1390
3 1391 1389 1390
3 1391 1389 1388
3 1391 1390 1388
3 1392 1393 1394
3 1395 1393 1394
3 1395 1393 1392
3 1395 1394 1392
3 1396 1397 1398
3 1399 1397 1398
3 1399 1397 1396
3 1399 1398 1396
3 1400 1401 1402
3 1403 1401 1402
3 1403 1401 1400
3 1403 1402 1400
3 1404 1405 1406
3 1407 1405 1406
3 1407 1405 1404
3 1407 1406 1404
3 1408 1409 1410
3 1411 1409 1410
3 1411 1409 1408
3 1411 1410 1408
3 1412 1413 1414
3 1415 1413 1414
3 1415 1413 1412
3 1415 1414 1412
3 1416 1417 1418
3 1419 1417 1418
3 1419 1417 1416
3 1419 1418 1416
3 1420 1421 1422
3 1423 1421 1422
3 1423 1421 1420
3 1423 1422 1420
3 1424 1425 1426
3 1427 1425 1426
3 1427 1425 1424
3 1427 1426 1424
3 1428 1429 1430
3 1431 1429 1430
3 1431 1429 1428
3 1431 1430 1428
3 1432 1433 1434
3 1435 1433 1434
3 1435 1433 1432
3 1435 1434 1432
3 1436 1437 1438
3 1439 1437 1438
3 1439 1437 1436
3 1439 1438 1436
3 1440 1441 1442
3 1443 1441 1442
3 1443 1441 1440
3 1443 1442 1440
3 1444 1445 1446
3 1447 1445 1446
3 1447 1445 1444
3 1447 1446 1444
3 1448 1449 1450
3 1451 1449 1450
3 1451 1449 1448
3 1451 1450 1448
3 1452 1453 1454
3 1455 1453 1454
3 1455 1453 1452
3 1455 1454 1452
3 1456 1457 1458
3 1459 1457 1458
3 1459 1457 1456
3 1459 1458 1456
3 1460 1461 1462
3 1463 1461 1462
3 1463 1461 1460
3 1463 1462 1460
3 1464 1465 1466
3 1467 1465 1466
3 1467 1465 1464
3 1467 1466 1464
3 1468 1469 1470
3 1471 1469 1470
3 1471 1469 1468
3 1471 1470 1468
3 1472 1473 1474
3 1475 1473 1474
3 1475 1473 1472
3 1475 1474 1472
3 1476 1477 1478
3 1479 1477 1478
3 1479 1477 1476
3 1479 1478 1476
3 1480 1481 1482
3 1483 1481 1482
3 1483 1481 1480
3 1483 1482 1480
3 1484 1485 1486
3 1487 1485 1486
3 1487 1485 1484
3 1487 1486 1484
3 1488 1489 1490
3 1491 1489 1490
3 1491 1489 1488
3 1491 1490 1488
3 1492 1493 1494
3 1495 1493 1494
3 1495 1493 1492
3 1495 1494 1492
3 1496 1497 1498
3 1499 1497 1498
3 1499 1497 1496
3 1499 1498 1496
3 1500 1501 1502
3 1503 1501 1502
3 1503 1501 1500
3 1503 1502 1500
3 1504 1505 1506
3 1507 1505 1506
3 1507 1505 1504
3 1507 1506 1504
3 1508 1509 1510
3 1511 1509 1510
3 1511 1509 1508
3 1511 1510 1508
3 1512 1513 1514
3 1515 1513 1514
3 1515 1513 1512
3 1515 1514 1512
3 1516 1517 1518
3 1519 1517 1518
3 1519 1517 1516
3 1519 1518 1516
3 1520 1521 1522
3 1523 1521 1522
3 1523 1521 1520
3 1523 1522 1520
3 1524 1525 1526
3 1527 1525 1526
3 1527 1525 1524
3 1527 1526 1524
3 1528 1529 1530
3 1531 1529 1530
3 1531 1529 1528
3 1531 1530 1528
3 1532 1533 1534
3 1535 1533 1534
3 1535 1533 1532
3 1535 1534 1532
3 1536 1537 1538
3 1539 1537 1538
3 1539 1537 1536
3 1539 1538 1536
3 1540 1541 1542
3 1543 1541 1542
3 1543 1541 1540
3 1543 1542 1540
3 1544 1545 1546
3 1547 1545 1546
3 1547 1545 1544
3 1547 1546 1544
3 1548 1549 1550
3 1551 1549 1550
3 1551 1549 1548
3 1551 1550 1548
3 1552 1553 1554
3 1555 1553 1554
3 1555 1553 1552
3 1555 1554 1552
3 1556 1557 1558
3 1559 1557 1558
3 1559 1557 1556
3 1559 1558 1556
3 1560 1561 1562
3 1563 1561 1562
3 1563 1561 1560
3 1563 1562 1560
3 1564 1565 1566
3 1567 1565 1566
3 1567 1565 1564
3 1567 1566 1564
3 1568 1569 1570
3 1571 1569 1570
3 1571 1569 1568
3 1571 1570 1568
3 1572 1573 1574
3 1575 1573 1574
3 1575 1573 1572
3 1575 1574 1572
3 1576 1577 1578
3 1579 1577 1578
3 1579 1577 1576
3 1579 1578 1576
3 1580 1581 1582
3 1583 1581 1582
3 1583 1581 1580
3 1583 1582 1580
3 1584 1585 1586
3 1587 1585 1586
3 1587 1585 1584
3 1587 1586 1584
3 1588 1589 1590
3 1591 1589 1590
3 1591 1589 1588
3 1591 1590 1588
3 1592 1593 1594
3 1595 1593 1594
3 1595 1593 1592
3 1595 1594 1592
3 1596 1597 1598
3 1599 1597 1598
3 1599 1597 1596
3 1599 1598 1596
3 1600 1601 1602
3 1603 1601 1602
3 1603 1601 1600
3 1603 1602 1600
3 1604 1605 1606
3 1607 1605 1606
3 1607 1605 1604
3 1607 1606 1604
3 1608 1609 1610
3 1611 1609 1610
3 1611 1609 1608
3 1611 1610 1608
3 1612 1613 1614
3 1615 1613 1614
3 1615 1613 1612
3 1615 1614 1612
3 1616 1617 1618
3 1619 1617 1618
3 1619 1617 1616
3 1619 1618 1616
3 1620 1621 1622
3 1623 1621 1622
3 1623 1621 1620
3 1623 1622 1620
3 1624 1625 1626
3 1627 1625 1626
3 1627 1625 1624
3 1627 1626 1624
3 1628 1629 1630
3 1631 1629 1630
3 1631 1629 1628
3 1631 1630 1628
3 1632 1633 1634
3 1635 1633 1634
3 1635 1633 1632
3 1635 1634 1632
3 1636 1637 1638
3 1639 1637 1638
3 1639 1637 1636
3 1639 1638 1636
3 1640 1641 1642
3 1643 1641 1642
3 1643 1641 1640
3 1643 1642 1640
3 1644 1645 1646
3 1647 1645 1646
3 1647 1645 1644
3 1647 1646 1644
3 1648 1649 1650
3 1651 1649 1650
3 1651 1649 1648
3 1651 1650 1648
3 1652 1653 1654
3 1655 1653 1654
3 1655 1653 1652
3 1655 1654 1652
3 1656 1657 1658
3 1659 1657 1658
3 1659 1657 1656
3 1659 1658 1656
3 1660 1661 1662
3 1663 1661 1662
3 1663 1661 1660
3 1663 1662 1660
3 1664 1665 1666
3 1667 1665 1666
3 1667 1665 1664
3 1667 1666 1664
3 1668 1669 1670
3 1671 1669 1670
3 1671 1669 1668
3 1671 1670 1668
3 1672 1673 1674
3 1675 1673 1674
3 1675 1673 1672
3 1675 1674 1672
3 1676 1677 1678
3 1679 1677 1678
3 1679 1677 1676
3 1679 1678 1676
3 1680 1681 1682
3 1683 1681 1682
3 1683 1681 1680
3 1683 1682 1680
3 1684 1685 1686
3 1687 1685 1686
3 1687 1685 1684
3 1687 1686 1684
3 1688 1689 1690
3 1691 1689 1690
3 1691 1689 1688
3 1691 1690 1688
3 1692 1693 1694
3 1695 1693 1694
3 1695 1693 1692
3 1695 1694 1692
3 1696 1697 1698
3 1699 1697 1698
3 1699 1697 1696
3 1699 1698 1696
3 1700 1701 1702
3 1703 1701 1702
3 1703 1701 1700
3 1703 1702 1700
3 1704 1705 1706
3 1707 1705 1706
3 1707 1705 1704
3 1707 1706 1704
3 1708 1709 1710
3 1711 1709 1710
3 1711 1709 1708
3 1711 1710 1708
3 1712 1713 1714
3 1715 1713 1714
3 1715 1713 1712
3 1715 1714 1712
3 1716 1717 1718
3 1719 1717 1718
3 1719 1717 1716
3 1719 1718 1716
3 1720 1721 1722
3 1723 1721 1722
3 1723 1721 1720
3 1723 1722 1720
3 1724 1725 1726
3 1727 1725 1726
3 1727 1725 1724
3 1727 1726 1724
3 1728 1729 1730
3 1731 1729 1730
3 1731 1729 1728
3 1731 1730 1728
3 1732 1733 1734
3 1735 1733 1734
3 1735 1733 1732
3 1735 1734 1732
3 1736 1737 1738
3 1739 1737 1738
3 1739 1737 1736
3 1739 1738 1736
3 1740 1741 1742
3 1743 1741 1742
3 1743 1741 1740
3 1743 1742 1740
3 1744 1745 1746
3 1747 1745 1746
3 1747 1745 1744
3 1747 1746 1744
3 1748 1749 1750
3 1751 1749 1750
3 1751 1749 1748
3 1751 1750 1748
3 1752 1753 1754
3 1755 1753 1754
3 1755 1753 1752
3 1755 1754 1752
3 1756 1757 1758
3 1759 1757 1758
3 1759 1757 1756
3 1759 1758 1756
3 1760 1761 1762
3 1763 1761 1762
3 1763 1761 1760
3 1763 1762 1760
3 1764 1765 1766
3 1767 1765 1766
3 1767 1765 1764
3 1767 1766 1764
3 1768 1769 1770
3 1771 1769 1770
3 1771 1769 1768
3 1771 1770 1768
3 1772 1773 1774
3 1775 1773 1774
3 1775 1773 1772
3 1775 1774 1772
3 1776 1777 1778
3 1779 1777 1778
3 1779 1777 1776
3 1779 1778 1776
3 1780 1781 1782
3 1783 1781 1782
3 1783 1781 1780
3 1783 1782 1780
3 1784 1785 1786
3 1787 1785 1786
3 1787 1785 1784
3 1787 1786 1784
3 1788 1789 1790
3 1791 1789 1790
3 1791 1789 1788
3 1791 1790 1788
3 1792 1793 1794
3 1795 1793 1794
3 1795 1793 1792
3 1795 1794 1792
3 1796 1797 1798
3 1799 1797 1798
3 1799 1797 1796
3 1799 1798 1796
3 1800 1801 1802
3 1803 1801 1802
3 1803 1801 1800
3 1803 1802 1800
3 1804 1805 1806
3 1807 1805 1806
3 1807 1805 1804
3 1807 1806 1804
3 1808 1809 1810
3 1811 1809 1810
3 1811 1809 1808
3 1811 1810 1808
3 1812 1813 1814
3 1815 1813 1814
3 1815 1813 1812
3 1815 1814 1812
3 1816 1817 1818
3 1819 1817 1818
3 1819 1817 1816
3 1819 1818 1816
3 1820 1821 1822
3 1823 1821 1822
3 1823 1821 1820
3 1823 1822 1820
3 1824 1825 1826
3 1827 1825 1826
3 1827 1825 1824
3 1827 1826 1824
3 1828 1829 1830
3 1831 1829 1830
3 1831 1829 1828
3 1831 1830 1828
3 1832 1833 1834
3 1835 1833 1834
3 1835 1833 1832
3 1835 1834 1832
3 1836 1837 1838
3 1839 1837 1838
3 1839 1837 1836
3 1839 1838 1836
3 1840 1841 1842
3 1843 1841 1842
3 1843 1841 1840
3 1843 1842 1840
3 1844 1845 1846
3 1847 1845 1846
3 1847 1845 1844
3 1847 1846 1844
3 1848 1849 1850
3 1851 1849 1850
3 1851 1849 1848
3 1851 1850 1848
3 1852 1853 1854
3 1855 1853 1854
3 1855 1853 1852
3 1855 1854 1852
3 1856 1857 1858
3 1859 1857 1858
3 1859 1857 1856
3 1859 1858 1856
3 1860 1861 1862
3 1863 1861 1862
3 1863 1861 1860
3 1863 1862 1860
3 1864 1865 1866
3 1867 1865 1866
3 1867 1865 1864
3 1867 1866 1864
3 1868 1869 1870
3 1871 1869 1870
3 1871 1869 1868
3 1871 1870 1868
3 1872 1873 1874
3 1875 1873 1874
3 1875 1873 1872
3 1875 1874 1872
3 1876 1877 1878
3 1879 1877 1878
3 1879 1877 1876
3 1879 1878 1876
3 1880 1881 1882
3 1883 1881 1882
3 1883 1881 1880
3 1883 1882 1880
3 1884 1885 1886
3 1887 1885 1886
3 1887 1885 1884
3 1887 1886 1884
3 1888 1889 1890
3 1891 1889 1890
3 1891 1889 1888
3 1891 1890 1888
3 1892 1893 1894
3 1895 1893 1894
3 1895 1893 1892
3 1895 1894 1892
3 1896 1897 1898
3 1899 1897 1898
3 1899 1897 1896
3 1899 1898 1896
3 1900 1901 1902
3 1903 1901 1902
3 1903 1901 1900
3 1903 1902 1900
3 1904 1905 1906
3 1907 1905 1906
3 1907 1905 1904
3 1907 1906 1904
3 1908 1909 1910
3 1911 1909 1910
3 1911 1909 1908
3 1911 1910 1908
3 1912 1913 1914
3 1915 1913 1914
3 1915 1913 1912
3 1915 1914 1912
3 1916 1917 1918
3 1919 1917 1918
3 1919 1917 1916
3 1919 1918 1916
3 1920 1921 1922
3 1923 1921 1922
3 1923 1921 1920
3 1923 1922 1920
3 1924 1925 1926
3 1927 1925 1926
3 1927 1925 1924
3 1927 1926 1924
3 1928 1929 1930
3 1931 1929 1930
3 1931 1929 1928
3 1931 1930 1928
3 1932 1933 1934
3 1935 1933 1934
3 1935 1933 1932
3 1935 1934 1932
3 1936 1937 1938
3 1939 1937 1938
3 1939 1937 1936
3 1939 1938 1936
3 1940 1941 1942
3 1943 1941 1942
3 1943 1941 1940
3 1943 1942 1940
3 1944 1945 1946
3 1947 1945 1946
3 1947 1945 1944
3 1947 1946 1944
3 1948 1949 1950
3 1951 1949 1950
3 1951 1949 1948
3 1951 1950 1948
3 1952 1953 1954
3 1955 1953 1954
3 1955 1953 1952
3 1955 1954 1952
3 1956 1957 1958
3 1959 1957 1958
3 1959 1957 1956
3 1959 1958 1956
3 1960 1961 1962
3 1963 1961 1962
3 1963 1961 1960
3 1963 1962 1960
3 1964 1965 1966
3 1967 1965 1966
3 1967 1965 1964
3 1967 1966 1964
3 1968 1969 1970
3 1971 1969 1970
3 1971 1969 1968
3 1971 1970 1968
3 1972 1973 1974
3 1975 1973 1974
3 1975 1973 1972
3 1975 1974 1972
3 1976 1977 1978
3 1979 1977 1978
3 1979 1977 1976
3 1979 1978 1976
3 1980 1981 1982
3 1983 1981 1982
3 1983 1981 1980
3 1983 1982 1980
3 1984 1985 1986
3 1987 1985 1986
3 1987 1985 1984
3 1987 1986 1984
3 1988 1989 1990
3 1991 1989 1990
3 1991 1989 1988
3 1991 1990 1988
3 1992 1993 1994
3 1995 1993 1994
3 1995 1993 1992
3 1995 1994 1992
3 1996 1997 1998
3 1999 1997 1998
3 1999 1997 1996
3 1999 1998 1996
3 2000 2001 2002
3 2003 2001 2002
3 2003 2001 2000
3 2003 2002 2000
3 2004 2005 2006
3 2007 2005 2006
3 2007 2005 2004
3 2007 2006 2004
3 2008 2009 2010
3 2011 2009 2010
3 2011 2009 2008
3 2011 2010 2008
3 2012 2013 2014
3 2015 2013 2014
3 2015 2013 2012
3 2015 2014 2012
3 2016 2017 2018
3 2019 2017 2018
3 2019 2017 2016
3 2019 2018 2016
3 2020 2021 2022
3 2023 2021 2022
3 2023 2021 2020
3 2023 2022 2020
3 2024 2025 2026
3 2027 2025 2026
3 2027 2025 2024
3 2027 2026 2024
3 2028 2029 2030
3 2031 2029 2030
3 2031 2029 2028
3 2031 2030 2028
3 2032 2033 2034
3 2035 2033 2034
3 2035 2033 2032
3 2035 2034 2032
3 2036 2037 2038
3 2039 2037 2038
3 2039 2037 2036
3 2039 2038 2036
3 2040 2041 2042
3 2043 2041 2042
3 2043 2041 2040
3 2043 2042 2040
3 2044 2045 2046
3 2047 2045 2046
3 2047 2045 2044
3 2047 2046 2044
3 2048 2049 2050
3 2051 2049 2050
3 2051 2049 2048
3 2051 2050 2048
3 2052 2053 2054
3 2055 2053 2054
3 2055 2053 2052
3 2055 2054 2052
3 2056 2057 2058
3 2059 2057 2058
3 2059 2057 2056
3 2059 2058 2056
3 2060 2061 2062
3 2063 2061 2062
3 2063 2061 2060
3 2063 2062 2060
3 2064 2065 2066
3 2067 2065 2066
3 2067 2065 2064
3 2067 2066 2064
3 2068 2069 2070
3 2071 2069 2070
3 2071 2069 2068
3 2071 2070 2068
3 2072 2073 2074
3 2075 2073 2074
3 2075 2073 2072
3 2075 2074 2072
3 2076 2077 2078
3 2079 2077 2078
3 2079 2077 2076
3 2079 2078 2076
3 2080 2081 2082
3 2083 2081 2082
3 2083 2081 2080
3 2083 2082 2080
3 2084 2085 2086
3 2087 2085 2086
3 2087 2085 2084
3 2087 2086 2084
3 2088 2089 2090
3 2091 2089 2090
3 2091 2089 2088
3 2091 2090 2088
3 2092 2093 2094
3 2095 2093 2094
3 2095 2093 2092
3 2095 2094 2092
3 2096 2097 2098
3 2099 2097 2098
3 2099 2097 2096
3 2099 2098 2096
3 2100 2101 2102
3 2103 2101 2102
3 2103 2101 2100
3 2103 2102 2100
3 2104 2105 2106
3 2107 2105 2106
3 2107 2105 2104
3 2107 2106 2104
3 2108 2109 2110
3 2111 2109 2110
3 2111 2109 2108
3 2111 2110 2108
3 2112 2113 2114
3 2115 2113 2114
3 2115 2113 2112
3 2115 2114 2112
3 2116 2117 2118
3 2119 2117 2118
3 2119 2117 2116
3 2119 2118 2116
3 2120 2121 2122
3 2123 2121 2122
3 2123 2121 2120
3 2123 2122 2120
3 2124 2125 2126
3 2127 2125 2126
3 2127 2125 2124
3 2127 2126 2124
3 2128 2129 2130
3 2131 2129 2130
3 2131 2129 2128
3 2131 2130 2128
3 2132 2133 2134
3 2135 2133 2134
3 2135 2133 2132
3 2135 2134 2132
3 2136 2137 2138
3 2139 2137 2138
3 2139 2137 2136
3 2139 2138 2136
3 2140 2141 2142
3 2143 2141 2142
3 2143 2141 2140
3 2143 2142 2140
3 2144 2145 2146
3 2147 2145 2146
3 2147 2145 2144
3 2147 2146 2144
3 2148 2149 2150
3 2151 2149 2150
3 2151 2149 2148
3 2151 2150 2148
3 2152 2153 2154
3 2155 2153 2154
3 2155 2153 2152
3 2155 2154 2152
3 2156 2157 2158
3 2159 2157 2158
3 2159 2157 2156
3 2159 2158 2156
3 2160 2161 2162
3 2163 2161 2162
3 2163 2161 2160
3 2163 2162 2160
3 2164 2165 2166
3 2167 2165 2166
3 2167 2165 2164
3 2167 2166 2164
3 2168 2169 2170
3 2171 2169 2170
3 2171 2169 2168
3 2171 2170 2168
3 2172 2173 2174
3 2175 2173 2174
3 2175 2173 2172
3 2175 2174 2172
3 2176 2177 2178
3 2179 2177 2178
3 2179 2177 2176
3 2179 2178 2176
3 2180 2181 2182
3 2183 2181 2182
3 2183 2181 2180
3 2183 2182 2180
3 2184 2185 2186
3 2187 2185 2186
3 2187 2185 2184
3 2187 2186 2184
3 2188 2189 2190
3 2191 2189 2190
3 2191 2189 2188
3 2191 2190 2188
3 2192 2193 2194
3 2195 2193 2194
3 2195 2193 2192
3 2195 2194 2192
3 2196 2197 2198
3 2199 2197 2198
3 2199 2197 2196
3 2199 2198 2196
3 2200 2201 2202
3 2203 2201 2202
3 2203 2201 2200
3 2203 2202 2200
3 2204 2205 2206
3 2207 2205 2206
3 2207 2205 2204
3 2207 2206 2204
3 2208 2209 2210
3 2211 2209 2210
3 2211 2209 2208
3 2211 2210 2208
3 2212 2213 2214
3 2215 2213 2214
3 2215 2213 2212
3 2215 2214 2212
3 2216 2217 2218
3 2219 2217 2218
3 2219 2217 2216
3 2219 2218 2216
3 2220 2221 2222
3 2223 2221 2222
3 2223 2221 2220
3 2223 2222 2220
3 2224 2225 2226
3 2227 2225 2226
3 2227 2225 2224
3 2227 2226 2224
3 2228 2229 2230
3 2231 2229 2230
3 2231 2229 2228
3 2231 2230 2228
3 2232 2233 2234
3 2235 2233 2234
3 2235 2233 2232
3 2235 2234 2232
3 2236 2237 2238
3 2239 2237 2238
3 2239 2237 2236
3 2239 2238 2236
3 2240 2241 2242
3 2243 2241 2242
3 2243 2241 2240
3 2243 2242 2240
3 2244 2245 2246
3 2247 2245 2246
3 2247 2245 2244
3 2247 2246 2244
3 2248 2249 2250
3 2251 2249 2250
3 2251 2249 2248
3 2251 2250 2248
3 2252 2253 2254
3 2255 2253 2254
3 2255 2253 2252
3 2255 2254 2252
3 2256 2257 2258
3 2259 2257 2258
3 2259 2257 2256
3 2259 2258 2256
3 2260 2261 2262
3 2263 2261 2262
3 2263 2261 2260
3 2263 2262 2260
3 2264 2265 2266
3 2267 2265 2266
3 2267 2265 2264
3 2267 2266 2264
3 2268 2269 2270
3 2271 2269 2270
3 2271 2269 2268
3 2271 2270 2268
3 2272 2273 2274
3 2275 2273 2274
3 2275 2273 2272
3 2275 2274 2272
3 2276 2277 2278
3 2279 2277 2278
3 2279 2277 2276
3 2279 2278 2276
3 2280 2281 2282
3 2283 2281 2282
3 2283 2281 2280
3 2283 2282 2280
3 2284 2285 2286
3 2287 2285 2286
3 2287 2285 2284
3 2287 2286 2284
3 2288 2289 2290
3 2291 2289 2290
3 2291 2289 2288
3 2291 2290 2288
3 2292 2293 2294
3 2295 2293 2294
3 2295 2293 2292
3 2295 2294 2292
3 2296 2297 2298
3 2299 2297 2298
3 2299 2297 2296
3 2299 2298 2296
3 2300 2301 2302
3 2303 2301 2302
3 2303 2301 2300
3 2303 2302 2300
3 2304 2305 2306
3 2307 2305 2306
3 2307 2305 2304
3 2307 2306 2304
3 2308 2309 2310
3 2311 2309 2310
3 2311 2309 2308
3 2311 2310 2308
3 2312 2313 2314
3 2315 2313 2314
3 2315 2313 2312
3 2315 2314 2312
3 2316 2317 2318
3 2319 2317 2318
3 2319 2317 2316
3 2319 2318 2316
3 2320 2321 2322
3 2323 2321 2322
3 2323 2321 2320
3 2323 2322 2320
3 2324 2325 2326
3 2327 2325 2326
3 2327 2325 2324
3 2327 2326 2324
3 2328 2329 2330
3 2331 2329 2330
3 2331 2329 2328
3 2331 2330 2328
3 2332 2333 2334
3 2335 2333 2334
3 2335 2333 2332
3 2335 2334 2332
3 2336 2337 2338
3 2339 2337 2338
3 2339 2337 2336
3 2339 2338 2336
3 2340 2341 2342
3 2343 2341 2342
3 2343 2341 2340
3 2343 2342 2340
3 2344 2345 2346
3 2347 2345 2346
3 2347 2345 2344
3 2347 2346 2344
3 2348 2349 2350
3 2351 2349 2350
3 2351 2349 2348
3 2351 2350 2348
3 2352 2353 2354
3 2355 2353 2354
3 2355 2353 2352
3 2355 2354 2352
3 2356 2357 2358
3 2359 2357 2358
3 2359 2357 2356
3 2359 2358 2356
3 2360 2361 2362
3 2363 2361 2362
3 2363 2361 2360
3 2363 2362 2360
3 2364 2365 2366
3 2367 2365 2366
3 2367 2365 2364
3 2367 2366 2364
3 2368 2369 2370
3 2371 2369 2370
3 2371 2369 2368
3 2371 2370 2368
3 2372 2373 2374
3 2375 2373 2374
3 2375 2373 2372
3 2375 2374 2372
3 2376 2377 2378
3 2379 2377 2378
3 2379 2377 2376
3 2379 2378 2376
3 2380 2381 2382
3 2383 2381 2382
3 2383 2381 2380
3 2383 2382 2380
3 2384 2385 2386
3 2387 2385 2386
3 2387 2385 2384
3 2387 2386 2384
3 2388 2389 2390
3 2391 2389 2390
3 2391 2389 2388
3 2391 2390 2388
3 2392 2393 2394
3 2395 2393 2394
3 2395 2393 2392
3 2395 2394 2392
3 2396 2397 2398
3 2399 2397 2398
3 2399 2397 2396
3 2399 2398 2396
4 2 1 5 6
4 0 1 5 4
4 0 2 6 4
3 0 1 2
3 4 5 6
4 9 1 2 10
4 3 1 9 8
4 3 2 10 8
3 3 1 2
3 8 9 10
4 13 5 6 14
4 7 5 13 12
4 7 6 14 12
3 7 5 6
3 12 13 14
4 17 1 0 18
4 3 1 17 16
4 18 0 3 16
3 3 1 0
3 16 17 18
4 21 2400 2401 22
4 2402 2400 21 20
4 2402 2401 22 20
3 2402 2400 2401
3 20 21 22
4 25 5 4 26
4 7 5 25 24
4 26 4 7 24
3 7 5 4
3 24 25 26
4 29 2 0 30
4 29 2 3 28
4 30 0 3 28
3 3 2 0
3 28 29 30
4 2403 2404 21 22
4 2405 2404 21 2406
4 2405 2403 22 2406
3 2405 2404 2403
3 2406 21 22
4 33 2407 2408 34
4 2409 2407 33 32
4 2409 2408 34 32
3 2409 2407 2408
3 32 33 34
4 37 9 8 38
4 11 9 37 36
4 38 8 11 36
3 11 9 8
3 36 37 38
4 41 6 4 42
4 41 6 7 40
4 42 4 7 40
3 7 6 4
3 40 41 42
4 2410 2411 33 34
4 2412 2411 33 2413
4 2412 2410 34 2413
3 2412 2411 2410
3 2413 33 34
4 45 2414 2415 46
4 2416 2414 45 44
4 46 2415 2416 44
3 2416 2414 2415
3 44 45 46
4 49 2417 2418 50
4 2419 2417 49 48
4 2419 2418 50 48
3 2419 2417 2418
3 48 49 50
4 53 13 12 54
4 15 13 53 52
4 54 12 15 52
3 15 13 12
3 52 53 54
4 57 10 8 58
4 57 10 11 56
4 58 8 11 56
3 11 10 8
3 56 57 58
4 2420 2421 45 46
4 2422 2421 45 2423
4 2422 2420 46 2423
3 2422 2421 2420
3 2423 45 46
4 2424 2425 49 50
4 2426 2425 49 2427
4 2426 2424 50 2427
3 2426 2425 2424
3 2427 49 50
4 61 2428 2429 62
4 2430 2428 61 60
4 62 2429 2430 60
3 2430 2428 2429
3 60 61 62
4 65 2431 2432 66
4 2433 2431 65 64
4 66 2432 2433 64
3 2433 2431 2432
3 64 65 66
4 69 21 20 70
4 23 21 69 68
4 70 20 23 68
3 23 21 20
3 68 69 70
4 73 14 12 74
4 73 14 15 72
4 74 12 15 72
3 15 14 12
3 72 73 74
4 77 18 16 78
4 77 18 19 76
4 78 16 19 76
3 19 18 16
3 76 77 78
4 2434 2435 61 62
4 2436 2435 61 2437
4 2436 2434 62 2437
3 2436 2435 2434
3 2437 61 62
4 2438 2439 65 66
4 2440 2439 65 2441
4 2440 2438 66 2441
3 2440 2439 2438
3 2441 65 66
4 81 2442 2443 82
4 2444 2442 81 80
4 82 2443 2444 80
3 2444 2442 2443
3 80 81 82
4 85 2445 2446 86
4 2447 2445 85 84
4 86 2446 2447 84
3 2447 2445 2446
3 84 85 86
4 89 2448 2449 90
4 89 2448 2450 88
4 90 2449 2450 88
3 2450 2448 2449
3 88 89 90
4 93 2451 2452 94
4 2453 2451 93 92
4 94 2452 2453 92
3 2453 2451 2452
3 92 93 94
4 97 22 20 98
4 97 22 23 96
4 98 20 23 96
3 23 22 20
3 96 97 98
4 101 26 24 102
4 101 26 27 100
4 102 24 27 100
3 27 26 24
3 100 101 102
4 2454 2455 81 82
4 2456 2455 81 2457
4 2456 2454 82 2457
3 2456 2455 2454
3 2457 81 82
4 2458 2459 85 86
4 2460 2459 85 2461
4 2460 2458 86 2461
3 2460 2459 2458
3 2461 85 86
4 2462 2463 89 90
4 2464 2463 89 2465
4 2464 2462 90 2465
3 2464 2463 2462
3 2465 89 90
4 105 2466 2467 106
4 2468 2466 105 104
4 106 2467 2468 104
3 2468 2466 2467
3 104 105 106
4 109 2469 2470 110
4 2471 2469 109 108
4 110 2470 2471 108
3 2471 2469 2470
3 108 109 110
4 113 2472 2473 114
4 2474 2472 113 112
4 114 2473 2474 112
3 2474 2472 2473
3 112 113 114
4 117 2475 2476 118
4 117 2475 2477 116
4 118 2476 2477 116
3 2477 2475 2476
3 116 117 118
4 121 2478 2479 122
4 2480 2478 121 120
4 122 2479 2480 120
3 2480 2478 2479
3 120 121 122
4 125 34 32 126
4 125 34 35 124
4 126 32 35 124
3 35 34 32
3 124 125 126
4 129 38 36 130
4 129 38 39 128
4 130 36 39 128
3 39 38 36
3 128 129 130
4 2481 2482 105 106
4 2483 2482 105 2484
4 2483 2481 106 2484
3 2483 2482 2481
3 2484 105 106
4 94 93 109 110
4 2485 93 109 2486
4 2485 94 110 2486
3 2485 93 94
3 2486 109 110
4 2487 2488 113 114
4 2489 2488 113 2490
4 2489 2487 114 2490
3 2489 2488 2487
3 2490 113 114
4 2491 2492 117 118
4 2493 2492 117 2494
4 2493 2491 118 2494
3 2493 2492 2491
3 2494 117 118
4 133 2495 2496 134
4 2497 2495 133 132
4 134 2496 2497 132
3 2497 2495 2496
3 132 133 134
4 137 2498 2499 138
4 2500 2498 137 136
4 138 2499 2500 136
3 2500 2498 2499
3 136 137 138
4 141 2501 2502 142
4 2503 2501 141 140
4 142 2502 2503 140
3 2503 2501 2502
3 140 141 142
4 145 2504 2505 146
4 2506 2504 145 144
4 146 2505 2506 144
3 2506 2504 2505
3 144 145 146
4 149 2507 2508 150
4 149 2507 2509 148
4 150 2508 2509 148
3 2509 2507 2508
3 148 149 150
4 153 2510 2511 154
4 153 2510 2512 152
4 154 2511 2512 152
3 2512 2510 2511
3 152 153 154
4 157 46 44 158
4 157 46 47 156
4 158 44 47 156
3 47 46 44
3 156 157 158
4 161 54 52 162
4 161 54 55 160
4 162 52 55 160
3 55 54 52
3 160 161 162
4 2513 93 133 134
4 2514 93 133 2515
4 2514 2513 134 2515
3 2514 93 2513
3 2515 133 134
4 2516 2517 137 138
4 2518 2517 137 2519
4 2518 2516 138 2519
3 2518 2517 2516
3 2519 137 138
4 122 121 141 142
4 2520 121 141 2521
4 2520 122 142 2521
3 2520 121 122
3 2521 141 142
4 2522 2523 145 146
4 2524 2523 145 2525
4 2524 2522 146 2525
3 2524 2523 2522
3 2525 145 146
4 2526 2527 149 150
4 2528 2527 149 2529
4 2528 2526 150 2529
3 2528 2527 2526
3 2529 149 150
4 165 2530 2531 166
4 2532 2530 165 164
4 166 2531 2532 164
3 2532 2530 2531
3 164 165 166
4 169 2533 2534 170
4 2535 2533 169 168
4 170 2534 2535 168
3 2535 2533 2534
3 168 169 170
4 173 2536 2537 174
4 2538 2536 173 172
4 174 2537 2538 172
3 2538 2536 2537
3 172 173 174
4 177 2539 2540 178
4 2541 2539 177 176
4 178 2540 2541 176
3 2541 2539 2540
3 176 177 178
4 181 2542 2543 182
4 181 2542 2544 180
4 182 2543 2544 180
3 2544 2542 2543
3 180 181 182
4 185 2545 2546 186
4 185 2545 2547 184
4 186 2546 2547 184
3 2547 2545 2546
3 184 185 186
4 189 2548 2549 190
4 189 2548 2550 188
4 190 2549 2550 188
3 2550 2548 2549
3 188 189 190
4 193 62 60 194
4 193 62 63 192
4 194 60 63 192
3 63 62 60
3 192 193 194
4 197 70 68 198
4 197 70 71 196
4 198 68 71 196
3 71 70 68
3 196 197 198
4 2551 109 165 166
4 2552 109 165 2553
4 2552 2551 166 2553
3 2552 109 2551
3 2553 165 166
4 2554 121 169 170
4 2555 121 169 2556
4 2555 2554 170 2556
3 2555 121 2554
3 2556 169 170
4 2557 2558 173 174
4 2559 2558 173 2560
4 2559 2557 174 2560
3 2559 2558 2557
3 2560 173 174
4 154 153 177 178
4 2561 153 177 2562
4 2561 154 178 2562
3 2561 153 154
3 2562 177 178
4 2563 2564 181 182
4 2565 2564 181 2566
4 2565 2563 182 2566
3 2565 2564 2563
3 2566 181 182
4 2567 2568 185 186
4 2569 2568 185 2570
4 2569 2567 186 2570
3 2569 2568 2567
3 2570 185 186
4 201 2571 2572 202
4 2573 2571 201 200
4 202 2572 2573 200
3 2573 2571 2572
3 200 201 202
4 205 2574 2575 206
4 2576 2574 205 204
4 206 2575 2576 204
3 2576 2574 2575
3 204 205 206
4 209 2577 2578 210
4 2579 2577 209 208
4 210 2578 2579 208
3 2579 2577 2578
3 208 209 210
4 213 2580 2581 214
4 2582 2580 213 212
4 214 2581 2582 212
3 2582 2580 2581
3 212 213 214
4 217 2583 2584 218
4 217 2583 2585 216
4 218 2584 2585 216
3 2585 2583 2584
3 216 217 218
4 221 2586 2587 222
4 221 2586 2588 220
4 222 2587 2588 220
3 2588 2586 2587
3 220 221 222
4 225 2589 2590 226
4 225 2589 2591 224
4 226 2590 2591 224
3 2591 2589 2590
3 224 225 226
4 229 2592 2593 230
4 229 2592 2594 228
4 230 2593 2594 228
3 2594 2592 2593
3 228 229 230
4 233 82 80 234
4 233 82 83 232
4 234 80 83 232
3 83 82 80
3 232 233 234
4 237 94 92 238
4 237 94 95 236
4 238 92 95 236
3 95 94 92
3 236 237 238
4 2595 133 201 202
4 2596 133 201 2597
4 2596 2595 202 2597
3 2596 133 2595
3 2597 201 202
4 2598 141 205 206
4 2599 141 205 2600
4 2599 2598 206 2600
3 2599 141 2598
3 2600 205 206
4 2601 153 209 210
4 2602 153 209 2603
4 2602 2601 210 2603
3 2602 153 2601
3 2603 209 210
4 2604 2605 213 214
4 2606 2605 213 2607
4 2606 2604 214 2607
3 2606 2605 2604
3 2607 213 214
4 190 189 217 218
4 2608 189 217 2609
4 2608 190 218 2609
3 2608 189 190
3 2609 217 218
4 2610 2611 221 222
4 2612 2611 221 2613
4 2612 2610 222 2613
3 2612 2611 2610
3 2613 221 222
4 2614 2615 225 226
4 2616 2615 225 2617
4 2616 2614 226 2617
3 2616 2615 2614
3 2617 225 226
4 241 2618 2619 242
4 2620 2618 241 240
4 242 2619 2620 240
3 2620 2618 2619
3 240 241 242
4 245 2621 2622 246
4 2623 2621 245 244
4 246 2622 2623 244
3 2623 2621 2622
3 244 245 246
4 249 2624 2625 250
4 2626 2624 249 248
4 250 2625 2626 248
3 2626 2624 2625
3 248 249 250
4 253 2627 2628 254
4 2629 2627 253 252
4 254 2628 2629 252
3 2629 2627 2628
3 252 253 254
4 257 2630 2631 258
4 257 2630 2632 256
4 258 2631 2632 256
3 2632 2630 2631
3 256 257 258
4 261 2633 2634 262
4 261 2633 2635 260
4 262 2634 2635 260
3 2635 2633 2634
3 260 261 262
4 265 2636 2637 266
4 265 2636 2638 264
4 266 2637 2638 264
3 2638 2636 2637
3 264 265 266
4 269 2639 2640 270
4 269 2639 2641 268
4 270 2640 2641 268
3 2641 2639 2640
3 268 269 270
4 273 106 104 274
4 273 106 107 272
4 274 104 107 272
3 107 106 104
3 272 273 274
4 277 110 108 278
4 277 110 111 276
4 278 108 111 276
3 111 110 108
3 276 277 278
4 281 122 120 282
4 281 122 123 280
4 282 120 123 280
3 123 122 120
3 280 281 282
4 2642 165 201 2643
4 2644 165 201 2645
4 2644 2642 2643 2645
3 2644 165 2642
3 2645 201 2643
4 2646 169 241 242
4 2647 169 241 2648
4 2647 2646 242 2648
3 2647 169 2646
3 2648 241 242
4 2649 177 245 246
4 2650 177 245 2651
4 2650 2649 246 2651
3 2650 177 2649
3 2651 245 246
4 2652 189 249 250
4 2653 189 249 2654
4 2653 2652 250 2654
3 2653 189 2652
3 2654 249 250
4 2655 2656 253 254
4 2657 2656 253 2658
4 2657 2655 254 2658
3 2657 2656 2655
3 2658 253 254
4 230 229 257 258
4 2659 229 257 2660
4 2659 230 258 2660
3 2659 229 230
3 2660 257 258
4 2661 2662 261 262
4 2663 2662 261 2664
4 2663 2661 262 2664
3 2663 2662 2661
3 2664 261 262
4 2665 2666 265 266
4 2667 2666 265 2668
4 2667 2665 266 2668
3 2667 2666 2665
3 2668 265 266
4 285 2669 2670 286
4 2671 2669 285 284
4 286 2670 2671 284
3 2671 2669 2670
3 284 285 286
4 289 2672 2673 290
4 2674 2672 289 288
4 290 2673 2674 288
3 2674 2672 2673
3 288 289 290
4 293 2675 2676 294
4 2677 2675 293 292
4 294 2676 2677 292
3 2677 2675 2676
3 292 293 294
4 297 2678 2679 298
4 2680 2678 297 296
4 298 2679 2680 296
3 2680 2678 2679
3 296 297 298
4 301 2681 2682 302
4 301 2681 2683 300
4 302 2682 2683 300
3 2683 2681 2682
3 300 301 302
4 305 2684 2685 306
4 305 2684 2686 304
4 306 2685 2686 304
3 2686 2684 2685
3 304 305 306
4 309 2687 2688 310
4 309 2687 2689 308
4 310 2688 2689 308
3 2689 2687 2688
3 308 309 310
4 313 2690 2691 314
4 313 2690 2692 312
4 314 2691 2692 312
3 2692 2690 2691
3 312 313 314
4 317 2693 2694 318
4 317 2693 2695 316
4 318 2694 2695 316
3 2695 2693 2694
3 316 317 318
4 321 2696 2697 322
4 321 2696 2698 320
4 322 2697 2698 320
3 2698 2696 2697
3 320 321 322
4 325 134 132 326
4 325 134 135 324
4 326 132 135 324
3 135 134 132
3 324 325 326
4 329 142 140 330
4 329 142 143 328
4 330 140 143 328
3 143 142 140
3 328 329 330
4 2699 205 241 2700
4 2701 205 241 2702
4 2701 2699 2700 2702
3 2701 205 2699
3 2702 241 2700
4 2703 209 285 286
4 2704 209 285 2705
4 2704 2703 286 2705
3 2704 209 2703
3 2705 285 286
4 2706 217 289 290
4 2707 217 289 2708
4 2707 2706 290 2708
3 2707 217 2706
3 2708 289 290
4 2709 229 293 294
4 2710 229 293 2711
4 2710 2709 294 2711
3 2710 229 2709
3 2711 293 294
4 2712 2713 297 298
4 2714 2713 297 2715
4 2714 2712 298 2715
3 2714 2713 2712
3 2715 297 298
4 270 269 301 302
4 2716 269 301 2717
4 2716 270 302 2717
3 2716 269 270
3 2717 301 302
4 2718 2719 305 306
4 2720 2719 305 2721
4 2720 2718 306 2721
3 2720 2719 2718
3 2721 305 306
4 2722 2723 309 310
4 2724 2723 309 2725
4 2724 2722 310 2725
3 2724 2723 2722
3 2725 309 310
4 2726 2727 313 314
4 2728 2727 313 2729
4 2728 2726 314 2729
3 2728 2727 2726
3 2729 313 314
4 333 2730 2731 334
4 2732 2730 333 332
4 334 2731 2732 332
3 2732 2730 2731
3 332 333 334
4 337 2733 2734 338
4 2735 2733 337 336
4 338 2734 2735 336
3 2735 2733 2734
3 336 337 338
4 341 2736 2737 342
4 2738 2736 341 340
4 342 2737 2738 340
3 2738 2736 2737
3 340 341 342
4 345 2739 2740 346
4 345 2739 2741 344
4 346 2740 2741 344
3 2741 2739 2740
3 344 345 346
4 349 2742 2743 350
4 2744 2742 349 348
4 350 2743 2744 348
3 2744 2742 2743
3 348 349 350
4 353 2745 2746 354
4 353 2745 2747 352
4 354 2746 2747 352
3 2747 2745 2746
3 352 353 354
4 357 2748 2749 358
4 357 2748 2750 356
4 358 2749 2750 356
3 2750 2748 2749
3 356 357 358
4 361 2751 2752 362
4 361 2751 2753 360
4 362 2752 2753 360
3 2753 2751 2752
3 360 361 362
4 365 2754 2755 366
4 365 2754 2756 364
4 366 2755 2756 364
3 2756 2754 2755
3 364 365 366
4 369 2757 2758 370
4 369 2757 2759 368
4 370 2758 2759 368
3 2759 2757 2758
3 368 369 370
4 373 2760 2761 374
4 373 2760 2762 372
4 374 2761 2762 372
3 2762 2760 2761
3 372 373 374
4 377 166 164 378
4 377 166 167 376
4 378 164 167 376
3 167 166 164
3 376 377 378
4 381 170 168 382
4 381 170 171 380
4 382 168 171 380
3 171 170 168
3 380 381 382
4 2763 245 285 2764
4 2765 245 285 2766
4 2765 2763 2764 2766
3 2765 245 2763
3 2766 285 2764
4 2767 249 333 334
4 2768 249 333 2769
4 2768 2767 334 2769
3 2768 249 2767
3 2769 333 334
4 2770 257 337 338
4 2771 257 337 2772
4 2771 2770 338 2772
3 2771 257 2770
3 2772 337 338
4 2773 269 341 342
4 2774 269 341 2775
4 2774 2773 342 2775
3 2774 269 2773
3 2775 341 342
4 2776 2777 345 346
4 2778 2777 345 2779
4 2778 2776 346 2779
3 2778 2777 2776
3 2779 345 346
4 2780 2781 349 350
4 2782 2781 349 2783
4 2782 2780 350 2783
3 2782 2781 2780
3 2783 349 350
4 318 317 353 354
4 2784 317 353 2785
4 2784 318 354 2785
3 2784 317 318
3 2785 353 354
4 322 321 357 358
4 2786 321 357 2787
4 2786 322 358 2787
3 2786 321 322
3 2787 357 358
4 2788 2789 361 362
4 2790 2789 361 2791
4 2790 2788 362 2791
3 2790 2789 2788
3 2791 361 362
4 2792 2793 365 366
4 2794 2793 365 2795
4 2794 2792 366 2795
3 2794 2793 2792
3 2795 365 366
4 385 2796 2797 386
4 2798 2796 385 384
4 386 2797 2798 384
3 2798 2796 2797
3 384 385 386
4 389 2799 2800 390
4 2801 2799 389 388
4 390 2800 2801 388
3 2801 2799 2800
3 388 389 390
4 393 2802 2803 394
4 393 2802 2804 392
4 394 2803 2804 392
3 2804 2802 2803
3 392 393 394
4 397 2805 2806 398
4 2807 2805 397 396
4 398 2806 2807 396
3 2807 2805 2806
3 396 397 398
4 401 2808 2809 402
4 401 2808 2810 400
4 402 2809 2810 400
3 2810 2808 2809
3 400 401 402
4 405 2811 2812 406
4 2813 2811 405 404
4 406 2812 2813 404
3 2813 2811 2812
3 404 405 406
4 409 2814 2815 410
4 409 2814 2816 408
4 410 2815 2816 408
3 2816 2814 2815
3 408 409 410
4 413 2817 2818 414
4 413 2817 2819 412
4 414 2818 2819 412
3 2819 2817 2818
3 412 413 414
4 417 2820 2821 418
4 417 2820 2822 416
4 418 2821 2822 416
3 2822 2820 2821
3 416 417 418
4 421 2823 2824 422
4 421 2823 2825 420
4 422 2824 2825 420
3 2825 2823 2824
3 420 421 422
4 425 2826 2827 426
4 425 2826 2828 424
4 426 2827 2828 424
3 2828 2826 2827
3 424 425 426
4 429 2829 2830 430
4 429 2829 2831 428
4 430 2830 2831 428
3 2831 2829 2830
3 428 429 430
4 433 202 200 434
4 433 202 203 432
4 434 200 203 432
3 203 202 200
3 432 433 434
4 437 206 204 438
4 437 206 207 436
4 438 204 207 436
3 207 206 204
3 436 437 438
4 2832 289 333 2833
4 2834 289 333 2835
4 2834 2832 2833 2835
3 2834 289 2832
3 2835 333 2833
4 2836 293 385 386
4 2837 293 385 2838
4 2837 2836 386 2838
3 2837 293 2836
3 2838 385 386
4 2839 301 389 390
4 2840 301 389 2841
4 2840 2839 390 2841
3 2840 301 2839
3 2841 389 390
4 2842 317 393 394
4 2843 317 393 2844
4 2843 2842 394 2844
3 2843 317 2842
3 2844 393 394
4 2845 321 397 398
4 2846 321 397 2847
4 2846 2845 398 2847
3 2846 321 2845
3 2847 397 398
4 2848 2849 401 402
4 2850 2849 401 2851
4 2850 2848 402 2851
3 2850 2849 2848
3 2851 401 402
4 2852 2853 405 406
4 2854 2853 405 2855
4 2854 2852 406 2855
3 2854 2853 2852
3 2855 405 406
4 370 369 409 410
4 2856 369 409 2857
4 2856 370 410 2857
3 2856 369 370
3 2857 409 410
4 374 373 413 414
4 2858 373 413 2859
4 2858 374 414 2859
3 2858 373 374
3 2859 413 414
4 2860 2861 417 418
4 2862 2861 417 2863
4 2862 2860 418 2863
3 2862 2861 2860
3 2863 417 418
4 2864 2865 421 422
4 2866 2865 421 2867
4 2866 2864 422 2867
3 2866 2865 2864
3 2867 421 422
4 441 2868 2869 442
4 2870 2868 441 440
4 442 2869 2870 440
3 2870 2868 2869
3 440 441 442
4 445 2871 2872 446
4 2873 2871 445 444
4 446 2872 2873 444
3 2873 2871 2872
3 444 445 446
4 449 2874 2875 450
4 2876 2874 449 448
4 450 2875 2876 448
3 2876 2874 2875
3 448 449 450
4 453 2877 2878 454
4 453 2877 2879 452
4 454 2878 2879 452
3 2879 2877 2878
3 452 453 454
4 457 2880 2881 458
4 2882 2880 457 456
4 458 2881 2882 456
3 2882 2880 2881
3 456 457 458
4 461 2883 2884 462
4 461 2883 2885 460
4 462 2884 2885 460
3 2885 2883 2884
3 460 461 462
4 465 2886 2887 466
4 465 2886 2888 464
4 466 2887 2888 464
3 2888 2886 2887
3 464 465 466
4 469 2889 2890 470
4 469 2889 2891 468
4 470 2890 2891 468
3 2891 2889 2890
3 468 469 470
4 473 2892 2893 474
4 473 2892 2894 472
4 474 2893 2894 472
3 2894 2892 2893
3 472 473 474
4 477 2895 2896 478
4 477 2895 2897 476
4 478 2896 2897 476
3 2897 2895 2896
3 476 477 478
4 481 2898 2899 482
4 481 2898 2900 480
4 482 2899 2900 480
3 2900 2898 2899
3 480 481 482
4 485 2901 2902 486
4 485 2901 2903 484
4 486 2902 2903 484
3 2903 2901 2902
3 484 485 486
4 489 2904 2905 490
4 489 2904 2906 488
4 490 2905 2906 488
3 2906 2904 2905
3 488 489 490
4 493 242 240 494
4 493 242 243 492
4 494 240 243 492
3 243 242 240
3 492 493 494
4 497 246 244 498
4 497 246 247 496
4 498 244 247 496
3 247 246 244
3 496 497 498
4 2907 337 385 2908
4 2909 337 385 2910
4 2909 2907 2908 2910
3 2909 337 2907
3 2910 385 2908
4 2911 341 441 442
4 2912 341 441 2913
4 2912 2911 442 2913
3 2912 341 2911
3 2913 441 442
4 2914 353 445 446
4 2915 353 445 2916
4 2915 2914 446 2916
3 2915 353 2914
3 2916 445 446
4 2917 357 449 450
4 2918 357 449 2919
4 2918 2917 450 2919
3 2918 357 2917
3 2919 449 450
4 2920 369 453 454
4 2921 369 453 2922
4 2921 2920 454 2922
3 2921 369 2920
3 2922 453 454
4 2923 373 457 458
4 2924 373 457 2925
4 2924 2923 458 2925
3 2924 373 2923
3 2925 457 458
4 2926 2927 461 462
4 2928 2927 461 2929
4 2928 2926 462 2929
3 2928 2927 2926
3 2929 461 462
4 2930 2931 465 466
4 2932 2931 465 2933
4 2932 2930 466 2933
3 2932 2931 2930
3 2933 465 466
4 426 425 469 470
4 2934 425 469 2935
4 2934 426 470 2935
3 2934 425 426
3 2935 469 470
4 430 429 473 474
4 2936 429 473 2937
4 2936 430 474 2937
3 2936 429 430
3 2937 473 474
4 2938 2939 477 478
4 2940 2939 477 2941
4 2940 2938 478 2941
3 2940 2939 2938
3 2941 477 478
4 2942 2943 481 482
4 2944 2943 481 2945
4 2944 2942 482 2945
3 2944 2943 2942
3 2945 481 482
4 501 2946 2947 502
4 2948 2946 501 500
4 502 2947 2948 500
3 2948 2946 2947
3 500 501 502
4 505 2949 2950 506
4 2951 2949 505 504
4 506 2950 2951 504
3 2951 2949 2950
3 504 505 506
4 509 2952 2953 510
4 2954 2952 509 508
4 510 2953 2954 508
3 2954 2952 2953
3 508 509 510
4 513 2955 2956 514
4 2957 2955 513 512
4 514 2956 2957 512
3 2957 2955 2956
3 512 513 514
4 517 2958 2959 518
4 517 2958 2960 516
4 518 2959 2960 516
3 2960 2958 2959
3 516 517 518
4 521 2961 2962 522
4 521 2961 2963 520
4 522 2962 2963 520
3 2963 2961 2962
3 520 521 522
4 525 2964 2965 526
4 525 2964 2966 524
4 526 2965 2966 524
3 2966 2964 2965
3 524 525 526
4 529 2967 2968 530
4 529 2967 2969 528
4 530 2968 2969 528
3 2969 2967 2968
3 528 529 530
4 533 2970 2971 534
4 533 2970 2972 532
4 534 2971 2972 532
3 2972 2970 2971
3 532 533 534
4 537 2973 2974 538
4 537 2973 2975 536
4 538 2974 2975 536
3 2975 2973 2974
3 536 537 538
4 541 2976 2977 542
4 541 2976 2978 540
4 542 2977 2978 540
3 2978 2976 2977
3 540 541 542
4 545 2979 2980 546
4 545 2979 2981 544
4 546 2980 2981 544
3 2981 2979 2980
3 544 545 546
4 549 2982 2983 550
4 549 2982 2984 548
4 550 2983 2984 548
3 2984 2982 2983
3 548 549 550
4 553 2985 2986 554
4 553 2985 2987 552
4 554 2986 2987 552
3 2987 2985 2986
3 552 553 554
4 557 2988 2989 558
4 557 2988 2990 556
4 558 2989 2990 556
3 2990 2988 2989
3 556 557 558
4 561 286 284 562
4 561 286 287 560
4 562 284 287 560
3 287 286 284
3 560 561 562
4 2991 389 441 2992
4 2993 389 441 2994
4 2993 2991 2992 2994
3 2993 389 2991
3 2994 441 2992
4 2995 393 501 502
4 2996 393 501 2997
4 2996 2995 502 2997
3 2996 393 2995
3 2997 501 502
4 2998 397 505 506
4 2999 397 505 3000
4 2999 2998 506 3000
3 2999 397 2998
3 3000 505 506
4 3001 409 509 510
4 3002 409 509 3003
4 3002 3001 510 3003
3 3002 409 3001
3 3003 509 510
4 3004 413 513 514
4 3005 413 513 3006
4 3005 3004 514 3006
3 3005 413 3004
3 3006 513 514
4 3007 425 517 518
4 3008 425 517 3009
4 3008 3007 518 3009
3 3008 425 3007
3 3009 517 518
4 3010 429 521 522
4 3011 429 521 3012
4 3011 3010 522 3012
3 3011 429 3010
3 3012 521 522
4 3013 3014 525 526
4 3015 3014 525 3016
4 3015 3013 526 3016
3 3015 3014 3013
3 3016 525 526
4 3017 3018 529 530
4 3019 3018 529 3020
4 3019 3017 530 3020
3 3019 3018 3017
3 3020 529 530
4 486 485 533 534
4 3021 485 533 3022
4 3021 486 534 3022
3 3021 485 486
3 3022 533 534
4 490 489 537 538
4 3023 489 537 3024
4 3023 490 538 3024
3 3023 489 490
3 3024 537 538
4 3025 3026 541 542
4 3027 3026 541 3028
4 3027 3025 542 3028
3 3027 3026 3025
3 3028 541 542
4 3029 3030 545 546
4 3031 3030 545 3032
4 3031 3029 546 3032
3 3031 3030 3029
3 3032 545 546
4 565 3033 3034 566
4 3035 3033 565 564
4 566 3034 3035 564
3 3035 3033 3034
3 564 565 566
4 569 3036 3037 570
4 3038 3036 569 568
4 570 3037 3038 568
3 3038 3036 3037
3 568 569 570
4 573 3039 3040 574
4 3041 3039 573 572
4 574 3040 3041 572
3 3041 3039 3040
3 572 573 574
4 577 3042 3043 578
4 3044 3042 577 576
4 578 3043 3044 576
3 3044 3042 3043
3 576 577 578
4 581 3045 3046 582
4 581 3045 3047 580
4 582 3046 3047 580
3 3047 3045 3046
3 580 581 582
4 585 3048 3049 586
4 585 3048 3050 584
4 586 3049 3050 584
3 3050 3048 3049
3 584 585 586
4 589 3051 3052 590
4 589 3051 3053 588
4 590 3052 3053 588
3 3053 3051 3052
3 588 589 590
4 593 3054 3055 594
4 593 3054 3056 592
4 594 3055 3056 592
3 3056 3054 3055
3 592 593 594
4 597 3057 3058 598
4 597 3057 3059 596
4 598 3058 3059 596
3 3059 3057 3058
3 596 597 598
4 601 3060 3061 602
4 601 3060 3062 600
4 602 3061 3062 600
3 3062 3060 3061
3 600 601 602
4 605 3063 3064 606
4 605 3063 3065 604
4 606 3064 3065 604
3 3065 3063 3064
3 604 605 606
4 609 3066 3067 610
4 609 3066 3068 608
4 610 3067 3068 608
3 3068 3066 3067
3 608 609 610
4 613 3069 3070 614
4 613 3069 3071 612
4 614 3070 3071 612
3 3071 3069 3070
3 612 613 614
4 617 3072 3073 618
4 617 3072 3074 616
4 618 3073 3074 616
3 3074 3072 3073
3 616 617 618
4 621 3075 3076 622
4 621 3075 3077 620
4 622 3076 3077 620
3 3077 3075 3076
3 620 621 622
4 625 3078 3079 626
4 625 3078 3080 624
4 626 3079 3080 624
3 3080 3078 3079
3 624 625 626
4 629 334 332 630
4 629 334 335 628
4 630 332 335 628
3 335 334 332
3 628 629 630
4 3081 445 501 3082
4 3083 445 501 3084
4 3083 3081 3082 3084
3 3083 445 3081
3 3084 501 3082
4 3085 449 505 3086
4 3087 449 505 3088
4 3087 3085 3086 3088
3 3087 449 3085
3 3088 505 3086
4 3089 453 565 566
4 3090 453 565 3091
4 3090 3089 566 3091
3 3090 453 3089
3 3091 565 566
4 3092 457 569 570
4 3093 457 569 3094
4 3093 3092 570 3094
3 3093 457 3092
3 3094 569 570
4 3095 469 573 574
4 3096 469 573 3097
4 3096 3095 574 3097
3 3096 469 3095
3 3097 573 574
4 3098 473 577 578
4 3099 473 577 3100
4 3099 3098 578 3100
3 3099 473 3098
3 3100 577 578
4 3101 485 581 582
4 3102 485 581 3103
4 3102 3101 582 3103
3 3102 485 3101
3 3103 581 582
4 3104 489 585 586
4 3105 489 585 3106
4 3105 3104 586 3106
3 3105 489 3104
3 3106 585 586
4 589 3107 3108 590
4 3109 3107 589 3110
4 590 3108 3109 3110
3 3109 3107 3108
3 3110 589 590
4 3111 3112 593 594
4 3113 3112 593 3114
4 3113 3111 594 3114
3 3113 3112 3111
3 3114 593 594
4 3115 3116 597 598
4 3117 3116 597 3118
4 3117 3115 598 3118
3 3117 3116 3115
3 3118 597 598
4 550 549 601 602
4 3119 549 601 3120
4 3119 550 602 3120
3 3119 549 550
3 3120 601 602
4 554 553 605 606
4 3121 553 605 3122
4 3121 554 606 3122
3 3121 553 554
3 3122 605 606
4 558 557 609 610
4 3123 557 609 3124
4 3123 558 610 3124
3 3123 557 558
3 3124 609 610
4 3125 3126 613 614
4 3127 3126 613 3128
4 3127 3125 614 3128
3 3127 3126 3125
3 3128 613 614
4 633 3129 3130 634
4 3131 3129 633 632
4 634 3130 3131 632
3 3131 3129 3130
3 632 633 634
4 637 3132 3133 638
4 3134 3132 637 636
4 638 3133 3134 636
3 3134 3132 3133
3 636 637 638
4 641 3135 3136 642
4 3137 3135 641 640
4 642 3136 3137 640
3 3137 3135 3136
3 640 641 642
4 645 3138 3139 646
4 3140 3138 645 644
4 646 3139 3140 644
3 3140 3138 3139
3 644 645 646
4 649 3141 3142 650
4 649 3141 3143 648
4 650 3142 3143 648
3 3143 3141 3142
3 648 649 650
4 653 3144 3145 654
4 653 3144 3146 652
4 654 3145 3146 652
3 3146 3144 3145
3 652 653 654
4 657 3147 3148 658
4 657 3147 3149 656
4 658 3148 3149 656
3 3149 3147 3148
3 656 657 658
4 661 3150 3151 662
4 661 3150 3152 660
4 662 3151 3152 660
3 3152 3150 3151
3 660 661 662
4 665 3153 3154 666
4 665 3153 3155 664
4 666 3154 3155 664
3 3155 3153 3154
3 664 665 666
4 669 3156 3157 670
4 669 3156 3158 668
4 670 3157 3158 668
3 3158 3156 3157
3 668 669 670
4 673 3159 3160 674
4 673 3159 3161 672
4 674 3160 3161 672
3 3161 3159 3160
3 672 673 674
4 677 3162 3163 678
4 677 3162 3164 676
4 678 3163 3164 676
3 3164 3162 3163
3 676 677 678
4 681 3165 3166 682
4 681 3165 3167 680
4 682 3166 3167 680
3 3167 3165 3166
3 680 681 682
4 685 3168 3169 686
4 685 3168 3170 684
4 686 3169 3170 684
3 3170 3168 3169
3 684 685 686
4 689 3171 3172 690
4 689 3171 3173 688
4 690 3172 3173 688
3 3173 3171 3172
3 688 689 690
4 693 3174 3175 694
4 693 3174 3176 692
4 694 3175 3176 692
3 3176 3174 3175
3 692 693 694
4 697 386 384 698
4 697 386 387 696
4 698 384 387 696
3 387 386 384
3 696 697 698
4 3177 509 565 3178
4 3179 509 565 3180
4 3179 3177 3178 3180
3 3179 509 3177
3 3180 565 3178
4 3181 513 569 3182
4 3183 513 569 3184
4 3183 3181 3182 3184
3 3183 513 3181
3 3184 569 3182
4 3185 517 633 634
4 3186 517 633 3187
4 3186 3185 634 3187
3 3186 517 3185
3 3187 633 634
4 3188 521 637 638
4 3189 521 637 3190
4 3189 3188 638 3190
3 3189 521 3188
3 3190 637 638
4 3191 533 641 642
4 3192 533 641 3193
4 3192 3191 642 3193
3 3192 533 3191
3 3193 641 642
4 3194 537 645 646
4 3195 537 645 3196
4 3195 3194 646 3196
3 3195 537 3194
3 3196 645 646
4 3197 549 649 650
4 3198 549 649 3199
4 3198 3197 650 3199
3 3198 549 3197
3 3199 649 650
4 3200 553 653 654
4 3201 553 653 3202
4 3201 3200 654 3202
3 3201 553 3200
3 3202 653 654
4 3203 557 657 658
4 3204 557 657 3205
4 3204 3203 658 3205
3 3204 557 3203
3 3205 657 658
4 661 3206 3207 662
4 3208 3206 661 3209
4 662 3207 3208 3209
3 3208 3206 3207
3 3209 661 662
4 3210 3211 665 666
4 3212 3211 665 3213
4 3212 3210 666 3213
3 3212 3211 3210
3 3213 665 666
4 618 617 669 670
4 3214 617 669 3215
4 3214 618 670 3215
3 3214 617 618
3 3215 669 670
4 622 621 673 674
4 3216 621 673 3217
4 3216 622 674 3217
3 3216 621 622
3 3217 673 674
4 626 625 677 678
4 3218 625 677 3219
4 3218 626 678 3219
3 3218 625 626
3 3219 677 678
4 3220 3221 681 682
4 3222 3221 681 3223
4 3222 3220 682 3223
3 3222 3221 3220
3 3223 681 682
4 701 3224 3225 702
4 3226 3224 701 700
4 702 3225 3226 700
3 3226 3224 3225
3 700 701 702
4 705 3227 3228 706
4 3229 3227 705 704
4 706 3228 3229 704
3 3229 3227 3228
3 704 705 706
4 709 3230 3231 710
4 709 3230 3232 708
4 710 3231 3232 708
3 3232 3230 3231
3 708 709 710
4 713 3233 3234 714
4 3235 3233 713 712
4 714 3234 3235 712
3 3235 3233 3234
3 712 713 714
4 717 3236 3237 718
4 3238 3236 717 716
4 718 3237 3238 716
3 3238 3236 3237
3 716 717 718
4 721 3239 3240 722
4 721 3239 3241 720
4 722 3240 3241 720
3 3241 3239 3240
3 720 721 722
4 725 3242 3243 726
4 725 3242 3244 724
4 726 3243 3244 724
3 3244 3242 3243
3 724 725 726
4 729 3245 3246 730
4 729 3245 3247 728
4 730 3246 3247 728
3 3247 3245 3246
3 728 729 730
4 733 3248 3249 734
4 733 3248 3250 732
4 734 3249 3250 732
3 3250 3248 3249
3 732 733 734
4 737 3251 3252 738
4 737 3251 3253 736
4 738 3252 3253 736
3 3253 3251 3252
3 736 737 738
4 741 3254 3255 742
4 741 3254 3256 740
4 742 3255 3256 740
3 3256 3254 3255
3 740 741 742
4 745 3257 3258 746
4 745 3257 3259 744
4 746 3258 3259 744
3 3259 3257 3258
3 744 745 746
4 749 3260 3261 750
4 749 3260 3262 748
4 750 3261 3262 748
3 3262 3260 3261
3 748 749 750
4 753 3263 3264 754
4 753 3263 3265 752
4 754 3264 3265 752
3 3265 3263 3264
3 752 753 754
4 757 3266 3267 758
4 757 3266 3268 756
4 758 3267 3268 756
3 3268 3266 3267
3 756 757 758
4 761 3269 3270 762
4 761 3269 3271 760
4 762 3270 3271 760
3 3271 3269 3270
3 760 761 762
4 765 3272 3273 766
4 765 3272 3274 764
4 766 3273 3274 764
3 3274 3272 3273
3 764 765 766
4 769 442 440 770
4 769 442 443 768
4 770 440 443 768
3 443 442 440
3 768 769 770
4 3275 573 633 3276
4 3277 573 633 3278
4 3277 3275 3276 3278
3 3277 573 3275
3 3278 633 3276
4 3279 577 637 3280
4 3281 577 637 3282
4 3281 3279 3280 3282
3 3281 577 3279
3 3282 637 3280
4 3283 581 701 702
4 3284 581 701 3285
4 3284 3283 702 3285
3 3284 581 3283
3 3285 701 702
4 3286 585 705 706
4 3287 585 705 3288
4 3287 3286 706 3288
3 3287 585 3286
3 3288 705 706
4 3289 601 709 710
4 3290 601 709 3291
4 3290 3289 710 3291
3 3290 601 3289
3 3291 709 710
4 3292 605 713 714
4 3293 605 713 3294
4 3293 3292 714 3294
3 3293 605 3292
3 3294 713 714
4 3295 609 717 718
4 3296 609 717 3297
4 3296 3295 718 3297
3 3296 609 3295
3 3297 717 718
4 3298 617 721 722
4 3299 617 721 3300
4 3299 3298 722 3300
3 3299 617 3298
3 3300 721 722
4 3301 621 725 726
4 3302 621 725 3303
4 3302 3301 726 3303
3 3302 621 3301
3 3303 725 726
4 3304 625 729 730
4 3305 625 729 3306
4 3305 3304 730 3306
3 3305 625 3304
3 3306 729 730
4 733 3307 3308 734
4 3309 3307 733 3310
4 734 3308 3309 3310
3 3309 3307 3308
3 3310 733 734
4 3311 3312 737 738
4 3313 3312 737 3314
4 3313 3311 738 3314
3 3313 3312 3311
3 3314 737 738
4 686 685 741 742
4 3315 685 741 3316
4 3315 686 742 3316
3 3315 685 686
3 3316 741 742
4 690 689 745 746
4 3317 689 745 3318
4 3317 690 746 3318
3 3317 689 690
3 3318 745 746
4 694 693 749 750
4 3319 693 749 3320
4 3319 694 750 3320
3 3319 693 694
3 3320 749 750
4 3321 3322 753 754
4 3323 3322 753 3324
4 3323 3321 754 3324
3 3323 3322 3321
3 3324 753 754
4 773 3325 3326 774
4 3327 3325 773 772
4 774 3326 3327 772
3 3327 3325 3326
3 772 773 774
4 777 3328 3329 778
4 3330 3328 777 776
4 778 3329 3330 776
3 3330 3328 3329
3 776 777 778
4 781 3331 3332 782
4 3333 3331 781 780
4 782 3332 3333 780
3 3333 3331 3332
3 780 781 782
4 785 3334 3335 786
4 785 3334 3336 784
4 786 3335 3336 784
3 3336 3334 3335
3 784 785 786
4 789 3337 3338 790
4 789 3337 3339 788
4 790 3338 3339 788
3 3339 3337 3338
3 788 789 790
4 793 3340 3341 794
4 3342 3340 793 792
4 794 3341 3342 792
3 3342 3340 3341
3 792 793 794
4 797 3343 3344 798
4 797 3343 3345 796
4 798 3344 3345 796
3 3345 3343 3344
3 796 797 798
4 801 3346 3347 802
4 801 3346 3348 800
4 802 3347 3348 800
3 3348 3346 3347
3 800 801 802
4 805 3349 3350 806
4 805 3349 3351 804
4 806 3350 3351 804
3 3351 3349 3350
3 804 805 806
4 809 3352 3353 810
4 809 3352 3354 808
4 810 3353 3354 808
3 3354 3352 3353
3 808 809 810
4 813 3355 3356 814
4 813 3355 3357 812
4 814 3356 3357 812
3 3357 3355 3356
3 812 813 814
4 817 3358 3359 818
4 817 3358 3360 816
4 818 3359 3360 816
3 3360 3358 3359
3 816 817 818
4 821 3361 3362 822
4 821 3361 3363 820
4 822 3362 3363 820
3 3363 3361 3362
3 820 821 822
4 825 3364 3365 826
4 825 3364 3366 824
4 826 3365 3366 824
3 3366 3364 3365
3 824 825 826
4 829 3367 3368 830
4 829 3367 3369 828
4 830 3368 3369 828
3 3369 3367 3368
3 828 829 830
4 833 3370 3371 834
4 833 3370 3372 832
4 834 3371 3372 832
3 3372 3370 3371
3 832 833 834
4 837 3373 3374 838
4 837 3373 3375 836
4 838 3374 3375 836
3 3375 3373 3374
3 836 837 838
4 841 3376 3377 842
4 841 3376 3378 840
4 842 3377 3378 840
3 3378 3376 3377
3 840 841 842
4 845 506 504 846
4 845 506 507 844
4 846 504 507 844
3 507 506 504
3 844 845 846
4 3379 641 701 3380
4 3381 641 701 3382
4 3381 3379 3380 3382
3 3381 641 3379
3 3382 701 3380
4 3383 645 705 3384
4 3385 645 705 3386
4 3385 3383 3384 3386
3 3385 645 3383
3 3386 705 3384
4 3387 649 773 774
4 3388 649 773 3389
4 3388 3387 774 3389
3 3388 649 3387
3 3389 773 774
4 3390 653 777 778
4 3391 653 777 3392
4 3391 3390 778 3392
3 3391 653 3390
3 3392 777 778
4 3393 657 781 782
4 3394 657 781 3395
4 3394 3393 782 3395
3 3394 657 3393
3 3395 781 782
4 3396 669 785 786
4 3397 669 785 3398
4 3397 3396 786 3398
3 3397 669 3396
3 3398 785 786
4 3399 673 789 790
4 3400 673 789 3401
4 3400 3399 790 3401
3 3400 673 3399
3 3401 789 790
4 3402 677 793 794
4 3403 677 793 3404
4 3403 3402 794 3404
3 3403 677 3402
3 3404 793 794
4 3405 685 797 798
4 3406 685 797 3407
4 3406 3405 798 3407
3 3406 685 3405
3 3407 797 798
4 3408 689 801 802
4 3409 689 801 3410
4 3409 3408 802 3410
3 3409 689 3408
3 3410 801 802
4 3411 693 805 806
4 3412 693 805 3413
4 3412 3411 806 3413
3 3412 693 3411
3 3413 805 806
4 809 3414 3415 810
4 3416 3414 809 3417
4 810 3415 3416 3417
3 3416 3414 3415
3 3417 809 810
4 3418 3419 813 814
4 3420 3419 813 3421
4 3420 3418 814 3421
3 3420 3419 3418
3 3421 813 814
4 758 757 817 818
4 3422 757 817 3423
4 3422 758 818 3423
3 3422 757 758
3 3423 817 818
4 762 761 821 822
4 3424 761 821 3425
4 3424 762 822 3425
3 3424 761 762
3 3425 821 822
4 766 765 825 826
4 3426 765 825 3427
4 3426 766 826 3427
3 3426 765 766
3 3427 825 826
4 3428 3429 829 830
4 3430 3429 829 3431
4 3430 3428 830 3431
3 3430 3429 3428
3 3431 829 830
4 849 3432 3433 850
4 849 3432 3434 848
4 850 3433 3434 848
3 3434 3432 3433
3 848 849 850
4 853 3435 3436 854
4 3437 3435 853 852
4 854 3436 3437 852
3 3437 3435 3436
3 852 853 854
4 857 3438 3439 858
4 3440 3438 857 856
4 858 3439 3440 856
3 3440 3438 3439
3 856 857 858
4 861 3441 3442 862
4 861 3441 3443 860
4 862 3442 3443 860
3 3443 3441 3442
3 860 861 862
4 865 3444 3445 866
4 865 3444 3446 864
4 866 3445 3446 864
3 3446 3444 3445
3 864 865 866
4 869 3447 3448 870
4 3449 3447 869 868
4 870 3448 3449 868
3 3449 3447 3448
3 868 869 870
4 873 3450 3451 874
4 873 3450 3452 872
4 874 3451 3452 872
3 3452 3450 3451
3 872 873 874
4 877 3453 3454 878
4 877 3453 3455 876
4 878 3454 3455 876
3 3455 3453 3454
3 876 877 878
4 881 3456 3457 882
4 881 3456 3458 880
4 882 3457 3458 880
3 3458 3456 3457
3 880 881 882
4 885 3459 3460 886
4 885 3459 3461 884
4 886 3460 3461 884
3 3461 3459 3460
3 884 885 886
4 889 3462 3463 890
4 889 3462 3464 888
4 890 3463 3464 888
3 3464 3462 3463
3 888 889 890
4 893 3465 3466 894
4 893 3465 3467 892
4 894 3466 3467 892
3 3467 3465 3466
3 892 893 894
4 897 3468 3469 898
4 897 3468 3470 896
4 898 3469 3470 896
3 3470 3468 3469
3 896 897 898
4 901 3471 3472 902
4 901 3471 3473 900
4 902 3472 3473 900
3 3473 3471 3472
3 900 901 902
4 905 3474 3475 906
4 905 3474 3476 904
4 906 3475 3476 904
3 3476 3474 3475
3 904 905 906
4 909 3477 3478 910
4 909 3477 3479 908
4 910 3478 3479 908
3 3479 3477 3478
3 908 909 910
4 913 3480 3481 914
4 913 3480 3482 912
4 914 3481 3482 912
3 3482 3480 3481
3 912 913 914
4 917 3483 3484 918
4 917 3483 3485 916
4 918 3484 3485 916
3 3485 3483 3484
3 916 917 918
4 921 570 568 922
4 921 570 571 920
4 922 568 571 920
3 571 570 568
3 920 921 922
4 3486 709 773 3487
4 3488 709 773 3489
4 3488 3486 3487 3489
3 3488 709 3486
3 3489 773 3487
4 3490 713 777 3491
4 3492 713 777 3493
4 3492 3490 3491 3493
3 3492 713 3490
3 3493 777 3491
4 3494 717 781 3495
4 3496 717 781 3497
4 3496 3494 3495 3497
3 3496 717 3494
3 3497 781 3495
4 3498 721 849 850
4 3499 721 849 3500
4 3499 3498 850 3500
3 3499 721 3498
3 3500 849 850
4 3501 725 853 854
4 3502 725 853 3503
4 3502 3501 854 3503
3 3502 725 3501
3 3503 853 854
4 3504 729 857 858
4 3505 729 857 3506
4 3505 3504 858 3506
3 3505 729 3504
3 3506 857 858
4 3507 741 861 862
4 3508 741 861 3509
4 3508 3507 862 3509
3 3508 741 3507
3 3509 861 862
4 3510 745 865 866
4 3511 745 865 3512
4 3511 3510 866 3512
3 3511 745 3510
3 3512 865 866
4 3513 749 869 870
4 3514 749 869 3515
4 3514 3513 870 3515
3 3514 749 3513
3 3515 869 870
4 3516 757 873 874
4 3517 757 873 3518
4 3517 3516 874 3518
3 3517 757 3516
3 3518 873 874
4 3519 761 877 878
4 3520 761 877 3521
4 3520 3519 878 3521
3 3520 761 3519
3 3521 877 878
4 3522 765 881 882
4 3523 765 881 3524
4 3523 3522 882 3524
3 3523 765 3522
3 3524 881 882
4 885 3525 3526 886
4 3527 3525 885 3528
4 886 3526 3527 3528
3 3527 3525 3526
3 3528 885 886
4 3529 3530 889 890
4 3531 3530 889 3532
4 3531 3529 890 3532
3 3531 3530 3529
3 3532 889 890
4 834 833 893 894
4 3533 833 893 3534
4 3533 834 894 3534
3 3533 833 834
3 3534 893 894
4 838 837 897 898
4 3535 837 897 3536
4 3535 838 898 3536
3 3535 837 838
3 3536 897 898
4 842 841 901 902
4 3537 841 901 3538
4 3537 842 902 3538
3 3537 841 842
3 3538 901 902
4 3539 3540 905 906
4 3541 3540 905 3542
4 3541 3539 906 3542
3 3541 3540 3539
3 3542 905 906
4 925 3543 3544 926
4 925 3543 3545 924
4 926 3544 3545 924
3 3545 3543 3544
3 924 925 926
4 929 3546 3547 930
4 3548 3546 929 928
4 930 3547 3548 928
3 3548 3546 3547
3 928 929 930
4 933 3549 3550 934
4 3551 3549 933 932
4 934 3550 3551 932
3 3551 3549 3550
3 932 933 934
4 937 3552 3553 938
4 937 3552 3554 936
4 938 3553 3554 936
3 3554 3552 3553
3 936 937 938
4 941 3555 3556 942
4 941 3555 3557 940
4 942 3556 3557 940
3 3557 3555 3556
3 940 941 942
4 945 3558 3559 946
4 3560 3558 945 944
4 946 3559 3560 944
3 3560 3558 3559
3 944 945 946
4 949 3561 3562 950
4 949 3561 3563 948
4 950 3562 3563 948
3 3563 3561 3562
3 948 949 950
4 953 3564 3565 954
4 953 3564 3566 952
4 954 3565 3566 952
3 3566 3564 3565
3 952 953 954
4 957 3567 3568 958
4 957 3567 3569 956
4 958 3568 3569 956
3 3569 3567 3568
3 956 957 958
4 961 3570 3571 962
4 961 3570 3572 960
4 962 3571 3572 960
3 3572 3570 3571
3 960 961 962
4 965 3573 3574 966
4 965 3573 3575 964
4 966 3574 3575 964
3 3575 3573 3574
3 964 965 966
4 969 3576 3577 970
4 969 3576 3578 968
4 970 3577 3578 968
3 3578 3576 3577
3 968 969 970
4 973 3579 3580 974
4 973 3579 3581 972
4 974 3580 3581 972
3 3581 3579 3580
3 972 973 974
4 977 3582 3583 978
4 977 3582 3584 976
4 978 3583 3584 976
3 3584 3582 3583
3 976 977 978
4 981 3585 3586 982
4 981 3585 3587 980
4 982 3586 3587 980
3 3587 3585 3586
3 980 981 982
4 985 3588 3589 986
4 985 3588 3590 984
4 986 3589 3590 984
3 3590 3588 3589
3 984 985 986
4 989 3591 3592 990
4 989 3591 3593 988
4 990 3592 3593 988
3 3593 3591 3592
3 988 989 990
4 993 3594 3595 994
4 993 3594 3596 992
4 994 3595 3596 992
3 3596 3594 3595
3 992 993 994
4 997 3597 3598 998
4 997 3597 3599 996
4 998 3598 3599 996
3 3599 3597 3598
3 996 997 998
4 3600 785 849 3601
4 3602 785 849 3603
4 3602 3600 3601 3603
3 3602 785 3600
3 3603 849 3601
4 3604 789 853 3605
4 3606 789 853 3607
4 3606 3604 3605 3607
3 3606 789 3604
3 3607 853 3605
4 3608 793 857 3609
4 3610 793 857 3611
4 3610 3608 3609 3611
3 3610 793 3608
3 3611 857 3609
4 3612 797 925 926
4 3613 797 925 3614
4 3613 3612 926 3614
3 3613 797 3612
3 3614 925 926
4 3615 801 929 930
4 3616 801 929 3617
4 3616 3615 930 3617
3 3616 801 3615
3 3617 929 930
4 3618 805 933 934
4 3619 805 933 3620
4 3619 3618 934 3620
3 3619 805 3618
3 3620 933 934
4 3621 817 937 938
4 3622 817 937 3623
4 3622 3621 938 3623
3 3622 817 3621
3 3623 937 938
4 3624 821 941 942
4 3625 821 941 3626
4 3625 3624 942 3626
3 3625 821 3624
3 3626 941 942
4 3627 825 945 946
4 3628 825 945 3629
4 3628 3627 946 3629
3 3628 825 3627
3 3629 945 946
4 3630 833 949 950
4 3631 833 949 3632
4 3631 3630 950 3632
3 3631 833 3630
3 3632 949 950
4 3633 837 953 954
4 3634 837 953 3635
4 3634 3633 954 3635
3 3634 837 3633
3 3635 953 954
4 3636 841 957 958
4 3637 841 957 3638
4 3637 3636 958 3638
3 3637 841 3636
3 3638 957 958
4 961 3639 3640 962
4 3641 3639 961 3642
4 962 3640 3641 3642
3 3641 3639 3640
3 3642 961 962
4 3643 3644 965 966
4 3645 3644 965 3646
4 3645 3643 966 3646
3 3645 3644 3643
3 3646 965 966
4 910 909 969 970
4 3647 909 969 3648
4 3647 910 970 3648
3 3647 909 910
3 3648 969 970
4 914 913 973 974
4 3649 913 973 3650
4 3649 914 974 3650
3 3649 913 914
3 3650 973 974
4 918 917 977 978
4 3651 917 977 3652
4 3651 918 978 3652
3 3651 917 918
3 3652 977 978
4 3653 3654 981 982
4 3655 3654 981 3656
4 3655 3653 982 3656
3 3655 3654 3653
3 3656 981 982
4 1001 3657 3658 1002
4 1001 3657 3659 1000
4 1002 3658 3659 1000
3 3659 3657 3658
3 1000 1001 1002
4 1005 3660 3661 1006
4 3662 3660 1005 1004
4 1006 3661 3662 1004
3 3662 3660 3661
3 1004 1005 1006
4 1009 3663 3664 1010
4 3665 3663 1009 1008
4 1010 3664 3665 1008
3 3665 3663 3664
3 1008 1009 1010
4 1013 3666 3667 1014
4 1013 3666 3668 1012
4 1014 3667 3668 1012
3 3668 3666 3667
3 1012 1013 1014
4 1017 3669 3670 1018
4 1017 3669 3671 1016
4 1018 3670 3671 1016
3 3671 3669 3670
3 1016 1017 1018
4 1021 3672 3673 1022
4 3674 3672 1021 1020
4 1022 3673 3674 1020
3 3674 3672 3673
3 1020 1021 1022
4 1025 3675 3676 1026
4 1025 3675 3677 1024
4 1026 3676 3677 1024
3 3677 3675 3676
3 1024 1025 1026
4 1029 3678 3679 1030
4 1029 3678 3680 1028
4 1030 3679 3680 1028
3 3680 3678 3679
3 1028 1029 1030
4 1033 3681 3682 1034
4 1033 3681 3683 1032
4 1034 3682 3683 1032
3 3683 3681 3682
3 1032 1033 1034
4 1037 3684 3685 1038
4 1037 3684 3686 1036
4 1038 3685 3686 1036
3 3686 3684 3685
3 1036 1037 1038
4 1041 3687 3688 1042
4 1041 3687 3689 1040
4 1042 3688 3689 1040
3 3689 3687 3688
3 1040 1041 1042
4 1045 3690 3691 1046
4 1045 3690 3692 1044
4 1046 3691 3692 1044
3 3692 3690 3691
3 1044 1045 1046
4 1049 3693 3694 1050
4 1049 3693 3695 1048
4 1050 3694 3695 1048
3 3695 3693 3694
3 1048 1049 1050
4 1053 3696 3697 1054
4 1053 3696 3698 1052
4 1054 3697 3698 1052
3 3698 3696 3697
3 1052 1053 1054
4 1057 3699 3700 1058
4 1057 3699 3701 1056
4 1058 3700 3701 1056
3 3701 3699 3700
3 1056 1057 1058
4 1061 3702 3703 1062
4 1061 3702 3704 1060
4 1062 3703 3704 1060
3 3704 3702 3703
3 1060 1061 1062
4 1065 3705 3706 1066
4 1065 3705 3707 1064
4 1066 3706 3707 1064
3 3707 3705 3706
3 1064 1065 1066
4 1069 3708 3709 1070
4 1069 3708 3710 1068
4 1070 3709 3710 1068
3 3710 3708 3709
3 1068 1069 1070
4 1073 3711 3712 1074
4 1073 3711 3713 1072
4 1074 3712 3713 1072
3 3713 3711 3712
3 1072 1073 1074
4 1077 3714 3715 1078
4 1077 3714 3716 1076
4 1078 3715 3716 1076
3 3716 3714 3715
3 1076 1077 1078
4 3717 861 925 3718
4 3719 861 925 3720
4 3719 3717 3718 3720
3 3719 861 3717
3 3720 925 3718
4 3721 865 929 3722
4 3723 865 929 3724
4 3723 3721 3722 3724
3 3723 865 3721
3 3724 929 3722
4 3725 869 933 3726
4 3727 869 933 3728
4 3727 3725 3726 3728
3 3727 869 3725
3 3728 933 3726
4 3729 873 1001 1002
4 3730 873 1001 3731
4 3730 3729 1002 3731
3 3730 873 3729
3 3731 1001 1002
4 3732 877 1005 1006
4 3733 877 1005 3734
4 3733 3732 1006 3734
3 3733 877 3732
3 3734 1005 1006
4 3735 881 1009 1010
4 3736 881 1009 3737
4 3736 3735 1010 3737
3 3736 881 3735
3 3737 1009 1010
4 3738 893 1013 1014
4 3739 893 1013 3740
4 3739 3738 1014 3740
3 3739 893 3738
3 3740 1013 1014
4 3741 897 1017 1018
4 3742 897 1017 3743
4 3742 3741 1018 3743
3 3742 897 3741
3 3743 1017 1018
4 3744 901 1021 1022
4 3745 901 1021 3746
4 3745 3744 1022 3746
3 3745 901 3744
3 3746 1021 1022
4 3747 909 1025 1026
4 3748 909 1025 3749
4 3748 3747 1026 3749
3 3748 909 3747
3 3749 1025 1026
4 3750 913 1029 1030
4 3751 913 1029 3752
4 3751 3750 1030 3752
3 3751 913 3750
3 3752 1029 1030
4 3753 917 1033 1034
4 3754 917 1033 3755
4 3754 3753 1034 3755
3 3754 917 3753
3 3755 1033 1034
4 1037 3756 3757 1038
4 3758 3756 1037 3759
4 1038 3757 3758 3759
3 3758 3756 3757
3 3759 1037 1038
4 1041 3760 3761 1042
4 3762 3760 1041 3763
4 1042 3761 3762 3763
3 3762 3760 3761
3 3763 1041 1042
4 3764 3765 1045 1046
4 3766 3765 1045 3767
4 3766 3764 1046 3767
3 3766 3765 3764
3 3767 1045 1046
4 986 985 1049 1050
4 3768 985 1049 3769
4 3768 986 1050 3769
3 3768 985 986
3 3769 1049 1050
4 990 989 1053 1054
4 3770 989 1053 3771
4 3770 990 1054 3771
3 3770 989 990
3 3771 1053 1054
4 994 993 1057 1058
4 3772 993 1057 3773
4 3772 994 1058 3773
3 3772 993 994
3 3773 1057 1058
4 998 997 1061 1062
4 3774 997 1061 3775
4 3774 998 1062 3775
3 3774 997 998
3 3775 1061 1062
4 1081 3776 3777 1082
4 1081 3776 3778 1080
4 1082 3777 3778 1080
3 3778 3776 3777
3 1080 1081 1082
4 1085 3779 3780 1086
4 3781 3779 1085 1084
4 1086 3780 3781 1084
3 3781 3779 3780
3 1084 1085 1086
4 1089 3782 3783 1090
4 3784 3782 1089 1088
4 1090 3783 3784 1088
3 3784 3782 3783
3 1088 1089 1090
4 1093 3785 3786 1094
4 1093 3785 3787 1092
4 1094 3786 3787 1092
3 3787 3785 3786
3 1092 1093 1094
4 1097 3788 3789 1098
4 1097 3788 3790 1096
4 1098 3789 3790 1096
3 3790 3788 3789
3 1096 1097 1098
4 1101 3791 3792 1102
4 3793 3791 1101 1100
4 1102 3792 3793 1100
3 3793 3791 3792
3 1100 1101 1102
4 1105 3794 3795 1106
4 1105 3794 3796 1104
4 1106 3795 3796 1104
3 3796 3794 3795
3 1104 1105 1106
4 1109 3797 3798 1110
4 1109 3797 3799 1108
4 1110 3798 3799 1108
3 3799 3797 3798
3 1108 1109 1110
4 1113 3800 3801 1114
4 1113 3800 3802 1112
4 1114 3801 3802 1112
3 3802 3800 3801
3 1112 1113 1114
4 1117 3803 3804 1118
4 1117 3803 3805 1116
4 1118 3804 3805 1116
3 3805 3803 3804
3 1116 1117 1118
4 1121 3806 3807 1122
4 1121 3806 3808 1120
4 1122 3807 3808 1120
3 3808 3806 3807
3 1120 1121 1122
4 1125 3809 3810 1126
4 1125 3809 3811 1124
4 1126 3810 3811 1124
3 3811 3809 3810
3 1124 1125 1126
4 1129 3812 3813 1130
4 1129 3812 3814 1128
4 1130 3813 3814 1128
3 3814 3812 3813
3 1128 1129 1130
4 1133 3815 3816 1134
4 1133 3815 3817 1132
4 1134 3816 3817 1132
3 3817 3815 3816
3 1132 1133 1134
4 1137 3818 3819 1138
4 1137 3818 3820 1136
4 1138 3819 3820 1136
3 3820 3818 3819
3 1136 1137 1138
4 1141 3821 3822 1142
4 1141 3821 3823 1140
4 1142 3822 3823 1140
3 3823 3821 3822
3 1140 1141 1142
4 1145 3824 3825 1146
4 1145 3824 3826 1144
4 1146 3825 3826 1144
3 3826 3824 3825
3 1144 1145 1146
4 1149 3827 3828 1150
4 1149 3827 3829 1148
4 1150 3828 3829 1148
3 3829 3827 3828
3 1148 1149 1150
4 1153 3830 3831 1154
4 1153 3830 3832 1152
4 1154 3831 3832 1152
3 3832 3830 3831
3 1152 1153 1154
4 1157 3833 3834 1158
4 1157 3833 3835 1156
4 1158 3834 3835 1156
3 3835 3833 3834
3 1156 1157 1158
4 3836 937 1001 3837
4 3838 937 1001 3839
4 3838 3836 3837 3839
3 3838 937 3836
3 3839 1001 3837
4 3840 941 1005 3841
4 3842 941 1005 3843
4 3842 3840 3841 3843
3 3842 941 3840
3 3843 1005 3841
4 3844 945 1009 3845
4 3846 945 1009 3847
4 3846 3844 3845 3847
3 3846 945 3844
3 3847 1009 3845
4 3848 949 1081 1082
4 3849 949 1081 3850
4 3849 3848 1082 3850
3 3849 949 3848
3 3850 1081 1082
4 3851 953 1085 1086
4 3852 953 1085 3853
4 3852 3851 1086 3853
3 3852 953 3851
3 3853 1085 1086
4 3854 957 1089 1090
4 3855 957 1089 3856
4 3855 3854 1090 3856
3 3855 957 3854
3 3856 1089 1090
4 3857 969 1093 1094
4 3858 969 1093 3859
4 3858 3857 1094 3859
3 3858 969 3857
3 3859 1093 1094
4 3860 973 1097 1098
4 3861 973 1097 3862
4 3861 3860 1098 3862
3 3861 973 3860
3 3862 1097 1098
4 3863 977 1101 1102
4 3864 977 1101 3865
4 3864 3863 1102 3865
3 3864 977 3863
3 3865 1101 1102
4 3866 985 1105 1106
4 3867 985 1105 3868
4 3867 3866 1106 3868
3 3867 985 3866
3 3868 1105 1106
4 3869 989 1109 1110
4 3870 989 1109 3871
4 3870 3869 1110 3871
3 3870 989 3869
3 3871 1109 1110
4 3872 993 1113 1114
4 3873 993 1113 3874
4 3873 3872 1114 3874
3 3873 993 3872
3 3874 1113 1114
4 3875 997 1117 1118
4 3876 997 1117 3877
4 3876 3875 1118 3877
3 3876 997 3875
3 3877 1117 1118
4 1121 3878 3879 1122
4 3880 3878 1121 3881
4 1122 3879 3880 3881
3 3880 3878 3879
3 3881 1121 1122
4 1125 3882 3883 1126
4 3884 3882 1125 3885
4 1126 3883 3884 3885
3 3884 3882 3883
3 3885 1125 1126
4 1066 1065 1129 1130
4 3886 1065 1129 3887
4 3886 1066 1130 3887
3 3886 1065 1066
3 3887 1129 1130
4 1070 1069 1133 1134
4 3888 1069 1133 3889
4 3888 1070 1134 3889
3 3888 1069 1070
3 3889 1133 1134
4 1074 1073 1137 1138
4 3890 1073 1137 3891
4 3890 1074 1138 3891
3 3890 1073 1074
3 3891 1137 1138
4 1078 1077 1141 1142
4 3892 1077 1141 3893
4 3892 1078 1142 3893
3 3892 1077 1078
3 3893 1141 1142
4 1161 3894 3895 1162
4 1161 3894 3896 1160
4 1162 3895 3896 1160
3 3896 3894 3895
3 1160 1161 1162
4 1165 3897 3898 1166
4 3899 3897 1165 1164
4 1166 3898 3899 1164
3 3899 3897 3898
3 1164 1165 1166
4 1169 3900 3901 1170
4 3902 3900 1169 1168
4 1170 3901 3902 1168
3 3902 3900 3901
3 1168 1169 1170
4 1173 3903 3904 1174
4 1173 3903 3905 1172
4 1174 3904 3905 1172
3 3905 3903 3904
3 1172 1173 1174
4 1177 3906 3907 1178
4 1177 3906 3908 1176
4 1178 3907 3908 1176
3 3908 3906 3907
3 1176 1177 1178
4 1181 3909 3910 1182
4 1181 3909 3911 1180
4 1182 3910 3911 1180
3 3911 3909 3910
3 1180 1181 1182
4 1185 3912 3913 1186
4 3914 3912 1185 1184
4 1186 3913 3914 1184
3 3914 3912 3913
3 1184 1185 1186
4 1189 3915 3916 1190
4 1189 3915 3917 1188
4 1190 3916 3917 1188
3 3917 3915 3916
3 1188 1189 1190
4 1193 3918 3919 1194
4 1193 3918 3920 1192
4 1194 3919 3920 1192
3 3920 3918 3919
3 1192 1193 1194
4 1197 3921 3922 1198
4 1197 3921 3923 1196
4 1198 3922 3923 1196
3 3923 3921 3922
3 1196 1197 1198
4 1201 3924 3925 1202
4 1201 3924 3926 1200
4 1202 3925 3926 1200
3 3926 3924 3925
3 1200 1201 1202
4 1205 3927 3928 1206
4 1205 3927 3929 1204
4 1206 3928 3929 1204
3 3929 3927 3928
3 1204 1205 1206
4 1209 3930 3931 1210
4 1209 3930 3932 1208
4 1210 3931 3932 1208
3 3932 3930 3931
3 1208 1209 1210
4 1213 3933 3934 1214
4 1213 3933 3935 1212
4 1214 3934 3935 1212
3 3935 3933 3934
3 1212 1213 1214
4 1217 3936 3937 1218
4 1217 3936 3938 1216
4 1218 3937 3938 1216
3 3938 3936 3937
3 1216 1217 1218
4 1221 3939 3940 1222
4 1221 3939 3941 1220
4 1222 3940 3941 1220
3 3941 3939 3940
3 1220 1221 1222
4 1225 3942 3943 1226
4 1225 3942 3944 1224
4 1226 3943 3944 1224
3 3944 3942 3943
3 1224 1225 1226
4 1229 3945 3946 1230
4 1229 3945 3947 1228
4 1230 3946 3947 1228
3 3947 3945 3946
3 1228 1229 1230
4 1233 3948 3949 1234
4 1233 3948 3950 1232
4 1234 3949 3950 1232
3 3950 3948 3949
3 1232 1233 1234
4 1237 3951 3952 1238
4 1237 3951 3953 1236
4 1238 3952 3953 1236
3 3953 3951 3952
3 1236 1237 1238
4 3954 1013 1081 3955
4 3956 1013 1081 3957
4 3956 3954 3955 3957
3 3956 1013 3954
3 3957 1081 3955
4 3958 1017 1085 3959
4 3960 1017 1085 3961
4 3960 3958 3959 3961
3 3960 1017 3958
3 3961 1085 3959
4 3962 1021 1089 3963
4 3964 1021 1089 3965
4 3964 3962 3963 3965
3 3964 1021 3962
3 3965 1089 3963
4 3966 1025 1161 1162
4 3967 1025 1161 3968
4 3967 3966 1162 3968
3 3967 1025 3966
3 3968 1161 1162
4 3969 1029 1165 1166
4 3970 1029 1165 3971
4 3970 3969 1166 3971
3 3970 1029 3969
3 3971 1165 1166
4 3972 1033 1169 1170
4 3973 1033 1169 3974
4 3973 3972 1170 3974
3 3973 1033 3972
3 3974 1169 1170
4 3975 1049 1173 1174
4 3976 1049 1173 3977
4 3976 3975 1174 3977
3 3976 1049 3975
3 3977 1173 1174
4 3978 1053 1177 1178
4 3979 1053 1177 3980
4 3979 3978 1178 3980
3 3979 1053 3978
3 3980 1177 1178
4 3981 1057 1181 1182
4 3982 1057 1181 3983
4 3982 3981 1182 3983
3 3982 1057 3981
3 3983 1181 1182
4 3984 1061 1185 1186
4 3985 1061 1185 3986
4 3985 3984 1186 3986
3 3985 1061 3984
3 3986 1185 1186
4 3987 1065 1189 1190
4 3988 1065 1189 3989
4 3988 3987 1190 3989
3 3988 1065 3987
3 3989 1189 1190
4 3990 1069 1193 1194
4 3991 1069 1193 3992
4 3991 3990 1194 3992
3 3991 1069 3990
3 3992 1193 1194
4 3993 1073 1197 1198
4 3994 1073 1197 3995
4 3994 3993 1198 3995
3 3994 1073 3993
3 3995 1197 1198
4 3996 1077 1201 1202
4 3997 1077 1201 3998
4 3997 3996 1202 3998
3 3997 1077 3996
3 3998 1201 1202
4 1205 3999 4000 1206
4 4001 3999 1205 4002
4 1206 4000 4001 4002
3 4001 3999 4000
3 4002 1205 1206
4 1209 4003 4004 1210
4 4005 4003 1209 4006
4 1210 4004 4005 4006
3 4005 4003 4004
3 4006 1209 1210
4 1146 1145 1213 1214
4 4007 1145 1213 4008
4 4007 1146 1214 4008
3 4007 1145 1146
3 4008 1213 1214
4 1150 1149 1217 1218
4 4009 1149 1217 4010
4 4009 1150 1218 4010
3 4009 1149 1150
3 4010 1217 1218
4 1154 1153 1221 1222
4 4011 1153 1221 4012
4 4011 1154 1222 4012
3 4011 1153 1154
3 4012 1221 1222
4 1158 1157 1225 1226
4 4013 1157 1225 4014
4 4013 1158 1226 4014
3 4013 1157 1158
3 4014 1225 1226
4 1241 4015 4016 1242
4 1241 4015 4017 1240
4 1242 4016 4017 1240
3 4017 4015 4016
3 1240 1241 1242
4 1245 4018 4019 1246
4 4020 4018 1245 1244
4 1246 4019 4020 1244
3 4020 4018 4019
3 1244 1245 1246
4 1249 4021 4022 1250
4 4023 4021 1249 1248
4 1250 4022 4023 1248
3 4023 4021 4022
3 1248 1249 1250
4 1253 4024 4025 1254
4 4026 4024 1253 1252
4 1254 4025 4026 1252
3 4026 4024 4025
3 1252 1253 1254
4 1257 4027 4028 1258
4 1257 4027 4029 1256
4 1258 4028 4029 1256
3 4029 4027 4028
3 1256 1257 1258
4 1261 4030 4031 1262
4 1261 4030 4032 1260
4 1262 4031 4032 1260
3 4032 4030 4031
3 1260 1261 1262
4 1265 4033 4034 1266
4 1265 4033 4035 1264
4 1266 4034 4035 1264
3 4035 4033 4034
3 1264 1265 1266
4 1269 4036 4037 1270
4 1269 4036 4038 1268
4 1270 4037 4038 1268
3 4038 4036 4037
3 1268 1269 1270
4 1273 4039 4040 1274
4 1273 4039 4041 1272
4 1274 4040 4041 1272
3 4041 4039 4040
3 1272 1273 1274
4 1277 4042 4043 1278
4 1277 4042 4044 1276
4 1278 4043 4044 1276
3 4044 4042 4043
3 1276 1277 1278
4 1281 4045 4046 1282
4 1281 4045 4047 1280
4 1282 4046 4047 1280
3 4047 4045 4046
3 1280 1281 1282
4 1285 4048 4049 1286
4 1285 4048 4050 1284
4 1286 4049 4050 1284
3 4050 4048 4049
3 1284 1285 1286
4 1289 4051 4052 1290
4 1289 4051 4053 1288
4 1290 4052 4053 1288
3 4053 4051 4052
3 1288 1289 1290
4 1293 4054 4055 1294
4 1293 4054 4056 1292
4 1294 4055 4056 1292
3 4056 4054 4055
3 1292 1293 1294
4 1297 4057 4058 1298
4 1297 4057 4059 1296
4 1298 4058 4059 1296
3 4059 4057 4058
3 1296 1297 1298
4 1301 4060 4061 1302
4 1301 4060 4062 1300
4 1302 4061 4062 1300
3 4062 4060 4061
3 1300 1301 1302
4 1305 4063 4064 1306
4 1305 4063 4065 1304
4 1306 4064 4065 1304
3 4065 4063 4064
3 1304 1305 1306
4 1309 4066 4067 1310
4 1309 4066 4068 1308
4 1310 4067 4068 1308
3 4068 4066 4067
3 1308 1309 1310
4 1313 4069 4070 1314
4 1313 4069 4071 1312
4 1314 4070 4071 1312
3 4071 4069 4070
3 1312 1313 1314
4 1317 4072 4073 1318
4 1317 4072 4074 1316
4 1318 4073 4074 1316
3 4074 4072 4073
3 1316 1317 1318
4 4075 1093 1161 4076
4 4077 1093 1161 4078
4 4077 4075 4076 4078
3 4077 1093 4075
3 4078 1161 4076
4 4079 1097 1165 4080
4 4081 1097 1165 4082
4 4081 4079 4080 4082
3 4081 1097 4079
3 4082 1165 4080
4 4083 1101 1169 4084
4 4085 1101 1169 4086
4 4085 4083 4084 4086
3 4085 1101 4083
3 4086 1169 4084
4 4087 1105 1241 1242
4 4088 1105 1241 4089
4 4088 4087 1242 4089
3 4088 1105 4087
3 4089 1241 1242
4 4090 1109 1245 1246
4 4091 1109 1245 4092
4 4091 4090 1246 4092
3 4091 1109 4090
3 4092 1245 1246
4 4093 1113 1249 1250
4 4094 1113 1249 4095
4 4094 4093 1250 4095
3 4094 1113 4093
3 4095 1249 1250
4 4096 1117 1253 1254
4 4097 1117 1253 4098
4 4097 4096 1254 4098
3 4097 1117 4096
3 4098 1253 1254
4 4099 1129 1257 1258
4 4100 1129 1257 4101
4 4100 4099 1258 4101
3 4100 1129 4099
3 4101 1257 1258
4 4102 1133 1261 1262
4 4103 1133 1261 4104
4 4103 4102 1262 4104
3 4103 1133 4102
3 4104 1261 1262
4 4105 1137 1265 1266
4 4106 1137 1265 4107
4 4106 4105 1266 4107
3 4106 1137 4105
3 4107 1265 1266
4 4108 1141 1269 1270
4 4109 1141 1269 4110
4 4109 4108 1270 4110
3 4109 1141 4108
3 4110 1269 1270
4 4111 1145 1273 1274
4 4112 1145 1273 4113
4 4112 4111 1274 4113
3 4112 1145 4111
3 4113 1273 1274
4 4114 1149 1277 1278
4 4115 1149 1277 4116
4 4115 4114 1278 4116
3 4115 1149 4114
3 4116 1277 1278
4 4117 1153 1281 1282
4 4118 1153 1281 4119
4 4118 4117 1282 4119
3 4118 1153 4117
3 4119 1281 1282
4 4120 1157 1285 1286
4 4121 1157 1285 4122
4 4121 4120 1286 4122
3 4121 1157 4120
3 4122 1285 1286
4 1289 4123 4124 1290
4 4125 4123 1289 4126
4 1290 4124 4125 4126
3 4125 4123 4124
3 4126 1289 1290
4 1293 4127 4128 1294
4 4129 4127 1293 4130
4 1294 4128 4129 4130
3 4129 4127 4128
3 4130 1293 1294
4 1230 1229 1297 1298
4 4131 1229 1297 4132
4 4131 1230 1298 4132
3 4131 1229 1230
3 4132 1297 1298
4 1234 1233 1301 1302
4 4133 1233 1301 4134
4 4133 1234 1302 4134
3 4133 1233 1234
3 4134 1301 1302
4 1238 1237 1305 1306
4 4135 1237 1305 4136
4 4135 1238 1306 4136
3 4135 1237 1238
3 4136 1305 1306
4 1321 4137 4138 1322
4 1321 4137 4139 1320
4 1322 4138 4139 1320
3 4139 4137 4138
3 1320 1321 1322
4 1325 4140 4141 1326
4 1325 4140 4142 1324
4 1326 4141 4142 1324
3 4142 4140 4141
3 1324 1325 1326
4 1329 4143 4144 1330
4 4145 4143 1329 1328
4 1330 4144 4145 1328
3 4145 4143 4144
3 1328 1329 1330
4 1333 4146 4147 1334
4 4148 4146 1333 1332
4 1334 4147 4148 1332
3 4148 4146 4147
3 1332 1333 1334
4 1337 4149 4150 1338
4 1337 4149 4151 1336
4 1338 4150 4151 1336
3 4151 4149 4150
3 1336 1337 1338
4 1341 4152 4153 1342
4 1341 4152 4154 1340
4 1342 4153 4154 1340
3 4154 4152 4153
3 1340 1341 1342
4 1345 4155 4156 1346
4 1345 4155 4157 1344
4 1346 4156 4157 1344
3 4157 4155 4156
3 1344 1345 1346
4 1349 4158 4159 1350
4 1349 4158 4160 1348
4 1350 4159 4160 1348
3 4160 4158 4159
3 1348 1349 1350
4 1353 4161 4162 1354
4 1353 4161 4163 1352
4 1354 4162 4163 1352
3 4163 4161 4162
3 1352 1353 1354
4 1357 4164 4165 1358
4 1357 4164 4166 1356
4 1358 4165 4166 1356
3 4166 4164 4165
3 1356 1357 1358
4 1361 4167 4168 1362
4 1361 4167 4169 1360
4 1362 4168 4169 1360
3 4169 4167 4168
3 1360 1361 1362
4 1365 4170 4171 1366
4 1365 4170 4172 1364
4 1366 4171 4172 1364
3 4172 4170 4171
3 1364 1365 1366
4 1369 4173 4174 1370
4 1369 4173 4175 1368
4 1370 4174 4175 1368
3 4175 4173 4174
3 1368 1369 1370
4 1373 4176 4177 1374
4 1373 4176 4178 1372
4 1374 4177 4178 1372
3 4178 4176 4177
3 1372 1373 1374
4 1377 4179 4180 1378
4 1377 4179 4181 1376
4 1378 4180 4181 1376
3 4181 4179 4180
3 1376 1377 1378
4 1381 4182 4183 1382
4 1381 4182 4184 1380
4 1382 4183 4184 1380
3 4184 4182 4183
3 1380 1381 1382
4 1385 4185 4186 1386
4 1385 4185 4187 1384
4 1386 4186 4187 1384
3 4187 4185 4186
3 1384 1385 1386
4 1389 4188 4189 1390
4 1389 4188 4190 1388
4 1390 4189 4190 1388
3 4190 4188 4189
3 1388 1389 1390
4 1393 4191 4192 1394
4 1393 4191 4193 1392
4 1394 4192 4193 1392
3 4193 4191 4192
3 1392 1393 1394
4 1397 4194 4195 1398
4 1397 4194 4196 1396
4 1398 4195 4196 1396
3 4196 4194 4195
3 1396 1397 1398
4 4197 1173 1241 4198
4 4199 1173 1241 4200
4 4199 4197 4198 4200
3 4199 1173 4197
3 4200 1241 4198
4 4201 1177 1245 4202
4 4203 1177 1245 4204
4 4203 4201 4202 4204
3 4203 1177 4201
3 4204 1245 4202
4 4205 1181 1249 4206
4 4207 1181 1249 4208
4 4207 4205 4206 4208
3 4207 1181 4205
3 4208 1249 4206
4 4209 1185 1253 4210
4 4211 1185 1253 4212
4 4211 4209 4210 4212
3 4211 1185 4209
3 4212 1253 4210
4 4213 1189 1321 1322
4 4214 1189 1321 4215
4 4214 4213 1322 4215
3 4214 1189 4213
3 4215 1321 1322
4 4216 1193 1325 1326
4 4217 1193 1325 4218
4 4217 4216 1326 4218
3 4217 1193 4216
3 4218 1325 1326
4 4219 1197 1329 1330
4 4220 1197 1329 4221
4 4220 4219 1330 4221
3 4220 1197 4219
3 4221 1329 1330
4 4222 1201 1333 1334
4 4223 1201 1333 4224
4 4223 4222 1334 4224
3 4223 1201 4222
3 4224 1333 1334
4 4225 1213 1337 1338
4 4226 1213 1337 4227
4 4226 4225 1338 4227
3 4226 1213 4225
3 4227 1337 1338
4 4228 1217 1341 1342
4 4229 1217 1341 4230
4 4229 4228 1342 4230
3 4229 1217 4228
3 4230 1341 1342
4 4231 1221 1345 1346
4 4232 1221 1345 4233
4 4232 4231 1346 4233
3 4232 1221 4231
3 4233 1345 1346
4 4234 1225 1349 1350
4 4235 1225 1349 4236
4 4235 4234 1350 4236
3 4235 1225 4234
3 4236 1349 1350
4 4237 1229 1353 1354
4 4238 1229 1353 4239
4 4238 4237 1354 4239
3 4238 1229 4237
3 4239 1353 1354
4 4240 1233 1357 1358
4 4241 1233 1357 4242
4 4241 4240 1358 4242
3 4241 1233 4240
3 4242 1357 1358
4 1361 4243 4244 1362
4 4245 4243 1361 4246
4 1362 4244 4245 4246
3 4245 4243 4244
3 4246 1361 1362
4 4247 1237 1365 1366
4 4248 1237 1365 4249
4 4248 4247 1366 4249
3 4248 1237 4247
3 4249 1365 1366
4 1369 4250 4251 1370
4 4252 4250 1369 4253
4 1370 4251 4252 4253
3 4252 4250 4251
3 4253 1369 1370
4 1373 4254 4255 1374
4 4256 4254 1373 4257
4 1374 4255 4256 4257
3 4256 4254 4255
3 4257 1373 1374
4 1310 1309 1377 1378
4 4258 1309 1377 4259
4 4258 1310 1378 4259
3 4258 1309 1310
3 4259 1377 1378
4 1314 1313 1381 1382
4 4260 1313 1381 4261
4 4260 1314 1382 4261
3 4260 1313 1314
3 4261 1381 1382
4 1318 1317 1385 1386
4 4262 1317 1385 4263
4 4262 1318 1386 4263
3 4262 1317 1318
3 4263 1385 1386
4 1401 4264 4265 1402
4 1401 4264 4266 1400
4 1402 4265 4266 1400
3 4266 4264 4265
3 1400 1401 1402
4 1405 4267 4268 1406
4 1405 4267 4269 1404
4 1406 4268 4269 1404
3 4269 4267 4268
3 1404 1405 1406
4 1409 4270 4271 1410
4 4272 4270 1409 1408
4 1410 4271 4272 1408
3 4272 4270 4271
3 1408 1409 1410
4 1413 4273 4274 1414
4 4275 4273 1413 1412
4 1414 4274 4275 1412
3 4275 4273 4274
3 1412 1413 1414
4 1417 4276 4277 1418
4 1417 4276 4278 1416
4 1418 4277 4278 1416
3 4278 4276 4277
3 1416 1417 1418
4 1421 4279 4280 1422
4 1421 4279 4281 1420
4 1422 4280 4281 1420
3 4281 4279 4280
3 1420 1421 1422
4 1425 4282 4283 1426
4 1425 4282 4284 1424
4 1426 4283 4284 1424
3 4284 4282 4283
3 1424 1425 1426
4 1429 4285 4286 1430
4 1429 4285 4287 1428
4 1430 4286 4287 1428
3 4287 4285 4286
3 1428 1429 1430
4 1433 4288 4289 1434
4 1433 4288 4290 1432
4 1434 4289 4290 1432
3 4290 4288 4289
3 1432 1433 1434
4 1437 4291 4292 1438
4 1437 4291 4293 1436
4 1438 4292 4293 1436
3 4293 4291 4292
3 1436 1437 1438
4 1441 4294 4295 1442
4 1441 4294 4296 1440
4 1442 4295 4296 1440
3 4296 4294 4295
3 1440 1441 1442
4 1445 4297 4298 1446
4 1445 4297 4299 1444
4 1446 4298 4299 1444
3 4299 4297 4298
3 1444 1445 1446
4 1449 4300 4301 1450
4 1449 4300 4302 1448
4 1450 4301 4302 1448
3 4302 4300 4301
3 1448 1449 1450
4 1453 4303 4304 1454
4 1453 4303 4305 1452
4 1454 4304 4305 1452
3 4305 4303 4304
3 1452 1453 1454
4 1457 4306 4307 1458
4 1457 4306 4308 1456
4 1458 4307 4308 1456
3 4308 4306 4307
3 1456 1457 1458
4 1461 4309 4310 1462
4 1461 4309 4311 1460
4 1462 4310 4311 1460
3 4311 4309 4310
3 1460 1461 1462
4 1465 4312 4313 1466
4 1465 4312 4314 1464
4 1466 4313 4314 1464
3 4314 4312 4313
3 1464 1465 1466
4 1469 4315 4316 1470
4 1469 4315 4317 1468
4 1470 4316 4317 1468
3 4317 4315 4316
3 1468 1469 1470
4 1473 4318 4319 1474
4 1473 4318 4320 1472
4 1474 4319 4320 1472
3 4320 4318 4319
3 1472 1473 1474
4 4321 1257 1321 4322
4 4323 1257 1321 4324
4 4323 4321 4322 4324
3 4323 1257 4321
3 4324 1321 4322
4 4325 1261 1325 4326
4 4327 1261 1325 4328
4 4327 4325 4326 4328
3 4327 1261 4325
3 4328 1325 4326
4 4329 1265 1329 4330
4 4331 1265 1329 4332
4 4331 4329 4330 4332
3 4331 1265 4329
3 4332 1329 4330
4 4333 1269 1333 4334
4 4335 1269 1333 4336
4 4335 4333 4334 4336
3 4335 1269 4333
3 4336 1333 4334
4 4337 1273 1401 1402
4 4338 1273 1401 4339
4 4338 4337 1402 4339
3 4338 1273 4337
3 4339 1401 1402
4 4340 1277 1405 1406
4 4341 1277 1405 4342
4 4341 4340 1406 4342
3 4341 1277 4340
3 4342 1405 1406
4 4343 1281 1409 1410
4 4344 1281 1409 4345
4 4344 4343 1410 4345
3 4344 1281 4343
3 4345 1409 1410
4 4346 1285 1413 1414
4 4347 1285 1413 4348
4 4347 4346 1414 4348
3 4347 1285 4346
3 4348 1413 1414
4 4349 1297 1417 1418
4 4350 1297 1417 4351
4 4350 4349 1418 4351
3 4350 1297 4349
3 4351 1417 1418
4 4352 1301 1421 1422
4 4353 1301 1421 4354
4 4353 4352 1422 4354
3 4353 1301 4352
3 4354 1421 1422
4 1425 4355 4356 1426
4 4357 4355 1425 4358
4 1426 4356 4357 4358
3 4357 4355 4356
3 4358 1425 1426
4 4359 1305 1429 1430
4 4360 1305 1429 4361
4 4360 4359 1430 4361
3 4360 1305 4359
3 4361 1429 1430
4 4362 1309 1433 1434
4 4363 1309 1433 4364
4 4363 4362 1434 4364
3 4363 1309 4362
3 4364 1433 1434
4 4365 1313 1437 1438
4 4366 1313 1437 4367
4 4366 4365 1438 4367
3 4366 1313 4365
3 4367 1437 1438
4 1441 4368 4369 1442
4 4370 4368 1441 4371
4 1442 4369 4370 4371
3 4370 4368 4369
3 4371 1441 1442
4 4372 1317 1445 1446
4 4373 1317 1445 4374
4 4373 4372 1446 4374
3 4373 1317 4372
3 4374 1445 1446
4 1449 4375 4376 1450
4 4377 4375 1449 4378
4 1450 4376 4377 4378
3 4377 4375 4376
3 4378 1449 1450
4 1390 1389 1453 1454
4 4379 1389 1453 4380
4 4379 1390 1454 4380
3 4379 1389 1390
3 4380 1453 1454
4 1394 1393 1457 1458
4 4381 1393 1457 4382
4 4381 1394 1458 4382
3 4381 1393 1394
3 4382 1457 1458
4 1398 1397 1461 1462
4 4383 1397 1461 4384
4 4383 1398 1462 4384
3 4383 1397 1398
3 4384 1461 1462
4 1477 4385 4386 1478
4 1477 4385 4387 1476
4 1478 4386 4387 1476
3 4387 4385 4386
3 1476 1477 1478
4 1481 4388 4389 1482
4 1481 4388 4390 1480
4 1482 4389 4390 1480
3 4390 4388 4389
3 1480 1481 1482
4 1485 4391 4392 1486
4 4393 4391 1485 1484
4 1486 4392 4393 1484
3 4393 4391 4392
3 1484 1485 1486
4 1489 4394 4395 1490
4 4396 4394 1489 1488
4 1490 4395 4396 1488
3 4396 4394 4395
3 1488 1489 1490
4 1493 4397 4398 1494
4 1493 4397 4399 1492
4 1494 4398 4399 1492
3 4399 4397 4398
3 1492 1493 1494
4 1497 4400 4401 1498
4 1497 4400 4402 1496
4 1498 4401 4402 1496
3 4402 4400 4401
3 1496 1497 1498
4 1501 4403 4404 1502
4 1501 4403 4405 1500
4 1502 4404 4405 1500
3 4405 4403 4404
3 1500 1501 1502
4 1505 4406 4407 1506
4 1505 4406 4408 1504
4 1506 4407 4408 1504
3 4408 4406 4407
3 1504 1505 1506
4 1509 4409 4410 1510
4 1509 4409 4411 1508
4 1510 4410 4411 1508
3 4411 4409 4410
3 1508 1509 1510
4 1513 4412 4413 1514
4 1513 4412 4414 1512
4 1514 4413 4414 1512
3 4414 4412 4413
3 1512 1513 1514
4 1517 4415 4416 1518
4 1517 4415 4417 1516
4 1518 4416 4417 1516
3 4417 4415 4416
3 1516 1517 1518
4 1521 4418 4419 1522
4 1521 4418 4420 1520
4 1522 4419 4420 1520
3 4420 4418 4419
3 1520 1521 1522
4 1525 4421 4422 1526
4 1525 4421 4423 1524
4 1526 4422 4423 1524
3 4423 4421 4422
3 1524 1525 1526
4 1529 4424 4425 1530
4 1529 4424 4426 1528
4 1530 4425 4426 1528
3 4426 4424 4425
3 1528 1529 1530
4 1533 4427 4428 1534
4 1533 4427 4429 1532
4 1534 4428 4429 1532
3 4429 4427 4428
3 1532 1533 1534
4 1537 4430 4431 1538
4 1537 4430 4432 1536
4 1538 4431 4432 1536
3 4432 4430 4431
3 1536 1537 1538
4 1541 4433 4434 1542
4 1541 4433 4435 1540
4 1542 4434 4435 1540
3 4435 4433 4434
3 1540 1541 1542
4 1545 4436 4437 1546
4 1545 4436 4438 1544
4 1546 4437 4438 1544
3 4438 4436 4437
3 1544 1545 1546
4 1549 4439 4440 1550
4 1549 4439 4441 1548
4 1550 4440 4441 1548
3 4441 4439 4440
3 1548 1549 1550
4 4442 1337 1401 4443
4 4444 1337 1401 4445
4 4444 4442 4443 4445
3 4444 1337 4442
3 4445 1401 4443
4 4446 1341 1405 4447
4 4448 1341 1405 4449
4 4448 4446 4447 4449
3 4448 1341 4446
3 4449 1405 4447
4 4450 1345 1409 4451
4 4452 1345 1409 4453
4 4452 4450 4451 4453
3 4452 1345 4450
3 4453 1409 4451
4 4454 1349 1413 4455
4 4456 1349 1413 4457
4 4456 4454 4455 4457
3 4456 1349 4454
3 4457 1413 4455
4 4458 1353 1477 1478
4 4459 1353 1477 4460
4 4459 4458 1478 4460
3 4459 1353 4458
3 4460 1477 1478
4 4461 1357 1481 1482
4 4462 1357 1481 4463
4 4462 4461 1482 4463
3 4462 1357 4461
3 4463 1481 1482
4 4464 1361 1485 1486
4 4465 1361 1485 4466
4 4465 4464 1486 4466
3 4465 1361 4464
3 4466 1485 1486
4 4467 1365 1489 1490
4 4468 1365 1489 4469
4 4468 4467 1490 4469
3 4468 1365 4467
3 4469 1489 1490
4 4470 1377 1493 1494
4 4471 1377 1493 4472
4 4471 4470 1494 4472
3 4471 1377 4470
3 4472 1493 1494
4 4473 1381 1497 1498
4 4474 1381 1497 4475
4 4474 4473 1498 4475
3 4474 1381 4473
3 4475 1497 1498
4 1501 4476 4477 1502
4 4478 4476 1501 4479
4 1502 4477 4478 4479
3 4478 4476 4477
3 4479 1501 1502
4 4480 1385 1505 1506
4 4481 1385 1505 4482
4 4481 4480 1506 4482
3 4481 1385 4480
3 4482 1505 1506
4 4483 1389 1509 1510
4 4484 1389 1509 4485
4 4484 4483 1510 4485
3 4484 1389 4483
3 4485 1509 1510
4 4486 1393 1513 1514
4 4487 1393 1513 4488
4 4487 4486 1514 4488
3 4487 1393 4486
3 4488 1513 1514
4 4489 1397 1517 1518
4 4490 1397 1517 4491
4 4490 4489 1518 4491
3 4490 1397 4489
3 4491 1517 1518
4 1521 4492 4493 1522
4 4494 4492 1521 4495
4 1522 4493 4494 4495
3 4494 4492 4493
3 4495 1521 1522
4 1525 4496 4497 1526
4 4498 4496 1525 4499
4 1526 4497 4498 4499
3 4498 4496 4497
3 4499 1525 1526
4 1466 1465 1529 1530
4 4500 1465 1529 4501
4 4500 1466 1530 4501
3 4500 1465 1466
3 4501 1529 1530
4 1470 1469 1533 1534
4 4502 1469 1533 4503
4 4502 1470 1534 4503
3 4502 1469 1470
3 4503 1533 1534
4 1474 1473 1537 1538
4 4504 1473 1537 4505
4 4504 1474 1538 4505
3 4504 1473 1474
3 4505 1537 1538
4 1553 4506 4507 1554
4 1553 4506 4508 1552
4 1554 4507 4508 1552
3 4508 4506 4507
3 1552 1553 1554
4 1557 4509 4510 1558
4 1557 4509 4511 1556
4 1558 4510 4511 1556
3 4511 4509 4510
3 1556 1557 1558
4 1561 4512 4513 1562
4 4514 4512 1561 1560
4 1562 4513 4514 1560
3 4514 4512 4513
3 1560 1561 1562
4 1565 4515 4516 1566
4 4517 4515 1565 1564
4 1566 4516 4517 1564
3 4517 4515 4516
3 1564 1565 1566
4 1569 4518 4519 1570
4 1569 4518 4520 1568
4 1570 4519 4520 1568
3 4520 4518 4519
3 1568 1569 1570
4 1573 4521 4522 1574
4 1573 4521 4523 1572
4 1574 4522 4523 1572
3 4523 4521 4522
3 1572 1573 1574
4 1577 4524 4525 1578
4 1577 4524 4526 1576
4 1578 4525 4526 1576
3 4526 4524 4525
3 1576 1577 1578
4 1581 4527 4528 1582
4 1581 4527 4529 1580
4 1582 4528 4529 1580
3 4529 4527 4528
3 1580 1581 1582
4 1585 4530 4531 1586
4 1585 4530 4532 1584
4 1586 4531 4532 1584
3 4532 4530 4531
3 1584 1585 1586
4 1589 4533 4534 1590
4 1589 4533 4535 1588
4 1590 4534 4535 1588
3 4535 4533 4534
3 1588 1589 1590
4 1593 4536 4537 1594
4 1593 4536 4538 1592
4 1594 4537 4538 1592
3 4538 4536 4537
3 1592 1593 1594
4 1597 4539 4540 1598
4 1597 4539 4541 1596
4 1598 4540 4541 1596
3 4541 4539 4540
3 1596 1597 1598
4 1601 4542 4543 1602
4 1601 4542 4544 1600
4 1602 4543 4544 1600
3 4544 4542 4543
3 1600 1601 1602
4 1605 4545 4546 1606
4 1605 4545 4547 1604
4 1606 4546 4547 1604
3 4547 4545 4546
3 1604 1605 1606
4 1609 4548 4549 1610
4 1609 4548 4550 1608
4 1610 4549 4550 1608
3 4550 4548 4549
3 1608 1609 1610
4 1613 4551 4552 1614
4 1613 4551 4553 1612
4 1614 4552 4553 1612
3 4553 4551 4552
3 1612 1613 1614
4 1617 4554 4555 1618
4 1617 4554 4556 1616
4 1618 4555 4556 1616
3 4556 4554 4555
3 1616 1617 1618
4 1621 4557 4558 1622
4 1621 4557 4559 1620
4 1622 4558 4559 1620
3 4559 4557 4558
3 1620 1621 1622
4 1625 4560 4561 1626
4 1625 4560 4562 1624
4 1626 4561 4562 1624
3 4562 4560 4561
3 1624 1625 1626
4 4563 1417 1477 4564
4 4565 1417 1477 4566
4 4565 4563 4564 4566
3 4565 1417 4563
3 4566 1477 4564
4 4567 1421 1481 4568
4 4569 1421 1481 4570
4 4569 4567 4568 4570
3 4569 1421 4567
3 4570 1481 4568
4 4571 1425 1485 4572
4 4573 1425 1485 4574
4 4573 4571 4572 4574
3 4573 1425 4571
3 4574 1485 4572
4 4575 1429 1489 4576
4 4577 1429 1489 4578
4 4577 4575 4576 4578
3 4577 1429 4575
3 4578 1489 4576
4 4579 1433 1553 1554
4 4580 1433 1553 4581
4 4580 4579 1554 4581
3 4580 1433 4579
3 4581 1553 1554
4 4582 1437 1557 1558
4 4583 1437 1557 4584
4 4583 4582 1558 4584
3 4583 1437 4582
3 4584 1557 1558
4 4585 1441 1561 1562
4 4586 1441 1561 4587
4 4586 4585 1562 4587
3 4586 1441 4585
3 4587 1561 1562
4 4588 1445 1565 1566
4 4589 1445 1565 4590
4 4589 4588 1566 4590
3 4589 1445 4588
3 4590 1565 1566
4 4591 1453 1569 1570
4 4592 1453 1569 4593
4 4592 4591 1570 4593
3 4592 1453 4591
3 4593 1569 1570
4 4594 1457 1573 1574
4 4595 1457 1573 4596
4 4595 4594 1574 4596
3 4595 1457 4594
3 4596 1573 1574
4 4597 1461 1577 1578
4 4598 1461 1577 4599
4 4598 4597 1578 4599
3 4598 1461 4597
3 4599 1577 1578
4 1581 4600 4601 1582
4 4602 4600 1581 4603
4 1582 4601 4602 4603
3 4602 4600 4601
3 4603 1581 1582
4 4604 1465 1585 1586
4 4605 1465 1585 4606
4 4605 4604 1586 4606
3 4605 1465 4604
3 4606 1585 1586
4 4607 1469 1589 1590
4 4608 1469 1589 4609
4 4608 4607 1590 4609
3 4608 1469 4607
3 4609 1589 1590
4 4610 1473 1593 1594
4 4611 1473 1593 4612
4 4611 4610 1594 4612
3 4611 1473 4610
3 4612 1593 1594
4 1597 4613 4614 1598
4 4615 4613 1597 4616
4 1598 4614 4615 4616
3 4615 4613 4614
3 4616 1597 1598
4 1601 4617 4618 1602
4 4619 4617 1601 4620
4 1602 4618 4619 4620
3 4619 4617 4618
3 4620 1601 1602
4 1542 1541 1605 1606
4 4621 1541 1605 4622
4 4621 1542 1606 4622
3 4621 1541 1542
3 4622 1605 1606
4 1546 1545 1609 1610
4 4623 1545 1609 4624
4 4623 1546 1610 4624
3 4623 1545 1546
3 4624 1609 1610
4 1550 1549 1613 1614
4 4625 1549 1613 4626
4 4625 1550 1614 4626
3 4625 1549 1550
3 4626 1613 1614
4 1629 4627 4628 1630
4 1629 4627 4629 1628
4 1630 4628 4629 1628
3 4629 4627 4628
3 1628 1629 1630
4 1633 4630 4631 1634
4 1633 4630 4632 1632
4 1634 4631 4632 1632
3 4632 4630 4631
3 1632 1633 1634
4 1637 4633 4634 1638
4 1637 4633 4635 1636
4 1638 4634 4635 1636
3 4635 4633 4634
3 1636 1637 1638
4 1641 4636 4637 1642
4 4638 4636 1641 1640
4 1642 4637 4638 1640
3 4638 4636 4637
3 1640 1641 1642
4 1645 4639 4640 1646
4 1645 4639 4641 1644
4 1646 4640 4641 1644
3 4641 4639 4640
3 1644 1645 1646
4 1649 4642 4643 1650
4 1649 4642 4644 1648
4 1650 4643 4644 1648
3 4644 4642 4643
3 1648 1649 1650
4 1653 4645 4646 1654
4 1653 4645 4647 1652
4 1654 4646 4647 1652
3 4647 4645 4646
3 1652 1653 1654
4 1657 4648 4649 1658
4 1657 4648 4650 1656
4 1658 4649 4650 1656
3 4650 4648 4649
3 1656 1657 1658
4 1661 4651 4652 1662
4 1661 4651 4653 1660
4 1662 4652 4653 1660
3 4653 4651 4652
3 1660 1661 1662
4 1665 4654 4655 1666
4 1665 4654 4656 1664
4 1666 4655 4656 1664
3 4656 4654 4655
3 1664 1665 1666
4 1669 4657 4658 1670
4 1669 4657 4659 1668
4 1670 4658 4659 1668
3 4659 4657 4658
3 1668 1669 1670
4 1673 4660 4661 1674
4 1673 4660 4662 1672
4 1674 4661 4662 1672
3 4662 4660 4661
3 1672 1673 1674
4 1677 4663 4664 1678
4 1677 4663 4665 1676
4 1678 4664 4665 1676
3 4665 4663 4664
3 1676 1677 1678
4 1681 4666 4667 1682
4 1681 4666 4668 1680
4 1682 4667 4668 1680
3 4668 4666 4667
3 1680 1681 1682
4 1685 4669 4670 1686
4 1685 4669 4671 1684
4 1686 4670 4671 1684
3 4671 4669 4670
3 1684 1685 1686
4 1689 4672 4673 1690
4 1689 4672 4674 1688
4 1690 4673 4674 1688
3 4674 4672 4673
3 1688 1689 1690
4 1693 4675 4676 1694
4 1693 4675 4677 1692
4 1694 4676 4677 1692
3 4677 4675 4676
3 1692 1693 1694
4 1697 4678 4679 1698
4 1697 4678 4680 1696
4 1698 4679 4680 1696
3 4680 4678 4679
3 1696 1697 1698
4 4681 1493 1553 4682
4 4683 1493 1553 4684
4 4683 4681 4682 4684
3 4683 1493 4681
3 4684 1553 4682
4 4685 1497 1557 4686
4 4687 1497 1557 4688
4 4687 4685 4686 4688
3 4687 1497 4685
3 4688 1557 4686
4 4689 1501 1561 4690
4 4691 1501 1561 4692
4 4691 4689 4690 4692
3 4691 1501 4689
3 4692 1561 4690
4 4693 1505 1565 4694
4 4695 1505 1565 4696
4 4695 4693 4694 4696
3 4695 1505 4693
3 4696 1565 4694
4 4697 1509 1629 1630
4 4698 1509 1629 4699
4 4698 4697 1630 4699
3 4698 1509 4697
3 4699 1629 1630
4 4700 1513 1633 1634
4 4701 1513 1633 4702
4 4701 4700 1634 4702
3 4701 1513 4700
3 4702 1633 1634
4 4703 1517 1637 1638
4 4704 1517 1637 4705
4 4704 4703 1638 4705
3 4704 1517 4703
3 4705 1637 1638
4 4706 1521 1641 1642
4 4707 1521 1641 4708
4 4707 4706 1642 4708
3 4707 1521 4706
3 4708 1641 1642
4 4709 1529 1645 1646
4 4710 1529 1645 4711
4 4710 4709 1646 4711
3 4710 1529 4709
3 4711 1645 1646
4 4712 1533 1649 1650
4 4713 1533 1649 4714
4 4713 4712 1650 4714
3 4713 1533 4712
3 4714 1649 1650
4 4715 1537 1653 1654
4 4716 1537 1653 4717
4 4716 4715 1654 4717
3 4716 1537 4715
3 4717 1653 1654
4 1657 4718 4719 1658
4 4720 4718 1657 4721
4 1658 4719 4720 4721
3 4720 4718 4719
3 4721 1657 1658
4 4722 1541 1661 1662
4 4723 1541 1661 4724
4 4723 4722 1662 4724
3 4723 1541 4722
3 4724 1661 1662
4 4725 1545 1665 1666
4 4726 1545 1665 4727
4 4726 4725 1666 4727
3 4726 1545 4725
3 4727 1665 1666
4 4728 1549 1669 1670
4 4729 1549 1669 4730
4 4729 4728 1670 4730
3 4729 1549 4728
3 4730 1669 1670
4 1673 4731 4732 1674
4 4733 4731 1673 4734
4 1674 4732 4733 4734
3 4733 4731 4732
3 4734 1673 1674
4 1677 4735 4736 1678
4 4737 4735 1677 4738
4 1678 4736 4737 4738
3 4737 4735 4736
3 4738 1677 1678
4 1618 1617 1681 1682
4 4739 1617 1681 4740
4 4739 1618 1682 4740
3 4739 1617 1618
3 4740 1681 1682
4 1622 1621 1685 1686
4 4741 1621 1685 4742
4 4741 1622 1686 4742
3 4741 1621 1622
3 4742 1685 1686
4 1626 1625 1689 1690
4 4743 1625 1689 4744
4 4743 1626 1690 4744
3 4743 1625 1626
3 4744 1689 1690
4 1701 4745 4746 1702
4 1701 4745 4747 1700
4 1702 4746 4747 1700
3 4747 4745 4746
3 1700 1701 1702
4 1705 4748 4749 1706
4 1705 4748 4750 1704
4 1706 4749 4750 1704
3 4750 4748 4749
3 1704 1705 1706
4 1709 4751 4752 1710
4 1709 4751 4753 1708
4 1710 4752 4753 1708
3 4753 4751 4752
3 1708 1709 1710
4 1713 4754 4755 1714
4 4756 4754 1713 1712
4 1714 4755 4756 1712
3 4756 4754 4755
3 1712 1713 1714
4 1717 4757 4758 1718
4 1717 4757 4759 1716
4 1718 4758 4759 1716
3 4759 4757 4758
3 1716 1717 1718
4 1721 4760 4761 1722
4 1721 4760 4762 1720
4 1722 4761 4762 1720
3 4762 4760 4761
3 1720 1721 1722
4 1725 4763 4764 1726
4 1725 4763 4765 1724
4 1726 4764 4765 1724
3 4765 4763 4764
3 1724 1725 1726
4 1729 4766 4767 1730
4 1729 4766 4768 1728
4 1730 4767 4768 1728
3 4768 4766 4767
3 1728 1729 1730
4 1733 4769 4770 1734
4 1733 4769 4771 1732
4 1734 4770 4771 1732
3 4771 4769 4770
3 1732 1733 1734
4 1737 4772 4773 1738
4 1737 4772 4774 1736
4 1738 4773 4774 1736
3 4774 4772 4773
3 1736 1737 1738
4 1741 4775 4776 1742
4 1741 4775 4777 1740
4 1742 4776 4777 1740
3 4777 4775 4776
3 1740 1741 1742
4 1745 4778 4779 1746
4 1745 4778 4780 1744
4 1746 4779 4780 1744
3 4780 4778 4779
3 1744 1745 1746
4 1749 4781 4782 1750
4 1749 4781 4783 1748
4 1750 4782 4783 1748
3 4783 4781 4782
3 1748 1749 1750
4 1753 4784 4785 1754
4 1753 4784 4786 1752
4 1754 4785 4786 1752
3 4786 4784 4785
3 1752 1753 1754
4 1757 4787 4788 1758
4 1757 4787 4789 1756
4 1758 4788 4789 1756
3 4789 4787 4788
3 1756 1757 1758
4 1761 4790 4791 1762
4 1761 4790 4792 1760
4 1762 4791 4792 1760
3 4792 4790 4791
3 1760 1761 1762
4 1765 4793 4794 1766
4 1765 4793 4795 1764
4 1766 4794 4795 1764
3 4795 4793 4794
3 1764 1765 1766
4 4796 1569 1629 4797
4 4798 1569 1629 4799
4 4798 4796 4797 4799
3 4798 1569 4796
3 4799 1629 4797
4 4800 1573 1633 4801
4 4802 1573 1633 4803
4 4802 4800 4801 4803
3 4802 1573 4800
3 4803 1633 4801
4 4804 1577 1637 4805
4 4806 1577 1637 4807
4 4806 4804 4805 4807
3 4806 1577 4804
3 4807 1637 4805
4 4808 1581 1641 4809
4 4810 1581 1641 4811
4 4810 4808 4809 4811
3 4810 1581 4808
3 4811 1641 4809
4 4812 1585 1701 1702
4 4813 1585 1701 4814
4 4813 4812 1702 4814
3 4813 1585 4812
3 4814 1701 1702
4 4815 1589 1705 1706
4 4816 1589 1705 4817
4 4816 4815 1706 4817
3 4816 1589 4815
3 4817 1705 1706
4 4818 1593 1709 1710
4 4819 1593 1709 4820
4 4819 4818 1710 4820
3 4819 1593 4818
3 4820 1709 1710
4 4821 1597 1713 1714
4 4822 1597 1713 4823
4 4822 4821 1714 4823
3 4822 1597 4821
3 4823 1713 1714
4 4824 1605 1717 1718
4 4825 1605 1717 4826
4 4825 4824 1718 4826
3 4825 1605 4824
3 4826 1717 1718
4 4827 1609 1721 1722
4 4828 1609 1721 4829
4 4828 4827 1722 4829
3 4828 1609 4827
3 4829 1721 1722
4 4830 1613 1725 1726
4 4831 1613 1725 4832
4 4831 4830 1726 4832
3 4831 1613 4830
3 4832 1725 1726
4 1729 4833 4834 1730
4 4835 4833 1729 4836
4 1730 4834 4835 4836
3 4835 4833 4834
3 4836 1729 1730
4 4837 1617 1733 1734
4 4838 1617 1733 4839
4 4838 4837 1734 4839
3 4838 1617 4837
3 4839 1733 1734
4 4840 1621 1737 1738
4 4841 1621 1737 4842
4 4841 4840 1738 4842
3 4841 1621 4840
3 4842 1737 1738
4 4843 1625 1741 1742
4 4844 1625 1741 4845
4 4844 4843 1742 4845
3 4844 1625 4843
3 4845 1741 1742
4 1745 4846 4847 1746
4 4848 4846 1745 4849
4 1746 4847 4848 4849
3 4848 4846 4847
3 4849 1745 1746
4 1749 4850 4851 1750
4 4852 4850 1749 4853
4 1750 4851 4852 4853
3 4852 4850 4851
3 4853 1749 1750
4 1694 1693 1753 1754
4 4854 1693 1753 4855
4 4854 1694 1754 4855
3 4854 1693 1694
3 4855 1753 1754
4 1698 1697 1757 1758
4 4856 1697 1757 4857
4 4856 1698 1758 4857
3 4856 1697 1698
3 4857 1757 1758
4 1769 4858 4859 1770
4 1769 4858 4860 1768
4 1770 4859 4860 1768
3 4860 4858 4859
3 1768 1769 1770
4 1773 4861 4862 1774
4 1773 4861 4863 1772
4 1774 4862 4863 1772
3 4863 4861 4862
3 1772 1773 1774
4 1777 4864 4865 1778
4 1777 4864 4866 1776
4 1778 4865 4866 1776
3 4866 4864 4865
3 1776 1777 1778
4 1781 4867 4868 1782
4 4869 4867 1781 1780
4 1782 4868 4869 1780
3 4869 4867 4868
3 1780 1781 1782
4 1785 4870 4871 1786
4 1785 4870 4872 1784
4 1786 4871 4872 1784
3 4872 4870 4871
3 1784 1785 1786
4 1789 4873 4874 1790
4 1789 4873 4875 1788
4 1790 4874 4875 1788
3 4875 4873 4874
3 1788 1789 1790
4 1793 4876 4877 1794
4 1793 4876 4878 1792
4 1794 4877 4878 1792
3 4878 4876 4877
3 1792 1793 1794
4 1797 4879 4880 1798
4 1797 4879 4881 1796
4 1798 4880 4881 1796
3 4881 4879 4880
3 1796 1797 1798
4 1801 4882 4883 1802
4 1801 4882 4884 1800
4 1802 4883 4884 1800
3 4884 4882 4883
3 1800 1801 1802
4 1805 4885 4886 1806
4 1805 4885 4887 1804
4 1806 4886 4887 1804
3 4887 4885 4886
3 1804 1805 1806
4 1809 4888 4889 1810
4 1809 4888 4890 1808
4 1810 4889 4890 1808
3 4890 4888 4889
3 1808 1809 1810
4 1813 4891 4892 1814
4 1813 4891 4893 1812
4 1814 4892 4893 1812
3 4893 4891 4892
3 1812 1813 1814
4 1817 4894 4895 1818
4 1817 4894 4896 1816
4 1818 4895 4896 1816
3 4896 4894 4895
3 1816 1817 1818
4 1821 4897 4898 1822
4 1821 4897 4899 1820
4 1822 4898 4899 1820
3 4899 4897 4898
3 1820 1821 1822
4 1825 4900 4901 1826
4 1825 4900 4902 1824
4 1826 4901 4902 1824
3 4902 4900 4901
3 1824 1825 1826
4 1829 4903 4904 1830
4 1829 4903 4905 1828
4 1830 4904 4905 1828
3 4905 4903 4904
3 1828 1829 1830
4 1833 4906 4907 1834
4 1833 4906 4908 1832
4 1834 4907 4908 1832
3 4908 4906 4907
3 1832 1833 1834
4 4909 1645 1701 4910
4 4911 1645 1701 4912
4 4911 4909 4910 4912
3 4911 1645 4909
3 4912 1701 4910
4 4913 1649 1705 4914
4 4915 1649 1705 4916
4 4915 4913 4914 4916
3 4915 1649 4913
3 4916 1705 4914
4 4917 1653 1709 4918
4 4919 1653 1709 4920
4 4919 4917 4918 4920
3 4919 1653 4917
3 4920 1709 4918
4 4921 1657 1713 4922
4 4923 1657 1713 4924
4 4923 4921 4922 4924
3 4923 1657 4921
3 4924 1713 4922
4 4925 1661 1769 1770
4 4926 1661 1769 4927
4 4926 4925 1770 4927
3 4926 1661 4925
3 4927 1769 1770
4 4928 1665 1773 1774
4 4929 1665 1773 4930
4 4929 4928 1774 4930
3 4929 1665 4928
3 4930 1773 1774
4 4931 1669 1777 1778
4 4932 1669 1777 4933
4 4932 4931 1778 4933
3 4932 1669 4931
3 4933 1777 1778
4 4934 1673 1781 1782
4 4935 1673 1781 4936
4 4935 4934 1782 4936
3 4935 1673 4934
3 4936 1781 1782
4 4937 1681 1785 1786
4 4938 1681 1785 4939
4 4938 4937 1786 4939
3 4938 1681 4937
3 4939 1785 1786
4 4940 1685 1789 1790
4 4941 1685 1789 4942
4 4941 4940 1790 4942
3 4941 1685 4940
3 4942 1789 1790
4 4943 1689 1793 1794
4 4944 1689 1793 4945
4 4944 4943 1794 4945
3 4944 1689 4943
3 4945 1793 1794
4 1797 4946 4947 1798
4 4948 4946 1797 4949
4 1798 4947 4948 4949
3 4948 4946 4947
3 4949 1797 1798
4 4950 1693 1801 1802
4 4951 1693 1801 4952
4 4951 4950 1802 4952
3 4951 1693 4950
3 4952 1801 1802
4 4953 1697 1805 1806
4 4954 1697 1805 4955
4 4954 4953 1806 4955
3 4954 1697 4953
3 4955 1805 1806
4 1809 4956 4957 1810
4 4958 4956 1809 4959
4 1810 4957 4958 4959
3 4958 4956 4957
3 4959 1809 1810
4 1813 4960 4961 1814
4 4962 4960 1813 4963
4 1814 4961 4962 4963
3 4962 4960 4961
3 4963 1813 1814
4 1817 4964 4965 1818
4 4966 4964 1817 4967
4 1818 4965 4966 4967
3 4966 4964 4965
3 4967 1817 1818
4 1762 1761 1821 1822
4 4968 1761 1821 4969
4 4968 1762 1822 4969
3 4968 1761 1762
3 4969 1821 1822
4 1766 1765 1825 1826
4 4970 1765 1825 4971
4 4970 1766 1826 4971
3 4970 1765 1766
3 4971 1825 1826
4 1837 4972 4973 1838
4 1837 4972 4974 1836
4 1838 4973 4974 1836
3 4974 4972 4973
3 1836 1837 1838
4 1841 4975 4976 1842
4 1841 4975 4977 1840
4 1842 4976 4977 1840
3 4977 4975 4976
3 1840 1841 1842
4 1845 4978 4979 1846
4 1845 4978 4980 1844
4 1846 4979 4980 1844
3 4980 4978 4979
3 1844 1845 1846
4 1849 4981 4982 1850
4 4983 4981 1849 1848
4 1850 4982 4983 1848
3 4983 4981 4982
3 1848 1849 1850
4 1853 4984 4985 1854
4 1853 4984 4986 1852
4 1854 4985 4986 1852
3 4986 4984 4985
3 1852 1853 1854
4 1857 4987 4988 1858
4 1857 4987 4989 1856
4 1858 4988 4989 1856
3 4989 4987 4988
3 1856 1857 1858
4 1861 4990 4991 1862
4 1861 4990 4992 1860
4 1862 4991 4992 1860
3 4992 4990 4991
3 1860 1861 1862
4 1865 4993 4994 1866
4 1865 4993 4995 1864
4 1866 4994 4995 1864
3 4995 4993 4994
3 1864 1865 1866
4 1869 4996 4997 1870
4 1869 4996 4998 1868
4 1870 4997 4998 1868
3 4998 4996 4997
3 1868 1869 1870
4 1873 4999 5000 1874
4 1873 4999 5001 1872
4 1874 5000 5001 1872
3 5001 4999 5000
3 1872 1873 1874
4 1877 5002 5003 1878
4 1877 5002 5004 1876
4 1878 5003 5004 1876
3 5004 5002 5003
3 1876 1877 1878
4 1881 5005 5006 1882
4 1881 5005 5007 1880
4 1882 5006 5007 1880
3 5007 5005 5006
3 1880 1881 1882
4 1885 5008 5009 1886
4 1885 5008 5010 1884
4 1886 5009 5010 1884
3 5010 5008 5009
3 1884 1885 1886
4 1889 5011 5012 1890
4 1889 5011 5013 1888
4 1890 5012 5013 1888
3 5013 5011 5012
3 1888 1889 1890
4 1893 5014 5015 1894
4 1893 5014 5016 1892
4 1894 5015 5016 1892
3 5016 5014 5015
3 1892 1893 1894
4 1897 5017 5018 1898
4 1897 5017 5019 1896
4 1898 5018 5019 1896
3 5019 5017 5018
3 1896 1897 1898
4 5020 1717 1769 5021
4 5022 1717 1769 5023
4 5022 5020 5021 5023
3 5022 1717 5020
3 5023 1769 5021
4 5024 1721 1773 5025
4 5026 1721 1773 5027
4 5026 5024 5025 5027
3 5026 1721 5024
3 5027 1773 5025
4 5028 1725 1777 5029
4 5030 1725 1777 5031
4 5030 5028 5029 5031
3 5030 1725 5028
3 5031 1777 5029
4 5032 1729 1781 5033
4 5034 1729 1781 5035
4 5034 5032 5033 5035
3 5034 1729 5032
3 5035 1781 5033
4 5036 1733 1837 1838
4 5037 1733 1837 5038
4 5037 5036 1838 5038
3 5037 1733 5036
3 5038 1837 1838
4 5039 1737 1841 1842
4 5040 1737 1841 5041
4 5040 5039 1842 5041
3 5040 1737 5039
3 5041 1841 1842
4 5042 1741 1845 1846
4 5043 1741 1845 5044
4 5043 5042 1846 5044
3 5043 1741 5042
3 5044 1845 1846
4 5045 1745 1849 1850
4 5046 1745 1849 5047
4 5046 5045 1850 5047
3 5046 1745 5045
3 5047 1849 1850
4 5048 1753 1853 1854
4 5049 1753 1853 5050
4 5049 5048 1854 5050
3 5049 1753 5048
3 5050 1853 1854
4 5051 1757 1857 1858
4 5052 1757 1857 5053
4 5052 5051 1858 5053
3 5052 1757 5051
3 5053 1857 1858
4 1861 5054 5055 1862
4 5056 5054 1861 5057
4 1862 5055 5056 5057
3 5056 5054 5055
3 5057 1861 1862
4 1865 5058 5059 1866
4 5060 5058 1865 5061
4 1866 5059 5060 5061
3 5060 5058 5059
3 5061 1865 1866
4 5062 1761 1869 1870
4 5063 1761 1869 5064
4 5063 5062 1870 5064
3 5063 1761 5062
3 5064 1869 1870
4 5065 1765 1873 1874
4 5066 1765 1873 5067
4 5066 5065 1874 5067
3 5066 1765 5065
3 5067 1873 1874
4 1877 5068 5069 1878
4 5070 5068 1877 5071
4 1878 5069 5070 5071
3 5070 5068 5069
3 5071 1877 1878
4 1881 5072 5073 1882
4 5074 5072 1881 5075
4 1882 5073 5074 5075
3 5074 5072 5073
3 5075 1881 1882
4 1830 1829 1885 1886
4 5076 1829 1885 5077
4 5076 1830 1886 5077
3 5076 1829 1830
3 5077 1885 1886
4 1834 1833 1889 1890
4 5078 1833 1889 5079
4 5078 1834 1890 5079
3 5078 1833 1834
3 5079 1889 1890
4 1901 5080 5081 1902
4 1901 5080 5082 1900
4 1902 5081 5082 1900
3 5082 5080 5081
3 1900 1901 1902
4 1905 5083 5084 1906
4 1905 5083 5085 1904
4 1906 5084 5085 1904
3 5085 5083 5084
3 1904 1905 1906
4 1909 5086 5087 1910
4 1909 5086 5088 1908
4 1910 5087 5088 1908
3 5088 5086 5087
3 1908 1909 1910
4 1913 5089 5090 1914
4 5091 5089 1913 1912
4 1914 5090 5091 1912
3 5091 5089 5090
3 1912 1913 1914
4 1917 5092 5093 1918
4 1917 5092 5094 1916
4 1918 5093 5094 1916
3 5094 5092 5093
3 1916 1917 1918
4 1921 5095 5096 1922
4 1921 5095 5097 1920
4 1922 5096 5097 1920
3 5097 5095 5096
3 1920 1921 1922
4 1925 5098 5099 1926
4 1925 5098 5100 1924
4 1926 5099 5100 1924
3 5100 5098 5099
3 1924 1925 1926
4 1929 5101 5102 1930
4 1929 5101 5103 1928
4 1930 5102 5103 1928
3 5103 5101 5102
3 1928 1929 1930
4 1933 5104 5105 1934
4 1933 5104 5106 1932
4 1934 5105 5106 1932
3 5106 5104 5105
3 1932 1933 1934
4 1937 5107 5108 1938
4 1937 5107 5109 1936
4 1938 5108 5109 1936
3 5109 5107 5108
3 1936 1937 1938
4 1941 5110 5111 1942
4 1941 5110 5112 1940
4 1942 5111 5112 1940
3 5112 5110 5111
3 1940 1941 1942
4 1945 5113 5114 1946
4 1945 5113 5115 1944
4 1946 5114 5115 1944
3 5115 5113 5114
3 1944 1945 1946
4 1949 5116 5117 1950
4 1949 5116 5118 1948
4 1950 5117 5118 1948
3 5118 5116 5117
3 1948 1949 1950
4 1953 5119 5120 1954
4 1953 5119 5121 1952
4 1954 5120 5121 1952
3 5121 5119 5120
3 1952 1953 1954
4 1957 5122 5123 1958
4 1957 5122 5124 1956
4 1958 5123 5124 1956
3 5124 5122 5123
3 1956 1957 1958
4 5125 1785 1837 5126
4 5127 1785 1837 5128
4 5127 5125 5126 5128
3 5127 1785 5125
3 5128 1837 5126
4 5129 1789 1841 5130
4 5131 1789 1841 5132
4 5131 5129 5130 5132
3 5131 1789 5129
3 5132 1841 5130
4 5133 1793 1845 5134
4 5135 1793 1845 5136
4 5135 5133 5134 5136
3 5135 1793 5133
3 5136 1845 5134
4 5137 1797 1849 5138
4 5139 1797 1849 5140
4 5139 5137 5138 5140
3 5139 1797 5137
3 5140 1849 5138
4 5141 1801 1901 1902
4 5142 1801 1901 5143
4 5142 5141 1902 5143
3 5142 1801 5141
3 5143 1901 1902
4 5144 1805 1905 1906
4 5145 1805 1905 5146
4 5145 5144 1906 5146
3 5145 1805 5144
3 5146 1905 1906
4 5147 1809 1909 1910
4 5148 1809 1909 5149
4 5148 5147 1910 5149
3 5148 1809 5147
3 5149 1909 1910
4 5150 1813 1913 1914
4 5151 1813 1913 5152
4 5151 5150 1914 5152
3 5151 1813 5150
3 5152 1913 1914
4 5153 1821 1917 1918
4 5154 1821 1917 5155
4 5154 5153 1918 5155
3 5154 1821 5153
3 5155 1917 1918
4 5156 1825 1921 1922
4 5157 1825 1921 5158
4 5157 5156 1922 5158
3 5157 1825 5156
3 5158 1921 1922
4 1925 5159 5160 1926
4 5161 5159 1925 5162
4 1926 5160 5161 5162
3 5161 5159 5160
3 5162 1925 1926
4 1929 5163 5164 1930
4 5165 5163 1929 5166
4 1930 5164 5165 5166
3 5165 5163 5164
3 5166 1929 1930
4 5167 1829 1933 1934
4 5168 1829 1933 5169
4 5168 5167 1934 5169
3 5168 1829 5167
3 5169 1933 1934
4 5170 1833 1937 1938
4 5171 1833 1937 5172
4 5171 5170 1938 5172
3 5171 1833 5170
3 5172 1937 1938
4 1941 5173 5174 1942
4 5175 5173 1941 5176
4 1942 5174 5175 5176
3 5175 5173 5174
3 5176 1941 1942
4 1945 5177 5178 1946
4 5179 5177 1945 5180
4 1946 5178 5179 5180
3 5179 5177 5178
3 5180 1945 1946
4 1894 1893 1949 1950
4 5181 1893 1949 5182
4 5181 1894 1950 5182
3 5181 1893 1894
3 5182 1949 1950
4 1898 1897 1953 1954
4 5183 1897 1953 5184
4 5183 1898 1954 5184
3 5183 1897 1898
3 5184 1953 1954
4 1961 5185 5186 1962
4 1961 5185 5187 1960
4 1962 5186 5187 1960
3 5187 5185 5186
3 1960 1961 1962
4 1965 5188 5189 1966
4 1965 5188 5190 1964
4 1966 5189 5190 1964
3 5190 5188 5189
3 1964 1965 1966
4 1969 5191 5192 1970
4 1969 5191 5193 1968
4 1970 5192 5193 1968
3 5193 5191 5192
3 1968 1969 1970
4 1973 5194 5195 1974
4 5196 5194 1973 1972
4 1974 5195 5196 1972
3 5196 5194 5195
3 1972 1973 1974
4 1977 5197 5198 1978
4 1977 5197 5199 1976
4 1978 5198 5199 1976
3 5199 5197 5198
3 1976 1977 1978
4 1981 5200 5201 1982
4 1981 5200 5202 1980
4 1982 5201 5202 1980
3 5202 5200 5201
3 1980 1981 1982
4 1985 5203 5204 1986
4 1985 5203 5205 1984
4 1986 5204 5205 1984
3 5205 5203 5204
3 1984 1985 1986
4 1989 5206 5207 1990
4 1989 5206 5208 1988
4 1990 5207 5208 1988
3 5208 5206 5207
3 1988 1989 1990
4 1993 5209 5210 1994
4 1993 5209 5211 1992
4 1994 5210 5211 1992
3 5211 5209 5210
3 1992 1993 1994
4 1997 5212 5213 1998
4 1997 5212 5214 1996
4 1998 5213 5214 1996
3 5214 5212 5213
3 1996 1997 1998
4 2001 5215 5216 2002
4 2001 5215 5217 2000
4 2002 5216 5217 2000
3 5217 5215 5216
3 2000 2001 2002
4 2005 5218 5219 2006
4 2005 5218 5220 2004
4 2006 5219 5220 2004
3 5220 5218 5219
3 2004 2005 2006
4 2009 5221 5222 2010
4 2009 5221 5223 2008
4 2010 5222 5223 2008
3 5223 5221 5222
3 2008 2009 2010
4 2013 5224 5225 2014
4 2013 5224 5226 2012
4 2014 5225 5226 2012
3 5226 5224 5225
3 2012 2013 2014
4 5227 1853 1901 5228
4 5229 1853 1901 5230
4 5229 5227 5228 5230
3 5229 1853 5227
3 5230 1901 5228
4 5231 1857 1905 5232
4 5233 1857 1905 5234
4 5233 5231 5232 5234
3 5233 1857 5231
3 5234 1905 5232
4 5235 1861 1909 5236
4 5237 1861 1909 5238
4 5237 5235 5236 5238
3 5237 1861 5235
3 5238 1909 5236
4 5239 1865 1913 5240
4 5241 1865 1913 5242
4 5241 5239 5240 5242
3 5241 1865 5239
3 5242 1913 5240
4 5243 1869 1961 1962
4 5244 1869 1961 5245
4 5244 5243 1962 5245
3 5244 1869 5243
3 5245 1961 1962
4 5246 1873 1965 1966
4 5247 1873 1965 5248
4 5247 5246 1966 5248
3 5247 1873 5246
3 5248 1965 1966
4 5249 1877 1969 1970
4 5250 1877 1969 5251
4 5250 5249 1970 5251
3 5250 1877 5249
3 5251 1969 1970
4 5252 1881 1973 1974
4 5253 1881 1973 5254
4 5253 5252 1974 5254
3 5253 1881 5252
3 5254 1973 1974
4 5255 1885 1977 1978
4 5256 1885 1977 5257
4 5256 5255 1978 5257
3 5256 1885 5255
3 5257 1977 1978
4 5258 1889 1981 1982
4 5259 1889 1981 5260
4 5259 5258 1982 5260
3 5259 1889 5258
3 5260 1981 1982
4 1985 5261 5262 1986
4 5263 5261 1985 5264
4 1986 5262 5263 5264
3 5263 5261 5262
3 5264 1985 1986
4 1989 5265 5266 1990
4 5267 5265 1989 5268
4 1990 5266 5267 5268
3 5267 5265 5266
3 5268 1989 1990
4 5269 1893 1993 1994
4 5270 1893 1993 5271
4 5270 5269 1994 5271
3 5270 1893 5269
3 5271 1993 1994
4 5272 1897 1997 1998
4 5273 1897 1997 5274
4 5273 5272 1998 5274
3 5273 1897 5272
3 5274 1997 1998
4 2001 5275 5276 2002
4 5277 5275 2001 5278
4 2002 5276 5277 5278
3 5277 5275 5276
3 5278 2001 2002
4 2005 5279 5280 2006
4 5281 5279 2005 5282
4 2006 5280 5281 5282
3 5281 5279 5280
3 5282 2005 2006
4 1958 1957 2009 2010
4 5283 1957 2009 5284
4 5283 1958 2010 5284
3 5283 1957 1958
3 5284 2009 2010
4 2017 5285 5286 2018
4 2017 5285 5287 2016
4 2018 5286 5287 2016
3 5287 5285 5286
3 2016 2017 2018
4 2021 5288 5289 2022
4 2021 5288 5290 2020
4 2022 5289 5290 2020
3 5290 5288 5289
3 2020 2021 2022
4 2025 5291 5292 2026
4 2025 5291 5293 2024
4 2026 5292 5293 2024
3 5293 5291 5292
3 2024 2025 2026
4 2029 5294 5295 2030
4 2029 5294 5296 2028
4 2030 5295 5296 2028
3 5296 5294 5295
3 2028 2029 2030
4 2033 5297 5298 2034
4 2033 5297 5299 2032
4 2034 5298 5299 2032
3 5299 5297 5298
3 2032 2033 2034
4 2037 5300 5301 2038
4 2037 5300 5302 2036
4 2038 5301 5302 2036
3 5302 5300 5301
3 2036 2037 2038
4 2041 5303 5304 2042
4 2041 5303 5305 2040
4 2042 5304 5305 2040
3 5305 5303 5304
3 2040 2041 2042
4 2045 5306 5307 2046
4 2045 5306 5308 2044
4 2046 5307 5308 2044
3 5308 5306 5307
3 2044 2045 2046
4 2049 5309 5310 2050
4 2049 5309 5311 2048
4 2050 5310 5311 2048
3 5311 5309 5310
3 2048 2049 2050
4 2053 5312 5313 2054
4 2053 5312 5314 2052
4 2054 5313 5314 2052
3 5314 5312 5313
3 2052 2053 2054
4 2057 5315 5316 2058
4 2057 5315 5317 2056
4 2058 5316 5317 2056
3 5317 5315 5316
3 2056 2057 2058
4 2061 5318 5319 2062
4 2061 5318 5320 2060
4 2062 5319 5320 2060
3 5320 5318 5319
3 2060 2061 2062
4 2065 5321 5322 2066
4 2065 5321 5323 2064
4 2066 5322 5323 2064
3 5323 5321 5322
3 2064 2065 2066
4 5324 1917 1961 5325
4 5326 1917 1961 5327
4 5326 5324 5325 5327
3 5326 1917 5324
3 5327 1961 5325
4 5328 1921 1965 5329
4 5330 1921 1965 5331
4 5330 5328 5329 5331
3 5330 1921 5328
3 5331 1965 5329
4 5332 1925 1969 5333
4 5334 1925 1969 5335
4 5334 5332 5333 5335
3 5334 1925 5332
3 5335 1969 5333
4 5336 1929 1973 5337
4 5338 1929 1973 5339
4 5338 5336 5337 5339
3 5338 1929 5336
3 5339 1973 5337
4 5340 1933 2017 2018
4 5341 1933 2017 5342
4 5341 5340 2018 5342
3 5341 1933 5340
3 5342 2017 2018
4 5343 1937 2021 2022
4 5344 1937 2021 5345
4 5344 5343 2022 5345
3 5344 1937 5343
3 5345 2021 2022
4 5346 1941 2025 2026
4 5347 1941 2025 5348
4 5347 5346 2026 5348
3 5347 1941 5346
3 5348 2025 2026
4 5349 1945 2029 2030
4 5350 1945 2029 5351
4 5350 5349 2030 5351
3 5350 1945 5349
3 5351 2029 2030
4 5352 1949 2033 2034
4 5353 1949 2033 5354
4 5353 5352 2034 5354
3 5353 1949 5352
3 5354 2033 2034
4 5355 1953 2037 2038
4 5356 1953 2037 5357
4 5356 5355 2038 5357
3 5356 1953 5355
3 5357 2037 2038
4 2041 5358 5359 2042
4 5360 5358 2041 5361
4 2042 5359 5360 5361
3 5360 5358 5359
3 5361 2041 2042
4 2045 5362 5363 2046
4 5364 5362 2045 5365
4 2046 5363 5364 5365
3 5364 5362 5363
3 5365 2045 2046
4 5366 1957 2049 2050
4 5367 1957 2049 5368
4 5367 5366 2050 5368
3 5367 1957 5366
3 5368 2049 2050
4 2053 5369 5370 2054
4 5371 5369 2053 5372
4 2054 5370 5371 5372
3 5371 5369 5370
3 5372 2053 2054
4 2057 5373 5374 2058
4 5375 5373 2057 5376
4 2058 5374 5375 5376
3 5375 5373 5374
3 5376 2057 2058
4 2014 2013 2061 2062
4 5377 2013 2061 5378
4 5377 2014 2062 5378
3 5377 2013 2014
3 5378 2061 2062
4 2069 5379 5380 2070
4 2069 5379 5381 2068
4 2070 5380 5381 2068
3 5381 5379 5380
3 2068 2069 2070
4 2073 5382 5383 2074
4 2073 5382 5384 2072
4 2074 5383 5384 2072
3 5384 5382 5383
3 2072 2073 2074
4 2077 5385 5386 2078
4 2077 5385 5387 2076
4 2078 5386 5387 2076
3 5387 5385 5386
3 2076 2077 2078
4 2081 5388 5389 2082
4 2081 5388 5390 2080
4 2082 5389 5390 2080
3 5390 5388 5389
3 2080 2081 2082
4 2085 5391 5392 2086
4 2085 5391 5393 2084
4 2086 5392 5393 2084
3 5393 5391 5392
3 2084 2085 2086
4 2089 5394 5395 2090
4 2089 5394 5396 2088
4 2090 5395 5396 2088
3 5396 5394 5395
3 2088 2089 2090
4 2093 5397 5398 2094
4 2093 5397 5399 2092
4 2094 5398 5399 2092
3 5399 5397 5398
3 2092 2093 2094
4 2097 5400 5401 2098
4 2097 5400 5402 2096
4 2098 5401 5402 2096
3 5402 5400 5401
3 2096 2097 2098
4 2101 5403 5404 2102
4 2101 5403 5405 2100
4 2102 5404 5405 2100
3 5405 5403 5404
3 2100 2101 2102
4 2105 5406 5407 2106
4 2105 5406 5408 2104
4 2106 5407 5408 2104
3 5408 5406 5407
3 2104 2105 2106
4 2109 5409 5410 2110
4 2109 5409 5411 2108
4 2110 5410 5411 2108
3 5411 5409 5410
3 2108 2109 2110
4 2113 5412 5413 2114
4 2113 5412 5414 2112
4 2114 5413 5414 2112
3 5414 5412 5413
3 2112 2113 2114
4 5415 1977 2017 5416
4 5417 1977 2017 5418
4 5417 5415 5416 5418
3 5417 1977 5415
3 5418 2017 5416
4 5419 1981 2021 5420
4 5421 1981 2021 5422
4 5421 5419 5420 5422
3 5421 1981 5419
3 5422 2021 5420
4 5423 1985 2025 5424
4 5425 1985 2025 5426
4 5425 5423 5424 5426
3 5425 1985 5423
3 5426 2025 5424
4 5427 1989 2029 5428
4 5429 1989 2029 5430
4 5429 5427 5428 5430
3 5429 1989 5427
3 5430 2029 5428
4 5431 1993 2069 2070
4 5432 1993 2069 5433
4 5432 5431 2070 5433
3 5432 1993 5431
3 5433 2069 2070
4 5434 1997 2073 2074
4 5435 1997 2073 5436
4 5435 5434 2074 5436
3 5435 1997 5434
3 5436 2073 2074
4 5437 2001 2077 2078
4 5438 2001 2077 5439
4 5438 5437 2078 5439
3 5438 2001 5437
3 5439 2077 2078
4 5440 2005 2081 2082
4 5441 2005 2081 5442
4 5441 5440 2082 5442
3 5441 2005 5440
3 5442 2081 2082
4 5443 2009 2085 2086
4 5444 2009 2085 5445
4 5444 5443 2086 5445
3 5444 2009 5443
3 5445 2085 2086
4 2089 5446 5447 2090
4 5448 5446 2089 5449
4 2090 5447 5448 5449
3 5448 5446 5447
3 5449 2089 2090
4 2093 5450 5451 2094
4 5452 5450 2093 5453
4 2094 5451 5452 5453
3 5452 5450 5451
3 5453 2093 2094
4 2097 5454 5455 2098
4 5456 5454 2097 5457
4 2098 5455 5456 5457
3 5456 5454 5455
3 5457 2097 2098
4 5458 2013 2101 2102
4 5459 2013 2101 5460
4 5459 5458 2102 5460
3 5459 2013 5458
3 5460 2101 2102
4 2105 5461 5462 2106
4 5463 5461 2105 5464
4 2106 5462 5463 5464
3 5463 5461 5462
3 5464 2105 2106
4 2066 2065 2109 2110
4 5465 2065 2109 5466
4 5465 2066 2110 5466
3 5465 2065 2066
3 5466 2109 2110
4 2117 5467 5468 2118
4 2117 5467 5469 2116
4 2118 5468 5469 2116
3 5469 5467 5468
3 2116 2117 2118
4 2121 5470 5471 2122
4 2121 5470 5472 2120
4 2122 5471 5472 2120
3 5472 5470 5471
3 2120 2121 2122
4 2125 5473 5474 2126
4 2125 5473 5475 2124
4 2126 5474 5475 2124
3 5475 5473 5474
3 2124 2125 2126
4 2129 5476 5477 2130
4 2129 5476 5478 2128
4 2130 5477 5478 2128
3 5478 5476 5477
3 2128 2129 2130
4 2133 5479 5480 2134
4 2133 5479 5481 2132
4 2134 5480 5481 2132
3 5481 5479 5480
3 2132 2133 2134
4 2137 5482 5483 2138
4 2137 5482 5484 2136
4 2138 5483 5484 2136
3 5484 5482 5483
3 2136 2137 2138
4 2141 5485 5486 2142
4 2141 5485 5487 2140
4 2142 5486 5487 2140
3 5487 5485 5486
3 2140 2141 2142
4 2145 5488 5489 2146
4 2145 5488 5490 2144
4 2146 5489 5490 2144
3 5490 5488 5489
3 2144 2145 2146
4 2149 5491 5492 2150
4 2149 5491 5493 2148
4 2150 5492 5493 2148
3 5493 5491 5492
3 2148 2149 2150
4 2153 5494 5495 2154
4 2153 5494 5496 2152
4 2154 5495 5496 2152
3 5496 5494 5495
3 2152 2153 2154
4 2157 5497 5498 2158
4 2157 5497 5499 2156
4 2158 5498 5499 2156
3 5499 5497 5498
3 2156 2157 2158
4 5500 2033 2069 5501
4 5502 2033 2069 5503
4 5502 5500 5501 5503
3 5502 2033 5500
3 5503 2069 5501
4 5504 2037 2073 5505
4 5506 2037 2073 5507
4 5506 5504 5505 5507
3 5506 2037 5504
3 5507 2073 5505
4 5508 2041 2077 5509
4 5510 2041 2077 5511
4 5510 5508 5509 5511
3 5510 2041 5508
3 5511 2077 5509
4 5512 2045 2081 5513
4 5514 2045 2081 5515
4 5514 5512 5513 5515
3 5514 2045 5512
3 5515 2081 5513
4 5516 2049 2117 2118
4 5517 2049 2117 5518
4 5517 5516 2118 5518
3 5517 2049 5516
3 5518 2117 2118
4 5519 2053 2121 2122
4 5520 2053 2121 5521
4 5520 5519 2122 5521
3 5520 2053 5519
3 5521 2121 2122
4 2125 5522 5523 2126
4 5524 5522 2125 5525
4 2126 5523 5524 5525
3 5524 5522 5523
3 5525 2125 2126
4 5526 2057 2129 2130
4 5527 2057 2129 5528
4 5527 5526 2130 5528
3 5527 2057 5526
3 5528 2129 2130
4 5529 2061 2133 2134
4 5530 2061 2133 5531
4 5530 5529 2134 5531
3 5530 2061 5529
3 5531 2133 2134
4 2137 5532 5533 2138
4 5534 5532 2137 5535
4 2138 5533 5534 5535
3 5534 5532 5533
3 5535 2137 2138
4 2141 5536 5537 2142
4 5538 5536 2141 5539
4 2142 5537 5538 5539
3 5538 5536 5537
3 5539 2141 2142
4 5540 2065 2145 2146
4 5541 2065 2145 5542
4 5541 5540 2146 5542
3 5541 2065 5540
3 5542 2145 2146
4 2149 5543 5544 2150
4 5545 5543 2149 5546
4 2150 5544 5545 5546
3 5545 5543 5544
3 5546 2149 2150
4 2114 2113 2153 2154
4 5547 2113 2153 5548
4 5547 2114 2154 5548
3 5547 2113 2114
3 5548 2153 2154
4 2161 5549 5550 2162
4 2161 5549 5551 2160
4 2162 5550 5551 2160
3 5551 5549 5550
3 2160 2161 2162
4 2165 5552 5553 2166
4 2165 5552 5554 2164
4 2166 5553 5554 2164
3 5554 5552 5553
3 2164 2165 2166
4 2169 5555 5556 2170
4 2169 5555 5557 2168
4 2170 5556 5557 2168
3 5557 5555 5556
3 2168 2169 2170
4 2173 5558 5559 2174
4 2173 5558 5560 2172
4 2174 5559 5560 2172
3 5560 5558 5559
3 2172 2173 2174
4 2177 5561 5562 2178
4 2177 5561 5563 2176
4 2178 5562 5563 2176
3 5563 5561 5562
3 2176 2177 2178
4 2181 5564 5565 2182
4 2181 5564 5566 2180
4 2182 5565 5566 2180
3 5566 5564 5565
3 2180 2181 2182
4 2185 5567 5568 2186
4 2185 5567 5569 2184
4 2186 5568 5569 2184
3 5569 5567 5568
3 2184 2185 2186
4 2189 5570 5571 2190
4 2189 5570 5572 2188
4 2190 5571 5572 2188
3 5572 5570 5571
3 2188 2189 2190
4 2193 5573 5574 2194
4 2193 5573 5575 2192
4 2194 5574 5575 2192
3 5575 5573 5574
3 2192 2193 2194
4 2197 5576 5577 2198
4 2197 5576 5578 2196
4 2198 5577 5578 2196
3 5578 5576 5577
3 2196 2197 2198
4 5579 2085 2117 5580
4 5581 2085 2117 5582
4 5581 5579 5580 5582
3 5581 2085 5579
3 5582 2117 5580
4 5583 2089 2121 5584
4 5585 2089 2121 5586
4 5585 5583 5584 5586
3 5585 2089 5583
3 5586 2121 5584
4 5587 2093 2125 5588
4 5589 2093 2125 5590
4 5589 5587 5588 5590
3 5589 2093 5587
3 5590 2125 5588
4 5591 2097 2129 5592
4 5593 2097 2129 5594
4 5593 5591 5592 5594
3 5593 2097 5591
3 5594 2129 5592
4 5595 2101 2161 2162
4 5596 2101 2161 5597
4 5596 5595 2162 5597
3 5596 2101 5595
3 5597 2161 2162
4 5598 2105 2165 2166
4 5599 2105 2165 5600
4 5599 5598 2166 5600
3 5599 2105 5598
3 5600 2165 2166
4 2169 5601 5602 2170
4 5603 5601 2169 5604
4 2170 5602 5603 5604
3 5603 5601 5602
3 5604 2169 2170
4 5605 2109 2173 2174
4 5606 2109 2173 5607
4 5606 5605 2174 5607
3 5606 2109 5605
3 5607 2173 2174
4 2177 5608 5609 2178
4 5610 5608 2177 5611
4 2178 5609 5610 5611
3 5610 5608 5609
3 5611 2177 2178
4 2181 5612 5613 2182
4 5614 5612 2181 5615
4 2182 5613 5614 5615
3 5614 5612 5613
3 5615 2181 2182
4 5616 2113 2185 2186
4 5617 2113 2185 5618
4 5617 5616 2186 5618
3 5617 2113 5616
3 5618 2185 2186
4 2189 5619 5620 2190
4 5621 5619 2189 5622
4 2190 5620 5621 5622
3 5621 5619 5620
3 5622 2189 2190
4 2158 2157 2193 2194
4 5623 2157 2193 5624
4 5623 2158 2194 5624
3 5623 2157 2158
3 5624 2193 2194
4 2201 5625 5626 2202
4 2201 5625 5627 2200
4 2202 5626 5627 2200
3 5627 5625 5626
3 2200 2201 2202
4 2205 5628 5629 2206
4 2205 5628 5630 2204
4 2206 5629 5630 2204
3 5630 5628 5629
3 2204 2205 2206
4 2209 5631 5632 2210
4 2209 5631 5633 2208
4 2210 5632 5633 2208
3 5633 5631 5632
3 2208 2209 2210
4 2213 5634 5635 2214
4 2213 5634 5636 2212
4 2214 5635 5636 2212
3 5636 5634 5635
3 2212 2213 2214
4 2217 5637 5638 2218
4 2217 5637 5639 2216
4 2218 5638 5639 2216
3 5639 5637 5638
3 2216 2217 2218
4 2221 5640 5641 2222
4 2221 5640 5642 2220
4 2222 5641 5642 2220
3 5642 5640 5641
3 2220 2221 2222
4 2225 5643 5644 2226
4 2225 5643 5645 2224
4 2226 5644 5645 2224
3 5645 5643 5644
3 2224 2225 2226
4 2229 5646 5647 2230
4 2229 5646 5648 2228
4 2230 5647 5648 2228
3 5648 5646 5647
3 2228 2229 2230
4 2233 5649 5650 2234
4 2233 5649 5651 2232
4 2234 5650 5651 2232
3 5651 5649 5650
3 2232 2233 2234
4 5652 2133 2161 5653
4 5654 2133 2161 5655
4 5654 5652 5653 5655
3 5654 2133 5652
3 5655 2161 5653
4 5656 2137 2165 5657
4 5658 2137 2165 5659
4 5658 5656 5657 5659
3 5658 2137 5656
3 5659 2165 5657
4 5660 2141 2169 5661
4 5662 2141 2169 5663
4 5662 5660 5661 5663
3 5662 2141 5660
3 5663 2169 5661
4 5664 2145 2201 2202
4 5665 2145 2201 5666
4 5665 5664 2202 5666
3 5665 2145 5664
3 5666 2201 2202
4 5667 2149 2205 2206
4 5668 2149 2205 5669
4 5668 5667 2206 5669
3 5668 2149 5667
3 5669 2205 2206
4 2209 5670 5671 2210
4 5672 5670 2209 5673
4 2210 5671 5672 5673
3 5672 5670 5671
3 5673 2209 2210
4 5674 2153 2213 2214
4 5675 2153 2213 5676
4 5675 5674 2214 5676
3 5675 2153 5674
3 5676 2213 2214
4 2217 5677 5678 2218
4 5679 5677 2217 5680
4 2218 5678 5679 5680
3 5679 5677 5678
3 5680 2217 2218
4 2221 5681 5682 2222
4 5683 5681 2221 5684
4 2222 5682 5683 5684
3 5683 5681 5682
3 5684 2221 2222
4 5685 2157 2225 2226
4 5686 2157 2225 5687
4 5686 5685 2226 5687
3 5686 2157 5685
3 5687 2225 2226
4 2229 5688 5689 2230
4 5690 5688 2229 5691
4 2230 5689 5690 5691
3 5690 5688 5689
3 5691 2229 2230
4 2198 2197 2233 2234
4 5692 2197 2233 5693
4 5692 2198 2234 5693
3 5692 2197 2198
3 5693 2233 2234
4 2237 5694 5695 2238
4 2237 5694 5696 2236
4 2238 5695 5696 2236
3 5696 5694 5695
3 2236 2237 2238
4 2241 5697 5698 2242
4 2241 5697 5699 2240
4 2242 5698 5699 2240
3 5699 5697 5698
3 2240 2241 2242
4 2245 5700 5701 2246
4 2245 5700 5702 2244
4 2246 5701 5702 2244
3 5702 5700 5701
3 2244 2245 2246
4 2249 5703 5704 2250
4 2249 5703 5705 2248
4 2250 5704 5705 2248
3 5705 5703 5704
3 2248 2249 2250
4 2253 5706 5707 2254
4 2253 5706 5708 2252
4 2254 5707 5708 2252
3 5708 5706 5707
3 2252 2253 2254
4 2257 5709 5710 2258
4 2257 5709 5711 2256
4 2258 5710 5711 2256
3 5711 5709 5710
3 2256 2257 2258
4 2261 5712 5713 2262
4 2261 5712 5714 2260
4 2262 5713 5714 2260
3 5714 5712 5713
3 2260 2261 2262
4 2265 5715 5716 2266
4 2265 5715 5717 2264
4 2266 5716 5717 2264
3 5717 5715 5716
3 2264 2265 2266
4 5718 2173 2201 5719
4 5720 2173 2201 5721
4 5720 5718 5719 5721
3 5720 2173 5718
3 5721 2201 5719
4 5722 2177 2205 5723
4 5724 2177 2205 5725
4 5724 5722 5723 5725
3 5724 2177 5722
3 5725 2205 5723
4 5726 2181 2209 5727
4 5728 2181 2209 5729
4 5728 5726 5727 5729
3 5728 2181 5726
3 5729 2209 5727
4 5730 2185 2237 2238
4 5731 2185 2237 5732
4 5731 5730 2238 5732
3 5731 2185 5730
3 5732 2237 2238
4 5733 2189 2241 2242
4 5734 2189 2241 5735
4 5734 5733 2242 5735
3 5734 2189 5733
3 5735 2241 2242
4 2245 5736 5737 2246
4 5738 5736 2245 5739
4 2246 5737 5738 5739
3 5738 5736 5737
3 5739 2245 2246
4 5740 2193 2249 2250
4 5741 2193 2249 5742
4 5741 5740 2250 5742
3 5741 2193 5740
3 5742 2249 2250
4 2253 5743 5744 2254
4 5745 5743 2253 5746
4 2254 5744 5745 5746
3 5745 5743 5744
3 5746 2253 2254
4 2257 5747 5748 2258
4 5749 5747 2257 5750
4 2258 5748 5749 5750
3 5749 5747 5748
3 5750 2257 2258
4 5751 2197 2261 2262
4 5752 2197 2261 5753
4 5752 5751 2262 5753
3 5752 2197 5751
3 5753 2261 2262
4 2265 5754 5755 2266
4 5756 5754 2265 5757
4 2266 5755 5756 5757
3 5756 5754 5755
3 5757 2265 2266
4 2269 5758 5759 2270
4 2269 5758 5760 2268
4 2270 5759 5760 2268
3 5760 5758 5759
3 2268 2269 2270
4 2273 5761 5762 2274
4 2273 5761 5763 2272
4 2274 5762 5763 2272
3 5763 5761 5762
3 2272 2273 2274
4 2277 5764 5765 2278
4 2277 5764 5766 2276
4 2278 5765 5766 2276
3 5766 5764 5765
3 2276 2277 2278
4 2281 5767 5768 2282
4 2281 5767 5769 2280
4 2282 5768 5769 2280
3 5769 5767 5768
3 2280 2281 2282
4 2285 5770 5771 2286
4 2285 5770 5772 2284
4 2286 5771 5772 2284
3 5772 5770 5771
3 2284 2285 2286
4 2289 5773 5774 2290
4 2289 5773 5775 2288
4 2290 5774 5775 2288
3 5775 5773 5774
3 2288 2289 2290
4 2293 5776 5777 2294
4 2293 5776 5778 2292
4 2294 5777 5778 2292
3 5778 5776 5777
3 2292 2293 2294
4 5779 2213 2237 5780
4 5781 2213 2237 5782
4 5781 5779 5780 5782
3 5781 2213 5779
3 5782 2237 5780
4 5783 2217 2241 5784
4 5785 2217 2241 5786
4 5785 5783 5784 5786
3 5785 2217 5783
3 5786 2241 5784
4 5787 2221 2245 5788
4 5789 2221 2245 5790
4 5789 5787 5788 5790
3 5789 2221 5787
3 5790 2245 5788
4 5791 2225 2269 2270
4 5792 2225 2269 5793
4 5792 5791 2270 5793
3 5792 2225 5791
3 5793 2269 2270
4 5794 2229 2273 2274
4 5795 2229 2273 5796
4 5795 5794 2274 5796
3 5795 2229 5794
3 5796 2273 2274
4 2277 5797 5798 2278
4 5799 5797 2277 5800
4 2278 5798 5799 5800
3 5799 5797 5798
3 5800 2277 2278
4 5801 2233 2281 2282
4 5802 2233 2281 5803
4 5802 5801 2282 5803
3 5802 2233 5801
3 5803 2281 2282
4 2285 5804 5805 2286
4 5806 5804 2285 5807
4 2286 5805 5806 5807
3 5806 5804 5805
3 5807 2285 2286
4 2289 5808 5809 2290
4 5810 5808 2289 5811
4 2290 5809 5810 5811
3 5810 5808 5809
3 5811 2289 2290
4 2293 5812 5813 2294
4 5814 5812 2293 5815
4 2294 5813 5814 5815
3 5814 5812 5813
3 5815 2293 2294
4 2297 5816 5817 2298
4 2297 5816 5818 2296
4 2298 5817 5818 2296
3 5818 5816 5817
3 2296 2297 2298
4 2301 5819 5820 2302
4 2301 5819 5821 2300
4 2302 5820 5821 2300
3 5821 5819 5820
3 2300 2301 2302
4 2305 5822 5823 2306
4 2305 5822 5824 2304
4 2306 5823 5824 2304
3 5824 5822 5823
3 2304 2305 2306
4 2309 5825 5826 2310
4 2309 5825 5827 2308
4 2310 5826 5827 2308
3 5827 5825 5826
3 2308 2309 2310
4 2313 5828 5829 2314
4 2313 5828 5830 2312
4 2314 5829 5830 2312
3 5830 5828 5829
3 2312 2313 2314
4 2317 5831 5832 2318
4 2317 5831 5833 2316
4 2318 5832 5833 2316
3 5833 5831 5832
3 2316 2317 2318
4 5834 2249 2269 5835
4 5836 2249 2269 5837
4 5836 5834 5835 5837
3 5836 2249 5834
3 5837 2269 5835
4 5838 2253 2273 5839
4 5840 2253 2273 5841
4 5840 5838 5839 5841
3 5840 2253 5838
3 5841 2273 5839
4 5842 2257 2277 5843
4 5844 2257 2277 5845
4 5844 5842 5843 5845
3 5844 2257 5842
3 5845 2277 5843
4 5846 2261 2297 2298
4 5847 2261 2297 5848
4 5847 5846 2298 5848
3 5847 2261 5846
3 5848 2297 2298
4 5849 2265 2301 2302
4 5850 2265 2301 5851
4 5850 5849 2302 5851
3 5850 2265 5849
3 5851 2301 2302
4 2305 5852 5853 2306
4 5854 5852 2305 5855
4 2306 5853 5854 5855
3 5854 5852 5853
3 5855 2305 2306
4 2309 5856 5857 2310
4 5858 5856 2309 5859
4 2310 5857 5858 5859
3 5858 5856 5857
3 5859 2309 2310
4 2313 5860 5861 2314
4 5862 5860 2313 5863
4 2314 5861 5862 5863
3 5862 5860 5861
3 5863 2313 2314
4 2317 5864 5865 2318
4 5866 5864 2317 5867
4 2318 5865 5866 5867
3 5866 5864 5865
3 5867 2317 2318
4 2321 5868 5869 2322
4 2321 5868 5870 2320
4 2322 5869 5870 2320
3 5870 5868 5869
3 2320 2321 2322
4 2325 5871 5872 2326
4 2325 5871 5873 2324
4 2326 5872 5873 2324
3 5873 5871 5872
3 2324 2325 2326
4 2329 5874 5875 2330
4 2329 5874 5876 2328
4 2330 5875 5876 2328
3 5876 5874 5875
3 2328 2329 2330
4 2333 5877 5878 2334
4 2333 5877 5879 2332
4 2334 5878 5879 2332
3 5879 5877 5878
3 2332 2333 2334
4 2337 5880 5881 2338
4 2337 5880 5882 2336
4 2338 5881 5882 2336
3 5882 5880 5881
3 2336 2337 2338
4 5883 2281 2297 5884
4 5885 2281 2297 5886
4 5885 5883 5884 5886
3 5885 2281 5883
3 5886 2297 5884
4 5887 2285 2301 5888
4 5889 2285 2301 5890
4 5889 5887 5888 5890
3 5889 2285 5887
3 5890 2301 5888
4 5891 2289 2305 5892
4 5893 2289 2305 5894
4 5893 5891 5892 5894
3 5893 2289 5891
3 5894 2305 5892
4 5895 2293 2321 2322
4 5896 2293 2321 5897
4 5896 5895 2322 5897
3 5896 2293 5895
3 5897 2321 2322
4 2325 5898 5899 2326
4 5900 5898 2325 5901
4 2326 5899 5900 5901
3 5900 5898 5899
3 5901 2325 2326
4 2329 5902 5903 2330
4 5904 5902 2329 5905
4 2330 5903 5904 5905
3 5904 5902 5903
3 5905 2329 2330
4 2333 5906 5907 2334
4 5908 5906 2333 5909
4 2334 5907 5908 5909
3 5908 5906 5907
3 5909 2333 2334
4 2337 5910 5911 2338
4 5912 5910 2337 5913
4 2338 5911 5912 5913
3 5912 5910 5911
3 5913 2337 2338
4 2341 5914 5915 2342
4 2341 5914 5916 2340
4 2342 5915 5916 2340
3 5916 5914 5915
3 2340 2341 2342
4 2345 5917 5918 2346
4 2345 5917 5919 2344
4 2346 5918 5919 2344
3 5919 5917 5918
3 2344 2345 2346
4 2349 5920 5921 2350
4 2349 5920 5922 2348
4 2350 5921 5922 2348
3 5922 5920 5921
3 2348 2349 2350
4 2353 5923 5924 2354
4 2353 5923 5925 2352
4 2354 5924 5925 2352
3 5925 5923 5924
3 2352 2353 2354
4 5926 2309 2321 5927
4 5928 2309 2321 5929
4 5928 5926 5927 5929
3 5928 2309 5926
3 5929 2321 5927
4 5930 2313 2325 5931
4 5932 2313 2325 5933
4 5932 5930 5931 5933
3 5932 2313 5930
3 5933 2325 5931
4 5934 2317 2329 5935
4 5936 2317 2329 5937
4 5936 5934 5935 5937
3 5936 2317 5934
3 5937 2329 5935
4 2341 5938 5939 2342
4 5940 5938 2341 5941
4 2342 5939 5940 5941
3 5940 5938 5939
3 5941 2341 2342
4 2345 5942 5943 2346
4 5944 5942 2345 5945
4 2346 5943 5944 5945
3 5944 5942 5943
3 5945 2345 2346
4 2349 5946 5947 2350
4 5948 5946 2349 5949
4 2350 5947 5948 5949
3 5948 5946 5947
3 5949 2349 2350
4 2353 5950 5951 2354
4 5952 5950 2353 5953
4 2354 5951 5952 5953
3 5952 5950 5951
3 5953 2353 2354
4 2357 5954 5955 2358
4 2357 5954 5956 2356
4 2358 5955 5956 2356
3 5956 5954 5955
3 2356 2357 2358
4 2361 5957 5958 2362
4 2361 5957 5959 2360
4 2362 5958 5959 2360
3 5959 5957 5958
3 2360 2361 2362
4 2365 5960 5961 2366
4 2365 5960 5962 2364
4 2366 5961 5962 2364
3 5962 5960 5961
3 2364 2365 2366
4 5963 2333 2341 5964
4 5965 2333 2341 5966
4 5965 5963 5964 5966
3 5965 2333 5963
3 5966 2341 5964
4 5967 2337 2345 5968
4 5969 2337 2345 5970
4 5969 5967 5968 5970
3 5969 2337 5967
3 5970 2345 5968
4 2357 5971 5972 2358
4 5973 5971 2357 5974
4 2358 5972 5973 5974
3 5973 5971 5972
3 5974 2357 2358
4 2361 5975 5976 2362
4 5977 5975 2361 5978
4 2362 5976 5977 5978
3 5977 5975 5976
3 5978 2361 2362
4 2365 5979 5980 2366
4 5981 5979 2365 5982
4 2366 5980 5981 5982
3 5981 5979 5980
3 5982 2365 2366
4 2369 5983 5984 2370
4 2369 5983 5985 2368
4 2370 5984 5985 2368
3 5985 5983 5984
3 2368 2369 2370
4 2373 5986 5987 2374
4 2373 5986 5988 2372
4 2374 5987 5988 2372
3 5988 5986 5987
3 2372 2373 2374
4 2377 5989 5990 2378
4 2377 5989 5991 2376
4 2378 5990 5991 2376
3 5991 5989 5990
3 2376 2377 2378
4 5992 2349 2357 5993
4 5994 2349 2357 5995
4 5994 5992 5993 5995
3 5994 2349 5992
3 5995 2357 5993
4 5996 2353 2361 5997
4 5998 2353 2361 5999
4 5998 5996 5997 5999
3 5998 2353 5996
3 5999 2361 5997
4 2369 6000 6001 2370
4 6002 6000 2369 6003
4 2370 6001 6002 6003
3 6002 6000 6001
3 6003 2369 2370
4 2373 6004 6005 2374
4 6006 6004 2373 6007
4 2374 6005 6006 6007
3 6006 6004 6005
3 6007 2373 2374
4 2377 6008 6009 2378
4 6010 6008 2377 6011
4 2378 6009 6010 6011
3 6010 6008 6009
3 6011 2377 2378
4 2381 6012 6013 2382
4 2381 6012 6014 2380
4 2382 6013 6014 2380
3 6014 6012 6013
3 2380 2381 2382
4 2385 6015 6016 2386
4 2385 6015 6017 2384
4 2386 6016 6017 2384
3 6017 6015 6016
3 2384 2385 2386
4 6018 2365 2369 6019
4 6020 2365 2369 6021
4 6020 6018 6019 6021
3 6020 2365 6018
3 6021 2369 6019
4 6022 6023 2373 6024
4 6025 6023 2373 6026
4 6024 6022 6025 6026
3 6025 6023 6022
3 6026 2373 6024
4 2381 6027 6028 2382
4 6029 6027 2381 6030
4 2382 6028 6029 6030
3 6029 6027 6028
3 6030 2381 2382
4 2385 6031 6032 2386
4 6033 6031 2385 6034
4 2386 6032 6033 6034
3 6033 6031 6032
3 6034 2385 2386
4 2389 6035 6036 2390
4 2389 6035 6037 2388
4 2390 6036 6037 2388
3 6037 6035 6036
3 2388 2389 2390
4 6038 6039 2381 6040
4 6041 6039 2381 6042
4 6040 6038 6041 6042
3 6041 6039 6038
3 6042 2381 6040
4 6043 2377 2385 6044
4 6045 2377 2385 6046
4 6045 6043 6044 6046
3 6045 2377 6043
3 6046 2385 6044
4 2389 6047 6048 2390
4 6049 6047 2389 6050
4 2390 6048 6049 6050
3 6049 6047 6048
3 6050 2389 2390
4 2393 6051 6052 2394
4 2393 6051 6053 2392
4 2394 6052 6053 2392
3 6053 6051 6052
3 2392 2393 2394
4 6054 6055 2389 6056
4 6057 6055 2389 6058
4 6056 6054 6057 6058
3 6057 6055 6054
3 6058 2389 6056
4 2393 6059 6060 2394
4 6061 6059 2393 6062
4 2394 6060 6061 6062
3 6061 6059 6060
3 6062 2393 2394
4 2397 6063 6064 2398
4 2397 6063 6065 2396
4 2398 6064 6065 2396
3 6065 6063 6064
3 2396 2397 2398
4 6066 6067 2393 6068
4 6069 6067 2393 6070
4 6068 6066 6069 6070
3 6069 6067 6066
3 6070 2393 6068
4 2397 6071 6072 2398
4 6073 6071 2397 6074
4 2398 6072 6073 6074
3 6073 6071 6072
3 6074 2397 2398
4 6075 6076 2397 6077
4 6078 6076 2397 6079
4 6077 6075 6078 6079
3 6078 6076 6075
3 6079 2397 6077
4 6080 6081 6082 6083
4 6084 6081 6082 6085
4 6084 6080 6083 6085
3 6084 6081 6080
3 6085 6082 6083
5 21 2400 1 5 2404
5 22 2401 2 6 2403
4 2 1 5 6
4 2400 1 2 2401
4 2404 5 6 2403
4 21 2400 2401 22
4 2403 2404 21 22
5 33 2407 1 5 2411
5 34 2408 0 4 2410
4 0 1 5 4
4 2407 1 0 2408
4 2411 5 4 2410
4 33 2407 2408 34
4 2410 2411 33 34
5 45 2414 1 9 2421
5 46 2415 3 8 2420
4 3 1 9 8
4 3 1 2414 2415
4 2421 9 8 2420
4 45 2414 2415 46
4 2420 2421 45 46
5 49 2417 2 6 2425
5 50 2418 0 4 2424
4 0 2 6 4
4 2417 2 0 2418
4 2425 6 4 2424
4 49 2417 2418 50
4 2424 2425 49 50
5 61 2428 5 13 2435
5 62 2429 7 12 2434
4 7 5 13 12
4 7 5 2428 2429
4 2435 13 12 2434
4 61 2428 2429 62
4 2434 2435 61 62
5 65 2431 2 10 2439
5 66 2432 3 8 2438
4 3 2 10 8
4 2431 2 3 2432
4 2439 10 8 2438
4 65 2431 2432 66
4 2438 2439 65 66
5 81 2442 2400 21 2455
5 82 2443 2402 20 2454
4 2402 2400 21 20
4 2402 2400 2442 2443
4 2455 21 20 2454
4 81 2442 2443 82
4 2454 2455 81 82
5 85 2445 6 14 2459
5 86 2446 7 12 2458
4 7 6 14 12
4 2445 6 7 2446
4 2459 14 12 2458
4 85 2445 2446 86
4 2458 2459 85 86
5 89 2448 0 18 2463
5 90 2449 3 16 2462
4 18 0 3 16
4 2448 0 3 2449
4 2463 18 16 2462
4 89 2448 2449 90
4 2462 2463 89 90
5 105 2466 2404 21 2482
5 106 2467 2405 2406 2481
4 2405 2404 21 2406
4 2405 2404 2466 2467
4 2406 21 2482 2481
4 105 2466 2467 106
4 2481 2482 105 106
5 109 2469 6086 2451 93
5 110 2470 6087 2452 94
4 6087 6086 2451 2452
4 6087 6086 2469 2470
4 93 2451 2452 94
4 109 2469 2470 110
4 94 93 109 110
5 113 2472 2401 22 2488
5 114 2473 2402 20 2487
4 2402 2401 22 20
4 2472 2401 2402 2473
4 2488 22 20 2487
4 113 2472 2473 114
4 2487 2488 113 114
5 117 2475 4 26 2492
5 118 2476 7 24 2491
4 26 4 7 24
4 2475 4 7 2476
4 2492 26 24 2491
4 117 2475 2476 118
4 2491 2492 117 118
5 133 2495 6088 2451 93
5 134 2496 6089 6090 2513
4 6089 6088 2451 6090
4 6089 6088 2495 2496
4 6090 2451 93 2513
4 133 2495 2496 134
4 2513 93 133 134
5 137 2498 2403 22 2517
5 138 2499 2405 2406 2516
4 2405 2403 22 2406
4 2498 2403 2405 2499
4 2517 22 2406 2516
4 137 2498 2499 138
4 2516 2517 137 138
5 141 2501 6091 2478 121
5 142 2502 6092 2479 122
4 6092 6091 2478 2479
4 6092 6091 2501 2502
4 121 2478 2479 122
4 141 2501 2502 142
4 122 121 141 142
5 145 2504 2408 34 2523
5 146 2505 2409 32 2522
4 2409 2408 34 32
4 2504 2408 2409 2505
4 2523 34 32 2522
4 145 2504 2505 146
4 2522 2523 145 146
5 149 2507 8 38 2527
5 150 2508 11 36 2526
4 38 8 11 36
4 2507 8 11 2508
4 2527 38 36 2526
4 149 2507 2508 150
4 2526 2527 149 150
5 165 2530 6093 2469 109
5 166 2531 6094 6095 2551
4 6094 6093 2469 6095
4 6094 6093 2530 2531
4 6095 2469 109 2551
4 165 2530 2531 166
4 2551 109 165 166
5 169 2533 6096 2478 121
5 170 2534 6097 6098 2554
4 6097 6096 2478 6098
4 6097 6096 2533 2534
4 6098 2478 121 2554
4 169 2533 2534 170
4 2554 121 169 170
5 173 2536 2410 34 2558
5 174 2537 2412 2413 2557
4 2412 2410 34 2413
4 2536 2410 2412 2537
4 2558 34 2413 2557
4 173 2536 2537 174
4 2557 2558 173 174
5 177 2539 6099 2510 153
5 178 2540 6100 2511 154
4 6100 6099 2510 2511
4 2539 6099 6100 2540
4 153 2510 2511 154
4 177 2539 2540 178
4 154 153 177 178
5 181 2542 2415 46 2564
5 182 2543 2416 44 2563
4 46 2415 2416 44
4 2542 2415 2416 2543
4 2564 46 44 2563
4 181 2542 2543 182
4 2563 2564 181 182
5 185 2545 12 54 2568
5 186 2546 15 52 2567
4 54 12 15 52
4 2545 12 15 2546
4 2568 54 52 2567
4 185 2545 2546 186
4 2567 2568 185 186
5 201 2571 6101 2495 133
5 202 2572 6102 6103 2595
4 6102 6101 2495 6103
4 6102 6101 2571 2572
4 6103 2495 133 2595
4 201 2571 2572 202
4 2595 133 201 202
5 205 2574 6104 2501 141
5 206 2575 6105 6106 2598
4 6105 6104 2501 6106
4 6105 6104 2574 2575
4 6106 2501 141 2598
4 205 2574 2575 206
4 2598 141 205 206
5 209 2577 6107 2510 153
5 210 2578 6108 6109 2601
4 6108 6107 2510 6109
4 2577 6107 6108 2578
4 153 2510 6109 2601
4 209 2577 2578 210
4 2601 153 209 210
5 213 2580 2420 46 2605
5 214 2581 2422 2423 2604
4 2422 2420 46 2423
4 2580 2420 2422 2581
4 2605 46 2423 2604
4 213 2580 2581 214
4 2604 2605 213 214
5 217 2583 6110 2548 189
5 218 2584 6111 2549 190
4 2548 6110 6111 2549
4 2583 6110 6111 2584
4 189 2548 2549 190
4 217 2583 2584 218
4 190 189 217 218
5 221 2586 2429 62 2611
5 222 2587 2430 60 2610
4 62 2429 2430 60
4 2586 2429 2430 2587
4 2611 62 60 2610
4 221 2586 2587 222
4 2610 2611 221 222
5 225 2589 20 70 2615
5 226 2590 23 68 2614
4 70 20 23 68
4 2589 20 23 2590
4 2615 70 68 2614
4 225 2589 2590 226
4 2614 2615 225 226
5 201 2571 6112 2530 165
5 2643 6113 6114 6115 2642
4 6114 6112 2530 6115
4 6114 6112 2571 6113
4 6115 2530 165 2642
4 6113 2571 201 2643
4 2642 165 201 2643
5 241 2618 6116 2533 169
5 242 2619 6117 6118 2646
4 6117 6116 2533 6118
4 6117 6116 2618 2619
4 6118 2533 169 2646
4 241 2618 2619 242
4 2646 169 241 242
5 245 2621 6119 2539 177
5 246 2622 6120 6121 2649
4 6120 6119 2539 6121
4 6120 6119 2621 2622
4 6121 2539 177 2649
4 245 2621 2622 246
4 2649 177 245 246
5 249 2624 6122 2548 189
5 250 2625 6123 6124 2652
4 6123 6122 2548 6124
4 2624 6122 6123 2625
4 189 2548 6124 2652
4 249 2624 2625 250
4 2652 189 249 250
5 253 2627 2434 62 2656
5 254 2628 2436 2437 2655
4 2436 2434 62 2437
4 2627 2434 2436 2628
4 2656 62 2437 2655
4 253 2627 2628 254
4 2655 2656 253 254
5 257 2630 6125 2592 229
5 258 2631 6126 2593 230
4 2592 6125 6126 2593
4 2630 6125 6126 2631
4 229 2592 2593 230
4 257 2630 2631 258
4 230 229 257 258
5 261 2633 2443 82 2662
5 262 2634 2444 80 2661
4 82 2443 2444 80
4 2633 2443 2444 2634
4 2662 82 80 2661
4 261 2633 2634 262
4 2661 2662 261 262
5 265 2636 2452 94 2666
5 266 2637 2453 92 2665
4 94 2452 2453 92
4 2636 2452 2453 2637
4 2666 94 92 2665
4 265 2636 2637 266
4 2665 2666 265 266
5 201 133 93 109 165
5 6127 6128 6129 6130 6131
4 6129 93 109 6130
4 6129 93 133 6128
4 6130 109 165 6131
4 6128 133 201 6127
4 6131 165 201 6127
5 241 2618 6132 2574 205
5 2700 6133 6134 6135 2699
4 6134 6132 2574 6135
4 6134 6132 2618 6133
4 6135 2574 205 2699
4 6133 2618 241 2700
4 2699 205 241 2700
5 285 2669 6136 2577 209
5 286 2670 6137 6138 2703
4 6137 6136 2577 6138
4 6137 6136 2669 2670
4 6138 2577 209 2703
4 285 2669 2670 286
4 2703 209 285 286
5 289 2672 6139 2583 217
5 290 2673 6140 6141 2706
4 6140 6139 2583 6141
4 2672 6139 6140 2673
4 217 2583 6141 2706
4 289 2672 2673 290
4 2706 217 289 290
5 293 2675 6142 2592 229
5 294 2676 6143 6144 2709
4 6143 6142 2592 6144
4 2675 6142 6143 2676
4 229 2592 6144 2709
4 293 2675 2676 294
4 2709 229 293 294
5 297 2678 2454 82 2713
5 298 2679 2456 2457 2712
4 2456 2454 82 2457
4 2678 2454 2456 2679
4 2713 82 2457 2712
4 297 2678 2679 298
4 2712 2713 297 298
5 301 2681 6145 2639 269
5 302 2682 6146 2640 270
4 2639 6145 6146 2640
4 2681 6145 6146 2682
4 269 2639 2640 270
4 301 2681 2682 302
4 270 269 301 302
5 305 2684 2467 106 2719
5 306 2685 2468 104 2718
4 106 2467 2468 104
4 2684 2467 2468 2685
4 2719 106 104 2718
4 305 2684 2685 306
4 2718 2719 305 306
5 309 2687 2470 110 2723
5 310 2688 2471 108 2722
4 110 2470 2471 108
4 2687 2470 2471 2688
4 2723 110 108 2722
4 309 2687 2688 310
4 2722 2723 309 310
5 313 2690 2479 122 2727
5 314 2691 2480 120 2726
4 122 2479 2480 120
4 2690 2479 2480 2691
4 2727 122 120 2726
4 313 2690 2691 314
4 2726 2727 313 314
5 241 169 121 141 205
5 6147 6148 6149 6150 6151
4 6149 121 141 6150
4 6149 121 169 6148
4 6150 141 205 6151
4 6148 169 241 6147
4 6151 205 241 6147
5 285 2669 6152 2621 245
5 2764 6153 6154 6155 2763
4 6154 6152 2621 6155
4 6154 6152 2669 6153
4 6155 2621 245 2763
4 6153 2669 285 2764
4 2763 245 285 2764
5 333 2730 6156 2624 249
5 334 2731 6157 6158 2767
4 6157 6156 2624 6158
4 6157 6156 2730 2731
4 6158 2624 249 2767
4 333 2730 2731 334
4 2767 249 333 334
5 337 2733 6159 2630 257
5 338 2734 6160 6161 2770
4 6160 6159 2630 6161
4 2733 6159 6160 2734
4 257 2630 6161 2770
4 337 2733 2734 338
4 2770 257 337 338
5 341 2736 6162 2639 269
5 342 2737 6163 6164 2773
4 6163 6162 2639 6164
4 2736 6162 6163 2737
4 269 2639 6164 2773
4 341 2736 2737 342
4 2773 269 341 342
5 345 2739 2481 106 2777
5 346 2740 2483 2484 2776
4 2483 2481 106 2484
4 2739 2481 2483 2740
4 2777 106 2484 2776
4 345 2739 2740 346
4 2776 2777 345 346
5 349 2742 94 110 2781
5 350 2743 2485 2486 2780
4 2485 94 110 2486
4 2742 94 2485 2743
4 2781 110 2486 2780
4 349 2742 2743 350
4 2780 2781 349 350
5 353 2745 6165 2693 317
5 354 2746 6166 2694 318
4 2693 6165 6166 2694
4 2745 6165 6166 2746
4 317 2693 2694 318
4 353 2745 2746 354
4 318 317 353 354
5 357 2748 6167 2696 321
5 358 2749 6168 2697 322
4 2696 6167 6168 2697
4 2748 6167 6168 2749
4 321 2696 2697 322
4 357 2748 2749 358
4 322 321 357 358
5 361 2751 2496 134 2789
5 362 2752 2497 132 2788
4 134 2496 2497 132
4 2751 2496 2497 2752
4 2789 134 132 2788
4 361 2751 2752 362
4 2788 2789 361 362
5 365 2754 2502 142 2793
5 366 2755 2503 140 2792
4 142 2502 2503 140
4 2754 2502 2503 2755
4 2793 142 140 2792
4 365 2754 2755 366
4 2792 2793 365 366
5 285 209 153 177 245
5 6169 6170 6171 6172 6173
4 6171 153 177 6172
4 6171 153 209 6170
4 6172 177 245 6173
4 6170 209 285 6169
4 6173 245 285 6169
5 333 2730 6174 2672 289
5 2833 6175 6176 6177 2832
4 6176 6174 2672 6177
4 6176 6174 2730 6175
4 6177 2672 289 2832
4 6175 2730 333 2833
4 2832 289 333 2833
5 385 2796 6178 2675 293
5 386 2797 6179 6180 2836
4 6179 6178 2675 6180
4 6179 6178 2796 2797
4 6180 2675 293 2836
4 385 2796 2797 386
4 2836 293 385 386
5 389 2799 6181 2681 301
5 390 2800 6182 6183 2839
4 6182 6181 2681 6183
4 2799 6181 6182 2800
4 301 2681 6183 2839
4 389 2799 2800 390
4 2839 301 389 390
5 393 2802 6184 2693 317
5 394 2803 6185 6186 2842
4 6185 6184 2693 6186
4 2802 6184 6185 2803
4 317 2693 6186 2842
4 393 2802 2803 394
4 2842 317 393 394
5 397 2805 6187 2696 321
5 398 2806 6188 6189 2845
4 6188 6187 2696 6189
4 2805 6187 6188 2806
4 321 2696 6189 2845
4 397 2805 2806 398
4 2845 321 397 398
5 401 2808 2513 134 2849
5 402 2809 2514 2515 2848
4 2514 2513 134 2515
4 2808 2513 2514 2809
4 2849 134 2515 2848
4 401 2808 2809 402
4 2848 2849 401 402
5 405 2811 122 142 2853
5 406 2812 2520 2521 2852
4 2520 122 142 2521
4 2811 122 2520 2812
4 2853 142 2521 2852
4 405 2811 2812 406
4 2852 2853 405 406
5 409 2814 6190 2757 369
5 410 2815 6191 2758 370
4 2757 6190 6191 2758
4 2814 6190 6191 2815
4 369 2757 2758 370
4 409 2814 2815 410
4 370 369 409 410
5 413 2817 6192 2760 373
5 414 2818 6193 2761 374
4 2760 6192 6193 2761
4 2817 6192 6193 2818
4 373 2760 2761 374
4 413 2817 2818 414
4 374 373 413 414
5 417 2820 2531 166 2861
5 418 2821 2532 164 2860
4 166 2531 2532 164
4 2820 2531 2532 2821
4 2861 166 164 2860
4 417 2820 2821 418
4 2860 2861 417 418
5 421 2823 2534 170 2865
5 422 2824 2535 168 2864
4 170 2534 2535 168
4 2823 2534 2535 2824
4 2865 170 168 2864
4 421 2823 2824 422
4 2864 2865 421 422
5 333 249 189 217 289
5 6194 6195 6196 6197 6198
4 6196 189 217 6197
4 6196 189 249 6195
4 6197 217 289 6198
4 6195 249 333 6194
4 6198 289 333 6194
5 385 2796 6199 2733 337
5 2908 6200 6201 6202 2907
4 6201 6199 2733 6202
4 6201 6199 2796 6200
4 6202 2733 337 2907
4 6200 2796 385 2908
4 2907 337 385 2908
5 441 2868 6203 2736 341
5 442 2869 6204 6205 2911
4 6204 6203 2736 6205
4 6204 6203 2868 2869
4 6205 2736 341 2911
4 441 2868 2869 442
4 2911 341 441 442
5 445 2871 6206 2745 353
5 446 2872 6207 6208 2914
4 6207 6206 2745 6208
4 2871 6206 6207 2872
4 353 2745 6208 2914
4 445 2871 2872 446
4 2914 353 445 446
5 449 2874 6209 2748 357
5 450 2875 6210 6211 2917
4 6210 6209 2748 6211
4 2874 6209 6210 2875
4 357 2748 6211 2917
4 449 2874 2875 450
4 2917 357 449 450
5 453 2877 6212 2757 369
5 454 2878 6213 6214 2920
4 6213 6212 2757 6214
4 2877 6212 6213 2878
4 369 2757 6214 2920
4 453 2877 2878 454
4 2920 369 453 454
5 457 2880 6215 2760 373
5 458 2881 6216 6217 2923
4 6216 6215 2760 6217
4 2880 6215 6216 2881
4 373 2760 6217 2923
4 457 2880 2881 458
4 2923 373 457 458
5 461 2883 2551 166 2927
5 462 2884 2552 2553 2926
4 2552 2551 166 2553
4 2883 2551 2552 2884
4 2927 166 2553 2926
4 461 2883 2884 462
4 2926 2927 461 462
5 465 2886 2554 170 2931
5 466 2887 2555 2556 2930
4 2555 2554 170 2556
4 2886 2554 2555 2887
4 2931 170 2556 2930
4 465 2886 2887 466
4 2930 2931 465 466
5 469 2889 6218 2826 425
5 470 2890 6219 2827 426
4 2826 6218 6219 2827
4 2889 6218 6219 2890
4 425 2826 2827 426
4 469 2889 2890 470
4 426 425 469 470
5 473 2892 6220 2829 429
5 474 2893 6221 2830 430
4 2829 6220 6221 2830
4 2892 6220 6221 2893
4 429 2829 2830 430
4 473 2892 2893 474
4 430 429 473 474
5 477 2895 2572 202 2939
5 478 2896 2573 200 2938
4 202 2572 2573 200
4 2895 2572 2573 2896
4 2939 202 200 2938
4 477 2895 2896 478
4 2938 2939 477 478
5 481 2898 2575 206 2943
5 482 2899 2576 204 2942
4 206 2575 2576 204
4 2898 2575 2576 2899
4 2943 206 204 2942
4 481 2898 2899 482
4 2942 2943 481 482
5 385 293 229 257 337
5 6222 6223 6224 6225 6226
4 6224 229 257 6225
4 6224 229 293 6223
4 6225 257 337 6226
4 6223 293 385 6222
4 6226 337 385 6222
5 441 2868 6227 2799 389
5 2992 6228 6229 6230 2991
4 6229 6227 2799 6230
4 6229 6227 2868 6228
4 6230 2799 389 2991
4 6228 2868 441 2992
4 2991 389 441 2992
5 501 2946 6231 2802 393
5 502 2947 6232 6233 2995
4 6232 6231 2802 6233
4 2946 6231 6232 2947
4 393 2802 6233 2995
4 501 2946 2947 502
4 2995 393 501 502
5 505 2949 6234 2805 397
5 506 2950 6235 6236 2998
4 6235 6234 2805 6236
4 6235 6234 2949 2950
4 6236 2805 397 2998
4 505 2949 2950 506
4 2998 397 505 506
5 509 2952 6237 2814 409
5 510 2953 6238 6239 3001
4 6238 6237 2814 6239
4 2952 6237 6238 2953
4 409 2814 6239 3001
4 509 2952 2953 510
4 3001 409 509 510
5 513 2955 6240 2817 413
5 514 2956 6241 6242 3004
4 6241 6240 2817 6242
4 2955 6240 6241 2956
4 413 2817 6242 3004
4 513 2955 2956 514
4 3004 413 513 514
5 517 2958 6243 2826 425
5 518 2959 6244 6245 3007
4 6244 6243 2826 6245
4 2958 6243 6244 2959
4 425 2826 6245 3007
4 517 2958 2959 518
4 3007 425 517 518
5 521 2961 6246 2829 429
5 522 2962 6247 6248 3010
4 6247 6246 2829 6248
4 2961 6246 6247 2962
4 429 2829 6248 3010
4 521 2961 2962 522
4 3010 429 521 522
5 525 2964 2595 202 3014
5 526 2965 2596 2597 3013
4 2596 2595 202 2597
4 2964 2595 2596 2965
4 3014 202 2597 3013
4 525 2964 2965 526
4 3013 3014 525 526
5 529 2967 2598 206 3018
5 530 2968 2599 2600 3017
4 2599 2598 206 2600
4 2967 2598 2599 2968
4 3018 206 2600 3017
4 529 2967 2968 530
4 3017 3018 529 530
5 533 2970 6249 2901 485
5 534 2971 6250 2902 486
4 2901 6249 6250 2902
4 2970 6249 6250 2971
4 485 2901 2902 486
4 533 2970 2971 534
4 486 485 533 534
5 537 2973 6251 2904 489
5 538 2974 6252 2905 490
4 2904 6251 6252 2905
4 2973 6251 6252 2974
4 489 2904 2905 490
4 537 2973 2974 538
4 490 489 537 538
5 541 2976 2619 242 3026
5 542 2977 2620 240 3025
4 242 2619 2620 240
4 2976 2619 2620 2977
4 3026 242 240 3025
4 541 2976 2977 542
4 3025 3026 541 542
5 545 2979 2622 246 3030
5 546 2980 2623 244 3029
4 246 2622 2623 244
4 2979 2622 2623 2980
4 3030 246 244 3029
4 545 2979 2980 546
4 3029 3030 545 546
5 441 341 269 301 389
5 6253 6254 6255 6256 6257
4 6255 269 301 6256
4 6255 269 341 6254
4 6256 301 389 6257
4 6254 341 441 6253
4 6257 389 441 6253
5 501 2946 6258 2871 445
5 3082 6259 6260 6261 3081
4 6260 6258 2871 6261
4 6260 6258 2946 6259
4 6261 2871 445 3081
4 6259 2946 501 3082
4 3081 445 501 3082
5 505 2949 6262 2874 449
5 3086 6263 6264 6265 3085
4 6264 6262 2874 6265
4 6264 6262 2949 6263
4 6265 2874 449 3085
4 6263 2949 505 3086
4 3085 449 505 3086
5 565 3033 6266 2877 453
5 566 3034 6267 6268 3089
4 6267 6266 2877 6268
4 3033 6266 6267 3034
4 453 2877 6268 3089
4 565 3033 3034 566
4 3089 453 565 566
5 569 3036 6269 2880 457
5 570 3037 6270 6271 3092
4 6270 6269 2880 6271
4 6270 6269 3036 3037
4 6271 2880 457 3092
4 569 3036 3037 570
4 3092 457 569 570
5 573 3039 6272 2889 469
5 574 3040 6273 6274 3095
4 6273 6272 2889 6274
4 3039 6272 6273 3040
4 469 2889 6274 3095
4 573 3039 3040 574
4 3095 469 573 574
5 577 3042 6275 2892 473
5 578 3043 6276 6277 3098
4 6276 6275 2892 6277
4 3042 6275 6276 3043
4 473 2892 6277 3098
4 577 3042 3043 578
4 3098 473 577 578
5 581 3045 6278 2901 485
5 582 3046 6279 6280 3101
4 6279 6278 2901 6280
4 3045 6278 6279 3046
4 485 2901 6280 3101
4 581 3045 3046 582
4 3101 485 581 582
5 585 3048 6281 2904 489
5 586 3049 6282 6283 3104
4 6282 6281 2904 6283
4 3048 6281 6282 3049
4 489 2904 6283 3104
4 585 3048 3049 586
4 3104 489 585 586
5 589 3051 2642 2643 3107
5 590 3052 2644 2645 3108
4 2644 2642 2643 2645
4 3051 2642 2644 3052
4 3107 2643 2645 3108
4 589 3051 3052 590
4 589 3107 3108 590
5 593 3054 2646 242 3112
5 594 3055 2647 2648 3111
4 2647 2646 242 2648
4 3054 2646 2647 3055
4 3112 242 2648 3111
4 593 3054 3055 594
4 3111 3112 593 594
5 597 3057 2649 246 3116
5 598 3058 2650 2651 3115
4 2650 2649 246 2651
4 3057 2649 2650 3058
4 3116 246 2651 3115
4 597 3057 3058 598
4 3115 3116 597 598
5 601 3060 6284 2982 549
5 602 3061 6285 2983 550
4 2982 6284 6285 2983
4 3060 6284 6285 3061
4 549 2982 2983 550
4 601 3060 3061 602
4 550 549 601 602
5 605 3063 6286 2985 553
5 606 3064 6287 2986 554
4 2985 6286 6287 2986
4 3063 6286 6287 3064
4 553 2985 2986 554
4 605 3063 3064 606
4 554 553 605 606
5 609 3066 6288 2988 557
5 610 3067 6289 2989 558
4 2988 6288 6289 2989
4 3066 6288 6289 3067
4 557 2988 2989 558
4 609 3066 3067 610
4 558 557 609 610
5 613 3069 2670 286 3126
5 614 3070 2671 284 3125
4 286 2670 2671 284
4 3069 2670 2671 3070
4 3126 286 284 3125
4 613 3069 3070 614
4 3125 3126 613 614
5 501 393 317 353 445
5 6290 6291 6292 6293 6294
4 6292 317 353 6293
4 6292 317 393 6291
4 6293 353 445 6294
4 6291 393 501 6290
4 6294 445 501 6290
5 505 397 321 357 449
5 6295 6296 6297 6298 6299
4 6297 321 357 6298
4 6297 321 397 6296
4 6298 357 449 6299
4 6296 397 505 6295
4 6299 449 505 6295
5 565 3033 6300 2952 509
5 3178 6301 6302 6303 3177
4 6302 6300 2952 6303
4 6302 6300 3033 6301
4 6303 2952 509 3177
4 6301 3033 565 3178
4 3177 509 565 3178
5 569 3036 6304 2955 513
5 3182 6305 6306 6307 3181
4 6306 6304 2955 6307
4 6306 6304 3036 6305
4 6307 2955 513 3181
4 6305 3036 569 3182
4 3181 513 569 3182
5 633 3129 6308 2958 517
5 634 3130 6309 6310 3185
4 6309 6308 2958 6310
4 3129 6308 6309 3130
4 517 2958 6310 3185
4 633 3129 3130 634
4 3185 517 633 634
5 637 3132 6311 2961 521
5 638 3133 6312 6313 3188
4 6312 6311 2961 6313
4 3132 6311 6312 3133
4 521 2961 6313 3188
4 637 3132 3133 638
4 3188 521 637 638
5 641 3135 6314 2970 533
5 642 3136 6315 6316 3191
4 6315 6314 2970 6316
4 3135 6314 6315 3136
4 533 2970 6316 3191
4 641 3135 3136 642
4 3191 533 641 642
5 645 3138 6317 2973 537
5 646 3139 6318 6319 3194
4 6318 6317 2973 6319
4 3138 6317 6318 3139
4 537 2973 6319 3194
4 645 3138 3139 646
4 3194 537 645 646
5 649 3141 6320 2982 549
5 650 3142 6321 6322 3197
4 6321 6320 2982 6322
4 3141 6320 6321 3142
4 549 2982 6322 3197
4 649 3141 3142 650
4 3197 549 649 650
5 653 3144 6323 2985 553
5 654 3145 6324 6325 3200
4 6324 6323 2985 6325
4 3144 6323 6324 3145
4 553 2985 6325 3200
4 653 3144 3145 654
4 3200 553 653 654
5 657 3147 6326 2988 557
5 658 3148 6327 6328 3203
4 6327 6326 2988 6328
4 3147 6326 6327 3148
4 557 2988 6328 3203
4 657 3147 3148 658
4 3203 557 657 658
5 661 3150 2699 2700 3206
5 662 3151 2701 2702 3207
4 2701 2699 2700 2702
4 3150 2699 2701 3151
4 3206 2700 2702 3207
4 661 3150 3151 662
4 661 3206 3207 662
5 665 3153 2703 286 3211
5 666 3154 2704 2705 3210
4 2704 2703 286 2705
4 3153 2703 2704 3154
4 3211 286 2705 3210
4 665 3153 3154 666
4 3210 3211 665 666
5 669 3156 6329 3072 617
5 670 3157 6330 3073 618
4 3072 6329 6330 3073
4 3156 6329 6330 3157
4 617 3072 3073 618
4 669 3156 3157 670
4 618 617 669 670
5 673 3159 6331 3075 621
5 674 3160 6332 3076 622
4 3075 6331 6332 3076
4 3159 6331 6332 3160
4 621 3075 3076 622
4 673 3159 3160 674
4 622 621 673 674
5 677 3162 6333 3078 625
5 678 3163 6334 3079 626
4 3078 6333 6334 3079
4 3162 6333 6334 3163
4 625 3078 3079 626
4 677 3162 3163 678
4 626 625 677 678
5 681 3165 2731 334 3221
5 682 3166 2732 332 3220
4 334 2731 2732 332
4 3165 2731 2732 3166
4 3221 334 332 3220
4 681 3165 3166 682
4 3220 3221 681 682
5 565 453 369 409 509
5 6335 6336 6337 6338 6339
4 6337 369 409 6338
4 6337 369 453 6336
4 6338 409 509 6339
4 6336 453 565 6335
4 6339 509 565 6335
5 569 457 373 413 513
5 6340 6341 6342 6343 6344
4 6342 373 413 6343
4 6342 373 457 6341
4 6343 413 513 6344
4 6341 457 569 6340
4 6344 513 569 6340
5 633 3129 6345 3039 573
5 3276 6346 6347 6348 3275
4 6347 6345 3039 6348
4 6347 6345 3129 6346
4 6348 3039 573 3275
4 6346 3129 633 3276
4 3275 573 633 3276
5 637 3132 6349 3042 577
5 3280 6350 6351 6352 3279
4 6351 6349 3042 6352
4 6351 6349 3132 6350
4 6352 3042 577 3279
4 6350 3132 637 3280
4 3279 577 637 3280
5 701 3224 6353 3045 581
5 702 3225 6354 6355 3283
4 6354 6353 3045 6355
4 3224 6353 6354 3225
4 581 3045 6355 3283
4 701 3224 3225 702
4 3283 581 701 702
5 705 3227 6356 3048 585
5 706 3228 6357 6358 3286
4 6357 6356 3048 6358
4 3227 6356 6357 3228
4 585 3048 6358 3286
4 705 3227 3228 706
4 3286 585 705 706
5 709 3230 6359 3060 601
5 710 3231 6360 6361 3289
4 6360 6359 3060 6361
4 3230 6359 6360 3231
4 601 3060 6361 3289
4 709 3230 3231 710
4 3289 601 709 710
5 713 3233 6362 3063 605
5 714 3234 6363 6364 3292
4 6363 6362 3063 6364
4 3233 6362 6363 3234
4 605 3063 6364 3292
4 713 3233 3234 714
4 3292 605 713 714
5 717 3236 6365 3066 609
5 718 3237 6366 6367 3295
4 6366 6365 3066 6367
4 3236 6365 6366 3237
4 609 3066 6367 3295
4 717 3236 3237 718
4 3295 609 717 718
5 721 3239 6368 3072 617
5 722 3240 6369 6370 3298
4 6369 6368 3072 6370
4 3239 6368 6369 3240
4 617 3072 6370 3298
4 721 3239 3240 722
4 3298 617 721 722
5 725 3242 6371 3075 621
5 726 3243 6372 6373 3301
4 6372 6371 3075 6373
4 3242 6371 6372 3243
4 621 3075 6373 3301
4 725 3242 3243 726
4 3301 621 725 726
5 729 3245 6374 3078 625
5 730 3246 6375 6376 3304
4 6375 6374 3078 6376
4 3245 6374 6375 3246
4 625 3078 6376 3304
4 729 3245 3246 730
4 3304 625 729 730
5 733 3248 2763 2764 3307
5 734 3249 2765 2766 3308
4 2765 2763 2764 2766
4 3248 2763 2765 3249
4 3307 2764 2766 3308
4 733 3248 3249 734
4 733 3307 3308 734
5 737 3251 2767 334 3312
5 738 3252 2768 2769 3311
4 2768 2767 334 2769
4 3251 2767 2768 3252
4 3312 334 2769 3311
4 737 3251 3252 738
4 3311 3312 737 738
5 741 3254 6377 3168 685
5 742 3255 6378 3169 686
4 3168 6377 6378 3169
4 3254 6377 6378 3255
4 685 3168 3169 686
4 741 3254 3255 742
4 686 685 741 742
5 745 3257 6379 3171 689
5 746 3258 6380 3172 690
4 3171 6379 6380 3172
4 3257 6379 6380 3258
4 689 3171 3172 690
4 745 3257 3258 746
4 690 689 745 746
5 749 3260 6381 3174 693
5 750 3261 6382 3175 694
4 3174 6381 6382 3175
4 3260 6381 6382 3261
4 693 3174 3175 694
4 749 3260 3261 750
4 694 693 749 750
5 753 3263 2797 386 3322
5 754 3264 2798 384 3321
4 386 2797 2798 384
4 3263 2797 2798 3264
4 3322 386 384 3321
4 753 3263 3264 754
4 3321 3322 753 754
5 633 517 425 469 573
5 6383 6384 6385 6386 6387
4 6385 425 469 6386
4 6385 425 517 6384
4 6386 469 573 6387
4 6384 517 633 6383
4 6387 573 633 6383
5 637 521 429 473 577
5 6388 6389 6390 6391 6392
4 6390 429 473 6391
4 6390 429 521 6389
4 6391 473 577 6392
4 6389 521 637 6388
4 6392 577 637 6388
5 701 3224 6393 3135 641
5 3380 6394 6395 6396 3379
4 6395 6393 3135 6396
4 6395 6393 3224 6394
4 6396 3135 641 3379
4 6394 3224 701 3380
4 3379 641 701 3380
5 705 3227 6397 3138 645
5 3384 6398 6399 6400 3383
4 6399 6397 3138 6400
4 6399 6397 3227 6398
4 6400 3138 645 3383
4 6398 3227 705 3384
4 3383 645 705 3384
5 773 3325 6401 3141 649
5 774 3326 6402 6403 3387
4 6402 6401 3141 6403
4 3325 6401 6402 3326
4 649 3141 6403 3387
4 773 3325 3326 774
4 3387 649 773 774
5 777 3328 6404 3144 653
5 778 3329 6405 6406 3390
4 6405 6404 3144 6406
4 3328 6404 6405 3329
4 653 3144 6406 3390
4 777 3328 3329 778
4 3390 653 777 778
5 781 3331 6407 3147 657
5 782 3332 6408 6409 3393
4 6408 6407 3147 6409
4 3331 6407 6408 3332
4 657 3147 6409 3393
4 781 3331 3332 782
4 3393 657 781 782
5 785 3334 6410 3156 669
5 786 3335 6411 6412 3396
4 6411 6410 3156 6412
4 3334 6410 6411 3335
4 669 3156 6412 3396
4 785 3334 3335 786
4 3396 669 785 786
5 789 3337 6413 3159 673
5 790 3338 6414 6415 3399
4 6414 6413 3159 6415
4 3337 6413 6414 3338
4 673 3159 6415 3399
4 789 3337 3338 790
4 3399 673 789 790
5 793 3340 6416 3162 677
5 794 3341 6417 6418 3402
4 6417 6416 3162 6418
4 3340 6416 6417 3341
4 677 3162 6418 3402
4 793 3340 3341 794
4 3402 677 793 794
5 797 3343 6419 3168 685
5 798 3344 6420 6421 3405
4 6420 6419 3168 6421
4 3343 6419 6420 3344
4 685 3168 6421 3405
4 797 3343 3344 798
4 3405 685 797 798
5 801 3346 6422 3171 689
5 802 3347 6423 6424 3408
4 6423 6422 3171 6424
4 3346 6422 6423 3347
4 689 3171 6424 3408
4 801 3346 3347 802
4 3408 689 801 802
5 805 3349 6425 3174 693
5 806 3350 6426 6427 3411
4 6426 6425 3174 6427
4 3349 6425 6426 3350
4 693 3174 6427 3411
4 805 3349 3350 806
4 3411 693 805 806
5 809 3352 2832 2833 3414
5 810 3353 2834 2835 3415
4 2834 2832 2833 2835
4 3352 2832 2834 3353
4 3414 2833 2835 3415
4 809 3352 3353 810
4 809 3414 3415 810
5 813 3355 2836 386 3419
5 814 3356 2837 2838 3418
4 2837 2836 386 2838
4 3355 2836 2837 3356
4 3419 386 2838 3418
4 813 3355 3356 814
4 3418 3419 813 814
5 817 3358 6428 3266 757
5 818 3359 6429 3267 758
4 3266 6428 6429 3267
4 3358 6428 6429 3359
4 757 3266 3267 758
4 817 3358 3359 818
4 758 757 817 818
5 821 3361 6430 3269 761
5 822 3362 6431 3270 762
4 3269 6430 6431 3270
4 3361 6430 6431 3362
4 761 3269 3270 762
4 821 3361 3362 822
4 762 761 821 822
5 825 3364 6432 3272 765
5 826 3365 6433 3273 766
4 3272 6432 6433 3273
4 3364 6432 6433 3365
4 765 3272 3273 766
4 825 3364 3365 826
4 766 765 825 826
5 829 3367 2869 442 3429
5 830 3368 2870 440 3428
4 442 2869 2870 440
4 3367 2869 2870 3368
4 3429 442 440 3428
4 829 3367 3368 830
4 3428 3429 829 830
5 701 581 485 533 641
5 6434 6435 6436 6437 6438
4 6436 485 533 6437
4 6436 485 581 6435
4 6437 533 641 6438
4 6435 581 701 6434
4 6438 641 701 6434
5 705 585 489 537 645
5 6439 6440 6441 6442 6443
4 6441 489 537 6442
4 6441 489 585 6440
4 6442 537 645 6443
4 6440 585 705 6439
4 6443 645 705 6439
5 773 3325 6444 3230 709
5 3487 6445 6446 6447 3486
4 6446 6444 3230 6447
4 6446 6444 3325 6445
4 709 3230 6447 3486
4 6445 3325 773 3487
4 3486 709 773 3487
5 777 3328 6448 3233 713
5 3491 6449 6450 6451 3490
4 6450 6448 3233 6451
4 6450 6448 3328 6449
4 6451 3233 713 3490
4 6449 3328 777 3491
4 3490 713 777 3491
5 781 3331 6452 3236 717
5 3495 6453 6454 6455 3494
4 6454 6452 3236 6455
4 6454 6452 3331 6453
4 6455 3236 717 3494
4 6453 3331 781 3495
4 3494 717 781 3495
5 849 3432 6456 3239 721
5 850 3433 6457 6458 3498
4 6457 6456 3239 6458
4 3432 6456 6457 3433
4 721 3239 6458 3498
4 849 3432 3433 850
4 3498 721 849 850
5 853 3435 6459 3242 725
5 854 3436 6460 6461 3501
4 6460 6459 3242 6461
4 3435 6459 6460 3436
4 725 3242 6461 3501
4 853 3435 3436 854
4 3501 725 853 854
5 857 3438 6462 3245 729
5 858 3439 6463 6464 3504
4 6463 6462 3245 6464
4 3438 6462 6463 3439
4 729 3245 6464 3504
4 857 3438 3439 858
4 3504 729 857 858
5 861 3441 6465 3254 741
5 862 3442 6466 6467 3507
4 6466 6465 3254 6467
4 3441 6465 6466 3442
4 741 3254 6467 3507
4 861 3441 3442 862
4 3507 741 861 862
5 865 3444 6468 3257 745
5 866 3445 6469 6470 3510
4 6469 6468 3257 6470
4 3444 6468 6469 3445
4 745 3257 6470 3510
4 865 3444 3445 866
4 3510 745 865 866
5 869 3447 6471 3260 749
5 870 3448 6472 6473 3513
4 6472 6471 3260 6473
4 3447 6471 6472 3448
4 749 3260 6473 3513
4 869 3447 3448 870
4 3513 749 869 870
5 873 3450 6474 3266 757
5 874 3451 6475 6476 3516
4 6475 6474 3266 6476
4 3450 6474 6475 3451
4 757 3266 6476 3516
4 873 3450 3451 874
4 3516 757 873 874
5 877 3453 6477 3269 761
5 878 3454 6478 6479 3519
4 6478 6477 3269 6479
4 3453 6477 6478 3454
4 761 3269 6479 3519
4 877 3453 3454 878
4 3519 761 877 878
5 881 3456 6480 3272 765
5 882 3457 6481 6482 3522
4 6481 6480 3272 6482
4 3456 6480 6481 3457
4 765 3272 6482 3522
4 881 3456 3457 882
4 3522 765 881 882
5 885 3459 2907 2908 3525
5 886 3460 2909 2910 3526
4 2909 2907 2908 2910
4 3459 2907 2909 3460
4 3525 2908 2910 3526
4 885 3459 3460 886
4 885 3525 3526 886
5 889 3462 2911 442 3530
5 890 3463 2912 2913 3529
4 2912 2911 442 2913
4 3462 2911 2912 3463
4 3530 442 2913 3529
4 889 3462 3463 890
4 3529 3530 889 890
5 893 3465 6483 3370 833
5 894 3466 6484 3371 834
4 3370 6483 6484 3371
4 3465 6483 6484 3466
4 833 3370 3371 834
4 893 3465 3466 894
4 834 833 893 894
5 897 3468 6485 3373 837
5 898 3469 6486 3374 838
4 3373 6485 6486 3374
4 3468 6485 6486 3469
4 837 3373 3374 838
4 897 3468 3469 898
4 838 837 897 898
5 901 3471 6487 3376 841
5 902 3472 6488 3377 842
4 3376 6487 6488 3377
4 3471 6487 6488 3472
4 841 3376 3377 842
4 901 3471 3472 902
4 842 841 901 902
5 905 3474 2950 506 3540
5 906 3475 2951 504 3539
4 506 2950 2951 504
4 3474 2950 2951 3475
4 3540 506 504 3539
4 905 3474 3475 906
4 3539 3540 905 906
5 773 649 549 601 709
5 6489 6490 6491 6492 6493
4 6491 549 601 6492
4 6491 549 649 6490
4 6492 601 709 6493
4 6490 649 773 6489
4 6493 709 773 6489
5 777 653 553 605 713
5 6494 6495 6496 6497 6498
4 6496 553 605 6497
4 6496 553 653 6495
4 6497 605 713 6498
4 6495 653 777 6494
4 6498 713 777 6494
5 781 657 557 609 717
5 6499 6500 6501 6502 6503
4 6501 557 609 6502
4 6501 557 657 6500
4 6502 609 717 6503
4 6500 657 781 6499
4 6503 717 781 6499
5 849 3432 6504 3334 785
5 3601 6505 6506 6507 3600
4 6506 6504 3334 6507
4 3432 6504 6506 6505
4 785 3334 6507 3600
4 849 3432 6505 3601
4 3600 785 849 3601
5 853 3435 6508 3337 789
5 3605 6509 6510 6511 3604
4 6510 6508 3337 6511
4 6510 6508 3435 6509
4 789 3337 6511 3604
4 6509 3435 853 3605
4 3604 789 853 3605
5 857 3438 6512 3340 793
5 3609 6513 6514 6515 3608
4 6514 6512 3340 6515
4 6514 6512 3438 6513
4 6515 3340 793 3608
4 6513 3438 857 3609
4 3608 793 857 3609
5 925 3543 6516 3343 797
5 926 3544 6517 6518 3612
4 6517 6516 3343 6518
4 3543 6516 6517 3544
4 797 3343 6518 3612
4 925 3543 3544 926
4 3612 797 925 926
5 929 3546 6519 3346 801
5 930 3547 6520 6521 3615
4 6520 6519 3346 6521
4 3546 6519 6520 3547
4 801 3346 6521 3615
4 929 3546 3547 930
4 3615 801 929 930
5 933 3549 6522 3349 805
5 934 3550 6523 6524 3618
4 6523 6522 3349 6524
4 3549 6522 6523 3550
4 805 3349 6524 3618
4 933 3549 3550 934
4 3618 805 933 934
5 937 3552 6525 3358 817
5 938 3553 6526 6527 3621
4 6526 6525 3358 6527
4 3552 6525 6526 3553
4 817 3358 6527 3621
4 937 3552 3553 938
4 3621 817 937 938
5 941 3555 6528 3361 821
5 942 3556 6529 6530 3624
4 6529 6528 3361 6530
4 3555 6528 6529 3556
4 821 3361 6530 3624
4 941 3555 3556 942
4 3624 821 941 942
5 945 3558 6531 3364 825
5 946 3559 6532 6533 3627
4 6532 6531 3364 6533
4 3558 6531 6532 3559
4 825 3364 6533 3627
4 945 3558 3559 946
4 3627 825 945 946
5 949 3561 6534 3370 833
5 950 3562 6535 6536 3630
4 6535 6534 3370 6536
4 3561 6534 6535 3562
4 833 3370 6536 3630
4 949 3561 3562 950
4 3630 833 949 950
5 953 3564 6537 3373 837
5 954 3565 6538 6539 3633
4 6538 6537 3373 6539
4 3564 6537 6538 3565
4 837 3373 6539 3633
4 953 3564 3565 954
4 3633 837 953 954
5 957 3567 6540 3376 841
5 958 3568 6541 6542 3636
4 6541 6540 3376 6542
4 3567 6540 6541 3568
4 841 3376 6542 3636
4 957 3567 3568 958
4 3636 841 957 958
5 961 3570 2991 2992 3639
5 962 3571 2993 2994 3640
4 2993 2991 2992 2994
4 3570 2991 2993 3571
4 3639 2992 2994 3640
4 961 3570 3571 962
4 961 3639 3640 962
5 965 3573 2998 506 3644
5 966 3574 2999 3000 3643
4 2999 2998 506 3000
4 3573 2998 2999 3574
4 3644 506 3000 3643
4 965 3573 3574 966
4 3643 3644 965 966
5 969 3576 6543 3477 909
5 970 3577 6544 3478 910
4 3477 6543 6544 3478
4 3576 6543 6544 3577
4 909 3477 3478 910
4 969 3576 3577 970
4 910 909 969 970
5 973 3579 6545 3480 913
5 974 3580 6546 3481 914
4 3480 6545 6546 3481
4 3579 6545 6546 3580
4 913 3480 3481 914
4 973 3579 3580 974
4 914 913 973 974
5 977 3582 6547 3483 917
5 978 3583 6548 3484 918
4 3483 6547 6548 3484
4 3582 6547 6548 3583
4 917 3483 3484 918
4 977 3582 3583 978
4 918 917 977 978
5 981 3585 3037 570 3654
5 982 3586 3038 568 3653
4 570 3037 3038 568
4 3585 3037 3038 3586
4 3654 570 568 3653
4 981 3585 3586 982
4 3653 3654 981 982
5 849 721 617 669 785
5 6549 6550 6551 6552 6553
4 6551 617 669 6552
4 6551 617 721 6550
4 6552 669 785 6553
4 6550 721 849 6549
4 6553 785 849 6549
5 853 725 621 673 789
5 6554 6555 6556 6557 6558
4 6556 621 673 6557
4 6556 621 725 6555
4 6557 673 789 6558
4 6555 725 853 6554
4 6558 789 853 6554
5 857 729 625 677 793
5 6559 6560 6561 6562 6563
4 6561 625 677 6562
4 6561 625 729 6560
4 6562 677 793 6563
4 6560 729 857 6559
4 6563 793 857 6559
5 925 3543 6564 3441 861
5 3718 6565 6566 6567 3717
4 6566 6564 3441 6567
4 3543 6564 6566 6565
4 861 3441 6567 3717
4 925 3543 6565 3718
4 3717 861 925 3718
5 929 3546 6568 3444 865
5 3722 6569 6570 6571 3721
4 6570 6568 3444 6571
4 6570 6568 3546 6569
4 865 3444 6571 3721
4 6569 3546 929 3722
4 3721 865 929 3722
5 933 3549 6572 3447 869
5 3726 6573 6574 6575 3725
4 6574 6572 3447 6575
4 6574 6572 3549 6573
4 6575 3447 869 3725
4 6573 3549 933 3726
4 3725 869 933 3726
5 1001 3657 6576 3450 873
5 1002 3658 6577 6578 3729
4 6577 6576 3450 6578
4 3657 6576 6577 3658
4 873 3450 6578 3729
4 1001 3657 3658 1002
4 3729 873 1001 1002
5 1005 3660 6579 3453 877
5 1006 3661 6580 6581 3732
4 6580 6579 3453 6581
4 3660 6579 6580 3661
4 877 3453 6581 3732
4 1005 3660 3661 1006
4 3732 877 1005 1006
5 1009 3663 6582 3456 881
5 1010 3664 6583 6584 3735
4 6583 6582 3456 6584
4 3663 6582 6583 3664
4 881 3456 6584 3735
4 1009 3663 3664 1010
4 3735 881 1009 1010
5 1013 3666 6585 3465 893
5 1014 3667 6586 6587 3738
4 6586 6585 3465 6587
4 3666 6585 6586 3667
4 893 3465 6587 3738
4 1013 3666 3667 1014
4 3738 893 1013 1014
5 1017 3669 6588 3468 897
5 1018 3670 6589 6590 3741
4 6589 6588 3468 6590
4 3669 6588 6589 3670
4 897 3468 6590 3741
4 1017 3669 3670 1018
4 3741 897 1017 1018
5 1021 3672 6591 3471 901
5 1022 3673 6592 6593 3744
4 6592 6591 3471 6593
4 3672 6591 6592 3673
4 901 3471 6593 3744
4 1021 3672 3673 1022
4 3744 901 1021 1022
5 1025 3675 6594 3477 909
5 1026 3676 6595 6596 3747
4 6595 6594 3477 6596
4 3675 6594 6595 3676
4 909 3477 6596 3747
4 1025 3675 3676 1026
4 3747 909 1025 1026
5 1029 3678 6597 3480 913
5 1030 3679 6598 6599 3750
4 6598 6597 3480 6599
4 3678 6597 6598 3679
4 913 3480 6599 3750
4 1029 3678 3679 1030
4 3750 913 1029 1030
5 1033 3681 6600 3483 917
5 1034 3682 6601 6602 3753
4 6601 6600 3483 6602
4 3681 6600 6601 3682
4 917 3483 6602 3753
4 1033 3681 3682 1034
4 3753 917 1033 1034
5 1037 3684 3081 3082 3756
5 1038 3685 3083 3084 3757
4 3083 3081 3082 3084
4 3684 3081 3083 3685
4 3756 3082 3084 3757
4 1037 3684 3685 1038
4 1037 3756 3757 1038
5 1041 3687 3085 3086 3760
5 1042 3688 3087 3088 3761
4 3087 3085 3086 3088
4 3687 3085 3087 3688
4 3760 3086 3088 3761
4 1041 3687 3688 1042
4 1041 3760 3761 1042
5 1045 3690 3092 570 3765
5 1046 3691 3093 3094 3764
4 3093 3092 570 3094
4 3690 3092 3093 3691
4 3765 570 3094 3764
4 1045 3690 3691 1046
4 3764 3765 1045 1046
5 1049 3693 6603 3588 985
5 1050 3694 6604 3589 986
4 3588 6603 6604 3589
4 3693 6603 6604 3694
4 985 3588 3589 986
4 1049 3693 3694 1050
4 986 985 1049 1050
5 1053 3696 6605 3591 989
5 1054 3697 6606 3592 990
4 3591 6605 6606 3592
4 3696 6605 6606 3697
4 989 3591 3592 990
4 1053 3696 3697 1054
4 990 989 1053 1054
5 1057 3699 6607 3594 993
5 1058 3700 6608 3595 994
4 3594 6607 6608 3595
4 3699 6607 6608 3700
4 993 3594 3595 994
4 1057 3699 3700 1058
4 994 993 1057 1058
5 1061 3702 6609 3597 997
5 1062 3703 6610 3598 998
4 3597 6609 6610 3598
4 3702 6609 6610 3703
4 997 3597 3598 998
4 1061 3702 3703 1062
4 998 997 1061 1062
5 925 797 685 741 861
5 6611 6612 6613 6614 6615
4 6613 685 741 6614
4 6613 685 797 6612
4 6614 741 861 6615
4 6612 797 925 6611
4 6615 861 925 6611
5 929 801 689 745 865
5 6616 6617 6618 6619 6620
4 6618 689 745 6619
4 6618 689 801 6617
4 6619 745 865 6620
4 6617 801 929 6616
4 6620 865 929 6616
5 933 805 693 749 869
5 6621 6622 6623 6624 6625
4 6623 693 749 6624
4 6623 693 805 6622
4 6624 749 869 6625
4 6622 805 933 6621
4 6625 869 933 6621
5 1001 3657 6626 3552 937
5 3837 6627 6628 6629 3836
4 6628 6626 3552 6629
4 3657 6626 6628 6627
4 937 3552 6629 3836
4 1001 3657 6627 3837
4 3836 937 1001 3837
5 1005 3660 6630 3555 941
5 3841 6631 6632 6633 3840
4 6632 6630 3555 6633
4 6632 6630 3660 6631
4 941 3555 6633 3840
4 6631 3660 1005 3841
4 3840 941 1005 3841
5 1009 3663 6634 3558 945
5 3845 6635 6636 6637 3844
4 6636 6634 3558 6637
4 6636 6634 3663 6635
4 6637 3558 945 3844
4 6635 3663 1009 3845
4 3844 945 1009 3845
5 1081 3776 6638 3561 949
5 1082 3777 6639 6640 3848
4 6639 6638 3561 6640
4 3776 6638 6639 3777
4 949 3561 6640 3848
4 1081 3776 3777 1082
4 3848 949 1081 1082
5 1085 3779 6641 3564 953
5 1086 3780 6642 6643 3851
4 6642 6641 3564 6643
4 3779 6641 6642 3780
4 953 3564 6643 3851
4 1085 3779 3780 1086
4 3851 953 1085 1086
5 1089 3782 6644 3567 957
5 1090 3783 6645 6646 3854
4 6645 6644 3567 6646
4 3782 6644 6645 3783
4 957 3567 6646 3854
4 1089 3782 3783 1090
4 3854 957 1089 1090
5 1093 3785 6647 3576 969
5 1094 3786 6648 6649 3857
4 6648 6647 3576 6649
4 3785 6647 6648 3786
4 969 3576 6649 3857
4 1093 3785 3786 1094
4 3857 969 1093 1094
5 1097 3788 6650 3579 973
5 1098 3789 6651 6652 3860
4 6651 6650 3579 6652
4 3788 6650 6651 3789
4 973 3579 6652 3860
4 1097 3788 3789 1098
4 3860 973 1097 1098
5 1101 3791 6653 3582 977
5 1102 3792 6654 6655 3863
4 6654 6653 3582 6655
4 3791 6653 6654 3792
4 977 3582 6655 3863
4 1101 3791 3792 1102
4 3863 977 1101 1102
5 1105 3794 6656 3588 985
5 1106 3795 6657 6658 3866
4 6657 6656 3588 6658
4 3794 6656 6657 3795
4 985 3588 6658 3866
4 1105 3794 3795 1106
4 3866 985 1105 1106
5 1109 3797 6659 3591 989
5 1110 3798 6660 6661 3869
4 6660 6659 3591 6661
4 3797 6659 6660 3798
4 989 3591 6661 3869
4 1109 3797 3798 1110
4 3869 989 1109 1110
5 1113 3800 6662 3594 993
5 1114 3801 6663 6664 3872
4 6663 6662 3594 6664
4 3800 6662 6663 3801
4 993 3594 6664 3872
4 1113 3800 3801 1114
4 3872 993 1113 1114
5 1117 3803 6665 3597 997
5 1118 3804 6666 6667 3875
4 6666 6665 3597 6667
4 3803 6665 6666 3804
4 997 3597 6667 3875
4 1117 3803 3804 1118
4 3875 997 1117 1118
5 1121 3806 3177 3178 3878
5 1122 3807 3179 3180 3879
4 3179 3177 3178 3180
4 3806 3177 3179 3807
4 3878 3178 3180 3879
4 1121 3806 3807 1122
4 1121 3878 3879 1122
5 1125 3809 3181 3182 3882
5 1126 3810 3183 3184 3883
4 3183 3181 3182 3184
4 3809 3181 3183 3810
4 3882 3182 3184 3883
4 1125 3809 3810 1126
4 1125 3882 3883 1126
5 1129 3812 6668 3705 1065
5 1130 3813 6669 3706 1066
4 3705 6668 6669 3706
4 3812 6668 6669 3813
4 1065 3705 3706 1066
4 1129 3812 3813 1130
4 1066 1065 1129 1130
5 1133 3815 6670 3708 1069
5 1134 3816 6671 3709 1070
4 3708 6670 6671 3709
4 3815 6670 6671 3816
4 1069 3708 3709 1070
4 1133 3815 3816 1134
4 1070 1069 1133 1134
5 1137 3818 6672 3711 1073
5 1138 3819 6673 3712 1074
4 3711 6672 6673 3712
4 3818 6672 6673 3819
4 1073 3711 3712 1074
4 1137 3818 3819 1138
4 1074 1073 1137 1138
5 1141 3821 6674 3714 1077
5 1142 3822 6675 3715 1078
4 3714 6674 6675 3715
4 3821 6674 6675 3822
4 1077 3714 3715 1078
4 1141 3821 3822 1142
4 1078 1077 1141 1142
5 1001 873 757 817 937
5 6676 6677 6678 6679 6680
4 6678 757 817 6679
4 6678 757 873 6677
4 6679 817 937 6680
4 6677 873 1001 6676
4 6680 937 1001 6676
5 1005 877 761 821 941
5 6681 6682 6683 6684 6685
4 6683 761 821 6684
4 6683 761 877 6682
4 6684 821 941 6685
4 6682 877 1005 6681
4 6685 941 1005 6681
5 1009 881 765 825 945
5 6686 6687 6688 6689 6690
4 6688 765 825 6689
4 6688 765 881 6687
4 6689 825 945 6690
4 6687 881 1009 6686
4 6690 945 1009 6686
5 1081 3776 6691 3666 1013
5 3955 6692 6693 6694 3954
4 6693 6691 3666 6694
4 3776 6691 6693 6692
4 1013 3666 6694 3954
4 1081 3776 6692 3955
4 3954 1013 1081 3955
5 1085 3779 6695 3669 1017
5 3959 6696 6697 6698 3958
4 6697 6695 3669 6698
4 6697 6695 3779 6696
4 1017 3669 6698 3958
4 6696 3779 1085 3959
4 3958 1017 1085 3959
5 1089 3782 6699 3672 1021
5 3963 6700 6701 6702 3962
4 6701 6699 3672 6702
4 6701 6699 3782 6700
4 6702 3672 1021 3962
4 6700 3782 1089 3963
4 3962 1021 1089 3963
5 1161 3894 6703 3675 1025
5 1162 3895 6704 6705 3966
4 6704 6703 3675 6705
4 3894 6703 6704 3895
4 1025 3675 6705 3966
4 1161 3894 3895 1162
4 3966 1025 1161 1162
5 1165 3897 6706 3678 1029
5 1166 3898 6707 6708 3969
4 6707 6706 3678 6708
4 3897 6706 6707 3898
4 1029 3678 6708 3969
4 1165 3897 3898 1166
4 3969 1029 1165 1166
5 1169 3900 6709 3681 1033
5 1170 3901 6710 6711 3972
4 6710 6709 3681 6711
4 3900 6709 6710 3901
4 1033 3681 6711 3972
4 1169 3900 3901 1170
4 3972 1033 1169 1170
5 1173 3903 6712 3693 1049
5 1174 3904 6713 6714 3975
4 6713 6712 3693 6714
4 3903 6712 6713 3904
4 1049 3693 6714 3975
4 1173 3903 3904 1174
4 3975 1049 1173 1174
5 1177 3906 6715 3696 1053
5 1178 3907 6716 6717 3978
4 6716 6715 3696 6717
4 3906 6715 6716 3907
4 1053 3696 6717 3978
4 1177 3906 3907 1178
4 3978 1053 1177 1178
5 1181 3909 6718 3699 1057
5 1182 3910 6719 6720 3981
4 6719 6718 3699 6720
4 3909 6718 6719 3910
4 1057 3699 6720 3981
4 1181 3909 3910 1182
4 3981 1057 1181 1182
5 1185 3912 6721 3702 1061
5 1186 3913 6722 6723 3984
4 6722 6721 3702 6723
4 3912 6721 6722 3913
4 1061 3702 6723 3984
4 1185 3912 3913 1186
4 3984 1061 1185 1186
5 1189 3915 6724 3705 1065
5 1190 3916 6725 6726 3987
4 6725 6724 3705 6726
4 3915 6724 6725 3916
4 1065 3705 6726 3987
4 1189 3915 3916 1190
4 3987 1065 1189 1190
5 1193 3918 6727 3708 1069
5 1194 3919 6728 6729 3990
4 6728 6727 3708 6729
4 3918 6727 6728 3919
4 1069 3708 6729 3990
4 1193 3918 3919 1194
4 3990 1069 1193 1194
5 1197 3921 6730 3711 1073
5 1198 3922 6731 6732 3993
4 6731 6730 3711 6732
4 3921 6730 6731 3922
4 1073 3711 6732 3993
4 1197 3921 3922 1198
4 3993 1073 1197 1198
5 1201 3924 6733 3714 1077
5 1202 3925 6734 6735 3996
4 6734 6733 3714 6735
4 3924 6733 6734 3925
4 1077 3714 6735 3996
4 1201 3924 3925 1202
4 3996 1077 1201 1202
5 1205 3927 3275 3276 3999
5 1206 3928 3277 3278 4000
4 3277 3275 3276 3278
4 3927 3275 3277 3928
4 3999 3276 3278 4000
4 1205 3927 3928 1206
4 1205 3999 4000 1206
5 1209 3930 3279 3280 4003
5 1210 3931 3281 3282 4004
4 3281 3279 3280 3282
4 3930 3279 3281 3931
4 4003 3280 3282 4004
4 1209 3930 3931 1210
4 1209 4003 4004 1210
5 1213 3933 6736 3824 1145
5 1214 3934 6737 3825 1146
4 3824 6736 6737 3825
4 3933 6736 6737 3934
4 1145 3824 3825 1146
4 1213 3933 3934 1214
4 1146 1145 1213 1214
5 1217 3936 6738 3827 1149
5 1218 3937 6739 3828 1150
4 3827 6738 6739 3828
4 3936 6738 6739 3937
4 1149 3827 3828 1150
4 1217 3936 3937 1218
4 1150 1149 1217 1218
5 1221 3939 6740 3830 1153
5 1222 3940 6741 3831 1154
4 3830 6740 6741 3831
4 3939 6740 6741 3940
4 1153 3830 3831 1154
4 1221 3939 3940 1222
4 1154 1153 1221 1222
5 1225 3942 6742 3833 1157
5 1226 3943 6743 3834 1158
4 3833 6742 6743 3834
4 3942 6742 6743 3943
4 1157 3833 3834 1158
4 1225 3942 3943 1226
4 1158 1157 1225 1226
5 1081 949 833 893 1013
5 6744 6745 6746 6747 6748
4 6746 833 893 6747
4 6746 833 949 6745
4 6747 893 1013 6748
4 6745 949 1081 6744
4 6748 1013 1081 6744
5 1085 953 837 897 1017
5 6749 6750 6751 6752 6753
4 6751 837 897 6752
4 6751 837 953 6750
4 6752 897 1017 6753
4 6750 953 1085 6749
4 6753 1017 1085 6749
5 1089 957 841 901 1021
5 6754 6755 6756 6757 6758
4 6756 841 901 6757
4 6756 841 957 6755
4 6757 901 1021 6758
4 6755 957 1089 6754
4 6758 1021 1089 6754
5 1161 3894 6759 3785 1093
5 4076 6760 6761 6762 4075
4 6761 6759 3785 6762
4 3894 6759 6761 6760
4 1093 3785 6762 4075
4 1161 3894 6760 4076
4 4075 1093 1161 4076
5 1165 3897 6763 3788 1097
5 4080 6764 6765 6766 4079
4 6765 6763 3788 6766
4 6765 6763 3897 6764
4 1097 3788 6766 4079
4 6764 3897 1165 4080
4 4079 1097 1165 4080
5 1169 3900 6767 3791 1101
5 4084 6768 6769 6770 4083
4 6769 6767 3791 6770
4 6769 6767 3900 6768
4 6770 3791 1101 4083
4 6768 3900 1169 4084
4 4083 1101 1169 4084
5 1241 4015 6771 3794 1105
5 1242 4016 6772 6773 4087
4 6772 6771 3794 6773
4 4015 6771 6772 4016
4 1105 3794 6773 4087
4 1241 4015 4016 1242
4 4087 1105 1241 1242
5 1245 4018 6774 3797 1109
5 1246 4019 6775 6776 4090
4 6775 6774 3797 6776
4 4018 6774 6775 4019
4 1109 3797 6776 4090
4 1245 4018 4019 1246
4 4090 1109 1245 1246
5 1249 4021 6777 3800 1113
5 1250 4022 6778 6779 4093
4 6778 6777 3800 6779
4 4021 6777 6778 4022
4 1113 3800 6779 4093
4 1249 4021 4022 1250
4 4093 1113 1249 1250
5 1253 4024 6780 3803 1117
5 1254 4025 6781 6782 4096
4 6781 6780 3803 6782
4 4024 6780 6781 4025
4 1117 3803 6782 4096
4 1253 4024 4025 1254
4 4096 1117 1253 1254
5 1257 4027 6783 3812 1129
5 1258 4028 6784 6785 4099
4 6784 6783 3812 6785
4 4027 6783 6784 4028
4 1129 3812 6785 4099
4 1257 4027 4028 1258
4 4099 1129 1257 1258
5 1261 4030 6786 3815 1133
5 1262 4031 6787 6788 4102
4 6787 6786 3815 6788
4 4030 6786 6787 4031
4 1133 3815 6788 4102
4 1261 4030 4031 1262
4 4102 1133 1261 1262
5 1265 4033 6789 3818 1137
5 1266 4034 6790 6791 4105
4 6790 6789 3818 6791
4 4033 6789 6790 4034
4 1137 3818 6791 4105
4 1265 4033 4034 1266
4 4105 1137 1265 1266
5 1269 4036 6792 3821 1141
5 1270 4037 6793 6794 4108
4 6793 6792 3821 6794
4 4036 6792 6793 4037
4 1141 3821 6794 4108
4 1269 4036 4037 1270
4 4108 1141 1269 1270
5 1273 4039 6795 3824 1145
5 1274 4040 6796 6797 4111
4 6796 6795 3824 6797
4 4039 6795 6796 4040
4 1145 3824 6797 4111
4 1273 4039 4040 1274
4 4111 1145 1273 1274
5 1277 4042 6798 3827 1149
5 1278 4043 6799 6800 4114
4 6799 6798 3827 6800
4 4042 6798 6799 4043
4 1149 3827 6800 4114
4 1277 4042 4043 1278
4 4114 1149 1277 1278
5 1281 4045 6801 3830 1153
5 1282 4046 6802 6803 4117
4 6802 6801 3830 6803
4 4045 6801 6802 4046
4 1153 3830 6803 4117
4 1281 4045 4046 1282
4 4117 1153 1281 1282
5 1285 4048 6804 3833 1157
5 1286 4049 6805 6806 4120
4 6805 6804 3833 6806
4 4048 6804 6805 4049
4 1157 3833 6806 4120
4 1285 4048 4049 1286
4 4120 1157 1285 1286
5 1289 4051 3379 3380 4123
5 1290 4052 3381 3382 4124
4 3381 3379 3380 3382
4 4051 3379 3381 4052
4 4123 3380 3382 4124
4 1289 4051 4052 1290
4 1289 4123 4124 1290
5 1293 4054 3383 3384 4127
5 1294 4055 3385 3386 4128
4 3385 3383 3384 3386
4 4054 3383 3385 4055
4 4127 3384 3386 4128
4 1293 4054 4055 1294
4 1293 4127 4128 1294
5 1297 4057 6807 3945 1229
5 1298 4058 6808 3946 1230
4 3945 6807 6808 3946
4 4057 6807 6808 4058
4 1229 3945 3946 1230
4 1297 4057 4058 1298
4 1230 1229 1297 1298
5 1301 4060 6809 3948 1233
5 1302 4061 6810 3949 1234
4 3948 6809 6810 3949
4 4060 6809 6810 4061
4 1233 3948 3949 1234
4 1301 4060 4061 1302
4 1234 1233 1301 1302
5 1305 4063 6811 3951 1237
5 1306 4064 6812 3952 1238
4 3951 6811 6812 3952
4 4063 6811 6812 4064
4 1237 3951 3952 1238
4 1305 4063 4064 1306
4 1238 1237 1305 1306
5 1161 1025 909 969 1093
5 6813 6814 6815 6816 6817
4 6815 909 969 6816
4 6815 909 1025 6814
4 6816 969 1093 6817
4 6814 1025 1161 6813
4 6817 1093 1161 6813
5 1165 1029 913 973 1097
5 6818 6819 6820 6821 6822
4 6820 913 973 6821
4 6820 913 1029 6819
4 6821 973 1097 6822
4 6819 1029 1165 6818
4 6822 1097 1165 6818
5 1169 1033 917 977 1101
5 6823 6824 6825 6826 6827
4 6825 917 977 6826
4 6825 917 1033 6824
4 6826 977 1101 6827
4 6824 1033 1169 6823
4 6827 1101 1169 6823
5 1241 4015 6828 3903 1173
5 4198 6829 6830 6831 4197
4 6830 6828 3903 6831
4 4015 6828 6830 6829
4 1173 3903 6831 4197
4 1241 4015 6829 4198
4 4197 1173 1241 4198
5 1245 4018 6832 3906 1177
5 4202 6833 6834 6835 4201
4 6834 6832 3906 6835
4 6834 6832 4018 6833
4 1177 3906 6835 4201
4 6833 4018 1245 4202
4 4201 1177 1245 4202
5 1249 4021 6836 3909 1181
5 4206 6837 6838 6839 4205
4 6838 6836 3909 6839
4 6838 6836 4021 6837
4 1181 3909 6839 4205
4 6837 4021 1249 4206
4 4205 1181 1249 4206
5 1253 4024 6840 3912 1185
5 4210 6841 6842 6843 4209
4 6842 6840 3912 6843
4 6842 6840 4024 6841
4 6843 3912 1185 4209
4 6841 4024 1253 4210
4 4209 1185 1253 4210
5 1321 4137 6844 3915 1189
5 1322 4138 6845 6846 4213
4 6845 6844 3915 6846
4 4137 6844 6845 4138
4 1189 3915 6846 4213
4 1321 4137 4138 1322
4 4213 1189 1321 1322
5 1325 4140 6847 3918 1193
5 1326 4141 6848 6849 4216
4 6848 6847 3918 6849
4 4140 6847 6848 4141
4 1193 3918 6849 4216
4 1325 4140 4141 1326
4 4216 1193 1325 1326
5 1329 4143 6850 3921 1197
5 1330 4144 6851 6852 4219
4 6851 6850 3921 6852
4 4143 6850 6851 4144
4 1197 3921 6852 4219
4 1329 4143 4144 1330
4 4219 1197 1329 1330
5 1333 4146 6853 3924 1201
5 1334 4147 6854 6855 4222
4 6854 6853 3924 6855
4 4146 6853 6854 4147
4 1201 3924 6855 4222
4 1333 4146 4147 1334
4 4222 1201 1333 1334
5 1337 4149 6856 3933 1213
5 1338 4150 6857 6858 4225
4 6857 6856 3933 6858
4 4149 6856 6857 4150
4 1213 3933 6858 4225
4 1337 4149 4150 1338
4 4225 1213 1337 1338
5 1341 4152 6859 3936 1217
5 1342 4153 6860 6861 4228
4 6860 6859 3936 6861
4 4152 6859 6860 4153
4 1217 3936 6861 4228
4 1341 4152 4153 1342
4 4228 1217 1341 1342
5 1345 4155 6862 3939 1221
5 1346 4156 6863 6864 4231
4 6863 6862 3939 6864
4 4155 6862 6863 4156
4 1221 3939 6864 4231
4 1345 4155 4156 1346
4 4231 1221 1345 1346
5 1349 4158 6865 3942 1225
5 1350 4159 6866 6867 4234
4 6866 6865 3942 6867
4 4158 6865 6866 4159
4 1225 3942 6867 4234
4 1349 4158 4159 1350
4 4234 1225 1349 1350
5 1353 4161 6868 3945 1229
5 1354 4162 6869 6870 4237
4 6869 6868 3945 6870
4 4161 6868 6869 4162
4 1229 3945 6870 4237
4 1353 4161 4162 1354
4 4237 1229 1353 1354
5 1357 4164 6871 3948 1233
5 1358 4165 6872 6873 4240
4 6872 6871 3948 6873
4 4164 6871 6872 4165
4 1233 3948 6873 4240
4 1357 4164 4165 1358
4 4240 1233 1357 1358
5 1361 4167 6874 6875 4243
5 1362 4168 6876 6877 4244
4 6876 6874 6875 6877
4 4167 6874 6876 4168
4 4243 6875 6877 4244
4 1361 4167 4168 1362
4 1361 4243 4244 1362
5 1365 4170 6878 3951 1237
5 1366 4171 6879 6880 4247
4 6879 6878 3951 6880
4 4170 6878 6879 4171
4 1237 3951 6880 4247
4 1365 4170 4171 1366
4 4247 1237 1365 1366
5 1369 4173 3490 3491 4250
5 1370 4174 3492 3493 4251
4 3492 3490 3491 3493
4 4173 3490 3492 4174
4 4250 3491 3493 4251
4 1369 4173 4174 1370
4 1369 4250 4251 1370
5 1373 4176 3494 3495 4254
5 1374 4177 3496 3497 4255
4 3496 3494 3495 3497
4 4176 3494 3496 4177
4 4254 3495 3497 4255
4 1373 4176 4177 1374
4 1373 4254 4255 1374
5 1377 4179 6881 4066 1309
5 1378 4180 6882 4067 1310
4 4066 6881 6882 4067
4 4179 6881 6882 4180
4 1309 4066 4067 1310
4 1377 4179 4180 1378
4 1310 1309 1377 1378
5 1381 4182 6883 4069 1313
5 1382 4183 6884 4070 1314
4 4069 6883 6884 4070
4 4182 6883 6884 4183
4 1313 4069 4070 1314
4 1381 4182 4183 1382
4 1314 1313 1381 1382
5 1385 4185 6885 4072 1317
5 1386 4186 6886 4073 1318
4 4072 6885 6886 4073
4 4185 6885 6886 4186
4 1317 4072 4073 1318
4 1385 4185 4186 1386
4 1318 1317 1385 1386
5 1241 1105 985 1049 1173
5 6887 6888 6889 6890 6891
4 6889 985 1049 6890
4 6889 985 1105 6888
4 6890 1049 1173 6891
4 6888 1105 1241 6887
4 6891 1173 1241 6887
5 1245 1109 989 1053 1177
5 6892 6893 6894 6895 6896
4 6894 989 1053 6895
4 6894 989 1109 6893
4 6895 1053 1177 6896
4 6893 1109 1245 6892
4 6896 1177 1245 6892
5 1249 1113 993 1057 1181
5 6897 6898 6899 6900 6901
4 6899 993 1057 6900
4 6899 993 1113 6898
4 6900 1057 1181 6901
4 6898 1113 1249 6897
4 6901 1181 1249 6897
5 1253 1117 997 1061 1185
5 6902 6903 6904 6905 6906
4 6904 997 1061 6905
4 6904 997 1117 6903
4 6905 1061 1185 6906
4 6903 1117 1253 6902
4 6906 1185 1253 6902
5 1321 4137 6907 4027 1257
5 4322 6908 6909 6910 4321
4 6909 6907 4027 6910
4 4137 6907 6909 6908
4 1257 4027 6910 4321
4 1321 4137 6908 4322
4 4321 1257 1321 4322
5 1325 4140 6911 4030 1261
5 4326 6912 6913 6914 4325
4 6913 6911 4030 6914
4 4140 6911 6913 6912
4 1261 4030 6914 4325
4 1325 4140 6912 4326
4 4325 1261 1325 4326
5 1329 4143 6915 4033 1265
5 4330 6916 6917 6918 4329
4 6917 6915 4033 6918
4 6917 6915 4143 6916
4 1265 4033 6918 4329
4 6916 4143 1329 4330
4 4329 1265 1329 4330
5 1333 4146 6919 4036 1269
5 4334 6920 6921 6922 4333
4 6921 6919 4036 6922
4 6921 6919 4146 6920
4 1269 4036 6922 4333
4 6920 4146 1333 4334
4 4333 1269 1333 4334
5 1401 4264 6923 4039 1273
5 1402 4265 6924 6925 4337
4 6924 6923 4039 6925
4 4264 6923 6924 4265
4 1273 4039 6925 4337
4 1401 4264 4265 1402
4 4337 1273 1401 1402
5 1405 4267 6926 4042 1277
5 1406 4268 6927 6928 4340
4 6927 6926 4042 6928
4 4267 6926 6927 4268
4 1277 4042 6928 4340
4 1405 4267 4268 1406
4 4340 1277 1405 1406
5 1409 4270 6929 4045 1281
5 1410 4271 6930 6931 4343
4 6930 6929 4045 6931
4 4270 6929 6930 4271
4 1281 4045 6931 4343
4 1409 4270 4271 1410
4 4343 1281 1409 1410
5 1413 4273 6932 4048 1285
5 1414 4274 6933 6934 4346
4 6933 6932 4048 6934
4 4273 6932 6933 4274
4 1285 4048 6934 4346
4 1413 4273 4274 1414
4 4346 1285 1413 1414
5 1417 4276 6935 4057 1297
5 1418 4277 6936 6937 4349
4 6936 6935 4057 6937
4 4276 6935 6936 4277
4 1297 4057 6937 4349
4 1417 4276 4277 1418
4 4349 1297 1417 1418
5 1421 4279 6938 4060 1301
5 1422 4280 6939 6940 4352
4 6939 6938 4060 6940
4 4279 6938 6939 4280
4 1301 4060 6940 4352
4 1421 4279 4280 1422
4 4352 1301 1421 1422
5 1425 4282 6941 6942 4355
5 1426 4283 6943 6944 4356
4 6943 6941 6942 6944
4 4282 6941 6943 4283
4 4355 6942 6944 4356
4 1425 4282 4283 1426
4 1425 4355 4356 1426
5 1429 4285 6945 4063 1305
5 1430 4286 6946 6947 4359
4 6946 6945 4063 6947
4 4285 6945 6946 4286
4 1305 4063 6947 4359
4 1429 4285 4286 1430
4 4359 1305 1429 1430
5 1433 4288 6948 4066 1309
5 1434 4289 6949 6950 4362
4 6949 6948 4066 6950
4 4288 6948 6949 4289
4 1309 4066 6950 4362
4 1433 4288 4289 1434
4 4362 1309 1433 1434
5 1437 4291 6951 4069 1313
5 1438 4292 6952 6953 4365
4 6952 6951 4069 6953
4 4291 6951 6952 4292
4 1313 4069 6953 4365
4 1437 4291 4292 1438
4 4365 1313 1437 1438
5 1441 4294 6954 6955 4368
5 1442 4295 6956 6957 4369
4 6956 6954 6955 6957
4 4294 6954 6956 4295
4 4368 6955 6957 4369
4 1441 4294 4295 1442
4 1441 4368 4369 1442
5 1445 4297 6958 4072 1317
5 1446 4298 6959 6960 4372
4 6959 6958 4072 6960
4 4297 6958 6959 4298
4 1317 4072 6960 4372
4 1445 4297 4298 1446
4 4372 1317 1445 1446
5 1449 4300 3608 3609 4375
5 1450 4301 3610 3611 4376
4 3610 3608 3609 3611
4 4300 3608 3610 4301
4 4375 3609 3611 4376
4 1449 4300 4301 1450
4 1449 4375 4376 1450
5 1453 4303 6961 4188 1389
5 1454 4304 6962 4189 1390
4 4188 6961 6962 4189
4 4303 6961 6962 4304
4 1389 4188 4189 1390
4 1453 4303 4304 1454
4 1390 1389 1453 1454
5 1457 4306 6963 4191 1393
5 1458 4307 6964 4192 1394
4 4191 6963 6964 4192
4 4306 6963 6964 4307
4 1393 4191 4192 1394
4 1457 4306 4307 1458
4 1394 1393 1457 1458
5 1461 4309 6965 4194 1397
5 1462 4310 6966 4195 1398
4 4194 6965 6966 4195
4 4309 6965 6966 4310
4 1397 4194 4195 1398
4 1461 4309 4310 1462
4 1398 1397 1461 1462
5 1321 1189 1065 1129 1257
5 6967 6968 6969 6970 6971
4 6969 1065 1129 6970
4 6969 1065 1189 6968
4 6970 1129 1257 6971
4 6968 1189 1321 6967
4 6971 1257 1321 6967
5 1325 1193 1069 1133 1261
5 6972 6973 6974 6975 6976
4 6974 1069 1133 6975
4 6974 1069 1193 6973
4 6975 1133 1261 6976
4 6973 1193 1325 6972
4 6976 1261 1325 6972
5 1329 1197 1073 1137 1265
5 6977 6978 6979 6980 6981
4 6979 1073 1137 6980
4 6979 1073 1197 6978
4 6980 1137 1265 6981
4 6978 1197 1329 6977
4 6981 1265 1329 6977
5 1333 1201 1077 1141 1269
5 6982 6983 6984 6985 6986
4 6984 1077 1141 6985
4 6984 1077 1201 6983
4 6985 1141 1269 6986
4 6983 1201 1333 6982
4 6986 1269 1333 6982
5 1401 4264 6987 4149 1337
5 4443 6988 6989 6990 4442
4 6989 6987 4149 6990
4 4264 6987 6989 6988
4 1337 4149 6990 4442
4 1401 4264 6988 4443
4 4442 1337 1401 4443
5 1405 4267 6991 4152 1341
5 4447 6992 6993 6994 4446
4 6993 6991 4152 6994
4 4267 6991 6993 6992
4 1341 4152 6994 4446
4 1405 4267 6992 4447
4 4446 1341 1405 4447
5 1409 4270 6995 4155 1345
5 4451 6996 6997 6998 4450
4 6997 6995 4155 6998
4 6997 6995 4270 6996
4 1345 4155 6998 4450
4 6996 4270 1409 4451
4 4450 1345 1409 4451
5 1413 4273 6999 4158 1349
5 4455 7000 7001 7002 4454
4 7001 6999 4158 7002
4 7001 6999 4273 7000
4 1349 4158 7002 4454
4 7000 4273 1413 4455
4 4454 1349 1413 4455
5 1477 4385 7003 4161 1353
5 1478 4386 7004 7005 4458
4 7004 7003 4161 7005
4 4385 7003 7004 4386
4 1353 4161 7005 4458
4 1477 4385 4386 1478
4 4458 1353 1477 1478
5 1481 4388 7006 4164 1357
5 1482 4389 7007 7008 4461
4 7007 7006 4164 7008
4 4388 7006 7007 4389
4 1357 4164 7008 4461
4 1481 4388 4389 1482
4 4461 1357 1481 1482
5 1485 4391 7009 4167 1361
5 1486 4392 7010 7011 4464
4 7010 7009 4167 7011
4 4391 7009 7010 4392
4 1361 4167 7011 4464
4 1485 4391 4392 1486
4 4464 1361 1485 1486
5 1489 4394 7012 4170 1365
5 1490 4395 7013 7014 4467
4 7013 7012 4170 7014
4 4394 7012 7013 4395
4 1365 4170 7014 4467
4 1489 4394 4395 1490
4 4467 1365 1489 1490
5 1493 4397 7015 4179 1377
5 1494 4398 7016 7017 4470
4 7016 7015 4179 7017
4 4397 7015 7016 4398
4 1377 4179 7017 4470
4 1493 4397 4398 1494
4 4470 1377 1493 1494
5 1497 4400 7018 4182 1381
5 1498 4401 7019 7020 4473
4 7019 7018 4182 7020
4 4400 7018 7019 4401
4 1381 4182 7020 4473
4 1497 4400 4401 1498
4 4473 1381 1497 1498
5 1501 4403 7021 7022 4476
5 1502 4404 7023 7024 4477
4 7023 7021 7022 7024
4 4403 7021 7023 4404
4 4476 7022 7024 4477
4 1501 4403 4404 1502
4 1501 4476 4477 1502
5 1505 4406 7025 4185 1385
5 1506 4407 7026 7027 4480
4 7026 7025 4185 7027
4 4406 7025 7026 4407
4 1385 4185 7027 4480
4 1505 4406 4407 1506
4 4480 1385 1505 1506
5 1509 4409 7028 4188 1389
5 1510 4410 7029 7030 4483
4 7029 7028 4188 7030
4 4409 7028 7029 4410
4 1389 4188 7030 4483
4 1509 4409 4410 1510
4 4483 1389 1509 1510
5 1513 4412 7031 4191 1393
5 1514 4413 7032 7033 4486
4 7032 7031 4191 7033
4 4412 7031 7032 4413
4 1393 4191 7033 4486
4 1513 4412 4413 1514
4 4486 1393 1513 1514
5 1517 4415 7034 4194 1397
5 1518 4416 7035 7036 4489
4 7035 7034 4194 7036
4 4415 7034 7035 4416
4 1397 4194 7036 4489
4 1517 4415 4416 1518
4 4489 1397 1517 1518
5 1521 4418 7037 7038 4492
5 1522 4419 7039 7040 4493
4 7039 7037 7038 7040
4 4418 7037 7039 4419
4 4492 7038 7040 4493
4 1521 4418 4419 1522
4 1521 4492 4493 1522
5 1525 4421 3725 3726 4496
5 1526 4422 3727 3728 4497
4 3727 3725 3726 3728
4 4421 3725 3727 4422
4 4496 3726 3728 4497
4 1525 4421 4422 1526
4 1525 4496 4497 1526
5 1529 4424 7041 4312 1465
5 1530 4425 7042 4313 1466
4 4312 7041 7042 4313
4 4424 7041 7042 4425
4 1465 4312 4313 1466
4 1529 4424 4425 1530
4 1466 1465 1529 1530
5 1533 4427 7043 4315 1469
5 1534 4428 7044 4316 1470
4 4315 7043 7044 4316
4 4427 7043 7044 4428
4 1469 4315 4316 1470
4 1533 4427 4428 1534
4 1470 1469 1533 1534
5 1537 4430 7045 4318 1473
5 1538 4431 7046 4319 1474
4 4318 7045 7046 4319
4 4430 7045 7046 4431
4 1473 4318 4319 1474
4 1537 4430 4431 1538
4 1474 1473 1537 1538
5 1401 1273 1145 1213 1337
5 7047 7048 7049 7050 7051
4 7049 1145 1213 7050
4 7049 1145 1273 7048
4 7050 1213 1337 7051
4 7048 1273 1401 7047
4 7051 1337 1401 7047
5 1405 1277 1149 1217 1341
5 7052 7053 7054 7055 7056
4 7054 1149 1217 7055
4 7054 1149 1277 7053
4 7055 1217 1341 7056
4 7053 1277 1405 7052
4 7056 1341 1405 7052
5 1409 1281 1153 1221 1345
5 7057 7058 7059 7060 7061
4 7059 1153 1221 7060
4 7059 1153 1281 7058
4 7060 1221 1345 7061
4 7058 1281 1409 7057
4 7061 1345 1409 7057
5 1413 1285 1157 1225 1349
5 7062 7063 7064 7065 7066
4 7064 1157 1225 7065
4 7064 1157 1285 7063
4 7065 1225 1349 7066
4 7063 1285 1413 7062
4 7066 1349 1413 7062
5 1477 4385 7067 4276 1417
5 4564 7068 7069 7070 4563
4 7069 7067 4276 7070
4 4385 7067 7069 7068
4 1417 4276 7070 4563
4 1477 4385 7068 4564
4 4563 1417 1477 4564
5 1481 4388 7071 4279 1421
5 4568 7072 7073 7074 4567
4 7073 7071 4279 7074
4 4388 7071 7073 7072
4 1421 4279 7074 4567
4 1481 4388 7072 4568
4 4567 1421 1481 4568
5 1485 4391 7075 4282 1425
5 4572 7076 7077 7078 4571
4 7077 7075 4282 7078
4 7077 7075 4391 7076
4 1425 4282 7078 4571
4 7076 4391 1485 4572
4 4571 1425 1485 4572
5 1489 4394 7079 4285 1429
5 4576 7080 7081 7082 4575
4 7081 7079 4285 7082
4 7081 7079 4394 7080
4 1429 4285 7082 4575
4 7080 4394 1489 4576
4 4575 1429 1489 4576
5 1553 4506 7083 4288 1433
5 1554 4507 7084 7085 4579
4 7084 7083 4288 7085
4 4506 7083 7084 4507
4 1433 4288 7085 4579
4 1553 4506 4507 1554
4 4579 1433 1553 1554
5 1557 4509 7086 4291 1437
5 1558 4510 7087 7088 4582
4 7087 7086 4291 7088
4 4509 7086 7087 4510
4 1437 4291 7088 4582
4 1557 4509 4510 1558
4 4582 1437 1557 1558
5 1561 4512 7089 4294 1441
5 1562 4513 7090 7091 4585
4 7090 7089 4294 7091
4 4512 7089 7090 4513
4 1441 4294 7091 4585
4 1561 4512 4513 1562
4 4585 1441 1561 1562
5 1565 4515 7092 4297 1445
5 1566 4516 7093 7094 4588
4 7093 7092 4297 7094
4 4515 7092 7093 4516
4 1445 4297 7094 4588
4 1565 4515 4516 1566
4 4588 1445 1565 1566
5 1569 4518 7095 4303 1453
5 1570 4519 7096 7097 4591
4 7096 7095 4303 7097
4 4518 7095 7096 4519
4 1453 4303 7097 4591
4 1569 4518 4519 1570
4 4591 1453 1569 1570
5 1573 4521 7098 4306 1457
5 1574 4522 7099 7100 4594
4 7099 7098 4306 7100
4 4521 7098 7099 4522
4 1457 4306 7100 4594
4 1573 4521 4522 1574
4 4594 1457 1573 1574
5 1577 4524 7101 4309 1461
5 1578 4525 7102 7103 4597
4 7102 7101 4309 7103
4 4524 7101 7102 4525
4 1461 4309 7103 4597
4 1577 4524 4525 1578
4 4597 1461 1577 1578
5 1581 4527 7104 7105 4600
5 1582 4528 7106 7107 4601
4 7106 7104 7105 7107
4 4527 7104 7106 4528
4 4600 7105 7107 4601
4 1581 4527 4528 1582
4 1581 4600 4601 1582
5 1585 4530 7108 4312 1465
5 1586 4531 7109 7110 4604
4 7109 7108 4312 7110
4 4530 7108 7109 4531
4 1465 4312 7110 4604
4 1585 4530 4531 1586
4 4604 1465 1585 1586
5 1589 4533 7111 4315 1469
5 1590 4534 7112 7113 4607
4 7112 7111 4315 7113
4 4533 7111 7112 4534
4 1469 4315 7113 4607
4 1589 4533 4534 1590
4 4607 1469 1589 1590
5 1593 4536 7114 4318 1473
5 1594 4537 7115 7116 4610
4 7115 7114 4318 7116
4 4536 7114 7115 4537
4 1473 4318 7116 4610
4 1593 4536 4537 1594
4 4610 1473 1593 1594
5 1597 4539 7117 7118 4613
5 1598 4540 7119 7120 4614
4 7119 7117 7118 7120
4 4539 7117 7119 4540
4 4613 7118 7120 4614
4 1597 4539 4540 1598
4 1597 4613 4614 1598
5 1601 4542 3844 3845 4617
5 1602 4543 3846 3847 4618
4 3846 3844 3845 3847
4 4542 3844 3846 4543
4 4617 3845 3847 4618
4 1601 4542 4543 1602
4 1601 4617 4618 1602
5 1605 4545 7121 4433 1541
5 1606 4546 7122 4434 1542
4 4433 7121 7122 4434
4 4545 7121 7122 4546
4 1541 4433 4434 1542
4 1605 4545 4546 1606
4 1542 1541 1605 1606
5 1609 4548 7123 4436 1545
5 1610 4549 7124 4437 1546
4 4436 7123 7124 4437
4 4548 7123 7124 4549
4 1545 4436 4437 1546
4 1609 4548 4549 1610
4 1546 1545 1609 1610
5 1613 4551 7125 4439 1549
5 1614 4552 7126 4440 1550
4 4439 7125 7126 4440
4 4551 7125 7126 4552
4 1549 4439 4440 1550
4 1613 4551 4552 1614
4 1550 1549 1613 1614
5 1477 1353 1229 1297 1417
5 7127 7128 7129 7130 7131
4 7129 1229 1297 7130
4 7129 1229 1353 7128
4 7130 1297 1417 7131
4 7128 1353 1477 7127
4 7131 1417 1477 7127
5 1481 1357 1233 1301 1421
5 7132 7133 7134 7135 7136
4 7134 1233 1301 7135
4 7134 1233 1357 7133
4 7135 1301 1421 7136
4 7133 1357 1481 7132
4 7136 1421 1481 7132
5 1485 1361 4243 4355 1425
5 7137 7138 7139 7140 7141
4 7139 4243 4355 7140
4 7139 4243 1361 7138
4 7140 4355 1425 7141
4 7138 1361 1485 7137
4 7141 1425 1485 7137
5 1489 1365 1237 1305 1429
5 7142 7143 7144 7145 7146
4 7144 1237 1305 7145
4 7144 1237 1365 7143
4 7145 1305 1429 7146
4 7143 1365 1489 7142
4 7146 1429 1489 7142
5 1553 4506 7147 4397 1493
5 4682 7148 7149 7150 4681
4 7149 7147 4397 7150
4 4506 7147 7149 7148
4 1493 4397 7150 4681
4 1553 4506 7148 4682
4 4681 1493 1553 4682
5 1557 4509 7151 4400 1497
5 4686 7152 7153 7154 4685
4 7153 7151 4400 7154
4 4509 7151 7153 7152
4 1497 4400 7154 4685
4 1557 4509 7152 4686
4 4685 1497 1557 4686
5 1561 4512 7155 4403 1501
5 4690 7156 7157 7158 4689
4 7157 7155 4403 7158
4 7157 7155 4512 7156
4 1501 4403 7158 4689
4 7156 4512 1561 4690
4 4689 1501 1561 4690
5 1565 4515 7159 4406 1505
5 4694 7160 7161 7162 4693
4 7161 7159 4406 7162
4 7161 7159 4515 7160
4 1505 4406 7162 4693
4 7160 4515 1565 4694
4 4693 1505 1565 4694
5 1629 4627 7163 4409 1509
5 1630 4628 7164 7165 4697
4 7164 7163 4409 7165
4 4627 7163 7164 4628
4 1509 4409 7165 4697
4 1629 4627 4628 1630
4 4697 1509 1629 1630
5 1633 4630 7166 4412 1513
5 1634 4631 7167 7168 4700
4 7167 7166 4412 7168
4 4630 7166 7167 4631
4 1513 4412 7168 4700
4 1633 4630 4631 1634
4 4700 1513 1633 1634
5 1637 4633 7169 4415 1517
5 1638 4634 7170 7171 4703
4 7170 7169 4415 7171
4 4633 7169 7170 4634
4 1517 4415 7171 4703
4 1637 4633 4634 1638
4 4703 1517 1637 1638
5 1641 4636 7172 4418 1521
5 1642 4637 7173 7174 4706
4 7173 7172 4418 7174
4 4636 7172 7173 4637
4 1521 4418 7174 4706
4 1641 4636 4637 1642
4 4706 1521 1641 1642
5 1645 4639 7175 4424 1529
5 1646 4640 7176 7177 4709
4 7176 7175 4424 7177
4 4639 7175 7176 4640
4 1529 4424 7177 4709
4 1645 4639 4640 1646
4 4709 1529 1645 1646
5 1649 4642 7178 4427 1533
5 1650 4643 7179 7180 4712
4 7179 7178 4427 7180
4 4642 7178 7179 4643
4 1533 4427 7180 4712
4 1649 4642 4643 1650
4 4712 1533 1649 1650
5 1653 4645 7181 4430 1537
5 1654 4646 7182 7183 4715
4 7182 7181 4430 7183
4 4645 7181 7182 4646
4 1537 4430 7183 4715
4 1653 4645 4646 1654
4 4715 1537 1653 1654
5 1657 4648 7184 7185 4718
5 1658 4649 7186 7187 4719
4 7186 7184 7185 7187
4 4648 7184 7186 4649
4 4718 7185 7187 4719
4 1657 4648 4649 1658
4 1657 4718 4719 1658
5 1661 4651 7188 4433 1541
5 1662 4652 7189 7190 4722
4 7189 7188 4433 7190
4 4651 7188 7189 4652
4 1541 4433 7190 4722
4 1661 4651 4652 1662
4 4722 1541 1661 1662
5 1665 4654 7191 4436 1545
5 1666 4655 7192 7193 4725
4 7192 7191 4436 7193
4 4654 7191 7192 4655
4 1545 4436 7193 4725
4 1665 4654 4655 1666
4 4725 1545 1665 1666
5 1669 4657 7194 4439 1549
5 1670 4658 7195 7196 4728
4 7195 7194 4439 7196
4 4657 7194 7195 4658
4 1549 4439 7196 4728
4 1669 4657 4658 1670
4 4728 1549 1669 1670
5 1673 4660 7197 7198 4731
5 1674 4661 7199 7200 4732
4 7199 7197 7198 7200
4 4660 7197 7199 4661
4 4731 7198 7200 4732
4 1673 4660 4661 1674
4 1673 4731 4732 1674
5 1677 4663 3962 3963 4735
5 1678 4664 3964 3965 4736
4 3964 3962 3963 3965
4 4663 3962 3964 4664
4 4735 3963 3965 4736
4 1677 4663 4664 1678
4 1677 4735 4736 1678
5 1681 4666 7201 4554 1617
5 1682 4667 7202 4555 1618
4 4554 7201 7202 4555
4 4666 7201 7202 4667
4 1617 4554 4555 1618
4 1681 4666 4667 1682
4 1618 1617 1681 1682
5 1685 4669 7203 4557 1621
5 1686 4670 7204 4558 1622
4 4557 7203 7204 4558
4 4669 7203 7204 4670
4 1621 4557 4558 1622
4 1685 4669 4670 1686
4 1622 1621 1685 1686
5 1689 4672 7205 4560 1625
5 1690 4673 7206 4561 1626
4 4560 7205 7206 4561
4 4672 7205 7206 4673
4 1625 4560 4561 1626
4 1689 4672 4673 1690
4 1626 1625 1689 1690
5 1553 1433 1309 1377 1493
5 7207 7208 7209 7210 7211
4 7209 1309 1377 7210
4 7209 1309 1433 7208
4 7210 1377 1493 7211
4 7208 1433 1553 7207
4 7211 1493 1553 7207
5 1557 1437 1313 1381 1497
5 7212 7213 7214 7215 7216
4 7214 1313 1381 7215
4 7214 1313 1437 7213
4 7215 1381 1497 7216
4 7213 1437 1557 7212
4 7216 1497 1557 7212
5 1561 1441 4368 4476 1501
5 7217 7218 7219 7220 7221
4 7219 4368 4476 7220
4 7219 4368 1441 7218
4 7220 4476 1501 7221
4 7218 1441 1561 7217
4 7221 1501 1561 7217
5 1565 1445 1317 1385 1505
5 7222 7223 7224 7225 7226
4 7224 1317 1385 7225
4 7224 1317 1445 7223
4 7225 1385 1505 7226
4 7223 1445 1565 7222
4 7226 1505 1565 7222
5 1629 4627 7227 4518 1569
5 4797 7228 7229 7230 4796
4 7229 7227 4518 7230
4 4627 7227 7229 7228
4 1569 4518 7230 4796
4 1629 4627 7228 4797
4 4796 1569 1629 4797
5 1633 4630 7231 4521 1573
5 4801 7232 7233 7234 4800
4 7233 7231 4521 7234
4 4630 7231 7233 7232
4 1573 4521 7234 4800
4 1633 4630 7232 4801
4 4800 1573 1633 4801
5 1637 4633 7235 4524 1577
5 4805 7236 7237 7238 4804
4 7237 7235 4524 7238
4 4633 7235 7237 7236
4 1577 4524 7238 4804
4 1637 4633 7236 4805
4 4804 1577 1637 4805
5 1641 4636 7239 4527 1581
5 4809 7240 7241 7242 4808
4 7241 7239 4527 7242
4 7241 7239 4636 7240
4 1581 4527 7242 4808
4 7240 4636 1641 4809
4 4808 1581 1641 4809
5 1701 4745 7243 4530 1585
5 1702 4746 7244 7245 4812
4 7244 7243 4530 7245
4 4745 7243 7244 4746
4 1585 4530 7245 4812
4 1701 4745 4746 1702
4 4812 1585 1701 1702
5 1705 4748 7246 4533 1589
5 1706 4749 7247 7248 4815
4 7247 7246 4533 7248
4 4748 7246 7247 4749
4 1589 4533 7248 4815
4 1705 4748 4749 1706
4 4815 1589 1705 1706
5 1709 4751 7249 4536 1593
5 1710 4752 7250 7251 4818
4 7250 7249 4536 7251
4 4751 7249 7250 4752
4 1593 4536 7251 4818
4 1709 4751 4752 1710
4 4818 1593 1709 1710
5 1713 4754 7252 4539 1597
5 1714 4755 7253 7254 4821
4 7253 7252 4539 7254
4 4754 7252 7253 4755
4 1597 4539 7254 4821
4 1713 4754 4755 1714
4 4821 1597 1713 1714
5 1717 4757 7255 4545 1605
5 1718 4758 7256 7257 4824
4 7256 7255 4545 7257
4 4757 7255 7256 4758
4 1605 4545 7257 4824
4 1717 4757 4758 1718
4 4824 1605 1717 1718
5 1721 4760 7258 4548 1609
5 1722 4761 7259 7260 4827
4 7259 7258 4548 7260
4 4760 7258 7259 4761
4 1609 4548 7260 4827
4 1721 4760 4761 1722
4 4827 1609 1721 1722
5 1725 4763 7261 4551 1613
5 1726 4764 7262 7263 4830
4 7262 7261 4551 7263
4 4763 7261 7262 4764
4 1613 4551 7263 4830
4 1725 4763 4764 1726
4 4830 1613 1725 1726
5 1729 4766 7264 7265 4833
5 1730 4767 7266 7267 4834
4 7266 7264 7265 7267
4 4766 7264 7266 4767
4 4833 7265 7267 4834
4 1729 4766 4767 1730
4 1729 4833 4834 1730
5 1733 4769 7268 4554 1617
5 1734 4770 7269 7270 4837
4 7269 7268 4554 7270
4 4769 7268 7269 4770
4 1617 4554 7270 4837
4 1733 4769 4770 1734
4 4837 1617 1733 1734
5 1737 4772 7271 4557 1621
5 1738 4773 7272 7273 4840
4 7272 7271 4557 7273
4 4772 7271 7272 4773
4 1621 4557 7273 4840
4 1737 4772 4773 1738
4 4840 1621 1737 1738
5 1741 4775 7274 4560 1625
5 1742 4776 7275 7276 4843
4 7275 7274 4560 7276
4 4775 7274 7275 4776
4 1625 4560 7276 4843
4 1741 4775 4776 1742
4 4843 1625 1741 1742
5 1745 4778 7277 7278 4846
5 1746 4779 7279 7280 4847
4 7279 7277 7278 7280
4 4778 7277 7279 4779
4 4846 7278 7280 4847
4 1745 4778 4779 1746
4 1745 4846 4847 1746
5 1749 4781 4083 4084 4850
5 1750 4782 4085 4086 4851
4 4085 4083 4084 4086
4 4781 4083 4085 4782
4 4850 4084 4086 4851
4 1749 4781 4782 1750
4 1749 4850 4851 1750
5 1753 4784 7281 4675 1693
5 1754 4785 7282 4676 1694
4 4675 7281 7282 4676
4 4784 7281 7282 4785
4 1693 4675 4676 1694
4 1753 4784 4785 1754
4 1694 1693 1753 1754
5 1757 4787 7283 4678 1697
5 1758 4788 7284 4679 1698
4 4678 7283 7284 4679
4 4787 7283 7284 4788
4 1697 4678 4679 1698
4 1757 4787 4788 1758
4 1698 1697 1757 1758
5 1629 1509 1389 1453 1569
5 7285 7286 7287 7288 7289
4 7287 1389 1453 7288
4 7287 1389 1509 7286
4 7288 1453 1569 7289
4 7286 1509 1629 7285
4 7289 1569 1629 7285
5 1633 1513 1393 1457 1573
5 7290 7291 7292 7293 7294
4 7292 1393 1457 7293
4 7292 1393 1513 7291
4 7293 1457 1573 7294
4 7291 1513 1633 7290
4 7294 1573 1633 7290
5 1637 1517 1397 1461 1577
5 7295 7296 7297 7298 7299
4 7297 1397 1461 7298
4 7297 1397 1517 7296
4 7298 1461 1577 7299
4 7296 1517 1637 7295
4 7299 1577 1637 7295
5 1641 1521 4492 4600 1581
5 7300 7301 7302 7303 7304
4 7302 4492 4600 7303
4 7302 4492 1521 7301
4 7303 4600 1581 7304
4 7301 1521 1641 7300
4 7304 1581 1641 7300
5 1701 4745 7305 4639 1645
5 4910 7306 7307 7308 4909
4 7307 7305 4639 7308
4 4745 7305 7307 7306
4 1645 4639 7308 4909
4 1701 4745 7306 4910
4 4909 1645 1701 4910
5 1705 4748 7309 4642 1649
5 4914 7310 7311 7312 4913
4 7311 7309 4642 7312
4 4748 7309 7311 7310
4 1649 4642 7312 4913
4 1705 4748 7310 4914
4 4913 1649 1705 4914
5 1709 4751 7313 4645 1653
5 4918 7314 7315 7316 4917
4 7315 7313 4645 7316
4 4751 7313 7315 7314
4 1653 4645 7316 4917
4 1709 4751 7314 4918
4 4917 1653 1709 4918
5 1713 4754 7317 4648 1657
5 4922 7318 7319 7320 4921
4 7319 7317 4648 7320
4 7319 7317 4754 7318
4 1657 4648 7320 4921
4 7318 4754 1713 4922
4 4921 1657 1713 4922
5 1769 4858 7321 4651 1661
5 1770 4859 7322 7323 4925
4 7322 7321 4651 7323
4 4858 7321 7322 4859
4 1661 4651 7323 4925
4 1769 4858 4859 1770
4 4925 1661 1769 1770
5 1773 4861 7324 4654 1665
5 1774 4862 7325 7326 4928
4 7325 7324 4654 7326
4 4861 7324 7325 4862
4 1665 4654 7326 4928
4 1773 4861 4862 1774
4 4928 1665 1773 1774
5 1777 4864 7327 4657 1669
5 1778 4865 7328 7329 4931
4 7328 7327 4657 7329
4 4864 7327 7328 4865
4 1669 4657 7329 4931
4 1777 4864 4865 1778
4 4931 1669 1777 1778
5 1781 4867 7330 4660 1673
5 1782 4868 7331 7332 4934
4 7331 7330 4660 7332
4 4867 7330 7331 4868
4 1673 4660 7332 4934
4 1781 4867 4868 1782
4 4934 1673 1781 1782
5 1785 4870 7333 4666 1681
5 1786 4871 7334 7335 4937
4 7334 7333 4666 7335
4 4870 7333 7334 4871
4 1681 4666 7335 4937
4 1785 4870 4871 1786
4 4937 1681 1785 1786
5 1789 4873 7336 4669 1685
5 1790 4874 7337 7338 4940
4 7337 7336 4669 7338
4 4873 7336 7337 4874
4 1685 4669 7338 4940
4 1789 4873 4874 1790
4 4940 1685 1789 1790
5 1793 4876 7339 4672 1689
5 1794 4877 7340 7341 4943
4 7340 7339 4672 7341
4 4876 7339 7340 4877
4 1689 4672 7341 4943
4 1793 4876 4877 1794
4 4943 1689 1793 1794
5 1797 4879 7342 7343 4946
5 1798 4880 7344 7345 4947
4 7344 7342 7343 7345
4 4879 7342 7344 4880
4 4946 7343 7345 4947
4 1797 4879 4880 1798
4 1797 4946 4947 1798
5 1801 4882 7346 4675 1693
5 1802 4883 7347 7348 4950
4 7347 7346 4675 7348
4 4882 7346 7347 4883
4 1693 4675 7348 4950
4 1801 4882 4883 1802
4 4950 1693 1801 1802
5 1805 4885 7349 4678 1697
5 1806 4886 7350 7351 4953
4 7350 7349 4678 7351
4 4885 7349 7350 4886
4 1697 4678 7351 4953
4 1805 4885 4886 1806
4 4953 1697 1805 1806
5 1809 4888 7352 7353 4956
5 1810 4889 7354 7355 4957
4 7354 7352 7353 7355
4 4888 7352 7354 4889
4 4956 7353 7355 4957
4 1809 4888 4889 1810
4 1809 4956 4957 1810
5 1813 4891 7356 7357 4960
5 1814 4892 7358 7359 4961
4 7358 7356 7357 7359
4 4891 7356 7358 4892
4 4960 7357 7359 4961
4 1813 4891 4892 1814
4 1813 4960 4961 1814
5 1817 4894 4209 4210 4964
5 1818 4895 4211 4212 4965
4 4211 4209 4210 4212
4 4894 4209 4211 4895
4 4964 4210 4212 4965
4 1817 4894 4895 1818
4 1817 4964 4965 1818
5 1821 4897 7360 4790 1761
5 1822 4898 7361 4791 1762
4 4790 7360 7361 4791
4 4897 7360 7361 4898
4 1761 4790 4791 1762
4 1821 4897 4898 1822
4 1762 1761 1821 1822
5 1825 4900 7362 4793 1765
5 1826 4901 7363 4794 1766
4 4793 7362 7363 4794
4 4900 7362 7363 4901
4 1765 4793 4794 1766
4 1825 4900 4901 1826
4 1766 1765 1825 1826
5 1701 1585 1465 1529 1645
5 7364 7365 7366 7367 7368
4 7366 1465 1529 7367
4 7366 1465 1585 7365
4 7367 1529 1645 7368
4 7365 1585 1701 7364
4 7368 1645 1701 7364
5 1705 1589 1469 1533 1649
5 7369 7370 7371 7372 7373
4 7371 1469 1533 7372
4 7371 1469 1589 7370
4 7372 1533 1649 7373
4 7370 1589 1705 7369
4 7373 1649 1705 7369
5 1709 1593 1473 1537 1653
5 7374 7375 7376 7377 7378
4 7376 1473 1537 7377
4 7376 1473 1593 7375
4 7377 1537 1653 7378
4 7375 1593 1709 7374
4 7378 1653 1709 7374
5 1713 1597 4613 4718 1657
5 7379 7380 7381 7382 7383
4 7381 4613 4718 7382
4 7381 4613 1597 7380
4 7382 4718 1657 7383
4 7380 1597 1713 7379
4 7383 1657 1713 7379
5 1769 4858 7384 4757 1717
5 5021 7385 7386 7387 5020
4 7386 7384 4757 7387
4 4858 7384 7386 7385
4 1717 4757 7387 5020
4 1769 4858 7385 5021
4 5020 1717 1769 5021
5 1773 4861 7388 4760 1721
5 5025 7389 7390 7391 5024
4 7390 7388 4760 7391
4 4861 7388 7390 7389
4 1721 4760 7391 5024
4 1773 4861 7389 5025
4 5024 1721 1773 5025
5 1777 4864 7392 4763 1725
5 5029 7393 7394 7395 5028
4 7394 7392 4763 7395
4 4864 7392 7394 7393
4 1725 4763 7395 5028
4 1777 4864 7393 5029
4 5028 1725 1777 5029
5 1781 4867 7396 4766 1729
5 5033 7397 7398 7399 5032
4 7398 7396 4766 7399
4 7398 7396 4867 7397
4 1729 4766 7399 5032
4 7397 4867 1781 5033
4 5032 1729 1781 5033
5 1837 4972 7400 4769 1733
5 1838 4973 7401 7402 5036
4 7401 7400 4769 7402
4 4972 7400 7401 4973
4 1733 4769 7402 5036
4 1837 4972 4973 1838
4 5036 1733 1837 1838
5 1841 4975 7403 4772 1737
5 1842 4976 7404 7405 5039
4 7404 7403 4772 7405
4 4975 7403 7404 4976
4 1737 4772 7405 5039
4 1841 4975 4976 1842
4 5039 1737 1841 1842
5 1845 4978 7406 4775 1741
5 1846 4979 7407 7408 5042
4 7407 7406 4775 7408
4 4978 7406 7407 4979
4 1741 4775 7408 5042
4 1845 4978 4979 1846
4 5042 1741 1845 1846
5 1849 4981 7409 4778 1745
5 1850 4982 7410 7411 5045
4 7410 7409 4778 7411
4 4981 7409 7410 4982
4 1745 4778 7411 5045
4 1849 4981 4982 1850
4 5045 1745 1849 1850
5 1853 4984 7412 4784 1753
5 1854 4985 7413 7414 5048
4 7413 7412 4784 7414
4 4984 7412 7413 4985
4 1753 4784 7414 5048
4 1853 4984 4985 1854
4 5048 1753 1853 1854
5 1857 4987 7415 4787 1757
5 1858 4988 7416 7417 5051
4 7416 7415 4787 7417
4 4987 7415 7416 4988
4 1757 4787 7417 5051
4 1857 4987 4988 1858
4 5051 1757 1857 1858
5 1861 4990 7418 7419 5054
5 1862 4991 7420 7421 5055
4 7420 7418 7419 7421
4 4990 7418 7420 4991
4 5054 7419 7421 5055
4 1861 4990 4991 1862
4 1861 5054 5055 1862
5 1865 4993 7422 7423 5058
5 1866 4994 7424 7425 5059
4 7424 7422 7423 7425
4 4993 7422 7424 4994
4 5058 7423 7425 5059
4 1865 4993 4994 1866
4 1865 5058 5059 1866
5 1869 4996 7426 4790 1761
5 1870 4997 7427 7428 5062
4 7427 7426 4790 7428
4 4996 7426 7427 4997
4 1761 4790 7428 5062
4 1869 4996 4997 1870
4 5062 1761 1869 1870
5 1873 4999 7429 4793 1765
5 1874 5000 7430 7431 5065
4 7430 7429 4793 7431
4 4999 7429 7430 5000
4 1765 4793 7431 5065
4 1873 4999 5000 1874
4 5065 1765 1873 1874
5 1877 5002 7432 7433 5068
5 1878 5003 7434 7435 5069
4 7434 7432 7433 7435
4 5002 7432 7434 5003
4 5068 7433 7435 5069
4 1877 5002 5003 1878
4 1877 5068 5069 1878
5 1881 5005 7436 7437 5072
5 1882 5006 7438 7439 5073
4 7438 7436 7437 7439
4 5005 7436 7438 5006
4 5072 7437 7439 5073
4 1881 5005 5006 1882
4 1881 5072 5073 1882
5 1885 5008 7440 4903 1829
5 1886 5009 7441 4904 1830
4 4903 7440 7441 4904
4 5008 7440 7441 5009
4 1829 4903 4904 1830
4 1885 5008 5009 1886
4 1830 1829 1885 1886
5 1889 5011 7442 4906 1833
5 1890 5012 7443 4907 1834
4 4906 7442 7443 4907
4 5011 7442 7443 5012
4 1833 4906 4907 1834
4 1889 5011 5012 1890
4 1834 1833 1889 1890
5 1769 1661 1541 1605 1717
5 7444 7445 7446 7447 7448
4 7446 1541 1605 7447
4 7446 1541 1661 7445
4 7447 1605 1717 7448
4 7445 1661 1769 7444
4 7448 1717 1769 7444
5 1773 1665 1545 1609 1721
5 7449 7450 7451 7452 7453
4 7451 1545 1609 7452
4 7451 1545 1665 7450
4 7452 1609 1721 7453
4 7450 1665 1773 7449
4 7453 1721 1773 7449
5 1777 1669 1549 1613 1725
5 7454 7455 7456 7457 7458
4 7456 1549 1613 7457
4 7456 1549 1669 7455
4 7457 1613 1725 7458
4 7455 1669 1777 7454
4 7458 1725 1777 7454
5 1781 1673 4731 4833 1729
5 7459 7460 7461 7462 7463
4 7461 4731 4833 7462
4 7461 4731 1673 7460
4 7462 4833 1729 7463
4 7460 1673 1781 7459
4 7463 1729 1781 7459
5 1837 4972 7464 4870 1785
5 5126 7465 7466 7467 5125
4 7466 7464 4870 7467
4 4972 7464 7466 7465
4 1785 4870 7467 5125
4 1837 4972 7465 5126
4 5125 1785 1837 5126
5 1841 4975 7468 4873 1789
5 5130 7469 7470 7471 5129
4 7470 7468 4873 7471
4 4975 7468 7470 7469
4 1789 4873 7471 5129
4 1841 4975 7469 5130
4 5129 1789 1841 5130
5 1845 4978 7472 4876 1793
5 5134 7473 7474 7475 5133
4 7474 7472 4876 7475
4 4978 7472 7474 7473
4 1793 4876 7475 5133
4 1845 4978 7473 5134
4 5133 1793 1845 5134
5 1849 4981 7476 4879 1797
5 5138 7477 7478 7479 5137
4 7478 7476 4879 7479
4 7478 7476 4981 7477
4 1797 4879 7479 5137
4 7477 4981 1849 5138
4 5137 1797 1849 5138
5 1901 5080 7480 4882 1801
5 1902 5081 7481 7482 5141
4 7481 7480 4882 7482
4 5080 7480 7481 5081
4 1801 4882 7482 5141
4 1901 5080 5081 1902
4 5141 1801 1901 1902
5 1905 5083 7483 4885 1805
5 1906 5084 7484 7485 5144
4 7484 7483 4885 7485
4 5083 7483 7484 5084
4 1805 4885 7485 5144
4 1905 5083 5084 1906
4 5144 1805 1905 1906
5 1909 5086 7486 4888 1809
5 1910 5087 7487 7488 5147
4 7487 7486 4888 7488
4 5086 7486 7487 5087
4 1809 4888 7488 5147
4 1909 5086 5087 1910
4 5147 1809 1909 1910
5 1913 5089 7489 4891 1813
5 1914 5090 7490 7491 5150
4 7490 7489 4891 7491
4 5089 7489 7490 5090
4 1813 4891 7491 5150
4 1913 5089 5090 1914
4 5150 1813 1913 1914
5 1917 5092 7492 4897 1821
5 1918 5093 7493 7494 5153
4 7493 7492 4897 7494
4 5092 7492 7493 5093
4 1821 4897 7494 5153
4 1917 5092 5093 1918
4 5153 1821 1917 1918
5 1921 5095 7495 4900 1825
5 1922 5096 7496 7497 5156
4 7496 7495 4900 7497
4 5095 7495 7496 5096
4 1825 4900 7497 5156
4 1921 5095 5096 1922
4 5156 1825 1921 1922
5 1925 5098 7498 7499 5159
5 1926 5099 7500 7501 5160
4 7500 7498 7499 7501
4 5098 7498 7500 5099
4 5159 7499 7501 5160
4 1925 5098 5099 1926
4 1925 5159 5160 1926
5 1929 5101 7502 7503 5163
5 1930 5102 7504 7505 5164
4 7504 7502 7503 7505
4 5101 7502 7504 5102
4 5163 7503 7505 5164
4 1929 5101 5102 1930
4 1929 5163 5164 1930
5 1933 5104 7506 4903 1829
5 1934 5105 7507 7508 5167
4 7507 7506 4903 7508
4 5104 7506 7507 5105
4 1829 4903 7508 5167
4 1933 5104 5105 1934
4 5167 1829 1933 1934
5 1937 5107 7509 4906 1833
5 1938 5108 7510 7511 5170
4 7510 7509 4906 7511
4 5107 7509 7510 5108
4 1833 4906 7511 5170
4 1937 5107 5108 1938
4 5170 1833 1937 1938
5 1941 5110 7512 7513 5173
5 1942 5111 7514 7515 5174
4 7514 7512 7513 7515
4 5110 7512 7514 5111
4 5173 7513 7515 5174
4 1941 5110 5111 1942
4 1941 5173 5174 1942
5 1945 5113 7516 7517 5177
5 1946 5114 7518 7519 5178
4 7518 7516 7517 7519
4 5113 7516 7518 5114
4 5177 7517 7519 5178
4 1945 5113 5114 1946
4 1945 5177 5178 1946
5 1949 5116 7520 5014 1893
5 1950 5117 7521 5015 1894
4 5014 7520 7521 5015
4 5116 7520 7521 5117
4 1893 5014 5015 1894
4 1949 5116 5117 1950
4 1894 1893 1949 1950
5 1953 5119 7522 5017 1897
5 1954 5120 7523 5018 1898
4 5017 7522 7523 5018
4 5119 7522 7523 5120
4 1897 5017 5018 1898
4 1953 5119 5120 1954
4 1898 1897 1953 1954
5 1837 1733 1617 1681 1785
5 7524 7525 7526 7527 7528
4 7526 1617 1681 7527
4 7526 1617 1733 7525
4 7527 1681 1785 7528
4 7525 1733 1837 7524
4 7528 1785 1837 7524
5 1841 1737 1621 1685 1789
5 7529 7530 7531 7532 7533
4 7531 1621 1685 7532
4 7531 1621 1737 7530
4 7532 1685 1789 7533
4 7530 1737 1841 7529
4 7533 1789 1841 7529
5 1845 1741 1625 1689 1793
5 7534 7535 7536 7537 7538
4 7536 1625 1689 7537
4 7536 1625 1741 7535
4 7537 1689 1793 7538
4 7535 1741 1845 7534
4 7538 1793 1845 7534
5 1849 1745 4846 4946 1797
5 7539 7540 7541 7542 7543
4 7541 4846 4946 7542
4 7541 4846 1745 7540
4 7542 4946 1797 7543
4 7540 1745 1849 7539
4 7543 1797 1849 7539
5 1901 5080 7544 4984 1853
5 5228 7545 7546 7547 5227
4 7546 7544 4984 7547
4 5080 7544 7546 7545
4 1853 4984 7547 5227
4 1901 5080 7545 5228
4 5227 1853 1901 5228
5 1905 5083 7548 4987 1857
5 5232 7549 7550 7551 5231
4 7550 7548 4987 7551
4 5083 7548 7550 7549
4 1857 4987 7551 5231
4 1905 5083 7549 5232
4 5231 1857 1905 5232
5 1909 5086 7552 4990 1861
5 5236 7553 7554 7555 5235
4 7554 7552 4990 7555
4 5086 7552 7554 7553
4 1861 4990 7555 5235
4 1909 5086 7553 5236
4 5235 1861 1909 5236
5 1913 5089 7556 4993 1865
5 5240 7557 7558 7559 5239
4 7558 7556 4993 7559
4 7558 7556 5089 7557
4 1865 4993 7559 5239
4 7557 5089 1913 5240
4 5239 1865 1913 5240
5 1961 5185 7560 4996 1869
5 1962 5186 7561 7562 5243
4 7561 7560 4996 7562
4 5185 7560 7561 5186
4 1869 4996 7562 5243
4 1961 5185 5186 1962
4 5243 1869 1961 1962
5 1965 5188 7563 4999 1873
5 1966 5189 7564 7565 5246
4 7564 7563 4999 7565
4 5188 7563 7564 5189
4 1873 4999 7565 5246
4 1965 5188 5189 1966
4 5246 1873 1965 1966
5 1969 5191 7566 5002 1877
5 1970 5192 7567 7568 5249
4 7567 7566 5002 7568
4 5191 7566 7567 5192
4 1877 5002 7568 5249
4 1969 5191 5192 1970
4 5249 1877 1969 1970
5 1973 5194 7569 5005 1881
5 1974 5195 7570 7571 5252
4 7570 7569 5005 7571
4 5194 7569 7570 5195
4 1881 5005 7571 5252
4 1973 5194 5195 1974
4 5252 1881 1973 1974
5 1977 5197 7572 5008 1885
5 1978 5198 7573 7574 5255
4 7573 7572 5008 7574
4 5197 7572 7573 5198
4 1885 5008 7574 5255
4 1977 5197 5198 1978
4 5255 1885 1977 1978
5 1981 5200 7575 5011 1889
5 1982 5201 7576 7577 5258
4 7576 7575 5011 7577
4 5200 7575 7576 5201
4 1889 5011 7577 5258
4 1981 5200 5201 1982
4 5258 1889 1981 1982
5 1985 5203 7578 7579 5261
5 1986 5204 7580 7581 5262
4 7580 7578 7579 7581
4 5203 7578 7580 5204
4 5261 7579 7581 5262
4 1985 5203 5204 1986
4 1985 5261 5262 1986
5 1989 5206 7582 7583 5265
5 1990 5207 7584 7585 5266
4 7584 7582 7583 7585
4 5206 7582 7584 5207
4 5265 7583 7585 5266
4 1989 5206 5207 1990
4 1989 5265 5266 1990
5 1993 5209 7586 5014 1893
5 1994 5210 7587 7588 5269
4 7587 7586 5014 7588
4 5209 7586 7587 5210
4 1893 5014 7588 5269
4 1993 5209 5210 1994
4 5269 1893 1993 1994
5 1997 5212 7589 5017 1897
5 1998 5213 7590 7591 5272
4 7590 7589 5017 7591
4 5212 7589 7590 5213
4 1897 5017 7591 5272
4 1997 5212 5213 1998
4 5272 1897 1997 1998
5 2001 5215 7592 7593 5275
5 2002 5216 7594 7595 5276
4 7594 7592 7593 7595
4 5215 7592 7594 5216
4 5275 7593 7595 5276
4 2001 5215 5216 2002
4 2001 5275 5276 2002
5 2005 5218 7596 7597 5279
5 2006 5219 7598 7599 5280
4 7598 7596 7597 7599
4 5218 7596 7598 5219
4 5279 7597 7599 5280
4 2005 5218 5219 2006
4 2005 5279 5280 2006
5 2009 5221 7600 5122 1957
5 2010 5222 7601 5123 1958
4 5122 7600 7601 5123
4 5221 7600 7601 5222
4 1957 5122 5123 1958
4 2009 5221 5222 2010
4 1958 1957 2009 2010
5 1901 1801 1693 1753 1853
5 7602 7603 7604 7605 7606
4 7604 1693 1753 7605
4 7604 1693 1801 7603
4 7605 1753 1853 7606
4 7603 1801 1901 7602
4 7606 1853 1901 7602
5 1905 1805 1697 1757 1857
5 7607 7608 7609 7610 7611
4 7609 1697 1757 7610
4 7609 1697 1805 7608
4 7610 1757 1857 7611
4 7608 1805 1905 7607
4 7611 1857 1905 7607
5 1909 1809 4956 5054 1861
5 7612 7613 7614 7615 7616
4 7614 4956 5054 7615
4 7614 4956 1809 7613
4 7615 5054 1861 7616
4 7613 1809 1909 7612
4 7616 1861 1909 7612
5 1913 1813 4960 5058 1865
5 7617 7618 7619 7620 7621
4 7619 4960 5058 7620
4 7619 4960 1813 7618
4 7620 5058 1865 7621
4 7618 1813 1913 7617
4 7621 1865 1913 7617
5 1961 5185 7622 5092 1917
5 5325 7623 7624 7625 5324
4 7624 7622 5092 7625
4 5185 7622 7624 7623
4 1917 5092 7625 5324
4 1961 5185 7623 5325
4 5324 1917 1961 5325
5 1965 5188 7626 5095 1921
5 5329 7627 7628 7629 5328
4 7628 7626 5095 7629
4 5188 7626 7628 7627
4 1921 5095 7629 5328
4 1965 5188 7627 5329
4 5328 1921 1965 5329
5 1969 5191 7630 5098 1925
5 5333 7631 7632 7633 5332
4 7632 7630 5098 7633
4 5191 7630 7632 7631
4 1925 5098 7633 5332
4 1969 5191 7631 5333
4 5332 1925 1969 5333
5 1973 5194 7634 5101 1929
5 5337 7635 7636 7637 5336
4 7636 7634 5101 7637
4 7636 7634 5194 7635
4 1929 5101 7637 5336
4 7635 5194 1973 5337
4 5336 1929 1973 5337
5 2017 5285 7638 5104 1933
5 2018 5286 7639 7640 5340
4 7639 7638 5104 7640
4 5285 7638 7639 5286
4 1933 5104 7640 5340
4 2017 5285 5286 2018
4 5340 1933 2017 2018
5 2021 5288 7641 5107 1937
5 2022 5289 7642 7643 5343
4 7642 7641 5107 7643
4 5288 7641 7642 5289
4 1937 5107 7643 5343
4 2021 5288 5289 2022
4 5343 1937 2021 2022
5 2025 5291 7644 5110 1941
5 2026 5292 7645 7646 5346
4 7645 7644 5110 7646
4 5291 7644 7645 5292
4 1941 5110 7646 5346
4 2025 5291 5292 2026
4 5346 1941 2025 2026
5 2029 5294 7647 5113 1945
5 2030 5295 7648 7649 5349
4 7648 7647 5113 7649
4 5294 7647 7648 5295
4 1945 5113 7649 5349
4 2029 5294 5295 2030
4 5349 1945 2029 2030
5 2033 5297 7650 5116 1949
5 2034 5298 7651 7652 5352
4 7651 7650 5116 7652
4 5297 7650 7651 5298
4 1949 5116 7652 5352
4 2033 5297 5298 2034
4 5352 1949 2033 2034
5 2037 5300 7653 5119 1953
5 2038 5301 7654 7655 5355
4 7654 7653 5119 7655
4 5300 7653 7654 5301
4 1953 5119 7655 5355
4 2037 5300 5301 2038
4 5355 1953 2037 2038
5 2041 5303 7656 7657 5358
5 2042 5304 7658 7659 5359
4 7658 7656 7657 7659
4 5303 7656 7658 5304
4 5358 7657 7659 5359
4 2041 5303 5304 2042
4 2041 5358 5359 2042
5 2045 5306 7660 7661 5362
5 2046 5307 7662 7663 5363
4 7662 7660 7661 7663
4 5306 7660 7662 5307
4 5362 7661 7663 5363
4 2045 5306 5307 2046
4 2045 5362 5363 2046
5 2049 5309 7664 5122 1957
5 2050 5310 7665 7666 5366
4 7665 7664 5122 7666
4 5309 7664 7665 5310
4 1957 5122 7666 5366
4 2049 5309 5310 2050
4 5366 1957 2049 2050
5 2053 5312 7667 7668 5369
5 2054 5313 7669 7670 5370
4 7669 7667 7668 7670
4 5312 7667 7669 5313
4 5369 7668 7670 5370
4 2053 5312 5313 2054
4 2053 5369 5370 2054
5 2057 5315 7671 7672 5373
5 2058 5316 7673 7674 5374
4 7673 7671 7672 7674
4 5315 7671 7673 5316
4 5373 7672 7674 5374
4 2057 5315 5316 2058
4 2057 5373 5374 2058
5 2061 5318 7675 5224 2013
5 2062 5319 7676 5225 2014
4 5224 7675 7676 5225
4 5318 7675 7676 5319
4 2013 5224 5225 2014
4 2061 5318 5319 2062
4 2014 2013 2061 2062
5 1961 1869 1761 1821 1917
5 7677 7678 7679 7680 7681
4 7679 1761 1821 7680
4 7679 1761 1869 7678
4 7680 1821 1917 7681
4 7678 1869 1961 7677
4 7681 1917 1961 7677
5 1965 1873 1765 1825 1921
5 7682 7683 7684 7685 7686
4 7684 1765 1825 7685
4 7684 1765 1873 7683
4 7685 1825 1921 7686
4 7683 1873 1965 7682
4 7686 1921 1965 7682
5 1969 1877 5068 5159 1925
5 7687 7688 7689 7690 7691
4 7689 5068 5159 7690
4 7689 5068 1877 7688
4 7690 5159 1925 7691
4 7688 1877 1969 7687
4 7691 1925 1969 7687
5 1973 1881 5072 5163 1929
5 7692 7693 7694 7695 7696
4 7694 5072 5163 7695
4 7694 5072 1881 7693
4 7695 5163 1929 7696
4 7693 1881 1973 7692
4 7696 1929 1973 7692
5 2017 5285 7697 5197 1977
5 5416 7698 7699 7700 5415
4 7699 7697 5197 7700
4 5285 7697 7699 7698
4 1977 5197 7700 5415
4 2017 5285 7698 5416
4 5415 1977 2017 5416
5 2021 5288 7701 5200 1981
5 5420 7702 7703 7704 5419
4 7703 7701 5200 7704
4 5288 7701 7703 7702
4 1981 5200 7704 5419
4 2021 5288 7702 5420
4 5419 1981 2021 5420
5 2025 5291 7705 5203 1985
5 5424 7706 7707 7708 5423
4 7707 7705 5203 7708
4 5291 7705 7707 7706
4 1985 5203 7708 5423
4 2025 5291 7706 5424
4 5423 1985 2025 5424
5 2029 5294 7709 5206 1989
5 5428 7710 7711 7712 5427
4 7711 7709 5206 7712
4 5294 7709 7711 7710
4 1989 5206 7712 5427
4 2029 5294 7710 5428
4 5427 1989 2029 5428
5 2069 5379 7713 5209 1993
5 2070 5380 7714 7715 5431
4 7714 7713 5209 7715
4 5379 7713 7714 5380
4 1993 5209 7715 5431
4 2069 5379 5380 2070
4 5431 1993 2069 2070
5 2073 5382 7716 5212 1997
5 2074 5383 7717 7718 5434
4 7717 7716 5212 7718
4 5382 7716 7717 5383
4 1997 5212 7718 5434
4 2073 5382 5383 2074
4 5434 1997 2073 2074
5 2077 5385 7719 5215 2001
5 2078 5386 7720 7721 5437
4 7720 7719 5215 7721
4 5385 7719 7720 5386
4 2001 5215 7721 5437
4 2077 5385 5386 2078
4 5437 2001 2077 2078
5 2081 5388 7722 5218 2005
5 2082 5389 7723 7724 5440
4 7723 7722 5218 7724
4 5388 7722 7723 5389
4 2005 5218 7724 5440
4 2081 5388 5389 2082
4 5440 2005 2081 2082
5 2085 5391 7725 5221 2009
5 2086 5392 7726 7727 5443
4 7726 7725 5221 7727
4 5391 7725 7726 5392
4 2009 5221 7727 5443
4 2085 5391 5392 2086
4 5443 2009 2085 2086
5 2089 5394 7728 7729 5446
5 2090 5395 7730 7731 5447
4 7730 7728 7729 7731
4 5394 7728 7730 5395
4 5446 7729 7731 5447
4 2089 5394 5395 2090
4 2089 5446 5447 2090
5 2093 5397 7732 7733 5450
5 2094 5398 7734 7735 5451
4 7734 7732 7733 7735
4 5397 7732 7734 5398
4 5450 7733 7735 5451
4 2093 5397 5398 2094
4 2093 5450 5451 2094
5 2097 5400 7736 7737 5454
5 2098 5401 7738 7739 5455
4 7738 7736 7737 7739
4 5400 7736 7738 5401
4 5454 7737 7739 5455
4 2097 5400 5401 2098
4 2097 5454 5455 2098
5 2101 5403 7740 5224 2013
5 2102 5404 7741 7742 5458
4 7741 7740 5224 7742
4 5403 7740 7741 5404
4 2013 5224 7742 5458
4 2101 5403 5404 2102
4 5458 2013 2101 2102
5 2105 5406 7743 7744 5461
5 2106 5407 7745 7746 5462
4 7745 7743 7744 7746
4 5406 7743 7745 5407
4 5461 7744 7746 5462
4 2105 5406 5407 2106
4 2105 5461 5462 2106
5 2109 5409 7747 5321 2065
5 2110 5410 7748 5322 2066
4 5321 7747 7748 5322
4 5409 7747 7748 5410
4 2065 5321 5322 2066
4 2109 5409 5410 2110
4 2066 2065 2109 2110
5 2017 1933 1829 1885 1977
5 7749 7750 7751 7752 7753
4 7751 1829 1885 7752
4 7751 1829 1933 7750
4 7752 1885 1977 7753
4 7750 1933 2017 7749
4 7753 1977 2017 7749
5 2021 1937 1833 1889 1981
5 7754 7755 7756 7757 7758
4 7756 1833 1889 7757
4 7756 1833 1937 7755
4 7757 1889 1981 7758
4 7755 1937 2021 7754
4 7758 1981 2021 7754
5 2025 1941 5173 5261 1985
5 7759 7760 7761 7762 7763
4 7761 5173 5261 7762
4 7761 5173 1941 7760
4 7762 5261 1985 7763
4 7760 1941 2025 7759
4 7763 1985 2025 7759
5 2029 1945 5177 5265 1989
5 7764 7765 7766 7767 7768
4 7766 5177 5265 7767
4 7766 5177 1945 7765
4 7767 5265 1989 7768
4 7765 1945 2029 7764
4 7768 1989 2029 7764
5 2069 5379 7769 5297 2033
5 5501 7770 7771 7772 5500
4 7771 7769 5297 7772
4 5379 7769 7771 7770
4 2033 5297 7772 5500
4 2069 5379 7770 5501
4 5500 2033 2069 5501
5 2073 5382 7773 5300 2037
5 5505 7774 7775 7776 5504
4 7775 7773 5300 7776
4 5382 7773 7775 7774
4 2037 5300 7776 5504
4 2073 5382 7774 5505
4 5504 2037 2073 5505
5 2077 5385 7777 5303 2041
5 5509 7778 7779 7780 5508
4 7779 7777 5303 7780
4 5385 7777 7779 7778
4 2041 5303 7780 5508
4 2077 5385 7778 5509
4 5508 2041 2077 5509
5 2081 5388 7781 5306 2045
5 5513 7782 7783 7784 5512
4 7783 7781 5306 7784
4 5388 7781 7783 7782
4 2045 5306 7784 5512
4 2081 5388 7782 5513
4 5512 2045 2081 5513
5 2117 5467 7785 5309 2049
5 2118 5468 7786 7787 5516
4 7786 7785 5309 7787
4 5467 7785 7786 5468
4 2049 5309 7787 5516
4 2117 5467 5468 2118
4 5516 2049 2117 2118
5 2121 5470 7788 5312 2053
5 2122 5471 7789 7790 5519
4 7789 7788 5312 7790
4 5470 7788 7789 5471
4 2053 5312 7790 5519
4 2121 5470 5471 2122
4 5519 2053 2121 2122
5 2125 5473 7791 7792 5522
5 2126 5474 7793 7794 5523
4 7793 7791 7792 7794
4 5473 7791 7793 5474
4 5522 7792 7794 5523
4 2125 5473 5474 2126
4 2125 5522 5523 2126
5 2129 5476 7795 5315 2057
5 2130 5477 7796 7797 5526
4 7796 7795 5315 7797
4 5476 7795 7796 5477
4 2057 5315 7797 5526
4 2129 5476 5477 2130
4 5526 2057 2129 2130
5 2133 5479 7798 5318 2061
5 2134 5480 7799 7800 5529
4 7799 7798 5318 7800
4 5479 7798 7799 5480
4 2061 5318 7800 5529
4 2133 5479 5480 2134
4 5529 2061 2133 2134
5 2137 5482 7801 7802 5532
5 2138 5483 7803 7804 5533
4 7803 7801 7802 7804
4 5482 7801 7803 5483
4 5532 7802 7804 5533
4 2137 5482 5483 2138
4 2137 5532 5533 2138
5 2141 5485 7805 7806 5536
5 2142 5486 7807 7808 5537
4 7807 7805 7806 7808
4 5485 7805 7807 5486
4 5536 7806 7808 5537
4 2141 5485 5486 2142
4 2141 5536 5537 2142
5 2145 5488 7809 5321 2065
5 2146 5489 7810 7811 5540
4 7810 7809 5321 7811
4 5488 7809 7810 5489
4 2065 5321 7811 5540
4 2145 5488 5489 2146
4 5540 2065 2145 2146
5 2149 5491 7812 7813 5543
5 2150 5492 7814 7815 5544
4 7814 7812 7813 7815
4 5491 7812 7814 5492
4 5543 7813 7815 5544
4 2149 5491 5492 2150
4 2149 5543 5544 2150
5 2153 5494 7816 5412 2113
5 2154 5495 7817 5413 2114
4 5412 7816 7817 5413
4 5494 7816 7817 5495
4 2113 5412 5413 2114
4 2153 5494 5495 2154
4 2114 2113 2153 2154
5 2069 1993 1893 1949 2033
5 7818 7819 7820 7821 7822
4 7820 1893 1949 7821
4 7820 1893 1993 7819
4 7821 1949 2033 7822
4 7819 1993 2069 7818
4 7822 2033 2069 7818
5 2073 1997 1897 1953 2037
5 7823 7824 7825 7826 7827
4 7825 1897 1953 7826
4 7825 1897 1997 7824
4 7826 1953 2037 7827
4 7824 1997 2073 7823
4 7827 2037 2073 7823
5 2077 2001 5275 5358 2041
5 7828 7829 7830 7831 7832
4 7830 5275 5358 7831
4 7830 5275 2001 7829
4 7831 5358 2041 7832
4 7829 2001 2077 7828
4 7832 2041 2077 7828
5 2081 2005 5279 5362 2045
5 7833 7834 7835 7836 7837
4 7835 5279 5362 7836
4 7835 5279 2005 7834
4 7836 5362 2045 7837
4 7834 2005 2081 7833
4 7837 2045 2081 7833
5 2117 5467 7838 5391 2085
5 5580 7839 7840 7841 5579
4 7840 7838 5391 7841
4 5467 7838 7840 7839
4 2085 5391 7841 5579
4 2117 5467 7839 5580
4 5579 2085 2117 5580
5 2121 5470 7842 5394 2089
5 5584 7843 7844 7845 5583
4 7844 7842 5394 7845
4 5470 7842 7844 7843
4 2089 5394 7845 5583
4 2121 5470 7843 5584
4 5583 2089 2121 5584
5 2125 5473 7846 5397 2093
5 5588 7847 7848 7849 5587
4 7848 7846 5397 7849
4 5473 7846 7848 7847
4 2093 5397 7849 5587
4 2125 5473 7847 5588
4 5587 2093 2125 5588
5 2129 5476 7850 5400 2097
5 5592 7851 7852 7853 5591
4 7852 7850 5400 7853
4 5476 7850 7852 7851
4 2097 5400 7853 5591
4 2129 5476 7851 5592
4 5591 2097 2129 5592
5 2161 5549 7854 5403 2101
5 2162 5550 7855 7856 5595
4 7855 7854 5403 7856
4 5549 7854 7855 5550
4 2101 5403 7856 5595
4 2161 5549 5550 2162
4 5595 2101 2161 2162
5 2165 5552 7857 5406 2105
5 2166 5553 7858 7859 5598
4 7858 7857 5406 7859
4 5552 7857 7858 5553
4 2105 5406 7859 5598
4 2165 5552 5553 2166
4 5598 2105 2165 2166
5 2169 5555 7860 7861 5601
5 2170 5556 7862 7863 5602
4 7862 7860 7861 7863
4 5555 7860 7862 5556
4 5601 7861 7863 5602
4 2169 5555 5556 2170
4 2169 5601 5602 2170
5 2173 5558 7864 5409 2109
5 2174 5559 7865 7866 5605
4 7865 7864 5409 7866
4 5558 7864 7865 5559
4 2109 5409 7866 5605
4 2173 5558 5559 2174
4 5605 2109 2173 2174
5 2177 5561 7867 7868 5608
5 2178 5562 7869 7870 5609
4 7869 7867 7868 7870
4 5561 7867 7869 5562
4 5608 7868 7870 5609
4 2177 5561 5562 2178
4 2177 5608 5609 2178
5 2181 5564 7871 7872 5612
5 2182 5565 7873 7874 5613
4 7873 7871 7872 7874
4 5564 7871 7873 5565
4 5612 7872 7874 5613
4 2181 5564 5565 2182
4 2181 5612 5613 2182
5 2185 5567 7875 5412 2113
5 2186 5568 7876 7877 5616
4 7876 7875 5412 7877
4 5567 7875 7876 5568
4 2113 5412 7877 5616
4 2185 5567 5568 2186
4 5616 2113 2185 2186
5 2189 5570 7878 7879 5619
5 2190 5571 7880 7881 5620
4 7880 7878 7879 7881
4 5570 7878 7880 5571
4 5619 7879 7881 5620
4 2189 5570 5571 2190
4 2189 5619 5620 2190
5 2193 5573 7882 5497 2157
5 2194 5574 7883 5498 2158
4 5497 7882 7883 5498
4 5573 7882 7883 5574
4 2157 5497 5498 2158
4 2193 5573 5574 2194
4 2158 2157 2193 2194
5 2117 2049 1957 2009 2085
5 7884 7885 7886 7887 7888
4 7886 1957 2009 7887
4 7886 1957 2049 7885
4 7887 2009 2085 7888
4 7885 2049 2117 7884
4 7888 2085 2117 7884
5 2121 2053 5369 5446 2089
5 7889 7890 7891 7892 7893
4 7891 5369 5446 7892
4 7891 5369 2053 7890
4 7892 5446 2089 7893
4 7890 2053 2121 7889
4 7893 2089 2121 7889
5 2125 5522 7894 5450 2093
5 7895 7896 7897 7898 7899
4 7897 7894 5450 7898
4 5522 7894 7897 7896
4 7898 5450 2093 7899
4 7896 5522 2125 7895
4 7899 2093 2125 7895
5 2129 2057 5373 5454 2097
5 7900 7901 7902 7903 7904
4 7902 5373 5454 7903
4 7902 5373 2057 7901
4 7903 5454 2097 7904
4 7901 2057 2129 7900
4 7904 2097 2129 7900
5 2161 5549 7905 5479 2133
5 5653 7906 7907 7908 5652
4 7907 7905 5479 7908
4 5549 7905 7907 7906
4 2133 5479 7908 5652
4 2161 5549 7906 5653
4 5652 2133 2161 5653
5 2165 5552 7909 5482 2137
5 5657 7910 7911 7912 5656
4 7911 7909 5482 7912
4 5552 7909 7911 7910
4 2137 5482 7912 5656
4 2165 5552 7910 5657
4 5656 2137 2165 5657
5 2169 5555 7913 5485 2141
5 5661 7914 7915 7916 5660
4 7915 7913 5485 7916
4 5555 7913 7915 7914
4 2141 5485 7916 5660
4 2169 5555 7914 5661
4 5660 2141 2169 5661
5 2201 5625 7917 5488 2145
5 2202 5626 7918 7919 5664
4 7918 7917 5488 7919
4 5625 7917 7918 5626
4 2145 5488 7919 5664
4 2201 5625 5626 2202
4 5664 2145 2201 2202
5 2205 5628 7920 5491 2149
5 2206 5629 7921 7922 5667
4 7921 7920 5491 7922
4 5628 7920 7921 5629
4 2149 5491 7922 5667
4 2205 5628 5629 2206
4 5667 2149 2205 2206
5 2209 5631 7923 7924 5670
5 2210 5632 7925 7926 5671
4 7925 7923 7924 7926
4 5631 7923 7925 5632
4 5670 7924 7926 5671
4 2209 5631 5632 2210
4 2209 5670 5671 2210
5 2213 5634 7927 5494 2153
5 2214 5635 7928 7929 5674
4 7928 7927 5494 7929
4 5634 7927 7928 5635
4 2153 5494 7929 5674
4 2213 5634 5635 2214
4 5674 2153 2213 2214
5 2217 5637 7930 7931 5677
5 2218 5638 7932 7933 5678
4 7932 7930 7931 7933
4 5637 7930 7932 5638
4 5677 7931 7933 5678
4 2217 5637 5638 2218
4 2217 5677 5678 2218
5 2221 5640 7934 7935 5681
5 2222 5641 7936 7937 5682
4 7936 7934 7935 7937
4 5640 7934 7936 5641
4 5681 7935 7937 5682
4 2221 5640 5641 2222
4 2221 5681 5682 2222
5 2225 5643 7938 5497 2157
5 2226 5644 7939 7940 5685
4 7939 7938 5497 7940
4 5643 7938 7939 5644
4 2157 5497 7940 5685
4 2225 5643 5644 2226
4 5685 2157 2225 2226
5 2229 5646 7941 7942 5688
5 2230 5647 7943 7944 5689
4 7943 7941 7942 7944
4 5646 7941 7943 5647
4 5688 7942 7944 5689
4 2229 5646 5647 2230
4 2229 5688 5689 2230
5 2233 5649 7945 5576 2197
5 2234 5650 7946 5577 2198
4 5576 7945 7946 5577
4 5649 7945 7946 5650
4 2197 5576 5577 2198
4 2233 5649 5650 2234
4 2198 2197 2233 2234
5 2161 2101 2013 2061 2133
5 7947 7948 7949 7950 7951
4 7949 2013 2061 7950
4 7949 2013 2101 7948
4 7950 2061 2133 7951
4 7948 2101 2161 7947
4 7951 2133 2161 7947
5 2165 2105 5461 5532 2137
5 7952 7953 7954 7955 7956
4 7954 5461 5532 7955
4 7954 5461 2105 7953
4 7955 5532 2137 7956
4 7953 2105 2165 7952
4 7956 2137 2165 7952
5 2169 5601 7957 5536 2141
5 7958 7959 7960 7961 7962
4 7960 7957 5536 7961
4 5601 7957 7960 7959
4 7961 5536 2141 7962
4 7959 5601 2169 7958
4 7962 2141 2169 7958
5 2201 5625 7963 5558 2173
5 5719 7964 7965 7966 5718
4 7965 7963 5558 7966
4 5625 7963 7965 7964
4 2173 5558 7966 5718
4 2201 5625 7964 5719
4 5718 2173 2201 5719
5 2205 5628 7967 5561 2177
5 5723 7968 7969 7970 5722
4 7969 7967 5561 7970
4 5628 7967 7969 7968
4 2177 5561 7970 5722
4 2205 5628 7968 5723
4 5722 2177 2205 5723
5 2209 5631 7971 5564 2181
5 5727 7972 7973 7974 5726
4 7973 7971 5564 7974
4 5631 7971 7973 7972
4 2181 5564 7974 5726
4 2209 5631 7972 5727
4 5726 2181 2209 5727
5 2237 5694 7975 5567 2185
5 2238 5695 7976 7977 5730
4 7976 7975 5567 7977
4 5694 7975 7976 5695
4 2185 5567 7977 5730
4 2237 5694 5695 2238
4 5730 2185 2237 2238
5 2241 5697 7978 5570 2189
5 2242 5698 7979 7980 5733
4 7979 7978 5570 7980
4 5697 7978 7979 5698
4 2189 5570 7980 5733
4 2241 5697 5698 2242
4 5733 2189 2241 2242
5 2245 5700 7981 7982 5736
5 2246 5701 7983 7984 5737
4 7983 7981 7982 7984
4 5700 7981 7983 5701
4 5736 7982 7984 5737
4 2245 5700 5701 2246
4 2245 5736 5737 2246
5 2249 5703 7985 5573 2193
5 2250 5704 7986 7987 5740
4 7986 7985 5573 7987
4 5703 7985 7986 5704
4 2193 5573 7987 5740
4 2249 5703 5704 2250
4 5740 2193 2249 2250
5 2253 5706 7988 7989 5743
5 2254 5707 7990 7991 5744
4 7990 7988 7989 7991
4 5706 7988 7990 5707
4 5743 7989 7991 5744
4 2253 5706 5707 2254
4 2253 5743 5744 2254
5 2257 5709 7992 7993 5747
5 2258 5710 7994 7995 5748
4 7994 7992 7993 7995
4 5709 7992 7994 5710
4 5747 7993 7995 5748
4 2257 5709 5710 2258
4 2257 5747 5748 2258
5 2261 5712 7996 5576 2197
5 2262 5713 7997 7998 5751
4 7997 7996 5576 7998
4 5712 7996 7997 5713
4 2197 5576 7998 5751
4 2261 5712 5713 2262
4 5751 2197 2261 2262
5 2265 5715 7999 8000 5754
5 2266 5716 8001 8002 5755
4 8001 7999 8000 8002
4 5715 7999 8001 5716
4 5754 8000 8002 5755
4 2265 5715 5716 2266
4 2265 5754 5755 2266
5 2201 2145 2065 2109 2173
5 8003 8004 8005 8006 8007
4 8005 2065 2109 8006
4 8005 2065 2145 8004
4 8006 2109 2173 8007
4 8004 2145 2201 8003
4 8007 2173 2201 8003
5 2205 2149 5543 5608 2177
5 8008 8009 8010 8011 8012
4 8010 5543 5608 8011
4 8010 5543 2149 8009
4 8011 5608 2177 8012
4 8009 2149 2205 8008
4 8012 2177 2205 8008
5 2209 5670 8013 5612 2181
5 8014 8015 8016 8017 8018
4 8016 8013 5612 8017
4 5670 8013 8016 8015
4 8017 5612 2181 8018
4 8015 5670 2209 8014
4 8018 2181 2209 8014
5 2237 5694 8019 5634 2213
5 5780 8020 8021 8022 5779
4 8021 8019 5634 8022
4 5694 8019 8021 8020
4 2213 5634 8022 5779
4 2237 5694 8020 5780
4 5779 2213 2237 5780
5 2241 5697 8023 5637 2217
5 5784 8024 8025 8026 5783
4 8025 8023 5637 8026
4 5697 8023 8025 8024
4 2217 5637 8026 5783
4 2241 5697 8024 5784
4 5783 2217 2241 5784
5 2245 5700 8027 5640 2221
5 5788 8028 8029 8030 5787
4 8029 8027 5640 8030
4 5700 8027 8029 8028
4 2221 5640 8030 5787
4 2245 5700 8028 5788
4 5787 2221 2245 5788
5 2269 5758 8031 5643 2225
5 2270 5759 8032 8033 5791
4 8032 8031 5643 8033
4 5758 8031 8032 5759
4 2225 5643 8033 5791
4 2269 5758 5759 2270
4 5791 2225 2269 2270
5 2273 5761 8034 5646 2229
5 2274 5762 8035 8036 5794
4 8035 8034 5646 8036
4 5761 8034 8035 5762
4 2229 5646 8036 5794
4 2273 5761 5762 2274
4 5794 2229 2273 2274
5 2277 5764 8037 8038 5797
5 2278 5765 8039 8040 5798
4 8039 8037 8038 8040
4 5764 8037 8039 5765
4 5797 8038 8040 5798
4 2277 5764 5765 2278
4 2277 5797 5798 2278
5 2281 5767 8041 5649 2233
5 2282 5768 8042 8043 5801
4 8042 8041 5649 8043
4 5767 8041 8042 5768
4 2233 5649 8043 5801
4 2281 5767 5768 2282
4 5801 2233 2281 2282
5 2285 5770 8044 8045 5804
5 2286 5771 8046 8047 5805
4 8046 8044 8045 8047
4 5770 8044 8046 5771
4 5804 8045 8047 5805
4 2285 5770 5771 2286
4 2285 5804 5805 2286
5 2289 5773 8048 8049 5808
5 2290 5774 8050 8051 5809
4 8050 8048 8049 8051
4 5773 8048 8050 5774
4 5808 8049 8051 5809
4 2289 5773 5774 2290
4 2289 5808 5809 2290
5 2293 5776 8052 8053 5812
5 2294 5777 8054 8055 5813
4 8054 8052 8053 8055
4 5776 8052 8054 5777
4 5812 8053 8055 5813
4 2293 5776 5777 2294
4 2293 5812 5813 2294
5 2237 2185 2113 2153 2213
5 8056 8057 8058 8059 8060
4 8058 2113 2153 8059
4 8058 2113 2185 8057
4 8059 2153 2213 8060
4 8057 2185 2237 8056
4 8060 2213 2237 8056
5 2241 2189 5619 5677 2217
5 8061 8062 8063 8064 8065
4 8063 5619 5677 8064
4 8063 5619 2189 8062
4 8064 5677 2217 8065
4 8062 2189 2241 8061
4 8065 2217 2241 8061
5 2245 5736 8066 5681 2221
5 8067 8068 8069 8070 8071
4 8069 8066 5681 8070
4 5736 8066 8069 8068
4 8070 5681 2221 8071
4 8068 5736 2245 8067
4 8071 2221 2245 8067
5 2269 5758 8072 5703 2249
5 5835 8073 8074 8075 5834
4 8074 8072 5703 8075
4 5758 8072 8074 8073
4 2249 5703 8075 5834
4 2269 5758 8073 5835
4 5834 2249 2269 5835
5 2273 5761 8076 5706 2253
5 5839 8077 8078 8079 5838
4 8078 8076 5706 8079
4 5761 8076 8078 8077
4 2253 5706 8079 5838
4 2273 5761 8077 5839
4 5838 2253 2273 5839
5 2277 5764 8080 5709 2257
5 5843 8081 8082 8083 5842
4 8082 8080 5709 8083
4 5764 8080 8082 8081
4 2257 5709 8083 5842
4 2277 5764 8081 5843
4 5842 2257 2277 5843
5 2297 5816 8084 5712 2261
5 2298 5817 8085 8086 5846
4 8085 8084 5712 8086
4 5816 8084 8085 5817
4 2261 5712 8086 5846
4 2297 5816 5817 2298
4 5846 2261 2297 2298
5 2301 5819 8087 5715 2265
5 2302 5820 8088 8089 5849
4 8088 8087 5715 8089
4 5819 8087 8088 5820
4 2265 5715 8089 5849
4 2301 5819 5820 2302
4 5849 2265 2301 2302
5 2305 5822 8090 8091 5852
5 2306 5823 8092 8093 5853
4 8092 8090 8091 8093
4 5822 8090 8092 5823
4 5852 8091 8093 5853
4 2305 5822 5823 2306
4 2305 5852 5853 2306
5 2309 5825 8094 8095 5856
5 2310 5826 8096 8097 5857
4 8096 8094 8095 8097
4 5825 8094 8096 5826
4 5856 8095 8097 5857
4 2309 5825 5826 2310
4 2309 5856 5857 2310
5 2313 5828 8098 8099 5860
5 2314 5829 8100 8101 5861
4 8100 8098 8099 8101
4 5828 8098 8100 5829
4 5860 8099 8101 5861
4 2313 5828 5829 2314
4 2313 5860 5861 2314
5 2317 5831 8102 8103 5864
5 2318 5832 8104 8105 5865
4 8104 8102 8103 8105
4 5831 8102 8104 5832
4 5864 8103 8105 5865
4 2317 5831 5832 2318
4 2317 5864 5865 2318
5 2269 2225 2157 2193 2249
5 8106 8107 8108 8109 8110
4 8108 2157 2193 8109
4 8108 2157 2225 8107
4 8109 2193 2249 8110
4 8107 2225 2269 8106
4 8110 2249 2269 8106
5 2273 2229 5688 5743 2253
5 8111 8112 8113 8114 8115
4 8113 5688 5743 8114
4 8113 5688 2229 8112
4 8114 5743 2253 8115
4 8112 2229 2273 8111
4 8115 2253 2273 8111
5 2277 5797 8116 5747 2257
5 8117 8118 8119 8120 8121
4 8119 8116 5747 8120
4 5797 8116 8119 8118
4 8120 5747 2257 8121
4 8118 5797 2277 8117
4 8121 2257 2277 8117
5 2297 5816 8122 5767 2281
5 5884 8123 8124 8125 5883
4 8124 8122 5767 8125
4 5816 8122 8124 8123
4 2281 5767 8125 5883
4 2297 5816 8123 5884
4 5883 2281 2297 5884
5 2301 5819 8126 5770 2285
5 5888 8127 8128 8129 5887
4 8128 8126 5770 8129
4 5819 8126 8128 8127
4 2285 5770 8129 5887
4 2301 5819 8127 5888
4 5887 2285 2301 5888
5 2305 5822 8130 5773 2289
5 5892 8131 8132 8133 5891
4 8132 8130 5773 8133
4 5822 8130 8132 8131
4 2289 5773 8133 5891
4 2305 5822 8131 5892
4 5891 2289 2305 5892
5 2321 5868 8134 5776 2293
5 2322 5869 8135 8136 5895
4 8135 8134 5776 8136
4 5868 8134 8135 5869
4 2293 5776 8136 5895
4 2321 5868 5869 2322
4 5895 2293 2321 2322
5 2325 5871 8137 8138 5898
5 2326 5872 8139 8140 5899
4 8139 8137 8138 8140
4 5871 8137 8139 5872
4 5898 8138 8140 5899
4 2325 5871 5872 2326
4 2325 5898 5899 2326
5 2329 5874 8141 8142 5902
5 2330 5875 8143 8144 5903
4 8143 8141 8142 8144
4 5874 8141 8143 5875
4 5902 8142 8144 5903
4 2329 5874 5875 2330
4 2329 5902 5903 2330
5 2333 5877 8145 8146 5906
5 2334 5878 8147 8148 5907
4 8147 8145 8146 8148
4 5877 8145 8147 5878
4 5906 8146 8148 5907
4 2333 5877 5878 2334
4 2333 5906 5907 2334
5 2337 5880 8149 8150 5910
5 2338 5881 8151 8152 5911
4 8151 8149 8150 8152
4 5880 8149 8151 5881
4 5910 8150 8152 5911
4 2337 5880 5881 2338
4 2337 5910 5911 2338
5 2297 2261 2197 2233 2281
5 8153 8154 8155 8156 8157
4 8155 2197 2233 8156
4 8155 2197 2261 8154
4 8156 2233 2281 8157
4 8154 2261 2297 8153
4 8157 2281 2297 8153
5 2301 2265 5754 5804 2285
5 8158 8159 8160 8161 8162
4 8160 5754 5804 8161
4 8160 5754 2265 8159
4 8161 5804 2285 8162
4 8159 2265 2301 8158
4 8162 2285 2301 8158
5 2305 5852 8163 5808 2289
5 8164 8165 8166 8167 8168
4 8166 8163 5808 8167
4 5852 8163 8166 8165
4 8167 5808 2289 8168
4 8165 5852 2305 8164
4 8168 2289 2305 8164
5 2321 5868 8169 5825 2309
5 5927 8170 8171 8172 5926
4 8171 8169 5825 8172
4 5868 8169 8171 8170
4 2309 5825 8172 5926
4 2321 5868 8170 5927
4 5926 2309 2321 5927
5 2325 5871 8173 5828 2313
5 5931 8174 8175 8176 5930
4 8175 8173 5828 8176
4 5871 8173 8175 8174
4 2313 5828 8176 5930
4 2325 5871 8174 5931
4 5930 2313 2325 5931
5 2329 5874 8177 5831 2317
5 5935 8178 8179 8180 5934
4 8179 8177 5831 8180
4 5874 8177 8179 8178
4 2317 5831 8180 5934
4 2329 5874 8178 5935
4 5934 2317 2329 5935
5 2341 5914 8181 8182 5938
5 2342 5915 8183 8184 5939
4 8183 8181 8182 8184
4 5914 8181 8183 5915
4 5938 8182 8184 5939
4 2341 5914 5915 2342
4 2341 5938 5939 2342
5 2345 5917 8185 8186 5942
5 2346 5918 8187 8188 5943
4 8187 8185 8186 8188
4 5917 8185 8187 5918
4 5942 8186 8188 5943
4 2345 5917 5918 2346
4 2345 5942 5943 2346
5 2349 5920 8189 8190 5946
5 2350 5921 8191 8192 5947
4 8191 8189 8190 8192
4 5920 8189 8191 5921
4 5946 8190 8192 5947
4 2349 5920 5921 2350
4 2349 5946 5947 2350
5 2353 5923 8193 8194 5950
5 2354 5924 8195 8196 5951
4 8195 8193 8194 8196
4 5923 8193 8195 5924
4 5950 8194 8196 5951
4 2353 5923 5924 2354
4 2353 5950 5951 2354
5 2321 2293 5812 5856 2309
5 8197 8198 8199 8200 8201
4 8199 5812 5856 8200
4 8199 5812 2293 8198
4 8200 5856 2309 8201
4 8198 2293 2321 8197
4 8201 2309 2321 8197
5 2325 5898 8202 5860 2313
5 8203 8204 8205 8206 8207
4 8205 8202 5860 8206
4 5898 8202 8205 8204
4 8206 5860 2313 8207
4 8204 5898 2325 8203
4 8207 2313 2325 8203
5 2329 5902 8208 5864 2317
5 8209 8210 8211 8212 8213
4 8211 8208 5864 8212
4 5902 8208 8211 8210
4 8212 5864 2317 8213
4 8210 5902 2329 8209
4 8213 2317 2329 8209
5 2341 5914 8214 5877 2333
5 5964 8215 8216 8217 5963
4 8216 8214 5877 8217
4 5914 8214 8216 8215
4 2333 5877 8217 5963
4 2341 5914 8215 5964
4 5963 2333 2341 5964
5 2345 5917 8218 5880 2337
5 5968 8219 8220 8221 5967
4 8220 8218 5880 8221
4 5917 8218 8220 8219
4 2337 5880 8221 5967
4 2345 5917 8219 5968
4 5967 2337 2345 5968
5 2357 5954 8222 8223 5971
5 2358 5955 8224 8225 5972
4 8224 8222 8223 8225
4 5954 8222 8224 5955
4 5971 8223 8225 5972
4 2357 5954 5955 2358
4 2357 5971 5972 2358
5 2361 5957 8226 8227 5975
5 2362 5958 8228 8229 5976
4 8228 8226 8227 8229
4 5957 8226 8228 5958
4 5975 8227 8229 5976
4 2361 5957 5958 2362
4 2361 5975 5976 2362
5 2365 5960 8230 8231 5979
5 2366 5961 8232 8233 5980
4 8232 8230 8231 8233
4 5960 8230 8232 5961
4 5979 8231 8233 5980
4 2365 5960 5961 2366
4 2365 5979 5980 2366
5 2341 5938 8234 5906 2333
5 8235 8236 8237 8238 8239
4 8237 8234 5906 8238
4 5938 8234 8237 8236
4 8238 5906 2333 8239
4 8236 5938 2341 8235
4 8239 2333 2341 8235
5 2345 5942 8240 5910 2337
5 8241 8242 8243 8244 8245
4 8243 8240 5910 8244
4 5942 8240 8243 8242
4 8244 5910 2337 8245
4 8242 5942 2345 8241
4 8245 2337 2345 8241
5 2357 5954 8246 5920 2349
5 5993 8247 8248 8249 5992
4 8248 8246 5920 8249
4 5954 8246 8248 8247
4 2349 5920 8249 5992
4 2357 5954 8247 5993
4 5992 2349 2357 5993
5 2361 5957 8250 5923 2353
5 5997 8251 8252 8253 5996
4 8252 8250 5923 8253
4 5957 8250 8252 8251
4 2353 5923 8253 5996
4 2361 5957 8251 5997
4 5996 2353 2361 5997
5 2369 5983 8254 8255 6000
5 2370 5984 8256 8257 6001
4 8256 8254 8255 8257
4 5983 8254 8256 5984
4 6000 8255 8257 6001
4 2369 5983 5984 2370
4 2369 6000 6001 2370
5 2373 5986 8258 8259 6004
5 2374 5987 8260 8261 6005
4 8260 8258 8259 8261
4 5986 8258 8260 5987
4 6004 8259 8261 6005
4 2373 5986 5987 2374
4 2373 6004 6005 2374
5 2377 5989 8262 8263 6008
5 2378 5990 8264 8265 6009
4 8264 8262 8263 8265
4 5989 8262 8264 5990
4 6008 8263 8265 6009
4 2377 5989 5990 2378
4 2377 6008 6009 2378
5 2357 5971 8266 5946 2349
5 8267 8268 8269 8270 8271
4 8269 8266 5946 8270
4 5971 8266 8269 8268
4 8270 5946 2349 8271
4 8268 5971 2357 8267
4 8271 2349 2357 8267
5 2361 5975 8272 5950 2353
5 8273 8274 8275 8276 8277
4 8275 8272 5950 8276
4 5975 8272 8275 8274
4 8276 5950 2353 8277
4 8274 5975 2361 8273
4 8277 2353 2361 8273
5 2369 5983 8278 5960 2365
5 6019 8279 8280 8281 6018
4 8280 8278 5960 8281
4 5983 8278 8280 8279
4 2365 5960 8281 6018
4 2369 5983 8279 6019
4 6018 2365 2369 6019
5 2373 5986 8282 8283 6023
5 6024 8284 8285 8286 6022
4 8285 8282 8283 8286
4 5986 8282 8285 8284
4 6023 8283 8286 6022
4 2373 5986 8284 6024
4 6022 6023 2373 6024
5 2381 6012 8287 8288 6027
5 2382 6013 8289 8290 6028
4 8289 8287 8288 8290
4 6012 8287 8289 6013
4 6027 8288 8290 6028
4 2381 6012 6013 2382
4 2381 6027 6028 2382
5 2385 6015 8291 8292 6031
5 2386 6016 8293 8294 6032
4 8293 8291 8292 8294
4 6015 8291 8293 6016
4 6031 8292 8294 6032
4 2385 6015 6016 2386
4 2385 6031 6032 2386
5 2369 6000 8295 5979 2365
5 8296 8297 8298 8299 8300
4 8298 8295 5979 8299
4 6000 8295 8298 8297
4 8299 5979 2365 8300
4 8297 6000 2369 8296
4 8300 2365 2369 8296
5 2373 6004 8301 8302 6023
5 8303 8304 8305 8306 8307
4 8305 8301 8302 8306
4 6004 8301 8305 8304
4 6023 8302 8306 8307
4 8304 6004 2373 8303
4 8307 6023 2373 8303
5 2381 6012 8308 8309 6039
5 6040 8310 8311 8312 6038
4 8311 8308 8309 8312
4 6012 8308 8311 8310
4 6039 8309 8312 6038
4 2381 6012 8310 6040
4 6038 6039 2381 6040
5 2385 6015 8313 5989 2377
5 6044 8314 8315 8316 6043
4 8315 8313 5989 8316
4 6015 8313 8315 8314
4 2377 5989 8316 6043
4 2385 6015 8314 6044
4 6043 2377 2385 6044
5 2389 6035 8317 8318 6047
5 2390 6036 8319 8320 6048
4 8319 8317 8318 8320
4 6035 8317 8319 6036
4 6047 8318 8320 6048
4 2389 6035 6036 2390
4 2389 6047 6048 2390
5 2381 6027 8321 8322 6039
5 8323 8324 8325 8326 8327
4 8325 8321 8322 8326
4 6027 8321 8325 8324
4 6039 8322 8326 8327
4 8324 6027 2381 8323
4 8327 6039 2381 8323
5 2385 6031 8328 6008 2377
5 8329 8330 8331 8332 8333
4 8331 8328 6008 8332
4 6031 8328 8331 8330
4 8332 6008 2377 8333
4 8330 6031 2385 8329
4 8333 2377 2385 8329
5 2389 6035 8334 8335 6055
5 6056 8336 8337 8338 6054
4 8337 8334 8335 8338
4 6035 8334 8337 8336
4 6055 8335 8338 6054
4 2389 6035 8336 6056
4 6054 6055 2389 6056
5 2393 6051 8339 8340 6059
5 2394 6052 8341 8342 6060
4 8341 8339 8340 8342
4 6051 8339 8341 6052
4 6059 8340 8342 6060
4 2393 6051 6052 2394
4 2393 6059 6060 2394
5 2389 6047 8343 8344 6055
5 8345 8346 8347 8348 8349
4 8347 8343 8344 8348
4 6047 8343 8347 8346
4 6055 8344 8348 8349
4 8346 6047 2389 8345
4 8349 6055 2389 8345
5 2393 6051 8350 8351 6067
5 6068 8352 8353 8354 6066
4 8353 8350 8351 8354
4 6051 8350 8353 8352
4 6067 8351 8354 6066
4 2393 6051 8352 6068
4 6066 6067 2393 6068
5 2397 6063 8355 8356 6071
5 2398 6064 8357 8358 6072
4 8357 8355 8356 8358
4 6063 8355 8357 6064
4 6071 8356 8358 6072
4 2397 6063 6064 2398
4 2397 6071 6072 2398
5 2393 6059 8359 8360 6067
5 8361 8362 8363 8364 8365
4 8363 8359 8360 8364
4 6059 8359 8363 8362
4 6067 8360 8364 8365
4 8362 6059 2393 8361
4 8365 6067 2393 8361
5 2397 6063 8366 8367 6076
5 6077 8368 8369 8370 6075
4 8369 8366 8367 8370
4 6063 8366 8369 8368
4 6076 8367 8370 6075
4 2397 6063 8368 6077
4 6075 6076 2397 6077
5 2397 6071 8371 8372 6076
5 8373 8374 8375 8376 8377
4 8375 8371 8372 8376
4 6071 8371 8375 8374
4 6076 8372 8376 8377
4 8374 6071 2397 8373
4 8377 6076 2397 8373
5 6082 8378 8379 8380 6081
5 6083 8381 8382 8383 6080
4 8382 8379 8380 8383
4 8378 8379 8382 8381
4 6081 8380 8383 6080
4 6082 8378 8381 6083
4 6080 6081 6082 6083
5 6082 8384 8385 8386 6081
5 8387 8388 8389 8390 8391
4 8389 8385 8386 8390
4 8384 8385 8389 8388
4 6081 8386 8390 8391
4 6082 8384 8388 8387
4 8391 6081 6082 8387
5 8392 8393 8394 8395 8396
5 8397 8398 8399 8400 8401
4 8399 8394 8395 8400
4 8393 8394 8399 8398
4 8396 8395 8400 8401
4 8392 8393 8398 8397
4 8401 8396 8392 8397
5 21 2400 1 5 2404
5 2451 6086 1 5 6088
5 2469 6086 1 2400 6093
5 2495 6088 5 2404 6101
5 2530 6093 2400 21 6112
5 2571 6101 2404 21 6112
5 109 2469 6086 2451 93
5 133 2495 6088 2451 93
5 165 2530 6093 2469 109
5 201 2571 6101 2495 133
5 201 2571 6112 2530 165
5 201 133 93 109 165
5 22 2401 2 6 2403
5 2478 6091 2 6 6096
5 2501 6091 2 2401 6104
5 2533 6096 6 2403 6116
5 2574 6104 2401 22 6132
5 2618 6116 2403 22 6132
5 141 2501 6091 2478 121
5 169 2533 6096 2478 121
5 205 2574 6104 2501 141
5 241 2618 6116 2533 169
5 241 2618 6132 2574 205
5 241 169 121 141 205
5 34 2408 0 4 2410
5 2510 6099 0 4 6107
5 2539 6099 0 2408 6119
5 2577 6107 4 2410 6136
5 2621 6119 2408 34 6152
5 2669 6136 2410 34 6152
5 177 2539 6099 2510 153
5 209 2577 6107 2510 153
5 245 2621 6119 2539 177
5 285 2669 6136 2577 209
5 285 2669 6152 2621 245
5 285 209 153 177 245
5 46 2415 3 8 2420
5 2548 6110 3 8 6122
5 2583 6110 3 2415 6139
5 2624 6122 8 2420 6156
5 2672 6139 2415 46 6174
5 2730 6156 2420 46 6174
5 217 2583 6110 2548 189
5 249 2624 6122 2548 189
5 289 2672 6139 2583 217
5 333 2730 6156 2624 249
5 333 2730 6174 2672 289
5 333 249 189 217 289
5 62 2429 7 12 2434
5 2592 6125 7 12 6142
5 2630 6125 7 2429 6159
5 2675 6142 12 2434 6178
5 2733 6159 2429 62 6199
5 2796 6178 2434 62 6199
5 257 2630 6125 2592 229
5 293 2675 6142 2592 229
5 337 2733 6159 2630 257
5 385 2796 6178 2675 293
5 385 2796 6199 2733 337
5 385 293 229 257 337
5 82 2443 2402 20 2454
5 2639 6145 2402 20 6162
5 2681 6145 2402 2443 6181
5 2736 6162 20 2454 6203
5 2799 6181 2443 82 6227
5 2868 6203 2454 82 6227
5 301 2681 6145 2639 269
5 341 2736 6162 2639 269
5 389 2799 6181 2681 301
5 441 2868 6203 2736 341
5 441 2868 6227 2799 389
5 441 341 269 301 389
5 106 2467 2405 2406 2481
5 2693 6165 2405 2406 6184
5 2745 6165 2405 2467 6206
5 2802 6184 2406 2481 6231
5 2871 6206 2467 106 6258
5 2946 6231 2481 106 6258
5 353 2745 6165 2693 317
5 393 2802 6184 2693 317
5 445 2871 6206 2745 353
5 501 2946 6231 2802 393
5 501 2946 6258 2871 445
5 501 393 317 353 445
5 110 2470 6087 2452 94
5 2696 6167 6087 2452 6187
5 2748 6167 6087 2470 6209
5 2805 6187 2452 94 6234
5 2874 6209 2470 110 6262
5 2949 6234 94 110 6262
5 357 2748 6167 2696 321
5 397 2805 6187 2696 321
5 449 2874 6209 2748 357
5 505 2949 6234 2805 397
5 505 2949 6262 2874 449
5 505 397 321 357 449
5 134 2496 6089 6090 2513
5 2757 6190 6089 6090 6212
5 2814 6190 6089 2496 6237
5 2877 6212 6090 2513 6266
5 2952 6237 2496 134 6300
5 3033 6266 2513 134 6300
5 409 2814 6190 2757 369
5 453 2877 6212 2757 369
5 509 2952 6237 2814 409
5 565 3033 6266 2877 453
5 565 3033 6300 2952 509
5 565 453 369 409 509
5 142 2502 6092 2479 122
5 2760 6192 6092 2479 6215
5 2817 6192 6092 2502 6240
5 2880 6215 2479 122 6269
5 2955 6240 2502 142 6304
5 3036 6269 122 142 6304
5 413 2817 6192 2760 373
5 457 2880 6215 2760 373
5 513 2955 6240 2817 413
5 569 3036 6269 2880 457
5 569 3036 6304 2955 513
5 569 457 373 413 513
5 166 2531 6094 6095 2551
5 2826 6218 6094 6095 6243
5 2889 6218 6094 2531 6272
5 2958 6243 6095 2551 6308
5 3039 6272 2531 166 6345
5 3129 6308 2551 166 6345
5 469 2889 6218 2826 425
5 517 2958 6243 2826 425
5 573 3039 6272 2889 469
5 633 3129 6308 2958 517
5 633 3129 6345 3039 573
5 633 517 425 469 573
5 170 2534 6097 6098 2554
5 2829 6220 6097 6098 6246
5 2892 6220 6097 2534 6275
5 2961 6246 6098 2554 6311
5 3042 6275 2534 170 6349
5 3132 6311 2554 170 6349
5 473 2892 6220 2829 429
5 521 2961 6246 2829 429
5 577 3042 6275 2892 473
5 637 3132 6311 2961 521
5 637 3132 6349 3042 577
5 637 521 429 473 577
5 202 2572 6102 6103 2595
5 2901 6249 6102 6103 6278
5 2970 6249 6102 2572 6314
5 3045 6278 6103 2595 6353
5 3135 6314 2572 202 6393
5 3224 6353 2595 202 6393
5 533 2970 6249 2901 485
5 581 3045 6278 2901 485
5 641 3135 6314 2970 533
5 701 3224 6353 3045 581
5 701 3224 6393 3135 641
5 701 581 485 533 641
5 206 2575 6105 6106 2598
5 2904 6251 6105 6106 6281
5 2973 6251 6105 2575 6317
5 3048 6281 6106 2598 6356
5 3138 6317 2575 206 6397
5 3227 6356 2598 206 6397
5 537 2973 6251 2904 489
5 585 3048 6281 2904 489
5 645 3138 6317 2973 537
5 705 3227 6356 3048 585
5 705 3227 6397 3138 645
5 705 585 489 537 645
5 2643 6113 6114 6115 2642
5 2982 6284 6114 6115 6320
5 3060 6284 6114 6113 6359
5 3141 6320 6115 2642 6401
5 3230 6359 6113 2643 6444
5 3325 6401 2642 2643 6444
5 601 3060 6284 2982 549
5 649 3141 6320 2982 549
5 709 3230 6359 3060 601
5 773 3325 6401 3141 649
5 773 3325 6444 3230 709
5 773 649 549 601 709
5 242 2619 6117 6118 2646
5 2985 6286 6117 6118 6323
5 3063 6286 6117 2619 6362
5 3144 6323 6118 2646 6404
5 3233 6362 2619 242 6448
5 3328 6404 2646 242 6448
5 605 3063 6286 2985 553
5 653 3144 6323 2985 553
5 713 3233 6362 3063 605
5 777 3328 6404 3144 653
5 777 3328 6448 3233 713
5 777 653 553 605 713
5 246 2622 6120 6121 2649
5 2988 6288 6120 6121 6326
5 3066 6288 6120 2622 6365
5 3147 6326 6121 2649 6407
5 3236 6365 2622 246 6452
5 3331 6407 2649 246 6452
5 609 3066 6288 2988 557
5 657 3147 6326 2988 557
5 717 3236 6365 3066 609
5 781 3331 6407 3147 657
5 781 3331 6452 3236 717
5 781 657 557 609 717
5 6127 6128 6129 6130 6131
5 3072 6329 6129 6130 6368
5 3156 6329 6129 6128 6410
5 3239 6368 6130 6131 6456
5 3334 6410 6128 6127 6504
5 3432 6456 6131 6127 6504
5 669 3156 6329 3072 617
5 721 3239 6368 3072 617
5 785 3334 6410 3156 669
5 849 3432 6456 3239 721
5 849 3432 6504 3334 785
5 849 721 617 669 785
5 2700 6133 6134 6135 2699
5 3075 6331 6134 6135 6371
5 3159 6331 6134 6133 6413
5 3242 6371 6135 2699 6459
5 3337 6413 6133 2700 6508
5 3435 6459 2699 2700 6508
5 673 3159 6331 3075 621
5 725 3242 6371 3075 621
5 789 3337 6413 3159 673
5 853 3435 6459 3242 725
5 853 3435 6508 3337 789
5 853 725 621 673 789
5 286 2670 6137 6138 2703
5 3078 6333 6137 6138 6374
5 3162 6333 6137 2670 6416
5 3245 6374 6138 2703 6462
5 3340 6416 2670 286 6512
5 3438 6462 2703 286 6512
5 677 3162 6333 3078 625
5 729 3245 6374 3078 625
5 793 3340 6416 3162 677
5 857 3438 6462 3245 729
5 857 3438 6512 3340 793
5 857 729 625 677 793
5 6147 6148 6149 6150 6151
5 3168 6377 6149 6150 6419
5 3254 6377 6149 6148 6465
5 3343 6419 6150 6151 6516
5 3441 6465 6148 6147 6564
5 3543 6516 6151 6147 6564
5 741 3254 6377 3168 685
5 797 3343 6419 3168 685
5 861 3441 6465 3254 741
5 925 3543 6516 3343 797
5 925 3543 6564 3441 861
5 925 797 685 741 861
5 2764 6153 6154 6155 2763
5 3171 6379 6154 6155 6422
5 3257 6379 6154 6153 6468
5 3346 6422 6155 2763 6519
5 3444 6468 6153 2764 6568
5 3546 6519 2763 2764 6568
5 745 3257 6379 3171 689
5 801 3346 6422 3171 689
5 865 3444 6468 3257 745
5 929 3546 6519 3346 801
5 929 3546 6568 3444 865
5 929 801 689 745 865
5 334 2731 6157 6158 2767
5 3174 6381 6157 6158 6425
5 3260 6381 6157 2731 6471
5 3349 6425 6158 2767 6522
5 3447 6471 2731 334 6572
5 3549 6522 2767 334 6572
5 749 3260 6381 3174 693
5 805 3349 6425 3174 693
5 869 3447 6471 3260 749
5 933 3549 6522 3349 805
5 933 3549 6572 3447 869
5 933 805 693 749 869
5 6169 6170 6171 6172 6173
5 3266 6428 6171 6172 6474
5 3358 6428 6171 6170 6525
5 3450 6474 6172 6173 6576
5 3552 6525 6170 6169 6626
5 3657 6576 6173 6169 6626
5 817 3358 6428 3266 757
5 873 3450 6474 3266 757
5 937 3552 6525 3358 817
5 1001 3657 6576 3450 873
5 1001 3657 6626 3552 937
5 1001 873 757 817 937
5 2833 6175 6176 6177 2832
5 3269 6430 6176 6177 6477
5 3361 6430 6176 6175 6528
5 3453 6477 6177 2832 6579
5 3555 6528 6175 2833 6630
5 3660 6579 2832 2833 6630
5 821 3361 6430 3269 761
5 877 3453 6477 3269 761
5 941 3555 6528 3361 821
5 1005 3660 6579 3453 877
5 1005 3660 6630 3555 941
5 1005 877 761 821 941
5 386 2797 6179 6180 2836
5 3272 6432 6179 6180 6480
5 3364 6432 6179 2797 6531
5 3456 6480 6180 2836 6582
5 3558 6531 2797 386 6634
5 3663 6582 2836 386 6634
5 825 3364 6432 3272 765
5 881 3456 6480 3272 765
5 945 3558 6531 3364 825
5 1009 3663 6582 3456 881
5 1009 3663 6634 3558 945
5 1009 881 765 825 945
5 6194 6195 6196 6197 6198
5 3370 6483 6196 6197 6534
5 3465 6483 6196 6195 6585
5 3561 6534 6197 6198 6638
5 3666 6585 6195 6194 6691
5 3776 6638 6198 6194 6691
5 893 3465 6483 3370 833
5 949 3561 6534 3370 833
5 1013 3666 6585 3465 893
5 1081 3776 6638 3561 949
5 1081 3776 6691 3666 1013
5 1081 949 833 893 1013
5 2908 6200 6201 6202 2907
5 3373 6485 6201 6202 6537
5 3468 6485 6201 6200 6588
5 3564 6537 6202 2907 6641
5 3669 6588 6200 2908 6695
5 3779 6641 2907 2908 6695
5 897 3468 6485 3373 837
5 953 3564 6537 3373 837
5 1017 3669 6588 3468 897
5 1085 3779 6641 3564 953
5 1085 3779 6695 3669 1017
5 1085 953 837 897 1017
5 442 2869 6204 6205 2911
5 3376 6487 6204 6205 6540
5 3471 6487 6204 2869 6591
5 3567 6540 6205 2911 6644
5 3672 6591 2869 442 6699
5 3782 6644 2911 442 6699
5 901 3471 6487 3376 841
5 957 3567 6540 3376 841
5 1021 3672 6591 3471 901
5 1089 3782 6644 3567 957
5 1089 3782 6699 3672 1021
5 1089 957 841 901 1021
5 6222 6223 6224 6225 6226
5 3477 6543 6224 6225 6594
5 3576 6543 6224 6223 6647
5 3675 6594 6225 6226 6703
5 3785 6647 6223 6222 6759
5 3894 6703 6226 6222 6759
5 969 3576 6543 3477 909
5 1025 3675 6594 3477 909
5 1093 3785 6647 3576 969
5 1161 3894 6703 3675 1025
5 1161 3894 6759 3785 1093
5 1161 1025 909 969 1093
5 2992 6228 6229 6230 2991
5 3480 6545 6229 6230 6597
5 3579 6545 6229 6228 6650
5 3678 6597 6230 2991 6706
5 3788 6650 6228 2992 6763
5 3897 6706 2991 2992 6763
5 973 3579 6545 3480 913
5 1029 3678 6597 3480 913
5 1097 3788 6650 3579 973
5 1165 3897 6706 3678 1029
5 1165 3897 6763 3788 1097
5 1165 1029 913 973 1097
5 506 2950 6235 6236 2998
5 3483 6547 6235 6236 6600
5 3582 6547 6235 2950 6653
5 3681 6600 6236 2998 6709
5 3791 6653 2950 506 6767
5 3900 6709 2998 506 6767
5 977 3582 6547 3483 917
5 1033 3681 6600 3483 917
5 1101 3791 6653 3582 977
5 1169 3900 6709 3681 1033
5 1169 3900 6767 3791 1101
5 1169 1033 917 977 1101
5 6253 6254 6255 6256 6257
5 3588 6603 6255 6256 6656
5 3693 6603 6255 6254 6712
5 3794 6656 6256 6257 6771
5 3903 6712 6254 6253 6828
5 4015 6771 6257 6253 6828
5 1049 3693 6603 3588 985
5 1105 3794 6656 3588 985
5 1173 3903 6712 3693 1049
5 1241 4015 6771 3794 1105
5 1241 4015 6828 3903 1173
5 1241 1105 985 1049 1173
5 3082 6259 6260 6261 3081
5 3591 6605 6260 6261 6659
5 3696 6605 6260 6259 6715
5 3797 6659 6261 3081 6774
5 3906 6715 6259 3082 6832
5 4018 6774 3081 3082 6832
5 1053 3696 6605 3591 989
5 1109 3797 6659 3591 989
5 1177 3906 6715 3696 1053
5 1245 4018 6774 3797 1109
5 1245 4018 6832 3906 1177
5 1245 1109 989 1053 1177
5 3086 6263 6264 6265 3085
5 3594 6607 6264 6265 6662
5 3699 6607 6264 6263 6718
5 3800 6662 6265 3085 6777
5 3909 6718 6263 3086 6836
5 4021 6777 3085 3086 6836
5 1057 3699 6607 3594 993
5 1113 3800 6662 3594 993
5 1181 3909 6718 3699 1057
5 1249 4021 6777 3800 1113
5 1249 4021 6836 3909 1181
5 1249 1113 993 1057 1181
5 570 3037 6270 6271 3092
5 3597 6609 6270 6271 6665
5 3702 6609 6270 3037 6721
5 3803 6665 6271 3092 6780
5 3912 6721 3037 570 6840
5 4024 6780 3092 570 6840
5 1061 3702 6609 3597 997
5 1117 3803 6665 3597 997
5 1185 3912 6721 3702 1061
5 1253 4024 6780 3803 1117
5 1253 4024 6840 3912 1185
5 1253 1117 997 1061 1185
5 6290 6291 6292 6293 6294
5 3705 6668 6292 6293 6724
5 3812 6668 6292 6291 6783
5 3915 6724 6293 6294 6844
5 4027 6783 6291 6290 6907
5 4137 6844 6294 6290 6907
5 1129 3812 6668 3705 1065
5 1189 3915 6724 3705 1065
5 1257 4027 6783 3812 1129
5 1321 4137 6844 3915 1189
5 1321 4137 6907 4027 1257
5 1321 1189 1065 1129 1257
5 6295 6296 6297 6298 6299
5 3708 6670 6297 6298 6727
5 3815 6670 6297 6296 6786
5 3918 6727 6298 6299 6847
5 4030 6786 6296 6295 6911
5 4140 6847 6299 6295 6911
5 1133 3815 6670 3708 1069
5 1193 3918 6727 3708 1069
5 1261 4030 6786 3815 1133
5 1325 4140 6847 3918 1193
5 1325 4140 6911 4030 1261
5 1325 1193 1069 1133 1261
5 3178 6301 6302 6303 3177
5 3711 6672 6302 6303 6730
5 3818 6672 6302 6301 6789
5 3921 6730 6303 3177 6850
5 4033 6789 6301 3178 6915
5 4143 6850 3177 3178 6915
5 1137 3818 6672 3711 1073
5 1197 3921 6730 3711 1073
5 1265 4033 6789 3818 1137
5 1329 4143 6850 3921 1197
5 1329 4143 6915 4033 1265
5 1329 1197 1073 1137 1265
5 3182 6305 6306 6307 3181
5 3714 6674 6306 6307 6733
5 3821 6674 6306 6305 6792
5 3924 6733 6307 3181 6853
5 4036 6792 6305 3182 6919
5 4146 6853 3181 3182 6919
5 1141 3821 6674 3714 1077
5 1201 3924 6733 3714 1077
5 1269 4036 6792 3821 1141
5 1333 4146 6853 3924 1201
5 1333 4146 6919 4036 1269
5 1333 1201 1077 1141 1269
5 6335 6336 6337 6338 6339
5 3824 6736 6337 6338 6795
5 3933 6736 6337 6336 6856
5 4039 6795 6338 6339 6923
5 4149 6856 6336 6335 6987
5 4264 6923 6339 6335 6987
5 1213 3933 6736 3824 1145
5 1273 4039 6795 3824 1145
5 1337 4149 6856 3933 1213
5 1401 4264 6923 4039 1273
5 1401 4264 6987 4149 1337
5 1401 1273 1145 1213 1337
5 6340 6341 6342 6343 6344
5 3827 6738 6342 6343 6798
5 3936 6738 6342 6341 6859
5 4042 6798 6343 6344 6926
5 4152 6859 6341 6340 6991
5 4267 6926 6344 6340 6991
5 1217 3936 6738 3827 1149
5 1277 4042 6798 3827 1149
5 1341 4152 6859 3936 1217
5 1405 4267 6926 4042 1277
5 1405 4267 6991 4152 1341
5 1405 1277 1149 1217 1341
5 3276 6346 6347 6348 3275
5 3830 6740 6347 6348 6801
5 3939 6740 6347 6346 6862
5 4045 6801 6348 3275 6929
5 4155 6862 6346 3276 6995
5 4270 6929 3275 3276 6995
5 1221 3939 6740 3830 1153
5 1281 4045 6801 3830 1153
5 1345 4155 6862 3939 1221
5 1409 4270 6929 4045 1281
5 1409 4270 6995 4155 1345
5 1409 1281 1153 1221 1345
5 3280 6350 6351 6352 3279
5 3833 6742 6351 6352 6804
5 3942 6742 6351 6350 6865
5 4048 6804 6352 3279 6932
5 4158 6865 6350 3280 6999
5 4273 6932 3279 3280 6999
5 1225 3942 6742 3833 1157
5 1285 4048 6804 3833 1157
5 1349 4158 6865 3942 1225
5 1413 4273 6932 4048 1285
5 1413 4273 6999 4158 1349
5 1413 1285 1157 1225 1349
5 6383 6384 6385 6386 6387
5 3945 6807 6385 6386 6868
5 4057 6807 6385 6384 6935
5 4161 6868 6386 6387 7003
5 4276 6935 6384 6383 7067
5 4385 7003 6387 6383 7067
5 1297 4057 6807 3945 1229
5 1353 4161 6868 3945 1229
5 1417 4276 6935 4057 1297
5 1477 4385 7003 4161 1353
5 1477 4385 7067 4276 1417
5 1477 1353 1229 1297 1417
5 6388 6389 6390 6391 6392
5 3948 6809 6390 6391 6871
5 4060 6809 6390 6389 6938
5 4164 6871 6391 6392 7006
5 4279 6938 6389 6388 7071
5 4388 7006 6392 6388 7071
5 1301 4060 6809 3948 1233
5 1357 4164 6871 3948 1233
5 1421 4279 6938 4060 1301
5 1481 4388 7006 4164 1357
5 1481 4388 7071 4279 1421
5 1481 1357 1233 1301 1421
5 3380 6394 6395 6396 3379
5 6875 8402 6395 6396 6874
5 6942 8402 6395 6394 6941
5 4167 6874 6396 3379 7009
5 4282 6941 6394 3380 7075
5 4391 7009 3379 3380 7075
5 4355 6942 8402 6875 4243
5 1361 4167 6874 6875 4243
5 1425 4282 6941 6942 4355
5 1485 4391 7009 4167 1361
5 1485 4391 7075 4282 1425
5 1485 1361 4243 4355 1425
5 3384 6398 6399 6400 3383
5 3951 6811 6399 6400 6878
5 4063 6811 6399 6398 6945
5 4170 6878 6400 3383 7012
5 4285 6945 6398 3384 7079
5 4394 7012 3383 3384 7079
5 1305 4063 6811 3951 1237
5 1365 4170 6878 3951 1237
5 1429 4285 6945 4063 1305
5 1489 4394 7012 4170 1365
5 1489 4394 7079 4285 1429
5 1489 1365 1237 1305 1429
5 6434 6435 6436 6437 6438
5 4066 6881 6436 6437 6948
5 4179 6881 6436 6435 7015
5 4288 6948 6437 6438 7083
5 4397 7015 6435 6434 7147
5 4506 7083 6438 6434 7147
5 1377 4179 6881 4066 1309
5 1433 4288 6948 4066 1309
5 1493 4397 7015 4179 1377
5 1553 4506 7083 4288 1433
5 1553 4506 7147 4397 1493
5 1553 1433 1309 1377 1493
5 6439 6440 6441 6442 6443
5 4069 6883 6441 6442 6951
5 4182 6883 6441 6440 7018
5 4291 6951 6442 6443 7086
5 4400 7018 6440 6439 7151
5 4509 7086 6443 6439 7151
5 1381 4182 6883 4069 1313
5 1437 4291 6951 4069 1313
5 1497 4400 7018 4182 1381
5 1557 4509 7086 4291 1437
5 1557 4509 7151 4400 1497
5 1557 1437 1313 1381 1497
5 3491 6449 6450 6451 3490
5 6955 8403 6450 6451 6954
5 7022 8403 6450 6449 7021
5 4294 6954 6451 3490 7089
5 4403 7021 6449 3491 7155
5 4512 7089 3490 3491 7155
5 4476 7022 8403 6955 4368
5 1441 4294 6954 6955 4368
5 1501 4403 7021 7022 4476
5 1561 4512 7089 4294 1441
5 1561 4512 7155 4403 1501
5 1561 1441 4368 4476 1501
5 3495 6453 6454 6455 3494
5 4072 6885 6454 6455 6958
5 4185 6885 6454 6453 7025
5 4297 6958 6455 3494 7092
5 4406 7025 6453 3495 7159
5 4515 7092 3494 3495 7159
5 1385 4185 6885 4072 1317
5 1445 4297 6958 4072 1317
5 1505 4406 7025 4185 1385
5 1565 4515 7092 4297 1445
5 1565 4515 7159 4406 1505
5 1565 1445 1317 1385 1505
5 6489 6490 6491 6492 6493
5 4188 6961 6491 6492 7028
5 4303 6961 6491 6490 7095
5 4409 7028 6492 6493 7163
5 4518 7095 6490 6489 7227
5 4627 7163 6493 6489 7227
5 1453 4303 6961 4188 1389
5 1509 4409 7028 4188 1389
5 1569 4518 7095 4303 1453
5 1629 4627 7163 4409 1509
5 1629 4627 7227 4518 1569
5 1629 1509 1389 1453 1569
5 6494 6495 6496 6497 6498
5 4191 6963 6496 6497 7031
5 4306 6963 6496 6495 7098
5 4412 7031 6497 6498 7166
5 4521 7098 6495 6494 7231
5 4630 7166 6498 6494 7231
5 1457 4306 6963 4191 1393
5 1513 4412 7031 4191 1393
5 1573 4521 7098 4306 1457
5 1633 4630 7166 4412 1513
5 1633 4630 7231 4521 1573
5 1633 1513 1393 1457 1573
5 6499 6500 6501 6502 6503
5 4194 6965 6501 6502 7034
5 4309 6965 6501 6500 7101
5 4415 7034 6502 6503 7169
5 4524 7101 6500 6499 7235
5 4633 7169 6503 6499 7235
5 1461 4309 6965 4194 1397
5 1517 4415 7034 4194 1397
5 1577 4524 7101 4309 1461
5 1637 4633 7169 4415 1517
5 1637 4633 7235 4524 1577
5 1637 1517 1397 1461 1577
5 3609 6513 6514 6515 3608
5 7038 8404 6514 6515 7037
5 7105 8404 6514 6513 7104
5 4418 7037 6515 3608 7172
5 4527 7104 6513 3609 7239
5 4636 7172 3608 3609 7239
5 4600 7105 8404 7038 4492
5 1521 4418 7037 7038 4492
5 1581 4527 7104 7105 4600
5 1641 4636 7172 4418 1521
5 1641 4636 7239 4527 1581
5 1641 1521 4492 4600 1581
5 6549 6550 6551 6552 6553
5 4312 7041 6551 6552 7108
5 4424 7041 6551 6550 7175
5 4530 7108 6552 6553 7243
5 4639 7175 6550 6549 7305
5 4745 7243 6553 6549 7305
5 1529 4424 7041 4312 1465
5 1585 4530 7108 4312 1465
5 1645 4639 7175 4424 1529
5 1701 4745 7243 4530 1585
5 1701 4745 7305 4639 1645
5 1701 1585 1465 1529 1645
5 6554 6555 6556 6557 6558
5 4315 7043 6556 6557 7111
5 4427 7043 6556 6555 7178
5 4533 7111 6557 6558 7246
5 4642 7178 6555 6554 7309
5 4748 7246 6558 6554 7309
5 1533 4427 7043 4315 1469
5 1589 4533 7111 4315 1469
5 1649 4642 7178 4427 1533
5 1705 4748 7246 4533 1589
5 1705 4748 7309 4642 1649
5 1705 1589 1469 1533 1649
5 6559 6560 6561 6562 6563
5 4318 7045 6561 6562 7114
5 4430 7045 6561 6560 7181
5 4536 7114 6562 6563 7249
5 4645 7181 6560 6559 7313
5 4751 7249 6563 6559 7313
5 1537 4430 7045 4318 1473
5 1593 4536 7114 4318 1473
5 1653 4645 7181 4430 1537
5 1709 4751 7249 4536 1593
5 1709 4751 7313 4645 1653
5 1709 1593 1473 1537 1653
5 3726 6573 6574 6575 3725
5 7118 8405 6574 6575 7117
5 7185 8405 6574 6573 7184
5 4539 7117 6575 3725 7252
5 4648 7184 6573 3726 7317
5 4754 7252 3725 3726 7317
5 4718 7185 8405 7118 4613
5 1597 4539 7117 7118 4613
5 1657 4648 7184 7185 4718
5 1713 4754 7252 4539 1597
5 1713 4754 7317 4648 1657
5 1713 1597 4613 4718 1657
5 6611 6612 6613 6614 6615
5 4433 7121 6613 6614 7188
5 4545 7121 6613 6612 7255
5 4651 7188 6614 6615 7321
5 4757 7255 6612 6611 7384
5 4858 7321 6615 6611 7384
5 1605 4545 7121 4433 1541
5 1661 4651 7188 4433 1541
5 1717 4757 7255 4545 1605
5 1769 4858 7321 4651 1661
5 1769 4858 7384 4757 1717
5 1769 1661 1541 1605 1717
5 6616 6617 6618 6619 6620
5 4436 7123 6618 6619 7191
5 4548 7123 6618 6617 7258
5 4654 7191 6619 6620 7324
5 4760 7258 6617 6616 7388
5 4861 7324 6620 6616 7388
5 1609 4548 7123 4436 1545
5 1665 4654 7191 4436 1545
5 1721 4760 7258 4548 1609
5 1773 4861 7324 4654 1665
5 1773 4861 7388 4760 1721
5 1773 1665 1545 1609 1721
5 6621 6622 6623 6624 6625
5 4439 7125 6623 6624 7194
5 4551 7125 6623 6622 7261
5 4657 7194 6624 6625 7327
5 4763 7261 6622 6621 7392
5 4864 7327 6625 6621 7392
5 1613 4551 7125 4439 1549
5 1669 4657 7194 4439 1549
5 1725 4763 7261 4551 1613
5 1777 4864 7327 4657 1669
5 1777 4864 7392 4763 1725
5 1777 1669 1549 1613 1725
5 3845 6635 6636 6637 3844
5 7198 8406 6636 6637 7197
5 7265 8406 6636 6635 7264
5 4660 7197 6637 3844 7330
5 4766 7264 6635 3845 7396
5 4867 7330 3844 3845 7396
5 4833 7265 8406 7198 4731
5 1673 4660 7197 7198 4731
5 1729 4766 7264 7265 4833
5 1781 4867 7330 4660 1673
5 1781 4867 7396 4766 1729
5 1781 1673 4731 4833 1729
5 6676 6677 6678 6679 6680
5 4554 7201 6678 6679 7268
5 4666 7201 6678 6677 7333
5 4769 7268 6679 6680 7400
5 4870 7333 6677 6676 7464
5 4972 7400 6680 6676 7464
5 1681 4666 7201 4554 1617
5 1733 4769 7268 4554 1617
5 1785 4870 7333 4666 1681
5 1837 4972 7400 4769 1733
5 1837 4972 7464 4870 1785
5 1837 1733 1617 1681 1785
5 6681 6682 6683 6684 6685
5 4557 7203 6683 6684 7271
5 4669 7203 6683 6682 7336
5 4772 7271 6684 6685 7403
5 4873 7336 6682 6681 7468
5 4975 7403 6685 6681 7468
5 1685 4669 7203 4557 1621
5 1737 4772 7271 4557 1621
5 1789 4873 7336 4669 1685
5 1841 4975 7403 4772 1737
5 1841 4975 7468 4873 1789
5 1841 1737 1621 1685 1789
5 6686 6687 6688 6689 6690
5 4560 7205 6688 6689 7274
5 4672 7205 6688 6687 7339
5 4775 7274 6689 6690 7406
5 4876 7339 6687 6686 7472
5 4978 7406 6690 6686 7472
5 1689 4672 7205 4560 1625
5 1741 4775 7274 4560 1625
5 1793 4876 7339 4672 1689
5 1845 4978 7406 4775 1741
5 1845 4978 7472 4876 1793
5 1845 1741 1625 1689 1793
5 3963 6700 6701 6702 3962
5 7278 8407 6701 6702 7277
5 7343 8407 6701 6700 7342
5 4778 7277 6702 3962 7409
5 4879 7342 6700 3963 7476
5 4981 7409 3962 3963 7476
5 4946 7343 8407 7278 4846
5 1745 4778 7277 7278 4846
5 1797 4879 7342 7343 4946
5 1849 4981 7409 4778 1745
5 1849 4981 7476 4879 1797
5 1849 1745 4846 4946 1797
5 6744 6745 6746 6747 6748
5 4675 7281 6746 6747 7346
5 4784 7281 6746 6745 7412
5 4882 7346 6747 6748 7480
5 4984 7412 6745 6744 7544
5 5080 7480 6748 6744 7544
5 1753 4784 7281 4675 1693
5 1801 4882 7346 4675 1693
5 1853 4984 7412 4784 1753
5 1901 5080 7480 4882 1801
5 1901 5080 7544 4984 1853
5 1901 1801 1693 1753 1853
5 6749 6750 6751 6752 6753
5 4678 7283 6751 6752 7349
5 4787 7283 6751 6750 7415
5 4885 7349 6752 6753 7483
5 4987 7415 6750 6749 7548
5 5083 7483 6753 6749 7548
5 1757 4787 7283 4678 1697
5 1805 4885 7349 4678 1697
5 1857 4987 7415 4787 1757
5 1905 5083 7483 4885 1805
5 1905 5083 7548 4987 1857
5 1905 1805 1697 1757 1857
5 6754 6755 6756 6757 6758
5 7353 8408 6756 6757 7352
5 7419 8408 6756 6755 7418
5 4888 7352 6757 6758 7486
5 4990 7418 6755 6754 7552
5 5086 7486 6758 6754 7552
5 5054 7419 8408 7353 4956
5 1809 4888 7352 7353 4956
5 1861 4990 7418 7419 5054
5 1909 5086 7486 4888 1809
5 1909 5086 7552 4990 1861
5 1909 1809 4956 5054 1861
5 4084 6768 6769 6770 4083
5 7357 8409 6769 6770 7356
5 7423 8409 6769 6768 7422
5 4891 7356 6770 4083 7489
5 4993 7422 6768 4084 7556
5 5089 7489 4083 4084 7556
5 5058 7423 8409 7357 4960
5 1813 4891 7356 7357 4960
5 1865 4993 7422 7423 5058
5 1913 5089 7489 4891 1813
5 1913 5089 7556 4993 1865
5 1913 1813 4960 5058 1865
5 6813 6814 6815 6816 6817
5 4790 7360 6815 6816 7426
5 4897 7360 6815 6814 7492
5 4996 7426 6816 6817 7560
5 5092 7492 6814 6813 7622
5 5185 7560 6817 6813 7622
5 1821 4897 7360 4790 1761
5 1869 4996 7426 4790 1761
5 1917 5092 7492 4897 1821
5 1961 5185 7560 4996 1869
5 1961 5185 7622 5092 1917
5 1961 1869 1761 1821 1917
5 6818 6819 6820 6821 6822
5 4793 7362 6820 6821 7429
5 4900 7362 6820 6819 7495
5 4999 7429 6821 6822 7563
5 5095 7495 6819 6818 7626
5 5188 7563 6822 6818 7626
5 1825 4900 7362 4793 1765
5 1873 4999 7429 4793 1765
5 1921 5095 7495 4900 1825
5 1965 5188 7563 4999 1873
5 1965 5188 7626 5095 1921
5 1965 1873 1765 1825 1921
5 6823 6824 6825 6826 6827
5 7433 8410 6825 6826 7432
5 7499 8410 6825 6824 7498
5 5002 7432 6826 6827 7566
5 5098 7498 6824 6823 7630
5 5191 7566 6827 6823 7630
5 5159 7499 8410 7433 5068
5 1877 5002 7432 7433 5068
5 1925 5098 7498 7499 5159
5 1969 5191 7566 5002 1877
5 1969 5191 7630 5098 1925
5 1969 1877 5068 5159 1925
5 4210 6841 6842 6843 4209
5 7437 8411 6842 6843 7436
5 7503 8411 6842 6841 7502
5 5005 7436 6843 4209 7569
5 5101 7502 6841 4210 7634
5 5194 7569 4209 4210 7634
5 5163 7503 8411 7437 5072
5 1881 5005 7436 7437 5072
5 1929 5101 7502 7503 5163
5 1973 5194 7569 5005 1881
5 1973 5194 7634 5101 1929
5 1973 1881 5072 5163 1929
5 6887 6888 6889 6890 6891
5 4903 7440 6889 6890 7506
5 5008 7440 6889 6888 7572
5 5104 7506 6890 6891 7638
5 5197 7572 6888 6887 7697
5 5285 7638 6891 6887 7697
5 1885 5008 7440 4903 1829
5 1933 5104 7506 4903 1829
5 1977 5197 7572 5008 1885
5 2017 5285 7638 5104 1933
5 2017 5285 7697 5197 1977
5 2017 1933 1829 1885 1977
5 6892 6893 6894 6895 6896
5 4906 7442 6894 6895 7509
5 5011 7442 6894 6893 7575
5 5107 7509 6895 6896 7641
5 5200 7575 6893 6892 7701
5 5288 7641 6896 6892 7701
5 1889 5011 7442 4906 1833
5 1937 5107 7509 4906 1833
5 1981 5200 7575 5011 1889
5 2021 5288 7641 5107 1937
5 2021 5288 7701 5200 1981
5 2021 1937 1833 1889 1981
5 6897 6898 6899 6900 6901
5 7513 8412 6899 6900 7512
5 7579 8412 6899 6898 7578
5 5110 7512 6900 6901 7644
5 5203 7578 6898 6897 7705
5 5291 7644 6901 6897 7705
5 5261 7579 8412 7513 5173
5 1941 5110 7512 7513 5173
5 1985 5203 7578 7579 5261
5 2025 5291 7644 5110 1941
5 2025 5291 7705 5203 1985
5 2025 1941 5173 5261 1985
5 6902 6903 6904 6905 6906
5 7517 8413 6904 6905 7516
5 7583 8413 6904 6903 7582
5 5113 7516 6905 6906 7647
5 5206 7582 6903 6902 7709
5 5294 7647 6906 6902 7709
5 5265 7583 8413 7517 5177
5 1945 5113 7516 7517 5177
5 1989 5206 7582 7583 5265
5 2029 5294 7647 5113 1945
5 2029 5294 7709 5206 1989
5 2029 1945 5177 5265 1989
5 6967 6968 6969 6970 6971
5 5014 7520 6969 6970 7586
5 5116 7520 6969 6968 7650
5 5209 7586 6970 6971 7713
5 5297 7650 6968 6967 7769
5 5379 7713 6971 6967 7769
5 1949 5116 7520 5014 1893
5 1993 5209 7586 5014 1893
5 2033 5297 7650 5116 1949
5 2069 5379 7713 5209 1993
5 2069 5379 7769 5297 2033
5 2069 1993 1893 1949 2033
5 6972 6973 6974 6975 6976
5 5017 7522 6974 6975 7589
5 5119 7522 6974 6973 7653
5 5212 7589 6975 6976 7716
5 5300 7653 6973 6972 7773
5 5382 7716 6976 6972 7773
5 1953 5119 7522 5017 1897
5 1997 5212 7589 5017 1897
5 2037 5300 7653 5119 1953
5 2073 5382 7716 5212 1997
5 2073 5382 7773 5300 2037
5 2073 1997 1897 1953 2037
5 6977 6978 6979 6980 6981
5 7593 8414 6979 6980 7592
5 7657 8414 6979 6978 7656
5 5215 7592 6980 6981 7719
5 5303 7656 6978 6977 7777
5 5385 7719 6981 6977 7777
5 5358 7657 8414 7593 5275
5 2001 5215 7592 7593 5275
5 2041 5303 7656 7657 5358
5 2077 5385 7719 5215 2001
5 2077 5385 7777 5303 2041
5 2077 2001 5275 5358 2041
5 6982 6983 6984 6985 6986
5 7597 8415 6984 6985 7596
5 7661 8415 6984 6983 7660
5 5218 7596 6985 6986 7722
5 5306 7660 6983 6982 7781
5 5388 7722 6986 6982 7781
5 5362 7661 8415 7597 5279
5 2005 5218 7596 7597 5279
5 2045 5306 7660 7661 5362
5 2081 5388 7722 5218 2005
5 2081 5388 7781 5306 2045
5 2081 2005 5279 5362 2045
5 7047 7048 7049 7050 7051
5 5122 7600 7049 7050 7664
5 5221 7600 7049 7048 7725
5 5309 7664 7050 7051 7785
5 5391 7725 7048 7047 7838
5 5467 7785 7051 7047 7838
5 2009 5221 7600 5122 1957
5 2049 5309 7664 5122 1957
5 2085 5391 7725 5221 2009
5 2117 5467 7785 5309 2049
5 2117 5467 7838 5391 2085
5 2117 2049 1957 2009 2085
5 7052 7053 7054 7055 7056
5 7668 8416 7054 7055 7667
5 7729 8416 7054 7053 7728
5 5312 7667 7055 7056 7788
5 5394 7728 7053 7052 7842
5 5470 7788 7056 7052 7842
5 5446 7729 8416 7668 5369
5 2053 5312 7667 7668 5369
5 2089 5394 7728 7729 5446
5 2121 5470 7788 5312 2053
5 2121 5470 7842 5394 2089
5 2121 2053 5369 5446 2089
5 7057 7058 7059 7060 7061
5 8417 8418 7059 7060 8419
5 7733 8418 7059 7058 7732
5 7792 8419 7060 7061 7791
5 5397 7732 7058 7057 7846
5 5473 7791 7061 7057 7846
5 5450 7733 8418 8417 7894
5 5522 7792 8419 8417 7894
5 2093 5397 7732 7733 5450
5 2125 5473 7791 7792 5522
5 2125 5473 7846 5397 2093
5 2125 5522 7894 5450 2093
5 7062 7063 7064 7065 7066
5 7672 8420 7064 7065 7671
5 7737 8420 7064 7063 7736
5 5315 7671 7065 7066 7795
5 5400 7736 7063 7062 7850
5 5476 7795 7066 7062 7850
5 5454 7737 8420 7672 5373
5 2057 5315 7671 7672 5373
5 2097 5400 7736 7737 5454
5 2129 5476 7795 5315 2057
5 2129 5476 7850 5400 2097
5 2129 2057 5373 5454 2097
5 7127 7128 7129 7130 7131
5 5224 7675 7129 7130 7740
5 5318 7675 7129 7128 7798
5 5403 7740 7130 7131 7854
5 5479 7798 7128 7127 7905
5 5549 7854 7131 7127 7905
5 2061 5318 7675 5224 2013
5 2101 5403 7740 5224 2013
5 2133 5479 7798 5318 2061
5 2161 5549 7854 5403 2101
5 2161 5549 7905 5479 2133
5 2161 2101 2013 2061 2133
5 7132 7133 7134 7135 7136
5 7744 8421 7134 7135 7743
5 7802 8421 7134 7133 7801
5 5406 7743 7135 7136 7857
5 5482 7801 7133 7132 7909
5 5552 7857 7136 7132 7909
5 5532 7802 8421 7744 5461
5 2105 5406 7743 7744 5461
5 2137 5482 7801 7802 5532
5 2165 5552 7857 5406 2105
5 2165 5552 7909 5482 2137
5 2165 2105 5461 5532 2137
5 7142 7143 7144 7145 7146
5 8422 8423 7144 7145 8424
5 7806 8423 7144 7143 7805
5 7861 8424 7145 7146 7860
5 5485 7805 7143 7142 7913
5 5555 7860 7146 7142 7913
5 5536 7806 8423 8422 7957
5 5601 7861 8424 8422 7957
5 2141 5485 7805 7806 5536
5 2169 5555 7860 7861 5601
5 2169 5555 7913 5485 2141
5 2169 5601 7957 5536 2141
5 7207 7208 7209 7210 7211
5 5321 7747 7209 7210 7809
5 5409 7747 7209 7208 7864
5 5488 7809 7210 7211 7917
5 5558 7864 7208 7207 7963
5 5625 7917 7211 7207 7963
5 2109 5409 7747 5321 2065
5 2145 5488 7809 5321 2065
5 2173 5558 7864 5409 2109
5 2201 5625 7917 5488 2145
5 2201 5625 7963 5558 2173
5 2201 2145 2065 2109 2173
5 7212 7213 7214 7215 7216
5 7813 8425 7214 7215 7812
5 7868 8425 7214 7213 7867
5 5491 7812 7215 7216 7920
5 5561 7867 7213 7212 7967
5 5628 7920 7216 7212 7967
5 5608 7868 8425 7813 5543
5 2149 5491 7812 7813 5543
5 2177 5561 7867 7868 5608
5 2205 5628 7920 5491 2149
5 2205 5628 7967 5561 2177
5 2205 2149 5543 5608 2177
5 7222 7223 7224 7225 7226
5 8426 8427 7224 7225 8428
5 7872 8427 7224 7223 7871
5 7924 8428 7225 7226 7923
5 5564 7871 7223 7222 7971
5 5631 7923 7226 7222 7971
5 5612 7872 8427 8426 8013
5 5670 7924 8428 8426 8013
5 2181 5564 7871 7872 5612
5 2209 5631 7923 7924 5670
5 2209 5631 7971 5564 2181
5 2209 5670 8013 5612 2181
5 7285 7286 7287 7288 7289
5 5412 7816 7287 7288 7875
5 5494 7816 7287 7286 7927
5 5567 7875 7288 7289 7975
5 5634 7927 7286 7285 8019
5 5694 7975 7289 7285 8019
5 2153 5494 7816 5412 2113
5 2185 5567 7875 5412 2113
5 2213 5634 7927 5494 2153
5 2237 5694 7975 5567 2185
5 2237 5694 8019 5634 2213
5 2237 2185 2113 2153 2213
5 7290 7291 7292 7293 7294
5 7879 8429 7292 7293 7878
5 7931 8429 7292 7291 7930
5 5570 7878 7293 7294 7978
5 5637 7930 7291 7290 8023
5 5697 7978 7294 7290 8023
5 5677 7931 8429 7879 5619
5 2189 5570 7878 7879 5619
5 2217 5637 7930 7931 5677
5 2241 5697 7978 5570 2189
5 2241 5697 8023 5637 2217
5 2241 2189 5619 5677 2217
5 7295 7296 7297 7298 7299
5 8430 8431 7297 7298 8432
5 7935 8431 7297 7296 7934
5 7982 8432 7298 7299 7981
5 5640 7934 7296 7295 8027
5 5700 7981 7299 7295 8027
5 5681 7935 8431 8430 8066
5 5736 7982 8432 8430 8066
5 2221 5640 7934 7935 5681
5 2245 5700 7981 7982 5736
5 2245 5700 8027 5640 2221
5 2245 5736 8066 5681 2221
5 7364 7365 7366 7367 7368
5 5497 7882 7366 7367 7938
5 5573 7882 7366 7365 7985
5 5643 7938 7367 7368 8031
5 5703 7985 7365 7364 8072
5 5758 8031 7368 7364 8072
5 2193 5573 7882 5497 2157
5 2225 5643 7938 5497 2157
5 2249 5703 7985 5573 2193
5 2269 5758 8031 5643 2225
5 2269 5758 8072 5703 2249
5 2269 2225 2157 2193 2249
5 7369 7370 7371 7372 7373
5 7942 8433 7371 7372 7941
5 7989 8433 7371 7370 7988
5 5646 7941 7372 7373 8034
5 5706 7988 7370 7369 8076
5 5761 8034 7373 7369 8076
5 5743 7989 8433 7942 5688
5 2229 5646 7941 7942 5688
5 2253 5706 7988 7989 5743
5 2273 5761 8034 5646 2229
5 2273 5761 8076 5706 2253
5 2273 2229 5688 5743 2253
5 7374 7375 7376 7377 7378
5 8434 8435 7376 7377 8436
5 7993 8435 7376 7375 7992
5 8038 8436 7377 7378 8037
5 5709 7992 7375 7374 8080
5 5764 8037 7378 7374 8080
5 5747 7993 8435 8434 8116
5 5797 8038 8436 8434 8116
5 2257 5709 7992 7993 5747
5 2277 5764 8037 8038 5797
5 2277 5764 8080 5709 2257
5 2277 5797 8116 5747 2257
5 7444 7445 7446 7447 7448
5 5576 7945 7446 7447 7996
5 5649 7945 7446 7445 8041
5 5712 7996 7447 7448 8084
5 5767 8041 7445 7444 8122
5 5816 8084 7448 7444 8122
5 2233 5649 7945 5576 2197
5 2261 5712 7996 5576 2197
5 2281 5767 8041 5649 2233
5 2297 5816 8084 5712 2261
5 2297 5816 8122 5767 2281
5 2297 2261 2197 2233 2281
5 7449 7450 7451 7452 7453
5 8000 8437 7451 7452 7999
5 8045 8437 7451 7450 8044
5 5715 7999 7452 7453 8087
5 5770 8044 7450 7449 8126
5 5819 8087 7453 7449 8126
5 5804 8045 8437 8000 5754
5 2265 5715 7999 8000 5754
5 2285 5770 8044 8045 5804
5 2301 5819 8087 5715 2265
5 2301 5819 8126 5770 2285
5 2301 2265 5754 5804 2285
5 7454 7455 7456 7457 7458
5 8438 8439 7456 7457 8440
5 8049 8439 7456 7455 8048
5 8091 8440 7457 7458 8090
5 5773 8048 7455 7454 8130
5 5822 8090 7458 7454 8130
5 5808 8049 8439 8438 8163
5 5852 8091 8440 8438 8163
5 2289 5773 8048 8049 5808
5 2305 5822 8090 8091 5852
5 2305 5822 8130 5773 2289
5 2305 5852 8163 5808 2289
5 7524 7525 7526 7527 7528
5 8053 8441 7526 7527 8052
5 8095 8441 7526 7525 8094
5 5776 8052 7527 7528 8134
5 5825 8094 7525 7524 8169
5 5868 8134 7528 7524 8169
5 5856 8095 8441 8053 5812
5 2293 5776 8052 8053 5812
5 2309 5825 8094 8095 5856
5 2321 5868 8134 5776 2293
5 2321 5868 8169 5825 2309
5 2321 2293 5812 5856 2309
5 7529 7530 7531 7532 7533
5 8442 8443 7531 7532 8444
5 8099 8443 7531 7530 8098
5 8138 8444 7532 7533 8137
5 5828 8098 7530 7529 8173
5 5871 8137 7533 7529 8173
5 5860 8099 8443 8442 8202
5 5898 8138 8444 8442 8202
5 2313 5828 8098 8099 5860
5 2325 5871 8137 8138 5898
5 2325 5871 8173 5828 2313
5 2325 5898 8202 5860 2313
5 7534 7535 7536 7537 7538
5 8445 8446 7536 7537 8447
5 8103 8446 7536 7535 8102
5 8142 8447 7537 7538 8141
5 5831 8102 7535 7534 8177
5 5874 8141 7538 7534 8177
5 5864 8103 8446 8445 8208
5 5902 8142 8447 8445 8208
5 2317 5831 8102 8103 5864
5 2329 5874 8141 8142 5902
5 2329 5874 8177 5831 2317
5 2329 5902 8208 5864 2317
5 7602 7603 7604 7605 7606
5 8448 8449 7604 7605 8450
5 8146 8449 7604 7603 8145
5 8182 8450 7605 7606 8181
5 5877 8145 7603 7602 8214
5 5914 8181 7606 7602 8214
5 5906 8146 8449 8448 8234
5 5938 8182 8450 8448 8234
5 2333 5877 8145 8146 5906
5 2341 5914 8181 8182 5938
5 2341 5914 8214 5877 2333
5 2341 5938 8234 5906 2333
5 7607 7608 7609 7610 7611
5 8451 8452 7609 7610 8453
5 8150 8452 7609 7608 8149
5 8186 8453 7610 7611 8185
5 5880 8149 7608 7607 8218
5 5917 8185 7611 7607 8218
5 5910 8150 8452 8451 8240
5 5942 8186 8453 8451 8240
5 2337 5880 8149 8150 5910
5 2345 5917 8185 8186 5942
5 2345 5917 8218 5880 2337
5 2345 5942 8240 5910 2337
5 7677 7678 7679 7680 7681
5 8454 8455 7679 7680 8456
5 8190 8455 7679 7678 8189
5 8223 8456 7680 7681 8222
5 5920 8189 7678 7677 8246
5 5954 8222 7681 7677 8246
5 5946 8190 8455 8454 8266
5 5971 8223 8456 8454 8266
5 2349 5920 8189 8190 5946
5 2357 5954 8222 8223 5971
5 2357 5954 8246 5920 2349
5 2357 5971 8266 5946 2349
5 7682 7683 7684 7685 7686
5 8457 8458 7684 7685 8459
5 8194 8458 7684 7683 8193
5 8227 8459 7685 7686 8226
5 5923 8193 7683 7682 8250
5 5957 8226 7686 7682 8250
5 5950 8194 8458 8457 8272
5 5975 8227 8459 8457 8272
5 2353 5923 8193 8194 5950
5 2361 5957 8226 8227 5975
5 2361 5957 8250 5923 2353
5 2361 5975 8272 5950 2353
5 7749 7750 7751 7752 7753
5 8460 8461 7751 7752 8462
5 8231 8461 7751 7750 8230
5 8255 8462 7752 7753 8254
5 5960 8230 7750 7749 8278
5 5983 8254 7753 7749 8278
5 5979 8231 8461 8460 8295
5 6000 8255 8462 8460 8295
5 2365 5960 8230 8231 5979
5 2369 5983 8254 8255 6000
5 2369 5983 8278 5960 2365
5 2369 6000 8295 5979 2365
5 7754 7755 7756 7757 7758
5 8463 8464 7756 7757 8465
5 8466 8464 7756 7755 8467
5 8259 8465 7757 7758 8258
5 8283 8467 7755 7754 8282
5 5986 8258 7758 7754 8282
5 8302 8466 8464 8463 8301
5 6004 8259 8465 8463 8301
5 6023 8283 8467 8466 8302
5 2373 5986 8258 8259 6004
5 2373 5986 8282 8283 6023
5 2373 6004 8301 8302 6023
5 7818 7819 7820 7821 7822
5 8468 8469 7820 7821 8470
5 8471 8469 7820 7819 8472
5 8288 8470 7821 7822 8287
5 8309 8472 7819 7818 8308
5 6012 8287 7822 7818 8308
5 8322 8471 8469 8468 8321
5 6027 8288 8470 8468 8321
5 6039 8309 8472 8471 8322
5 2381 6012 8287 8288 6027
5 2381 6012 8308 8309 6039
5 2381 6027 8321 8322 6039
5 7823 7824 7825 7826 7827
5 8473 8474 7825 7826 8475
5 8263 8474 7825 7824 8262
5 8292 8475 7826 7827 8291
5 5989 8262 7824 7823 8313
5 6015 8291 7827 7823 8313
5 6008 8263 8474 8473 8328
5 6031 8292 8475 8473 8328
5 2377 5989 8262 8263 6008
5 2385 6015 8291 8292 6031
5 2385 6015 8313 5989 2377
5 2385 6031 8328 6008 2377
5 7884 7885 7886 7887 7888
5 8476 8477 7886 7887 8478
5 8479 8477 7886 7885 8480
5 8318 8478 7887 7888 8317
5 8335 8480 7885 7884 8334
5 6035 8317 7888 7884 8334
5 8344 8479 8477 8476 8343
5 6047 8318 8478 8476 8343
5 6055 8335 8480 8479 8344
5 2389 6035 8317 8318 6047
5 2389 6035 8334 8335 6055
5 2389 6047 8343 8344 6055
5 7947 7948 7949 7950 7951
5 8481 8482 7949 7950 8483
5 8484 8482 7949 7948 8485
5 8340 8483 7950 7951 8339
5 8351 8485 7948 7947 8350
5 6051 8339 7951 7947 8350
5 8360 8484 8482 8481 8359
5 6059 8340 8483 8481 8359
5 6067 8351 8485 8484 8360
5 2393 6051 8339 8340 6059
5 2393 6051 8350 8351 6067
5 2393 6059 8359 8360 6067
5 8003 8004 8005 8006 8007
5 8486 8487 8005 8006 8488
5 8489 8487 8005 8004 8490
5 8356 8488 8006 8007 8355
5 8367 8490 8004 8003 8366
5 6063 8355 8007 8003 8366
5 8372 8489 8487 8486 8371
5 6071 8356 8488 8486 8371
5 6076 8367 8490 8489 8372
5 2397 6063 8355 8356 6071
5 2397 6063 8366 8367 6076
5 2397 6071 8371 8372 6076
5 8056 8057 8058 8059 8060
5 8491 8492 8058 8059 8493
5 8494 8492 8058 8057 8495
5 8496 8493 8059 8060 8497
5 8380 8495 8057 8056 8379
5 8378 8497 8060 8056 8379
5 8386 8494 8492 8491 8385
5 8384 8496 8493 8491 8385
5 6081 8380 8495 8494 8386
5 6082 8378 8497 8496 8384
5 6082 8378 8379 8380 6081
5 6082 8384 8385 8386 6081
5 8106 8107 8108 8109 8110
5 8498 8499 8108 8109 8500
5 8501 8499 8108 8107 8502
5 8503 8500 8109 8110 8504
5 8505 8502 8107 8106 8506
5 8507 8504 8110 8106 8506
5 8395 8501 8499 8498 8394
5 8393 8503 8500 8498 8394
5 8396 8505 8502 8501 8395
5 8392 8507 8504 8503 8393
5 8392 8507 8506 8505 8396
5 8392 8393 8394 8395 8396
5 8153 8154 8155 8156 8157
5 8508 8509 8155 8156 8510
5 8511 8509 8155 8154 8512
5 8513 8510 8156 8157 8514
5 8515 8512 8154 8153 8516
5 8517 8514 8157 8153 8516
5 8518 8511 8509 8508 8519
5 8520 8513 8510 8508 8519
5 8521 8515 8512 8511 8518
5 8522 8517 8514 8513 8520
5 8522 8517 8516 8515 8521
5 8522 8520 8519 8518 8521
# cell 1: 0 1 2 3
# cell 2: 4 5 6 7
# cell 3: 8 9 10 11
# cell 4: 12 13 14 15
# cell 5: 16 17 18 19
# cell 6: 20 21 22 23
# cell 7: 24 25 26 27
# cell 8: 28 29 30 31
# cell 9: 32 33 34 35
# cell 10: 36 37 38 39
# cell 11: 40 41 42 43
# cell 12: 44 45 46 47
# cell 13: 48 49 50 51
# cell 14: 52 53 54 55
# cell 15: 56 57 58 59
# cell 16: 60 61 62 63
# cell 17: 64 65 66 67
# cell 18: 68 69 70 71
# cell 19: 72 73 74 75
# cell 20: 76 77 78 79
# cell 21: 80 81 82 83
# cell 22: 84 85 86 87
# cell 23: 88 89 90 91
# cell 24: 92 93 94 95
# cell 25: 96 97 98 99
# cell 26: 100 101 102 103
# cell 27: 104 105 106 107
# cell 28: 108 109 110 111
# cell 29: 112 113 114 115
# cell 30: 116 117 118 119
# cell 31: 120 121 122 123
# cell 32: 124 125 126 127
# cell 33: 128 129 130 131
# cell 34: 132 133 134 135
# cell 35: 136 137 138 139
# cell 36: 140 141 142 143
# cell 37: 144 145 146 147
# cell 38: 148 149 150 151
# cell 39: 152 153 154 155
# cell 40: 156 157 158 159
# cell 41: 160 161 162 163
# cell 42: 164 165 166 167
# cell 43: 168 169 170 171
# cell 44: 172 173 174 175
# cell 45: 176 177 178 179
# cell 46: 180 181 182 183
# cell 47: 184 185 186 187
# cell 48: 188 189 190 191
# cell 49: 192 193 194 195
# cell 50: 196 197 198 199
# cell 51: 200 201 202 203
# cell 52: 204 205 206 207
# cell 53: 208 209 210 211
# cell 54: 212 213 214 215
# cell 55: 216 217 218 219
# cell 56: 220 221 222 223
# cell 57: 224 225 226 227
# cell 58: 228 229 230 231
# cell 59: 232 233 234 235
# cell 60: 236 237 238 239
# cell 61: 240 241 242 243
# cell 62: 244 245 246 247
# cell 63: 248 249 250 251
# cell 64: 252 253 254 255
# cell 65: 256 257 258 259
# cell 66: 260 261 262 263
# cell 67: 264 265 266 267
# cell 68: 268 269 270 271
# cell 69: 272 273 274 275
# cell 70: 276 277 278 279
# cell 71: 280 281 282 283
# cell 72: 284 285 286 287
# cell 73: 288 289 290 291
# cell 74: 292 293 294 295
# cell 75: 296 297 298 299
# cell 76: 300 301 302 303
# cell 77: 304 305 306 307
# cell 78: 308 309 310 311
# cell 79: 312 313 314 315
# cell 80: 316 317 318 319
# cell 81: 320 321 322 323
# cell 82: 324 325 326 327
# cell 83: 328 329 330 331
# cell 84: 332 333 334 335
# cell 85: 336 337 338 339
# cell 86: 340 341 342 343
# cell 87: 344 345 346 347
# cell 88: 348 349 350 351
# cell 89: 352 353 354 355
# cell 90: 356 357 358 359
# cell 91: 360 361 362 363
# cell 92: 364 365 366 367
# cell 93: 368 369 370 371
# cell 94: 372 373 374 375
# cell 95: 376 377 378 379
# cell 96: 380 381 382 383
# cell 97: 384 385 386 387
# cell 98: 388 389 390 391
# cell 99: 392 393 394 395
# cell 100: 396 397 398 399
# cell 101: 400 401 402 403
# cell 102: 404 405 406 407
# cell 103: 408 409 410 411
# cell 104: 412 413 414 415
# cell 105: 416 417 418 419
# cell 106: 420 421 422 423
# cell 107: 424 425 426 427
# cell 108: 428 429 430 431
# cell 109: 432 433 434 435
# cell 110: 436 437 438 439
# cell 111: 440 441 442 443
# cell 112: 444 445 446 447
# cell 113: 448 449 450 451
# cell 114: 452 453 454 455
# cell 115: 456 457 458 459
# cell 116: 460 461 462 463
# cell 117: 464 465 466 467
# cell 118: 468 469 470 471
# cell 119: 472 473 474 475
# cell 120: 476 477 478 479
# cell 121: 480 481 482 483
# cell 122: 484 485 486 487
# cell 123: 488 489 490 491
# cell 124: 492 493 494 495
# cell 125: 496 497 498 499
# cell 126: 500 501 502 503
# cell 127: 504 505 506 507
# cell 128: 508 509 510 511
# cell 129: 512 513 514 515
# cell 130: 516 517 518 519
# cell 131: 520 521 522 523
# cell 132: 524 525 526 527
# cell 133: 528 529 530 531
# cell 134: 532 533 534 535
# cell 135: 536 537 538 539
# cell 136: 540 541 542 543
# cell 137: 544 545 546 547
# cell 138: 548 549 550 551
# cell 139: 552 553 554 555
# cell 140: 556 557 558 559
# cell 141: 560 561 562 563
# cell 142: 564 565 566 567
# cell 143: 568 569 570 571
# cell 144: 572 573 574 575
# cell 145: 576 577 578 579
# cell 146: 580 581 582 583
# cell 147: 584 585 586 587
# cell 148: 588 589 590 591
# cell 149: 592 593 594 595
# cell 150: 596 597 598 599
# cell 151: 600 601 602 603
# cell 152: 604 605 606 607
# cell 153: 608 609 610 611
# cell 154: 612 613 614 615
# cell 155: 616 617 618 619
# cell 156: 620 621 622 623
# cell 157: 624 625 626 627
# cell 158: 628 629 630 631
# cell 159: 632 633 634 635
# cell 160: 636 637 638 639
# cell 161: 640 641 642 643
# cell 162: 644 645 646 647
# cell 163: 648 649 650 651
# cell 164: 652 653 654 655
# cell 165: 656 657 658 659
# cell 166: 660 661 662 663
# cell 167: 664 665 666 667
# cell 168: 668 669 670 671
# cell 169: 672 673 674 675
# cell 170: 676 677 678 679
# cell 171: 680 681 682 683
# cell 172: 684 685 686 687
# cell 173: 688 689 690 691
# cell 174: 692 693 694 695
# cell 175: 696 697 698 699
# cell 176: 700 701 702 703
# cell 177: 704 705 706 707
# cell 178: 708 709 710 711
# cell 179: 712 713 714 715
# cell 180: 716 717 718 719
# cell 181: 720 721 722 723
# cell 182: 724 725 726 727
# cell 183: 728 729 730 731
# cell 184: 732 733 734 735
# cell 185: 736 737 738 739
# cell 186: 740 741 742 743
# cell 187: 744 745 746 747
# cell 188: 748 749 750 751
# cell 189: 752 753 754 755
# cell 190: 756 757 758 759
# cell 191: 760 761 762 763
# cell 192: 764 765 766 767
# cell 193: 768 769 770 771
# cell 194: 772 773 774 775
# cell 195: 776 777 778 779
# cell 196: 780 781 782 783
# cell 197: 784 785 786 787
# cell 198: 788 789 790 791
# cell 199: 792 793 794 795
# cell 200: 796 797 798 799
# cell 201: 800 801 802 803
# cell 202: 804 805 806 807
# cell 203: 808 809 810 811
# cell 204: 812 813 814 815
# cell 205: 816 817 818 819
# cell 206: 820 821 822 823
# cell 207: 824 825 826 827
# cell 208: 828 829 830 831
# cell 209: 832 833 834 835
# cell 210: 836 837 838 839
# cell 211: 840 841 842 843
# cell 212: 844 845 846 847
# cell 213: 848 849 850 851
# cell 214: 852 853 854 855
# cell 215: 856 857 858 859
# cell 216: 860 861 862 863
# cell 217: 864 865 866 867
# cell 218: 868 869 870 871
# cell 219: 872 873 874 875
# cell 220: 876 877 878 879
# cell 221: 880 881 882 883
# cell 222: 884 885 886 887
# cell 223: 888 889 890 891
# cell 224: 892 893 894 895
# cell 225: 896 897 898 899
# cell 226: 900 901 902 903
# cell 227: 904 905 906 907
# cell 228: 908 909 910 911
# cell 229: 912 913 914 915
# cell 230: 916 917 918 919
# cell 231: 920 921 922 923
# cell 232: 924 925 926 927
# cell 233: 928 929 930 931
# cell 234: 932 933 934 935
# cell 235: 936 937 938 939
# cell 236: 940 941 942 943
# cell 237: 944 945 946 947
# cell 238: 948 949 950 951
# cell 239: 952 953 954 955
# cell 240: 956 957 958 959
# cell 241: 960 961 962 963
# cell 242: 964 965 966 967
# cell 243: 968 969 970 971
# cell 244: 972 973 974 975
# cell 245: 976 977 978 979
# cell 246: 980 981 982 983
# cell 247: 984 985 986 987
# cell 248: 988 989 990 991
# cell 249: 992 993 994 995
# cell 250: 996 997 998 999
# cell 251: 1000 1001 1002 1003
# cell 252: 1004 1005 1006 1007
# cell 253: 1008 1009 1010 1011
# cell 254: 1012 1013 1014 1015
# cell 255: 1016 1017 1018 1019
# cell 256: 1020 1021 1022 1023
# cell 257: 1024 1025 1026 1027
# cell 258: 1028 1029 1030 1031
# cell 259: 1032 1033 1034 1035
# cell 260: 1036 1037 1038 1039
# cell 261: 1040 1041 1042 1043
# cell 262: 1044 1045 1046 1047
# cell 263: 1048 1049 1050 1051
# cell 264: 1052 1053 1054 1055
# cell 265: 1056 1057 1058 1059
# cell 266: 1060 1061 1062 1063
# cell 267: 1064 1065 1066 1067
# cell 268: 1068 1069 1070 1071
# cell 269: 1072 1073 1074 1075
# cell 270: 1076 1077 1078 1079
# cell 271: 1080 1081 1082 1083
# cell 272: 1084 1085 1086 1087
# cell 273: 1088 1089 1090 1091
# cell 274: 1092 1093 1094 1095
# cell 275: 1096 1097 1098 1099
# cell 276: 1100 1101 1102 1103
# cell 277: 1104 1105 1106 1107
# cell 278: 1108 1109 1110 1111
# cell 279: 1112 1113 1114 1115
# cell 280: 1116 1117 1118 1119
# cell 281: 1120 1121 1122 1123
# cell 282: 1124 1125 1126 1127
# cell 283: 1128 1129 1130 1131
# cell 284: 1132 1133 1134 1135
# cell 285: 1136 1137 1138 1139
# cell 286: 1140 1141 1142 1143
# cell 287: 1144 1145 1146 1147
# cell 288: 1148 1149 1150 1151
# cell 289: 1152 1153 1154 1155
# cell 290: 1156 1157 1158 1159
# cell 291: 1160 1161 1162 1163
# cell 292: 1164 1165 1166 1167
# cell 293: 1168 1169 1170 1171
# cell 294: 1172 1173 1174 1175
# cell 295: 1176 1177 1178 1179
# cell 296: 1180 1181 1182 1183
# cell 297: 1184 1185 1186 1187
# cell 298: 1188 1189 1190 1191
# cell 299: 1192 1193 1194 1195
# cell 300: 1196 1197 1198 1199
# cell 301: 1200 1201 1202 1203
# cell 302: 1204 1205 1206 1207
# cell 303: 1208 1209 1210 1211
# cell 304: 1212 1213 1214 1215
# cell 305: 1216 1217 1218 1219
# cell 306: 1220 1221 1222 1223
# cell 307: 1224 1225 1226 1227
# cell 308: 1228 1229 1230 1231
# cell 309: 1232 1233 1234 1235
# cell 310: 1236 1237 1238 1239
# cell 311: 1240 1241 1242 1243
# cell 312: 1244 1245 1246 1247
# cell 313: 1248 1249 1250 1251
# cell 314: 1252 1253 1254 1255
# cell 315: 1256 1257 1258 1259
# cell 316: 1260 1261 1262 1263
# cell 317: 1264 1265 1266 1267
# cell 318: 1268 1269 1270 1271
# cell 319: 1272 1273 1274 1275
# cell 320: 1276 1277 1278 1279
# cell 321: 1280 1281 1282 1283
# cell 322: 1284 1285 1286 1287
# cell 323: 1288 1289 1290 1291
# cell 324: 1292 1293 1294 1295
# cell 325: 1296 1297 1298 1299
# cell 326: 1300 1301 1302 1303
# cell 327: 1304 1305 1306 1307
# cell 328: 1308 1309 1310 1311
# cell 329: 1312 1313 1314 1315
# cell 330: 1316 1317 1318 1319
# cell 331: 1320 1321 1322 1323
# cell 332: 1324 1325 1326 1327
# cell 333: 1328 1329 1330 1331
# cell 334: 1332 1333 1334 1335
# cell 335: 1336 1337 1338 1339
# cell 336: 1340 1341 1342 1343
# cell 337: 1344 1345 1346 1347
# cell 338: 1348 1349 1350 1351
# cell 339: 1352 1353 1354 1355
# cell 340: 1356 1357 1358 1359
# cell 341: 1360 1361 1362 1363
# cell 342: 1364 1365 1366 1367
# cell 343: 1368 1369 1370 1371
# cell 344: 1372 1373 1374 1375
# cell 345: 1376 1377 1378 1379
# cell 346: 1380 1381 1382 1383
# cell 347: 1384 1385 1386 1387
# cell 348: 1388 1389 1390 1391
# cell 349: 1392 1393 1394 1395
# cell 350: 1396 1397 1398 1399
# cell 351: 1400 1401 1402 1403
# cell 352: 1404 1405 1406 1407
# cell 353: 1408 1409 1410 1411
# cell 354: 1412 1413 1414 1415
# cell 355: 1416 1417 1418 1419
# cell 356: 1420 1421 1422 1423
# cell 357: 1424 1425 1426 1427
# cell 358: 1428 1429 1430 1431
# cell 359: 1432 1433 1434 1435
# cell 360: 1436 1437 1438 1439
# cell 361: 1440 1441 1442 1443
# cell 362: 1444 1445 1446 1447
# cell 363: 1448 1449 1450 1451
# cell 364: 1452 1453 1454 1455
# cell 365: 1456 1457 1458 1459
# cell 366: 1460 1461 1462 1463
# cell 367: 1464 1465 1466 1467
# cell 368: 1468 1469 1470 1471
# cell 369: 1472 1473 1474 1475
# cell 370: 1476 1477 1478 1479
# cell 371: 1480 1481 1482 1483
# cell 372: 1484 1485 1486 1487
# cell 373: 1488 1489 1490 1491
# cell 374: 1492 1493 1494 1495
# cell 375: 1496 1497 1498 1499
# cell 376: 1500 1501 1502 1503
# cell 377: 1504 1505 1506 1507
# cell 378: 1508 1509 1510 1511
# cell 379: 1512 1513 1514 1515
# cell 380: 1516 1517 1518 1519
# cell 381: 1520 1521 1522 1523
# cell 382: 1524 1525 1526 1527
# cell 383: 1528 1529 1530 1531
# cell 384: 1532 1533 1534 1535
# cell 385: 1536 1537 1538 1539
# cell 386: 1540 1541 1542 1543
# cell 387: 1544 1545 1546 1547
# cell 388: 1548 1549 1550 1551
# cell 389: 1552 1553 1554 1555
# cell 390: 1556 1557 1558 1559
# cell 391: 1560 1561 1562 1563
# cell 392: 1564 1565 1566 1567
# cell 393: 1568 1569 1570 1571
# cell 394: 1572 1573 1574 1575
# cell 395: 1576 1577 1578 1579
# cell 396: 1580 1581 1582 1583
# cell 397: 1584 1585 1586 1587
# cell 398: 1588 1589 1590 1591
# cell 399: 1592 1593 1594 1595
# cell 400: 1596 1597 1598 1599
# cell 401: 1600 1601 1602 1603
# cell 402: 1604 1605 1606 1607
# cell 403: 1608 1609 1610 1611
# cell 404: 1612 1613 1614 1615
# cell 405: 1616 1617 1618 1619
# cell 406: 1620 1621 1622 1623
# cell 407: 1624 1625 1626 1627
# cell 408: 1628 1629 1630 1631
# cell 409: 1632 1633 1634 1635
# cell 410: 1636 1637 1638 1639
# cell 411: 1640 1641 1642 1643
# cell 412: 1644 1645 1646 1647
# cell 413: 1648 1649 1650 1651
# cell 414: 1652 1653 1654 1655
# cell 415: 1656 1657 1658 1659
# cell 416: 1660 1661 1662 1663
# cell 417: 1664 1665 1666 1667
# cell 418: 1668 1669 1670 1671
# cell 419: 1672 1673 1674 1675
# cell 420: 1676 1677 1678 1679
# cell 421: 1680 1681 1682 1683
# cell 422: 1684 1685 1686 1687
# cell 423: 1688 1689 1690 1691
# cell 424: 1692 1693 1694 1695
# cell 425: 1696 1697 1698 1699
# cell 426: 1700 1701 1702 1703
# cell 427: 1704 1705 1706 1707
# cell 428: 1708 1709 1710 1711
# cell 429: 1712 1713 1714 1715
# cell 430: 1716 1717 1718 1719
# cell 431: 1720 1721 1722 1723
# cell 432: 1724 1725 1726 1727
# cell 433: 1728 1729 1730 1731
# cell 434: 1732 1733 1734 1735
# cell 435: 1736 1737 1738 1739
# cell 436: 1740 1741 1742 1743
# cell 437: 1744 1745 1746 1747
# cell 438: 1748 1749 1750 1751
# cell 439: 1752 1753 1754 1755
# cell 440: 1756 1757 1758 1759
# cell 441: 1760 1761 1762 1763
# cell 442: 1764 1765 1766 1767
# cell 443: 1768 1769 1770 1771
# cell 444: 1772 1773 1774 1775
# cell 445: 1776 1777 1778 1779
# cell 446: 1780 1781 1782 1783
# cell 447: 1784 1785 1786 1787
# cell 448: 1788 1789 1790 1791
# cell 449: 1792 1793 1794 1795
# cell 450: 1796 1797 1798 1799
# cell 451: 1800 1801 1802 1803
# cell 452: 1804 1805 1806 1807
# cell 453: 1808 1809 1810 1811
# cell 454: 1812 1813 1814 1815
# cell 455: 1816 1817 1818 1819
# cell 456: 1820 1821 1822 1823
# cell 457: 1824 1825 1826 1827
# cell 458: 1828 1829 1830 1831
# cell 459: 1832 1833 1834 1835
# cell 460: 1836 1837 1838 1839
# cell 461: 1840 1841 1842 1843
# cell 462: 1844 1845 1846 1847
# cell 463: 1848 1849 1850 1851
# cell 464: 1852 1853 1854 1855
# cell 465: 1856 1857 1858 1859
# cell 466: 1860 1861 1862 1863
# cell 467: 1864 1865 1866 1867
# cell 468: 1868 1869 1870 1871
# cell 469: 1872 1873 1874 1875
# cell 470: 1876 1877 1878 1879
# cell 471: 1880 1881 1882 1883
# cell 472: 1884 1885 1886 1887
# cell 473: 1888 1889 1890 1891
# cell 474: 1892 1893 1894 1895
# cell 475: 1896 1897 1898 1899
# cell 476: 1900 1901 1902 1903
# cell 477: 1904 1905 1906 1907
# cell 478: 1908 1909 1910 1911
# cell 479: 1912 1913 1914 1915
# cell 480: 1916 1917 1918 1919
# cell 481: 1920 1921 1922 1923
# cell 482: 1924 1925 1926 1927
# cell 483: 1928 1929 1930 1931
# cell 484: 1932 1933 1934 1935
# cell 485: 1936 1937 1938 1939
# cell 486: 1940 1941 1942 1943
# cell 487: 1944 1945 1946 1947
# cell 488: 1948 1949 1950 1951
# cell 489: 1952 1953 1954 1955
# cell 490: 1956 1957 1958 1959
# cell 491: 1960 1961 1962 1963
# cell 492: 1964 1965 1966 1967
# cell 493: 1968 1969 1970 1971
# cell 494: 1972 1973 1974 1975
# cell 495: 1976 1977 1978 1979
# cell 496: 1980 1981 1982 1983
# cell 497: 1984 1985 1986 1987
# cell 498: 1988 1989 1990 1991
# cell 499: 1992 1993 1994 1995
# cell 500: 1996 1997 1998 1999
# cell 501: 2000 2001 2002 2003
# cell 502: 2004 2005 2006 2007
# cell 503: 2008 2009 2010 2011
# cell 504: 2012 2013 2014 2015
# cell 505: 2016 2017 2018 2019
# cell 506: 2020 2021 2022 2023
# cell 507: 2024 2025 2026 2027
# cell 508: 2028 2029 2030 2031
# cell 509: 2032 2033 2034 2035
# cell 510: 2036 2037 2038 2039
# cell 511: 2040 2041 2042 2043
# cell 512: 2044 2045 2046 2047
# cell 513: 2048 2049 2050 2051
# cell 514: 2052 2053 2054 2055
# cell 515: 2056 2057 2058 2059
# cell 516: 2060 2061 2062 2063
# cell 517: 2064 2065 2066 2067
# cell 518: 2068 2069 2070 2071
# cell 519: 2072 2073 2074 2075
# cell 520: 2076 2077 2078 2079
# cell 521: 2080 2081 2082 2083
# cell 522: 2084 2085 2086 2087
# cell 523: 2088 2089 2090 2091
# cell 524: 2092 2093 2094 2095
# cell 525: 2096 2097 2098 2099
# cell 526: 2100 2101 2102 2103
# cell 527: 2104 2105 2106 2107
# cell 528: 2108 2109 2110 2111
# cell 529: 2112 2113 2114 2115
# cell 530: 2116 2117 2118 2119
# cell 531: 2120 2121 2122 2123
# cell 532: 2124 2125 2126 2127
# cell 533: 2128 2129 2130 2131
# cell 534: 2132 2133 2134 2135
# cell 535: 2136 2137 2138 2139
# cell 536: 2140 2141 2142 2143
# cell 537: 2144 2145 2146 2147
# cell 538: 2148 2149 2150 2151
# cell 539: 2152 2153 2154 2155
# cell 540: 2156 2157 2158 2159
# cell 541: 2160 2161 2162 2163
# cell 542: 2164 2165 2166 2167
# cell 543: 2168 2169 2170 2171
# cell 544: 2172 2173 2174 2175
# cell 545: 2176 2177 2178 2179
# cell 546: 2180 2181 2182 2183
# cell 547: 2184 2185 2186 2187
# cell 548: 2188 2189 2190 2191
# cell 549: 2192 2193 2194 2195
# cell 550: 2196 2197 2198 2199
# cell 551: 2200 2201 2202 2203
# cell 552: 2204 2205 2206 2207
# cell 553: 2208 2209 2210 2211
# cell 554: 2212 2213 2214 2215
# cell 555: 2216 2217 2218 2219
# cell 556: 2220 2221 2222 2223
# cell 557: 2224 2225 2226 2227
# cell 558: 2228 2229 2230 2231
# cell 559: 2232 2233 2234 2235
# cell 560: 2236 2237 2238 2239
# cell 561: 2240 2241 2242 2243
# cell 562: 2244 2245 2246 2247
# cell 563: 2248 2249 2250 2251
# cell 564: 2252 2253 2254 2255
# cell 565: 2256 2257 2258 2259
# cell 566: 2260 2261 2262 2263
# cell 567: 2264 2265 2266 2267
# cell 568: 2268 2269 2270 2271
# cell 569: 2272 2273 2274 2275
# cell 570: 2276 2277 2278 2279
# cell 571: 2280 2281 2282 2283
# cell 572: 2284 2285 2286 2287
# cell 573: 2288 2289 2290 2291
# cell 574: 2292 2293 2294 2295
# cell 575: 2296 2297 2298 2299
# cell 576: 2300 2301 2302 2303
# cell 577: 2304 2305 2306 2307
# cell 578: 2308 2309 2310 2311
# cell 579: 2312 2313 2314 2315
# cell 580: 2316 2317 2318 2319
# cell 581: 2320 2321 2322 2323
# cell 582: 2324 2325 2326 2327
# cell 583: 2328 2329 2330 2331
# cell 584: 2332 2333 2334 2335
# cell 585: 2336 2337 2338 2339
# cell 586: 2340 2341 2342 2343
# cell 587: 2344 2345 2346 2347
# cell 588: 2348 2349 2350 2351
# cell 589: 2352 2353 2354 2355
# cell 590: 2356 2357 2358 2359
# cell 591: 2360 2361 2362 2363
# cell 592: 2364 2365 2366 2367
# cell 593: 2368 2369 2370 2371
# cell 594: 2372 2373 2374 2375
# cell 595: 2376 2377 2378 2379
# cell 596: 2380 2381 2382 2383
# cell 597: 2384 2385 2386 2387
# cell 598: 2388 2389 2390 2391
# cell 599: 2392 2393 2394 2395
# cell 600: 2396 2397 2398 2399
# cell 601: 2400 2401 2402 2403 2404
# cell 602: 2405 2406 2407 2408 2409
# cell 603: 2410 2411 2412 2413 2414
# cell 604: 2415 2416 2417 2418 2419
# cell 605: 2420 2421 2422 2423 2424
# cell 606: 2425 2426 2427 2428 2429
# cell 607: 2430 2431 2432 2433 2434
# cell 608: 2435 2436 2437 2438 2439
# cell 609: 2440 2441 2442 2443 2444
# cell 610: 2445 2446 2447 2448 2449
# cell 611: 2450 2451 2452 2453 2454
# cell 612: 2455 2456 2457 2458 2459
# cell 613: 2460 2461 2462 2463 2464
# cell 614: 2465 2466 2467 2468 2469
# cell 615: 2470 2471 2472 2473 2474
# cell 616: 2475 2476 2477 2478 2479
# cell 617: 2480 2481 2482 2483 2484
# cell 618: 2485 2486 2487 2488 2489
# cell 619: 2490 2491 2492 2493 2494
# cell 620: 2495 2496 2497 2498 2499
# cell 621: 2500 2501 2502 2503 2504
# cell 622: 2505 2506 2507 2508 2509
# cell 623: 2510 2511 2512 2513 2514
# cell 624: 2515 2516 2517 2518 2519
# cell 625: 2520 2521 2522 2523 2524
# cell 626: 2525 2526 2527 2528 2529
# cell 627: 2530 2531 2532 2533 2534
# cell 628: 2535 2536 2537 2538 2539
# cell 629: 2540 2541 2542 2543 2544
# cell 630: 2545 2546 2547 2548 2549
# cell 631: 2550 2551 2552 2553 2554
# cell 632: 2555 2556 2557 2558 2559
# cell 633: 2560 2561 2562 2563 2564
# cell 634: 2565 2566 2567 2568 2569
# cell 635: 2570 2571 2572 2573 2574
# cell 636: 2575 2576 2577 2578 2579
# cell 637: 2580 2581 2582 2583 2584
# cell 638: 2585 2586 2587 2588 2589
# cell 639: 2590 2591 2592 2593 2594
# cell 640: 2595 2596 2597 2598 2599
# cell 641: 2600 2601 2602 2603 2604
# cell 642: 2605 2606 2607 2608 2609
# cell 643: 2610 2611 2612 2613 2614
# cell 644: 2615 2616 2617 2618 2619
# cell 645: 2620 2621 2622 2623 2624
# cell 646: 2625 2626 2627 2628 2629
# cell 647: 2630 2631 2632 2633 2634
# cell 648: 2635 2636 2637 2638 2639
# cell 649: 2640 2641 2642 2643 2644
# cell 650: 2645 2646 2647 2648 2649
# cell 651: 2650 2651 2652 2653 2654
# cell 652: 2655 2656 2657 2658 2659
# cell 653: 2660 2661 2662 2663 2664
# cell 654: 2665 2666 2667 2668 2669
# cell 655: 2670 2671 2672 2673 2674
# cell 656: 2675 2676 2677 2678 2679
# cell 657: 2680 2681 2682 2683 2684
# cell 658: 2685 2686 2687 2688 2689
# cell 659: 2690 2691 2692 2693 2694
# cell 660: 2695 2696 2697 2698 2699
# cell 661: 2700 2701 2702 2703 2704
# cell 662: 2705 2706 2707 2708 2709
# cell 663: 2710 2711 2712 2713 2714
# cell 664: 2715 2716 2717 2718 2719
# cell 665: 2720 2721 2722 2723 2724
# cell 666: 2725 2726 2727 2728 2729
# cell 667: 2730 2731 2732 2733 2734
# cell 668: 2735 2736 2737 2738 2739
# cell 669: 2740 2741 2742 2743 2744
# cell 670: 2745 2746 2747 2748 2749
# cell 671: 2750 2751 2752 2753 2754
# cell 672: 2755 2756 2757 2758 2759
# cell 673: 2760 2761 2762 2763 2764
# cell 674: 2765 2766 2767 2768 2769
# cell 675: 2770 2771 2772 2773 2774
# cell 676: 2775 2776 2777 2778 2779
# cell 677: 2780 2781 2782 2783 2784
# cell 678: 2785 2786 2787 2788 2789
# cell 679: 2790 2791 2792 2793 2794
# cell 680: 2795 2796 2797 2798 2799
# cell 681: 2800 2801 2802 2803 2804
# cell 682: 2805 2806 2807 2808 2809
# cell 683: 2810 2811 2812 2813 2814
# cell 684: 2815 2816 2817 2818 2819
# cell 685: 2820 2821 2822 2823 2824
# cell 686: 2825 2826 2827 2828 2829
# cell 687: 2830 2831 2832 2833 2834
# cell 688: 2835 2836 2837 2838 2839
# cell 689: 2840 2841 2842 2843 2844
# cell 690: 2845 2846 2847 2848 2849
# cell 691: 2850 2851 2852 2853 2854
# cell 692: 2855 2856 2857 2858 2859
# cell 693: 2860 2861 2862 2863 2864
# cell 694: 2865 2866 2867 2868 2869
# cell 695: 2870 2871 2872 2873 2874
# cell 696: 2875 2876 2877 2878 2879
# cell 697: 2880 2881 2882 2883 2884
# cell 698: 2885 2886 2887 2888 2889
# cell 699: 2890 2891 2892 2893 2894
# cell 700: 2895 2896 2897 2898 2899
# cell 701: 2900 2901 2902 2903 2904
# cell 702: 2905 2906 2907 2908 2909
# cell 703: 2910 2911 2912 2913 2914
# cell 704: 2915 2916 2917 2918 2919
# cell 705: 2920 2921 2922 2923 2924
# cell 706: 2925 2926 2927 2928 2929
# cell 707: 2930 2931 2932 2933 2934
# cell 708: 2935 2936 2937 2938 2939
# cell 709: 2940 2941 2942 2943 2944
# cell 710: 2945 2946 2947 2948 2949
# cell 711: 2950 2951 2952 2953 2954
# cell 712: 2955 2956 2957 2958 2959
# cell 713: 2960 2961 2962 2963 2964
# cell 714: 2965 2966 2967 2968 2969
# cell 715: 2970 2971 2972 2973 2974
# cell 716: 2975 2976 2977 2978 2979
# cell 717: 2980 2981 2982 2983 2984
# cell 718: 2985 2986 2987 2988 2989
# cell 719: 2990 2991 2992 2993 2994
# cell 720: 2995 2996 2997 2998 2999
# cell 721: 3000 3001 3002 3003 3004
# cell 722: 3005 3006 3007 3008 3009
# cell 723: 3010 3011 3012 3013 3014
# cell 724: 3015 3016 3017 3018 3019
# cell 725: 3020 3021 3022 3023 3024
# cell 726: 3025 3026 3027 3028 3029
# cell 727: 3030 3031 3032 3033 3034
# cell 728: 3035 3036 3037 3038 3039
# cell 729: 3040 3041 3042 3043 3044
# cell 730: 3045 3046 3047 3048 3049
# cell 731: 3050 3051 3052 3053 3054
# cell 732: 3055 3056 3057 3058 3059
# cell 733: 3060 3061 3062 3063 3064
# cell 734: 3065 3066 3067 3068 3069
# cell 735: 3070 3071 3072 3073 3074
# cell 736: 3075 3076 3077 3078 3079
# cell 737: 3080 3081 3082 3083 3084
# cell 738: 3085 3086 3087 3088 3089
# cell 739: 3090 3091 3092 3093 3094
# cell 740: 3095 3096 3097 3098 3099
# cell 741: 3100 3101 3102 3103 3104
# cell 742: 3105 3106 3107 3108 3109
# cell 743: 3110 3111 3112 3113 3114
# cell 744: 3115 3116 3117 3118 3119
# cell 745: 3120 3121 3122 3123 3124
# cell 746: 3125 3126 3127 3128 3129
# cell 747: 3130 3131 3132 3133 3134
# cell 748: 3135 3136 3137 3138 3139
# cell 749: 3140 3141 3142 3143 3144
# cell 750: 3145 3146 3147 3148 3149
# cell 751: 3150 3151 3152 3153 3154
# cell 752: 3155 3156 3157 3158 3159
# cell 753: 3160 3161 3162 3163 3164
# cell 754: 3165 3166 3167 3168 3169
# cell 755: 3170 3171 3172 3173 3174
# cell 756: 3175 3176 3177 3178 3179
# cell 757: 3180 3181 3182 3183 3184
# cell 758: 3185 3186 3187 3188 3189
# cell 759: 3190 3191 3192 3193 3194
# cell 760: 3195 3196 3197 3198 3199
# cell 761: 3200 3201 3202 3203 3204
# cell 762: 3205 3206 3207 3208 3209
# cell 763: 3210 3211 3212 3213 3214
# cell 764: 3215 3216 3217 3218 3219
# cell 765: 3220 3221 3222 3223 3224
# cell 766: 3225 3226 3227 3228 3229
# cell 767: 3230 3231 3232 3233 3234
# cell 768: 3235 3236 3237 3238 3239
# cell 769: 3240 3241 3242 3243 3244
# cell 770: 3245 3246 3247 3248 3249
# cell 771: 3250 3251 3252 3253 3254
# cell 772: 3255 3256 3257 3258 3259
# cell 773: 3260 3261 3262 3263 3264
# cell 774: 3265 3266 3267 3268 3269
# cell 775: 3270 3271 3272 3273 3274
# cell 776: 3275 3276 3277 3278 3279
# cell 777: 3280 3281 3282 3283 3284
# cell 778: 3285 3286 3287 3288 3289
# cell 779: 3290 3291 3292 3293 3294
# cell 780: 3295 3296 3297 3298 3299
# cell 781: 3300 3301 3302 3303 3304
# cell 782: 3305 3306 3307 3308 3309
# cell 783: 3310 3311 3312 3313 3314
# cell 784: 3315 3316 3317 3318 3319
# cell 785: 3320 3321 3322 3323 3324
# cell 786: 3325 3326 3327 3328 3329
# cell 787: 3330 3331 3332 3333 3334
# cell 788: 3335 3336 3337 3338 3339
# cell 789: 3340 3341 3342 3343 3344
# cell 790: 3345 3346 3347 3348 3349
# cell 791: 3350 3351 3352 3353 3354
# cell 792: 3355 3356 3357 3358 3359
# cell 793: 3360 3361 3362 3363 3364
# cell 794: 3365 3366 3367 3368 3369
# cell 795: 3370 3371 3372 3373 3374
# cell 796: 3375 3376 3377 3378 3379
# cell 797: 3380 3381 3382 3383 3384
# cell 798: 3385 3386 3387 3388 3389
# cell 799: 3390 3391 3392 3393 3394
# cell 800: 3395 3396 3397 3398 3399
# cell 801: 3400 3401 3402 3403 3404
# cell 802: 3405 3406 3407 3408 3409
# cell 803: 3410 3411 3412 3413 3414
# cell 804: 3415 3416 3417 3418 3419
# cell 805: 3420 3421 3422 3423 3424
# cell 806: 3425 3426 3427 3428 3429
# cell 807: 3430 3431 3432 3433 3434
# cell 808: 3435 3436 3437 3438 3439
# cell 809: 3440 3441 3442 3443 3444
# cell 810: 3445 3446 3447 3448 3449
# cell 811: 3450 3451 3452 3453 3454
# cell 812: 3455 3456 3457 3458 3459
# cell 813: 3460 3461 3462 3463 3464
# cell 814: 3465 3466 3467 3468 3469
# cell 815: 3470 3471 3472 3473 3474
# cell 816: 3475 3476 3477 3478 3479
# cell 817: 3480 3481 3482 3483 3484
# cell 818: 3485 3486 3487 3488 3489
# cell 819: 3490 3491 3492 3493 3494
# cell 820: 3495 3496 3497 3498 3499
# cell 821: 3500 3501 3502 3503 3504
# cell 822: 3505 3506 3507 3508 3509
# cell 823: 3510 3511 3512 3513 3514
# cell 824: 3515 3516 3517 3518 3519
# cell 825: 3520 3521 3522 3523 3524
# cell 826: 3525 3526 3527 3528 3529
# cell 827: 3530 3531 3532 3533 3534
# cell 828: 3535 3536 3537 3538 3539
# cell 829: 3540 3541 3542 3543 3544
# cell 830: 3545 3546 3547 3548 3549
# cell 831: 3550 3551 3552 3553 3554
# cell 832: 3555 3556 3557 3558 3559
# cell 833: 3560 3561 3562 3563 3564
# cell 834: 3565 3566 3567 3568 3569
# cell 835: 3570 3571 3572 3573 3574
# cell 836: 3575 3576 3577 3578 3579
# cell 837: 3580 3581 3582 3583 3584
# cell 838: 3585 3586 3587 3588 3589
# cell 839: 3590 3591 3592 3593 3594
# cell 840: 3595 3596 3597 3598 3599
# cell 841: 3600 3601 3602 3603 3604
# cell 842: 3605 3606 3607 3608 3609
# cell 843: 3610 3611 3612 3613 3614
# cell 844: 3615 3616 3617 3618 3619
# cell 845: 3620 3621 3622 3623 3624
# cell 846: 3625 3626 3627 3628 3629
# cell 847: 3630 3631 3632 3633 3634
# cell 848: 3635 3636 3637 3638 3639
# cell 849: 3640 3641 3642 3643 3644
# cell 850: 3645 3646 3647 3648 3649
# cell 851: 3650 3651 3652 3653 3654
# cell 852: 3655 3656 3657 3658 3659
# cell 853: 3660 3661 3662 3663 3664
# cell 854: 3665 3666 3667 3668 3669
# cell 855: 3670 3671 3672 3673 3674
# cell 856: 3675 3676 3677 3678 3679
# cell 857: 3680 3681 3682 3683 3684
# cell 858: 3685 3686 3687 3688 3689
# cell 859: 3690 3691 3692 3693 3694
# cell 860: 3695 3696 3697 3698 3699
# cell 861: 3700 3701 3702 3703 3704
# cell 862: 3705 3706 3707 3708 3709
# cell 863: 3710 3711 3712 3713 3714
# cell 864: 3715 3716 3717 3718 3719
# cell 865: 3720 3721 3722 3723 3724
# cell 866: 3725 3726 3727 3728 3729
# cell 867: 3730 3731 3732 3733 3734
# cell 868: 3735 3736 3737 3738 3739
# cell 869: 3740 3741 3742 3743 3744
# cell 870: 3745 3746 3747 3748 3749
# cell 871: 3750 3751 3752 3753 3754
# cell 872: 3755 3756 3757 3758 3759
# cell 873: 3760 3761 3762 3763 3764
# cell 874: 3765 3766 3767 3768 3769
# cell 875: 3770 3771 3772 3773 3774
# cell 876: 3775 3776 3777 3778 3779
# cell 877: 3780 3781 3782 3783 3784
# cell 878: 3785 3786 3787 3788 3789
# cell 879: 3790 3791 3792 3793 3794
# cell 880: 3795 3796 3797 3798 3799
# cell 881: 3800 3801 3802 3803 3804
# cell 882: 3805 3806 3807 3808 3809
# cell 883: 3810 3811 3812 3813 3814
# cell 884: 3815 3816 3817 3818 3819
# cell 885: 3820 3821 3822 3823 3824
# cell 886: 3825 3826 3827 3828 3829
# cell 887: 3830 3831 3832 3833 3834
# cell 888: 3835 3836 3837 3838 3839
# cell 889: 3840 3841 3842 3843 3844
# cell 890: 3845 3846 3847 3848 3849
# cell 891: 3850 3851 3852 3853 3854
# cell 892: 3855 3856 3857 3858 3859
# cell 893: 3860 3861 3862 3863 3864
# cell 894: 3865 3866 3867 3868 3869
# cell 895: 3870 3871 3872 3873 3874
# cell 896: 3875 3876 3877 3878 3879
# cell 897: 3880 3881 3882 3883 3884
# cell 898: 3885 3886 3887 3888 3889
# cell 899: 3890 3891 3892 3893 3894
# cell 900: 3895 3896 3897 3898 3899
# cell 901: 3900 3901 3902 3903 3904
# cell 902: 3905 3906 3907 3908 3909
# cell 903: 3910 3911 3912 3913 3914
# cell 904: 3915 3916 3917 3918 3919
# cell 905: 3920 3921 3922 3923 3924
# cell 906: 3925 3926 3927 3928 3929
# cell 907: 3930 3931 3932 3933 3934
# cell 908: 3935 3936 3937 3938 3939
# cell 909: 3940 3941 3942 3943 3944
# cell 910: 3945 3946 3947 3948 3949
# cell 911: 3950 3951 3952 3953 3954
# cell 912: 3955 3956 3957 3958 3959
# cell 913: 3960 3961 3962 3963 3964
# cell 914: 3965 3966 3967 3968 3969
# cell 915: 3970 3971 3972 3973 3974
# cell 916: 3975 3976 3977 3978 3979
# cell 917: 3980 3981 3982 3983 3984
# cell 918: 3985 3986 3987 3988 3989
# cell 919: 3990 3991 3992 3993 3994
# cell 920: 3995 3996 3997 3998 3999
# cell 921: 4000 4001 4002 4003 4004
# cell 922: 4005 4006 4007 4008 4009
# cell 923: 4010 4011 4012 4013 4014
# cell 924: 4015 4016 4017 4018 4019
# cell 925: 4020 4021 4022 4023 4024
# cell 926: 4025 4026 4027 4028 4029
# cell 927: 4030 4031 4032 4033 4034
# cell 928: 4035 4036 4037 4038 4039
# cell 929: 4040 4041 4042 4043 4044
# cell 930: 4045 4046 4047 4048 4049
# cell 931: 4050 4051 4052 4053 4054
# cell 932: 4055 4056 4057 4058 4059
# cell 933: 4060 4061 4062 4063 4064
# cell 934: 4065 4066 4067 4068 4069
# cell 935: 4070 4071 4072 4073 4074
# cell 936: 4075 4076 4077 4078 4079
# cell 937: 4080 4081 4082 4083 4084
# cell 938: 4085 4086 4087 4088 4089
# cell 939: 4090 4091 4092 4093 4094
# cell 940: 4095 4096 4097 4098 4099
# cell 941: 4100 4101 4102 4103 4104
# cell 942: 4105 4106 4107 4108 4109
# cell 943: 4110 4111 4112 4113 4114
# cell 944: 4115 4116 4117 4118 4119
# cell 945: 4120 4121 4122 4123 4124
# cell 946: 4125 4126 4127 4128 4129
# cell 947: 4130 4131 4132 4133 4134
# cell 948: 4135 4136 4137 4138 4139
# cell 949: 4140 4141 4142 4143 4144
# cell 950: 4145 4146 4147 4148 4149
# cell 951: 4150 4151 4152 4153 4154
# cell 952: 4155 4156 4157 4158 4159
# cell 953: 4160 4161 4162 4163 4164
# cell 954: 4165 4166 4167 4168 4169
# cell 955: 4170 4171 4172 4173 4174
# cell 956: 4175 4176 4177 4178 4179
# cell 957: 4180 4181 4182 4183 4184
# cell 958: 4185 4186 4187 4188 4189
# cell 959: 4190 4191 4192 4193 4194
# cell 960: 4195 4196 4197 4198 4199
# cell 961: 4200 4201 4202 4203 4204
# cell 962: 4205 4206 4207 4208 4209
# cell 963: 4210 4211 4212 4213 4214
# cell 964: 4215 4216 4217 4218 4219
# cell 965: 4220 4221 4222 4223 4224
# cell 966: 4225 4226 4227 4228 4229
# cell 967: 4230 4231 4232 4233 4234
# cell 968: 4235 4236 4237 4238 4239
# cell 969: 4240 4241 4242 4243 4244
# cell 970: 4245 4246 4247 4248 4249
# cell 971: 4250 4251 4252 4253 4254
# cell 972: 4255 4256 4257 4258 4259
# cell 973: 4260 4261 4262 4263 4264
# cell 974: 4265 4266 4267 4268 4269
# cell 975: 4270 4271 4272 4273 4274
# cell 976: 4275 4276 4277 4278 4279
# cell 977: 4280 4281 4282 4283 4284
# cell 978: 4285 4286 4287 4288 4289
# cell 979: 4290 4291 4292 4293 4294
# cell 980: 4295 4296 4297 4298 4299
# cell 981: 4300 4301 4302 4303 4304
# cell 982: 4305 4306 4307 4308 4309
# cell 983: 4310 4311 4312 4313 4314
# cell 984: 4315 4316 4317 4318 4319
# cell 985: 4320 4321 4322 4323 4324
# cell 986: 4325 4326 4327 4328 4329
# cell 987: 4330 4331 4332 4333 4334
# cell 988: 4335 4336 4337 4338 4339
# cell 989: 4340 4341 4342 4343 4344
# cell 990: 4345 4346 4347 4348 4349
# cell 991: 4350 4351 4352 4353 4354
# cell 992: 4355 4356 4357 4358 4359
# cell 993: 4360 4361 4362 4363 4364
# cell 994: 4365 4366 4367 4368 4369
# cell 995: 4370 4371 4372 4373 4374
# cell 996: 4375 4376 4377 4378 4379
# cell 997: 4380 4381 4382 4383 4384
# cell 998: 4385 4386 4387 4388 4389
# cell 999: 4390 4391 4392 4393 4394
# cell 1000: 4395 4396 4397 4398 4399
# cell 1001: 4400 4401 4402 4403 4404
# cell 1002: 4405 4406 4407 4408 4409
# cell 1003: 4410 4411 4412 4413 4414
# cell 1004: 4415 4416 4417 4418 4419
# cell 1005: 4420 4421 4422 4423 4424
# cell 1006: 4425 4426 4427 4428 4429
# cell 1007: 4430 4431 4432 4433 4434
# cell 1008: 4435 4436 4437 4438 4439
# cell 1009: 4440 4441 4442 4443 4444
# cell 1010: 4445 4446 4447 4448 4449
# cell 1011: 4450 4451 4452 4453 4454
# cell 1012: 4455 4456 4457 4458 4459
# cell 1013: 4460 4461 4462 4463 4464
# cell 1014: 4465 4466 4467 4468 4469
# cell 1015: 4470 4471 4472 4473 4474
# cell 1016: 4475 4476 4477 4478 4479
# cell 1017: 4480 4481 4482 4483 4484
# cell 1018: 4485 4486 4487 4488 4489
# cell 1019: 4490 4491 4492 4493 4494
# cell 1020: 4495 4496 4497 4498 4499
# cell 1021: 4500 4501 4502 4503 4504
# cell 1022: 4505 4506 4507 4508 4509
# cell 1023: 4510 4511 4512 4513 4514
# cell 1024: 4515 4516 4517 4518 4519
# cell 1025: 4520 4521 4522 4523 4524
# cell 1026: 4525 4526 4527 4528 4529
# cell 1027: 4530 4531 4532 4533 4534
# cell 1028: 4535 4536 4537 4538 4539
# cell 1029: 4540 4541 4542 4543 4544
# cell 1030: 4545 4546 4547 4548 4549
# cell 1031: 4550 4551 4552 4553 4554
# cell 1032: 4555 4556 4557 4558 4559
# cell 1033: 4560 4561 4562 4563 4564
# cell 1034: 4565 4566 4567 4568 4569
# cell 1035: 4570 4571 4572 4573 4574
# cell 1036: 4575 4576 4577 4578 4579
# cell 1037: 4580 4581 4582 4583 4584
# cell 1038: 4585 4586 4587 4588 4589
# cell 1039: 4590 4591 4592 4593 4594
# cell 1040: 4595 4596 4597 4598 4599
# cell 1041: 4600 4601 4602 4603 4604
# cell 1042: 4605 4606 4607 4608 4609
# cell 1043: 4610 4611 4612 4613 4614
# cell 1044: 4615 4616 4617 4618 4619
# cell 1045: 4620 4621 4622 4623 4624
# cell 1046: 4625 4626 4627 4628 4629
# cell 1047: 4630 4631 4632 4633 4634
# cell 1048: 4635 4636 4637 4638 4639
# cell 1049: 4640 4641 4642 4643 4644
# cell 1050: 4645 4646 4647 4648 4649
# cell 1051: 4650 4651 4652 4653 4654
# cell 1052: 4655 4656 4657 4658 4659
# cell 1053: 4660 4661 4662 4663 4664
# cell 1054: 4665 4666 4667 4668 4669
# cell 1055: 4670 4671 4672 4673 4674
# cell 1056: 4675 4676 4677 4678 4679
# cell 1057: 4680 4681 4682 4683 4684
# cell 1058: 4685 4686 4687 4688 4689
# cell 1059: 4690 4691 4692 4693 4694
# cell 1060: 4695 4696 4697 4698 4699
# cell 1061: 4700 4701 4702 4703 4704
# cell 1062: 4705 4706 4707 4708 4709
# cell 1063: 4710 4711 4712 4713 4714
# cell 1064: 4715 4716 4717 4718 4719
# cell 1065: 4720 4721 4722 4723 4724
# cell 1066: 4725 4726 4727 4728 4729
# cell 1067: 4730 4731 4732 4733 4734
# cell 1068: 4735 4736 4737 4738 4739
# cell 1069: 4740 4741 4742 4743 4744
# cell 1070: 4745 4746 4747 4748 4749
# cell 1071: 4750 4751 4752 4753 4754
# cell 1072: 4755 4756 4757 4758 4759
# cell 1073: 4760 4761 4762 4763 4764
# cell 1074: 4765 4766 4767 4768 4769
# cell 1075: 4770 4771 4772 4773 4774
# cell 1076: 4775 4776 4777 4778 4779
# cell 1077: 4780 4781 4782 4783 4784
# cell 1078: 4785 4786 4787 4788 4789
# cell 1079: 4790 4791 4792 4793 4794
# cell 1080: 4795 4796 4797 4798 4799
# cell 1081: 4800 4801 4802 4803 4804
# cell 1082: 4805 4806 4807 4808 4809
# cell 1083: 4810 4811 4812 4813 4814
# cell 1084: 4815 4816 4817 4818 4819
# cell 1085: 4820 4821 4822 4823 4824
# cell 1086: 4825 4826 4827 4828 4829
# cell 1087: 4830 4831 4832 4833 4834
# cell 1088: 4835 4836 4837 4838 4839
# cell 1089: 4840 4841 4842 4843 4844
# cell 1090: 4845 4846 4847 4848 4849
# cell 1091: 4850 4851 4852 4853 4854
# cell 1092: 4855 4856 4857 4858 4859
# cell 1093: 4860 4861 4862 4863 4864
# cell 1094: 4865 4866 4867 4868 4869
# cell 1095: 4870 4871 4872 4873 4874
# cell 1096: 4875 4876 4877 4878 4879
# cell 1097: 4880 4881 4882 4883 4884
# cell 1098: 4885 4886 4887 4888 4889
# cell 1099: 4890 4891 4892 4893 4894
# cell 1100: 4895 4896 4897 4898 4899
# cell 1101: 4900 4901 4902 4903 4904
# cell 1102: 4905 4906 4907 4908 4909
# cell 1103: 4910 4911 4912 4913 4914
# cell 1104: 4915 4916 4917 4918 4919
# cell 1105: 4920 4921 4922 4923 4924
# cell 1106: 4925 4926 4927 4928 4929
# cell 1107: 4930 4931 4932 4933 4934
# cell 1108: 4935 4936 4937 4938 4939
# cell 1109: 4940 4941 4942 4943 4944
# cell 1110: 4945 4946 4947 4948 4949
# cell 1111: 4950 4951 4952 4953 4954
# cell 1112: 4955 4956 4957 4958 4959
# cell 1113: 4960 4961 4962 4963 4964
# cell 1114: 4965 4966 4967 4968 4969
# cell 1115: 4970 4971 4972 4973 4974
# cell 1116: 4975 4976 4977 4978 4979
# cell 1117: 4980 4981 4982 4983 4984
# cell 1118: 4985 4986 4987 4988 4989
# cell 1119: 4990 4991 4992 4993 4994
# cell 1120: 4995 4996 4997 4998 4999
# cell 1121: 5000 5001 5002 5003 5004
# cell 1122: 5005 5006 5007 5008 5009
# cell 1123: 5010 5011 5012 5013 5014
# cell 1124: 5015 5016 5017 5018 5019
# cell 1125: 5020 5021 5022 5023 5024
# cell 1126: 5025 5026 5027 5028 5029
# cell 1127: 5030 5031 5032 5033 5034
# cell 1128: 5035 5036 5037 5038 5039
# cell 1129: 5040 5041 5042 5043 5044
# cell 1130: 5045 5046 5047 5048 5049
# cell 1131: 5050 5051 5052 5053 5054
# cell 1132: 5055 5056 5057 5058 5059
# cell 1133: 5060 5061 5062 5063 5064
# cell 1134: 5065 5066 5067 5068 5069
# cell 1135: 5070 5071 5072 5073 5074
# cell 1136: 5075 5076 5077 5078 5079
# cell 1137: 5080 5081 5082 5083 5084
# cell 1138: 5085 5086 5087 5088 5089
# cell 1139: 5090 5091 5092 5093 5094
# cell 1140: 5095 5096 5097 5098 5099
# cell 1141: 5100 5101 5102 5103 5104
# cell 1142: 5105 5106 5107 5108 5109
# cell 1143: 5110 5111 5112 5113 5114
# cell 1144: 5115 5116 5117 5118 5119
# cell 1145: 5120 5121 5122 5123 5124
# cell 1146: 5125 5126 5127 5128 5129
# cell 1147: 5130 5131 5132 5133 5134
# cell 1148: 5135 5136 5137 5138 5139
# cell 1149: 5140 5141 5142 5143 5144
# cell 1150: 5145 5146 5147 5148 5149
# cell 1151: 5150 5151 5152 5153 5154
# cell 1152: 5155 5156 5157 5158 5159
# cell 1153: 5160 5161 5162 5163 5164
# cell 1154: 5165 5166 5167 5168 5169
# cell 1155: 5170 5171 5172 5173 5174
# cell 1156: 5175 5176 5177 5178 5179
# cell 1157: 5180 5181 5182 5183 5184
# cell 1158: 5185 5186 5187 5188 5189
# cell 1159: 5190 5191 5192 5193 5194
# cell 1160: 5195 5196 5197 5198 5199
# cell 1161: 5200 5201 5202 5203 5204
# cell 1162: 5205 5206 5207 5208 5209
# cell 1163: 5210 5211 5212 5213 5214
# cell 1164: 5215 5216 5217 5218 5219
# cell 1165: 5220 5221 5222 5223 5224
# cell 1166: 5225 5226 5227 5228 5229
# cell 1167: 5230 5231 5232 5233 5234
# cell 1168: 5235 5236 5237 5238 5239
# cell 1169: 5240 5241 5242 5243 5244
# cell 1170: 5245 5246 5247 5248 5249
# cell 1171: 5250 5251 5252 5253 5254
# cell 1172: 5255 5256 5257 5258 5259
# cell 1173: 5260 5261 5262 5263 5264
# cell 1174: 5265 5266 5267 5268 5269
# cell 1175: 5270 5271 5272 5273 5274
# cell 1176: 5275 5276 5277 5278 5279
# cell 1177: 5280 5281 5282 5283 5284
# cell 1178: 5285 5286 5287 5288 5289
# cell 1179: 5290 5291 5292 5293 5294
# cell 1180: 5295 5296 5297 5298 5299
# cell 1181: 5300 5301 5302 5303 5304
# cell 1182: 5305 5306 5307 5308 5309
# cell 1183: 5310 5311 5312 5313 5314
# cell 1184: 5315 5316 5317 5318 5319
# cell 1185: 5320 5321 5322 5323 5324
# cell 1186: 5325 5326 5327 5328 5329
# cell 1187: 5330 5331 5332 5333 5334
# cell 1188: 5335 5336 5337 5338 5339
# cell 1189: 5340 5341 5342 5343 5344
# cell 1190: 5345 5346 5347 5348 5349
# cell 1191: 5350 5351 5352 5353 5354
# cell 1192: 5355 5356 5357 5358 5359
# cell 1193: 5360 5361 5362 5363 5364
# cell 1194: 5365 5366 5367 5368 5369
# cell 1195: 5370 5371 5372 5373 5374
# cell 1196: 5375 5376 5377 5378 5379
# cell 1197: 5380 5381 5382 5383 5384
# cell 1198: 5385 5386 5387 5388 5389
# cell 1199: 5390 5391 5392 5393 5394
# cell 1200: 5395 5396 5397 5398 5399
# cell 1201: 5400 5401 5402 5403 5404
# cell 1202: 5405 5406 5407 5408 5409
# cell 1203: 5410 5411 5412 5413 5414
# cell 1204: 5415 5416 5417 5418 5419
# cell 1205: 5420 5421 5422 5423 5424
# cell 1206: 5425 5426 5427 5428 5429
# cell 1207: 5430 5431 5432 5433 5434
# cell 1208: 5435 5436 5437 5438 5439
# cell 1209: 5440 5441 5442 5443 5444
# cell 1210: 5445 5446 5447 5448 5449
# cell 1211: 5450 5451 5452 5453 5454
# cell 1212: 5455 5456 5457 5458 5459
# cell 1213: 5460 5461 5462 5463 5464
# cell 1214: 5465 5466 5467 5468 5469
# cell 1215: 5470 5471 5472 5473 5474
# cell 1216: 5475 5476 5477 5478 5479
# cell 1217: 5480 5481 5482 5483 5484
# cell 1218: 5485 5486 5487 5488 5489
# cell 1219: 5490 5491 5492 5493 5494
# cell 1220: 5495 5496 5497 5498 5499
# cell 1221: 5500 5501 5502 5503 5504
# cell 1222: 5505 5506 5507 5508 5509
# cell 1223: 5510 5511 5512 5513 5514
# cell 1224: 5515 5516 5517 5518 5519
# cell 1225: 5520 5521 5522 5523 5524
# cell 1226: 5525 5526 5527 5528 5529
# cell 1227: 5530 5531 5532 5533 5534
# cell 1228: 5535 5536 5537 5538 5539
# cell 1229: 5540 5541 5542 5543 5544
# cell 1230: 5545 5546 5547 5548 5549
# cell 1231: 5550 5551 5552 5553 5554
# cell 1232: 5555 5556 5557 5558 5559
# cell 1233: 5560 5561 5562 5563 5564
# cell 1234: 5565 5566 5567 5568 5569
# cell 1235: 5570 5571 5572 5573 5574
# cell 1236: 5575 5576 5577 5578 5579
# cell 1237: 5580 5581 5582 5583 5584
# cell 1238: 5585 5586 5587 5588 5589
# cell 1239: 5590 5591 5592 5593 5594
# cell 1240: 5595 5596 5597 5598 5599
# cell 1241: 5600 5601 5602 5603 5604
# cell 1242: 5605 5606 5607 5608 5609
# cell 1243: 5610 5611 5612 5613 5614
# cell 1244: 5615 5616 5617 5618 5619
# cell 1245: 5620 5621 5622 5623 5624
# cell 1246: 5625 5626 5627 5628 5629
# cell 1247: 5630 5631 5632 5633 5634
# cell 1248: 5635 5636 5637 5638 5639
# cell 1249: 5640 5641 5642 5643 5644
# cell 1250: 5645 5646 5647 5648 5649
# cell 1251: 5650 5651 5652 5653 5654
# cell 1252: 5655 5656 5657 5658 5659
# cell 1253: 5660 5661 5662 5663 5664
# cell 1254: 5665 5666 5667 5668 5669
# cell 1255: 5670 5671 5672 5673 5674
# cell 1256: 5675 5676 5677 5678 5679
# cell 1257: 5680 5681 5682 5683 5684
# cell 1258: 5685 5686 5687 5688 5689
# cell 1259: 5690 5691 5692 5693 5694
# cell 1260: 5695 5696 5697 5698 5699
# cell 1261: 5700 5701 5702 5703 5704
# cell 1262: 5705 5706 5707 5708 5709
# cell 1263: 5710 5711 5712 5713 5714
# cell 1264: 5715 5716 5717 5718 5719
# cell 1265: 5720 5721 5722 5723 5724
# cell 1266: 5725 5726 5727 5728 5729
# cell 1267: 5730 5731 5732 5733 5734
# cell 1268: 5735 5736 5737 5738 5739
# cell 1269: 5740 5741 5742 5743 5744
# cell 1270: 5745 5746 5747 5748 5749
# cell 1271: 5750 5751 5752 5753 5754
# cell 1272: 5755 5756 5757 5758 5759
# cell 1273: 5760 5761 5762 5763 5764
# cell 1274: 5765 5766 5767 5768 5769
# cell 1275: 5770 5771 5772 5773 5774
# cell 1276: 5775 5776 5777 5778 5779
# cell 1277: 5780 5781 5782 5783 5784
# cell 1278: 5785 5786 5787 5788 5789
# cell 1279: 5790 5791 5792 5793 5794
# cell 1280: 5795 5796 5797 5798 5799
# cell 1281: 5800 5801 5802 5803 5804
# cell 1282: 5805 5806 5807 5808 5809
# cell 1283: 5810 5811 5812 5813 5814
# cell 1284: 5815 5816 5817 5818 5819
# cell 1285: 5820 5821 5822 5823 5824
# cell 1286: 5825 5826 5827 5828 5829
# cell 1287: 5830 5831 5832 5833 5834
# cell 1288: 5835 5836 5837 5838 5839
# cell 1289: 5840 5841 5842 5843 5844
# cell 1290: 5845 5846 5847 5848 5849
# cell 1291: 5850 5851 5852 5853 5854
# cell 1292: 5855 5856 5857 5858 5859
# cell 1293: 5860 5861 5862 5863 5864
# cell 1294: 5865 5866 5867 5868 5869
# cell 1295: 5870 5871 5872 5873 5874
# cell 1296: 5875 5876 5877 5878 5879
# cell 1297: 5880 5881 5882 5883 5884
# cell 1298: 5885 5886 5887 5888 5889
# cell 1299: 5890 5891 5892 5893 5894
# cell 1300: 5895 5896 5897 5898 5899
# cell 1301: 5900 5901 5902 5903 5904
# cell 1302: 5905 5906 5907 5908 5909
# cell 1303: 5910 5911 5912 5913 5914
# cell 1304: 5915 5916 5917 5918 5919
# cell 1305: 5920 5921 5922 5923 5924
# cell 1306: 5925 5926 5927 5928 5929
# cell 1307: 5930 5931 5932 5933 5934
# cell 1308: 5935 5936 5937 5938 5939
# cell 1309: 5940 5941 5942 5943 5944
# cell 1310: 5945 5946 5947 5948 5949
# cell 1311: 5950 5951 5952 5953 5954
# cell 1312: 5955 5956 5957 5958 5959
# cell 1313: 5960 5961 5962 5963 5964
# cell 1314: 5965 5966 5967 5968 5969
# cell 1315: 5970 5971 5972 5973 5974
# cell 1316: 5975 5976 5977 5978 5979
# cell 1317: 5980 5981 5982 5983 5984
# cell 1318: 5985 5986 5987 5988 5989
# cell 1319: 5990 5991 5992 5993 5994
# cell 1320: 5995 5996 5997 5998 5999
# cell 1321: 6000 6001 6002 6003 6004
# cell 1322: 6005 6006 6007 6008 6009
# cell 1323: 6010 6011 6012 6013 6014
# cell 1324: 6015 6016 6017 6018 6019
# cell 1325: 6020 6021 6022 6023 6024
# cell 1326: 6025 6026 6027 6028 6029
# cell 1327: 6030 6031 6032 6033 6034
# cell 1328: 6035 6036 6037 6038 6039
# cell 1329: 6040 6041 6042 6043 6044
# cell 1330: 6045 6046 6047 6048 6049
# cell 1331: 6050 6051 6052 6053 6054
# cell 1332: 6055 6056 6057 6058 6059
# cell 1333: 6060 6061 6062 6063 6064
# cell 1334: 6065 6066 6067 6068 6069
# cell 1335: 6070 6071 6072 6073 6074
# cell 1336: 6075 6076 6077 6078 6079
# cell 1337: 6080 6081 6082 6083 6084
# cell 1338: 6085 6086 6087 6088 6089
# cell 1339: 6090 6091 6092 6093 6094
# cell 1340: 6095 6096 6097 6098 6099
# cell 1341: 6100 6101 6102 6103 6104
# cell 1342: 6105 6106 6107 6108 6109
# cell 1343: 6110 6111 6112 6113 6114
# cell 1344: 6115 6116 6117 6118 6119
# cell 1345: 6120 6121 6122 6123 6124
# cell 1346: 6125 6126 6127 6128 6129
# cell 1347: 6130 6131 6132 6133 6134
# cell 1348: 6135 6136 6137 6138 6139
# cell 1349: 6140 6141 6142 6143 6144
# cell 1350: 6145 6146 6147 6148 6149
# cell 1351: 6150 6151 6152 6153 6154
# cell 1352: 6155 6156 6157 6158 6159
# cell 1353: 6160 6161 6162 6163 6164
# cell 1354: 6165 6166 6167 6168 6169
# cell 1355: 6170 6171 6172 6173 6174
# cell 1356: 6175 6176 6177 6178 6179
# cell 1357: 6180 6181 6182 6183 6184
# cell 1358: 6185 6186 6187 6188 6189
# cell 1359: 6190 6191 6192 6193 6194
# cell 1360: 6195 6196 6197 6198 6199
# cell 1361: 6200 6201 6202 6203 6204
# cell 1362: 6205 6206 6207 6208 6209
# cell 1363: 6210 6211 6212 6213 6214
# cell 1364: 6215 6216 6217 6218 6219
# cell 1365: 6220 6221 6222 6223 6224
# cell 1366: 6225 6226 6227 6228 6229
# cell 1367: 6230 6231 6232 6233 6234
# cell 1368: 6235 6236 6237 6238 6239
# cell 1369: 6240 6241 6242 6243 6244
# cell 1370: 6245 6246 6247 6248 6249
# cell 1371: 6250 6251 6252 6253 6254
# cell 1372: 6255 6256 6257 6258 6259
# cell 1373: 6260 6261 6262 6263 6264
# cell 1374: 6265 6266 6267 6268 6269
# cell 1375: 6270 6271 6272 6273 6274
# cell 1376: 6275 6276 6277 6278 6279
# cell 1377: 6280 6281 6282 6283 6284
# cell 1378: 6285 6286 6287 6288 6289
# cell 1379: 6290 6291 6292 6293 6294
# cell 1380: 6295 6296 6297 6298 6299
# cell 1381: 6300 6301 6302 6303 6304
# cell 1382: 6305 6306 6307 6308 6309
# cell 1383: 6310 6311 6312 6313 6314
# cell 1384: 6315 6316 6317 6318 6319
# cell 1385: 6320 6321 6322 6323 6324
# cell 1386: 6325 6326 6327 6328 6329
# cell 1387: 6330 6331 6332 6333 6334
# cell 1388: 6335 6336 6337 6338 6339
# cell 1389: 6340 6341 6342 6343 6344
# cell 1390: 6345 6346 6347 6348 6349
# cell 1391: 6350 6351 6352 6353 6354
# cell 1392: 6355 6356 6357 6358 6359
# cell 1393: 6360 6361 6362 6363 6364
# cell 1394: 6365 6366 6367 6368 6369
# cell 1395: 6370 6371 6372 6373 6374
# cell 1396: 6375 6376 6377 6378 6379
# cell 1397: 6380 6381 6382 6383 6384
# cell 1398: 6385 6386 6387 6388 6389
# cell 1399: 6390 6391 6392 6393 6394
# cell 1400: 6395 6396 6397 6398 6399
# cell 1401: 6400 6401 6402 6403 6404
# cell 1402: 6405 6406 6407 6408 6409
# cell 1403: 6410 6411 6412 6413 6414
# cell 1404: 6415 6416 6417 6418 6419
# cell 1405: 6420 6421 6422 6423 6424
# cell 1406: 6425 6426 6427 6428 6429
# cell 1407: 6430 6431 6432 6433 6434
# cell 1408: 6435 6436 6437 6438 6439
# cell 1409: 6440 6441 6442 6443 6444
# cell 1410: 6445 6446 6447 6448 6449
# cell 1411: 6450 6451 6452 6453 6454
# cell 1412: 6455 6456 6457 6458 6459
# cell 1413: 6460 6461 6462 6463 6464
# cell 1414: 6465 6466 6467 6468 6469
# cell 1415: 6470 6471 6472 6473 6474
# cell 1416: 6475 6476 6477 6478 6479
# cell 1417: 6480 6481 6482 6483 6484
# cell 1418: 6485 6486 6487 6488 6489
# cell 1419: 6490 6491 6492 6493 6494
# cell 1420: 6495 6496 6497 6498 6499
# cell 1421: 6500 6501 6502 6503 6504
# cell 1422: 6505 6506 6507 6508 6509
# cell 1423: 6510 6511 6512 6513 6514
# cell 1424: 6515 6516 6517 6518 6519
# cell 1425: 6520 6521 6522 6523 6524
# cell 1426: 6525 6526 6527 6528 6529
# cell 1427: 6530 6531 6532 6533 6534
# cell 1428: 6535 6536 6537 6538 6539
# cell 1429: 6540 6541 6542 6543 6544
# cell 1430: 6545 6546 6547 6548 6549
# cell 1431: 6550 6551 6552 6553 6554
# cell 1432: 6555 6556 6557 6558 6559
# cell 1433: 6560 6561 6562 6563 6564
# cell 1434: 6565 6566 6567 6568 6569
# cell 1435: 6570 6571 6572 6573 6574
# cell 1436: 6575 6576 6577 6578 6579
# cell 1437: 6580 6581 6582 6583 6584
# cell 1438: 6585 6586 6587 6588 6589
# cell 1439: 6590 6591 6592 6593 6594
# cell 1440: 6595 6596 6597 6598 6599
# cell 1441: 6600 6601 6602 6603 6604
# cell 1442: 6605 6606 6607 6608 6609
# cell 1443: 6610 6611 6612 6613 6614
# cell 1444: 6615 6616 6617 6618 6619
# cell 1445: 6620 6621 6622 6623 6624
# cell 1446: 6625 6626 6627 6628 6629
# cell 1447: 6630 6631 6632 6633 6634
# cell 1448: 6635 6636 6637 6638 6639
# cell 1449: 6640 6641 6642 6643 6644
# cell 1450: 6645 6646 6647 6648 6649
# cell 1451: 6650 6651 6652 6653 6654
# cell 1452: 6655 6656 6657 6658 6659
# cell 1453: 6660 6661 6662 6663 6664
# cell 1454: 6665 6666 6667 6668 6669
# cell 1455: 6670 6671 6672 6673 6674
# cell 1456: 6675 6676 6677 6678 6679
# cell 1457: 6680 6681 6682 6683 6684
# cell 1458: 6685 6686 6687 6688 6689
# cell 1459: 6690 6691 6692 6693 6694
# cell 1460: 6695 6696 6697 6698 6699
# cell 1461: 6700 6701 6702 6703 6704
# cell 1462: 6705 6706 6707 6708 6709
# cell 1463: 6710 6711 6712 6713 6714
# cell 1464: 6715 6716 6717 6718 6719
# cell 1465: 6720 6721 6722 6723 6724
# cell 1466: 6725 6726 6727 6728 6729
# cell 1467: 6730 6731 6732 6733 6734
# cell 1468: 6735 6736 6737 6738 6739
# cell 1469: 6740 6741 6742 6743 6744
# cell 1470: 6745 6746 6747 6748 6749
# cell 1471: 6750 6751 6752 6753 6754
# cell 1472: 6755 6756 6757 6758 6759
# cell 1473: 6760 6761 6762 6763 6764
# cell 1474: 6765 6766 6767 6768 6769
# cell 1475: 6770 6771 6772 6773 6774
# cell 1476: 6775 6776 6777 6778 6779
# cell 1477: 6780 6781 6782 6783 6784
# cell 1478: 6785 6786 6787 6788 6789
# cell 1479: 6790 6791 6792 6793 6794
# cell 1480: 6795 6796 6797 6798 6799
# cell 1481: 6800 6801 6802 6803 6804
# cell 1482: 6805 6806 6807 6808 6809
# cell 1483: 6810 6811 6812 6813 6814
# cell 1484: 6815 6816 6817 6818 6819
# cell 1485: 6820 6821 6822 6823 6824
# cell 1486: 6825 6826 6827 6828 6829
# cell 1487: 6830 6831 6832 6833 6834
# cell 1488: 6835 6836 6837 6838 6839
# cell 1489: 6840 6841 6842 6843 6844
# cell 1490: 6845 6846 6847 6848 6849
# cell 1491: 6850 6851 6852 6853 6854
# cell 1492: 6855 6856 6857 6858 6859
# cell 1493: 6860 6861 6862 6863 6864
# cell 1494: 6865 6866 6867 6868 6869
# cell 1495: 6870 6871 6872 6873 6874
# cell 1496: 6875 6876 6877 6878 6879
# cell 1497: 6880 6881 6882 6883 6884
# cell 1498: 6885 6886 6887 6888 6889
# cell 1499: 6890 6891 6892 6893 6894
# cell 1500: 6895 6896 6897 6898 6899
# cell 1501: 6900 6901 6902 6903 6904
# cell 1502: 6905 6906 6907 6908 6909
# cell 1503: 6910 6911 6912 6913 6914
# cell 1504: 6915 6916 6917 6918 6919
# cell 1505: 6920 6921 6922 6923 6924
# cell 1506: 6925 6926 6927 6928 6929
# cell 1507: 6930 6931 6932 6933 6934
# cell 1508: 6935 6936 6937 6938 6939
# cell 1509: 6940 6941 6942 6943 6944
# cell 1510: 6945 6946 6947 6948 6949
# cell 1511: 6950 6951 6952 6953 6954
# cell 1512: 6955 6956 6957 6958 6959
# cell 1513: 6960 6961 6962 6963 6964
# cell 1514: 6965 6966 6967 6968 6969
# cell 1515: 6970 6971 6972 6973 6974
# cell 1516: 6975 6976 6977 6978 6979
# cell 1517: 6980 6981 6982 6983 6984
# cell 1518: 6985 6986 6987 6988 6989
# cell 1519: 6990 6991 6992 6993 6994
# cell 1520: 6995 6996 6997 6998 6999
# cell 1521: 7000 7001 7002 7003 7004
# cell 1522: 7005 7006 7007 7008 7009
# cell 1523: 7010 7011 7012 7013 7014
# cell 1524: 7015 7016 7017 7018 7019
# cell 1525: 7020 7021 7022 7023 7024
# cell 1526: 7025 7026 7027 7028 7029
# cell 1527: 7030 7031 7032 7033 7034
# cell 1528: 7035 7036 7037 7038 7039
# cell 1529: 7040 7041 7042 7043 7044
# cell 1530: 7045 7046 7047 7048 7049
# cell 1531: 7050 7051 7052 7053 7054
# cell 1532: 7055 7056 7057 7058 7059
# cell 1533: 7060 7061 7062 7063 7064
# cell 1534: 7065 7066 7067 7068 7069
# cell 1535: 7070 7071 7072 7073 7074
# cell 1536: 7075 7076 7077 7078 7079
# cell 1537: 7080 7081 7082 7083 7084
# cell 1538: 7085 7086 7087 7088 7089
# cell 1539: 7090 7091 7092 7093 7094
# cell 1540: 7095 7096 7097 7098 7099
# cell 1541: 7100 7101 7102 7103 7104
# cell 1542: 7105 7106 7107 7108 7109
# cell 1543: 7110 7111 7112 7113 7114
# cell 1544: 7115 7116 7117 7118 7119
# cell 1545: 7120 7121 7122 7123 7124
# cell 1546: 7125 7126 7127 7128 7129
# cell 1547: 7130 7131 7132 7133 7134
# cell 1548: 7135 7136 7137 7138 7139
# cell 1549: 7140 7141 7142 7143 7144
# cell 1550: 7145 7146 7147 7148 7149
# cell 1551: 7150 7151 7152 7153 7154
# cell 1552: 7155 7156 7157 7158 7159
# cell 1553: 7160 7161 7162 7163 7164
# cell 1554: 7165 7166 7167 7168 7169
# cell 1555: 7170 7171 7172 7173 7174
# cell 1556: 7175 7176 7177 7178 7179
# cell 1557: 7180 7181 7182 7183 7184
# cell 1558: 7185 7186 7187 7188 7189
# cell 1559: 7190 7191 7192 7193 7194
# cell 1560: 7195 7196 7197 7198 7199
# cell 1561: 7200 7201 7202 7203 7204
# cell 1562: 7205 7206 7207 7208 7209
# cell 1563: 7210 7211 7212 7213 7214
# cell 1564: 7215 7216 7217 7218 7219
# cell 1565: 7220 7221 7222 7223 7224
# cell 1566: 7225 7226 7227 7228 7229
# cell 1567: 7230 7231 7232 7233 7234
# cell 1568: 7235 7236 7237 7238 7239
# cell 1569: 7240 7241 7242 7243 7244
# cell 1570: 7245 7246 7247 7248 7249
# cell 1571: 7250 7251 7252 7253 7254
# cell 1572: 7255 7256 7257 7258 7259
# cell 1573: 7260 7261 7262 7263 7264
# cell 1574: 7265 7266 7267 7268 7269
# cell 1575: 7270 7271 7272 7273 7274
# cell 1576: 7275 7276 7277 7278 7279
# cell 1577: 7280 7281 7282 7283 7284
# cell 1578: 7285 7286 7287 7288 7289
# cell 1579: 7290 7291 7292 7293 7294
# cell 1580: 7295 7296 7297 7298 7299
# cell 1581: 7300 7301 7302 7303 7304
# cell 1582: 7305 7306 7307 7308 7309
# cell 1583: 7310 7311 7312 7313 7314
# cell 1584: 7315 7316 7317 7318 7319
# cell 1585: 7320 7321 7322 7323 7324
# cell 1586: 7325 7326 7327 7328 7329
# cell 1587: 7330 7331 7332 7333 7334
# cell 1588: 7335 7336 7337 7338 7339
# cell 1589: 7340 7341 7342 7343 7344
# cell 1590: 7345 7346 7347 7348 7349
# cell 1591: 7350 7351 7352 7353 7354
# cell 1592: 7355 7356 7357 7358 7359
# cell 1593: 7360 7361 7362 7363 7364
# cell 1594: 7365 7366 7367 7368 7369
# cell 1595: 7370 7371 7372 7373 7374
# cell 1596: 7375 7376 7377 7378 7379
# cell 1597: 7380 7381 7382 7383 7384
# cell 1598: 7385 7386 7387 7388 7389
# cell 1599: 7390 7391 7392 7393 7394
# cell 1600: 7395 7396 7397 7398 7399
# cell 1601: 7400 7401 7402 7403 7404
# cell 1602: 7405 7406 7407 7408 7409
# cell 1603: 7410 7411 7412 7413 7414
# cell 1604: 7415 7416 7417 7418 7419
# cell 1605: 7420 7421 7422 7423 7424
# cell 1606: 7425 7426 7427 7428 7429
# cell 1607: 7430 7431 7432 7433 7434
# cell 1608: 7435 7436 7437 7438 7439
# cell 1609: 7440 7441 7442 7443 7444
# cell 1610: 7445 7446 7447 7448 7449
# cell 1611: 7450 7451 7452 7453 7454
# cell 1612: 7455 7456 7457 7458 7459
# cell 1613: 7460 7461 7462 7463 7464
# cell 1614: 7465 7466 7467 7468 7469
# cell 1615: 7470 7471 7472 7473 7474
# cell 1616: 7475 7476 7477 7478 7479
# cell 1617: 7480 7481 7482 7483 7484
# cell 1618: 7485 7486 7487 7488 7489
# cell 1619: 7490 7491 7492 7493 7494
# cell 1620: 7495 7496 7497 7498 7499
# cell 1621: 7500 7501 7502 7503 7504
# cell 1622: 7505 7506 7507 7508 7509
# cell 1623: 7510 7511 7512 7513 7514
# cell 1624: 7515 7516 7517 7518 7519
# cell 1625: 7520 7521 7522 7523 7524
# cell 1626: 7525 7526 7527 7528 7529
# cell 1627: 7530 7531 7532 7533 7534
# cell 1628: 7535 7536 7537 7538 7539
# cell 1629: 7540 7541 7542 7543 7544
# cell 1630: 7545 7546 7547 7548 7549
# cell 1631: 7550 7551 7552 7553 7554
# cell 1632: 7555 7556 7557 7558 7559
# cell 1633: 7560 7561 7562 7563 7564
# cell 1634: 7565 7566 7567 7568 7569
# cell 1635: 7570 7571 7572 7573 7574
# cell 1636: 7575 7576 7577 7578 7579
# cell 1637: 7580 7581 7582 7583 7584
# cell 1638: 7585 7586 7587 7588 7589
# cell 1639: 7590 7591 7592 7593 7594
# cell 1640: 7595 7596 7597 7598 7599
# cell 1641: 7600 7601 7602 7603 7604
# cell 1642: 7605 7606 7607 7608 7609
# cell 1643: 7610 7611 7612 7613 7614
# cell 1644: 7615 7616 7617 7618 7619
# cell 1645: 7620 7621 7622 7623 7624
# cell 1646: 7625 7626 7627 7628 7629
# cell 1647: 7630 7631 7632 7633 7634
# cell 1648: 7635 7636 7637 7638 7639
# cell 1649: 7640 7641 7642 7643 7644
# cell 1650: 7645 7646 7647 7648 7649
# cell 1651: 7650 7651 7652 7653 7654
# cell 1652: 7655 7656 7657 7658 7659
# cell 1653: 7660 7661 7662 7663 7664
# cell 1654: 7665 7666 7667 7668 7669
# cell 1655: 7670 7671 7672 7673 7674
# cell 1656: 7675 7676 7677 7678 7679
# cell 1657: 7680 7681 7682 7683 7684
# cell 1658: 7685 7686 7687 7688 7689
# cell 1659: 7690 7691 7692 7693 7694
# cell 1660: 7695 7696 7697 7698 7699
# cell 1661: 7700 7701 7702 7703 7704
# cell 1662: 7705 7706 7707 7708 7709
# cell 1663: 7710 7711 7712 7713 7714
# cell 1664: 7715 7716 7717 7718 7719
# cell 1665: 7720 7721 7722 7723 7724
# cell 1666: 7725 7726 7727 7728 7729
# cell 1667: 7730 7731 7732 7733 7734
# cell 1668: 7735 7736 7737 7738 7739
# cell 1669: 7740 7741 7742 7743 7744
# cell 1670: 7745 7746 7747 7748 7749
# cell 1671: 7750 7751 7752 7753 7754
# cell 1672: 7755 7756 7757 7758 7759
# cell 1673: 7760 7761 7762 7763 7764
# cell 1674: 7765 7766 7767 7768 7769
# cell 1675: 7770 7771 7772 7773 7774
# cell 1676: 7775 7776 7777 7778 7779
# cell 1677: 7780 7781 7782 7783 7784
# cell 1678: 7785 7786 7787 7788 7789
# cell 1679: 7790 7791 7792 7793 7794
# cell 1680: 7795 7796 7797 7798 7799
# cell 1681: 7800 7801 7802 7803 7804
# cell 1682: 7805 7806 7807 7808 7809
# cell 1683: 7810 7811 7812 7813 7814
# cell 1684: 7815 7816 7817 7818 7819
# cell 1685: 7820 7821 7822 7823 7824
# cell 1686: 7825 7826 7827 7828 7829
# cell 1687: 7830 7831 7832 7833 7834
# cell 1688: 7835 7836 7837 7838 7839
# cell 1689: 7840 7841 7842 7843 7844
# cell 1690: 7845 7846 7847 7848 7849
# cell 1691: 7850 7851 7852 7853 7854
# cell 1692: 7855 7856 7857 7858 7859
# cell 1693: 7860 7861 7862 7863 7864
# cell 1694: 7865 7866 7867 7868 7869
# cell 1695: 7870 7871 7872 7873 7874
# cell 1696: 7875 7876 7877 7878 7879
# cell 1697: 7880 7881 7882 7883 7884
# cell 1698: 7885 7886 7887 7888 7889
# cell 1699: 7890 7891 7892 7893 7894
# cell 1700: 7895 7896 7897 7898 7899
# cell 1701: 7900 7901 7902 7903 7904
# cell 1702: 7905 7906 7907 7908 7909
# cell 1703: 7910 7911 7912 7913 7914
# cell 1704: 7915 7916 7917 7918 7919
# cell 1705: 7920 7921 7922 7923 7924
# cell 1706: 7925 7926 7927 7928 7929
# cell 1707: 7930 7931 7932 7933 7934
# cell 1708: 7935 7936 7937 7938 7939
# cell 1709: 7940 7941 7942 7943 7944
# cell 1710: 7945 7946 7947 7948 7949
# cell 1711: 7950 7951 7952 7953 7954
# cell 1712: 7955 7956 7957 7958 7959
# cell 1713: 7960 7961 7962 7963 7964
# cell 1714: 7965 7966 7967 7968 7969
# cell 1715: 7970 7971 7972 7973 7974
# cell 1716: 7975 7976 7977 7978 7979
# cell 1717: 7980 7981 7982 7983 7984
# cell 1718: 7985 7986 7987 7988 7989
# cell 1719: 7990 7991 7992 7993 7994
# cell 1720: 7995 7996 7997 7998 7999
# cell 1721: 8000 8001 8002 8003 8004
# cell 1722: 8005 8006 8007 8008 8009
# cell 1723: 8010 8011 8012 8013 8014
# cell 1724: 8015 8016 8017 8018 8019
# cell 1725: 8020 8021 8022 8023 8024
# cell 1726: 8025 8026 8027 8028 8029
# cell 1727: 8030 8031 8032 8033 8034
# cell 1728: 8035 8036 8037 8038 8039
# cell 1729: 8040 8041 8042 8043 8044
# cell 1730: 8045 8046 8047 8048 8049
# cell 1731: 8050 8051 8052 8053 8054
# cell 1732: 8055 8056 8057 8058 8059
# cell 1733: 8060 8061 8062 8063 8064
# cell 1734: 8065 8066 8067 8068 8069
# cell 1735: 8070 8071 8072 8073 8074
# cell 1736: 8075 8076 8077 8078 8079
# cell 1737: 8080 8081 8082 8083 8084
# cell 1738: 8085 8086 8087 8088 8089
# cell 1739: 8090 8091 8092 8093 8094
# cell 1740: 8095 8096 8097 8098 8099
# cell 1741: 8100 8101 8102 8103 8104
# cell 1742: 8105 8106 8107 8108 8109
# cell 1743: 8110 8111 8112 8113 8114
# cell 1744: 8115 8116 8117 8118 8119
# cell 1745: 8120 8121 8122 8123 8124
# cell 1746: 8125 8126 8127 8128 8129
# cell 1747: 8130 8131 8132 8133 8134
# cell 1748: 8135 8136 8137 8138 8139
# cell 1749: 8140 8141 8142 8143 8144
# cell 1750: 8145 8146 8147 8148 8149
# cell 1751: 8150 8151 8152 8153 8154
# cell 1752: 8155 8156 8157 8158 8159
# cell 1753: 8160 8161 8162 8163 8164
# cell 1754: 8165 8166 8167 8168 8169
# cell 1755: 8170 8171 8172 8173 8174
# cell 1756: 8175 8176 8177 8178 8179
# cell 1757: 8180 8181 8182 8183 8184
# cell 1758: 8185 8186 8187 8188 8189
# cell 1759: 8190 8191 8192 8193 8194
# cell 1760: 8195 8196 8197 8198 8199
# cell 1761: 8200 8201 8202 8203 8204
# cell 1762: 8205 8206 8207 8208 8209
# cell 1763: 8210 8211 8212 8213 8214
# cell 1764: 8215 8216 8217 8218 8219
# cell 1765: 8220 8221 8222 8223 8224
# cell 1766: 8225 8226 8227 8228 8229
# cell 1767: 8230 8231 8232 8233 8234
# cell 1768: 8235 8236 8237 8238 8239
# cell 1769: 8240 8241 8242 8243 8244
# cell 1770: 8245 8246 8247 8248 8249
# cell 1771: 8250 8251 8252 8253 8254
# cell 1772: 8255 8256 8257 8258 8259
# cell 1773: 8260 8261 8262 8263 8264
# cell 1774: 8265 8266 8267 8268 8269
# cell 1775: 8270 8271 8272 8273 8274
# cell 1776: 8275 8276 8277 8278 8279
# cell 1777: 8280 8281 8282 8283 8284
# cell 1778: 8285 8286 8287 8288 8289
# cell 1779: 8290 8291 8292 8293 8294
# cell 1780: 8295 8296 8297 8298 8299
# cell 1781: 8300 8301 8302 8303 8304
# cell 1782: 8305 8306 8307 8308 8309
# cell 1783: 8310 8311 8312 8313 8314
# cell 1784: 8315 8316 8317 8318 8319
# cell 1785: 8320 8321 8322 8323 8324
# cell 1786: 8325 8326 8327 8328 8329
# cell 1787: 8330 8331 8332 8333 8334
# cell 1788: 8335 8336 8337 8338 8339
# cell 1789: 8340 8341 8342 8343 8344
# cell 1790: 8345 8346 8347 8348 8349
# cell 1791: 8350 8351 8352 8353 8354
# cell 1792: 8355 8356 8357 8358 8359
# cell 1793: 8360 8361 8362 8363 8364
# cell 1794: 8365 8366 8367 8368 8369
# cell 1795: 8370 8371 8372 8373 8374
# cell 1796: 8375 8376 8377 8378 8379
# cell 1797: 8380 8381 8382 8383 8384
# cell 1798: 8385 8386 8387 8388 8389
# cell 1799: 8390 8391 8392 8393 8394
# cell 1800: 8395 8396 8397 8398 8399
# cell 1801: 8400 8401 8402 8403 8404 8405 8406
# cell 1802: 8407 8408 8409 8410 8411 8412 8413
# cell 1803: 8414 8415 8416 8417 8418 8419 8420
# cell 1804: 8421 8422 8423 8424 8425 8426 8427
# cell 1805: 8428 8429 8430 8431 8432 8433 8434
# cell 1806: 8435 8436 8437 8438 8439 8440 8441
# cell 1807: 8442 8443 8444 8445 8446 8447 8448
# cell 1808: 8449 8450 8451 8452 8453 8454 8455
# cell 1809: 8456 8457 8458 8459 8460 8461 8462
# cell 1810: 8463 8464 8465 8466 8467 8468 8469
# cell 1811: 8470 8471 8472 8473 8474 8475 8476
# cell 1812: 8477 8478 8479 8480 8481 8482 8483
# cell 1813: 8484 8485 8486 8487 8488 8489 8490
# cell 1814: 8491 8492 8493 8494 8495 8496 8497
# cell 1815: 8498 8499 8500 8501 8502 8503 8504
# cell 1816: 8505 8506 8507 8508 8509 8510 8511
# cell 1817: 8512 8513 8514 8515 8516 8517 8518
# cell 1818: 8519 8520 8521 8522 8523 8524 8525
# cell 1819: 8526 8527 8528 8529 8530 8531 8532
# cell 1820: 8533 8534 8535 8536 8537 8538 8539
# cell 1821: 8540 8541 8542 8543 8544 8545 8546
# cell 1822: 8547 8548 8549 8550 8551 8552 8553
# cell 1823: 8554 8555 8556 8557 8558 8559 8560
# cell 1824: 8561 8562 8563 8564 8565 8566 8567
# cell 1825: 8568 8569 8570 8571 8572 8573 8574
# cell 1826: 8575 8576 8577 8578 8579 8580 8581
# cell 1827: 8582 8583 8584 8585 8586 8587 8588
# cell 1828: 8589 8590 8591 8592 8593 8594 8595
# cell 1829: 8596 8597 8598 8599 8600 8601 8602
# cell 1830: 8603 8604 8605 8606 8607 8608 8609
# cell 1831: 8610 8611 8612 8613 8614 8615 8616
# cell 1832: 8617 8618 8619 8620 8621 8622 8623
# cell 1833: 8624 8625 8626 8627 8628 8629 8630
# cell 1834: 8631 8632 8633 8634 8635 8636 8637
# cell 1835: 8638 8639 8640 8641 8642 8643 8644
# cell 1836: 8645 8646 8647 8648 8649 8650 8651
# cell 1837: 8652 8653 8654 8655 8656 8657 8658
# cell 1838: 8659 8660 8661 8662 8663 8664 8665
# cell 1839: 8666 8667 8668 8669 8670 8671 8672
# cell 1840: 8673 8674 8675 8676 8677 8678 8679
# cell 1841: 8680 8681 8682 8683 8684 8685 8686
# cell 1842: 8687 8688 8689 8690 8691 8692 8693
# cell 1843: 8694 8695 8696 8697 8698 8699 8700
# cell 1844: 8701 8702 8703 8704 8705 8706 8707
# cell 1845: 8708 8709 8710 8711 8712 8713 8714
# cell 1846: 8715 8716 8717 8718 8719 8720 8721
# cell 1847: 8722 8723 8724 8725 8726 8727 8728
# cell 1848: 8729 8730 8731 8732 8733 8734 8735
# cell 1849: 8736 8737 8738 8739 8740 8741 8742
# cell 1850: 8743 8744 8745 8746 8747 8748 8749
# cell 1851: 8750 8751 8752 8753 8754 8755 8756
# cell 1852: 8757 8758 8759 8760 8761 8762 8763
# cell 1853: 8764 8765 8766 8767 8768 8769 8770
# cell 1854: 8771 8772 8773 8774 8775 8776 8777
# cell 1855: 8778 8779 8780 8781 8782 8783 8784
# cell 1856: 8785 8786 8787 8788 8789 8790 8791
# cell 1857: 8792 8793 8794 8795 8796 8797 8798
# cell 1858: 8799 8800 8801 8802 8803 8804 8805
# cell 1859: 8806 8807 8808 8809 8810 8811 8812
# cell 1860: 8813 8814 8815 8816 8817 8818 8819
# cell 1861: 8820 8821 8822 8823 8824 8825 8826
# cell 1862: 8827 8828 8829 8830 8831 8832 8833
# cell 1863: 8834 8835 8836 8837 8838 8839 8840
# cell 1864: 8841 8842 8843 8844 8845 8846 8847
# cell 1865: 8848 8849 8850 8851 8852 8853 8854
# cell 1866: 8855 8856 8857 8858 8859 8860 8861
# cell 1867: 8862 8863 8864 8865 8866 8867 8868
# cell 1868: 8869 8870 8871 8872 8873 8874 8875
# cell 1869: 8876 8877 8878 8879 8880 8881 8882
# cell 1870: 8883 8884 8885 8886 8887 8888 8889
# cell 1871: 8890 8891 8892 8893 8894 8895 8896
# cell 1872: 8897 8898 8899 8900 8901 8902 8903
# cell 1873: 8904 8905 8906 8907 8908 8909 8910
# cell 1874: 8911 8912 8913 8914 8915 8916 8917
# cell 1875: 8918 8919 8920 8921 8922 8923 8924
# cell 1876: 8925 8926 8927 8928 8929 8930 8931
# cell 1877: 8932 8933 8934 8935 8936 8937 8938
# cell 1878: 8939 8940 8941 8942 8943 8944 8945
# cell 1879: 8946 8947 8948 8949 8950 8951 8952
# cell 1880: 8953 8954 8955 8956 8957 8958 8959
# cell 1881: 8960 8961 8962 8963 8964 8965 8966
# cell 1882: 8967 8968 8969 8970 8971 8972 8973
# cell 1883: 8974 8975 8976 8977 8978 8979 8980
# cell 1884: 8981 8982 8983 8984 8985 8986 8987
# cell 1885: 8988 8989 8990 8991 8992 8993 8994
# cell 1886: 8995 8996 8997 8998 8999 9000 9001
# cell 1887: 9002 9003 9004 9005 9006 9007 9008
# cell 1888: 9009 9010 9011 9012 9013 9014 9015
# cell 1889: 9016 9017 9018 9019 9020 9021 9022
# cell 1890: 9023 9024 9025 9026 9027 9028 9029
# cell 1891: 9030 9031 9032 9033 9034 9035 9036
# cell 1892: 9037 9038 9039 9040 9041 9042 9043
# cell 1893: 9044 9045 9046 9047 9048 9049 9050
# cell 1894: 9051 9052 9053 9054 9055 9056 9057
# cell 1895: 9058 9059 9060 9061 9062 9063 9064
# cell 1896: 9065 9066 9067 9068 9069 9070 9071
# cell 1897: 9072 9073 9074 9075 9076 9077 9078
# cell 1898: 9079 9080 9081 9082 9083 9084 9085
# cell 1899: 9086 9087 9088 9089 9090 9091 9092
# cell 1900: 9093 9094 9095 9096 9097 9098 9099
# cell 1901: 9100 9101 9102 9103 9104 9105 9106
# cell 1902: 9107 9108 9109 9110 9111 9112 9113
# cell 1903: 9114 9115 9116 9117 9118 9119 9120
# cell 1904: 9121 9122 9123 9124 9125 9126 9127
# cell 1905: 9128 9129 9130 9131 9132 9133 9134
# cell 1906: 9135 9136 9137 9138 9139 9140 9141
# cell 1907: 9142 9143 9144 9145 9146 9147 9148
# cell 1908: 9149 9150 9151 9152 9153 9154 9155
# cell 1909: 9156 9157 9158 9159 9160 9161 9162
# cell 1910: 9163 9164 9165 9166 9167 9168 9169
# cell 1911: 9170 9171 9172 9173 9174 9175 9176
# cell 1912: 9177 9178 9179 9180 9181 9182 9183
# cell 1913: 9184 9185 9186 9187 9188 9189 9190
# cell 1914: 9191 9192 9193 9194 9195 9196 9197
# cell 1915: 9198 9199 9200 9201 9202 9203 9204
# cell 1916: 9205 9206 9207 9208 9209 9210 9211
# cell 1917: 9212 9213 9214 9215 9216 9217 9218
# cell 1918: 9219 9220 9221 9222 9223 9224 9225
# cell 1919: 9226 9227 9228 9229 9230 9231 9232
# cell 1920: 9233 9234 9235 9236 9237 9238 9239
# cell 1921: 9240 9241 9242 9243 9244 9245 9246
# cell 1922: 9247 9248 9249 9250 9251 9252 9253
# cell 1923: 9254 9255 9256 9257 9258 9259 9260
# cell 1924: 9261 9262 9263 9264 9265 9266 9267
# cell 1925: 9268 9269 9270 9271 9272 9273 9274
# cell 1926: 9275 9276 9277 9278 9279 9280 9281
# cell 1927: 9282 9283 9284 9285 9286 9287 9288
# cell 1928: 9289 9290 9291 9292 9293 9294 9295
# cell 1929: 9296 9297 9298 9299 9300 9301 9302
# cell 1930: 9303 9304 9305 9306 9307 9308 9309
# cell 1931: 9310 9311 9312 9313 9314 9315 9316
# cell 1932: 9317 9318 9319 9320 9321 9322 9323
# cell 1933: 9324 9325 9326 9327 9328 9329 9330
# cell 1934: 9331 9332 9333 9334 9335 9336 9337
# cell 1935: 9338 9339 9340 9341 9342 9343 9344
# cell 1936: 9345 9346 9347 9348 9349 9350 9351
# cell 1937: 9352 9353 9354 9355 9356 9357 9358
# cell 1938: 9359 9360 9361 9362 9363 9364 9365
# cell 1939: 9366 9367 9368 9369 9370 9371 9372
# cell 1940: 9373 9374 9375 9376 9377 9378 9379
# cell 1941: 9380 9381 9382 9383 9384 9385 9386
# cell 1942: 9387 9388 9389 9390 9391 9392 9393
# cell 1943: 9394 9395 9396 9397 9398 9399 9400
# cell 1944: 9401 9402 9403 9404 9405 9406 9407
# cell 1945: 9408 9409 9410 9411 9412 9413 9414
# cell 1946: 9415 9416 9417 9418 9419 9420 9421
# cell 1947: 9422 9423 9424 9425 9426 9427 9428
# cell 1948: 9429 9430 9431 9432 9433 9434 9435
# cell 1949: 9436 9437 9438 9439 9440 9441 9442
# cell 1950: 9443 9444 9445 9446 9447 9448 9449
# cell 1951: 9450 9451 9452 9453 9454 9455 9456
# cell 1952: 9457 9458 9459 9460 9461 9462 9463
# cell 1953: 9464 9465 9466 9467 9468 9469 9470
# cell 1954: 9471 9472 9473 9474 9475 9476 9477
# cell 1955: 9478 9479 9480 9481 9482 9483 9484
# cell 1956: 9485 9486 9487 9488 9489 9490 9491
# cell 1957: 9492 9493 9494 9495 9496 9497 9498
# cell 1958: 9499 9500 9501 9502 9503 9504 9505
# cell 1959: 9506 9507 9508 9509 9510 9511 9512
# cell 1960: 9513 9514 9515 9516 9517 9518 9519
# cell 1961: 9520 9521 9522 9523 9524 9525 9526
# cell 1962: 9527 9528 9529 9530 9531 9532 9533
# cell 1963: 9534 9535 9536 9537 9538 9539 9540
# cell 1964: 9541 9542 9543 9544 9545 9546 9547
# cell 1965: 9548 9549 9550 9551 9552 9553 9554
# cell 1966: 9555 9556 9557 9558 9559 9560 9561
# cell 1967: 9562 9563 9564 9565 9566 9567 9568
# cell 1968: 9569 9570 9571 9572 9573 9574 9575
# cell 1969: 9576 9577 9578 9579 9580 9581 9582
# cell 1970: 9583 9584 9585 9586 9587 9588 9589
# cell 1971: 9590 9591 9592 9593 9594 9595 9596
# cell 1972: 9597 9598 9599 9600 9601 9602 9603
# cell 1973: 9604 9605 9606 9607 9608 9609 9610
# cell 1974: 9611 9612 9613 9614 9615 9616 9617
# cell 1975: 9618 9619 9620 9621 9622 9623 9624
# cell 1976: 9625 9626 9627 9628 9629 9630 9631
# cell 1977: 9632 9633 9634 9635 9636 9637 9638
# cell 1978: 9639 9640 9641 9642 9643 9644 9645
# cell 1979: 9646 9647 9648 9649 9650 9651 9652
# cell 1980: 9653 9654 9655 9656 9657 9658 9659
# cell 1981: 9660 9661 9662 9663 9664 9665 9666
# cell 1982: 9667 9668 9669 9670 9671 9672 9673
# cell 1983: 9674 9675 9676 9677 9678 9679 9680
# cell 1984: 9681 9682 9683 9684 9685 9686 9687
# cell 1985: 9688 9689 9690 9691 9692 9693 9694
# cell 1986: 9695 9696 9697 9698 9699 9700 9701
# cell 1987: 9702 9703 9704 9705 9706 9707 9708
# cell 1988: 9709 9710 9711 9712 9713 9714 9715
# cell 1989: 9716 9717 9718 9719 9720 9721 9722
# cell 1990: 9723 9724 9725 9726 9727 9728 9729
# cell 1991: 9730 9731 9732 9733 9734 9735 9736
# cell 1992: 9737 9738 9739 9740 9741 9742 9743
# cell 1993: 9744 9745 9746 9747 9748 9749 9750
# cell 1994: 9751 9752 9753 9754 9755 9756 9757
# cell 1995: 9758 9759 9760 9761 9762 9763 9764
# cell 1996: 9765 9766 9767 9768 9769 9770 9771
# cell 1997: 9772 9773 9774 9775 9776 9777 9778
# cell 1998: 9779 9780 9781 9782 9783 9784 9785
# cell 1999: 9786 9787 9788 9789 9790 9791 9792
# cell 2000: 9793 9794 9795 9796 9797 9798 9799
# cell 2001: 9800 9801 9802 9803 9804 9805 9806
# cell 2002: 9807 9808 9809 9810 9811 9812 9813
# cell 2003: 9814 9815 9816 9817 9818 9819 9820
# cell 2004: 9821 9822 9823 9824 9825 9826 9827
# cell 2005: 9828 9829 9830 9831 9832 9833 9834
# cell 2006: 9835 9836 9837 9838 9839 9840 9841
# cell 2007: 9842 9843 9844 9845 9846 9847 9848
# cell 2008: 9849 9850 9851 9852 9853 9854 9855
# cell 2009: 9856 9857 9858 9859 9860 9861 9862
# cell 2010: 9863 9864 9865 9866 9867 9868 9869
# cell 2011: 9870 9871 9872 9873 9874 9875 9876
# cell 2012: 9877 9878 9879 9880 9881 9882 9883
# cell 2013: 9884 9885 9886 9887 9888 9889 9890
# cell 2014: 9891 9892 9893 9894 9895 9896 9897
# cell 2015: 9898 9899 9900 9901 9902 9903 9904
# cell 2016: 9905 9906 9907 9908 9909 9910 9911
# cell 2017: 9912 9913 9914 9915 9916 9917 9918
# cell 2018: 9919 9920 9921 9922 9923 9924 9925
# cell 2019: 9926 9927 9928 9929 9930 9931 9932
# cell 2020: 9933 9934 9935 9936 9937 9938 9939
# cell 2021: 9940 9941 9942 9943 9944 9945 9946
# cell 2022: 9947 9948 9949 9950 9951 9952 9953
# cell 2023: 9954 9955 9956 9957 9958 9959 9960
# cell 2024: 9961 9962 9963 9964 9965 9966 9967
# cell 2025: 9968 9969 9970 9971 9972 9973 9974
# cell 2026: 9975 9976 9977 9978 9979 9980 9981
# cell 2027: 9982 9983 9984 9985 9986 9987 9988
# cell 2028: 9989 9990 9991 9992 9993 9994 9995
# cell 2029: 9996 9997 9998 9999 10000 10001 10002
# cell 2030: 10003 10004 10005 10006 10007 10008 10009
# cell 2031: 10010 10011 10012 10013 10014 10015 10016
# cell 2032: 10017 10018 10019 10020 10021 10022 10023
# cell 2033: 10024 10025 10026 10027 10028 10029 10030
# cell 2034: 10031 10032 10033 10034 10035 10036 10037
# cell 2035: 10038 10039 10040 10041 10042 10043 10044
# cell 2036: 10045 10046 10047 10048 10049 10050 10051
# cell 2037: 10052 10053 10054 10055 10056 10057 10058
# cell 2038: 10059 10060 10061 10062 10063 10064 10065
# cell 2039: 10066 10067 10068 10069 10070 10071 10072
# cell 2040: 10073 10074 10075 10076 10077 10078 10079
# cell 2041: 10080 10081 10082 10083 10084 10085 10086
# cell 2042: 10087 10088 10089 10090 10091 10092 10093
# cell 2043: 10094 10095 10096 10097 10098 10099 10100
# cell 2044: 10101 10102 10103 10104 10105 10106 10107
# cell 2045: 10108 10109 10110 10111 10112 10113 10114
# cell 2046: 10115 10116 10117 10118 10119 10120 10121
# cell 2047: 10122 10123 10124 10125 10126 10127 10128
# cell 2048: 10129 10130 10131 10132 10133 10134 10135
# cell 2049: 10136 10137 10138 10139 10140 10141 10142
# cell 2050: 10143 10144 10145 10146 10147 10148 10149
# cell 2051: 10150 10151 10152 10153 10154 10155 10156
# cell 2052: 10157 10158 10159 10160 10161 10162 10163
# cell 2053: 10164 10165 10166 10167 10168 10169 10170
# cell 2054: 10171 10172 10173 10174 10175 10176 10177
# cell 2055: 10178 10179 10180 10181 10182 10183 10184
# cell 2056: 10185 10186 10187 10188 10189 10190 10191
# cell 2057: 10192 10193 10194 10195 10196 10197 10198
# cell 2058: 10199 10200 10201 10202 10203 10204 10205
# cell 2059: 10206 10207 10208 10209 10210 10211 10212
# cell 2060: 10213 10214 10215 10216 10217 10218 10219
# cell 2061: 10220 10221 10222 10223 10224 10225 10226
# cell 2062: 10227 10228 10229 10230 10231 10232 10233
# cell 2063: 10234 10235 10236 10237 10238 10239 10240
# cell 2064: 10241 10242 10243 10244 10245 10246 10247
# cell 2065: 10248 10249 10250 10251 10252 10253 10254
# cell 2066: 10255 10256 10257 10258 10259 10260 10261
# cell 2067: 10262 10263 10264 10265 10266 10267 10268
# cell 2068: 10269 10270 10271 10272 10273 10274 10275
# cell 2069: 10276 10277 10278 10279 10280 10281 10282
# cell 2070: 10283 10284 10285 10286 10287 10288 10289
# cell 2071: 10290 10291 10292 10293 10294 10295 10296
# cell 2072: 10297 10298 10299 10300 10301 10302 10303
# cell 2073: 10304 10305 10306 10307 10308 10309 10310
# cell 2074: 10311 10312 10313 10314 10315 10316 10317
# cell 2075: 10318 10319 10320 10321 10322 10323 10324
# cell 2076: 10325 10326 10327 10328 10329 10330 10331
# cell 2077: 10332 10333 10334 10335 10336 10337 10338
# cell 2078: 10339 10340 10341 10342 10343 10344 10345
# cell 2079: 10346 10347 10348 10349 10350 10351 10352
# cell 2080: 10353 10354 10355 10356 10357 10358 10359
# cell 2081: 10360 10361 10362 10363 10364 10365 10366
# cell 2082: 10367 10368 10369 10370 10371 10372 10373
# cell 2083: 10374 10375 10376 10377 10378 10379 10380
# cell 2084: 10381 10382 10383 10384 10385 10386 10387
# cell 2085: 10388 10389 10390 10391 10392 10393 10394
# cell 2086: 10395 10396 10397 10398 10399 10400 10401
# cell 2087: 10402 10403 10404 10405 10406 10407 10408
# cell 2088: 10409 10410 10411 10412 10413 10414 10415
# cell 2089: 10416 10417 10418 10419 10420 10421 10422
# cell 2090: 10423 10424 10425 10426 10427 10428 10429
# cell 2091: 10430 10431 10432 10433 10434 10435 10436
# cell 2092: 10437 10438 10439 10440 10441 10442 10443
# cell 2093: 10444 10445 10446 10447 10448 10449 10450
# cell 2094: 10451 10452 10453 10454 10455 10456 10457
# cell 2095: 10458 10459 10460 10461 10462 10463 10464
# cell 2096: 10465 10466 10467 10468 10469 10470 10471
# cell 2097: 10472 10473 10474 10475 10476 10477 10478
# cell 2098: 10479 10480 10481 10482 10483 10484 10485
# cell 2099: 10486 10487 10488 10489 10490 10491 10492
# cell 2100: 10493 10494 10495 10496 10497 10498 10499
# cell 2101: 10500 10501 10502 10503 10504 10505 10506
# cell 2102: 10507 10508 10509 10510 10511 10512 10513
# cell 2103: 10514 10515 10516 10517 10518 10519 10520
# cell 2104: 10521 10522 10523 10524 10525 10526 10527
# cell 2105: 10528 10529 10530 10531 10532 10533 10534
# cell 2106: 10535 10536 10537 10538 10539 10540 10541
# cell 2107: 10542 10543 10544 10545 10546 10547 10548
# cell 2108: 10549 10550 10551 10552 10553 10554 10555
# cell 2109: 10556 10557 10558 10559 10560 10561 10562
# cell 2110: 10563 10564 10565 10566 10567 10568 10569
# cell 2111: 10570 10571 10572 10573 10574 10575 10576
# cell 2112: 10577 10578 10579 10580 10581 10582 10583
# cell 2113: 10584 10585 10586 10587 10588 10589 10590
# cell 2114: 10591 10592 10593 10594 10595 10596 10597
# cell 2115: 10598 10599 10600 10601 10602 10603 10604
# cell 2116: 10605 10606 10607 10608 10609 10610 10611
# cell 2117: 10612 10613 10614 10615 10616 10617 10618
# cell 2118: 10619 10620 10621 10622 10623 10624 10625
# cell 2119: 10626 10627 10628 10629 10630 10631 10632
# cell 2120: 10633 10634 10635 10636 10637 10638 10639
# cell 2121: 10640 10641 10642 10643 10644 10645 10646
# cell 2122: 10647 10648 10649 10650 10651 10652 10653
# cell 2123: 10654 10655 10656 10657 10658 10659 10660
# cell 2124: 10661 10662 10663 10664 10665 10666 10667
# cell 2125: 10668 10669 10670 10671 10672 10673 10674
# cell 2126: 10675 10676 10677 10678 10679 10680 10681
# cell 2127: 10682 10683 10684 10685 10686 10687 10688
# cell 2128: 10689 10690 10691 10692 10693 10694 10695
# cell 2129: 10696 10697 10698 10699 10700 10701 10702
# cell 2130: 10703 10704 10705 10706 10707 10708 10709
# cell 2131: 10710 10711 10712 10713 10714 10715 10716
# cell 2132: 10717 10718 10719 10720 10721 10722 10723
# cell 2133: 10724 10725 10726 10727 10728 10729 10730
# cell 2134: 10731 10732 10733 10734 10735 10736 10737
# cell 2135: 10738 10739 10740 10741 10742 10743 10744
# cell 2136: 10745 10746 10747 10748 10749 10750 10751
# cell 2137: 10752 10753 10754 10755 10756 10757 10758
# cell 2138: 10759 10760 10761 10762 10763 10764 10765
# cell 2139: 10766 10767 10768 10769 10770 10771 10772
# cell 2140: 10773 10774 10775 10776 10777 10778 10779
# cell 2141: 10780 10781 10782 10783 10784 10785 10786
# cell 2142: 10787 10788 10789 10790 10791 10792 10793
# cell 2143: 10794 10795 10796 10797 10798 10799 10800
# cell 2144: 10801 10802 10803 10804 10805 10806 10807
# cell 2145: 10808 10809 10810 10811 10812 10813 10814
# cell 2146: 10815 10816 10817 10818 10819 10820 10821
# cell 2147: 10822 10823 10824 10825 10826 10827 10828
# cell 2148: 10829 10830 10831 10832 10833 10834 10835
# cell 2149: 10836 10837 10838 10839 10840 10841 10842
# cell 2150: 10843 10844 10845 10846 10847 10848 10849
# cell 2151: 10850 10851 10852 10853 10854 10855 10856
# cell 2152: 10857 10858 10859 10860 10861 10862 10863
# cell 2153: 10864 10865 10866 10867 10868 10869 10870
# cell 2154: 10871 10872 10873 10874 10875 10876 10877
# cell 2155: 10878 10879 10880 10881 10882 10883 10884
# cell 2156: 10885 10886 10887 10888 10889 10890 10891
# cell 2157: 10892 10893 10894 10895 10896 10897 10898
# cell 2158: 10899 10900 10901 10902 10903 10904 10905
# cell 2159: 10906 10907 10908 10909 10910 10911 10912
# cell 2160: 10913 10914 10915 10916 10917 10918 10919
# cell 2161: 10920 10921 10922 10923 10924 10925 10926
# cell 2162: 10927 10928 10929 10930 10931 10932 10933
# cell 2163: 10934 10935 10936 10937 10938 10939 10940
# cell 2164: 10941 10942 10943 10944 10945 10946 10947
# cell 2165: 10948 10949 10950 10951 10952 10953 10954
# cell 2166: 10955 10956 10957 10958 10959 10960 10961
# cell 2167: 10962 10963 10964 10965 10966 10967 10968
# cell 2168: 10969 10970 10971 10972 10973 10974 10975
# cell 2169: 10976 10977 10978 10979 10980 10981 10982
# cell 2170: 10983 10984 10985 10986 10987 10988 10989
# cell 2171: 10990 10991 10992 10993 10994 10995 10996
# cell 2172: 10997 10998 10999 11000 11001 11002 11003
# cell 2173: 11004 11005 11006 11007 11008 11009 11010
# cell 2174: 11011 11012 11013 11014 11015 11016 11017
# cell 2175: 11018 11019 11020 11021 11022 11023 11024
# cell 2176: 11025 11026 11027 11028 11029 11030 11031
# cell 2177: 11032 11033 11034 11035 11036 11037 11038
# cell 2178: 11039 11040 11041 11042 11043 11044 11045
# cell 2179: 11046 11047 11048 11049 11050 11051 11052
# cell 2180: 11053 11054 11055 11056 11057 11058 11059
# cell 2181: 11060 11061 11062 11063 11064 11065 11066
# cell 2182: 11067 11068 11069 11070 11071 11072 11073
# cell 2183: 11074 11075 11076 11077 11078 11079 11080
# cell 2184: 11081 11082 11083 11084 11085 11086 11087
# cell 2185: 11088 11089 11090 11091 11092 11093 11094
# cell 2186: 11095 11096 11097 11098 11099 11100 11101
# cell 2187: 11102 11103 11104 11105 11106 11107 11108
# cell 2188: 11109 11110 11111 11112 11113 11114 11115
# cell 2189: 11116 11117 11118 11119 11120 11121 11122
# cell 2190: 11123 11124 11125 11126 11127 11128 11129
# cell 2191: 11130 11131 11132 11133 11134 11135 11136
# cell 2192: 11137 11138 11139 11140 11141 11142 11143
# cell 2193: 11144 11145 11146 11147 11148 11149 11150
# cell 2194: 11151 11152 11153 11154 11155 11156 11157
# cell 2195: 11158 11159 11160 11161 11162 11163 11164
# cell 2196: 11165 11166 11167 11168 11169 11170 11171
# cell 2197: 11172 11173 11174 11175 11176 11177 11178
# cell 2198: 11179 11180 11181 11182 11183 11184 11185
# cell 2199: 11186 11187 11188 11189 11190 11191 11192
# cell 2200: 11193 11194 11195 11196 11197 11198 11199
# cell 2201: 11200 11201 11202 11203 11204 11205 11206
# cell 2202: 11207 11208 11209 11210 11211 11212 11213
# cell 2203: 11214 11215 11216 11217 11218 11219 11220
# cell 2204: 11221 11222 11223 11224 11225 11226 11227
# cell 2205: 11228 11229 11230 11231 11232 11233 11234
# cell 2206: 11235 11236 11237 11238 11239 11240 11241
# cell 2207: 11242 11243 11244 11245 11246 11247 11248
# cell 2208: 11249 11250 11251 11252 11253 11254 11255
# cell 2209: 11256 11257 11258 11259 11260 11261 11262
# cell 2210: 11263 11264 11265 11266 11267 11268 11269
# cell 2211: 11270 11271 11272 11273 11274 11275 11276
# cell 2212: 11277 11278 11279 11280 11281 11282 11283
# cell 2213: 11284 11285 11286 11287 11288 11289 11290
# cell 2214: 11291 11292 11293 11294 11295 11296 11297
# cell 2215: 11298 11299 11300 11301 11302 11303 11304
# cell 2216: 11305 11306 11307 11308 11309 11310 11311
# cell 2217: 11312 11313 11314 11315 11316 11317 11318
# cell 2218: 11319 11320 11321 11322 11323 11324 11325
# cell 2219: 11326 11327 11328 11329 11330 11331 11332
# cell 2220: 11333 11334 11335 11336 11337 11338 11339
# cell 2221: 11340 11341 11342 11343 11344 11345 11346
# cell 2222: 11347 11348 11349 11350 11351 11352 11353
# cell 2223: 11354 11355 11356 11357 11358 11359 11360
# cell 2224: 11361 11362 11363 11364 11365 11366 11367
# cell 2225: 11368 11369 11370 11371 11372 11373 11374
# cell 2226: 11375 11376 11377 11378 11379 11380 11381
# cell 2227: 11382 11383 11384 11385 11386 11387 11388
# cell 2228: 11389 11390 11391 11392 11393 11394 11395
# cell 2229: 11396 11397 11398 11399 11400 11401 11402
# cell 2230: 11403 11404 11405 11406 11407 11408 11409
# cell 2231: 11410 11411 11412 11413 11414 11415 11416
# cell 2232: 11417 11418 11419 11420 11421 11422 11423
# cell 2233: 11424 11425 11426 11427 11428 11429 11430
# cell 2234: 11431 11432 11433 11434 11435 11436 11437
# cell 2235: 11438 11439 11440 11441 11442 11443 11444
# cell 2236: 11445 11446 11447 11448 11449 11450 11451
# cell 2237: 11452 11453 11454 11455 11456 11457 11458
# cell 2238: 11459 11460 11461 11462 11463 11464 11465
# cell 2239: 11466 11467 11468 11469 11470 11471 11472
# cell 2240: 11473 11474 11475 11476 11477 11478 11479
# cell 2241: 11480 11481 11482 11483 11484 11485 11486
# cell 2242: 11487 11488 11489 11490 11491 11492 11493
# cell 2243: 11494 11495 11496 11497 11498 11499 11500
# cell 2244: 11501 11502 11503 11504 11505 11506 11507
# cell 2245: 11508 11509 11510 11511 11512 11513 11514
# cell 2246: 11515 11516 11517 11518 11519 11520 11521
# cell 2247: 11522 11523 11524 11525 11526 11527 11528
# cell 2248: 11529 11530 11531 11532 11533 11534 11535
# cell 2249: 11536 11537 11538 11539 11540 11541 11542
# cell 2250: 11543 11544 11545 11546 11547 11548 11549
# cell 2251: 11550 11551 11552 11553 11554 11555 11556
# cell 2252: 11557 11558 11559 11560 11561 11562 11563
# cell 2253: 11564 11565 11566 11567 11568 11569 11570
# cell 2254: 11571 11572 11573 11574 11575 11576 11577
# cell 2255: 11578 11579 11580 11581 11582 11583 11584
# cell 2256: 11585 11586 11587 11588 11589 11590 11591
# cell 2257: 11592 11593 11594 11595 11596 11597 11598
# cell 2258: 11599 11600 11601 11602 11603 11604 11605
# cell 2259: 11606 11607 11608 11609 11610 11611 11612
# cell 2260: 11613 11614 11615 11616 11617 11618 11619
# cell 2261: 11620 11621 11622 11623 11624 11625 11626
# cell 2262: 11627 11628 11629 11630 11631 11632 11633
# cell 2263: 11634 11635 11636 11637 11638 11639 11640
# cell 2264: 11641 11642 11643 11644 11645 11646 11647
# cell 2265: 11648 11649 11650 11651 11652 11653 11654
# cell 2266: 11655 11656 11657 11658 11659 11660 11661
# cell 2267: 11662 11663 11664 11665 11666 11667 11668
# cell 2268: 11669 11670 11671 11672 11673 11674 11675
# cell 2269: 11676 11677 11678 11679 11680 11681 11682
# cell 2270: 11683 11684 11685 11686 11687 11688 11689
# cell 2271: 11690 11691 11692 11693 11694 11695 11696
# cell 2272: 11697 11698 11699 11700 11701 11702 11703
# cell 2273: 11704 11705 11706 11707 11708 11709 11710
# cell 2274: 11711 11712 11713 11714 11715 11716 11717
# cell 2275: 11718 11719 11720 11721 11722 11723 11724
# cell 2276: 11725 11726 11727 11728 11729 11730 11731
# cell 2277: 11732 11733 11734 11735 11736 11737 11738
# cell 2278: 11739 11740 11741 11742 11743 11744 11745
# cell 2279: 11746 11747 11748 11749 11750 11751 11752
# cell 2280: 11753 11754 11755 11756 11757 11758 11759
# cell 2281: 11760 11761 11762 11763 11764 11765 11766
# cell 2282: 11767 11768 11769 11770 11771 11772 11773
# cell 2283: 11774 11775 11776 11777 11778 11779 11780
# cell 2284: 11781 11782 11783 11784 11785 11786 11787
# cell 2285: 11788 11789 11790 11791 11792 11793 11794
# cell 2286: 11795 11796 11797 11798 11799 11800 11801
# cell 2287: 11802 11803 11804 11805 11806 11807 11808
# cell 2288: 11809 11810 11811 11812 11813 11814 11815
# cell 2289: 11816 11817 11818 11819 11820 11821 11822
# cell 2290: 11823 11824 11825 11826 11827 11828 11829
# cell 2291: 11830 11831 11832 11833 11834 11835 11836
# cell 2292: 11837 11838 11839 11840 11841 11842 11843
# cell 2293: 11844 11845 11846 11847 11848 11849 11850
# cell 2294: 11851 11852 11853 11854 11855 11856 11857
# cell 2295: 11858 11859 11860 11861 11862 11863 11864
# cell 2296: 11865 11866 11867 11868 11869 11870 11871
# cell 2297: 11872 11873 11874 11875 11876 11877 11878
# cell 2298: 11879 11880 11881 11882 11883 11884 11885
# cell 2299: 11886 11887 11888 11889 11890 11891 11892
# cell 2300: 11893 11894 11895 11896 11897 11898 11899
# cell 2301: 11900 11901 11902 11903 11904 11905 11906
# cell 2302: 11907 11908 11909 11910 11911 11912 11913
# cell 2303: 11914 11915 11916 11917 11918 11919 11920
# cell 2304: 11921 11922 11923 11924 11925 11926 11927
# cell 2305: 11928 11929 11930 11931 11932 11933 11934
# cell 2306: 11935 11936 11937 11938 11939 11940 11941
# cell 2307: 11942 11943 11944 11945 11946 11947 11948
# cell 2308: 11949 11950 11951 11952 11953 11954 11955
# cell 2309: 11956 11957 11958 11959 11960 11961 11962
# cell 2310: 11963 11964 11965 11966 11967 11968 11969
# cell 2311: 11970 11971 11972 11973 11974 11975 11976
# cell 2312: 11977 11978 11979 11980 11981 11982 11983
# cell 2313: 11984 11985 11986 11987 11988 11989 11990
# cell 2314: 11991 11992 11993 11994 11995 11996 11997
# cell 2315: 11998 11999 12000 12001 12002 12003 12004
# cell 2316: 12005 12006 12007 12008 12009 12010 12011
# cell 2317: 12012 12013 12014 12015 12016 12017 12018
# cell 2318: 12019 12020 12021 12022 12023 12024 12025
# cell 2319: 12026 12027 12028 12029 12030 12031 12032
# cell 2320: 12033 12034 12035 12036 12037 12038 12039
# cell 2321: 12040 12041 12042 12043 12044 12045 12046
# cell 2322: 12047 12048 12049 12050 12051 12052 12053
# cell 2323: 12054 12055 12056 12057 12058 12059 12060
# cell 2324: 12061 12062 12063 12064 12065 12066 12067
# cell 2325: 12068 12069 12070 12071 12072 12073 12074
# cell 2326: 12075 12076 12077 12078 12079 12080 12081
# cell 2327: 12082 12083 12084 12085 12086 12087 12088
# cell 2328: 12089 12090 12091 12092 12093 12094 12095
# cell 2329: 12096 12097 12098 12099 12100 12101 12102
# cell 2330: 12103 12104 12105 12106 12107 12108 12109
# cell 2331: 12110 12111 12112 12113 12114 12115 12116
# cell 2332: 12117 12118 12119 12120 12121 12122 12123
# cell 2333: 12124 12125 12126 12127 12128 12129 12130
# cell 2334: 12131 12132 12133 12134 12135 12136 12137
# cell 2335: 12138 12139 12140 12141 12142 12143 12144
# cell 2336: 12145 12146 12147 12148 12149 12150 12151
# cell 2337: 12152 12153 12154 12155 12156 12157 12158
# cell 2338: 12159 12160 12161 12162 12163 12164 12165
# cell 2339: 12166 12167 12168 12169 12170 12171 12172
# cell 2340: 12173 12174 12175 12176 12177 12178 12179
# cell 2341: 12180 12181 12182 12183 12184 12185 12186
# cell 2342: 12187 12188 12189 12190 12191 12192 12193
# cell 2343: 12194 12195 12196 12197 12198 12199 12200
# cell 2344: 12201 12202 12203 12204 12205 12206 12207
# cell 2345: 12208 12209 12210 12211 12212 12213 12214
# cell 2346: 12215 12216 12217 12218 12219 12220 12221
# cell 2347: 12222 12223 12224 12225 12226 12227 12228
# cell 2348: 12229 12230 12231 12232 12233 12234 12235
# cell 2349: 12236 12237 12238 12239 12240 12241 12242
# cell 2350: 12243 12244 12245 12246 12247 12248 12249
# cell 2351: 12250 12251 12252 12253 12254 12255 12256
# cell 2352: 12257 12258 12259 12260 12261 12262 12263
# cell 2353: 12264 12265 12266 12267 12268 12269 12270
# cell 2354: 12271 12272 12273 12274 12275 12276 12277
# cell 2355: 12278 12279 12280 12281 12282 12283 12284
# cell 2356: 12285 12286 12287 12288 12289 12290 12291
# cell 2357: 12292 12293 12294 12295 12296 12297 12298
# cell 2358: 12299 12300 12301 12302 12303 12304 12305
# cell 2359: 12306 12307 12308 12309 12310 12311 12312
# cell 2360: 12313 12314 12315 12316 12317 12318 12319
# cell 2361: 12320 12321 12322 12323 12324 12325 12326
# cell 2362: 12327 12328 12329 12330 12331 12332 12333
# cell 2363: 12334 12335 12336 12337 12338 12339 12340
# cell 2364: 12341 12342 12343 12344 12345 12346 12347
# cell 2365: 12348 12349 12350 12351 12352 12353 12354
# cell 2366: 12355 12356 12357 12358 12359 12360 12361
# cell 2367: 12362 12363 12364 12365 12366 12367 12368
# cell 2368: 12369 12370 12371 12372 12373 12374 12375
# cell 2369: 12376 12377 12378 12379 12380 12381 12382
# cell 2370: 12383 12384 12385 12386 12387 12388 12389
# cell 2371: 12390 12391 12392 12393 12394 12395 12396
# cell 2372: 12397 12398 12399 12400 12401 12402 12403
# cell 2373: 12404 12405 12406 12407 12408 12409 12410
# cell 2374: 12411 12412 12413 12414 12415 12416 12417
# cell 2375: 12418 12419 12420 12421 12422 12423 12424
# cell 2376: 12425 12426 12427 12428 12429 12430 12431
# cell 2377: 12432 12433 12434 12435 12436 12437 12438
# cell 2378: 12439 12440 12441 12442 12443 12444 12445
# cell 2379: 12446 12447 12448 12449 12450 12451 12452
# cell 2380: 12453 12454 12455 12456 12457 12458 12459
# cell 2381: 12460 12461 12462 12463 12464 12465 12466
# cell 2382: 12467 12468 12469 12470 12471 12472 12473
# cell 2383: 12474 12475 12476 12477 12478 12479 12480
# cell 2384: 12481 12482 12483 12484 12485 12486 12487
# cell 2385: 12488 12489 12490 12491 12492 12493 12494
# cell 2386: 12495 12496 12497 12498 12499 12500 12501
# cell 2387: 12502 12503 12504 12505 12506 12507 12508
# cell 2388: 12509 12510 12511 12512 12513 12514 12515
# cell 2389: 12516 12517 12518 12519 12520 12521 12522
# cell 2390: 12523 12524 12525 12526 12527 12528 12529
# cell 2391: 12530 12531 12532 12533 12534 12535 12536
# cell 2392: 12537 12538 12539 12540 12541 12542 12543
# cell 2393: 12544 12545 12546 12547 12548 12549 12550
# cell 2394: 12551 12552 12553 12554 12555 12556 12557
# cell 2395: 12558 12559 12560 12561 12562 12563 12564
# cell 2396: 12565 12566 12567 12568 12569 12570 12571
# cell 2397: 12572 12573 12574 12575 12576 12577 12578
# cell 2398: 12579 12580 12581 12582 12583 12584 12585
# cell 2399: 12586 12587 12588 12589 12590 12591 12592
# cell 2400: 12593 12594 12595 12596 12597 12598 12599
# cell 2401: 12600 12601 12602 12603 12604 12605 12606
# cell 2402: 12607 12608 12609 12610 12611 12612 12613
# cell 2403: 12614 12615 12616 12617 12618 12619 12620
# cell 2404: 12621 12622 12623 12624 12625 12626 12627
# cell 2405: 12628 12629 12630 12631 12632 12633 12634
# cell 2406: 12635 12636 12637 12638 12639 12640 12641
# cell 2407: 12642 12643 12644 12645 12646 12647 12648
# cell 2408: 12649 12650 12651 12652 12653 12654 12655
# cell 2409: 12656 12657 12658 12659 12660 12661 12662
# cell 2410: 12663 12664 12665 12666 12667 12668 12669
# cell 2411: 12670 12671 12672 12673 12674 12675 12676
# cell 2412: 12677 12678 12679 12680 12681 12682 12683
# cell 2413: 12684 12685 12686 12687 12688 12689 12690
# cell 2414: 12691 12692 12693 12694 12695 12696 12697
# cell 2415: 12698 12699 12700 12701 12702 12703 12704
# cell 2416: 12705 12706 12707 12708 12709 12710 12711
# cell 2417: 12712 12713 12714 12715 12716 12717 12718
# cell 2418: 12719 12720 12721 12722 12723 12724 12725
# cell 2419: 12726 12727 12728 12729 12730 12731 12732
# cell 2420: 12733 12734 12735 12736 12737 12738 12739
# cell 2421: 12740 12741 12742 12743 12744 12745 12746
# cell 2422: 12747 12748 12749 12750 12751 12752 12753
# cell 2423: 12754 12755 12756 12757 12758 12759 12760
# cell 2424: 12761 12762 12763 12764 12765 12766 12767
# cell 2425: 12768 12769 12770 12771 12772 12773 12774
# cell 2426: 12775 12776 12777 12778 12779 12780 12781
# cell 2427: 12782 12783 12784 12785 12786 12787 12788
# cell 2428: 12789 12790 12791 12792 12793 12794 12795
# cell 2429: 12796 12797 12798 12799 12800 12801 12802
# cell 2430: 12803 12804 12805 12806 12807 12808 12809
# cell 2431: 12810 12811 12812 12813 12814 12815 12816
# cell 2432: 12817 12818 12819 12820 12821 12822 12823
# cell 2433: 12824 12825 12826 12827 12828 12829 12830
# cell 2434: 12831 12832 12833 12834 12835 12836 12837
# cell 2435: 12838 12839 12840 12841 12842 12843 12844
# cell 2436: 12845 12846 12847 12848 12849 12850 12851
# cell 2437: 12852 12853 12854 12855 12856 12857 12858
# cell 2438: 12859 12860 12861 12862 12863 12864 12865
# cell 2439: 12866 12867 12868 12869 12870 12871 12872
# cell 2440: 12873 12874 12875 12876 12877 12878 12879
# cell 2441: 12880 12881 12882 12883 12884 12885 12886
# cell 2442: 12887 12888 12889 12890 12891 12892 12893
# cell 2443: 12894 12895 12896 12897 12898 12899 12900
# cell 2444: 12901 12902 12903 12904 12905 12906 12907
# cell 2445: 12908 12909 12910 12911 12912 12913 12914
# cell 2446: 12915 12916 12917 12918 12919 12920 12921
# cell 2447: 12922 12923 12924 12925 12926 12927 12928
# cell 2448: 12929 12930 12931 12932 12933 12934 12935
# cell 2449: 12936 12937 12938 12939 12940 12941 12942
# cell 2450: 12943 12944 12945 12946 12947 12948 12949
# cell 2451: 12950 12951 12952 12953 12954 12955 12956
# cell 2452: 12957 12958 12959 12960 12961 12962 12963
# cell 2453: 12964 12965 12966 12967 12968 12969 12970
# cell 2454: 12971 12972 12973 12974 12975 12976 12977
# cell 2455: 12978 12979 12980 12981 12982 12983 12984
# cell 2456: 12985 12986 12987 12988 12989 12990 12991
# cell 2457: 12992 12993 12994 12995 12996 12997 12998
# cell 2458: 12999 13000 13001 13002 13003 13004 13005
# cell 2459: 13006 13007 13008 13009 13010 13011 13012
# cell 2460: 13013 13014 13015 13016 13017 13018 13019
# cell 2461: 13020 13021 13022 13023 13024 13025 13026
# cell 2462: 13027 13028 13029 13030 13031 13032 13033
# cell 2463: 13034 13035 13036 13037 13038 13039 13040
# cell 2464: 13041 13042 13043 13044 13045 13046 13047
# cell 2465: 13048 13049 13050 13051 13052 13053 13054
# cell 2466: 13055 13056 13057 13058 13059 13060 13061
# cell 2467: 13062 13063 13064 13065 13066 13067 13068
# cell 2468: 13069 13070 13071 13072 13073 13074 13075
# cell 2469: 13076 13077 13078 13079 13080 13081 13082
# cell 2470: 13083 13084 13085 13086 13087 13088 13089
# cell 2471: 13090 13091 13092 13093 13094 13095 13096
# cell 2472: 13097 13098 13099 13100 13101 13102 13103
# cell 2473: 13104 13105 13106 13107 13108 13109 13110
# cell 2474: 13111 13112 13113 13114 13115 13116 13117
# cell 2475: 13118 13119 13120 13121 13122 13123 13124
# cell 2476: 13125 13126 13127 13128 13129 13130 13131
# cell 2477: 13132 13133 13134 13135 13136 13137 13138
# cell 2478: 13139 13140 13141 13142 13143 13144 13145
# cell 2479: 13146 13147 13148 13149 13150 13151 13152
# cell 2480: 13153 13154 13155 13156 13157 13158 13159
# cell 2481: 13160 13161 13162 13163 13164 13165 13166
# cell 2482: 13167 13168 13169 13170 13171 13172 13173
# cell 2483: 13174 13175 13176 13177 13178 13179 13180
# cell 2484: 13181 13182 13183 13184 13185 13186 13187
# cell 2485: 13188 13189 13190 13191 13192 13193 13194
# cell 2486: 13195 13196 13197 13198 13199 13200 13201
# cell 2487: 13202 13203 13204 13205 13206 13207 13208
# cell 2488: 13209 13210 13211 13212 13213 13214 13215
# cell 2489: 13216 13217 13218 13219 13220 13221 13222
# cell 2490: 13223 13224 13225 13226 13227 13228 13229
# cell 2491: 13230 13231 13232 13233 13234 13235 13236
# cell 2492: 13237 13238 13239 13240 13241 13242 13243
# cell 2493: 13244 13245 13246 13247 13248 13249 13250
# cell 2494: 13251 13252 13253 13254 13255 13256 13257
# cell 2495: 13258 13259 13260 13261 13262 13263 13264
# cell 2496: 13265 13266 13267 13268 13269 13270 13271
# cell 2497: 13272 13273 13274 13275 13276 13277 13278
# cell 2498: 13279 13280 13281 13282 13283 13284 13285
# cell 2499: 13286 13287 13288 13289 13290 13291 13292
# cell 2500: 13293 13294 13295 13296 13297 13298 13299
# cell 2501: 13300 13301 13302 13303 13304 13305 13306
# cell 2502: 13307 13308 13309 13310 13311 13312 13313
# cell 2503: 13314 13315 13316 13317 13318 13319 13320
# cell 2504: 13321 13322 13323 13324 13325 13326 13327
# cell 2505: 13328 13329 13330 13331 13332 13333 13334
# cell 2506: 13335 13336 13337 13338 13339 13340 13341
# cell 2507: 13342 13343 13344 13345 13346 13347 13348
# cell 2508: 13349 13350 13351 13352 13353 13354 13355
# cell 2509: 13356 13357 13358 13359 13360 13361 13362
# cell 2510: 13363 13364 13365 13366 13367 13368 13369
# cell 2511: 13370 13371 13372 13373 13374 13375 13376
# cell 2512: 13377 13378 13379 13380 13381 13382 13383
# cell 2513: 13384 13385 13386 13387 13388 13389 13390
# cell 2514: 13391 13392 13393 13394 13395 13396 13397
# cell 2515: 13398 13399 13400 13401 13402 13403 13404
# cell 2516: 13405 13406 13407 13408 13409 13410 13411
# cell 2517: 13412 13413 13414 13415 13416 13417 13418
# cell 2518: 13419 13420 13421 13422 13423 13424 13425
# cell 2519: 13426 13427 13428 13429 13430 13431 13432
# cell 2520: 13433 13434 13435 13436 13437 13438 13439
# cell 2521: 13440 13441 13442 13443 13444 13445 13446 13447 13448 13449 13450 13451
# cell 2522: 13452 13453 13454 13455 13456 13457 13458 13459 13460 13461 13462 13463
# cell 2523: 13464 13465 13466 13467 13468 13469 13470 13471 13472 13473 13474 13475
# cell 2524: 13476 13477 13478 13479 13480 13481 13482 13483 13484 13485 13486 13487
# cell 2525: 13488 13489 13490 13491 13492 13493 13494 13495 13496 13497 13498 13499
# cell 2526: 13500 13501 13502 13503 13504 13505 13506 13507 13508 13509 13510 13511
# cell 2527: 13512 13513 13514 13515 13516 13517 13518 13519 13520 13521 13522 13523
# cell 2528: 13524 13525 13526 13527 13528 13529 13530 13531 13532 13533 13534 13535
# cell 2529: 13536 13537 13538 13539 13540 13541 13542 13543 13544 13545 13546 13547
# cell 2530: 13548 13549 13550 13551 13552 13553 13554 13555 13556 13557 13558 13559
# cell 2531: 13560 13561 13562 13563 13564 13565 13566 13567 13568 13569 13570 13571
# cell 2532: 13572 13573 13574 13575 13576 13577 13578 13579 13580 13581 13582 13583
# cell 2533: 13584 13585 13586 13587 13588 13589 13590 13591 13592 13593 13594 13595
# cell 2534: 13596 13597 13598 13599 13600 13601 13602 13603 13604 13605 13606 13607
# cell 2535: 13608 13609 13610 13611 13612 13613 13614 13615 13616 13617 13618 13619
# cell 2536: 13620 13621 13622 13623 13624 13625 13626 13627 13628 13629 13630 13631
# cell 2537: 13632 13633 13634 13635 13636 13637 13638 13639 13640 13641 13642 13643
# cell 2538: 13644 13645 13646 13647 13648 13649 13650 13651 13652 13653 13654 13655
# cell 2539: 13656 13657 13658 13659 13660 13661 13662 13663 13664 13665 13666 13667
# cell 2540: 13668 13669 13670 13671 13672 13673 13674 13675 13676 13677 13678 13679
# cell 2541: 13680 13681 13682 13683 13684 13685 13686 13687 13688 13689 13690 13691
# cell 2542: 13692 13693 13694 13695 13696 13697 13698 13699 13700 13701 13702 13703
# cell 2543: 13704 13705 13706 13707 13708 13709 13710 13711 13712 13713 13714 13715
# cell 2544: 13716 13717 13718 13719 13720 13721 13722 13723 13724 13725 13726 13727
# cell 2545: 13728 13729 13730 13731 13732 13733 13734 13735 13736 13737 13738 13739
# cell 2546: 13740 13741 13742 13743 13744 13745 13746 13747 13748 13749 13750 13751
# cell 2547: 13752 13753 13754 13755 13756 13757 13758 13759 13760 13761 13762 13763
# cell 2548: 13764 13765 13766 13767 13768 13769 13770 13771 13772 13773 13774 13775
# cell 2549: 13776 13777 13778 13779 13780 13781 13782 13783 13784 13785 13786 13787
# cell 2550: 13788 13789 13790 13791 13792 13793 13794 13795 13796 13797 13798 13799
# cell 2551: 13800 13801 13802 13803 13804 13805 13806 13807 13808 13809 13810 13811
# cell 2552: 13812 13813 13814 13815 13816 13817 13818 13819 13820 13821 13822 13823
# cell 2553: 13824 13825 13826 13827 13828 13829 13830 13831 13832 13833 13834 13835
# cell 2554: 13836 13837 13838 13839 13840 13841 13842 13843 13844 13845 13846 13847
# cell 2555: 13848 13849 13850 13851 13852 13853 13854 13855 13856 13857 13858 13859
# cell 2556: 13860 13861 13862 13863 13864 13865 13866 13867 13868 13869 13870 13871
# cell 2557: 13872 13873 13874 13875 13876 13877 13878 13879 13880 13881 13882 13883
# cell 2558: 13884 13885 13886 13887 13888 13889 13890 13891 13892 13893 13894 13895
# cell 2559: 13896 13897 13898 13899 13900 13901 13902 13903 13904 13905 13906 13907
# cell 2560: 13908 13909 13910 13911 13912 13913 13914 13915 13916 13917 13918 13919
# cell 2561: 13920 13921 13922 13923 13924 13925 13926 13927 13928 13929 13930 13931
# cell 2562: 13932 13933 13934 13935 13936 13937 13938 13939 13940 13941 13942 13943
# cell 2563: 13944 13945 13946 13947 13948 13949 13950 13951 13952 13953 13954 13955
# cell 2564: 13956 13957 13958 13959 13960 13961 13962 13963 13964 13965 13966 13967
# cell 2565: 13968 13969 13970 13971 13972 13973 13974 13975 13976 13977 13978 13979
# cell 2566: 13980 13981 13982 13983 13984 13985 13986 13987 13988 13989 13990 13991
# cell 2567: 13992 13993 13994 13995 13996 13997 13998 13999 14000 14001 14002 14003
# cell 2568: 14004 14005 14006 14007 14008 14009 14010 14011 14012 14013 14014 14015
# cell 2569: 14016 14017 14018 14019 14020 14021 14022 14023 14024 14025 14026 14027
# cell 2570: 14028 14029 14030 14031 14032 14033 14034 14035 14036 14037 14038 14039
# cell 2571: 14040 14041 14042 14043 14044 14045 14046 14047 14048 14049 14050 14051
# cell 2572: 14052 14053 14054 14055 14056 14057 14058 14059 14060 14061 14062 14063
# cell 2573: 14064 14065 14066 14067 14068 14069 14070 14071 14072 14073 14074 14075
# cell 2574: 14076 14077 14078 14079 14080 14081 14082 14083 14084 14085 14086 14087
# cell 2575: 14088 14089 14090 14091 14092 14093 14094 14095 14096 14097 14098 14099
# cell 2576: 14100 14101 14102 14103 14104 14105 14106 14107 14108 14109 14110 14111
# cell 2577: 14112 14113 14114 14115 14116 14117 14118 14119 14120 14121 14122 14123
# cell 2578: 14124 14125 14126 14127 14128 14129 14130 14131 14132 14133 14134 14135
# cell 2579: 14136 14137 14138 14139 14140 14141 14142 14143 14144 14145 14146 14147
# cell 2580: 14148 14149 14150 14151 14152 14153 14154 14155 14156 14157 14158 14159
# cell 2581: 14160 14161 14162 14163 14164 14165 14166 14167 14168 14169 14170 14171
# cell 2582: 14172 14173 14174 14175 14176 14177 14178 14179 14180 14181 14182 14183
# cell 2583: 14184 14185 14186 14187 14188 14189 14190 14191 14192 14193 14194 14195
# cell 2584: 14196 14197 14198 14199 14200 14201 14202 14203 14204 14205 14206 14207
# cell 2585: 14208 14209 14210 14211 14212 14213 14214 14215 14216 14217 14218 14219
# cell 2586: 14220 14221 14222 14223 14224 14225 14226 14227 14228 14229 14230 14231
# cell 2587: 14232 14233 14234 14235 14236 14237 14238 14239 14240 14241 14242 14243
# cell 2588: 14244 14245 14246 14247 14248 14249 14250 14251 14252 14253 14254 14255
# cell 2589: 14256 14257 14258 14259 14260 14261 14262 14263 14264 14265 14266 14267
# cell 2590: 14268 14269 14270 14271 14272 14273 14274 14275 14276 14277 14278 14279
# cell 2591: 14280 14281 14282 14283 14284 14285 14286 14287 14288 14289 14290 14291
# cell 2592: 14292 14293 14294 14295 14296 14297 14298 14299 14300 14301 14302 14303
# cell 2593: 14304 14305 14306 14307 14308 14309 14310 14311 14312 14313 14314 14315
# cell 2594: 14316 14317 14318 14319 14320 14321 14322 14323 14324 14325 14326 14327
# cell 2595: 14328 14329 14330 14331 14332 14333 14334 14335 14336 14337 14338 14339
# cell 2596: 14340 14341 14342 14343 14344 14345 14346 14347 14348 14349 14350 14351
# cell 2597: 14352 14353 14354 14355 14356 14357 14358 14359 14360 14361 14362 14363
# cell 2598: 14364 14365 14366 14367 14368 14369 14370 14371 14372 14373 14374 14375
# cell 2599: 14376 14377 14378 14379 14380 14381 14382 14383 14384 14385 14386 14387
# cell 2600: 14388 14389 14390 14391 14392 14393 14394 14395 14396 14397 14398 14399
# cell 2601: 14400 14401 14402 14403 14404 14405 14406 14407 14408 14409 14410 14411
# cell 2602: 14412 14413 14414 14415 14416 14417 14418 14419 14420 14421 14422 14423
# cell 2603: 14424 14425 14426 14427 14428 14429 14430 14431 14432 14433 14434 14435
# cell 2604: 14436 14437 14438 14439 14440 14441 14442 14443 14444 14445 14446 14447
# cell 2605: 14448 14449 14450 14451 14452 14453 14454 14455 14456 14457 14458 14459
# cell 2606: 14460 14461 14462 14463 14464 14465 14466 14467 14468 14469 14470 14471
# cell 2607: 14472 14473 14474 14475 14476 14477 14478 14479 14480 14481 14482 14483
# cell 2608: 14484 14485 14486 14487 14488 14489 14490 14491 14492 14493 14494 14495
# cell 2609: 14496 14497 14498 14499 14500 14501 14502 14503 14504 14505 14506 14507
# cell 2610: 14508 14509 14510 14511 14512 14513 14514 14515 14516 14517 14518 14519
# cell 2611: 14520 14521 14522 14523 14524 14525 14526 14527 14528 14529 14530 14531
# cell 2612: 14532 14533 14534 14535 14536 14537 14538 14539 14540 14541 14542 14543
# cell 2613: 14544 14545 14546 14547 14548 14549 14550 14551 14552 14553 14554 14555
# cell 2614: 14556 14557 14558 14559 14560 14561 14562 14563 14564 14565 14566 14567
# cell 2615: 14568 14569 14570 14571 14572 14573 14574 14575 14576 14577 14578 14579
# cell 2616: 14580 14581 14582 14583 14584 14585 14586 14587 14588 14589 14590 14591
# cell 2617: 14592 14593 14594 14595 14596 14597 14598 14599 14600 14601 14602 14603
# cell 2618: 14604 14605 14606 14607 14608 14609 14610 14611 14612 14613 14614 14615
# cell 2619: 14616 14617 14618 14619 14620 14621 14622 14623 14624 14625 14626 14627
# cell 2620: 14628 14629 14630 14631 14632 14633 14634 14635 14636 14637 14638 14639
# cell 2621: 14640 14641 14642 14643 14644 14645 14646 14647 14648 14649 14650 14651
# cell 2622: 14652 14653 14654 14655 14656 14657 14658 14659 14660 14661 14662 14663
# cell 2623: 14664 14665 14666 14667 14668 14669 14670 14671 14672 14673 14674 14675
# cell 2624: 14676 14677 14678 14679 14680 14681 14682 14683 14684 14685 14686 14687
# cell 2625: 14688 14689 14690 14691 14692 14693 14694 14695 14696 14697 14698 14699
# cell 2626: 14700 14701 14702 14703 14704 14705 14706 14707 14708 14709 14710 14711
# cell 2627: 14712 14713 14714 14715 14716 14717 14718 14719 14720 14721 14722 14723
# cell 2628: 14724 14725 14726 14727 14728 14729 14730 14731 14732 14733 14734 14735
# cell 2629: 14736 14737 14738 14739 14740 14741 14742 14743 14744 14745 14746 14747
# cell 2630: 14748 14749 14750 14751 14752 14753 14754 14755 14756 14757 14758 14759
# cell 2631: 14760 14761 14762 14763 14764 14765 14766 14767 14768 14769 14770 14771
# cell 2632: 14772 14773 14774 14775 14776 14777 14778 14779 14780 14781 14782 14783
# cell 2633: 14784 14785 14786 14787 14788 14789 14790 14791 14792 14793 14794 14795
# cell 2634: 14796 14797 14798 14799 14800 14801 14802 14803 14804 14805 14806 14807
# cell 2635: 14808 14809 14810 14811 14812 14813 14814 14815 14816 14817 14818 14819
# cell 2636: 14820 14821 14822 14823 14824 14825 14826 14827 14828 14829 14830 14831
# cell 2637: 14832 14833 14834 14835 14836 14837 14838 14839 14840 14841 14842 14843
# cell 2638: 14844 14845 14846 14847 14848 14849 14850 14851 14852 14853 14854 14855
# cell 2639: 14856 14857 14858 14859 14860 14861 14862 14863 14864 14865 14866 14867
# cell 2640: 14868 14869 14870 14871 14872 14873 14874 14875 14876 14877 14878 14879