OFF
# face-rotation BFS net; polygonal faces are preserved
# the cell decomposition is listed below as comments
6631 6240 0
0.393672654767024 0.5418439246052213 -1.025391145981423
-1.224361333982871 0.01611281248608792 0.026071078256844092
0.39367265476702357 -1.1594576920988588 0.026071078256844092
0.4370160244488202 0.6015009550075443 0.9732489894677288
-4.842395322732765 0.5418439246052208 -1.025391145981423
-3.22436133398287 0.01611281248608751 0.026071078256844682
-4.842395322732766 -1.1594576920988593 0.026071078256844682
-4.885738692414561 0.6015009550075439 0.9732489894677292
2.011706643516919 -4.4379526451603395 -1.0253911459814211
1.0117066435169186 -3.0615707246891657 0.02607107825684536
0.39367265476702373 -4.963683757279473 0.026071078256846517
2.081837688849016 -4.460739603106141 0.9732489894677313
-6.460429311482661 -4.437952645160341 -1.0253911459814204
-5.460429311482662 -3.061570724689167 0.026071078256846396
-4.842395322732768 -4.963683757279474 0.026071078256846895
-6.530560356814759 -4.460739603106142 0.9732489894677315
2.011706643516918 1.0675750367243557 -4.427994379389585
1.0117066435169195 1.3924947329572612 -2.726692762685504
0.3936726547670246 2.243145541309301 -4.427994379389585
2.0818376888490175 2.8654037562872796 -3.5545566130917425
-2.224361333982871 -7.5156361823355935 -1.0253911459814204
-1.2243613339828712 -6.13925426186442 0.026071078256845872
-3.2243613339828716 -6.139254261864421 0.026071078256846382
-2.224361333982871 -7.589376327248637 0.973248989467731
-6.4604293114826605 1.067575036724356 -4.427994379389583
-5.46042931148266 1.3924947329572621 -2.726692762685503
-4.842395322732766 2.2431455413093024 -4.427994379389583
-6.5305603568147585 2.865403756287281 -3.5545566130917408
2.200230467382285 1.3270558194707376 4.265175617125795
1.127059706226187 1.5512646029412753 2.592442841451719
0.5821964786323902 2.5026263240556834 4.265175617125795
2.2301392857781486 3.069523393077541 3.283894710600561
-2.2243613339828703 2.4439569571955313 -7.180758220331931
-1.2243613339828707 2.7688766534284364 -5.479456603627852
-3.22436133398287 2.768876653428437 -5.479456603627851
-2.2243613339828703 4.2645726347042565 -6.352894369925694
3.011706643516918 -5.814334565631514 -4.427994379389582
3.011706643516919 -4.762872341393246 -2.7266927626855018
3.629740632266813 -3.912221533041206 -4.427994379389582
4.743215047280708 -5.325473525968902 -3.5545566130917403
-6.263947408273923 1.33800917600063 4.632136859260917
-5.338996817125392 1.5596322227483226 2.8727762853351897
-4.648953135348027 2.5093958706820536 4.491970137319179
-6.374168929015567 3.080658090026761 3.6569312507818874
3.0117066435169195 -1.360269107985085 -7.18075822033193
3.01170664351692 -0.3088068837468174 -5.47945660362785
3.629740632266815 -2.210919916337125 -5.47945660362785
4.7432150472807075 -0.7976679234094294 -6.35289436992569
-1.9144050157602366 2.8705752297329727 7.111880824204142
-0.989454424611708 3.092198276480665 5.352520250278415
-2.9875757769163345 3.094784013203512 5.439148048530064
-1.9526168434744104 4.63859683842775 6.177729098085159
-7.460429311482661 -5.814334565631514 -4.427994379389581
-7.460429311482661 -4.762872341393246 -2.726692762685501
-8.078463300232556 -3.9122215330412065 -4.427994379389581
-9.191937715246452 -5.325473525968902 -3.5545566130917394
3.208188546725658 -5.543900426355239 4.632136859260916
3.1331391378741875 -4.595734851602186 2.872776285335191
3.823182819651553 -3.645971203668455 4.491970137319179
4.899606475079902 -5.110219192229422 3.6569312507818883
-7.46042931148266 -1.360269107985086 -7.1807582203319305
-7.460429311482659 -0.30880688374681886 -5.479456603627851
-8.078463300232553 -2.2109199163371267 -5.479456603627849
-9.191937715246448 -0.797667923409431 -6.35289436992569
3.3216629617395528 -0.9336508354476429 7.111880824204141
3.246613552888082 0.014514739305410251 5.352520250278414
3.8665261893333502 -1.8850125565620508 5.439148048530063
5.014959537789169 -0.4236437196859354 6.17772909808516
-3.2243613339828707 -8.892018102806768 -4.42799437938958
-2.224361333982871 -8.567098406573862 -2.7266927626855004
-1.2243613339828714 -8.892018102806768 -4.427994379389581
-2.224361333982871 -10.387714084082589 -3.554556613091739
-7.2541106812351765 -5.530361333102498 5.085725899647687
-7.3291600900866465 -4.582195758349444 3.3263653257219605
-7.874023317680441 -3.630834037235035 4.999098101396037
-9.022456666136263 -5.092202874111148 4.260517051840942
3.2081885467256606 6.622416802119989 -2.887060705850196
3.133139137874188 4.624764330213004 -2.825805602267195
3.823182819651554 5.648268123059777 -1.2521856661748083
4.899606475079902 5.556218245066463 -2.935289624341294
1.0117066435169186 -7.515636182335592 -7.180758220331929
2.011706643516919 -7.190716486102686 -5.479456603627849
0.3936726547670234 -8.366286990687632 -5.479456603627848
2.0818376888490167 -8.98854520566561 -6.35289436992569
-7.14063626622128 -0.9201117421949044 7.565469864590912
-7.215685675072752 0.02805383255814875 5.8061092906651846
-7.830679947998644 -1.8698753901286354 5.946276012606922
-8.907103603426995 -0.40562740156767085 6.781314899144213
3.3216629617395546 6.778600935381155 2.3454471000353783
3.246613552888083 4.7809484634741715 2.4067022036183787
3.8665261893333507 5.7079251534621 0.7464544692743438
5.014959537789169 5.714988115050474 2.383845979795928
-3.22436133398287 0.016112812486089312 -9.93352206127428
-2.22436133398287 1.392494732957263 -8.882059837036014
-1.2243613339828698 0.0161128124860912 -9.933522061274282
-2.224361333982872 1.4662348778703072 -10.880699972485164
-3.0180427037353863 -8.60804487027775 5.085725899647687
-2.093092112586858 -8.386421823530059 3.326365325721962
-1.0199213514307597 -8.610630607000598 4.999098101396038
-2.0548802848726835 -10.154443432224838 4.260517051840943
-7.254110681235174 7.022064306808109 -2.672099787072718
-7.3291600900866465 5.024411834901123 -2.610844683489717
-7.874023317680444 6.095087616820178 -1.0118520527286832
-9.022456666136263 6.088024655231804 -2.6492435632502676
-5.4604293114826605 -7.515636182335591 -7.180758220331928
-6.46042931148266 -7.190716486102686 -5.479456603627848
-4.842395322732766 -8.36628699068763 -5.479456603627848
-6.5305603568147585 -8.988545205665611 -6.352894369925688
1.01170664351692 -3.0615707246891644 -9.933522061274278
2.011706643516919 -1.685188804217991 -8.882059837036008
0.39367265476702573 -1.1594576920988569 -9.933522061274278
2.0818376888490198 -1.6624018462721895 -10.88069997248516
1.331499688778298 -7.075478816545411 7.565469864590909
2.2564502799268276 -6.853855769797719 5.8061092906651846
0.6414560070009308 -8.02524246447914 5.946276012606919
2.3666718006684704 -8.59650468382385 6.781314899144213
-7.14063626622128 7.178248440069273 2.560408018812854
-7.215685675072752 5.18059596816229 2.621663122395855
-7.830679947998647 6.154744647222499 0.9867880827204685
-8.907103603426995 6.246794525215815 2.6698920408869533
-2.791093873707596 0.6124543115374369 10.045213829534136
-1.839355606908765 1.922409654979918 8.871241398129868
-0.792972521402969 0.60986857481459 9.958586031282485
-1.752882045993421 2.1151704457356004 10.860051494848472
-3.018042703735385 8.39844622727928 -5.424863628015065
-2.0930921125868562 6.7257134516052055 -6.013447916897878
-1.019921351430758 8.322120345643391 -5.465917510375109
-2.054880284872681 8.351927456511541 -7.177049165809738
8.920023496411957 -4.729132026917551 -2.6720997870727174
7.043334638464597 -5.417816818924221 -2.6108446834897165
8.22997981463459 -5.605155529938238 -1.0118520527286823
8.578147960571396 -6.699563124679233 -2.649243563250266
-5.46042931148266 -3.0615707246891644 -9.933522061274275
-6.4604293114826605 -1.6851888042179906 -8.882059837036008
-4.8423953227327665 -1.1594576920988562 -9.933522061274278
-6.530560356814759 -1.6624018462721906 -10.880699972485163
-5.134556834573284 -7.067111196738366 7.845803308474383
-6.207727595729379 -6.842902413267827 6.173070532800307
-4.589693606979485 -8.018472917852772 6.173070532800307
-6.2376364141252445 -8.585369986874628 7.154351439325541
1.444974103792193 -2.465229225637816 10.045213829534136
2.3967123705910245 -1.1552738821953348 8.871241398129868
0.825061467346924 -0.5657019297703553 9.958586031282486
2.553316976838463 -1.013466278406891 10.860051494848472
1.3314996887783002 9.931012281011622 -2.945119663071841
2.2564502799268285 8.258279505337544 -3.533703951954653
0.6414560070009332 8.907508488164845 -4.518739599164226
2.366671800668473 9.909866204912525 -4.656251318506469
9.03349791142585 -4.572947893656383 2.560408018812855
7.156809053478488 -5.261632685663053 2.621663122395856
8.273323184316386 -5.545498499535915 0.9867880827204691
8.693501023280662 -6.54079325469522 2.6698920408869546
-2.7910938737075957 8.710814493801612 5.040151983756081
-1.8393556069087653 7.074951790584057 5.686795229860539
-0.7929725214029686 8.634488612165724 4.999098101396034
-1.7528820459934207 8.767592372519086 6.74862863659121
8.920023496411957 -0.27506656927112194 -5.424863628015067
7.0433346384645965 0.08771086296047426 -6.013447916897878
8.229979814634591 1.6016737686505378 -5.465917510375112
8.578147960571398 0.626580234714189 -7.1770491658097395
-13.038138075482328 -5.053489352595391 -3.196920964519487
-11.143710884482411 -5.669026060030442 -3.0173097738876504
-12.420104086732437 -5.904140160947433 -1.495619347815407
-12.622288036921509 -7.009222898311741 -3.15028360193627
-1.224361333982871 -6.139254261864419 -9.933522061274275
0.3936726547670236 -6.664985373983553 -8.882059837036008
0.39367265476702407 -4.9636837572794725 -9.933522061274276
0.4370160244488203 -6.724642404385875 -10.880699972485163
-5.021082419559386 -2.4568616058307695 10.325547273417607
-6.067465505065181 -1.1443205256654423 9.238202640264987
-4.406088146633489 -0.5589323831439862 10.185380551475868
-6.050991237955246 -1.0023315814576719 11.233088035029798
-5.134556834573279 10.178008022427964 -2.8122665090144547
-6.207727595729377 8.581601128389773 -3.359796915537221
-4.589693606979482 9.107332240508907 -4.411259139775488
-6.237636414125241 10.238540641829774 -4.479465130404186
1.4449741037921942 10.087196414272787 2.287388142813732
2.3967123705910254 8.451333711055232 2.9340313889181897
0.8250614673469253 9.160219724284856 3.9476358771577664
2.553316976838464 10.16676125093606 3.950290879757263
9.03349791142585 4.335183021636471 -2.945119663071841
7.15680905347849 4.697960453868068 -3.533703951954652
8.273323184316386 3.3626324157569405 -4.518739599164228
8.693501023280666 5.313155707257672 -4.6562513185064685
-13.485351670982293 -4.90818084699432 2.0179897061630623
-11.590924479982377 -5.5237175544293695 2.197600896794899
-12.590924479982377 -5.848637250662276 0.49629928009081814
-13.076905563875297 -6.861508709551764 2.150963534211679
9.146972326439741 0.03730169725121135 5.040151983756083
7.297071144142684 0.43694920193932874 5.686795229860539
8.456928644662378 1.9140420351728706 4.999098101396035
8.880146199450657 1.0422451507217376 6.748628636591214
-13.03813807548232 -0.5994238949489636 -5.949684805461837
-11.143710884482404 -0.16349837814574658 -6.419913007295813
-12.420104086732426 1.3026891376413448 -5.949684805461839
-12.622288036921496 0.31692046108167826 -7.678089204495742
-0.7771477384829095 -13.961620267888248 -3.196920964519478
-1.9479681317328466 -12.350124246500085 -3.0173097738876438
-1.7771477384829086 -13.636700571655343 -1.4956193478153978
-2.7656656003002396 -14.170478281008917 -3.1502836019362586
-3.224361333982871 -6.139254261864418 -9.933522061274275
-4.842395322732766 -6.664985373983552 -8.882059837036008
-4.842395322732766 -4.963683757279472 -9.933522061274275
-4.885738692414562 -6.724642404385876 -10.880699972485159
-0.785014442059597 -5.534545143006022 10.325547273417607
0.7866364611845015 -6.124117095431003 9.23820264026499
0.8299798308662971 -4.363158448324597 10.185380551475872
0.9165851433083277 -6.064572139571355 11.233088035029798
-5.021082419559386 10.33419215568913 2.4202412968711178
-6.067465505065183 8.774655334107463 3.1079384253356204
-4.406088146633492 9.360043476628917 4.055116336546506
-6.050991237955249 10.495435687853309 4.127077067859544
11.26652617310164 -1.738076287993945 -2.812266509014454
10.079880996931648 -3.2520391936840087 -3.359796915537221
10.079880996931648 -1.5507375769799288 -4.411259139775489
11.66496645146168 -2.768461702009767 -4.479465130404185
9.146972326439744 4.49136715489764 2.2873881428137333
7.297071144142686 4.891014659585757 2.9340313889181893
8.456928644662378 3.6153436518769517 3.947635877157767
8.880146199450657 5.570050753281207 3.9502908797572616
-13.485351670982286 3.999950068298534 -3.4875379757216365
-11.59092447998237 4.435875585101751 -3.9577661775556128
-12.590924479982368 3.059493664630579 -5.009228401793881
-13.076905563875286 4.992440252401128 -5.175179825181748
-0.5007545362328858 -14.342042874406308 2.0179897061630725
-1.671574929482823 -12.730546853018147 2.197600896794907
-1.6715749294828233 -13.782009077256415 0.4962992800908266
-2.4846965167613795 -14.557199047803152 2.150963534211688
-13.932565266482257 -0.30880688374681775 4.480136535903263
-12.143710884482426 0.16142131808716131 5.240981748939387
-13.314531277732362 1.5933061488434903 4.480136535903263
-13.812492174367941 0.7036412278759197 6.200755980702623
3.4589202390168787 -12.585238347417075 -5.949684805461827
3.2880998457669417 -10.648822629796005 -6.419913007295806
5.076954227766773 -11.409667842832127 -5.949684805461828
4.201910780963338 -11.906575479729177 -7.678089204495733
-0.7771477384829117 3.384413360863483 -13.91735931708673
-1.9479681317328479 2.8243795637135904 -12.395668891014484
-1.7771477384829095 4.760795281334659 -12.865897092848465
-2.7656656003002413 3.519531229071109 -14.083310740474595
-2.783135794364224 -5.5319594062831765 10.412175071669257
-4.444513152795915 -6.117347548804633 9.464997160458374
-4.401169783114118 -4.356388901698231 10.412175071669257
-4.40116978311412 -6.05769051840231 11.463637295907525
-0.785014442059595 11.7105740761603 -0.3325225440712295
0.7866364611845033 11.001688062930672 -1.3461270323108065
0.8299798308662996 11.061345093332996 0.652513103138345
0.9165851433083302 12.759338489133045 -0.40072853469992686
11.380000588115536 -1.5818921547327784 2.42024129687112
10.220143087595844 -3.058984987966321 3.1079384253356226
10.263486457277638 -1.2980263408599173 4.055116336546507
11.85161162763167 -2.511566655986232 4.127077067859545
-15.485351670982288 -2.1554170060519726 -3.487537975721637
-14.208958468732263 -3.6216045218390627 -3.9577661775556114
-14.208958468732261 -1.9203029051349823 -5.009228401793878
-15.738282922306976 -3.198437029855054 -5.175179825181748
-13.932565266482253 4.14525857389961 1.7273726949609123
-12.143710884482424 4.615486775733588 2.4882179079970363
-13.314531277732362 3.2946077655475716 3.4286743116649943
-13.812492174367938 5.2314468304353925 3.4024182238686675
7.971381418766689 -11.589279033463956 -3.4875379757216267
7.800561025516752 -9.65286331584289 -3.9577661775556057
6.800561025516753 -11.029245236314061 -5.009228401793872
8.789078887334083 -10.894127368106437 -5.175179825181738
-0.5007545362328869 8.218901425027974 -11.925440689180512
-1.6715749294828242 7.658867627878081 -10.403750263108265
-1.6715749294828237 6.6074054036398095 -12.105051879812343
-2.4846965167613817 8.434057598424818 -12.05841451722913
4.0117066435169235 -13.3460835604532 4.480136535903274
3.9061338345168397 -11.499473438148046 5.240981748939396
5.629740632266818 -12.17051305586825 4.480136535903273
4.937497391455978 -12.919023591351916 6.200755980702633
-7.907642906982618 -12.585238347417068 -5.949684805461834
-7.7368225137326805 -10.648822629795998 -6.4199130072958095
-9.525676895732511 -11.409667842832121 -5.9496848054618345
-8.650633448929074 -11.906575479729172 -7.678089204495738
3.4589202390168774 0.3067298236882261 -13.917359317086726
3.288099845766939 -0.9798465014670297 -12.39566889101448
5.076954227766771 -0.21900128843090783 -12.865897092848462
4.201910780963335 -1.5427093290425837 -14.083310740474591
-0.17797824847707 4.2090994142054585 13.711415267211672
-1.4128851578482333 3.5608580949203237 12.277962053061021
-1.2243613339828658 5.521640494370785 12.624070634059054
-2.1576149344497053 4.356441172278248 13.9549907131813
-2.783135794364223 11.786899957796193 -0.2914686617111841
-4.444513152795914 11.201511815274735 -1.2386465729220686
-4.401169783114117 11.261168845677059 0.7599935625270835
-4.401169783114118 12.962470462381138 -0.29146866171118385
11.380000588115534 2.8721733029136516 -0.3325225440712288
10.220143087595844 4.147844310622456 -1.3461270323108063
10.26348645727764 4.207501341024781 0.6525131031383458
11.85161162763167 4.814576703407191 -0.4007285346999287
-15.932565266482248 -2.0101085004508987 1.7273726949609118
-14.761744873232313 -3.4419933312072275 2.488217907997038
-14.932565266482253 -1.6851888042179928 3.428674311664995
-16.473869532799625 -2.9594304518207926 3.4024182238686675
2.7353134412669027 -15.393505098644571 -3.4875379757216245
0.9464590592670707 -14.63265988560845 -3.9577661775556017
2.564493048016965 -14.106928773489317 -5.00922840179387
1.821502506070507 -15.956367926220125 -5.1751798251817345
8.247774621016713 -11.96970163998202 1.7273726949609225
8.14220181201663 -10.123091517676869 2.488217907997046
7.247774621016717 -11.644781943749116 3.4286743116650054
9.243696414287868 -11.519854712934938 3.402418223868678
-12.420104086732433 -11.58927903346396 -3.4875379757216316
-12.249283693482495 -9.65286331584289 -3.9577661775556088
-11.249283693482493 -11.029245236314061 -5.009228401793876
-13.237801555299825 -10.894127368106439 -5.175179825181743
7.971381418766692 2.063534350677461 -11.925440689180508
7.800561025516753 0.7769580255222057 -10.403750263108261
6.800561025516748 0.4520383292893004 -12.105051879812338
8.78907888733408 0.24318031616862923 -12.058414517229124
0.005627211868926452 8.915876107971897 11.424725507986132
-1.2292796975022369 8.267634788686763 9.991272293835483
-1.1542302886507663 7.31946921393371 11.75063286776121
-1.970969758279708 9.141141820861254 11.63044321795707
-8.460429311482667 -13.346083560453206 4.480136535903268
-8.354856502482583 -11.499473438148055 5.24098174893939
-10.078463300232562 -12.170513055868257 4.480136535903265
-9.386220059421722 -12.919023591351925 6.200755980702628
4.011706643516924 9.97570595201721 -9.933522061274292
3.906133834516842 9.830397446416141 -7.941603433368068
5.629740632266822 9.44997483989808 -8.882059837036024
4.93749739145598 11.323687744533055 -8.782063604326662
-7.907642906982623 0.3067298236882353 -13.91735931708672
-7.736822513732685 -0.9798465014670223 -12.395668891014479
-9.525676895732518 -0.21900128843090216 -12.865897092848455
-8.650633448929078 -1.5427093290425744 -14.08331074047459
4.058089729022718 1.1314158770302025 13.711415267211668
3.823182819651554 -0.24336797026029283 12.277962053061017
5.629740632266816 0.5418439246052207 12.62407063405905
4.809961446813871 -0.7057993858354424 13.954990713181298
12.0700442698929 0.9954329649919906 -0.29146866171118313
12.026700900211104 -0.7655256821144125 -1.2386465729220673
12.0700442698929 -0.7058686517120899 0.7599935625270849
13.688078258642797 -0.18013753959295575 -0.2914686617111829
-15.93256526648225 2.443956957195529 -1.0253911459814364
-14.76174487323231 3.764835967381548 -1.9658475496493928
-14.93256526648225 3.8203388776667033 0.026071078256831637
-16.473869532799622 4.366712907572628 -1.125387378690804
3.0117066435169244 -15.773927705162636 1.727372694960927
1.2880998457669464 -15.10288808744243 2.48821790799705
3.0117066435169257 -14.72246548092437 3.4286743116650067
2.276120033024289 -16.582095271048626 3.402418223868685
-7.184036109232641 -15.393505098644573 -3.4875379757216316
-5.395181727232808 -14.632659885608449 -3.9577661775556088
-7.013215715982701 -14.106928773489315 -5.009228401793876
-6.270225174036244 -15.956367926220123 -5.1751798251817425
2.7353134412668982 3.764835967381541 -15.328043922588668
0.9464590592670663 3.0039907543454185 -14.857815720754685
2.56449304801696 1.8284202497604727 -14.857815720754685
1.8215025060705008 2.507083117448365 -16.58622011978859
-12.696497288982453 -11.969701639982032 1.7273726949609165
-12.590924479982368 -10.12309151767688 2.4882179079970412
-11.696497288982455 -11.644781943749127 3.428674311664999
-13.692419082253606 -11.51985471293495 3.402418223868673
8.247774621016713 6.898022414841952 -9.93352206127429
8.14220181201663 6.752713909240882 -7.941603433368067
7.247774621016716 8.274404335313127 -8.882059837036024
9.243696414287868 8.195051020390553 -8.78206360432666
-12.420104086732435 2.063534350677464 -11.925440689180496
-12.249283693482495 0.7769580255222068 -10.40375026310825
-11.249283693482496 0.4520383292893031 -12.105051879812331
-13.237801555299825 0.24318031616863345 -12.05841451722911
8.477763166868504 2.760509033621385 11.424725507986128
8.242856257497342 1.3857251863308895 9.99127229383548
7.31790566634881 1.1641021395831976 11.750632867761205
9.302805645815756 0.9502645386050673 11.630443217957067
-8.460429311482672 9.975705952017208 -9.933522061274273
-8.354856502482587 9.830397446416134 -7.94160343336805
-10.078463300232565 9.449974839898074 -8.882059837036003
-9.386220059421724 11.32368774453305 -8.78206360432664
4.425300649714708 10.544969264563084 9.138035748760595
4.233737110025341 10.281304671913182 7.16476830798009
5.996951552958807 9.955397312138103 8.050691115607973
5.298604861863131 11.820709538148538 7.869246362220835
2.7353134412668947 -7.425830587019673 -13.917359317086728
1.4589202390168745 -7.660944687936662 -12.395668891014482
2.735313441266893 -9.127132203723752 -12.865897092848464
1.2059889876921777 -8.703964711739744 -14.083310740474593
-7.2977965331475145 1.1461113468997803 14.203745436724805
-7.191383567356903 -0.22911419695455337 12.755494428010431
-8.959173891579205 0.56072320437832 13.25656752551392
-8.030510081779962 -0.6891827380368266 14.511684517465055
-16.550599255232143 0.5418439246052207 -1.0253911459814364
-16.379778861982203 -1.2149606023840147 -1.9658475496493921
-16.550599255232143 -1.1594576920988593 0.026071078256831637
-18.118691197199816 -0.695527650541058 -1.1253873786908035
7.247774621016713 -14.397545784691458 -1.0253911459814238
8.142201812016632 -12.875855358619212 -1.965847549649381
8.247774621016715 -13.021163864220282 0.026071078256843183
9.243696414287868 -14.318192469768883 -1.1253873786907898
-7.460429311482666 -15.773927705162642 1.7273726949609176
-5.736822513732688 -15.102888087442436 2.4882179079970412
-7.460429311482667 -14.72246548092438 3.4286743116649987
-6.7248427009900285 -16.582095271048633 3.4024182238686738
3.0117066435169235 8.59932403154603 -13.33612529468245
1.2880998457669464 8.979746638064093 -12.395668891014493
3.0117066435169253 9.6507862557843 -11.634823677978373
2.276120033024286 10.458953821670287 -13.30986920688613
-7.184036109232649 3.7648359673815506 -15.328043922588662
-5.395181727232817 3.00399075434543 -14.857815720754683
-7.013215715982712 1.8284202497604827 -14.85781572075468
-6.270225174036255 2.507083117448375 -16.586220119788585
3.391794007071656 4.6684039492958975 14.943446655837588
1.5852361944563949 3.8831920544303817 14.59733807483956
3.2032701832062886 2.7076215498454355 14.59733807483956
2.534964062033166 3.48907870402661 16.312765614720387
-12.696497288982462 6.898022414841949 -9.93352206127427
-12.590924479982375 6.752713909240878 -7.941603433368046
-11.69649728898246 8.274404335313125 -8.882059837036003
-13.692419082253615 8.19505102039055 -8.782063604326636
8.661368627214499 7.467285727387827 9.138035748760595
8.469805087525133 7.203621134737922 7.16476830798009
7.614985541708703 8.779826807553153 8.050691115607973
9.60480388469502 8.692072814006039 7.869246362220835
5.800561025516746 -11.174553741915135 -11.925440689180506
4.524167823266727 -11.409667842832123 -10.40375026310826
3.9061338345168313 -10.559017034480082 -12.105051879812338
4.321983873077648 -12.514750580196434 -12.05841451722912
-11.894568130005558 2.7868725400738574 12.307960254197024
-11.788155164214944 1.4116469962195235 10.859709245482653
-10.71498440305885 1.1874382127489853 12.532442021156733
-12.703384422728256 0.9787423954301921 12.584513295505902
12.101876587266393 -4.963683757279476 -9.93352206127429
11.931056194016458 -4.9081808469943216 -7.941603433368067
12.101876587266393 -6.664985373983557 -8.882059837036024
13.669968529234067 -5.427613798837279 -8.78206360432666
-8.035119930550774 10.561094094538664 9.678252587399012
-8.015736186354292 10.297156518399593 7.695839606619587
-9.696497288982464 9.975705952017204 8.731074676188125
-9.011657979625449 11.839228219258734 8.489662414994957
-7.184036109232636 -7.425830587019677 -13.917359317086722
-5.907642906982616 -7.660944687936665 -12.395668891014477
-7.184036109232636 -9.127132203723756 -12.865897092848456
-5.6547116556579216 -8.703964711739747 -14.083310740474587
3.345159815102014 -6.586449063808134 14.203745436724803
2.004359185392664 -6.9102123834241995 12.755494428010431
3.301816445420215 -8.347407710914537 13.256567525513919
1.8261123548413063 -7.850438120734001 14.511684517465055
5.629740632266818 -15.573116289276411 -1.025391145981423
3.90613383451684 -15.953538895794473 -1.965847549649379
4.011706643516925 -16.098847401395545 0.026071078256845626
4.937497391455979 -17.446829193911388 -1.1253873786907875
-11.696497288982455 -14.397545784691467 -1.0253911459814309
-12.59092447998237 -12.875855358619221 -1.965847549649387
-12.696497288982453 -13.021163864220293 0.026071078256837188
-13.692419082253608 -14.318192469768892 -1.1253873786907953
7.2477746210167115 5.521640494370774 -13.336125294682448
8.142201812016628 3.9999500682985287 -12.39566889101449
8.247774621016715 5.846560190603682 -11.634823677978371
9.243696414287864 5.396713263556595 -13.30986920688613
-7.460429311482676 8.599324031546042 -13.336125294682434
-5.736822513732697 8.9797466380641 -12.395668891014479
-7.460429311482675 9.650786255784304 -11.634823677978355
-6.724842700990039 10.458953821670297 -13.30986920688611
3.575399467417653 9.375180643062336 12.656756896612047
1.8121850244841875 9.701088002837412 11.770834088984163
3.5003500585661813 10.323346217815388 10.89739632268632
2.8369623009124307 11.230886979427579 12.551568758984148
5.800561025516745 -5.66902606003044 -15.328043922588668
4.524167823266724 -4.202838544243348 -14.857815720754688
3.906133834516829 -6.104951576833655 -14.857815720754685
4.321983873077647 -5.1886072208030125 -16.58622011978859
-6.518238061841574 4.681228362495635 15.37309236166171
-4.750447737619272 3.891390961162759 14.872019264158222
-6.3654420105451655 2.720004266481335 15.01218598609996
-5.549162865294686 3.4995402427334743 16.66324989121017
10.483842598516494 -9.943480327045034 -9.933522061274289
10.313022205266561 -9.88797741675988 -7.941603433368065
11.483842598516498 -8.567098406573862 -8.882059837036023
12.025146864833868 -10.489854356950962 -8.782063604326659
-12.263229828707187 7.494363913893299 10.045213829534127
-12.243846084510704 7.230426337754229 8.062800848754703
-11.311491561908356 8.804319257335782 8.871241398129856
-13.309767171587271 8.721726192065454 8.86269895517628
-10.24928369348249 -11.174553741915139 -11.925440689180501
-8.972890491232468 -11.409667842832128 -10.403750263108254
-8.354856502482573 -10.559017034480087 -12.105051879812333
-8.770706541043392 -12.514750580196438 -12.058414517229116
6.326096982243627 -10.451215552518748 12.307960254197022
4.985296352534276 -10.774978872134811 10.85970924548265
4.4404331249404825 -9.823617151020404 12.53244202115673
4.856401005649223 -11.779188500934882 12.584513295505902
-16.550599255232132 -4.963683757279478 -9.93352206127428
-16.379778861982196 -4.908180846994323 -7.941603433368055
-16.550599255232132 -6.6649853739835585 -8.882059837036012
-18.11869119719981 -5.42761379883728 -8.782063604326648
12.5271859681983 -4.37829561475803 9.678252587399005
12.270176510144758 -4.441421775010872 7.695839606619582
12.483842598516498 -6.139254261864432 8.73107467618812
14.044530609030353 -4.912073324111603 8.489662414994953
-6.56487225381121 -6.573624650608389 14.633391142548934
-5.355284372168311 -6.900688387000304 13.07456900102027
-6.608215623493007 -8.334583297714792 13.68621323133805
-5.028143868782674 -7.841568137935012 14.8088482130636
3.3451598151020017 15.649765700050603 0.4610089315178926
2.0043591853926546 14.499201976719915 -0.4762513257887096
3.301816445420207 15.59010866964828 -1.5376312039312587
1.8261123548412956 16.490467877856616 -0.5318227066301466
-10.078463300232558 -15.573116289276413 -1.0253911459814316
-8.354856502482576 -15.953538895794473 -1.965847549649388
-8.460429311482661 -16.098847401395545 0.026071078256836966
-9.386220059421714 -17.446829193911388 -1.125387378690796
5.629740632266816 6.047371606489909 -14.387587518920718
3.9061338345168366 5.376331988769706 -15.14843273195684
4.011706643516922 7.222942111074858 -14.38758751892072
4.937497391455975 6.795882141973574 -16.10820696372008
-11.69649728898246 5.5216404943707795 -13.336125294682432
-12.590924479982375 3.9999500682985336 -12.395668891014473
-12.69649728898246 5.846560190603684 -11.634823677978352
-13.692419082253613 5.396713263556601 -13.309869206886109
7.811467444917439 6.297497105887083 12.656756896612047
8.66628699073387 4.721291433071849 11.770834088984161
8.736418036065968 6.519120152634774 10.897396322686319
9.804538682176007 6.168646421313893 12.551568758984146
10.483842598516494 -4.4379526451603395 -13.33612529468245
10.313022205266558 -2.681148118171105 -12.395668891014491
11.483842598516496 -4.113032948927434 -11.634823677978371
12.025146864833866 -3.1637109975575397 -13.309869206886129
-6.886899760543202 9.388719736315075 13.110345936998813
-5.20613865791503 9.710170302697462 12.075110867430276
-6.961949169394672 10.336885311068126 11.350985363073088
-6.155545614153702 11.242524039368735 12.941435550880545
-10.249283693482493 -5.6690260600304425 -15.32804392258866
-8.972890491232471 -4.202838544243351 -14.85781572075468
-8.354856502482576 -6.104951576833658 -14.85781572075468
-8.770706541043396 -5.188607220803014 -16.586220119788585
6.466359072907835 -4.752633664916366 15.373092361661707
5.168901812880283 -3.315438337426027 14.872019264158222
4.553907539954386 -5.213367560112809 15.012185986099958
5.043046181819234 -4.196150095517925 16.663249891210167
-14.93256526648224 -9.943480327045041 -9.933522061274278
-14.761744873232301 -9.887977416759885 -7.941603433368053
-15.93256526648224 -8.567098406573866 -8.88205983703601
-16.473869532799615 -10.489854356950966 -8.782063604326643
10.91711005879177 -9.347138827993696 10.045213829534127
10.660100600738229 -9.410264988246537 8.062800848754701
11.868848325590601 -8.037183484551216 8.871241398129857
12.407798775500213 -9.963179185276068 8.86269895517628
-9.708671734859397 -10.430465216075788 13.003141609340908
-8.499083853216499 -10.757528952467704 11.444319467812246
-7.809040171439132 -9.807765304533977 13.063513319796234
-8.223991132135467 -11.76226137573255 13.151608767388796
6.326096982243623 15.682500001687051 -3.8435642106239376
4.9852963525342755 14.531936278356362 -4.7808244679305405
4.440433124940478 15.602612060275414 -3.1818318371695065
4.856401005649223 16.523744118575294 -4.9076610446494655
0.3936726547670095 -17.274417905980492 -9.933522061274285
0.3936726547670102 -17.094806715348657 -7.941603433368061
-1.2243613339828854 -17.800149018099624 -8.882059837036017
0.4370160244488045 -18.909124232581206 -8.782063604326652
-16.098375920446113 -4.341251735264804 10.919303035746108
-16.014065503337882 -4.404819592081486 8.922092260402962
-16.141719290127913 -6.102210382371207 9.972125124535225
-17.714269271236496 -4.870974771699228 9.86655321573087
12.527185968198292 10.614525599572607 0.41217948969222573
12.270176510144754 8.869632402869078 -0.5308443014014914
12.483842598516498 10.554868569170285 -1.5864606457569261
14.044530609030348 9.79013087901689 -0.5967994920799902
-6.564872253811208 16.02831724989882 0.6646228362850811
-5.3552843721683105 14.780331690092344 -0.3250383173918553
-6.608215623493006 15.968660219496497 -1.3340172991640706
-5.0281438687826725 16.752292390478424 -0.3909935080703559
-10.078463300232567 6.047371606489916 -14.387587518920702
-8.354856502482587 5.376331988769713 -15.148432731956824
-8.460429311482674 7.222942111074866 -14.387587518920704
-9.386220059421728 6.795882141973583 -16.10820696372006
6.239816541673342 6.887069058312061 13.744101529764665
4.551651507591348 6.264810843334083 14.617539296062509
4.621782552923448 8.06263956289701 13.744101529764665
5.621782552923448 7.737719866664102 15.445403146468745
8.865808609766598 -9.4177492149259 -13.336125294682446
7.694988216516663 -10.738628225111919 -12.395668891014488
9.483842598516494 -10.268400023277941 -11.634823677978368
9.363769506402173 -11.35458827981372 -13.309869206886125
-11.115009658699618 6.3219895556697105 13.477307179133932
-12.047364181301967 4.748096636088158 12.668866629758776
-12.188180419855716 6.546198339140248 11.804574403459855
-13.110032374106282 6.198299799373309 13.545021351939596
-14.93256526648224 -4.437952645160344 -13.336125294682441
-14.761744873232304 -2.681148118171109 -12.395668891014484
-15.932565266482241 -4.113032948927438 -11.634823677978362
-16.473869532799615 -3.163710997557545 -13.309869206886118
11.057372149455974 -3.6485569403913134 13.110345936998812
10.84370606108423 -1.9507244535377541 12.075110867430274
11.982322740604499 -3.4269338936436218 11.350985363073084
12.594443951670216 -2.380140779859114 12.941435550880541
-2.2243613339828805 -11.49947343814804 -15.328043922588666
-1.2243613339828783 -9.832474506474725 -14.857815720754683
-3.224361333982878 -9.832474506474721 -14.857815720754685
-2.2243613339828774 -9.944805416736543 -16.58622011978859
-9.5684096441952 -4.731883328473405 16.068273716805585
-8.315478392870506 -3.2979884177589174 15.456629486487804
-7.695565756425238 -5.1975157136263785 15.543257284739457
-8.037345955965474 -4.179222970315587 17.23034536309305
6.466359072907816 15.875554207404733 2.624171130248906
5.168901812880265 14.784647514476369 3.6855510083914553
4.55390753995437 15.758796193536579 2.0506759687160683
5.043046181819212 16.780639164598824 3.6988811536142654
-4.84239532273278 -17.27441790598049 -9.933522061274282
-4.842395322732779 -17.094806715348657 -7.941603433368056
-3.224361333982885 -17.800149018099624 -8.882059837036014
-4.885738692414577 -18.909124232581206 -8.78206360432665
-14.475423568176847 -9.314278758403997 11.146097555939496
-14.391113151068616 -9.37784661522068 9.14888678059635
-15.521806653682647 -8.001737678238673 10.058752922786873
-16.064447816395365 -9.926333708643874 10.097102476608597
10.91711005879177 13.16487995144805 -3.867978931536771
10.660100600738232 11.419986754744524 -4.81100272263049
11.868848325590607 11.529017248230495 -3.221335685432315
12.407798775500215 12.382708117213879 -4.94781890653718
-9.708671734859397 16.295009275835408 -3.514109992128542
-8.499083853216499 15.047023716028935 -4.50377114580548
-7.8090401714391335 16.070527508875706 -2.9301512097130917
-8.223991132135465 17.02339968799706 -4.638908158630554
0.3936726547670192 -1.1594576920988564 -19.8931152008054
0.39367265476701996 0.541843924605224 -18.841652976567133
-1.2243613339828754 0.016112812486090516 -19.8931152008054
0.4370160244488155 0.6015009550075472 -20.840293112016283
0.845895989553052 -16.65198588396582 10.919303035746108
0.759386013411345 -16.59144546043582 8.92209226040296
-0.8154813688786393 -17.23737402648728 9.972125124535223
0.8414379504121428 -18.352485205443163 9.866553215730866
-16.098375920446113 11.707988339437449 1.000327175973214
-16.01406550333788 9.95005712561773 0.05029054455031752
-16.141719290127906 11.648331309035129 -0.9983129594759379
-17.714269271236496 11.003279618838548 0.055724456316273624
17.272492658090517 -1.2905421141805429 0.6646228362850809
15.711804647576667 -0.5258044240271486 -0.32503831739185524
17.229149288408724 -1.3501991445828652 -1.3340172991640715
17.486158746462262 0.3946940521206641 -0.3909935080703548
8.8658086097666 -7.71644759822182 -14.387587518920714
7.694988216516663 -6.284562767465491 -15.148432731956833
9.483842598516494 -5.814334565631514 -14.387587518920716
9.363769506402173 -6.8267826772542515 -16.108206963720075
-9.453632300267927 6.907377698191168 14.424485090344817
-7.697821788788284 6.2806626898205025 15.148610594702006
-7.838638027342032 8.078764392872595 14.284318368403081
-8.68848028856513 7.756238547774302 16.065819199242867
-13.314531277732343 -9.417749214925903 -13.33612529468244
-12.143710884482404 -10.738628225111922 -12.39566889101448
-13.932565266482237 -10.268400023277943 -11.634823677978359
-13.812492174367918 -11.354588279813724 -13.309869206886116
9.44729624004945 -8.61740015362698 13.477307179133929
8.238548515197076 -9.990481657322302 12.668866629758774
9.992159467643244 -9.568761874741384 11.80457440345985
9.946156214549514 -10.553001743997022 13.545021351939589
0.39367265476701063 -15.57311628927641 -13.336125294682443
2.0117066435169075 -14.867773986525448 -12.395668891014486
1.011706643516906 -16.423767097628453 -11.634823677978364
2.081837688849001 -16.645221431301472 -13.309869206886125
-14.335161477512651 -3.6156968708016133 14.211229663404175
-14.207507690722622 -1.9183060805118923 13.161196799271913
-15.40833223866875 -3.3914880873310738 12.5384968877301
-15.877802640225372 -2.343295303226913 14.175839072312856
11.057372149455965 13.357934157165733 2.5997564093360714
10.843706061084221 11.672697990864528 3.6553727536915055
11.982322740604497 11.685201381491659 2.0111721204532587
12.594443951670206 12.639603163237405 3.6587232917265506
-1.5434872846955703 -10.562330706591005 16.06827371680559
-0.566949235620899 -8.927624379990291 15.45662948648781
-2.565070587925526 -8.925038643267447 15.543257284739457
-1.4910007489049402 -8.935421166249125 17.230345363093054
-9.568409644195196 16.488063481553098 2.953625348744301
-8.315478392870501 15.299734952148945 3.962604330516516
-7.695565756425235 16.226711642136877 2.3023565961724817
-8.037345955965469 17.280294734020593 3.9676340396331744
-4.842395322732772 -1.1594576920988566 -19.893115200805397
-4.84239532273277 0.5418439246052227 -18.84165297656713
-3.2243613339828765 0.016112812486091102 -19.893115200805397
-4.885738692414571 0.6015009550075476 -20.84029311201628
-4.385253624427366 -16.64521633733945 11.146097555939496
-4.471763600569073 -16.584675913809452 9.148886780596351
-2.813602721183267 -17.234788289764428 10.058752922786876
-4.476316976010305 -18.345603584274112 10.097102476608597
-14.475423568176849 14.134844820604723 -3.346257822284475
-14.391113151068616 12.376913606785005 -4.296294453707372
-15.521806653682647 12.575307999023055 -2.6585606938199735
-16.06444781639537 13.470314393366376 -4.362821273254455
18.497619313752498 -4.198060728278054 -3.5141099921285432
16.936931303238644 -3.433323038124659 -4.503771145805479
17.697106030348106 -2.460772432245127 -2.930151209713092
18.731568224185207 -2.56096055054272 -4.6389081586305565
1.2564502799268344 0.028053832558152747 19.891100984308117
1.2087077921780889 1.6636435522865431 18.741071887466493
-0.361583708823062 1.2036243371430972 19.891100984308117
1.3385022169276248 1.8422902518897648 20.728844199383733
0.8458959895530556 17.21351602132215 -10.010728187796182
0.7593860134113495 15.400081897217275 -10.849758998648769
-0.8154813688786355 16.628127878800694 -10.957906099007065
0.8414379504121444 17.03239437268337 -12.002505051373374
16.109630344183948 -11.692497954079377 1.0003271759732115
14.41168505639277 -12.155544602509504 0.05029054455031541
16.06628697450215 -11.752154984481699 -0.9983129594759402
15.938751029860047 -13.447070825735867 0.05572445631627118
-21.71027403048191 -1.945124561204318 -0.39451381143848097
-20.121419648482078 -1.119295408921614 -1.2853269029677652
-21.539453637231972 -2.000627471489474 -2.3864324393447047
-21.922476410053928 -0.26814893695623554 -1.4634959936013687
-13.314531277732344 -7.716447598221823 -14.387587518920704
-12.143710884482406 -6.284562767465495 -15.148432731956827
-13.93256526648224 -5.814334565631516 -14.387587518920707
-13.812492174367918 -6.826782677254253 -16.108206963720068
9.490639609731247 -6.85644150652058 14.424485090344813
8.352022930210975 -5.380232066414711 15.148610594702003
10.105633882657143 -4.958512283833796 14.284318368403076
10.061509277258784 -5.866426271453541 16.065819199242863
-4.842395322732778 -15.573116289276403 -13.336125294682438
-6.460429311482672 -14.867773986525437 -12.395668891014479
-5.460429311482673 -16.423767097628446 -11.634823677978357
-6.530560356814773 -16.64522143130146 -13.309869206886114
-12.712209125243385 -8.588723893940804 14.438024183597562
-11.581515622629357 -9.964832830922813 13.528158041407037
-13.40225280702075 -9.538487541874535 12.818830331613574
-13.208335450923625 -10.523037888533874 14.548875612494186
9.447296240049438 15.90828850904118 -1.6804020118929246
8.238548515197069 15.799258015555205 -3.2700690490910995
9.992159467643237 14.837612727122128 -3.2793946426539593
9.946156214549502 16.834481253099458 -3.381374006575844
0.3936726547670185 -4.963683757279471 -19.8931152008054
2.0117066435169138 -4.437952645160338 -18.841652976567133
1.0117066435169155 -3.0615707246891644 -19.893115200805404
2.0818376888490127 -4.460739603106143 -20.840293112016283
0.9910764437366216 -14.75086051491768 14.211229663404172
2.565943826026607 -14.104931948866225 13.16119679927191
1.5359396713304163 -15.702222236032087 12.538496887730092
2.677904581423266 -15.824805736970841 14.175839072312849
-14.335161477512651 14.327899026322408 3.1214775185883687
-14.207507690722622 12.629624842905011 4.170081022614623
-15.408332238668748 12.73149213228422 2.5739471120656017
-15.877802640225372 13.72720943938991 4.243720925009277
-1.543487284695566 19.095518816894376 -2.2612853219382547
-0.5669492356208955 17.817384692174304 -1.0726951495342028
-2.565070587925523 17.893710573810196 -1.0316412671741584
-1.4910007489049355 19.407331230134446 -0.28643895259452745
18.63788140441669 -4.005006522560365 2.9536253487442985
17.12053676358463 -3.1806118020046474 3.9626043305165153
17.810580445361996 -2.304588298983961 2.3023565961724786
18.9182134003552 -2.3040655045191847 3.967634039633171
-3.9746993340535814 0.034823379184523384 20.117895504501508
-4.022441821802328 1.6704130989129127 18.96786640765988
-2.3597050611276855 1.2062100738659447 19.97772878255977
-3.979252709494814 1.8491718730588143 20.959393460261463
-4.385253624427361 17.413339773666205 -9.903247728407447
-4.4717636005690675 15.59990564956133 -10.742278539260031
-2.8136027211832624 16.70445376043658 -10.916852216647023
-4.4763169760103025 17.23552634593146 -11.893245178384634
17.916188156799212 -9.399038648227469 -3.3462578222844783
16.218242869008034 -9.862085296657597 -4.296294453707374
16.75633065627952 -10.876131481461014 -2.658560693819976
17.775217660871178 -11.115641709342592 -4.362821273254458
-22.55748762598186 -4.892840219886411 -4.6382868242372535
-20.968633243982026 -4.0670110676037075 -5.529099915766538
-21.863060434981943 -3.1265546639357504 -4.007409489694291
-22.7837162146203 -3.264666074175312 -5.777527613939149
1.2564502799268376 17.778595523964484 8.920662900296959
1.2087077921780904 16.01852026998575 9.86927017161385
-0.3615837088230587 17.252864411845348 9.972125124535227
1.338502216927629 17.71654464242754 10.91801543996914
16.109630344183955 6.123763876506336 -10.010728187796182
14.411685056392775 5.481106037444376 -10.849758998648769
16.066286974502155 4.362805229399934 -10.957906099007065
15.938751029860052 6.063554361852885 -12.002505051373372
-20.168633243982033 -12.294621336214929 0.0260710782568353
-18.397812850732095 -12.690384569840901 -0.8150987011337759
-19.997812850732096 -12.350124246500084 -1.9658475496493886
-19.871032468041133 -14.04010713104376 -0.9038284422345662
4.858920239016881 -21.24877413283151 -0.394513811438468
5.1533474300167965 -19.482488576880847 -1.2853269029677512
4.753347430016797 -21.103465627230435 -2.3864324393446923
6.519392975660711 -20.93237662165162 -1.4634959936013543
-3.224361333982884 -15.047385177157269 -14.387587518920705
-2.2243613339828823 -13.491392066054262 -15.148432731956827
-1.2243613339828843 -15.04738517715727 -14.387587518920707
-2.224361333982886 -15.246052552884487 -16.108206963720068
-12.668865755561585 -6.827765246834402 15.385202094808447
-11.468041207615457 -5.354583240015218 16.007902006350264
-13.28877839200685 -4.92823795096694 15.298574296556797
-13.092982388214354 -5.83646241599039 17.069673459797453
9.490639609731238 15.967945539443503 0.31823812355622727
8.352022930210964 15.955442148816372 1.9624387567944739
10.105633882657132 14.993796860383295 1.9531131632316145
10.061509277258768 16.99325112308347 1.9377615975613767
-4.842395322732771 -4.963683757279471 -19.8931152008054
-6.460429311482664 -4.437952645160338 -18.84165297656713
-5.460429311482665 -3.061570724689164 -19.893115200805397
-6.530560356814765 -4.4607396031061395 -20.84029311201628
-4.240073170243795 -14.744090968291315 14.438024183597562
-5.898234049629601 -14.09397859233634 13.528158041407037
-4.930116852021161 -15.693854616225046 12.81883033161357
-5.92640363337045 -15.81367104002163 14.548875612494182
-12.712209125243383 16.754755507489683 -1.2251074796693227
-11.581515622629354 16.556361115251633 -2.8628412395567224
-13.402252807020748 15.73125171464291 -2.798727415761709
-13.208335450923624 17.71895555600387 -2.9056362462818637
1.2613686434462077 -3.769402685996092 20.117895504501508
2.8316601444473553 -3.3093834708526484 18.96786640765988
1.8763629163721018 -1.8714734633093084 19.97772878255977
2.988323671768761 -3.2130686850548695 20.95939346026146
0.9910764437366261 19.307695596087974 -6.8381156209427605
2.5659438260266096 18.079649614504554 -6.72996852058446
1.5359396713304216 18.237019814168917 -8.437108251703792
2.677904581423271 19.75632419323473 -7.814508582680369
18.056450247463403 -9.20598444250978 3.1214775185883643
16.40184832935402 -9.609374060537586 4.170081022614619
16.86980507129341 -10.719947348199845 2.573947112065599
17.961862837041167 -10.858746663319057 4.243720925009274
18.637881404416696 4.432896190898513 -2.261285321938251
17.12053676358464 4.966673900252085 -1.0726951495342019
17.810580445362007 3.089933562330426 -1.0316412671741564
18.918213400355203 4.579169187528195 -0.286438952594523
-23.110274030481914 -4.713229029254576 1.807697261315397
-21.69224004173202 -3.8318969666867138 2.9088027976923376
-22.310274030481914 -2.9812461583346748 1.207501180988256
-23.519302825112952 -3.025659496141052 2.800070435111264
-3.9746993340535792 17.978419276308543 9.028143359685702
-4.0224418218023255 16.218344022329813 9.976750631002592
-2.359705061127684 17.32919029348124 10.013179006895275
-3.979252709494815 17.919676615675634 11.027275312957885
17.916188156799215 1.2103938837694683 -9.903247728407445
16.218242869008037 0.567736044707507 -10.742278539260031
16.756330656279523 2.4860648914782737 -10.916852216647023
17.775217660871178 1.0688401188527363 -11.893245178384632
-21.786667232731922 -10.067588607391714 -4.4279943793895935
-20.015846839481988 -10.463351841017685 -5.269164158780206
-20.61584683948199 -11.499473438148044 -3.667149166353469
-21.515854132441323 -11.776204329764022 -5.4316340447940386
2.317279452517007 -22.9654163766435 -4.638286824237243
2.6117066435169236 -21.199130820692837 -5.529099915766526
3.7825270367668598 -21.759164617842732 -4.007409489694282
3.9356735619615777 -22.677439069213698 -5.7775276139391405
16.520184634557733 6.688843379148687 8.920662900296954
14.861006835159515 6.099544410212871 9.869270171613843
16.520184634557733 4.987541762444607 9.972125124535221
16.435815296375537 6.74770463159707 10.918015439969134
-20.168633243982026 5.5216404943707795 -10.984984285512562
-18.397812850732087 4.9462660701129755 -11.715148244332864
-19.99781285073209 3.7648359673815452 -11.925440689180519
-19.871032468041122 5.470518056544989 -12.962057949924215
-5.460429311482656 -22.980757003751417 0.026071078256838742
-6.384036109232635 -21.418904294501925 -0.8150987011337735
-5.56600212048274 -22.835448498150342 -1.9658475496493855
-7.21244864806015 -23.2371066205805 -0.9038284422345652
4.858920239016877 9.149876799734491 -19.18191329990796
5.153347430016792 7.563202434415665 -18.00048319717653
4.753347430016789 7.303266677429338 -19.942758512944078
6.519392975660703 8.052252800731582 -19.376982127954427
-3.224361333982876 -6.139254261864418 -19.893115200805397
-2.2243613339828756 -7.515636182335592 -18.84165297656713
-1.2243613339828758 -6.139254261864418 -19.893115200805397
-2.224361333982877 -7.589376327248635 -20.84029311201628
-2.578695811812104 -14.158702825769861 15.385202094808443
-1.5486916571159157 -12.561412538603998 16.00790200635026
-0.5805744595074771 -14.161288562492704 15.298574296556794
-1.5048515478292928 -14.25573229162064 17.06967345979745
-12.668865755561583 16.814412537892007 0.7735326557798292
-11.468041207615457 16.712545248512797 2.3696665663288514
-13.288778392006849 15.887435847904076 2.4337803901238644
-13.092982388214352 17.87772542598788 2.4134993578553585
-3.9697809705342086 -3.762633139369721 20.344690024694895
-5.632517731208849 -3.2984301143227546 19.334827649795002
-4.589693606979475 -1.8631058435022598 20.258062226443244
-5.615984543024951 -3.201933988105647 21.33243000044279
-4.24007317024379 19.507519348432037 -6.730635161554026
-5.898234049629596 18.40297123755679 -6.556061484167034
-4.930116852021158 18.484015555585266 -8.304255097646413
-5.9264036333704455 20.08499863015199 -7.6377223945780885
19.863008060078666 -6.912525136657872 -1.2251074796693249
19.324920272807184 -5.898478951854457 -2.8628412395567246
19.102833332969205 -7.885075742537404 -2.7987274157617126
20.933328265222183 -7.086415110633601 -2.9056362462818646
1.2613686434462115 19.67972089301263 5.625540126277537
2.8316601444473597 18.44537675115303 5.522685173356159
1.8763629163721076 18.70557221395242 7.260415165952923
2.9883236717687662 20.183579416955375 6.499469710398408
18.056450247463406 6.908975771371853 -6.838115620942761
16.401848329354028 8.027276579416291 -6.729968520584461
16.869805071293413 7.096314482385868 -8.437108251703794
17.961862837041167 8.651878524269694 -7.814508582680368
-22.33945363723198 -9.887977416759881 2.0179897061630556
-20.739453637231982 -10.228237740100694 3.1687385546786673
-21.06306043498196 -11.35416493254697 1.5477615043290796
-22.251440742933976 -11.537197751729762 3.145964004256377
-23.110274030481904 3.7246736842042982 -3.407213409367155
-21.69224004173201 4.3153887355700125 -2.126496682358381
-22.310274030481903 2.413275702979706 -2.126496682358382
-23.51930282511294 3.857575195906324 -1.4540025571164321
2.6589202390168816 -23.435644578477486 1.8076972613154083
3.058920239016881 -21.8146675281279 2.9088027976923483
4.0589202390168815 -22.139587224360803 1.2075011809882685
4.390291088915358 -23.30316641404221 2.8000704351112775
18.326742447172993 1.7754733864118206 9.028143359685696
16.66756464777478 1.1861744174760054 9.976750631002586
17.2102283163351 3.1108014245229496 10.01317900689527
18.272281927386665 1.752990388596926 11.02727531295788
-21.786667232731922 0.5418439246052196 -10.984984285512562
-20.015846839481984 -0.0335304996525857 -11.715148244332863
-20.615846839481986 1.8627229347912384 -11.925440689180515
-21.515854132441323 0.408277498431303 -12.962057949924212
-2.842395322732761 -23.83140781210345 -4.427994379389591
-3.76600212048274 -22.269555102853957 -5.269164158780203
-4.56600212048274 -23.160368194383246 -3.6671491663534663
-4.551071289628458 -24.101840543443252 -5.431634044794038
2.317279452517001 6.121836574697905 -22.615197787531933
2.611706643516916 4.535162209379081 -21.4337676848005
3.7825270367668526 6.146658230767244 -21.25415649416867
3.935673561961569 4.974081268214237 -22.867107023078578
-21.78666723273195 6.047371606489912 7.8827397693114065
-20.168633243982057 5.52164049437078 8.93420199354968
-21.78666723273195 4.346069989785832 8.934201993549674
-21.83001060241375 6.107028636892236 9.881379904760559
11.483842598516496 -17.475229321866706 -10.984984285512553
10.389415407516578 -15.96887952290237 -11.715148244332855
9.760235800766512 -17.855651928384766 -11.92544068918051
11.34325857358847 -17.207991866735664 -12.962057949924208
-5.460429311482659 10.300625648250104 -20.54295459327122
-6.384036109232638 8.849778759570924 -19.52217362324877
-5.566002120482744 8.454015525944952 -21.30379980630734
-7.212448648060152 9.583541266071979 -21.188104368978205
5.673370010849593 10.270870740816918 18.37381931254513
5.918399656160474 8.616206486696054 17.277440418615903
5.603238965517495 8.473042021253992 19.24725707884297
7.342151300735106 9.184682484281137 18.56187270361215
-2.351746981784314 -4.938203643954669 20.344690024694895
-1.396449753709061 -6.376113651498008 19.334827649795002
-0.35362562947968723 -4.940789380677513 20.25806222644324
-1.3097855201930637 -6.330570712248143 21.33243000044279
-2.5786958118121 20.09290749095349 -5.783457250343139
-1.5486916571159117 19.935537291289126 -4.076317519223807
-0.5805744595074724 20.016581609317598 -5.824511132703184
-1.50485154782929 21.64293737855297 -5.116924547274818
19.90635142976047 -6.852868106255552 0.7735326557798268
19.43839468782108 -5.742294818593292 2.3696665663288488
19.2163077479831 -7.728891609276239 2.433780390123862
21.04868132793145 -6.92764524064959 2.4134993578553563
-3.9697809705342046 19.879544645356685 5.733020585666277
-5.632517731208847 18.768698374205265 5.696592209773594
-4.5896936069794725 18.952567955368757 7.393268320010312
-5.615984543024949 20.512253853872625 6.676255898500696
19.863008060078666 1.9956057786349846 -6.730635161554022
19.324920272807184 0.07727693186421669 -6.556061484167031
19.102833332969205 1.0230551727554515 -8.304255097646408
20.933328265222183 0.5702611150022578 -7.637722394578086
-23.95748762598187 -7.660944687936667 -2.436075751483375
-23.357487625981864 -6.624823090806312 -4.038090743910111
-23.06306043498195 -8.601401091604627 -3.957766177555619
-24.91281810136566 -7.874126072033052 -4.180179355137049
18.32674244717299 7.281001068296514 5.62554012627753
16.667564647774775 8.39300371606478 5.522685173356152
17.210228316335098 7.564866882169375 7.260415165952916
18.27228192738666 9.079133747990346 6.499469710398402
-22.339453637231962 6.2269827971217495 -7.9416034333680745
-20.73945363723196 7.408412899853178 -7.73131098852042
-21.06306043498194 6.462096898038739 -9.46329385944032
-22.251440742933955 7.973427435858985 -8.912265503433272
-2.500754536232887 -24.301636013937436 2.017989706163062
-3.3187885249827835 -22.88509181028902 3.168738554678673
-4.2896089182327195 -23.540790800901313 1.5477615043290847
-4.096453762674679 -24.72756788827176 3.145964004256382
10.683842598516502 -20.828189243136205 -3.407213409367148
10.807449396266483 -19.297017788102536 -2.126496682358374
9.189415407516586 -20.47258829268748 -2.126496682358375
10.936636295975884 -21.176129917928357 -1.4540025571164246
2.6589202390168776 12.097592458416582 -20.15305095779174
3.0589202390168784 12.357528215402912 -18.21077564202419
4.058920239016878 10.981146294931737 -19.262237866262456
4.390291088915354 12.925951972436161 -19.59075611017612
-23.40470122148184 1.0675750367243486 7.882739769311408
-21.78666723273195 0.5418439246052162 8.934201993549676
-22.404701221481844 2.4439569571955233 8.934201993549673
-23.474832266813944 1.0447880787785473 9.881379904760555
7.2477746210167036 -20.55291285904196 -10.984984285512553
6.153347430016788 -19.046563060077624 -11.715148244332855
8.14220181201662 -19.031222432969713 -11.92544068918051
7.037059550756581 -20.33662859087816 -12.962057949924207
-2.8423953227327683 6.697210998955711 -23.295718434213565
-3.7660021204827467 5.2463641102765335 -22.274937464191115
-4.566002120482746 7.077633605473776 -22.355262030545607
-4.551071289628467 5.9204695863752645 -23.986442125812154
3.2867404435239993 7.456185155322006 22.088378805698145
3.531770088834881 5.8015209012011475 20.991999911768914
4.691627589354573 7.397927795239335 20.66609255199384
4.916009424526352 6.323397825437914 22.337929307195587
12.483842598516512 -18.851611242337885 7.88273976931143
11.48384259851651 -17.475229321866713 8.9342019935497
10.865808609766615 -19.37734235445702 8.934201993549697
12.553973643848613 -18.87439820028369 9.88137990476058
-15.932565266482225 -17.47522932186671 -10.984984285512562
-14.83813807548231 -15.968879522902373 -11.715148244332864
-14.208958468732245 -17.85565192838477 -11.925440689180517
-15.7919812415542 -17.207991866735668 -12.962057949924217
11.483842598516492 -2.0101085004509223 -20.542954593271215
10.389415407516575 -3.3368471087834215 -19.522173623248765
9.76023580076651 -2.681148118171125 -21.30379980630733
11.343258573588464 -3.89796916767196 -21.188104368978202
-4.5788220900159216 11.514053888833754 20.109527884694472
-5.543899571800361 10.006127500419968 19.218021596843414
-4.64895313534802 9.716225169270826 20.982965650992313
-6.300324665032751 10.838972225539054 20.87156045098918
-2.35174698178431 20.405275757475824 4.681558361428011
-1.396449753709057 20.14508029467644 2.9438283688312454
-0.3536256294796839 20.328949875839932 4.640504479067964
-1.3097855201930628 21.9114227322896 3.8779181416667456
19.906351429760466 3.756564425741387 -5.7834572503431385
19.438394687821077 4.687526522771811 -4.076317519223806
19.216307747983098 5.633304763663046 -5.824511132703184
21.048681327931448 5.25683658754574 -5.116924547274817
-24.128308019231813 -7.605441777651511 -0.4441571235771513
-23.804701221481835 -6.479514585205235 1.176819926772438
-23.510274030481916 -8.456092586003551 1.25714449312693
-25.36743562831945 -7.726411883273072 1.121067781010897
20.13330025978825 2.367631075559649 5.733020585666271
19.59063659122793 0.443004068512704 5.696592209773588
19.443256578010885 1.4916075725389608 7.393268320010305
21.243747355567674 0.997516338722912 6.6762558985006875
-23.957487625981855 1.2471862273561853 -7.9416034333680745
-23.357487625981854 -0.6490672070876379 -7.73131098852042
-23.06306043498194 0.3067298236882279 -9.46329385944032
-24.912818101365648 -0.21744984639719844 -8.91226550343327
0.11727945251700801 -25.152286822289472 -2.436075751483367
0.9172794525170082 -24.261473730760184 -4.038090743910103
-1.053540940732929 -24.592253025139573 -3.957766177555612
0.20974526015721068 -26.12673676668873 -4.1801793551370405
-23.40470122148184 6.573102718609043 4.480136535903244
-21.786667232731947 7.7486732231939905 4.480136535903245
-22.404701221481844 6.898022414841953 6.181438152607325
-23.47483226681394 8.370931438171969 5.353574302201082
12.825483385016371 -19.321839444171864 -7.94160343336807
13.454662991766435 -17.435067038689468 -7.731310988520416
12.654662991766433 -18.035263119016605 -9.463293859440315
14.459253458973945 -18.698453134426927 -8.912265503433268
-2.50075453623289 12.672966882674384 -20.833571604473374
-3.3187885249827844 13.068730116300362 -19.0519454214148
-4.289608918232722 11.912121669638266 -20.36334340263939
-4.096453762674681 13.872340290597185 -20.710091212909695
-15.132565266482235 -20.828189243136208 -3.407213409367156
-15.256172064232217 -19.297017788102536 -2.126496682358382
-13.638138075482322 -20.47258829268748 -2.1264966823583804
-15.385358963941616 -21.17612991792836 -1.454002557116433
10.683842598516497 6.267145080298976 -20.15305095779174
10.807449396266477 6.727892253171529 -18.21077564202419
9.189415407516583 7.253623365290662 -19.262237866262453
10.936636295975878 8.16975377650262 -19.590756110176116
3.51368927355179 13.274081103729038 19.261874819842756
3.8288499641947706 13.417245569171103 17.292058159615685
4.875233049700567 12.104704489005776 18.379402792768307
5.218007663405614 14.065206100838886 18.576732451459357
8.247774621016724 -21.929294779513135 7.882739769311432
7.247774621016724 -20.552912859041964 8.934201993549701
9.247774621016724 -20.552912859041964 8.934201993549697
8.247774621016726 -22.00303492442618 9.881379904760582
-11.696497288982435 -20.552912859041964 -10.984984285512564
-10.60207009798252 -19.046563060077624 -11.715148244332864
-12.590924479982352 -19.031222432969717 -11.925440689180519
-11.485782218722312 -20.33662859087816 -12.962057949924217
7.247774621016698 -0.6337265799797487 -23.295718434213565
6.153347430016783 -1.9604651883122486 -22.274937464191115
8.142201812016614 -2.1554170060519944 -22.35526203054561
7.037059550756576 -2.498800289254986 -23.986442125812157
-1.839355606908759 8.077776729330425 22.956233091772813
-2.804433088693198 6.569850340916644 22.064726803921754
-3.6025700498422237 8.403684089105502 22.07031028414493
-3.5155044130217323 7.3458051127755795 23.76539483847377
-16.932565266482246 -18.851611242337917 7.882739769311411
-15.932565266482248 -17.47522932186675 8.934201993549683
-15.314531277732351 -19.377342354457053 8.934201993549676
-17.002696311814347 -18.87439820028373 9.881379904760562
12.48384259851651 15.481233633901889 -13.336125294682464
11.483842598516512 15.806153330134798 -11.634823677978384
10.865808609766615 16.656804138486834 -13.336125294682466
12.553973643848611 17.279062353464813 -12.462687528384626
-15.932565266482259 -2.0101085004508974 -20.542954593271197
-14.838138075482341 -3.3368471087833997 -19.52217362324875
-14.208958468732279 -2.6811481181711003 -21.30379980630732
-15.791981241554236 -3.897969167671933 -21.188104368978188
12.365449819983226 -0.7966802598672664 20.109527884694465
11.22955194494885 -2.18049836793437 19.218021596843407
10.677284785901232 -1.4189384748452438 20.98296565099231
12.255382556615867 -2.642538208204876 20.871560450989172
20.13330025978825 4.0689326922637274 4.681558361428001
19.590636591227927 4.897069526159131 2.9438283688312366
19.44325657801088 5.945673030185387 4.640504479067955
21.24374735556767 5.525321941282379 3.877918141666734
-24.1283080192318 3.0039907543454207 -7.001147029700117
-23.80470122148182 3.9503067561598613 -5.269164158780217
-23.510274030481902 4.906103786935728 -7.001147029700117
-25.367435628319434 4.45806994492225 -6.409356124119276
0.2228522615170926 -25.297595327890544 -0.4441571235771431
1.1936726547670298 -24.64189633727825 1.1768199267724468
-0.7771477384829077 -24.97267563165764 1.257144493126938
0.4907143436960685 -26.51345753348297 1.1210677810109049
-25.02273521023173 1.593306148843481 4.480136535903243
-24.404701221481833 -0.30880688374682597 4.480136535903246
-24.404701221481837 0.7426553404914413 6.181438152607324
-26.136209625245627 0.1800541559157851 5.353574302201083
8.589415407516583 -22.399522981347122 -7.941603433368066
6.6005610255167495 -22.414863608455033 -7.731310988520408
7.418595014266642 -21.839489184197223 -9.46329385944031
7.491677077710365 -23.760693692540617 -8.91226550343326
0.1172794525170013 9.06955223338 -23.586335445415713
0.9172794525169997 7.238282738182756 -23.50601087906122
-1.0535409407329366 7.4580562119918365 -23.76594663604754
0.20974526015720105 7.945365809620737 -25.237896815469156
13.483842598516508 -20.227993162809057 4.4801365359032665
14.101876587266403 -18.32588013021875 4.480136535903266
13.483842598516507 -19.17653093857079 6.181438152607346
15.2153510022803 -19.739132123146444 5.353574302201108
-17.274206052982105 -19.321839444171868 -7.941603433368077
-17.90338565973217 -17.435067038689468 -7.7313109885204225
-17.103385659732165 -18.03526311901661 -9.463293859440322
-18.90797612693968 -18.69845313442693 -8.912265503433277
12.825483385016367 1.5378032385583085 -20.83357160447337
13.454662991766433 0.8821042479460143 -19.051945421414796
12.654662991766427 -0.39861247906275943 -20.363343402639387
14.459253458973944 0.39082985685324445 -20.71009121290969
-1.6124067768809682 13.895672677737457 20.129729105917423
-2.5073532133333076 14.185575008886602 18.36478505176852
-3.4189645894962286 13.110460782871943 19.783620524919392
-3.213506174142468 15.087613388176552 20.004197982737537
-15.13256526648226 6.267145080298998 -20.153050957791702
-15.256172064232237 6.727892253171547 -18.21077564202415
-13.638138075482342 7.253623365290682 -19.262237866262417
-15.385358963941638 8.169753776502642 -19.590756110176077
11.538611633051408 7.443633725611433 19.26187481984275
11.57737912144437 7.787609606939725 17.29205815961568
10.00572821820027 8.377181559364704 18.379402792768303
11.764352870466137 9.309007904905352 18.576732451459353
-12.696497288982453 -21.92929477951316 7.882739769311408
-11.696497288982455 -20.552912859041992 8.934201993549681
-13.696497288982457 -20.55291285904199 8.934201993549676
-12.696497288982457 -22.00303492442621 9.88137990476056
8.247774621016722 16.857615554373062 -16.08888913562481
7.247774621016723 17.182535250605973 -14.387587518920732
9.247774621016724 17.182535250605966 -14.387587518920734
8.247774621016728 18.67823123188179 -15.261025285218576
-11.696497288982473 -0.6337265799797178 -23.295718434213555
-10.602070097982555 -1.96046518831222 -22.274937464191108
-12.590924479982387 -2.1554170060519655 -22.355262030545596
-11.485782218722354 -2.4988002892549535 -23.986442125812147
8.250814336840707 0.7468391503949703 22.956233091772813
7.114916461806333 -0.636978957672133 22.064726803921754
9.105633882657138 -0.8293665224202629 22.070310284144927
8.072626427363309 -1.0734647628546645 23.765394838473767
-16.932565266482268 15.481233633901887 -13.33612529468242
-15.932565266482266 15.806153330134794 -11.634823677978343
-15.314531277732373 16.656804138486834 -13.336125294682423
-17.00269631181437 17.27906235346481 -12.46268752838458
13.029740616035111 16.232597795635577 11.836206614090155
11.956569854879012 16.456806579106114 10.163473838416078
11.411706627285218 17.408168300220524 11.836206614090155
13.059649434430977 17.97506536924238 10.85492570756492
3.011706643516904 -15.773927705162631 -20.54295459327121
1.4117066435169063 -15.143050370619669 -19.522173623248765
1.8408862502669674 -14.342042874406303 -21.303799806307335
1.1728016012586293 -16.223605381351163 -21.1881043689782
-15.025205159290017 -0.7612344535547408 21.297039409351477
-13.974304695444685 -2.1478824622000947 20.310725303597362
-13.269394647810373 -1.3879494619254071 22.021164913708667
-14.854368480655769 -2.6074559151682513 22.046893491097315
-25.02273521023173 3.2946077655475623 3.4286743116649756
-24.404701221481833 4.145258573899603 1.727372694960896
-24.404701221481837 5.19672079813787 3.428674311664976
-26.136209625245623 4.707859758475256 2.5552365453671313
10.313022205266563 -22.019100374829055 -7.00114702970011
11.113022205266567 -21.418904294501917 -5.26916415878021
11.93105619401646 -20.843529870244108 -7.00114702970011
12.078845184081118 -22.748245580917878 -6.40935612411927
0.2228522615170868 10.916162355685152 -22.825490232379593
1.1936726547670249 12.072770802347248 -21.514092251155002
-0.7771477384829115 12.29254427615633 -21.77402800814133
0.4907143436960648 12.859892178974448 -23.213000592223693
9.247774621016722 -23.30567669998431 4.480136535903271
7.247774621016721 -23.30567669998431 4.480136535903271
8.247774621016722 -22.980757003751403 6.181438152607351
8.247774621016724 -24.80137268126013 5.353574302201111
-13.03813807548231 -22.39952298134712 -7.941603433368074
-11.04928369348248 -22.41486360845503 -7.731310988520416
-11.867317682232372 -21.839489184197223 -9.463293859440318
-11.940399745676094 -23.760693692540617 -8.912265503433268
8.589415407516572 2.9141851590294836 -23.586335445415717
6.600561025516742 3.1091369767692303 -23.506010879061222
7.418595014266636 1.302689137641321 -23.76594663604754
7.491677077710358 2.654732658132981 -25.23789681546916
1.1270597062261951 10.459395518234126 22.976434312995767
1.9251966673752214 8.62556177004527 22.97085083277259
-0.03279779429349716 8.862988624195939 23.30234167277084
1.2924276461704072 9.435550271341905 24.68652037950085
-17.93256526648224 -20.227993162809078 4.480136535903246
-18.550599255232136 -18.325880130218774 4.480136535903249
-17.932565266482246 -19.176530938570817 6.181438152607329
-19.664073670246033 -19.739132123146472 5.353574302201083
13.483842598516507 13.05338948919244 -16.088889135624807
14.101876587266402 12.202738680840401 -14.387587518920727
13.48384259851651 14.10485171343071 -14.38758751892073
15.215351002280299 13.615990673768094 -15.261025285218572
-17.274206052982134 1.5378032385583347 -20.83357160447333
-17.903385659732194 0.8821042479460359 -19.051945421414757
-17.103385659732197 -0.39861247906273567 -20.36334340263935
-18.907976126939708 0.3908298568532743 -20.710091212909653
13.713831144368289 2.760509033621383 20.129729105917423
14.266098303415909 1.9989491405322566 18.36478505176852
13.525307320502924 0.7997266341709206 19.783620524919392
15.342201047506155 1.6061029544326186 20.004197982737537
10.63662900301653 -12.455270468923906 -20.153050957791734
11.113022205266551 -12.430448812854571 -18.21077564202418
11.113022205266553 -10.729147196150493 -19.262237866262446
12.524234950086663 -12.107753141398506 -19.59075611017611
-14.253546264378153 7.477010942545682 20.38008410589844
-14.461760157859429 7.821306438510105 18.420975230409386
-12.800382799427735 8.406694581031566 19.368153141620272
-14.532917511585051 9.343038779786424 19.71684069893784
-12.696497288982483 16.85761555437307 -16.088889135624775
-11.696497288982481 17.182535250605977 -14.387587518920697
-13.696497288982483 17.18253525060597 -14.387587518920693
-12.696497288982485 18.678231231881792 -15.261025285218535
8.915105132892592 17.77611720589781 14.6829118211685
7.841934371736494 18.000325989368346 13.010179045494422
9.840055724041122 17.9977402526455 12.923551247242775
8.876893305178418 19.544138814592586 13.748760095049517
3.011706643516902 -11.319862247516207 -23.29571843421356
1.411706643516904 -10.688984912973245 -22.274937464191108
1.840886250266966 -12.640741257702224 -22.3552620305456
1.1728016012586275 -11.695799778791693 -23.98644212581215
-10.675662766776336 0.7713316001776058 23.7767833742947
-9.624762302931002 -0.6153164084677472 22.790469268540583
-11.608017289378681 -0.80256131940395 22.96834282491955
-10.43281639511461 -1.049517166767256 24.567691338400582
19.95597855351607 -11.319862247516213 -13.336125294682448
19.95597855351607 -10.268400023277946 -11.63482367797837
20.57401254226596 -9.417749214925905 -13.33612529468245
21.68748695727986 -10.8310012078536 -12.462687528384608
-16.35903571554279 16.27062933867093 13.110345936998803
-15.434085124394262 16.49225238541862 11.350985363073077
-14.744041442616897 17.442016033352353 12.970179215057067
-16.469257236284438 18.01327825269706 12.135140328519775
3.9190667507091455 -14.525053658266481 21.297039409351466
2.275540023554561 -13.954085724036371 20.31072530359735
2.7804500711888758 -13.048844218160614 22.021164913708652
2.110414362157099 -14.933092128847484 22.046893491097304
10.865808609766617 -22.779945587865175 3.4286743116650014
11.483842598516512 -21.929294779513135 1.7273726949609205
12.483842598516512 -21.604375083280228 3.428674311665
12.553973643848613 -23.402203802843154 2.555236545367159
-14.76174487323229 -22.019100374829062 -7.001147029700118
-15.561744873232294 -21.418904294501925 -5.269164158780219
-16.379778861982185 -20.84352987024412 -7.001147029700118
-16.527567852046843 -22.74824558091789 -6.40935612411928
10.313022205266556 3.5852247767496896 -22.825490232379593
11.113022205266562 4.865941503758464 -21.514092251155002
11.931056194016454 3.0594936646305566 -21.77402800814133
12.078845184081107 4.440622303344198 -23.21300059222369
1.1971907515582938 12.257224237797052 22.10299654669793
2.1088021277212157 13.33233846381171 20.68416107354706
0.15080766605249663 13.569765317962379 21.01565191354531
1.4790728223404002 14.220250919924915 22.36197288427662
-13.69649728898245 -23.305676699984332 4.480136535903245
-11.69649728898245 -23.305676699984332 4.480136535903246
-12.696497288982451 -22.980757003751428 6.181438152607327
-12.69649728898245 -24.801372681260155 5.353574302201083
9.247774621016719 14.429771409663617 -18.841652976567158
7.247774621016718 14.429771409663621 -18.841652976567158
8.24777462101672 15.806153330134794 -17.790190752328893
8.247774621016719 15.879893475047837 -19.788830887778044
-13.038138075482351 2.914185159029513 -23.586335445415692
-11.049283693482518 3.1091369767692583 -23.5060108790612
-11.867317682232413 1.3026891376413514 -23.765946636047527
-11.940399745676137 2.654732658133017 -25.23789681546914
9.599195661225766 4.3040284438836185 22.976434312995767
7.608478240374962 4.496416008631749 22.97085083277259
8.439338160706075 2.7076215498454315 23.302341672770844
8.57435946372356 4.14491711985416 24.686520379500845
-17.93256526648226 13.053389489192444 -16.088889135624765
-18.55059925523215 12.202738680840403 -14.387587518920684
-17.93256526648226 14.104851713430712 -14.387587518920684
-19.66407367024605 13.615990673768094 -15.261025285218524
14.151173110392383 13.971891140717196 14.6829118211685
14.696036337986182 13.020529419602786 13.010179045494423
14.076123701540917 14.920056715470247 12.923551247242775
15.844469686442004 14.4818982564789 13.74876009504952
6.800561025516735 -15.95353889579447 -20.83357160447336
6.371381418766672 -16.754546392007835 -19.05194542141479
4.906133834516818 -16.389464412597682 -20.363343402639376
6.214587234583152 -17.861780837802403 -20.710091212909678
-16.357584937533133 2.7994239697844274 21.433464017953526
-17.062494985167444 2.0394909695097394 19.72302440784222
-16.204788886236724 0.8381998737701282 21.072557642391775
-17.99368590392621 1.649242389872579 21.449462799130018
-15.085351670982282 -12.455270468923908 -20.153050957791724
-15.561744873232303 -12.430448812854573 -18.210775642024167
-15.561744873232303 -10.729147196150493 -19.262237866262435
-16.972957618052412 -12.107753141398511 -19.590756110176095
11.515648005120644 -11.245404606677237 20.38008410589843
11.907434111639368 -11.337034627516026 18.42097523040938
11.950777481321168 -9.576075980409625 19.368153141620265
13.376676402443259 -10.934468138114742 19.71684069893783
19.955978553516065 -6.865796789869787 -16.088889135624797
19.955978553516065 -5.81433456563152 -14.38758751892072
20.57401254226596 -7.716447598221826 -14.38758751892072
21.687486957279855 -6.303195605294132 -15.261025285218562
-12.00949332302911 17.80319539240328 15.59008990194203
-11.08454273188058 18.02481843915097 13.830729328016306
-13.082664084185208 18.027404175873812 13.917357126267952
-12.047705150743285 19.571217001098056 14.655938175823048
4.032541165723047 -9.914804067358892 23.776783374294688
2.389014438568463 -9.34383613312878 22.790469268540573
2.823793440870675 -11.287885571054215 22.96834282491953
2.225767424866374 -10.24651665630401 24.567691338400568
-24.40470122148182 -11.319862247516214 -13.336125294682445
-24.40470122148182 -10.268400023277946 -11.634823677978364
-25.022735210231716 -9.417749214925907 -13.336125294682446
-26.136209625245606 -10.831001207853603 -12.462687528384603
20.52950810445555 -10.530466542747183 13.11034593699879
20.454458695604078 -9.58230096799413 11.350985363073066
21.144502377381446 -8.6325373200604 12.970179215057055
22.220926032809793 -10.096785308621364 12.135140328519762
3.9190667507091277 25.54445260686391 -3.467277374925958
2.275540023554545 24.40692182902843 -3.397681206888122
2.7804500711888545 25.53194921623678 -1.8230767416877112
2.1104143621570803 26.397622838390493 -3.496893137989754
-15.314531277732343 -22.7799455878652 3.4286743116649774
-15.93256526648224 -21.929294779513157 1.727372694960898
-16.93256526648224 -21.604375083280253 3.4286743116649783
-17.00269631181434 -23.402203802843175 2.5552365453671344
10.865808609766614 13.254200905078669 -18.841652976567154
11.483842598516505 11.35208787248836 -18.841652976567154
12.483842598516508 12.728469792959533 -17.79019075232889
12.553973643848602 12.751256750905334 -19.788830887778044
-14.761744873232328 3.5852247767497185 -22.825490232379565
-15.561744873232325 4.86594150375849 -21.514092251154967
-16.37977886198222 3.0594936646305824 -21.774028008141293
-16.527567852046882 4.440622303344227 -23.21300059222365
11.287360695307761 4.9262866588615974 22.102996546697927
12.02815167822075 6.125509165222933 20.684161073547056
12.859011598551861 4.3367147064366165 21.015651913545305
13.067203662725447 5.8009810442946685 22.36197288427662
-13.696497288982481 14.429771409663623 -18.84165297656712
-11.696497288982481 14.429771409663628 -18.841652976567122
-12.696497288982483 15.806153330134798 -17.790190752328854
-12.696497288982487 15.87989347504784 -19.788830887778005
10.03653762724986 15.51541055097943 17.529617028246847
8.03841627494523 15.517996287702278 17.616244826498495
8.990154541744063 16.827951631144757 16.442272395094225
9.076628102659408 17.020712421900445 18.431082491812827
6.800561025516735 -11.49947343814804 -23.58633544541571
6.371381418766673 -9.547717093419063 -23.50601087906122
4.906133834516819 -10.88393673071299 -23.76594663604754
6.214587234583153 -10.535637478408981 -25.237896815469156
-12.008042545019453 4.331990023516775 23.913207982896743
-10.02478755857177 4.519234934452976 23.73533442651778
-10.828458818072743 2.732555696191905 24.13768974985645
-10.83946434649264 4.17004023717586 25.52819939483427
17.955978553516065 -13.021163864220293 -16.088889135624797
17.337944564766172 -13.871814672572333 -14.387587518920716
18.955978553516065 -12.696244167987386 -14.387587518920716
19.026109598848166 -14.49407288755031 -15.261025285218556
-17.23572457349015 14.012508420475394 16.043678942328793
-17.925768255267513 13.062744772541663 14.424485090344804
-17.31077398234162 14.960673995228445 14.284318368403069
-19.00219191069586 14.526992761102628 15.259523976882093
-11.249283693482498 -15.95353889579447 -20.833571604473356
-10.820104086732435 -16.754546392007835 -19.051945421414786
-9.354856502482582 -16.389464412597686 -20.363343402639376
-10.663309902548917 -17.861780837802403 -20.710091212909678
7.717182140965737 -14.691918164568383 21.43346401795351
7.212272093331423 -15.59715967044414 19.72302440784221
5.804730608012289 -15.152652059764826 21.07255764239176
7.128877457596653 -16.603368304783103 21.449462799130004
-14.182171399021374 -11.212149471670658 21.494203382128426
-14.74227672201119 -11.302547665111877 19.576363400852344
-14.69893335232939 -9.541589018005475 20.52354131206323
-16.09280874927678 -10.896332151092558 20.99447912232923
11.515648005120623 23.257599206184683 -0.9439449644174243
11.90743411163935 21.546297148893057 -1.9020414707508655
11.950777481321147 21.60595417929538 0.09659866469828637
13.376676402443238 22.52532125266981 -0.9624464009801282
-24.40470122148182 -6.865796789869787 -16.08888913562479
-24.404701221481822 -5.81433456563152 -14.387587518920713
-25.022735210231716 -7.716447598221827 -14.387587518920713
-26.13620962524561 -6.303195605294132 -15.261025285218555
20.642982519469452 -5.920216951839592 15.590089901942019
20.56793311061798 -4.972051377086538 13.830729328016293
21.187845747063246 -6.871578672954 13.91735712626794
22.336279095519068 -5.410209836077885 14.655938175823033
4.0325411657230195 25.700636740125073 1.7652304309596156
2.389014438568436 24.563105962289594 1.8348265989974515
2.823793440870648 25.5916062466391 0.17556339376144137
2.225767424866345 26.556392708374503 1.8222424661474677
-3.224361333982888 -26.708279933392475 -13.336125294682434
-2.2243613339828876 -26.383360237159568 -11.634823677978353
-1.224361333982888 -26.708279933392475 -13.336125294682436
-2.2243613339828885 -28.203975914668295 -12.462687528384594
-23.789502626130115 -10.473114023374848 15.031779945926065
-23.864552034981585 -9.524948448621792 13.27241937200034
-24.409415262575383 -8.573586727507386 14.945152147674415
-25.5578486110312 -10.034955564383502 14.206571098119317
20.52950810445554 16.435617694341 -3.555610665014428
20.454458695604075 14.437965222434016 -3.4943555614314286
21.14450237738144 15.461469015280791 -1.9207356253390413
22.220926032809786 15.369419137287478 -3.6038395835055255
-15.314531277732373 13.254200905078678 -18.841652976567115
-15.932565266482268 11.352087872488367 -18.84165297656712
-16.932565266482268 12.728469792959539 -17.790190752328847
-17.00269631181437 12.751256750905343 -19.788830887777998
11.654571615999755 14.339840046394484 17.529617028246847
12.274484252445022 12.440312750527022 17.616244826498495
13.226222519243855 13.750268093969504 16.442272395094225
13.382827125491294 13.892075697757948 18.43108249181283
7.971381418766671 -12.931358268904368 -22.82549023237959
9.436629003016526 -13.296440248314521 -21.514092251155
7.971381418766671 -14.63265988560845 -21.774028008141322
9.330582119968625 -14.346423346865667 -23.213000592223686
-13.763853056499098 4.958705031887441 23.189082478539557
-14.621559155429816 6.159996127627052 21.839549243990007
-15.425230414930788 4.373316889365981 22.241904567328675
-15.512338687440932 5.837965370642877 23.60102817287512
17.95597855351607 -8.567098406573866 -18.84165297656714
17.337944564766175 -6.664985373983558 -18.84165297656714
18.955978553516065 -7.190716486102692 -17.790190752328876
19.02610959884817 -7.16792952815689 -19.788830887778026
-12.886182180976467 15.545074474207738 18.52342290727203
-10.88806082867184 15.542488737484895 18.436795109020384
-11.934443914177637 16.85502981765022 17.349450475867762
-11.847970353262298 17.047790608405904 19.338260572586364
-11.249283693482495 -11.49947343814804 -23.586335445415703
-10.820104086732432 -9.547717093419061 -23.50601087906121
-9.35485650248258 -10.883936730712989 -23.765946636047538
-10.663309902548916 -10.53563747840898 -25.23789681546915
7.830656555979638 -10.081668573660787 23.91320798289674
7.395877553677427 -8.137619135735353 23.735334426517777
5.944992698676494 -9.454070172162444 24.137689749856442
7.315522633766657 -9.020329899366146 25.528199394834264
-22.404701221481815 -13.021163864220297 -16.088889135624793
-21.78666723273192 -13.871814672572336 -14.38758751892071
-23.40470122148181 -12.69624416798739 -14.387587518920713
-23.474832266813912 -14.494072887550313 -15.261025285218555
18.652819246508194 -12.062044932937358 16.043678942328786
17.962775564730826 -13.011808580871085 14.424485090344799
19.57776983765672 -11.840421886189665 14.284318368403062
19.687991358398367 -13.583070800215795 15.259523976882086
-10.315707928441926 -14.668582091402563 22.215273171349054
-9.963065039855232 -15.574933342748192 20.467654676850486
-8.442864040671964 -15.134214476555535 21.690256739282926
-9.733165868255734 -16.581547405567125 22.180510333183797
7.717182140965719 25.741098562143705 -3.555514586847553
7.21227209333141 24.616071174935357 -5.130119052047963
5.804730608012273 25.624340548275548 -4.129009748380388
7.128877457596635 26.61023479687514 -5.258012694042642
-14.182171399021373 24.239225632366804 -0.4159513800885713
-14.74227672201119 22.56428470624225 -1.3544900959397146
-14.698933352329393 22.62394173664458 0.6441500395094375
-16.092808749276784 23.651020866943202 -0.3569592641581366
1.0117066435169009 -25.331898012921304 -16.088889135624786
2.0117066435169018 -25.006978316688397 -14.387587518920705
0.3936726547670063 -26.182548821273343 -14.387587518920705
2.0818376888489993 -26.804807036251322 -15.261025285218548
-23.676028211116222 -5.862864432467253 17.51152391086929
-23.751077619967692 -4.914698857714201 15.752163336943564
-24.366071892893586 -6.812628080400985 15.892330058885301
-25.442495548321936 -5.348380091840019 16.72736894542259
20.642982519469435 16.591801827602165 1.6768971408711442
20.567933110617965 14.594149355695182 1.7381522444541435
21.187845747063236 15.521126045683111 0.07790451011011057
22.336279095519053 15.528189007271486 1.7152960206316972
-3.2243613339828756 0.016112812486086536 -29.852708340336523
-2.2243613339828756 1.3924947329572603 -28.801246116098255
-1.2243613339828758 0.01611281248608698 -29.852708340336523
-2.2243613339828765 1.4662348778703027 -30.799886251547406
-2.6091627386311345 -25.86153170925113 15.03177994592606
-1.6842121474826077 -25.63990866250343 13.272419372000332
-0.6110413863265072 -25.86411744597397 14.945152147674408
-1.6460003197684296 -27.40793027119821 14.206571098119312
-23.789502626130123 18.128551691238012 -2.6450216005672162
-23.864552034981592 16.13089921933103 -2.583766496984217
-24.409415262575386 17.201575001250085 -0.9847738662231811
-25.557848611031208 17.19451203966171 -2.6221653767447637
17.33794456476617 -10.469211439164173 -18.84165297656714
15.719910576016272 -11.644781943749118 -18.84165297656714
17.33794456476617 -12.170513055868254 -17.790190752328876
17.38128793444796 -12.230170086270576 -19.788830887778026
-14.501176453902362 14.373687779526314 18.66358962921376
-15.116170726828255 12.47575855683953 18.803756351155496
-16.162553812334053 13.788299637004856 17.716411718002874
-16.146079545224122 13.930288581212627 19.711297112767685
-12.420104086732431 -12.93135826890437 -22.825490232379575
-13.885351670982283 -13.296440248314523 -21.514092251154985
-12.420104086732433 -14.63265988560845 -21.774028008141308
-13.779304787934384 -14.34642334686567 -23.213000592223672
8.969273235499907 -11.557878013766654 23.18908247853955
10.376814720819043 -12.002385624445967 21.83954924399
8.925929865818107 -13.318836660873057 22.241904567328664
10.34581128457458 -12.949080279567026 23.601028172875115
-22.404701221481822 -8.567098406573866 -18.84165297656713
-21.786667232731926 -6.664985373983558 -18.84165297656713
-23.404701221481822 -7.1907164861026915 -17.790190752328865
-23.47483226681392 -7.167929528156891 -19.78883088777802
18.766293661522095 -7.451795342029765 18.523422907272014
18.14638102507683 -5.552268046162303 18.436795109020366
19.71803192832093 -6.141839998587283 17.349450475867744
19.874636534568374 -6.000032394798843 19.338260572586346
-10.20223351342803 -10.058332500494974 24.695017136292275
-9.779459579509238 -8.115392808039411 24.479964695526046
-8.302601950007768 -9.435632588953158 24.7553888467476
-9.546520692085739 -8.998509000150174 26.25924692888805
7.83065655597961 25.897282695404876 1.6769932190380206
7.395877553677399 24.86878241105537 3.336256424274031
5.944992698676465 25.817394753993238 2.3387255924924513
7.3155226337666255 26.867129842898677 3.348529504221085
-5.4604293114826765 -25.331898012921293 -16.088889135624783
-6.4604293114826765 -25.00697831668839 -14.387587518920704
-4.842395322732782 -26.182548821273336 -14.387587518920704
-6.530560356814775 -26.80480703625131 -15.261025285218546
-21.66994877946821 -12.00986388701071 17.791857354752764
-21.125085551874417 -12.961225608125119 16.119124579078687
-22.74311954062431 -11.785655103540174 16.11912457907869
-22.773028359020174 -13.528122677146975 17.100405485603922
18.652819246508173 19.74421317323263 -3.613669622236074
17.962775564730812 18.72070938038586 -5.187289558328461
19.577769837656707 18.071480397558556 -4.202253911118887
19.68799135839835 19.723067097133537 -5.3248012776707006
-10.315707928441924 26.429933717927955 -3.1850064859921146
-9.963065039855232 25.272148818854262 -4.7772304402793715
-8.442864040671964 26.168581878511734 -3.836275238563935
-9.733165868255735 27.25434498645086 -4.911561092266264
27.435405467046902 -5.9977138733638515 -0.41595138008857124
26.015524048290434 -7.0479909013515165 -1.3544900959397153
26.058867417972227 -6.9883338709491944 0.6441500395094365
27.466408903291363 -7.996603244289388 -0.3569592641581364
1.0117066435169149 -3.061570724689169 -29.85270834033652
2.0117066435169138 -1.6851888042179939 -28.801246116098252
0.3936726547670206 -1.1594576920988606 -29.852708340336523
2.0818376888490144 -1.662401846272194 -30.799886251547402
1.7403796538825507 -24.32896565551878 17.51152391086928
2.665330245031077 -24.107342608771084 15.752163336943552
1.0503359721051848 -25.27872930345251 15.892330058885289
2.775551765772726 -25.849991522797215 16.727368945422576
-23.676028211116215 18.284735824499172 2.5874862053183567
-23.751077619967685 16.287083352592187 2.6487413089013563
-24.36607189289358 17.2612320316524 1.01386626922597
-25.442495548321926 17.353281909645712 2.6969702273924554
-1.9283162485477847 1.7999658361944513 29.910243735585418
-0.9765779817489543 3.1099211796369315 28.736271304181148
0.06980510375684212 1.7973800994716052 29.82361593733377
-0.8901044208336107 3.3026819703926176 30.725081400899754
-2.6091627386311447 25.010461293593877 -16.40884080527898
-1.6842121474826168 23.337728517919803 -16.99742509416179
-0.6110413863265178 24.93413541195799 -16.449894687639024
-1.6460003197684434 24.963942522826137 -18.16102634307365
24.59263781614708 -17.02313093600449 -2.645021600567225
22.715948958199718 -17.711815728011157 -2.583766496984226
23.90259413436971 -17.89915443902517 -0.9847738662231893
24.25076228030652 -18.99356203376617 -2.6221653767447717
-21.786667232731915 -10.469211439164173 -18.841652976567133
-20.16863324398202 -11.644781943749118 -18.841652976567133
-21.786667232731915 -12.170513055868252 -17.79019075232887
-21.830010602413708 -12.230170086270576 -19.78883088777802
18.151299388596197 -9.349724564716547 18.663589629213753
16.5363051156703 -10.52111125939797 18.803756351155492
18.107956018914397 -11.110683211822948 17.716411718002867
18.23790470103823 -11.051138255963306 19.711297112767674
-11.403058061374155 -11.531514507314157 24.072317224750464
-12.923259060557422 -11.972233373506812 22.849715162318024
-11.446401431055952 -13.29247315442056 23.12513931353958
-12.74236795543853 -12.919202237947708 24.60200748321325
8.969273235499884 25.909786086032 0.03279258579977484
10.376814720819022 24.901516712691805 -0.9683167178677982
8.92592986581809 25.850129055629672 -1.9658475496493768
10.345811284574554 26.90040608361734 -1.027308833798233
-1.2243613339828874 -23.95551609245013 -18.84165297656713
0.3936726547670071 -22.779945587865182 -18.84165297656713
0.39367265476700614 -24.48124720456926 -17.79019075232886
0.43701602444880444 -24.540904234971585 -19.788830887778012
-21.556474364454324 -7.399614296103116 20.271601319695986
-20.941480091528426 -5.501685073416334 20.131434597754254
-22.60285744996012 -6.08707321593779 19.184256686543367
-22.586383182850188 -5.9450842717300185 21.179142081308175
18.76629366152207 19.900397306493797 1.6188381836494994
18.146381025076803 18.973420616505866 3.2790859179935334
19.7180319283209 18.264534603276243 2.2654814297539563
19.874636534568342 19.97996214315707 3.2817409205930295
-10.202233513428023 26.586117851189123 2.0475013198934606
-9.779459579509231 25.524860054974273 3.6891450360426226
-8.30260195000776 26.361636084229417 2.63146010230891
-9.546520692085732 27.511240032474394 3.6949811059974684
-5.460429311482666 -3.061570724689169 -29.85270834033652
-6.460429311482666 -1.6851888042179937 -28.801246116098252
-4.842395322732771 -1.159457692098861 -29.85270834033652
-6.530560356814766 -1.6624018462721941 -30.799886251547402
-4.725676869469028 -24.320598035711743 17.791857354752757
-5.798847630625129 -24.096389252241206 16.119124579078683
-4.180813641875232 -25.271959756826146 16.11912457907868
-5.828756449020989 -25.83885682584801 17.100405485603915
-21.669948779468225 21.284495406857864 -2.7851883225089535
-21.12508555187443 20.213819624938814 -4.38418095326999
-22.74311954062432 19.68808851281968 -3.33271872903172
-22.773028359020188 21.34502802625968 -4.4523869438986825
28.324089746581315 -1.6435225664990876 -3.1850064859921092
27.113998228330395 -1.6659144590280213 -4.777230440279368
27.496788787526622 0.05689565707731825 -3.8362752385639283
28.92813605908145 -0.8347350518152177 -4.911561092266258
-31.595459502331455 -7.041167935450735 -2.104295518244321
-30.079917749531525 -8.034506757448574 -2.9507062815454805
-30.25073814278146 -7.979003847163418 -0.9587876536392563
-31.552637304215015 -9.039828058646496 -2.0449324716952635
2.3077517289520046 -1.277717700980803 29.91024373558541
3.259489995750834 0.03223764246167826 28.73627130418114
1.6878390925067375 0.6218095948866585 29.823615937333763
3.4160946019982785 0.17404524625012163 30.725081400899747
1.7403796538825393 26.54302734732622 -13.929096840335756
2.665330245031068 24.870294571652142 -14.517681129218568
1.0503359721051737 25.51952355447945 -15.502716776428143
2.7755517657727147 26.521881271227123 -15.640228495770382
24.70611223116097 -16.866946802743314 2.5874862053183483
22.829423373213608 -17.555631594749983 2.6487413089013483
23.945937504051503 -17.839497408622844 1.013866269225961
24.36611534301578 -18.83479216378215 2.696970227392446
-1.928316248547773 25.947566093160884 14.98620603003446
-0.9765779817489435 24.31170338994333 15.632849276138916
0.069805103756854 25.871240211524995 14.945152147674412
-0.8901044208335969 26.004343971878356 16.69468268286959
24.59263781614708 5.247196352227672 -16.40884080527897
22.71594895819972 5.6099737844592665 -16.997425094161784
23.902594134369714 7.12393669014933 -16.44989468763902
24.25076228030652 6.14884315621298 -18.161026343073647
-28.193555603481663 -17.945457523700693 -4.137377368187451
-26.29912841248175 -18.560994231135744 -3.957766177555614
-27.57552161473177 -18.796108332052732 -2.436075751483369
-27.777705564920844 -19.901191069417045 -4.090740005604229
-3.2243613339828867 -23.955516092450125 -18.84165297656713
-4.842395322732782 -22.77994558786518 -18.84165297656713
-4.842395322732782 -24.481247204569257 -17.79019075232886
-4.885738692414578 -24.54090423497158 -19.788830887778015
-20.93656172800905 -9.299141591970576 20.358229117947637
-19.318527739259153 -10.474712096555523 20.358229117947637
-20.979905097690846 -11.060100239076979 19.411051206736754
-20.93656172800905 -11.000443208674657 21.409691342185905
18.15129938859618 20.874545985554004 -0.016036856025888113
16.536305115670284 21.523774968381307 -1.001072503235463
18.107956018914383 20.814888955151684 -2.0146769914750395
18.237904701038207 22.57253938135405 -1.0692784938641593
-11.403058061374153 26.687985140568323 0.45136740934443853
-12.92325906055742 25.791552080910854 -0.48958779237099975
-11.446401431055948 26.628328110166 -1.5472727261047132
-12.742367955438526 27.78234732999302 -0.5529335445627337
-1.2243613339828756 -6.139254261864423 -29.852708340336516
0.3936726547670187 -6.664985373983555 -28.80124611609825
0.39367265476701774 -4.963683757279474 -29.852708340336516
0.43701602444881676 -6.724642404385876 -30.799886251547402
-0.3761344769553443 -22.7880319819794 20.27160131969598
1.238859795970548 -21.616645287297974 20.131434597754243
1.1955164262887543 -23.377603934404377 19.184256686543357
1.3254651084125835 -23.318058978544734 21.179142081308168
-21.556474364454324 21.440679540119024 2.4473194833766208
-20.941480091528426 20.466530861058814 4.0821945230520065
-22.60285744996012 19.881142718537358 3.135016611841124
-22.586383182850184 21.601923072283203 4.154155254365049
28.437564161595215 -1.4873384332379214 2.0475013198934633
27.297603688676393 -1.4132032229080111 3.689145036042626
27.637050878190827 0.24994986279500608 2.631460102308913
29.11478123525145 -0.5778400057916835 3.6949811059974715
-4.158304794399576 -1.269350081173755 30.19057717946889
-5.2046878799053715 0.04319099899157158 29.10323254631627
-3.543310521473681 0.6285791415130287 30.050410457527153
-5.18821361279544 0.185179943199342 31.098117941081078
-4.72567686946904 26.790023088742554 -13.796243686278368
-5.798847630625137 25.19361619470437 -14.343774092801135
-4.180813641875243 25.7193473068235 -15.395236317039402
-5.828756449021004 26.850555708144366 -15.463442307668098
26.939140492836763 -14.032075197080879 -2.7851883225089615
25.75249531666677 -13.84473648606686 -4.384180953269996
25.752495316666767 -15.546038102770938 -3.3327187290317273
27.337580771196798 -15.062460611096704 -4.452386943898691
-32.47683717648141 -2.7213104013483482 -4.928903835439405
-31.16936046863152 -2.694869192183408 -6.442114171409891
-31.67683717648141 -0.989327530428449 -5.529099915766547
-33.00234639717551 -1.9344327994324788 -6.690909425262721
3.06698528396693 -32.224908197334194 -2.104295518244314
1.6539357671169599 -31.090500914786166 -2.9507062815454748
1.759508576117042 -31.235809420387238 -0.9587876536392501
1.1529137629878559 -32.801801810820486 -2.044932471695261
2.307751728952016 27.323948013632055 12.233442189092111
3.2594899957508465 25.6880853104145 12.88008543519657
1.687839092506748 26.396971323644127 13.893689923436147
3.4160946019982883 27.40351285029533 13.89634492603564
24.70611223116098 9.857445943135264 -13.92909684033575
22.82942337321362 10.22022337536686 -14.51768112921856
23.945937504051514 8.884895337255735 -15.502716776428136
24.366115343015792 10.835418628756468 -15.640228495770375
-28.64076919898162 -17.800149018099617 1.077533302495098
-26.746342007981703 -18.41568572553467 1.2571444931269344
-27.746342007981703 -18.740605421767576 -0.4441571235771462
-28.232323091874623 -19.75347688065706 1.2105071305437132
25.273484306230444 6.184301151794696 14.986206030034456
23.423583123933387 6.583948656482811 15.632849276138911
24.583440624453075 8.061041489716354 14.94515214767441
25.006658179241356 7.18924460526522 16.694682682869587
-28.19355560348164 4.324869764531444 -17.9011965728992
-26.299128412481725 4.76079528133466 -18.371424774733175
-27.575521614731745 6.226982797121752 -17.901196572899195
-27.77770556492082 5.2412141205620895 -19.6296009719331
-3.2243613339828756 -6.139254261864422 -29.852708340336513
-4.842395322732771 -6.664985373983556 -28.801246116098245
-4.84239532273277 -4.963683757279476 -29.852708340336516
-4.885738692414567 -6.7246424043858815 -30.7998862515474
-2.3742558292599716 -22.785446245256555 20.35822911794763
-3.992289818009869 -21.60987574067161 20.358229117947634
-4.035633187691662 -23.370834387778014 19.411051206736747
-3.9922898180098656 -23.311177357375694 21.409691342185898
-20.93656172800906 22.367656230106956 0.7870717490325857
-19.318527739259167 22.89338734222609 -0.2643904752056835
-20.97990509769086 22.307999199704636 -1.211568386416566
-20.93656172800906 24.06895784681104 -0.2643904752056802
28.905520903534597 -2.59791172090018 0.451367409344441
28.522730344338367 -4.32072183700552 -0.4895877923709985
28.8621775338528 -2.657568751302503 -1.5472727261047108
30.360190712974394 -3.533494608455066 -0.5529335445627298
0.07776318310021457 -4.347033618349008 30.19057717946889
1.6494140863443132 -4.936605570773988 29.10323254631627
1.6927574560261092 -3.1756469236675846 30.05041045752715
1.7793627684681406 -4.877060614914343 31.098117941081078
-0.3761344769553552 28.322589142474904 -11.316499721335143
1.2388597959705387 27.673360159647597 -10.331464074125568
1.1955164262887434 27.613703129245273 -12.33010420957472
1.32546510841257 29.371353555447644 -11.384705711963841
27.052614907850653 -13.875891063819715 2.4473194833766123
25.936100777012758 -13.59202524994685 4.0821945230519985
25.892757407330958 -15.352983897053253 3.1350166118411145
27.524225947366784 -14.80556556507317 4.1541552543650395
-32.92405077198137 -2.576001895747276 0.2860068352431451
-31.892967266381504 -2.4597550912664183 1.9957885420489831
-32.22962358098145 -0.8097163397966141 0.9168841697861051
-33.73793300766815 -1.695426221398217 1.8866886237876974
-4.158304794399563 27.570943755048408 12.366295343149499
-5.20468787990536 26.01140693346674 13.053992471614004
-3.5433105214736687 26.596795075988197 14.001170382824888
-5.188213612795427 27.73218728721259 14.073131114137924
26.939140492836767 3.784186633504848 -13.796243686278363
25.752495316666774 2.270223727814784 -14.34377409280113
25.752495316666774 3.9715253445188647 -15.395236317039398
27.337580771196805 2.753801219489028 -15.463442307668092
-30.64076919898162 -15.047385177157272 -4.4279943793896
-29.364375996731596 -14.812271076240284 -5.949684805461844
-29.364375996731596 -16.51357269294436 -4.898222581223575
-30.89370045030631 -16.09040520096036 -6.115636228849708
7.447774621016716 -31.728238786335275 -4.928903835439394
7.068889182816735 -30.476583760446715 -6.442114171409881
8.847774621016718 -30.43218143221859 -5.529099915766534
8.35853097174072 -31.98486920356458 -6.690909425262709
3.0669852839669227 12.529277930168906 -29.763903683880294
1.6539357671169514 11.264902769127714 -29.12778536542678
1.7595085761170355 13.111512891432866 -28.366940152390665
1.15291376298785 12.84036852025114 -30.253345056609596
25.273484306230436 10.638366609441121 12.233442189092102
23.423583123933376 11.038014114129234 12.880085435196557
24.583440624453072 9.762343106420433 13.893689923436138
25.00665817924135 11.71705020782469 13.89634492603563
-28.640769198981605 8.924243727778942 -15.439049743158993
-26.74634200798169 9.36016924458216 -15.90927794499297
-27.74634200798169 7.983787324110988 -16.960740169231237
-28.232323091874605 9.916733911881536 -17.1266915926191
-30.876837176481427 5.196720798137874 13.38826745119609
-29.087982794481594 5.6669489999718525 14.149112664232215
-30.25880318773153 7.09883383072818 13.38826745119609
-30.75676408436711 6.209168909760612 15.108886895995449
12.825483385016366 -25.47720651852236 -17.901196572899195
12.654662991766429 -23.54079080090129 -18.371424774733175
14.443517373766262 -24.30163601393741 -17.901196572899195
13.568473926962826 -24.798543650834464 -19.6296009719331
-1.9203581692044127 -4.344447881626163 30.277204977720533
-3.5817355276361047 -4.92983602414762 29.33002706650965
-3.5383921579543074 -3.168877377041216 30.277204977720533
-3.538392157954308 -4.870178993745296 31.3286672019588
-2.374255829259983 28.39891502411079 -11.2754458389751
-3.992289818009879 27.873183911991656 -10.223983614736834
-4.0356331876916745 27.813526881589333 -12.222623750185985
-3.9922898180098763 29.574485528695735 -11.275445838975102
27.742658589628018 -12.999867560799023 0.7870717490325768
27.74265858962802 -11.298565944094943 -0.2643904752056918
27.699315219946225 -13.059524591201345 -1.2115683864165752
29.36069257837792 -12.474136448679891 -0.26439047520568965
-33.24765756973134 -3.701929088193551 -1.334970215106443
-32.740180861881456 -5.40747074994851 -2.2479844707497896
-33.076837176481405 -3.7574319984787063 -3.3268888430126675
-34.599172812234514 -4.691943358617295 -2.4273429965500855
0.07776318310022745 28.94732567551957 9.613531502207147
1.6494140863443243 28.238439662289938 8.59992701396757
1.6927574560261223 28.298096692692262 10.598567149416722
1.7793627684681543 29.99609008849231 9.545325511578449
27.052614907850657 8.394436224412445 -11.316499721335134
25.936100777012765 9.729764262523572 -10.33146407412556
25.89275740733097 9.67010723212125 -12.330104209574714
27.524225947366794 10.336839624905984 -11.384705711963834
-31.087982794481583 -14.9020766715562 0.7869162912929484
-30.087982794481587 -14.577156975323295 2.4882179079970292
-29.91716240123165 -16.33396150231253 1.5477615043290731
-31.62928706079896 -15.851398622926094 2.4619618202007056
7.724167823266736 -32.10866139285335 0.2860068352431564
7.516102778316688 -31.09212046788178 1.9957885420489938
9.18941540751659 -30.902409634052585 0.9168841697861174
8.813148498694497 -32.61059654839309 1.8866886237877105
27.506512567906235 4.565107299810709 12.366295343149497
26.346655067386546 3.088014466577166 13.053992471613999
26.389998437068343 4.848973113683569 14.001170382824885
27.978123607422372 3.635432798557257 14.073131114137922
-30.640769198981605 2.768876653428435 -15.439049743158995
-29.364375996731585 1.302689137641344 -15.90927794499297
-29.36437599673158 3.003990754345426 -16.960740169231237
-30.893700450306298 1.7258566296253561 -17.126691592619107
-4.8423953227327585 -33.79100095163458 -4.427994379389595
-5.013215715982696 -32.50442462647932 -5.94968480546184
-6.63124970473259 -33.03015573859845 -4.898222581223571
-5.756206257929158 -34.35386377921013 -6.115636228849706
7.447774621016703 9.78075413427743 -30.58287229915684
7.068889182816719 7.867540519630093 -30.140086245347465
8.847774621016704 8.664307970792581 -29.692059207627555
8.358530971740704 8.31953703564938 -31.60040237748029
4.337096406276153 14.277435915904684 28.80318706526573
2.8994561065004136 12.979214445834234 28.305380493283348
2.9695871518325143 14.77704316539716 27.431942726985504
2.445620233387862 14.619626334585828 29.355657521271013
-30.876837176481423 9.6507862557843 10.63550361025374
-29.087982794481594 10.121014457618278 11.396348823289864
-30.25880318773153 8.800135447432263 12.336805226957821
-30.756764084367106 10.736974512320083 12.310549139161495
17.337944564766175 -24.481247204569254 -15.439049743158993
17.16712417151624 -22.544831486948183 -15.909277944992969
16.167124171516242 -23.92121340741936 -16.96074016923124
18.155642033333574 -23.78609553921173 -17.1266915926191
14.483842598516508 -27.759742157630733 13.38826745119613
14.378269789516427 -25.913132035325578 14.14911266423225
16.101876587266403 -26.584171653045782 13.388267451196128
15.409633346455566 -27.33268218852945 15.10888689599549
-17.27420605298208 -25.47720651852235 -17.901196572899213
-17.103385659732144 -23.540790800901284 -18.37142477473319
-18.892240041731977 -24.301636013937408 -17.901196572899213
-18.01719659492854 -24.798543650834457 -19.62960097193312
-1.920358169204399 29.023651557155457 9.654585384567193
-3.581735527636092 28.438263414634 8.70740747335631
-3.538392157954295 28.49792044503633 10.706047608805463
-3.538392157954292 30.199222061740407 9.654585384567191
27.742658589628032 6.517695886490783 -11.275445838975092
27.742658589628036 4.816394269786702 -10.223983614736825
27.699315219946236 4.75673723938438 -12.222623750185976
29.36069257837793 5.342125381905836 -11.275445838975093
-31.70601678323147 -14.051425863204162 -0.9143853254111318
-31.70601678323147 -12.350124246500084 -1.9658475496494006
-31.53519638998153 -14.106928773489319 -2.906303953317356
-33.27410872519914 -13.587495821646359 -2.065843782358767
6.7533474300168 -32.76436038346564 -1.3349702151064344
4.974461991816818 -32.80876271169377 -2.247984470749782
6.647774621016718 -32.61905187786457 -3.326888843012659
6.229429084995367 -34.35565899595517 -2.427342996550079
27.506512567906228 9.019172757457133 9.613531502207142
26.346655067386536 10.294843765165934 8.599927013967564
26.389998437068332 10.35450079556826 10.598567149416715
27.97812360742236 10.961576157950674 9.545325511578444
-31.087982794481558 7.368250616675935 -12.97690291341879
-30.087982794481558 8.744632537147108 -11.925440689180524
-29.917162401231618 8.689129626861952 -13.91735931708675
-31.62928706079893 9.291006567053035 -13.07689914612816
-4.566002120482735 -34.17142355815263 0.7869162912929548
-4.566002120482735 -33.11996133391436 2.488217907997034
-6.289608918232714 -33.50038394043243 1.5477615043290776
-5.3015887309753715 -34.97959112403862 2.461961820200712
7.72416782326673 14.61524219844192 -28.590953671250624
7.516102778316685 15.689906525653921 -26.917094202571153
9.18941540751658 14.640063854511254 -27.22991237788736
8.813148498694494 16.2714077398713 -28.32405146457783
-32.876837176481416 3.4954191814337934 10.635503610253743
-31.706016783231483 2.0635343506774637 11.396348823289868
-31.87683717648142 3.8203388776667007 12.336805226957821
-33.41814144279879 2.5460972300639035 12.3105491391615
12.10187658726639 -28.28547326974987 -15.439049743158991
10.313022205266556 -27.524628056713745 -15.909277944992965
11.931056194016453 -26.99889694459461 -16.960740169231233
11.188065652069993 -28.848336097325415 -17.126691592619103
-4.842395322732771 11.151276456602123 -32.20384934950642
-5.013215715982708 9.214860738981054 -31.733621147672437
-6.6312497047326024 10.390431243565999 -31.733621147672444
-5.756206257929165 9.893523606668943 -33.46202554670634
8.752796966875588 11.576963296928472 29.59403727755651
8.357562167685241 9.64124671740275 29.28292511569489
10.114340743024362 10.407586682205206 28.71156525048206
9.708660178965903 10.177830466774216 30.656465083742386
18.719910576016304 -26.38336023715955 10.635503610253778
18.614337767016217 -24.5367501148544 11.396348823289902
17.7199105760163 -26.058440540926643 12.33680522695786
19.715832369287455 -25.933513310112467 12.310549139161536
-21.786667232731897 -24.481247204569254 -15.439049743159012
-21.615846839481964 -22.544831486948183 -15.90927794499299
-20.615846839481954 -23.921213407419355 -16.960740169231258
-22.604364701299286 -23.786095539211733 -17.126691592619128
-18.93256526648225 -27.759742157630775 13.38826745119609
-18.826992457482167 -25.91313203532562 14.149112664232215
-20.550599255232143 -26.584171653045825 13.388267451196088
-19.858356014421304 -27.332682188529493 15.108886895995449
14.48384259851652 24.389364549194735 -18.841652976567165
14.378269789516436 24.244056043593663 -16.849734348660938
16.101876587266414 23.863633437075595 -17.790190752328897
15.409633346455577 25.737346341710573 -17.69019451961953
28.196556249683596 7.142432419535475 9.654585384567191
28.153212880001803 5.38147377242907 8.707407473356309
28.1965562496836 5.441130802831395 10.706047608805461
29.814590238433492 5.966861914950533 9.654585384567195
-31.706016783231455 5.466137584085629 -12.976902913418796
-31.706016783231455 3.7648359673815497 -11.92544068918053
-31.535196389981518 3.7093330570963943 -13.917359317086751
-33.27410872519913 4.228766008939349 -13.076899146128161
-3.566002120482736 -34.49634325438554 -0.914385325411126
-1.9479681317328426 -33.97061214226641 -1.9658475496493937
-3.671574929482821 -34.35103474878447 -2.9063039533173503
-2.640211372543681 -35.84432504690139 -2.065843782358761
6.75334743001679 13.458633751779825 -29.902351652475215
4.974461991816806 12.661866300617335 -30.35037869019513
6.647774621016705 11.612023629474672 -30.663196865511335
6.229429084995357 13.193236207353955 -31.81417635970198
-32.876837176481416 7.949484639080221 7.882739769311389
-31.70601678323148 9.270363649266239 6.942283365643433
-31.87683717648142 9.325866559551395 8.934201993549658
-33.41814144279879 9.87224058945732 7.782743536602022
16.614337767016202 -27.289513955796753 -12.97690291341879
17.614337767016206 -25.913132035325578 -11.925440689180522
17.50876495801612 -25.767823529724506 -13.91735931708675
18.610259560287357 -27.21016064087418 -13.076899146128158
-4.566002120482747 15.985764520766612 -30.21193072160021
-4.566002120482743 17.037226745004883 -28.51062910489613
-6.289608918232724 16.36618712728468 -29.271474317932253
-5.301588730975383 17.845394310890867 -30.18567463380389
8.936402427221587 16.283739990694915 27.307347518330978
8.65464204304514 17.256971385372708 25.582983363541665
10.34128957305216 16.22548263061224 25.88506126462667
10.010658417845173 17.91963874217519 26.895268228006156
13.483842598516512 -30.187586302340172 10.635503610253782
11.76023580076653 -29.516546684619968 11.396348823289904
13.48384259851651 -29.136124078101904 12.336805226957859
12.748255988023878 -30.99575386822616 12.310549139161541
-16.550599255232104 -28.285473269749858 -15.43904974315901
-14.761744873232272 -27.524628056713734 -15.909277944992985
-16.379778861982167 -26.998896944594602 -16.960740169231254
-15.636788320035706 -28.848336097325408 -17.12669159261912
12.101876587266368 -1.1594576920988886 -32.20384934950643
10.313022205266536 -1.9203029051350105 -31.733621147672444
11.931056194016431 -3.095873409719958 -31.733621147672448
11.18806565206997 -2.417210542032063 -33.46202554670635
-3.4573895956586473 13.057573299095978 31.6612366897041
-3.645913419524014 11.096790899645516 31.31512810870607
-5.263947408273909 12.272361404230463 31.315128108706073
-4.3142195406971355 11.87824805382669 33.0305556485869
-23.168633243982036 -26.3833602371596 10.635503610253739
-23.063060434981953 -24.53675011485445 11.396348823289866
-22.168633243982033 -26.058440540926693 12.33680522695782
-24.164555037253187 -25.93351331011252 12.310549139161498
18.719910576016307 21.311681012019474 -18.841652976567165
18.614337767016224 21.1663725064184 -16.849734348660938
17.71991057601631 22.68806293249065 -17.790190752328897
19.71583236928746 22.608709617568074 -17.69019451961953
-18.93256526648229 24.389364549194735 -18.841652976567108
-18.826992457482202 24.244056043593663 -16.84973434866088
-20.550599255232182 23.8636334370756 -17.790190752328837
-19.858356014421346 25.737346341710577 -17.69019451961947
-33.49487116523131 6.0473716064899135 7.882739769311391
-33.324050771981376 4.290567079500678 6.942283365643437
-33.49487116523132 4.346069989785834 8.93420199354966
-35.06296310719898 4.810000031343635 7.782743536602025
14.996303778266306 -28.4650844603817 -12.976902913418789
13.378269789516413 -28.990815572500836 -11.92544068918052
13.27269698051633 -28.845507066899764 -13.917359317086746
14.304060537455468 -30.338797365016678 -13.07689914612815
-3.5660021204827483 14.609382600295438 -31.263392945838476
-1.9479681317328537 13.43381209571049 -31.263392945838472
-3.671574929482834 12.762772477990282 -32.02423815887459
-2.640211372543696 14.182322631194152 -32.98401239063784
8.024791051058664 15.208625764680257 28.72618299148185
6.268012475719545 14.442285799877798 29.29754285669468
7.954660005726563 13.41079704511733 29.599620757779686
7.584516541636417 15.058354083331968 30.671324831589597
17.719910576016304 -28.811204381868997 7.882739769311433
18.61433776701622 -27.289513955796753 6.942283365643474
18.719910576016304 -27.43482246139782 8.934201993549697
19.715832369287455 -28.731851066946426 7.782743536602068
-21.063060434981924 -27.289513955796757 -12.976902913418812
-22.063060434981924 -25.913132035325585 -11.925440689180544
-21.95748762598184 -25.76782352972451 -13.91735931708677
-23.058982228253075 -27.210160640874186 -13.076899146128179
16.61433776701618 0.5973468348903437 -30.211930721600204
17.61433776701619 0.9222665311232506 -28.51062910489613
17.5087649580161 -0.9243435911819027 -29.27147431793225
18.610259560287332 0.472419604076167 -30.18567463380389
-3.2737841353126553 17.76434999286242 29.374546930478576
-3.348833544164126 18.712515567615476 27.61518635655285
-5.03699857824612 18.090257352637497 28.48862412285069
-4.0122213018178785 19.620056329227666 29.26935879285068
-17.932565266482246 -30.187586302340208 10.635503610253743
-16.208958468732266 -29.516546684620003 11.396348823289866
-17.932565266482246 -29.136124078101943 12.336805226957823
-17.19697865598961 -30.9957538682262 12.310549139161498
13.483842598516517 23.012982628723552 -22.244256209975326
11.76023580076654 23.393405235241616 -21.303799806307367
13.483842598516521 24.06444485296182 -20.542954593271244
12.748255988023885 24.87261241884781 -22.218000122179003
-16.550599255232175 -1.1594576920988504 -32.20384934950639
-14.761744873232344 -1.9203029051349718 -31.73362114767242
-16.379778861982235 -3.0958734097199203 -31.73362114767242
-15.636788320035782 -2.417210542032021 -33.46202554670632
13.486882314340496 0.7468391503949623 31.6612366897041
11.680324501725234 -0.03837274447055264 31.31512810870607
13.298358490475126 -1.2139432490554993 31.31512810870607
12.630052369302003 -0.4324860948743251 33.0305556485869
-23.168633243982075 21.311681012019474 -18.8416529765671
-23.063060434981985 21.1663725064184 -16.84973434866088
-22.168633243982075 22.688062932490652 -17.790190752328837
-24.164555037253226 22.60870961756807 -17.690194519619467
29.046148497265538 -10.469211439164166 -18.841652976567154
28.8753281040156 -10.413708528879013 -16.84973434866093
29.04614849726554 -12.170513055868247 -17.790190752328886
30.614240439233214 -10.933141480721966 -17.690194519619524
16.101876587266407 -29.986774886453944 7.882739769311433
14.378269789516429 -30.367197492972007 6.942283365643476
14.483842598516512 -30.512505998573076 8.934201993549701
15.409633346455568 -31.86048779108892 7.782743536602071
-19.445026446232024 -28.465084460381703 -12.97690291341881
-17.826992457482127 -28.990815572500836 -11.925440689180542
-17.72141964848204 -28.84550706689976 -13.917359317086767
-18.75278320542118 -30.338797365016678 -13.076899146128177
14.996303778266283 1.1230779470094792 -31.26339294583848
13.37826978951639 2.2986484515944268 -31.263392945838476
13.2726969805163 0.45203832928927346 -32.024238158874596
14.304060537455438 1.8715884824931444 -32.98401239063784
-2.227401049806857 16.451808912697093 30.461891563631188
-0.6093670610569625 15.276238408112148 30.461891563631188
-2.2975320951389557 14.653980193134167 31.335329329929028
-1.2274010498068562 16.126889216464185 32.16319318033527
-22.16863324398203 -28.811204381869036 7.8827397693113905
-23.063060434981946 -27.289513955796792 6.942283365643435
-23.168633243982033 -27.434822461397868 8.934201993549658
-24.16455503725318 -28.731851066946465 7.782743536602024
17.719910576016307 19.93529909154829 -22.24425620997532
18.61433776701622 18.413608665476048 -21.30379980630736
18.719910576016307 20.2602187877812 -20.54295459327124
19.71583236928746 19.810371860734115 -22.218000122179
-21.06306043498198 0.5973468348903808 -30.211930721600154
-22.063060434981978 0.9222665311232855 -28.510629104896076
-21.957487625981894 -0.9243435911818658 -29.271474317932196
-23.058982228253132 0.4724196040762045 -30.185674633803828
17.906555752186286 2.3759323069861455 29.37454693047856
18.831506343334816 2.5975553537338376 27.615186356552837
18.76137529800271 0.7997266341709119 28.488624122850673
19.899626989444855 2.247081622412953 29.269358792850664
-17.932565266482285 23.01298262872356 -22.24425620997527
-16.208958468732305 23.393405235241627 -21.303799806307314
-17.932565266482285 24.06444485296183 -20.54295459327119
-17.196978655989653 24.87261241884782 -22.21800012217895
14.40490961607047 24.28072261922718 20.227787893576398
12.641695173137006 24.606629979002253 19.341865085948516
14.329860207219 25.228888193980232 18.468427319650676
13.666472449565246 26.13642895559242 20.122599755948503
-15.138679574303922 0.7838830298881778 32.9022871380512
-13.37088925008162 -0.0059543714446966545 32.40121404054771
-14.985883523007512 -1.1773410661261212 32.541380762489446
-14.169604377757029 -0.39780508987397956 34.19244466759965
27.42811450851564 -15.449008008929729 -18.841652976567158
27.257294115265708 -15.393505098644575 -16.84973434866093
28.42811450851564 -14.072626088458556 -17.79019075232889
28.969418774833017 -15.995382038835656 -17.690194519619528
-33.494871165231295 -10.469211439164184 -18.841652976567154
-33.324050771981355 -10.41370852887903 -16.84973434866093
-33.49487116523129 -12.170513055868264 -17.790190752328886
-35.06296310719897 -10.933141480721988 -17.690194519619524
-20.550599255232143 -29.98677488645398 7.882739769311393
-18.826992457482163 -30.36719749297204 6.942283365643436
-18.932565266482246 -30.51250599857311 8.93420199354966
-19.8583560144213 -31.860487791088953 7.782743536602028
16.10187658726641 20.46103020366743 -23.295718434213587
14.37826978951643 19.789990585947226 -24.05656364724971
14.483842598516517 21.63660070825238 -23.29571843421359
15.40963334645557 21.209540739151098 -25.016337879012948
-19.445026446232095 1.1230779470095162 -31.263392945838426
-17.8269924574822 2.298648451594464 -31.26339294583843
-17.72141964848212 0.4520383292893123 -32.02423815887455
-18.75278320542126 1.8715884824931837 -32.98401239063779
16.334904848942184 2.9655042594111265 30.461891563631184
14.716870860192289 4.141074763996074 30.461891563631184
14.646739814860188 2.3432460444331493 31.335329329929028
15.716870860192289 3.816155067763167 32.16319318033526
-22.168633243982075 19.935299091548302 -22.244256209975262
-23.06306043498199 18.413608665476055 -21.303799806307303
-23.168633243982075 20.260218787781206 -20.542954593271183
-24.16455503725323 19.810371860734122 -22.21800012217894
18.640977593570266 21.203039082051927 20.227787893576398
19.4957971393867 19.626833409236696 19.341865085948516
19.565928184718796 21.424662128799618 18.468427319650672
20.634048830828835 21.07418839747874 20.122599755948503
7.076954227766741 -19.847570556291 -30.211930721600186
7.694988216516638 -20.69822136464304 -28.510629104896108
5.9061338345168055 -21.168449566477015 -29.271474317932228
7.574915124402317 -21.78440962117882 -30.185674633803863
-19.735451171161962 2.4246442230622556 31.006501955523422
-20.80862193231806 2.648853006532791 29.333769179849345
-20.667805693764315 0.8507513034807019 30.198061406148266
-21.730473886568628 2.3009544667658566 31.074216128329084
27.428114508515637 -9.943480327045034 -22.244256209975315
27.2572941152657 -8.186675800055799 -21.303799806307357
28.428114508515645 -9.618560630812127 -20.54295459327124
28.96941877483301 -8.669238679442232 -22.218000122179
-16.981988067812065 24.321339898985375 21.58855501473669
-15.301226965183892 24.64279046536776 20.553319945168155
-17.057037476663535 25.269505473738423 19.829194440810966
-16.250633921422565 26.175144202039032 21.41964462861842
-31.876837176481395 -15.449008008929741 -18.841652976567147
-31.706016783231462 -15.393505098644585 -16.849734348660924
-32.876837176481395 -14.072626088458568 -17.790190752328883
-33.41814144279877 -15.995382038835668 -17.690194519619517
0.39367265476700036 -35.09067973656619 -18.841652976567136
0.39367265476700136 -34.911068545934356 -16.84973434866091
-1.2243613339828938 -35.61641084868532 -17.79019075232887
0.43701602444879545 -36.7253860631669 -17.690194519619503
-20.550599255232182 20.461030203667438 -23.295718434213537
-18.826992457482202 19.789990585947233 -24.05656364724966
-18.932565266482285 21.636600708252384 -23.295718434213537
-19.858356014421343 21.209540739151105 -25.016337879012898
17.069326690326164 21.792611034476906 21.315132526729023
15.381161656244172 21.17035281949893 22.188570293026867
15.45129270157627 22.968181539061852 21.31513252672902
16.45129270157627 22.64326184282895 23.016434143433102
7.07695422776674 -18.146268939586918 -31.263392945838454
7.694988216516635 -16.24415590699661 -31.263392945838454
5.906133834516804 -16.71438410883059 -32.024238158874574
7.574915124402317 -17.25660401861935 -32.984012390637815
-18.07407381273027 3.010032365583714 31.9536798667343
-16.459079539804375 4.181419060265139 31.813513144792566
-16.318263301250624 2.3833173572130493 32.67780537109149
-17.30892180102747 3.8588932151668507 33.595013975632355
25.810080519765748 -14.923276896810592 -22.244256209975315
24.639260126515815 -16.244155906996614 -21.303799806307357
26.428114508515648 -15.773927705162633 -20.542954593271237
26.308041416401327 -16.860115961698412 -22.218000122178996
-21.210097965968483 21.254609718340017 21.95551625687181
-22.142452488570832 19.68071679875846 21.147075707496658
-22.28326872712458 21.47881850181055 20.282783481197733
-23.20512068137515 21.130919962043617 22.023230429677472
8.404563491586778 -18.020273168119132 31.006501955523408
8.949426719180572 -18.971634889233542 29.333769179849327
7.1958157667344045 -19.39335467181446 30.198061406148252
8.903423466086842 -19.955874758489177 31.07421612832907
-31.87683717648139 -9.943480327045048 -22.244256209975312
-31.70601678323146 -8.186675800055813 -21.303799806307353
-32.876837176481395 -9.618560630812143 -20.54295459327123
-33.41814144279877 -8.669238679442252 -22.21800012217899
28.37869170718589 -8.635123056783259 21.588555014736677
28.165025618814145 -6.937290569929698 20.553319945168138
29.303642298334417 -8.413500010035564 19.829194440810948
29.91576350940013 -7.366706896251058 21.419644628618407
-4.842395322732789 -35.090679736566194 -18.84165297656714
-4.842395322732788 -34.911068545934356 -16.849734348660913
-3.2243613339828934 -35.61641084868533 -17.790190752328872
-4.885738692414584 -36.72538606316691 -17.69019451961951
0.3936726547670187 -1.1594576920988753 -39.812301479867635
0.39367265476702007 0.5418439246052065 -38.76083925562937
-1.2243613339828758 0.01611281248607139 -39.81230147986764
0.43701602444881554 0.6015009550075261 -40.75947939107852
25.810080519765744 -13.221975280106511 -23.295718434213576
24.639260126515808 -11.790090449350183 -24.0565636472497
26.42811450851564 -11.319862247516202 -23.295718434213576
26.30804141640132 -12.332310359138942 -25.016337879012937
-19.548720607536794 21.839997860861473 22.902694168082697
-17.792910096057152 21.213282852490806 23.626819672439886
-17.933726334610895 23.011384555542897 22.76252744614096
-18.783568595833994 22.68885871044461 24.544028276980747
8.447906861268576 -16.259314521012733 31.953679866734294
9.062901134194473 -14.361385298325953 31.81351314479256
7.309290181748306 -14.783105080906868 32.67780537109148
9.018776528796115 -15.269299285945701 33.59501397563235
-30.25880318773149 -14.92327689681061 -22.244256209975305
-29.087982794481555 -16.244155906996628 -21.303799806307342
-30.876837176481388 -15.773927705162649 -20.542954593271222
-30.756764084367067 -16.86011596169843 -22.21800012217898
26.76861579777936 -13.603966270018926 21.955516256871793
25.55986807292699 -14.977047773714247 21.14707570749664
27.313479025373155 -14.55532799113333 20.282783481197715
27.267475772279425 -15.539567860388967 22.023230429677454
8.404563491586742 35.79196960221818 -2.2512930874058252
8.94942671918054 34.72129382029913 -3.850285718166858
7.195815766734372 35.68293910873221 -3.840960124603999
8.903423466086807 36.71816234627646 -3.952265082088746
0.3936726547670013 -33.389378119862116 -22.244256209975294
2.011706643516896 -32.684035817111145 -21.303799806307335
1.0117066435168967 -34.24002892821415 -20.54295459327121
2.081837688848993 -34.461483261887174 -22.21800012217897
-30.870553422407585 -8.55844956107397 24.15728370968256
-30.742899635617558 -6.86105877078425 23.1072508455503
-31.94372418356369 -8.334240777603432 22.484550934008485
-32.41319458512031 -7.286047993499272 24.121893118591245
-4.842395322732771 -1.1594576920988753 -39.81230147986764
-4.842395322732771 0.541843924605207 -38.76083925562938
-3.224361333982876 0.016112812486071812 -39.81230147986765
-4.885738692414568 0.601500955007526 -40.75947939107853
2.1192279050866407 1.215565357215162 39.756130890359415
2.071485417337895 2.8511550769435523 38.60610179351779
0.5011939163367458 2.3911358618001084 39.756130890359415
2.2012798420874358 3.0298017765467735 40.59387410543503
-30.2588031877315 -13.221975280106527 -23.295718434213573
-29.08798279448156 -11.790090449350197 -24.056563647249696
-30.876837176481395 -11.319862247516221 -23.295718434213576
-30.756764084367074 -12.332310359138958 -25.016337879012937
26.81195916746116 -11.843007622912523 22.902694168082682
25.67334248794089 -10.366798182806656 23.626819672439872
27.426953440387056 -9.94507840022574 22.76252744614094
27.3828288349887 -10.852992387845486 24.544028276980733
8.447906861268539 35.8516266326205 -0.2526529519566729
9.062901134194433 34.877477953560295 1.3822220877187141
7.309290181748263 35.83912324199337 1.391547681281573
9.01877652879607 36.87693221626047 1.3668705220484783
-4.842395322732788 -33.3893781198621 -22.244256209975298
-6.460429311482683 -32.68403581711114 -21.30379980630734
-5.460429311482683 -34.240028928214144 -20.542954593271215
-6.530560356814781 -34.46148326188716 -22.21800012217897
-29.247601070138323 -13.53147658421316 24.38407822987594
-28.116907567524294 -14.907585521195166 23.474212087685412
-29.93764475191569 -14.481240232146888 22.764884377891953
-29.743727395818564 -15.465790578806232 24.494929658772563
26.768615797779322 25.721489401262186 -2.348951971057168
25.559868072926946 25.612458907776208 -3.93861900825534
27.313479025373116 24.650813619343133 -3.947944601818201
27.267475772279383 26.647682145320463 -4.04992396574009
0.3936726547670176 -4.9636837572794885 -39.812301479867635
2.0117066435169138 -4.437952645160354 -38.76083925562937
1.0117066435169142 -3.0615707246891812 -39.81230147986764
2.0818376888490095 -4.460739603106159 -40.75947939107852
1.3999564088408931 -32.004347353891056 24.15728370968254
2.9748237911308735 -31.358418787839597 23.107250845550276
1.9448196364346906 -32.955709075005466 22.48455093400846
3.086784546527541 -33.07829257594421 24.121893118591217
-3.111921708893777 1.2223349038415319 39.98292541055279
-3.1596641966425225 2.8579246235699207 38.83289631371116
-1.4969274359678828 2.3937215985229545 39.842758688611056
-3.116475084335015 3.036683397715822 40.82442336631274
-3.224361333982894 -32.863647007742976 -23.29571843421357
-2.224361333982893 -31.307653896639973 -24.05656364724969
-1.2243613339828943 -32.86364700774298 -23.29571843421357
-2.224361333982895 -33.062314383470195 -25.01633787901293
-29.204257700456523 -11.77051793710676 25.331256141086822
-28.003433152510397 -10.297335930287575 25.953956052628637
-29.824170336901794 -9.870990641239299 25.244628342835174
-29.62837433310929 -10.779215106262752 27.01572750607583
26.81195916746112 25.781146431664517 -0.35031183560801615
25.673342487940847 25.768643041037386 1.2938887976302316
27.426953440387017 24.806997752604307 1.2845632040673707
27.382828834988654 26.806452015304487 1.2692116383971335
-4.84239532273277 -4.9636837572794885 -39.81230147986763
-6.460429311482664 -4.437952645160354 -38.760839255629364
-5.460429311482667 -3.061570724689182 -39.812301479867635
-6.530560356814764 -4.460739603106161 -40.759479391078514
-3.831193205139523 -31.997577807264705 24.384078229875932
-5.489354084525331 -31.34746543130973 23.474212087685412
-4.521236886916889 -32.94734145519843 22.764884377891942
-5.517523668266175 -33.06715787899502 24.494929658772556
-29.247601070138316 27.861242891919595 -1.1980292931638061
-28.11690756752429 27.662848499681544 -2.8357630530512075
-29.937644751915684 26.83773909907282 -2.7716492292561914
-29.74372739581856 28.82544294043378 -2.8785580597763456
2.124146268606013 -2.5818911613390836 39.98292541055279
3.694437769607162 -2.12187194619564 38.83289631371116
2.7391405415319094 -0.6839619386522999 39.842758688611056
3.8511012969285674 -2.025557160397865 40.82442336631274
1.3999564088408567 35.91971066240257 -17.822092798206675
2.9748237911308424 34.69166468081915 -17.713945697848377
1.9448196364346544 34.849034880483515 -19.42108542896771
3.086784546527499 36.36833925954933 -18.798485759944285
-3.224361333982875 -6.139254261864435 -39.812301479867635
-2.224361333982875 -7.515636182335607 -38.760839255629364
-1.2243613339828747 -6.139254261864437 -39.812301479867635
-2.2243613339828787 -7.5893763272486545 -40.759479391078514
-2.1698158467078326 -31.41218966474324 25.33125614108681
-1.1398116920116461 -29.814899377577376 25.953956052628627
-0.1716944944032055 -31.414775401466084 25.244628342835163
-1.0959715827250216 -31.50921913059402 27.01572750607582
-29.20425770045652 27.920899922321908 0.8006108422853462
-28.00343315251039 27.8190326329427 2.3967447528343664
-29.824170336901783 26.993923232333973 2.4608585766293802
-29.628374333109285 28.98421281041778 2.440577544360877
-3.1070033453744035 -2.575121614712714 40.209719930746175
-4.769740106049045 -2.1109185896657467 39.199857555846286
-3.726915981819672 -0.6755943188452533 40.12309213249453
-4.75320691786515 -2.014422463448645 41.197459906494075
-3.831193205139558 36.119534414746624 -17.71461233881794
-5.489354084525363 35.01498630387138 -17.540038661430952
-4.521236886916926 35.09603062189986 -19.288232274910325
-5.517523668266214 36.69701369646658 -18.621699571842004
35.53562237981379 -19.206524045744825 -1.198029293163832
34.99753459254231 -18.19247786094141 -2.8357630530512306
34.77544765270432 -20.179074651624358 -2.7716492292562176
36.605942584957305 -19.380414019720558 -2.8785580597763722
2.1241462686060353 36.91647249237191 15.571594172555903
3.6944377696071826 35.682128350512315 15.468739219634525
2.73914054153193 35.9423238133117 17.20646921223129
3.8511012969285896 37.420331016314655 16.445523756676774
-1.4889693566245084 -3.750692119297661 40.20971993074618
-0.5336721285492542 -5.188602126841001 39.19985755584629
0.5091519956801184 -3.753277856020506 40.123092132494534
-0.4470078950332598 -5.143059187591137 41.19745990649408
-2.1698158467078676 36.70492255726808 -16.76743442760706
-1.1398116920116788 36.54755235760371 -15.060294696487725
-0.1716944944032408 36.62859667563219 -16.808488309967103
-1.09597158272506 38.254952444867556 -16.100901724538737
35.57896574949558 -19.1468670153425 0.8006108422853202
35.1110090075562 -18.036293727680242 2.3967447528343424
34.88892206771821 -20.022890518363187 2.4608585766293554
36.721295647666565 -19.22164414973654 2.4405775443608495
-3.107003345374382 37.11629624471598 15.679074631944642
-4.769740106049024 36.00544997356456 15.642646256051961
-3.726915981819649 36.18931955472805 17.339322366288677
-4.753206917865127 37.749005453231916 16.62230994477906
35.5356223798138 7.517868700133773 -17.714612338817936
34.997534592542316 5.599539853363005 -17.54003866143094
34.77544765270434 6.54531809425424 -19.28823227491032
36.60594258495731 6.092524036501046 -18.621699571841997
-39.1129051539812 -20.552912859041967 -3.376532155151332
-38.5129051539812 -19.51679126191161 -4.978547147578069
-38.21847796298129 -21.493369262709926 -4.8982225812235765
-40.06823562936499 -20.76609424313835 -5.120635758805005
-1.4889693566244873 37.64202735683511 14.627612407706374
-0.5336721285492342 37.38183189403572 12.889882415109609
0.5091519956801398 37.56570147519921 14.586558525346328
-0.44700789503323785 39.14817433164888 13.823972187945106
35.57896574949559 9.278827347240176 -16.76743442760705
35.1110090075562 10.209789444270601 -15.06029469648772
34.88892206771822 11.155567685161836 -16.808488309967096
36.72129564766657 10.779099509044528 -16.10090172453873
-39.283725547231136 -20.497409948756815 -1.3846135272451081
-38.960118749481154 -19.371482756310538 0.2363635231044796
-38.665691558481235 -21.34806075710885 0.3166880894589732
-40.52285315631877 -20.618380054378374 0.18061137734294141
36.259812239578956 8.514630530103137 15.679074631944646
35.71714857101864 6.590003523056192 15.642646256051963
35.569768557801595 7.638607027082449 17.33932236628868
37.370259335358384 7.1445157932664 16.62230994477906
-39.11290515398118 6.171479886836586 -19.89311520080543
-38.51290515398118 4.275226452392763 -19.682822755957776
-38.21847796298126 5.231023483168631 -21.414805626877673
-40.06823562936497 4.706843813083203 -20.863777270870628
36.259812239578956 10.215932146807216 14.627612407706378
35.71714857101863 11.044068980702619 12.889882415109614
35.569768557801595 12.092672484728876 14.586558525346332
37.370259335358384 11.672321395825868 13.823972187945111
-39.28372554723113 7.928284413825823 -18.952658797137477
-38.96011874948115 8.874600415640264 -17.22067592621758
-38.665691558481235 9.83039744641613 -18.952658797137477
-40.52285315631876 9.382363604402649 -18.360867891556637
-41.96700712023088 7.098833830728183 13.38826745119607
-41.34897313148099 5.196720798137875 13.388267451196072
-41.348973131480996 6.2481830223761445 15.08956906790015
-43.08048153524478 5.685581837800488 14.261705217493912
17.955978553516058 -35.291491152452416 -19.893115200805433
15.967124171516225 -35.30683177956032 -19.68282275595778
16.785158160266118 -34.73145735530252 -21.41480562687768
16.858240223709842 -36.65266186364591 -20.863777270870628
-41.9670071202309 8.800135447432265 12.336805226957804
-41.348973131481 9.650786255784304 10.635503610253725
-41.34897313148101 10.702248480022572 12.336805226957804
-43.08048153524479 10.21338744035996 11.46336746065996
19.67958535126604 -34.91106854593435 -18.952658797137484
20.479585351266042 -34.310872465607204 -17.220675926217588
21.297619340015935 -33.7354980413494 -18.952658797137488
21.445408330080593 -35.640213752023165 -18.360867891556648
19.719910576016307 -37.71933529716185 13.388267451196143
17.719910576016307 -37.71933529716185 13.388267451196143
18.719910576016307 -37.39441560092894 15.089569067900221
18.719910576016307 -39.215031278437664 14.261705217493986
21.337944564766204 -37.19360418504271 12.336805226957875
21.9559785535161 -36.34295337669067 10.635503610253794
22.9559785535161 -36.01803368045776 12.336805226957875
23.0261095988482 -37.81586240002069 11.463367460660036
-24.128308019231742 -34.911068545934356 -18.952658797137516
-24.92830801923175 -34.31087246560722 -17.220675926217616
-25.74634200798164 -33.735498041349416 -18.952658797137516
-25.894130998046293 -35.64021375202318 -18.36086789155668
19.719910576016325 28.843430006841146 -27.749783891860012
17.71991057601632 28.84343000684115 -27.749783891860016
18.719910576016325 30.219811927312325 -26.698321667621748
18.719910576016325 30.293552072225364 -28.6969618030709
-25.786667232731926 -37.19360418504276 12.336805226957813
-26.40470122148182 -36.342953376690716 10.635503610253732
-27.40470122148182 -36.01803368045781 12.336805226957813
-27.47483226681392 -37.815862400020734 11.463367460659969
21.337944564766214 27.6678595022562 -27.749783891860012
21.955978553516104 25.765746469665892 -27.749783891860012
22.955978553516108 27.142128390137064 -26.698321667621745
23.026109598848205 27.164915348082864 -28.696961803070895
-25.786667232731993 27.6678595022562 -27.74978389185996
-26.404701221481883 25.765746469665892 -27.749783891859956
-27.404701221481886 27.142128390137064 -26.698321667621688
-27.474832266813987 27.164915348082864 -28.696961803070838
34.28221647476531 -15.974739121048854 -27.749783891860016
32.66418248601542 -17.150309625633803 -27.749783891860016
34.28221647476531 -17.676040737752935 -26.698321667621748
34.32555984444711 -17.73569776815526 -28.6969618030709
-38.73093914273106 -15.974739121048879 -27.749783891860012
-37.11290515398116 -17.150309625633824 -27.74978389186001
-38.73093914273106 -17.67604073775296 -26.698321667621745
-38.77428251241285 -17.735697768155283 -28.696961803070895
-1.2164032546394985 -6.128300905334525 0.3930323203919661
0.398591018286397 -4.956914210653103 0.2528655984502306
1.0135852912122916 -3.0589849879663196 0.1126988765084933
-3.2224826862874982 0.01869854920893399 0.1126988765084933
-4.837476959213394 -1.152688145472489 0.2528655984502297
-5.452471232139288 -3.0506173681592728 0.393032320391967
-4.832558595694021 -4.950144664026734 0.4796601186436158
-3.214524606944126 -6.125715168611681 0.4796601186436149
-4.7941335895315955 0.6082705016339136 1.2000435096611142
2.059968376718088 -4.371526068131646 1.2000435096611142
-6.404209498938119 -4.360572711601754 1.5670047517962353
-2.1681415214383293 -7.438256248777007 1.5670047517962353
-1.2164032546394974 3.092198276480665 -5.30554956721042
0.39859101828639787 2.442969293653361 -4.320513920000845
1.0135852912122925 1.4688206145931506 -2.6856388803254583
-3.2224826862874982 0.09243869412197725 0.06712496061688963
-4.837476959213393 0.7416676769492803 -0.9179106865926849
-5.452471232139287 1.7158163560094915 -2.5527857262680715
-4.832558595694019 2.64279304599742 -4.213033460612108
-3.2145246069441242 3.1685241581165546 -5.264495684850375
-0.9894544246117083 3.4045665430029977 5.159466044560725
0.5821964786323903 2.6956805297733712 4.145861556321149
1.127059706226187 1.6250047478543177 2.546868925560115
-4.794133589531596 0.8013247073516032 1.0807294488564674
-5.338996817125393 1.8720004892706577 2.6797220796175014
-4.648953135348027 2.8955042821174306 4.253342015709888
-2.9875757769163354 3.4808924246388875 5.200519926920772
2.200230467382285 3.221411641892505 3.0943993320828813
2.0599683767180887 3.028357436174818 -3.3733360087899613
-6.263947408273921 3.544733264944734 3.2683063685003124
-6.404209498938117 3.3516790592270462 -3.1994289723725298
-2.1681415214383275 4.7280609796982205 -5.952192813314877
-1.914405015760237 5.077299318677074 5.748050333443539
3.3167445982201818 -0.20132642435807915 -5.30554956721042
2.2002304673822852 1.134001613753049 -4.320513920000845
1.0837163365443905 1.4178674276259096 -2.6856388803254583
1.0837163365443896 -3.0361980300205187 0.06712496061688963
2.2002304673822852 -4.371526068131647 -0.9179106865926839
3.3167445982201795 -4.655391882004508 -2.552785726268071
4.006788279997545 -3.7793683789838193 -4.213033460612106
4.006788279997547 -2.078066762279739 -5.264495684850374
3.5436934282479684 0.11104184216425389 5.159466044560725
2.3838359277282772 1.3867128498730599 4.145861556321149
1.197190751558285 1.5740515608870764 2.546868925560115
2.2435738370640803 -4.311869037729324 1.0807294488564683
3.4302190132340735 -4.499207748743341 2.6797220796175023
4.190393740343537 -3.526657142863809 4.253342015709888
4.233737110025334 -1.765698495757406 5.200519926920772
3.5436934282479693 4.565107299810681 2.4067022036183783
2.3838359277282772 3.0880144665771394 3.094399332082881
2.243573837064082 2.8949602608594516 -3.3733360087899613
3.430219013234075 4.408923166549515 -2.8258056022671942
4.190393740343539 5.381473772429048 -1.2521856661748079
4.233737110025335 5.44113080283137 0.7464544692743432
5.3069078711814335 -4.861985180974937 3.2683063685003133
5.1666457805172366 -5.055039386692625 -3.199428972372529
5.306907871181434 5.097607958556186 -2.8870607058501956
5.1666457805172366 -0.6009739290461968 -5.952192813314877
5.420382286195328 5.253792091817353 2.3454471000353774
5.420382286195327 -0.25173559006734225 5.74805033344354
-8.35485650248259 -0.01818987254467208 4.950364737737247
-7.184036109232655 1.3026891376413468 4.0099083340692925
-5.90764290698263 1.5378032385583367 2.488217907997048
-5.013215715982713 0.597346834890379 0.966527481924804
-6.631249704732606 -4.382449734875182 0.9665274819248046
-7.9076429069826295 -4.617563835792172 2.488217907997048
-8.802070097982549 -3.677107432124215 4.0099083340692925
-8.972890491232487 -1.9203029051349794 4.950364737737248
-8.354856502482589 4.435875585101755 2.197600896794898
-7.184036109232653 3.003990754345427 2.9584461098310237
-6.631249704732601 2.824379563713592 -3.4875379757216263
-7.907642906982623 4.290567079500683 -3.0173097738876504
-8.802070097982542 5.23102348316864 -1.4956193478154067
-8.972890491232482 5.286526393453794 0.4962992800908175
-9.802070097982547 -5.05348935259539 2.958446109831024
-9.249283693482495 -5.233100543227225 -3.487537975721626
-9.802070097982538 4.9061037869357325 -3.196920964519488
-9.249283693482491 -0.779035085580797 -6.240301816663975
-10.249283693482505 5.051412292536806 2.017989706163061
-10.24928369348251 -0.45411538934788903 5.4205929395712245
2.5644930480169656 -7.951561699138813 4.950364737737253
3.4589202390168796 -6.429871273066567 4.009908334069295
3.2880998457669426 -5.1432949479113095 2.4882179079970497
2.1172794525170047 -4.583261150761414 0.9665274819248044
-2.1187885249827842 -7.66094468793667 0.966527481924806
-1.9479681317328459 -8.947521013091928 2.488217907997052
-0.7771477384829089 -9.507554810241823 4.009908334069297
0.9464590592670703 -9.127132203723761 4.950364737737253
6.800561025516754 -6.5751797786676365 2.1976008967949023
5.076954227766775 -5.904140160947433 2.958446109831027
4.735313441266899 -5.433911959113452 -3.4875379757216245
6.5241678232667315 -6.194757172149574 -3.0173097738876473
7.694988216516668 -6.754790969299469 -1.4956193478154018
7.800561025516753 -6.900099474900543 0.49629928009082214
-1.7771477384829084 -10.883936730712998 2.95844610983103
-2.1187885249827842 -10.413708528879017 -3.4875379757216214
7.694988216516668 -7.806253193537736 -3.1969209645194825
2.1172794525170042 -9.03732660840784 -6.240301816663971
7.97138141876669 -8.186675800055799 2.017989706163068
2.7353134412669027 -9.887977416759883 5.4205929395712324
-7.013215715982709 -7.951561699138822 4.95036473773725
-7.907642906982625 -6.429871273066574 4.009908334069295
-7.7368225137326885 -5.143294947911316 2.4882179079970497
-6.56600212048275 -4.583261150761418 0.9665274819248058
-2.3299341429829594 -7.660944687936672 0.9665274819248049
-2.500754536232898 -8.94752101309193 2.4882179079970492
-3.6715749294828357 -9.507554810241826 4.009908334069294
-5.395181727232815 -9.127132203723766 4.95036473773725
-11.249283693482498 -6.575179778667645 2.1976008967949014
-9.52567689573252 -5.904140160947439 2.9584461098310264
-9.184036109232641 -5.433911959113454 -3.487537975721624
-10.972890491232471 -6.194757172149578 -3.0173097738876478
-12.143710884482413 -6.754790969299474 -1.4956193478154027
-12.2492836934825 -6.900099474900549 0.49629928009082125
-2.7771477384829177 -12.73054685301815 2.197600896794901
-2.6715749294828344 -10.883936730713 2.958446109831026
-2.3299341429829568 -10.413708528879013 -3.487537975721625
-2.5007545362328933 -12.350124246500084 -3.0173097738876486
-2.671574929482831 -13.636700571655343 -1.4956193478154043
-2.777147738482916 -13.782009077256419 0.4962992800908195
-12.143710884482411 -7.80625319353774 -3.196920964519484
-6.566002120482745 -9.037326608407838 -6.240301816663973
-3.6715749294828295 -13.961620267888245 -3.1969209645194847
-12.420104086732437 -8.18667580005581 2.017989706163066
-7.184036109232646 -9.88797741675989 5.420592939571228
-3.9479681317328534 -14.342042874406314 2.017989706163064
2.5644930480169674 7.983787324110988 -4.898222581223572
3.4589202390168836 6.4620968980387445 -3.957766177555614
3.288099845766945 4.525681180417676 -3.487537975721633
2.1172794525170073 2.914185159029513 -3.6671491663534646
-2.1187885249827816 4.290567079500686 -6.419913007295812
-1.947968131732844 6.226982797121756 -6.890141209129792
-0.7771477384829057 7.838478818509918 -6.710530018497962
0.9464590592670734 8.509518436230122 -5.949684805461839
6.800561025516753 4.9061037869357325 -4.89822258122357
5.076954227766777 5.286526393453796 -3.957766177555613
4.735313441266898 -0.6892294902648795 -6.419913007295808
6.52416782326673 0.0716157227712424 -6.890141209129789
7.69498821651667 1.6831117441594046 -6.710530018497957
7.800561025516753 3.5297218664645573 -5.949684805461837
-1.7771477384829066 7.513559122277011 -8.411831635202041
-2.118788524982786 1.5378032385583351 -10.873978464942237
7.69498821651667 0.6316495199211349 -8.411831635202036
2.1172794525170016 -1.5398802986169216 -10.873978464942235
7.971381418766693 5.466137584085626 -6.419913007295818
2.7353134412669062 9.270363649266242 -6.41991300729582
-7.013215715982708 7.983787324110984 -4.898222581223559
-7.9076429069826215 6.462096898038739 -3.9577661775556017
-7.736822513732683 4.525681180417668 -3.487537975721623
-6.566002120482743 2.9141851590295067 -3.667149166353459
-2.3299341429829585 4.290567079500685 -6.419913007295811
-2.500754536232898 6.226982797121756 -6.890141209129787
-3.6715749294828366 7.838478818509915 -6.710530018497953
-5.395181727232816 8.509518436230117 -5.949684805461828
-11.249283693482495 4.906103786935725 -4.898222581223556
-9.525676895732516 5.28652639345379 -3.957766177555601
-9.184036109232638 -0.6892294902648821 -6.419913007295804
-10.972890491232471 0.07161572277123884 -6.890141209129782
-12.14371088448241 1.6831117441594006 -6.710530018497945
-12.249283693482496 3.529721866464552 -5.949684805461822
-2.777147738482923 7.658867627878085 -10.403750263108257
-2.671574929482837 7.5135591222770115 -8.411831635202034
-2.3299341429829594 1.5378032385583413 -10.873978464942237
-2.5007545362328987 2.8243795637135984 -12.395668891014484
-2.671574929482838 4.7607952813346675 -12.86589709284846
-2.777147738482923 6.607405403639818 -12.105051879812336
-12.14371088448241 0.6316495199211336 -8.411831635202025
-6.566002120482746 -1.539880298616917 -10.873978464942235
-3.6715749294828375 3.384413360863493 -13.917359317086726
-12.420104086732437 5.466137584085621 -6.419913007295801
-7.184036109232649 9.27036364926624 -6.419913007295804
-3.9479681317328614 8.21890142502798 -11.925440689180503
2.7639232912830165 8.258279505337548 4.29786187967879
3.618742837099446 6.682073832522313 3.411939072050907
3.430219013234078 4.721291433071852 3.0658304910528775
2.270361512714385 3.1248845390336637 3.391737850827954
-1.844273970428136 4.668403949295899 6.2384430579063
-1.655750146562768 6.629186348746362 6.584551638904331
-0.4958926460430759 8.22559324278455 6.258644279129255
1.1922723880389183 8.847851457762527 5.385206512831413
6.999991268782804 5.180595968162291 4.29786187967879
5.23677682584934 5.506503327937366 3.411939072050907
5.009827995821546 -0.31139262046966376 6.2384430579062995
6.8163858084368085 0.4738192743958507 6.584551638904327
7.976243308956503 2.070226168434038 6.258644279129253
8.0463743542886 3.868054887996963 5.38520651283141
-1.4208432371916042 8.003970196036859 8.018004853054979
-1.6477920672193975 2.1860742476298274 10.844508838910372
8.051292717807973 1.1220605936809855 8.018004853054979
2.588275910280391 -0.8916092895454275 10.844508838910372
8.23489817815397 5.828837287447426 5.73131509382944
2.99883020065418 9.633063352628042 5.7313150938294415
9.760235800766525 -4.202838544243353 -4.898222581223572
8.58941540751659 -5.523717554429371 -3.957766177555614
6.694988216516674 -5.959643071232588 -3.487537975721634
4.800561025516759 -5.344106363797536 -3.6671491663534654
4.800561025516758 -0.8900409061511079 -6.419913007295811
6.694988216516672 -0.4541153893478924 -6.890141209129792
8.58941540751659 -1.069652096782944 -6.710530018497962
9.760235800766525 -2.501536927539273 -5.949684805461839
8.142201812016628 -9.182635114008914 -4.898222581223571
7.971381418766692 -7.4258305870196795 -3.957766177555613
2.182527036766859 -8.947521013091922 -6.4199130072958095
3.4589202390168787 -10.413708528879013 -6.890141209129789
5.353347430016794 -11.029245236314065 -6.710530018497957
7.142201812016628 -10.559017034480087 -5.949684805461837
8.142201812016628 -0.27450419871605725 -10.403750263108265
7.971381418766693 -0.21900128843090272 -8.41183163520204
2.1825270367668574 -1.7406917145031455 -10.873978464942237
3.458920239016877 -1.5055776135861567 -12.395668891014482
5.353347430016792 -1.0696520967829404 -12.865897092848464
7.142201812016625 -0.5994238949489628 -12.105051879812343
4.353347430016792 -11.354164932546968 -8.411831635202036
0.5644930480169608 -6.720488284268706 -10.873978464942235
4.353347430016791 -2.4460340172541137 -13.917359317086728
9.036629003016543 -10.12309151767687 -6.419913007295817
11.036629003016545 -3.9677244433263645 -6.41991300729582
9.03662900301654 -1.2149606023840143 -11.925440689180512
-6.804788902468439 8.270662221973442 4.712709790939192
-7.737143425070785 6.696769302391887 3.9042692415640383
-7.584347373774378 4.735545206377588 3.543362866002287
-6.404763646827669 3.136110879052718 3.7678446329619932
-2.055221254313988 4.668676932785064 6.247588597905221
-2.2080173056103964 6.629901028799365 6.608494973466973
-3.387601032557105 8.229335356124233 6.384013206507268
-5.1434115440367485 8.856050364494898 5.65988770215008
-11.032898800624853 5.203932041328076 5.079671033074312
-9.35213769799668 5.525382607710463 4.044435963505774
-8.896446777700923 -0.2933967338242409 6.841344360233723
-10.664237101923224 0.4964406675086339 7.342417457737209
-11.843820828869934 2.0958749948335043 7.117935690777505
-11.984637067423684 3.893976697885594 6.25364346447858
-2.33381401559749 8.26906414879277 10.039158962960768
-2.314430271401008 8.005126572653698 8.056745982181344
-1.8587393511052506 2.1863472311189933 10.853654378909294
-1.9651523168958622 3.561572774973328 12.301905387623666
-2.1179483681922706 5.5227968709876265 12.662811763185418
-2.258764606746019 7.320898574039718 11.798519536886495
-11.768771420018464 1.147709420080452 8.877296264703231
-6.086849249261664 -0.8803829495263713 11.220615621044415
-3.069686634991101 4.212841527545146 13.836784194589686
-12.137433118720093 5.855200793899893 6.614549840040331
-6.91120186825905 9.645887765827775 6.160960799653565
-3.4383483336927285 8.920332901364585 11.574037769926788
-14.208958468732263 -4.202838544243354 -4.898222581223563
-13.038138075482326 -5.523717554429372 -3.9577661775556052
-11.143710884482411 -5.959643071232588 -3.4875379757216276
-9.249283693482495 -5.344106363797536 -3.66714916635346
-9.249283693482495 -0.8900409061511088 -6.419913007295808
-11.143710884482411 -0.4541153893478933 -6.890141209129788
-13.038138075482328 -1.0696520967829448 -6.710530018497954
-14.208958468732263 -2.501536927539274 -5.949684805461831
-12.590924479982368 -9.182635114008914 -4.898222581223561
-12.420104086732431 -7.425830587019679 -3.9577661775556043
-6.631249704732598 -8.947521013091922 -6.419913007295806
-7.907642906982618 -10.413708528879013 -6.890141209129784
-9.802070097982533 -11.029245236314065 -6.71053001849795
-11.590924479982364 -10.559017034480087 -5.949684805461827
-12.590924479982368 -0.274504198716059 -10.403750263108257
-12.420104086732431 -0.2190012884309036 -8.411831635202033
-6.631249704732598 -1.7406917145031473 -10.873978464942235
-7.90764290698262 -1.5055776135861585 -12.39566889101448
-9.802070097982535 -1.0696520967829422 -12.865897092848458
-11.590924479982368 -0.5994238949489654 -12.105051879812338
-8.802070097982531 -11.354164932546972 -8.411831635202029
-5.013215715982701 -6.720488284268709 -10.873978464942233
-8.802070097982533 -2.4460340172541164 -13.917359317086726
-13.485351670982281 -10.123091517676873 -6.419913007295807
-15.485351670982284 -3.9677244433263654 -6.4199130072958095
-13.485351670982283 -1.214960602384017 -11.925440689180503
9.968662614280788 -3.9159636463808996 4.712709790939192
8.759914889428417 -5.289045150076222 3.9042692415640374
6.847463356474968 -5.749779045272667 3.543362866002285
4.961799499171824 -5.122180643774323 3.7678446329619923
5.0752739141857255 -0.5119310528667294 6.247588597905221
6.987725447139173 -0.05119715767028499 6.60849497346697
8.873389304442316 -0.6787955591686288 6.384013206507266
10.012005983962586 -2.155004999274497 5.659887702150076
8.358586704874263 -8.884806859616566 5.079671033074309
8.14492061650252 -7.186974372763006 4.044435963505773
2.4701163682985676 -8.551688256651278 6.841344360233723
3.7675736283261183 -9.988883584141618 7.342417457737209
5.653237485629263 -10.616481985639961 7.117935690777504
7.40684843807543 -10.194762203059046 6.253643464478579
8.585535534902068 0.33569232219862055 10.039158962960766
8.328526076848524 0.2725661619457789 8.056745982181344
2.6537218286445716 -1.0921477219424958 10.853654378909294
3.9945224583539223 -0.7683844023264328 12.301905387623663
5.906973991307368 -0.30765050712998665 12.662811763185415
7.660584943753536 0.11406927545092849 11.798519536886491
4.728286894480735 -10.838105032387652 8.877296264703228
1.0436459192380454 -6.060990935178163 11.220615621044411
4.955235724508539 -1.6176058505724682 13.836784194589683
9.319299971028878 -9.734028307862602 6.614549840040329
11.309463243990137 -3.5922003267648357 6.160960799653562
9.54624880105668 -0.5135291260474153 11.574037769926784
0.39367265476701574 -14.81227107624029 -4.898222581223566
-1.2243613339828778 -14.106928773489322 -3.957766177555608
-2.2243613339828756 -12.439929841816005 -3.4875379757216285
-2.224361333982873 -10.44801121390978 -3.667149166353462
2.011706643516916 -9.071629293438608 -6.419913007295811
3.011706643516914 -10.738628225111928 -6.890141209129791
3.0117066435169115 -12.730546853018154 -6.710530018497957
2.0117066435169106 -14.28653996412116 -5.9496848054618345
-4.842395322732774 -14.812271076240284 -4.898222581223562
-3.2243613339828774 -14.106928773489322 -3.957766177555606
-6.460429311482663 -9.0716292934386 -6.419913007295805
-7.460429311482663 -10.738628225111915 -6.890141209129784
-7.4604293114826685 -12.730546853018142 -6.71053001849795
-6.4604293114826685 -14.28653996412115 -5.949684805461828
3.6297406322668064 -12.059507235297943 -10.403750263108261
3.6297406322668064 -11.879896044666111 -8.411831635202038
0.3936726547670224 -6.84459656461539 -10.873978464942237
1.011706643516915 -7.985864384169574 -12.395668891014484
2.0117066435169124 -9.652863315842893 -12.865897092848464
3.0117066435169115 -11.208856426945903 -12.10505187981234
-8.078463300232562 -12.05950723529793 -10.403750263108254
-8.078463300232562 -11.879896044666099 -8.411831635202029
-4.8423953227327665 -6.844596564615385 -10.873978464942233
-5.460429311482663 -7.985864384169567 -12.39566889101448
-6.460429311482665 -9.652863315842884 -12.865897092848458
-7.4604293114826685 -11.208856426945891 -12.105051879812333
0.39367265476701796 -9.127132203723757 -13.917359317086728
-4.842395322732771 -9.127132203723752 -13.917359317086724
-5.46042931148267 -15.953538895794468 -6.419913007295808
1.0117066435169089 -15.953538895794477 -6.419913007295812
3.011706643516908 -13.200775054852128 -11.925440689180508
-7.46042931148267 -13.200775054852116 -11.925440689180501
-13.978016819430817 -3.8849746334610504 5.7509090536555485
-12.84732331681679 -5.261083570443061 4.841042911465024
-10.974479429046829 -5.726715955596035 4.316026479398894
-9.074847865626566 -5.10401604405422 4.37639818985422
-8.961373450612669 -0.49376645314662504 6.856142154797444
-10.834217338382631 -0.02813406799365037 7.381158586863574
-12.733848901802896 -0.6508339795354638 7.320786876408248
-13.93467344974902 -2.1240159863546473 6.698086964866432
-12.355064467161554 -8.858001656600242 5.9777035738489355
-12.227410680371525 -7.160610866310521 4.927670709716674
-6.335381382519406 -8.540293203557548 7.22310339693257
-7.588312633844102 -9.974188114272035 7.834747627250348
-9.487944197264365 -10.596888025813847 7.774375916795022
-11.30868138165576 -10.170542736765569 7.065048207001558
-12.128115637133758 0.36249752521494827 10.937191503735383
-12.04380522002553 0.29892966839826585 8.939980728392237
-6.151775922173411 -1.0807526688487599 11.235413415608132
-7.3613638038163085 -0.7536889324568437 12.794235557136794
-9.234207691586269 -0.2880565473038681 13.319251989202927
-11.054944875977661 0.13828874174441008 12.60992427940946
-8.414773436108266 -10.821096809284388 9.447108692469099
-4.528823569904147 -6.053779691987952 11.462207935801521
-8.187824606080474 -1.6005976274691966 14.406596622355547
-13.18152526942572 -9.704910351612593 7.590064639067686
-15.18760470107372 -3.557910897069134 7.309731195184211
-12.954576439397925 -0.4844111697974043 12.549552568954134
9.968662614280793 5.966447962452679 -1.3949564741364742
8.759914889428423 5.8574174689667045 -2.9846235113346484
6.847463356474975 5.740659455098546 -3.5581186728674865
4.961799499171832 5.660771513686911 -2.896386299413055
5.075273914185725 5.816955646948076 2.336121506472517
6.98772544713917 5.933713660816234 2.9096166680053557
8.873389304442314 6.013601602227871 2.247884294550925
10.012005983962588 6.026104992855001 0.603683661312678
8.358586704874272 8.516802314328123 -5.675114895365471
8.14492061650253 6.831566148026916 -4.619498551010036
2.4701163682985747 9.94351567163875 -4.589320296310087
3.7675736283261245 11.03442236456712 -5.650700174452638
5.65323748562927 11.114310305978755 -6.312432547907069
7.40684843807544 10.152665017545676 -6.321758141469928
8.585535534902055 8.829170580850452 4.7899007164056755
8.328526076848517 7.084277384146922 3.846876925311958
2.6537218286445627 10.19622690775876 3.8770551800119066
3.9945224583539076 11.34679063108945 4.814315437318508
5.906973991307355 11.463548644957605 5.387810598851346
7.660584943753523 10.501903356524526 5.3784850052884865
4.728286894480739 12.787043081652833 -5.7238482590242565
1.0436459192380392 12.746581259634203 -0.40310324121708985
4.955235724508523 13.09941134817516 4.741167352746889
9.319299971028885 10.269423031413833 -5.74826297993709
11.309463243990141 7.117011685783368 -0.45769621682987194
9.546248801056668 10.581791297936162 4.716752631834055
0.39367265476702196 2.2431455413093033 -15.439049743158973
-1.2243613339828725 2.7688766534284373 -14.387587518920704
-2.2243613339828716 2.443956957195531 -12.686285902216625
-2.2243613339828703 1.392494732957263 -10.984984285512546
2.0117066435169186 -1.6851888042179906 -10.984984285512546
3.0117066435169177 -1.3602691079850846 -12.686285902216628
3.0117066435169177 -0.3088068837468163 -14.387587518920707
2.011706643516916 1.0675750367243584 -15.439049743158975
-4.842395322732767 2.2431455413093033 -15.43904974315897
-3.2243613339828725 2.7688766534284373 -14.387587518920704
-6.46042931148266 -1.685188804217991 -10.984984285512542
-7.460429311482661 -1.3602691079850848 -12.686285902216621
-7.460429311482661 -0.30880688374681675 -14.3875875189207
-6.460429311482663 1.0675750367243566 -15.439049743158968
3.62974063226681 -3.9122215330412042 -15.439049743158973
3.6297406322668118 -2.210919916337124 -14.387587518920705
0.39367265476702373 -6.664985373983551 -10.984984285512546
1.0117066435169173 -7.515636182335591 -12.686285902216625
2.011706643516917 -7.190716486102685 -14.387587518920704
3.011706643516915 -5.814334565631511 -15.439049743158971
-8.078463300232558 -3.9122215330412047 -15.439049743158966
-8.078463300232556 -2.2109199163371245 -14.3875875189207
-4.8423953227327665 -6.664985373983552 -10.984984285512542
-5.460429311482662 -7.515636182335592 -12.686285902216621
-6.460429311482663 -7.190716486102686 -14.387587518920698
-7.460429311482665 -5.814334565631513 -15.439049743158966
-1.2243613339828738 -8.892018102806766 -15.439049743158968
0.3936726547670215 -8.366286990687632 -14.387587518920704
-4.842395322732768 -8.366286990687632 -14.387587518920698
-3.2243613339828734 -8.892018102806766 -15.439049743158968
-5.460429311482663 1.392494732957264 -17.140351359863047
1.011706643516916 1.392494732957264 -17.140351359863054
3.011706643516916 -4.762872341393244 -17.140351359863054
-7.460429311482663 -4.762872341393244 -17.140351359863047
-2.2243613339828747 -8.567098406573859 -17.140351359863047
0.6246143040684671 -14.494407165457979 5.7509090536555485
-1.033546575317338 -13.844294789503003 4.841042911465024
-2.055129878547294 -12.207002726179443 4.316026479398895
-2.049925506126948 -10.207920894166456 4.376398189854221
2.2996168863867363 -8.67535484043411 6.856142154797446
3.3212001896166927 -10.31264690375767 7.381158586863574
3.3159958171963457 -12.311728735770663 7.320786876408249
2.2859916625001584 -13.909019022936523 6.698086964866432
-4.6065353099119495 -14.487637618831616 5.9777035738489355
-3.0316679276219647 -13.84170905278016 4.927670709716673
-6.16456098926947 -8.664401483904223 7.22310339693257
-7.141099038344141 -10.29910781050494 7.834747627250347
-7.146303410764489 -12.29818964251793 7.774375916795023
-6.178186213156049 -13.898065666406637 7.065048207001557
4.092549475115419 -11.422505511366927 10.93719150373538
4.006039498973713 -11.36196508783693 8.939980728392236
0.8731464373262074 -6.184657518960996 11.235413415608132
1.557985746683228 -7.2339757030402545 12.794235557136794
2.5795690499131836 -8.871267766363815 13.319251989202925
3.5476862475216238 -10.471143790252523 12.60992427940946
-7.604656662216577 -11.40736834493352 11.444319467812244
-7.691166638358283 -11.346827921403522 9.447108692469099
-4.3580031766542096 -6.17788797233463 11.462207935801521
-4.908070776668353 -7.225608083233212 13.074569001020269
-5.8846088257430225 -8.860314409833927 13.68621323133805
-6.9146129804392125 -10.457604696999791 13.063513319796233
1.0079181466690854 -8.281695813938835 14.406596622355545
-4.223231467311331 -8.27492626731247 14.633391142548932
-5.156602909926091 -15.535357729730197 7.590064639067686
1.3094536134254873 -15.54372534953724 7.309731195184211
3.5424818751012768 -12.470225622265511 12.549552568954134
-6.919817352859557 -12.45668652901278 13.003141609340908
-13.978016819430819 6.881182904813362 -0.9029422332339359
-12.847323316816794 6.682788512575311 -2.540675993121335
-10.974479429046832 6.421436673159087 -3.191944745693155
-9.074847865626566 6.196954906199386 -2.6079859632777054
-8.96137345061267 6.353139039460549 2.6245218426078676
-10.834217338382633 6.614490878876773 3.275790595179687
-12.733848901802897 6.838972645836474 2.6918318127642378
-13.934673449749022 6.940839935215684 1.0956979022152165
-12.355064467161556 9.308039385980639 -5.249527231491626
-12.227410680371525 7.60976520256324 -4.20092372746537
-6.335381382519408 10.279875311807169 -4.408400419563476
-7.588312633844103 11.468203841211324 -5.417379401335692
-9.487944197264364 11.692685608171027 -6.001338183751142
-11.308681381655758 10.867576207562305 -5.9372243599561285
-12.12811563713376 9.620407652502967 5.21548838027952
-12.043805220025531 7.862476438683248 4.2654517488566235
-6.15177592217341 10.532586547927178 4.057975056758518
-7.3613638038163085 11.780572107733654 5.047636210435455
-9.234207691586269 12.041923947149876 5.698904963007275
-11.054944875977661 11.216814546541153 5.763018786802287
-8.414773436108266 13.289092502209215 -5.453807777228375
-4.528823569904146 12.959443029094455 -0.28860994149917174
-8.187824606080472 13.601460768731544 5.0112078345427715
-13.181525269425721 11.128928046978528 -5.285955607384309
-15.187604701073717 8.129168464619838 0.08671892044300081
-12.954576439397925 11.441296313500859 5.179060004386838
1.059128219927567 3.159066550073195 15.246294074177683
-0.6036085407470748 3.6232695751201627 14.236431699277794
-1.6759391451126493 3.198795342741728 12.602440052730083
-1.748269749478224 2.047778582357931 10.968448406182373
2.487798228021565 -1.0299049548173222 10.968448406182372
3.5601288323871403 -0.6054307224388875 12.602440052730081
3.6324594367527157 0.5455860379449087 14.236431699277793
2.677162208677462 1.9834960454882502 15.246294074177683
-4.17202139405285 3.1658360966995653 15.473088594371074
-2.601729893051702 3.625855311843009 14.323059497529444
-5.976379647634641 -1.018951598287429 11.3354096483175
-6.902170395573694 -0.591891629186148 13.05602909311686
-6.829839791208119 0.5591251311976482 14.69002073966457
-5.787015666978746 1.9944494020181427 15.613255316312811
4.300114560946728 -2.9895309776509422 15.473088594371069
4.252372073197982 -1.3539412579225525 14.323059497529442
0.8777223186150434 -5.998748168052989 11.335409648317496
1.5699655594258861 -6.747258703536654 13.056029093116855
2.6422961637914604 -6.322784471158219 14.690020739664565
3.6851202880208342 -4.887460200337724 15.613255316312806
-7.397091576385268 -2.9743938112175248 15.980216558447935
-7.444834064134014 -1.3388040914891355 14.830187461606307
-4.353427295365374 -5.99197862142662 11.562204168510887
-4.896090963925694 -6.738891083729608 13.336362537000333
-5.821881711864745 -6.311831114628327 15.056981981799694
-6.777178939940001 -4.873921107084986 16.066844356699583
-0.5429896101355827 -7.954190380983086 15.980216558447934
1.0273018908655656 -7.494171165839642 14.830187461606304
-4.203847723114852 -7.487401619213272 15.056981981799693
-2.54111096244021 -7.9516046442602395 16.066844356699583
-4.714685062613171 2.4189236343965783 17.247246962860523
1.7513714607384097 2.410556014589531 16.966913518977044
3.7574508923864105 -3.736443439953929 17.24724696286052
-6.7048483355744235 -3.7229043467011897 17.700836003247296
-1.4687803580746353 -7.527130411881804 17.700836003247296
0.6246143040684706 11.625865373661934 -10.39230717093108
-1.0335465753173347 10.52131726278669 -10.217733493544088
-2.055129878547291 9.319509019702508 -8.988089438779994
-2.0499255061269457 8.479490545307755 -7.173057241494443
2.29961688638674 10.01205659904009 -4.693313276551215
3.3212001896166954 11.213864842124273 -5.9229573313153105
3.3159958171963493 12.053883316519027 -7.737989528600863
2.285991662500163 12.211253516183389 -9.445129259720197
-4.606535309911946 11.825689126005997 -10.284826711542348
-3.0316679276219616 10.59764314442258 -10.176679611184046
-6.164560989269466 10.335378222092325 -4.519406240133788
-7.141099038344139 11.6135123468124 -5.70799641253784
-7.146303410764485 12.453530821207153 -7.523028609823391
-6.178186213156044 12.534575139235626 -9.27122222330277
4.0925494751154226 14.890821233470673 -5.325338781655891
4.006039498973717 13.0773871093658 -6.164369592508476
0.8731464373262101 12.815122187035549 -0.5070962214582186
1.5579857466832316 14.678644454277073 -0.7485084826513848
2.579569049913187 15.880452697361253 -1.9781525374154802
3.5476862475216264 15.961497015389726 -3.726346150894858
-7.604656662216573 15.337640727231083 -5.085005168209773
-7.691166638358279 13.524206603126208 -5.924035979062358
-4.358003176654208 13.01494593937961 -0.3996157620694829
-4.908070776668348 14.925640195693418 -0.6156553285940021
-5.884608825743019 16.203774320413487 -1.8042455009980536
-6.914612980439207 16.361144520077854 -3.5113852321173864
1.007918146669089 16.58933871059088 -0.964548049175904
-4.223231467311328 16.789162462934947 -0.8570675897871682
-5.156602909926088 13.736383382319808 -10.500866278066866
1.3094536134254913 13.489387640903463 -10.633719432124247
3.5424818751012803 16.80151548978448 -5.54137834818041
-6.919817352859553 17.201162994472607 -5.326417429402938
10.863838586304539 -11.167481522013244 -0.9029422332339364
10.325750799033052 -10.153435337209828 -2.5406759931213356
9.498449839978365 -8.453017113633425 -3.1919447456931547
8.697936556573975 -6.715728817600497 -2.607985963277704
8.811410971587868 -6.559544684339331 2.6245218426078685
9.63871193064256 -8.259962907915735 3.2757905951796875
10.439225214046948 -9.997251203948661 2.691831812764237
10.907181955986335 -11.10782449161092 1.0956979022152153
12.670396398919802 -8.874022216161336 -5.249527231491626
11.01579448081042 -9.277411834189142 -4.20092372746537
11.73448291504103 -2.848649575656204 -4.408400419563476
13.251827555873085 -3.6730442962119207 -5.417379401335692
14.052340839277473 -5.410332592244849 -6.001338183751143
13.830253899439494 -7.396929382927796 -5.937224359956129
12.897345228947588 -8.561653949639002 5.2154883802795196
11.19939994115641 -9.02470059806913 4.2654517488566235
11.918088375387018 -2.595938339536193 4.057975056758518
13.478776385900872 -3.3606760296895866 5.047636210435455
14.30607734495556 -5.061094253265993 5.698904963007275
14.08399040511758 -7.047691043948941 5.763018786802286
15.238986015447463 -3.8963696865547854 -5.453807777228377
13.724646188002282 -0.3024790336842864 -0.2886099414991714
15.46593484547525 -3.5840014200324517 5.011207834542771
14.657554858494183 -9.0973476065042 -5.285955607384311
12.42452659681839 -11.932219212166636 0.08671892044299942
14.884503688521969 -8.784979339981867 5.179060004386836
1.059128219927568 12.223922471643522 9.643905011526469
-0.6036085407470734 11.113076200492099 9.607476635633784
-1.6759391451126477 9.841420289612147 8.497072061046197
-1.7482697494782224 8.894684074965102 6.736828093992797
2.487798228021568 10.271065995436272 3.9840642530504478
3.5601288323871416 11.542721906316224 5.0944688276380345
3.632459436752716 12.48945812096327 6.854712794691437
2.6771622086774634 12.749653583762653 8.592442787288203
-4.172021394052848 12.423746223987585 9.75138547091521
-2.6017298930517008 11.189402082127987 9.64853051799383
-5.976379647634637 10.59438761848851 4.157971289467882
-6.902170395573693 11.942369411004352 5.309429746415517
-6.8298397912081175 12.889105625651396 7.069673713468919
-5.787015666978743 13.072975206814888 8.766349823705639
4.3001145609467315 15.176510064929928 4.245857789030511
4.252372073197986 13.4164348109512 5.194465060347401
0.8777223186150462 12.82142034731172 -0.2960941681785467
1.5699655594258894 14.695133251946693 -0.19609793546918208
2.6422961637914635 15.966789162826647 0.9143066391184065
3.6851202880208365 16.15065874399014 2.6109827493551245
-7.3970915763852645 15.623329558690338 4.48619140247664
-7.44483406413401 13.863254304711608 5.43479867379353
-4.35342729536537 13.021244099655783 -0.18861370878980566
-4.89609096392569 14.94212899336304 -0.06324478141179224
-5.821881711864743 16.29011078587888 1.0882136755358416
-6.777178939939997 16.550306248678268 2.8259436681326067
-0.5429896101355791 17.85036228751355 0.03212594483021025
1.0273018908655693 16.616018145653953 -0.07072900809116778
-4.203847723114848 16.815841897998016 0.03675145129757329
-2.541110962440206 17.92668816914944 0.0731798271902564
-4.714685062613169 14.344631117694842 9.876754398293222
1.7513714607384103 14.097635376278497 9.743901244235834
3.757450892386412 17.097394958637185 4.371226716408525
-6.704848335574422 17.497042463325315 4.586187635186007
-1.4687803580746315 19.19834408002939 1.1835844017778445
10.86383858630454 4.186633478832263 -10.392307170931081
10.325750799033056 2.268304632061497 -10.217733493544088
9.498449839978367 0.9253420034934101 -8.988089438779994
8.697936556573978 0.6707116716201122 -7.173057241494441
8.811410971587872 5.280961262527706 -4.693313276551217
9.638711930642561 6.623923891095794 -5.922957331315313
10.439225214046948 6.8785542229690915 -7.737989528600865
10.907181955986337 5.947592125938667 -9.445129259720197
12.670396398919802 -0.726736513904604 -10.284826711542344
11.015794480810422 0.39156429413983806 -10.176679611184044
11.734482915041028 -2.6690383850243697 -4.519406240133786
13.251827555873085 -3.2028160943779427 -5.707996412537836
14.052340839277472 -2.9481857625046435 -7.523028609823388
13.830253899439493 -2.0024075216134087 -9.271222223302766
12.89734522894759 8.493762667910586 -5.325338781655893
11.199399941156415 7.851104828848623 -6.1643695925084785
11.91808837538702 4.790502149684415 -0.5070962214582195
13.47877638590087 6.017683087437245 -0.7485084826513848
14.306077344955561 7.360645716005333 -1.9781525374154811
14.083990405117584 8.306423956896566 -3.7263461508948588
16.93693130323864 -2.4928666344566994 -5.0850051682097686
15.238986015447463 -3.1355244735186605 -5.924035979062355
13.72464618800228 -0.12286784305245169 -0.399615762069482
15.711804647576662 -0.05557622219316993 -0.6156553285939994
17.229149288408717 -0.5893539315467433 -1.80424550099805
17.697106030348102 -1.520316028577168 -3.5113852321173824
15.46593484547525 6.084974708296528 -0.964548049175904
17.272492658090513 1.17160471555966 -0.8570675897871665
14.657554858494183 -0.6594448930453227 -10.500866278066862
12.424526596818394 5.413814416585094 -10.633719432124247
14.884503688521972 8.561054288769865 -5.5413783481804115
18.49761931375249 -1.2656856967038692 -5.326417429402935
-14.83813807548233 -11.564457377394625 -1.5452626599540757
-14.238138075482329 -10.528335780264268 -3.1472776523808124
-13.438138075482328 -8.79635290934437 -3.747473732707954
-12.743710884482415 -7.030067353393707 -3.1165963981649947
-13.190924479982378 -6.884758847792632 2.0983142725175545
-13.990924479982377 -8.61674171871253 2.6985103528446954
-14.685351670982293 -10.383027274663192 2.067633018301735
-15.008958468732269 -11.508954467109469 0.446655967952148
-16.45617206423222 -9.337424648571414 -5.999328117600506
-14.85617206423222 -9.677684971912228 -4.848579269084894
-15.808958468732264 -3.2813441984982483 -5.108515026071225
-17.226992457482158 -4.1626762610661086 -6.209620562448165
-17.921419648482072 -5.92896181701677 -6.840497896991124
-17.626992457482157 -7.905539817815085 -6.760173330636631
-17.350599255232147 -9.046807637369264 4.430493223764592
-15.579778861982211 -9.442570870995235 3.5893234443739788
-16.532565266482255 -3.046230097581255 3.329387687387648
-18.12141964848208 -3.8720592498639594 4.220200778916933
-18.921419648482086 -5.604042120783857 4.820396859244074
-18.626992457482167 -7.5806201215821725 4.900721425598567
-19.197812850732095 -4.462774301229678 -6.370269695157149
-18.15059925523214 -0.8191973687580436 -1.1246777702587811
-20.092240041732023 -4.172157290027529 4.059551646207949
-18.426992457482157 -9.637522688734984 -6.15997725030949
-16.426992457482164 -12.390286529677327 -0.6544495684247922
-19.321419648482085 -9.346905677532835 4.2698440910556075
11.298352502163635 4.784690576813862 9.643905011526467
10.755688833603314 2.860063569766918 9.607476635633784
9.877640573413007 1.4472532734030592 8.4970720610462
8.9995923132227 1.085905201277468 6.7368280939928
8.999592313222696 5.539970658923895 3.984064253050449
9.877640573413002 6.952780955287755 5.094468827638035
10.75568883360331 7.314129027413346 6.8547127946914355
11.298352502163633 6.485992193517942 8.592442787288201
13.104910314778898 -0.12867941592300491 9.75138547091521
11.44573251538068 0.9833232318452594 9.64853051799383
11.922664256675855 -2.4100289886281807 4.157971289467884
13.49075619864353 -2.873959030185981 5.309429746415517
14.36880445883384 -2.5126109580603906 7.069673713468917
14.221424445616792 -1.4640074540341335 8.766349823705637
13.104910314778891 8.779451499369848 4.245857789030507
11.445732515380675 8.190152530434034 5.194465060347398
11.92266425667585 4.796800309960592 -0.2960941681785476
13.490756198643522 6.034171885106872 -0.19609793546918475
14.36880445883383 7.446982181470729 0.9143066391184007
14.221424445616787 8.495585685496987 2.61098274935512
17.14449638906995 -2.2071778029974345 4.486191402476637
15.48531858967173 -2.79647677193325 5.43479867379353
13.729222069291113 -0.11656968277627433 -0.18861370878980743
15.723784460319315 -0.0390874245235433 -0.0632447814117949
17.291876402286995 -0.503017466081344 1.0882136755358367
17.834540070847314 -1.3311542999767472 2.825943668132602
17.144496389069943 4.999651495591339 0.032125944830204034
15.485318589671724 6.111654143359603 -0.07072900809117222
17.291876402286988 1.1982841506227362 0.03675145129756796
17.83454007084731 3.1229111576696797 0.07317982719025107
15.099472705807102 -0.05119715767027433 9.87675439829322
12.866444444131307 6.0220621519601405 9.743901244235833
15.099472705807097 8.856933757622578 4.371226716408519
18.712588331037622 -0.9698062278511554 4.586187635186001
18.712588331037622 4.5357214540335375 1.1835844017778365
-14.83813807548232 3.789657623450884 -11.034627597651228
-14.238138075482318 1.89340418900706 -10.824335152803574
-13.438138075482321 0.582006207782467 -9.543618425794799
-12.743710884482404 0.35637313582690466 -7.681667676381737
-13.190924479982368 4.955747099074404 -5.219520846641537
-13.990924479982366 6.267145080298995 -6.5002375736503115
-14.68535167098228 6.492778152254558 -8.362188323063375
-15.008958468732256 5.546462150440118 -10.094171193983273
-16.456172064232213 -1.1901389463146788 -11.034627597651228
-14.856172064232213 -0.008708843583247639 -10.824335152803574
-15.80895846873226 -3.101733007866412 -5.219520846641537
-17.226992457482154 -3.6924480592321274 -6.500237573650311
-17.921419648482072 -3.466814987276563 -8.362188323063373
-17.626992457482153 -2.511017956500697 -10.094171193983273
-17.350599255232133 8.00860898018032 -6.110333938170827
-15.579778861982199 7.433234555922514 -6.8404978969911285
-16.532565266482244 4.340210391639351 -1.2356835908290904
-18.121419648482075 5.506299867262872 -1.5759439141699083
-18.921419648482075 6.817697848487464 -2.8566606411786823
-18.626992457482157 7.773494879263327 -4.588643512098582
-20.968633243982026 -3.1265546639357487 -6.110333938170826
-19.19781285073209 -3.7019290881935536 -6.840497896991128
-18.150599255232137 -0.6395861781262093 -1.2356835908290913
-20.121419648482075 -0.6490672070876364 -1.5759439141699083
-21.53945363723197 -1.239782258453352 -2.856660641178683
-21.863060434981946 -2.1860982602677916 -4.588643512098582
-20.092240041732012 5.4968188383014445 -1.9162042375107262
-21.710274030481905 0.5170222685358834 -1.9162042375107262
-18.42699245748215 -1.1996199752761054 -11.374887920992045
-16.42699245748215 4.955747099074403 -11.374887920992046
-19.32141964848207 7.9991279512188935 -6.450594261511644
-22.55748762598186 -1.96046518831223 -6.450594261511644
-6.413215715982698 -17.685521766714373 -1.5452626599540729
-5.613215715982699 -16.794708675185085 -3.147277652380809
-4.213215715982699 -15.498651321068401 -3.747473732707949
-2.7479681317328457 -14.292399562267637 -3.1165963981649876
-2.471574929482825 -14.672822168785704 2.0983142725175625
-3.8715749294828252 -15.968879522902387 2.6985103528447025
-5.3368225137326775 -17.175131281703152 2.0676330183017413
-6.307642906982613 -17.83083027231545 0.44665596795215223
-3.7951817272328037 -18.536172575066406 -5.999328117600502
-4.613215715982698 -17.11962837141799 -4.848579269084889
1.7644930480169663 -16.049204089256868 -5.108515026071214
1.3644930480169655 -17.670181139606456 -6.209620562448155
-0.10075453623288688 -18.876432898407224 -6.840497896991116
-2.071574929482824 -19.207212192786614 -6.760173330636625
-3.242395322732762 -19.29701778810254 4.430493223764598
-4.166002120482741 -17.73516507885305 3.589323444373986
2.2117066435169233 -16.66474079669193 3.329387687387662
1.9172794525170076 -18.43102635264259 4.220200778916945
0.5172794525170077 -19.727083706759277 4.820396859244085
-1.4535409407329294 -20.057863001138664 4.900721425598577
1.6880998457669456 -19.637278111443347 -6.3702696951571385
4.8297406322668195 -17.515391605043963 -1.124677770258767
2.240886250266987 -20.398123324479478 4.059551646207962
-3.4715749294828244 -20.503269546903297 -6.159977250309485
-6.707642906982613 -19.451807322665037 -0.6544495684247893
-2.9187885249827827 -21.26411475993943 4.269844091055615
-16.55059925523216 4.346069989785835 8.934201993549681
-15.932565266482266 2.443956957195528 8.934201993549683
-14.93256526648226 1.0675750367243557 7.882739769311421
-13.93256526648226 0.7426553404914504 6.181438152607344
-13.932565266482259 5.196720798137877 3.4286743116649934
-14.93256526648226 6.573102718609051 4.480136535903259
-15.932565266482264 6.8980224148419556 6.181438152607338
-16.55059925523216 6.047371606489914 7.882739769311417
-18.168633243982054 -0.6337265799797276 8.934201993549683
-16.55059925523216 0.5418439246052205 8.934201993549685
-16.55059925523215 -2.8607593088029395 3.4286743116649907
-18.168633243982043 -3.3864904209220734 4.480136535903256
-19.168633243982047 -3.0615707246891697 6.181438152607335
-19.16863324398205 -2.010108500450902 7.882739769311415
-18.16863324398205 8.274404335313129 3.428674311664985
-16.550599255232157 7.748673223193994 4.480136535903256
-16.550599255232147 4.346069989785835 -1.025391145981437
-18.16863324398204 5.521640494370781 -1.0253911459814398
-19.168633243982043 6.898022414841953 0.026071078256824087
-19.168633243982047 7.949484639080222 1.7273726949609047
-21.786667232731936 -2.860759308802943 3.4286743116649827
-20.168633243982043 -3.386490420922077 4.480136535903253
-18.168633243982036 -0.6337265799797263 -1.0253911459814389
-20.168633243982036 -0.6337265799797285 -1.0253911459814433
-21.78666723273193 -1.1594576920988637 0.026071078256822755
-22.40470122148183 -2.0101085004509045 1.7273726949609012
-21.786667232731933 4.34606998978583 -1.025391145981446
-20.16863324398204 5.521640494370779 -1.0253911459814433
-21.786667232731933 0.5418439246052165 -1.025391145981446
-22.40470122148183 2.4439569571955233 -1.0253911459814469
-20.168633243982054 -0.6337265799797289 8.93420199354968
-18.168633243982057 5.5216404943707795 8.934201993549681
-20.16863324398205 8.274404335313125 3.4286743116649823
-23.404701221481833 -1.685188804217998 3.4286743116649796
-23.40470122148183 3.820338877666696 0.026071078256818758
8.18941540751658 -12.940839297865791 -11.034627597651221
6.200561025516747 -12.956179924973702 -10.824335152803565
4.706133834516832 -12.600578974524975 -9.54361842579479
4.276954227766771 -12.009863923159264 -7.681667676381728
8.789415407516588 -11.013904609206152 -5.2195208466415295
10.2838425985165 -11.369505559654877 -6.500237573650306
10.71302220526656 -11.96022061102059 -8.362188323063368
9.913022205266559 -12.56041669134773 -10.094171193983268
3.9533474300167883 -16.018522835041047 -11.034627597651216
4.582527036766852 -14.131750429558648 -10.824335152803565
1.9353134412668993 -15.993701178971715 -5.219520846641523
1.811706643516919 -17.524872634005387 -6.500237573650297
2.24088625026698 -18.1155876853711 -8.36218832306336
3.0589202390168735 -17.540213261113294 -10.09417119398326
12.978269789516416 -14.026604207134824 -6.110333938170823
11.8838425985165 -12.520254408170487 -6.840497896991125
9.236629003016548 -14.382205157583554 -1.2356835908290833
10.836629003016547 -15.532954006099164 -1.575943914169902
12.331056194016462 -15.888554956547887 -2.8566606411786775
13.149090182766356 -15.313180532290081 -4.588643512098577
3.5061338345168354 -20.908513809490692 -6.110333938170815
2.4117066435169194 -19.402164010526356 -6.840497896991115
5.000561025516758 -17.459888694758806 -1.2356835908290789
5.600561025516755 -19.337180071279782 -1.5759439141698968
5.476954227766775 -20.86835152631345 -2.8566606411786712
4.676954227766773 -21.46854760664059 -4.58864351209857
11.436629003016545 -17.410245382620136 -1.91620423751072
7.200561025516756 -20.48792891979539 -1.9162042375107164
4.553347430016788 -17.895814211562016 -11.374887920992037
9.789415407516579 -14.091588146381401 -11.374887920992041
13.578269789516415 -15.903895583655796 -6.4505942615116405
5.106133834516834 -22.059262658006304 -6.450594261511633
-6.4132157159827 6.527080837285317 -16.509474025320095
-5.613215715982701 4.695811342088074 -16.429149458965604
-4.2132157159827015 3.5793651786032266 -15.538336367436317
-2.747968131732849 3.6041868346725643 -14.177295074073053
-2.4715749294828244 8.438674898837055 -12.185376446166838
-3.8715749294828243 9.555121062321902 -13.076189537696125
-5.3368225137326775 9.530299406252567 -14.437230831059386
-6.307642906982613 8.373690959590471 -15.748628812283975
-3.7951817272328094 2.923666187990924 -19.26223786626244
-4.613215715982704 3.319429421616899 -17.48061168320387
1.76449304801696 2.6082275207194465 -16.639441903813257
1.3644930480169584 2.348291763733118 -18.58171721958081
-0.10075453623289465 2.3234701076637814 -19.942758512944074
-2.071574929482831 2.5432435814728604 -20.202694269930397
-3.2423953227327607 12.592642316319909 -15.278400610450007
-4.166002120482739 11.141795427640728 -14.257619640427556
2.2117066435169233 10.430593526743275 -13.416449861036945
1.9172794525170072 12.017267892062101 -14.597879963768378
0.517279452517007 13.133714055546948 -15.488693055297661
-1.4535409407329294 13.353487529356029 -15.748628812283986
1.6880998457669367 3.084315320699903 -20.41298671477805
4.829740632266814 6.827178877448883 -16.169213701979288
2.240886250266985 12.753291449028882 -16.42914945896562
-3.4715749294828315 3.659689744957708 -21.093507361459682
-6.707642906982617 8.113755202604143 -17.69090412805153
-2.9187885249827827 13.328665873286692 -17.10967010564725
9.247774621016717 -14.39754578469146 8.934201993549697
7.247774621016716 -14.39754578469146 8.934201993549697
5.62974063226682 -13.871814672572327 7.882739769311431
5.011706643516925 -13.021163864220288 6.181438152607352
9.247774621016715 -11.644781943749111 3.428674311665002
10.86580860976661 -12.170513055868243 4.480136535903268
11.483842598516507 -13.021163864220284 6.181438152607351
10.865808609766614 -13.871814672572324 7.88273976931143
5.011706643516929 -17.475229321866713 8.9342019935497
5.62974063226682 -15.57311628927641 8.9342019935497
2.3936726547670313 -16.624578513514678 3.4286743116650062
2.393672654767032 -18.325880130218756 4.480136535903274
3.011706643516928 -19.176530938570796 6.181438152607354
4.011706643516927 -18.85161124233789 7.882739769311434
13.483842598516507 -14.722465480924363 3.428674311664999
12.483842598516507 -13.346083560453188 4.480136535903267
9.247774621016715 -14.397545784691458 -1.0253911459814242
10.86580860976661 -15.573116289276403 -1.025391145981426
12.483842598516507 -16.098847401395535 0.02607107825684052
13.483842598516507 -15.77392770516263 1.7273726949609198
4.01170664351693 -21.604375083280235 3.4286743116650054
3.011706643516929 -20.227993162809064 4.480136535903273
5.011706643516927 -17.475229321866713 -1.0253911459814224
5.62974063226682 -19.37734235445702 -1.0253911459814233
5.629740632266822 -21.078643971161103 0.02607107825684407
5.011706643516929 -21.92929477951314 1.7273726949609256
10.865808609766614 -19.377342354457017 -1.025391145981426
11.483842598516505 -17.47522932186671 -1.025391145981426
7.247774621016717 -20.552912859041967 -1.0253911459814242
9.247774621016717 -20.552912859041964 -1.0253911459814233
5.629740632266824 -19.37734235445702 8.9342019935497
10.865808609766614 -15.573116289276404 8.934201993549696
14.101876587266403 -16.624578513514667 3.4286743116649987
5.6297406322668255 -22.779945587865182 3.428674311665004
10.865808609766617 -21.0786439711611 0.02607107825684052
-12.638138075482315 -12.940839297865791 -11.034627597651227
-10.649283693482484 -12.9561799249737 -10.824335152803572
-9.15485650248257 -12.600578974524975 -9.543618425794794
-8.725676895732509 -12.009863923159262 -7.681667676381732
-13.238138075482324 -11.013904609206156 -5.219520846641534
-14.732565266482238 -11.369505559654883 -6.500237573650311
-15.161744873232298 -11.960220611020596 -8.362188323063373
-14.361744873232297 -12.560416691347733 -10.094171193983271
-8.402070097982522 -16.018522835041043 -11.034627597651225
-9.031249704732588 -14.131750429558645 -10.82433515280357
-6.384036109232635 -15.99370117897171 -5.21952084664153
-6.260429311482654 -17.52487263400538 -6.500237573650306
-6.6896089182327145 -18.115587685371093 -8.36218832306337
-7.507642906982606 -17.540213261113287 -10.094171193983268
-17.42699245748215 -14.026604207134831 -6.110333938170829
-16.332565266482238 -12.520254408170493 -6.8404978969911285
-13.685351670982284 -14.38220515758356 -1.2356835908290895
-15.285351670982283 -15.532954006099171 -1.5759439141699083
-16.779778861982194 -15.888554956547894 -2.856660641178684
-17.597812850732087 -15.31318053229009 -4.588643512098584
-7.954856502482567 -20.90851380949069 -6.1103339381708235
-6.860429311482651 -19.402164010526352 -6.840497896991124
-9.449283693482492 -17.45988869475881 -1.2356835908290869
-10.04928369348249 -19.33718007127978 -1.5759439141699056
-9.925676895732508 -20.86835152631345 -2.856660641178681
-9.125676895732504 -21.468547606640588 -4.58864351209858
-15.88535167098228 -17.41024538262014 -1.916204237510728
-11.649283693482488 -20.48792891979539 -1.9162042375107253
-9.002070097982521 -17.895814211562012 -11.374887920992045
-14.238138075482315 -14.091588146381403 -11.374887920992046
-18.02699245748215 -15.903895583655801 -6.450594261511647
-9.554856502482565 -22.0592626580063 -6.450594261511643
8.189415407516575 -4.082351694711628 -16.509474025320092
6.200561025516745 -3.8873998769718834 -16.4291494589656
4.706133834516829 -2.9009215919801945 -15.538336367436315
4.276954227766769 -1.4997180154396825 -14.177295074073053
8.789415407516582 0.25708651154955175 -12.185376446166835
10.283842598516497 -0.7293917734421376 -13.07618953769612
10.713022205266558 -2.130595349982649 -14.437230831059383
9.913022205266556 -3.411312076991423 -15.748628812283972
3.9533474300167852 -2.705969774240455 -19.26223786626244
4.582527036766848 -3.3616687648527486 -17.48061168320387
1.9353134412668966 2.4841192403727668 -16.639441903813257
1.8117066435169153 2.0233720675002114 -18.581717219580813
2.2408862502669757 0.6221684909596992 -19.942758512944074
3.058920239016869 -1.184279348168209 -20.202694269930397
12.97826978951641 0.8076392797380123 -15.278400610450003
11.883842598516496 -0.5190993285944874 -14.257619640427551
9.236629003016544 5.3266886766310275 -13.416449861036945
10.836629003016544 5.536981121478679 -14.597879963768374
12.331056194016458 4.55050283648699 -15.48869305529766
13.14909018276635 2.7440549973590813 -15.74862881228398
3.506133834516831 3.8853228169132676 -21.433767684800504
2.411706643516915 2.558584208580768 -20.412986714778054
5.000561025516754 6.703070597102203 -16.169213701979288
5.60056102551675 7.238282738182759 -18.000483197176532
5.47695422776677 6.777535565310206 -19.942758512944085
4.676954227766769 5.496818838301429 -21.254156494168676
11.436629003016542 6.072193262559233 -16.429149458965618
7.20056102551675 7.44857518303041 -19.181913299907965
4.5533474300167835 -2.170757633159898 -21.093507361459682
9.789415407516575 -3.872059249863979 -17.690904128051525
13.578269789516412 1.3428514208185691 -17.109670105647243
5.106133834516829 4.095615261760918 -22.615197787531937
-5.700540593274166 7.507993991350921 16.353247868211852
-4.902403632125139 5.674160243162064 16.347664387988676
-3.540859855976362 4.5047836284388 15.465192360914225
-2.135972710145788 4.446526268356128 14.04290610720992
-1.9523672497997941 9.153302962122568 11.756216347984386
-3.3139110259485713 10.32267957684583 12.638688375058837
-4.718798171779146 10.380936936928505 14.060974628763141
-5.630409547942066 9.305822710913848 15.47981010191401
-2.961074110167003 4.071716831847593 19.199953075290196
-3.856020546619343 4.361619162996736 17.435009021141298
2.4801826309087356 3.593289723281239 16.362282128988454
2.1650219402657545 3.450125257839175 18.332098789215525
0.76013479443518 3.508382617921849 19.75438504291983
-1.197859667233538 3.7458094720725184 20.085875882918078
-2.5938631894750146 13.485270219380475 14.626573556839125
-3.558940671259454 11.977343830966694 13.735067268988066
2.7772625062686247 11.209014391251195 12.662340376835225
2.5322328609577425 12.863678645372056 13.758719270764455
1.1706890848089655 14.03305526009532 14.641191297838905
-0.7873053768597527 14.270482114245993 14.972682137837154
2.5666926070504417 4.293594512787363 20.10049362391786
5.516728989375787 7.772737231747867 15.509045583913569
2.9339035277424297 13.707147900320244 15.527114105466788
-2.5594034433823154 4.9151860867957815 20.968347909992527
-5.945570238585048 9.162658245471782 17.44962676214108
-2.192192522690327 14.328739474328664 16.394968391541457
-13.696497288982462 -14.397545784691488 8.934201993549689
-11.696497288982462 -14.397545784691484 8.93420199354969
-10.078463300232567 -13.871814672572347 7.882739769311426
-9.460429311482672 -13.021163864220304 6.181438152607349
-13.69649728898246 -11.644781943749129 3.428674311664999
-15.314531277732355 -12.170513055868266 4.480136535903266
-15.93256526648225 -13.02116386422031 6.181438152607344
-15.314531277732355 -13.871814672572352 7.8827397693114225
-9.46042931148267 -17.475229321866735 8.934201993549687
-10.078463300232567 -15.573116289276431 8.93420199354969
-6.842395322732772 -16.624578513514685 3.4286743116649974
-6.842395322732771 -18.325880130218767 4.480136535903261
-7.460429311482666 -19.17653093857081 6.181438152607339
-8.460429311482667 -18.851611242337906 7.882739769311419
-17.93256526648225 -14.722465480924386 3.4286743116649903
-16.93256526648225 -13.346083560453213 4.480136535903261
-13.696497288982455 -14.397545784691467 -1.0253911459814322
-15.314531277732348 -15.573116289276415 -1.0253911459814358
-16.932565266482243 -16.098847401395552 0.026071078256829416
-17.932565266482243 -15.773927705162649 1.7273726949609083
-8.460429311482661 -21.604375083280246 3.428674311664985
-7.460429311482662 -20.227993162809074 4.480136535903256
-9.460429311482661 -17.475229321866717 -1.025391145981433
-10.078463300232553 -19.377342354457024 -1.0253911459814393
-10.078463300232553 -21.078643971161107 0.02607107825682542
-9.46042931148266 -21.92929477951315 1.7273726949609047
-15.314531277732344 -19.377342354457028 -1.0253911459814429
-15.93256526648224 -17.47522932186672 -1.0253911459814402
-11.696497288982448 -20.552912859041975 -1.025391145981442
-13.69649728898245 -20.552912859041975 -1.0253911459814447
-10.078463300232563 -19.377342354457046 8.934201993549685
-15.314531277732357 -15.573116289276435 8.934201993549685
-18.55059925523214 -16.624578513514695 3.4286743116649863
-10.078463300232555 -22.779945587865193 3.428674311664982
-15.314531277732343 -21.078643971161114 0.026071078256821423
9.247774621016722 14.42977140966363 -8.882059837036035
7.247774621016722 14.429771409663633 -8.882059837036033
5.629740632266824 13.254200905078692 -8.882059837036032
5.011706643516929 11.352087872488386 -8.882059837036028
9.247774621016713 8.274404335313125 -8.882059837036024
10.86580860976661 9.44997483989807 -8.882059837036028
11.483842598516507 11.352087872488376 -8.88205983703603
10.865808609766615 13.254200905078683 -8.882059837036032
5.011706643516932 15.806153330134807 -11.634823677978382
5.629740632266827 14.955502521782769 -9.933522061274301
2.3936726547670313 10.501437064136342 -13.336125294682454
2.393672654767033 12.202738680840417 -14.387587518920723
3.0117066435169297 14.104851713430726 -14.387587518920725
4.0117066435169315 15.481233633901898 -13.33612529468246
13.483842598516503 9.650786255784288 -11.634823677978375
12.483842598516503 9.975705952017199 -9.933522061274296
9.24777462101671 5.521640494370772 -13.336125294682446
10.865808609766601 6.047371606489901 -14.387587518920716
12.483842598516501 7.222942111074844 -14.38758751892072
13.483842598516503 8.599324031546018 -13.336125294682454
4.011706643516927 12.728469792959546 -17.790190752328883
3.011706643516928 13.053389489192455 -16.088889135624804
5.011706643516921 6.898022414841947 -16.088889135624793
5.629740632266815 7.7486732231939826 -17.790190752328876
5.629740632266817 9.449974839898061 -18.841652976567147
5.0117066435169235 11.352087872488369 -18.841652976567147
10.865808609766605 7.7486732231939754 -17.79019075232888
11.483842598516498 6.898022414841937 -16.088889135624797
7.24777462101671 8.274404335313111 -18.841652976567147
9.247774621016712 8.27440433531311 -18.841652976567143
5.629740632266828 16.65680413848684 -13.336125294682464
10.865808609766615 14.955502521782762 -9.933522061274303
14.1018765872664 10.501437064136326 -13.336125294682457
5.629740632266823 13.254200905078674 -18.841652976567154
10.86580860976661 9.449974839898054 -18.841652976567147
-12.638138075482335 -4.082351694711614 -16.509474025320085
-10.649283693482504 -3.8873998769718687 -16.429149458965597
-9.154856502482588 -2.9009215919801816 -15.538336367436314
-8.725676895732521 -1.4997180154396736 -14.177295074073049
-13.23813807548233 0.25708651154955686 -12.185376446166815
-14.732565266482245 -0.72939177344213 -13.0761895376961
-15.161744873232312 -2.130595349982638 -14.437230831059365
-14.361744873232313 -3.4113120769914103 -15.748628812283958
-8.40207009798255 -2.705969774240434 -19.26223786626244
-9.031249704732609 -3.361668764852732 -17.480611683203865
-6.384036109232654 2.484119240372779 -16.63944190381325
-6.260429311482677 2.0233720675002282 -18.581717219580806
-6.689608918232742 0.6221684909597196 -19.94275851294407
-7.507642906982636 -1.1842793481681868 -20.202694269930397
-17.426992457482164 0.8076392797380253 -15.278400610449971
-16.33256526648225 -0.5190993285944763 -14.257619640427524
-13.68535167098229 5.326688676631035 -13.416449861036913
-15.285351670982292 5.536981121478689 -14.597879963768339
-16.779778861982212 4.550502836487002 -15.48869305529762
-17.597812850732105 2.744054997359095 -15.748628812283947
-7.954856502482598 3.885322816913291 -21.43376768480049
-6.86042931148268 2.5585842085807893 -20.412986714778047
-9.449283693482506 6.703070597102213 -16.169213701979267
-10.04928369348251 7.238282738182773 -18.000483197176507
-9.925676895732535 6.777535565310225 -19.94275851294406
-9.125676895732536 5.496818838301453 -21.254156494168654
-15.885351670982296 6.0721932625592485 -16.42914945896558
-11.649283693482513 7.448575183030427 -19.181913299907933
-9.002070097982553 -2.170757633159873 -21.09350736145968
-14.238138075482338 -3.872059249863959 -17.69090412805151
-18.02699245748217 1.3428514208185867 -17.10967010564721
-9.5548565024826 4.095615261760944 -22.61519778753192
8.902090530225113 -3.1014385406460176 16.35324786821185
6.911373109374308 -2.9090509758978875 16.347664387988672
5.37848969452317 -1.975503142144615 15.465192360914223
4.888949649353831 -0.657378581756114 14.04290610720992
9.308623087199617 0.9717145748350702 11.756216347984383
10.841506502050756 0.03816674108179763 12.638688375058834
11.331046547220094 -1.2799578193067038 14.060974628763137
10.590255564307107 -2.4791803256680396 15.479810101914005
4.78745504708259 -1.5579191303837794 19.199953075290193
5.339722206130209 -2.3194790234729057 17.435009021141294
2.65100302415867 3.4691814429345627 16.36228212898845
2.612235535765709 3.125205561606272 18.33209878921552
3.1017755809350502 1.807081001217771 19.754385042919825
3.9326355012661622 0.01828654243145378 20.085875882918074
13.626801922774163 1.7002671827985867 14.626573556839121
12.490904047739788 0.31644907473148365 13.735067268988061
9.802184865768247 6.105109541138951 12.662340376835221
11.45158241145728 6.383391874788639 13.758719270764452
12.984465826308421 5.449844041035366 14.641191297838901
13.815325746639532 3.661049582249049 14.97268213783715
4.426197279834794 5.1516815087353365 20.991999911768914
3.2902994048004173 3.767863400668233 20.100493623917856
5.6875493826257255 7.6486289514011885 15.509045583913569
6.365613251660433 8.29128679046315 17.2774404186159
6.326845763267472 7.94731090913486 19.24725707884297
5.586054780354486 6.748088402773524 20.66609255199384
12.12964628049199 7.026049713850599 15.527114105466786
8.015010797349467 8.569569124112837 18.37381931254513
5.465518916117299 -0.9152612913218192 20.968347909992524
10.551488075914145 -2.8231562069963303 17.449626762141076
14.304865791808869 2.3429250218605473 16.394968391541454
6.075594825523826 5.429963842385023 22.08837880569814
-13.696497288982469 14.429771409663623 -8.882059837035998
-11.696497288982469 14.429771409663628 -8.882059837036001
-10.07846330023257 13.254200905078687 -8.882059837036003
-9.460429311482674 11.352087872488381 -8.882059837036005
-13.69649728898246 8.274404335313118 -8.882059837036
-15.314531277732353 9.449974839898061 -8.882059837035996
-15.932565266482253 11.352087872488365 -8.882059837035996
-15.314531277732362 13.254200905078674 -8.882059837035996
-9.460429311482685 15.806153330134808 -11.634823677978352
-10.078463300232576 14.955502521782766 -9.933522061274271
-6.8423953227327825 10.501437064136347 -13.336125294682438
-6.842395322732786 12.202738680840428 -14.387587518920702
-7.4604293114826845 14.104851713430731 -14.387587518920702
-8.460429311482686 15.481233633901901 -13.336125294682432
-17.932565266482253 9.650786255784283 -11.63482367797834
-16.932565266482253 9.97570595201719 -9.93352206127426
-13.69649728898246 5.5216404943707715 -13.336125294682427
-15.314531277732355 6.047371606489903 -14.387587518920691
-16.932565266482253 7.222942111074845 -14.387587518920688
-17.93256526648225 8.599324031546017 -13.33612529468242
-8.460429311482686 12.728469792959558 -17.790190752328858
-7.460429311482685 13.053389489192465 -16.088889135624783
-9.460429311482674 6.8980224148419556 -16.08888913562478
-10.078463300232572 7.748673223193993 -17.790190752328858
-10.078463300232576 9.449974839898074 -18.841652976567126
-9.460429311482686 11.352087872488383 -18.841652976567122
-15.314531277732364 7.7486732231939826 -17.790190752328847
-15.932565266482253 6.8980224148419405 -16.08888913562477
-11.696497288982469 8.274404335313124 -18.841652976567122
-13.69649728898247 8.27440433531312 -18.84165297656712
-10.078463300232585 16.656804138486848 -13.33612529468243
-15.314531277732367 14.955502521782753 -9.933522061274262
-18.550599255232154 10.501437064136322 -13.336125294682418
-10.078463300232585 13.254200905078687 -18.841652976567122
-15.314531277732367 9.449974839898063 -18.84165297656712
9.60514881466996 14.921654788650924 7.597102075221204
7.6070274623653305 14.924240525373769 7.683729873472852
5.992033189439436 13.752853830692347 7.823896595414588
5.3770389165135395 11.854924608005563 7.964063317356324
9.613106894013331 8.77724107083031 7.964063317356324
11.228101166939226 9.948627765511734 7.823896595414588
11.843095439865124 11.846556988198515 7.683729873472852
11.223182803419855 13.746084284065978 7.597102075221203
5.490513331527437 16.465174198913157 10.443807282299549
6.035376559121232 15.513812477798751 8.771074506625471
2.9554868309723847 11.274707938929797 12.570129098360397
2.998830200654181 13.035666586036198 13.517307009571281
3.6138244735800757 14.933595808722986 13.377140287629544
4.565562740378907 16.243551152165466 12.203167856225274
13.962649286527016 10.309807124562653 10.443807282299549
12.88947852537092 10.53401590803319 8.771074506625473
9.809588797222071 6.294911369164237 12.570129098360397
11.470966155653763 6.880299511685695 13.517307009571281
13.085960428579657 8.051686206367117 13.377140287629546
14.03769869537849 9.3616415498096 12.203167856225276
4.762044643587647 13.761221450499395 16.809233637229347
3.6888738824315475 13.985430233969932 15.13650086155527
5.694953314079547 7.838430779426472 15.416834305438744
6.384996995856914 8.788194427360203 17.036028157422734
6.428340365538711 10.549153074466608 17.983206068633617
5.808427729093442 12.448680370334069 17.896578270381966
11.616146609837331 8.781424880733836 16.809233637229347
12.161009837431129 7.830063159619426 15.136500861555271
8.046374354288606 9.37358256988166 17.983206068633617
10.044495706593231 9.370996833158815 17.89657827038197
6.180557013304802 17.41493784684689 12.063001134283539
11.26652617310165 15.50704293117238 8.544279986432088
14.652692968304383 11.259570772496385 12.063001134283539
6.423422002019338 14.346609593020851 17.756411548440234
11.659489979519128 10.542383527840238 17.756411548440234
0.02285226151707853 -13.28109962120661 -16.50947402532009
-0.4063273452329845 -11.329343276477632 -16.4291494589656
0.07006585701703827 -9.603220003704218 -15.538336367436314
1.2700658570170402 -8.762050224313604 -14.177295074073053
4.3353134412668926 -12.510773379209063 -12.185376446166831
3.858920239016871 -14.23689665198248 -13.076189537696115
2.658920239016869 -15.07806643137309 -14.437230831059379
1.1936726547670151 -14.712984451962939 -15.748628812283968
0.022852261517077643 -8.827034163560183 -19.26223786626244
-0.4063273452329845 -9.628041659773553 -17.480611683203865
4.3353134412668926 -5.303944080620288 -16.639441903813257
3.8589202390168693 -5.328765736689624 -18.58171721958081
2.6589202390168674 -6.169935516080237 -19.942758512944074
1.1936726547670133 -7.506155153374164 -20.202694269930397
6.153347430016783 -16.3244804733511 -15.278400610449994
4.553347430016784 -15.693603138808141 -14.257619640427546
9.29498821651666 -11.369505559654877 -13.416449861036938
9.989415407516576 -12.826212046480542 -14.597879963768365
9.51302220526655 -14.55233531925396 -15.48869305529765
8.047774621016698 -15.888554956547885 -15.748628812283973
6.1533474300167805 -6.364887333819981 -21.4337676848005
4.553347430016783 -5.7340099992770215 -20.41298671477805
9.29498821651666 -6.915440102008453 -16.169213701979285
9.989415407516574 -7.320684364595848 -18.00048319717653
9.513022205266552 -7.345506020665184 -19.942758512944078
8.047774621016696 -6.980424041255032 -21.25415649416867
10.683842598516488 -13.231456309067939 -16.429149458965608
10.683842598516488 -8.777390851421513 -19.181913299907958
0.7172794525169914 -9.23227842614758 -21.09350736145968
0.7172794525169923 -14.737806108032276 -17.69090412805152
6.847774621016697 -16.7297247359385 -17.109670105647236
6.847774621016693 -7.821593820645646 -22.615197787531933
-11.905899135098243 -3.0745112557020056 17.255370418812177
-9.922644148650566 -2.8872663447658065 17.077496862433215
-8.469480683700148 -1.9575827062799211 16.065565898155043
-8.101467792648487 -0.6405678913612913 14.606100760063473
-12.698239389506531 1.0001933018127849 12.710315577535699
-14.15140285445695 0.07050966332690045 13.722246541813869
-14.51941574550861 -1.2465051515917294 15.181711679905439
-13.66170964657789 -2.4477962473313406 16.53124491445499
-7.556356742584563 -1.5419452019696571 19.735114383755402
-8.261266790218874 -2.301878202244346 18.024674773644097
-5.660531962910856 3.479937266756022 16.722625596211262
-5.452318069429582 3.1356417707915964 18.681734471700317
-5.820330960481245 1.8186269558729673 20.141199609791883
-6.624002219982216 0.0319477176118963 20.54355493313055
-16.74989993630065 1.7395771843784944 15.94354401869985
-15.69899947245532 0.35292917573314053 14.957229912945733
-13.098264645147301 6.134744644733508 13.655180735512898
-14.645861263145669 6.417164157139748 14.890164106644765
-16.099024728096087 5.487480518653864 15.902095070922934
-16.90269598759706 3.7008012803927945 16.3044503942616
-7.024027475622984 5.166499060532621 21.488420091107752
-5.9731270117776525 3.7798510518872668 20.502105985353637
-8.748722252633616 7.667310698465856 16.13492470045612
-9.269531194981687 8.311519979561524 17.955296214109442
-9.061317301500411 7.967224483597102 19.914405089598496
-8.203611202569693 6.7659333878574905 21.263938324148047
-15.166670205493737 7.061373438235418 16.710535620298085
-10.817127812980056 8.593939491967767 19.19027958524131
-8.077165684932632 -0.8977359208739881 21.555485897408722
-13.453495753096618 -2.7920917432957655 18.49035378994404
-17.27070887864872 2.383786465474164 17.76391553235317
-8.571624093621354 5.44891857293886 22.723403462239617
17.955978553516072 -8.567098406573866 -8.882059837036023
17.33794456476618 -6.664985373983557 -8.882059837036024
15.719910576016286 -5.48941486939861 -8.882059837036024
13.719910576016284 -5.489414869398608 -8.882059837036024
12.101876587266387 -10.469211439164168 -8.88205983703602
13.719910576016282 -11.644781943749116 -8.88205983703602
15.71991057601628 -11.644781943749116 -8.88205983703602
17.337944564766175 -10.469211439164171 -8.88205983703602
17.955978553516072 -4.1130329489274375 -11.634823677978371
17.33794456476618 -4.963683757279478 -9.933522061274292
12.101876587266393 -3.2623821405753946 -13.33612529468245
13.719910576016284 -2.7366510284562615 -14.387587518920718
15.719910576016284 -2.7366510284562624 -14.387587518920718
17.337944564766175 -3.262382140575397 -13.336125294682452
14.719910576016279 -14.072626088458556 -11.634823677978368
14.71991057601628 -13.02116386422029 -9.933522061274289
9.483842598516492 -11.319862247516207 -13.336125294682446
10.48384259851649 -12.69624416798738 -14.387587518920713
12.101876587266384 -13.871814672572327 -14.387587518920713
13.719910576016277 -14.397545784691463 -13.336125294682446
14.719910576016284 -4.113032948927437 -17.790190752328876
14.719910576016282 -3.061570724689168 -16.088889135624797
9.483842598516494 -6.865796789869781 -16.088889135624793
10.483842598516492 -7.190716486102686 -17.790190752328876
12.101876587266387 -6.664985373983554 -18.841652976567143
13.719910576016282 -5.489414869398608 -18.84165297656714
12.101876587266384 -12.170513055868248 -17.790190752328872
11.483842598516489 -13.021163864220288 -16.088889135624793
11.483842598516489 -8.567098406573862 -18.84165297656714
12.101876587266386 -10.46921143916417 -18.84165297656714
18.955978553516072 -4.437952645160345 -13.336125294682452
18.95597855351607 -9.943480327045037 -9.93352206127429
15.719910576016277 -14.397545784691463 -13.336125294682448
15.719910576016282 -5.48941486939861 -18.841652976567143
13.719910576016279 -11.644781943749116 -18.84165297656714
-13.317570993556359 14.951318711879235 8.590907954246383
-11.319449641251735 14.94873297515639 8.504280155994735
-9.701415652501838 13.77316247057145 8.504280155994737
-9.081503016056567 11.873635174703987 8.590907954246386
-13.309612914212982 8.806904994058621 8.957869196381505
-14.927646902962877 9.982475498643566 8.957869196381502
-15.547559539408148 11.882002794511024 8.871241398129854
-14.932565266482255 13.779932017197812 8.731074676188118
-8.968028601042683 16.483884765611585 11.070651919189611
-9.658072282820045 15.534121117677852 9.451458067205621
-6.271905487617311 11.286648959001859 12.970179215057078
-6.228562117935517 13.04760760610826 13.917357126267962
-6.848474754380788 14.947134901975723 13.830729328016313
-7.894857839886585 16.259675982141047 12.743384694863689
-17.42424839735551 10.35042440432085 11.804574403459847
-16.49929780620698 10.572047451068546 10.045213829534124
-13.113131011004244 6.3245752923925505 13.563934977385578
-14.684781914248342 6.914147244817529 14.651279610538198
-16.302815902998237 8.089717749402473 14.651279610538195
-17.349198988504035 9.4022588295678 13.563934977385573
-7.698375936677847 13.777346280474978 17.349450475867762
-6.773425345529317 13.99896932722267 15.590089901942038
-8.763588618490562 7.857141346124898 16.043678942328807
-9.308451846084363 8.808503067239306 17.71641171800288
-9.265108476402569 10.569461714345712 18.663589629213767
-8.650114203476676 12.467390937032494 18.523422907272032
-14.53960146006478 8.81527261386567 17.94320623819626
-15.22964514184214 7.865508965931937 16.324012386212274
-10.880102749328461 9.398075019664287 18.803756351155503
-12.878224101633089 9.400660756387127 18.89038414940715
-9.51289182863648 17.43524648672599 12.743384694863686
-14.889221896800462 15.540890664304214 9.678252587399001
-17.969111624949306 11.30178612543526 13.477307179133922
-9.270026839921947 14.366918232899952 18.43679510902038
-14.496258090382984 10.576231260972072 18.890384149407147
-4.471574929482829 -13.281099621206614 -16.509474025320095
-4.042395322732765 -11.329343276477633 -16.429149458965608
-4.518788524982785 -9.60322000370422 -15.538336367436319
-5.718788524982784 -8.762050224313604 -14.177295074073054
-8.784036109232638 -12.510773379209066 -12.18537644616683
-8.307642906982617 -14.236896651982482 -13.076189537696113
-7.107642906982617 -15.078066431373092 -14.43723083105938
-5.6423953227327655 -14.712984451962942 -15.748628812283972
-4.47157492948283 -8.827034163560185 -19.262237866262442
-4.042395322732766 -9.628041659773555 -17.480611683203872
-8.784036109232638 -5.3039440806202895 -16.639441903813257
-8.307642906982618 -5.3287657366896255 -18.58171721958081
-7.107642906982619 -6.169935516080238 -19.942758512944074
-5.642395322732766 -7.506155153374166 -20.2026942699304
-10.602070097982534 -16.324480473351105 -15.27840061044999
-9.002070097982534 -15.693603138808143 -14.257619640427546
-13.743710884482407 -11.36950555965488 -13.416449861036927
-14.438138075482321 -12.826212046480546 -14.597879963768357
-13.961744873232302 -14.552335319253961 -15.48869305529764
-12.49649728898245 -15.888554956547889 -15.748628812283966
-10.602070097982535 -6.364887333819981 -21.433767684800497
-9.002070097982536 -5.734009999277022 -20.41298671477805
-13.743710884482407 -6.915440102008452 -16.169213701979274
-14.438138075482325 -7.320684364595849 -18.000483197176514
-13.961744873232302 -7.345506020665185 -19.942758512944067
-12.49649728898245 -6.9804240412550325 -21.25415649416866
-5.860429311482663 -10.688984912973245 -22.274937464191115
-5.166002120482747 -9.232278426147582 -21.093507361459686
-5.166002120482746 -14.737806108032277 -17.690904128051525
-5.860429311482663 -15.143050370619672 -19.52217362324877
-6.289608918232727 -14.342042874406307 -21.30379980630734
-6.289608918232727 -12.640741257702226 -22.355262030545607
-15.132565266482239 -13.231456309067942 -16.429149458965597
-15.132565266482242 -8.777390851421513 -19.181913299907944
-11.29649728898245 -16.729724735938504 -17.109670105647233
-7.460429311482663 -15.773927705162635 -20.542954593271215
-11.296497288982453 -7.821593820645646 -22.615197787531926
-7.460429311482663 -11.319862247516205 -23.295718434213562
0.7550912019011662 -12.273259182197004 17.255370418812166
0.3203121995989555 -10.32920974427157 17.077496862433204
0.7554416757994806 -8.659881118003957 16.065565898155036
1.8942749601010798 -7.902900100235223 14.606100760063466
4.875212127242695 -11.767666588945838 12.710315577535688
4.44008265104217 -13.436995215213448 13.722246541813854
3.3012493667405716 -14.193976232982182 15.181711679905424
1.8937078814214372 -13.74946862230287 16.531244914454977
0.8685656169150677 -7.663009591289411 19.73511438375539
0.3636555692807546 -8.568251097165168 18.024674773644087
5.058817587588701 -4.308126054237053 16.722625596211255
4.667031481069975 -4.216496033398263 18.68173447170031
3.5281981967683764 -4.973477051166999 20.14119960979188
2.077313341767443 -6.289928087594089 20.543554933130544
6.830439951198301 -15.392542568710638 15.943544018699834
5.186913224043715 -14.821574634480527 14.957229912945719
9.882075242351663 -10.561449591552414 13.655180735512886
10.628905815353207 -11.94602901081949 14.890164106644752
10.19377633915268 -13.615357637087104 15.902095070922918
8.742891484151748 -14.931808673514194 16.304450394261586
7.084176456876408 -5.083711090200665 21.488420091107745
5.440649729721823 -4.512743155970553 20.50210598535363
9.995549657365562 -5.951200000644819 16.134924700456114
10.769167906017412 -6.2474471232171105 17.955296214109435
10.377381799498686 -6.155817102378321 19.91440508959849
8.969840314179553 -5.711309491699009 21.26393832414804
11.402524064005057 -12.24227613339178 16.710535620298074
11.515998479018956 -7.632026542484189 19.1902795852413
1.642183865566917 -7.9592567138617 21.555485897408712
1.5019217749027112 -13.657838601464082 18.490353789944027
7.604058199850149 -15.688789691282928 17.763915532353156
7.831007029877952 -6.468290509467743 22.72340346223961
-22.40470122148182 -8.567098406573868 -8.882059837036014
-21.786667232731926 -6.66498537398356 -8.882059837036014
-20.168633243982033 -5.489414869398614 -8.882059837036014
-18.168633243982033 -5.489414869398612 -8.882059837036012
-16.550599255232136 -10.469211439164173 -8.88205983703601
-18.168633243982033 -11.64478194374912 -8.88205983703601
-20.16863324398203 -11.644781943749122 -8.882059837036012
-21.786667232731926 -10.469211439164175 -8.882059837036014
-22.40470122148182 -4.113032948927439 -11.634823677978362
-21.786667232731926 -4.96368375727948 -9.933522061274282
-16.550599255232136 -3.262382140575398 -13.336125294682438
-18.16863324398203 -2.736651028456264 -14.387587518920707
-20.16863324398203 -2.736651028456265 -14.387587518920709
-21.786667232731926 -3.262382140575399 -13.336125294682443
-19.16863324398203 -14.07262608845856 -11.634823677978359
-19.16863324398203 -13.021163864220295 -9.93352206127428
-13.93256526648224 -11.319862247516213 -13.336125294682438
-14.932565266482236 -12.696244167987388 -14.387587518920704
-16.550599255232132 -13.871814672572333 -14.387587518920705
-18.168633243982026 -14.397545784691467 -13.33612529468244
-19.168633243982026 -4.1130329489274375 -17.79019075232887
-19.16863324398203 -3.0615707246891697 -16.088889135624786
-13.93256526648224 -6.865796789869783 -16.088889135624783
-14.932565266482236 -7.19071648610269 -17.790190752328865
-16.55059925523213 -6.664985373983558 -18.841652976567133
-18.168633243982026 -5.489414869398612 -18.841652976567133
-16.55059925523213 -12.170513055868252 -17.790190752328865
-15.932565266482236 -13.021163864220293 -16.088889135624786
-15.932565266482236 -8.567098406573864 -18.841652976567133
-16.55059925523213 -10.469211439164173 -18.841652976567133
-23.40470122148182 -4.437952645160346 -13.336125294682443
-23.404701221481822 -9.943480327045041 -9.933522061274282
-20.16863324398203 -14.397545784691467 -13.336125294682441
-20.168633243982026 -5.489414869398612 -18.841652976567136
-18.168633243982026 -11.64478194374912 -18.841652976567133
18.334904848942184 -8.045551104358264 8.590907954246372
17.714992212496917 -6.146023808490803 8.504280155994724
16.09695822374702 -4.970453303905856 8.504280155994728
14.09883687144239 -4.96786756718301 8.59090795424638
12.488760962035869 -9.936710780418675 8.9578691963815
14.106794950785762 -11.112281285003624 8.957869196381496
16.10491630309039 -11.114867021726468 8.871241398129847
17.719910576016286 -9.943480327045048 8.731074676188108
18.448379263956085 -3.4353015134506713 11.070651919189599
17.758335582178717 -4.3850651613844 9.45145806720561
12.672366422381872 -2.4771702457098925 12.970179215057069
14.333743780813563 -1.8917821031884356 13.917357126267953
16.331865133118193 -1.8943678399112827 13.830729328016302
17.903516036362287 -2.4839397923362636 12.743384694863678
15.228227445143032 -13.372987939922005 11.80457440345984
15.15317803629156 -12.42482236516895 10.045213829534115
10.067208876494718 -10.516927449494442 13.563934977385573
11.113591962000513 -11.82946852965977 14.651279610538193
12.73162595075041 -13.005039034244714 14.65127961053819
14.303276853994506 -13.594610986669696 13.563934977385568
15.481963950821138 -3.064156461412031 17.34945047586775
15.406914541969664 -2.1159908866589765 15.590089901942028
10.180683291508618 -5.906677858586849 16.043678942328803
11.253854052664717 -6.130886642057389 17.716411718002878
12.91523141109641 -5.545498499535933 18.66358962921376
14.530225684022307 -4.374111804854511 18.52342290727202
12.876806404933983 -11.10391366519658 17.943206238196254
12.186762723156615 -12.053677313130308 16.324012386212267
12.300237138170516 -7.443427722222717 18.803756351155496
12.920149774615783 -9.342955018090178 18.89038414940714
19.521550025112184 -3.6595102969212103 12.743384694863675
19.38128793444798 -9.35809218452359 9.67825258739899
16.301398206299133 -13.597196723392543 13.477307179133916
16.528347036326934 -4.376697541577357 18.43679510902037
14.538183763365677 -10.518525522675125 18.89038414940714
-3.7351142664565593 -12.267448479479032 17.45004158479151
-3.312340332537767 -10.324508787023472 17.23498914402528
-3.829102285845784 -8.653948333358287 16.264327073960082
-5.088014624309736 -7.893864431522136 14.908815293770491
-8.231814105357923 -11.750704996989537 13.278565760562465
-7.715052152049905 -13.42126545065472 14.249227830627664
-6.456139813585954 -14.18134935249087 15.604739610817255
-4.935938814402686 -13.740630486298215 16.827341673249695
-3.621639851442662 -7.657198888571438 19.92978554973473
-3.2689969628559696 -8.56355013991707 18.182167055236164
-8.048208645011927 -4.29116446228075 17.29087577923803
-7.488103322022111 -4.200766268839531 19.20871576051411
-6.229190983558161 -4.960850170675682 20.5642275407037
-4.752333354056691 -6.281089951589431 20.839651691925255
-9.909238813539037 -15.370880019506242 16.66928648331868
-8.355771377006217 -14.804049264032685 15.544367900361928
-13.134983059162177 -10.531663586396366 14.653076624363791
-13.775702284118484 -11.914447399774332 15.948216694098058
-13.25894033081047 -13.585007853439516 16.918878764163253
-11.782082701308997 -14.905247634353262 17.19430291538481
-9.65550230786094 -5.06204854099626 22.214162555726585
-8.10203487132812 -4.495217785522707 21.08924397276983
-13.02150864414828 -5.921413995488771 17.132820589307016
-13.63544019345429 -6.215865512171947 19.013348801562735
-13.07533487046447 -6.125467318730728 20.931188782838817
-11.555133871281203 -5.6847484525380745 22.153790845271256
-4.876290625704984 -9.334434218632579 23.10545383172472
-4.235571400748672 -7.951650405254615 21.810313761990454
-4.375833491412871 -13.650232292856998 18.745181654525776
-4.989765040718881 -13.944683809540173 20.625709866781495
-5.342407929305574 -13.038332558194544 22.373328361280066
-5.299064559623776 -11.27737391108814 23.32050627249095
-14.389633833424496 -12.208898916457507 17.82874490635378
-14.276159418410602 -7.598649325549911 20.308488871297
-10.523170362845045 -15.665331536189413 18.5498146955744
-6.543232477251701 -14.511514565013726 21.75062844973825
-10.296221532817254 -6.444832354374224 23.509302625460847
-6.429758062237804 -9.901264974106132 24.230372414681472
0.7550912019011555 20.922440860734397 -3.26070048806578
0.3203121995989422 19.893940576384892 -1.60143728282977
0.7554416757994673 18.24229554949559 -0.5608936537140597
1.8942749601010682 16.59837804298847 -0.5365219002636861
4.875212127242691 16.631112344624917 -4.841095042405517
4.440082651042166 18.28275737151422 -5.881638671521227
3.301249366740566 19.926674878021338 -5.906010424971601
1.8937078814214283 20.93494425136153 -4.904901121304027
0.8685656169150473 21.078624993995565 1.9718073178197923
0.3636555692807377 19.953597606787216 0.3972028526193815
5.05881758758868 16.883823580744927 3.625280433916478
4.667031481069951 18.595125638036553 4.58337694024992
3.5281981967683502 20.239043144543672 4.559005186799546
2.077313341767418 21.18765548748154 3.5614743550179675
6.8304399511982945 21.14409359726845 -6.637338966463868
5.18691322404371 20.006562819432972 -6.567742798426032
9.882075242351652 16.936788793390683 -3.339665217128935
10.6289058153532 18.660594241309436 -4.0257693440337405
10.193776339152672 20.31223926819874 -5.066312973149452
8.742891484151741 21.26085161113661 -6.06384380493103
7.08417645687638 21.49333193624731 5.062904180294547
5.440649729721796 20.35580115841183 5.132500348332384
9.995549657365546 17.09297292665185 1.8928425887566376
10.76916790601739 18.853648447027126 2.4419659968391016
10.37738179949866 20.56495050431875 3.4000625031725438
8.969840314179525 21.573219877658943 4.401171806840117
11.402524064005043 20.421269761684712 -3.4766459359512765
11.515998479018934 20.57745389494588 1.7558618699342965
1.642183865566892 22.83930051437084 2.5209307259022564
1.5019217749026996 22.646246308653154 -3.946804614970586
7.604058199850139 22.904769117643728 -6.088215558381404
7.831007029877923 23.21713738416606 4.376800053389743
-1.224361333982887 -23.955516092450125 -8.88205983703601
0.39367265476700775 -22.77994558786518 -8.88205983703601
1.011706643516904 -20.87783255527487 -8.882059837036012
0.39367265476700997 -18.975719522684564 -8.882059837036012
-4.84239532273278 -18.975719522684564 -8.88205983703601
-5.460429311482676 -20.87783255527487 -8.88205983703601
-4.842395322732781 -22.77994558786518 -8.882059837036008
-3.2243613339828867 -23.955516092450125 -8.88205983703601
3.0117066435169026 -22.579134171978954 -11.634823677978359
2.0117066435169026 -22.254214475746043 -9.93352206127428
2.0117066435169044 -16.748686793861353 -13.336125294682443
3.0117066435169035 -18.125068714332524 -14.387587518920709
3.6297406322667976 -20.027181746922835 -14.387587518920707
3.6297406322667976 -21.728483363626914 -13.33612529468244
-7.460429311482676 -22.57913417197895 -11.634823677978357
-6.460429311482676 -22.254214475746043 -9.933522061274278
-6.460429311482674 -16.74868679386135 -13.33612529468244
-7.460429311482674 -18.125068714332524 -14.387587518920705
-8.078463300232569 -20.02718174692283 -14.387587518920705
-8.07846330023257 -21.72848336362691 -13.336125294682438
2.0117066435169018 -19.5014506348037 -17.79019075232887
3.0117066435169044 -19.176530938570792 -16.08888913562479
-2.224361333982884 -15.37230487339018 -16.088889135624786
-2.2243613339828845 -16.423767097628446 -17.79019075232887
-1.2243613339828854 -17.80014901809962 -18.841652976567136
0.39367265476700863 -18.975719522684564 -18.841652976567133
-6.460429311482676 -19.5014506348037 -17.79019075232887
-7.460429311482674 -19.176530938570792 -16.088889135624786
-3.224361333982885 -17.80014901809962 -18.841652976567133
-4.842395322732781 -18.975719522684564 -18.841652976567133
3.0117066435169018 -23.63059639621722 -13.336125294682438
-2.224361333982887 -25.3318980129213 -9.933522061274276
-7.460429311482676 -23.630596396217218 -13.336125294682436
1.011706643516903 -20.877832555274875 -18.841652976567133
-5.460429311482676 -20.877832555274875 -18.841652976567133
-21.987863177034225 -7.993370058431621 10.339086366670346
-21.37286890410833 -6.095440835744839 10.19891964472861
-19.757874631182435 -4.924054141063415 10.058752922786873
-17.75975327887781 -4.926639877786261 9.972125124535225
-16.13680092660854 -9.899666900925451 10.19891964472861
-17.751795199534435 -11.071053595606873 10.339086366670346
-19.74991655183906 -11.068467858884029 10.425714164921995
-21.367950540588957 -9.892897354299082 10.425714164921995
-21.87438876202033 -3.3831204675240265 12.81883033161357
-21.329525534426534 -4.334482188638435 11.146097555939495
-15.953195466262548 -2.440126366216666 14.211229663404177
-17.524846369506644 -1.8505544137916852 15.298574296556799
-19.52296772181127 -1.84796867706884 15.385202094808447
-21.184345080242963 -2.433356819590296 14.438024183597559
-18.628484057481792 -13.329174513802407 13.27241937200034
-18.703533466333266 -12.381008939049355 11.513058798074615
-13.32720339816928 -10.486653116627586 14.578190905539298
-14.278941664968109 -11.796608460070068 15.752163336943568
-15.893935937894003 -12.967995154751488 15.892330058885303
-17.555313296325696 -13.553383297272944 14.945152147674417
-18.374747551803704 -3.0203430352924308 18.817295444408245
-18.449796960655174 -2.072177460539378 17.057934870482523
-13.213728983155384 -5.876403525719991 17.057934870482523
-14.138679574303914 -6.098026572467683 18.817295444408245
-15.710330477548013 -5.508454620042704 19.904640077560867
-17.328364466297906 -4.332884115457757 19.90464007756087
-15.748755483710436 -11.06686978570335 19.184256686543367
-15.203892256116637 -12.01823150681776 17.511523910869293
-15.090417841102745 -7.407981915910164 19.991267875812515
-15.705412114028638 -9.305911138596947 20.131434597754254
-22.79933935316886 -3.6047435142717177 14.578190905539294
-22.939601443833055 -9.303325401874101 11.513058798074614
-19.553434648630322 -13.550797560550098 15.031779945926065
-19.326485818602535 -4.330298378734911 19.991267875812515
-17.32040638695453 -10.477297833278369 20.27160131969599
18.33490484894218 11.282021506814162 -3.354188839489695
17.714992212496913 10.355044816826233 -1.6939411051456608
16.096958223747016 9.829313704707097 -0.6424788809073949
14.09883687144239 9.905639586342984 -0.6014249985473512
12.488760962035869 12.455993938218427 -4.881583419776347
14.106794950785764 12.981725050337563 -5.933045644014613
16.10491630309039 12.905399168701676 -5.9740995263746575
17.719910576016286 12.256170185874373 -4.989063879165082
18.448379263956074 11.438205640075328 1.8783189663958781
17.75833558217871 10.414701847228553 0.30469903030349077
12.67236642238186 12.708705174338434 3.584792056545647
14.333743780813547 13.294093316859893 4.531969967756532
16.331865133118175 13.217767435224005 4.4909160853964885
17.903516036362277 12.508881421994381 3.477311597156912
15.22822744514303 16.538914343826214 -6.681997876062114
15.153178036291559 14.541261871919229 -6.620742772479114
10.067208876494707 16.83526519902911 -3.340649746236959
11.113591962000505 18.394802020610776 -4.028346874701461
12.731625950750397 18.920533132729915 -5.079809098939725
14.303276853994499 18.211647119500288 -6.093413587179302
15.481963950821113 16.888152682805064 5.0182452706963
15.406914541969643 14.89050021089808 5.0795003742792995
10.180683291508599 16.991449332290276 1.891858059648614
11.253854052664696 18.587856226328462 2.439388466171382
12.915231411096386 19.17324436884992 3.3865663773822683
14.530225684022282 18.52401538602262 4.371602024591844
12.876806404933962 21.01471270749574 -1.9071965320863051
12.1867627231566 19.991208914648965 -3.480816468178692
12.300237138170491 20.147393047910132 1.7516913377068808
12.920149774615759 21.07436973789806 0.09144360336284674
19.52155002511217 13.034612534113515 2.425849372918646
19.38128793444798 12.84155832839583 -4.0418859679541965
16.301398206299126 18.135321237864403 -6.134467469539347
16.52834703632691 18.44768950438673 4.330548142231799
14.538183763365655 21.600100850017196 -0.9600186208754193
-3.73511426645656 21.09396141963509 -3.1684436454782317
-3.312340332537767 20.032703623420243 -1.5267999293290688
-3.829102285845785 18.417419727698018 -0.4666985097310606
-5.0880146243097375 16.865093279153964 -0.393062097448632
-8.231814105357925 17.131785305090553 -4.571794925862255
-7.715052152049907 18.747069200812778 -5.631896345460264
-6.4561398135859545 20.29939564935683 -5.705532757742693
-4.935938814402687 21.1958287090143 -4.764577556027254
-3.621639851442663 21.250145552896257 2.064064160407341
-3.2689969628559696 20.092360653822567 0.4718402061200827
-8.048208645011929 17.384496541210563 3.894580550459739
-7.488103322022113 19.059437467335112 4.833119266310883
-6.22919098355816 20.611763915879166 4.7594828540284535
-4.752333354056689 21.44853994513431 3.7017979202947413
-9.909238813539037 21.783529604769434 -6.293401496419905
-8.355771377006219 20.523877416316534 -6.289491540158142
-13.134983059162177 17.81601330370453 -2.8667511958184857
-13.775702284118488 19.592821519208286 -3.524346390516364
-13.25894033081047 21.20810541493051 -4.584447810114373
-11.782082701309 22.044881444185656 -5.6421327438480855
-9.65550230786094 22.132767943748288 5.40684165033851
-8.10203487132812 20.873115755295387 5.410751606600273
-13.021508644148282 17.972197436965697 2.3657566100670873
-13.63544019345429 19.785875724925972 2.9433889503564785
-13.075334870464472 21.46081665105052 3.881927666207621
-11.555133871281203 22.35724971070799 4.822882867923061
-4.876290625704982 24.840632056360292 1.9841013059988537
-4.235571400748671 23.063823840856536 2.6416965006967326
-4.375833491412871 22.870769635138846 -3.8260388401761105
-4.989765040718879 24.684447923099125 -3.2484064998867193
-5.342407929305573 25.842232822172818 -1.6561825455994608
-5.299064559623774 25.901889852575138 0.342457589849691
-14.389633833424497 21.40649980716856 -2.946714050226973
-14.2761594184106 21.56268394042973 2.2857937556586005
-10.523170362845045 23.59720789272971 -5.715769156130515
-6.543232477251699 25.944100111552025 -3.252316456148482
-10.296221532817253 23.909576159252044 4.749246455640632
-6.429758062237802 26.100284244813192 1.9801913497370904
-1.2243613339828752 2.7688766534284346 -25.398642882690094
0.39367265476701974 2.2431455413092998 -24.347180658451826
1.011706643516915 1.3924947329572621 -22.645879041747747
0.3936726547670193 0.5418439246052231 -20.94457742504367
-4.84239532273277 0.5418439246052231 -20.94457742504367
-5.460429311482665 1.392494732957263 -22.645879041747747
-4.84239532273277 2.2431455413093015 -24.347180658451826
-3.224361333982875 2.7688766534284355 -25.398642882690094
3.011706643516914 -0.30880688374681897 -25.39864288269009
2.0117066435169133 1.0675750367243557 -24.347180658451826
2.0117066435169133 -4.437952645160339 -20.944577425043665
3.0117066435169133 -4.762872341393245 -22.645879041747744
3.6297406322668073 -3.912221533041206 -24.347180658451823
3.629740632266809 -2.2109199163371263 -25.39864288269009
-7.460429311482665 -0.30880688374681986 -25.398642882690094
-6.460429311482665 1.0675750367243548 -24.347180658451826
-6.460429311482665 -4.437952645160339 -20.944577425043665
-7.460429311482667 -4.762872341393245 -22.645879041747744
-8.07846330023256 -3.912221533041206 -24.347180658451823
-8.07846330023256 -2.2109199163371267 -25.39864288269009
2.011706643516914 -7.190716486102688 -25.398642882690087
3.0117066435169133 -5.814334565631514 -24.347180658451823
-2.224361333982876 -7.515636182335592 -20.94457742504366
-2.224361333982876 -8.56709840657386 -22.64587904174774
-1.224361333982876 -8.892018102806768 -24.34718065845182
0.3936726547670184 -8.366286990687634 -25.398642882690087
-6.460429311482665 -7.190716486102689 -25.39864288269009
-7.460429311482667 -5.814334565631514 -24.347180658451823
-3.2243613339828756 -8.892018102806766 -24.34718065845182
-4.842395322732772 -8.366286990687634 -25.398642882690087
3.011706643516914 -1.3602691079850868 -27.099944499394173
-2.224361333982875 2.443956957195528 -27.099944499394173
-7.460429311482665 -1.3602691079850873 -27.099944499394173
1.0117066435169133 -7.515636182335595 -27.09994449939417
-5.460429311482667 -7.515636182335595 -27.09994449939417
-0.8075232895352551 -23.381787744307896 10.33908636667034
0.8074709833906375 -22.21040104962647 10.198919644728601
1.422465256316529 -20.312471826939685 10.058752922786866
0.802552619871258 -18.412944531072224 9.972125124535221
-4.428596994109159 -18.406174984445865 10.19891964472861
-5.043591267035051 -20.30410420713265 10.339086366670346
-4.423678630589779 -22.20363150300011 10.425714164921992
-2.8056446418398826 -23.379202007585054 10.42571416492199
3.542019102978429 -21.84922169057555 12.81883033161356
2.468848341822328 -21.625012907105013 11.146097555939484
2.609110432486518 -15.92643101950263 14.21122966340417
3.655493517992319 -17.238972099667954 15.298574296556788
4.275406154437589 -19.138499395535415 15.385202094808436
4.232062784755795 -20.899458042641818 14.43802418359755
-6.920280124982404 -21.83568259732283 13.272419372000341
-5.9953295338338775 -21.614059550575135 11.513058798074615
-5.855067443169689 -15.915477662972751 14.5781909055393
-6.806805709968516 -17.225433006415233 15.75216333694357
-7.421799982894407 -19.123362229102018 15.892330058885305
-7.4651433525762005 -20.884320876208424 14.945152147674419
2.805592335695266 -18.408760721168704 18.817295444408238
3.7305429268437935 -18.18713767442101 17.057934870482512
-1.5055250506560034 -14.382911609240406 17.05793487048252
-1.4304756418045286 -15.33107718399346 18.817295444408245
-0.38409255629872896 -16.643618264158786 19.904640077560863
1.2339414324511682 -17.81918876874373 19.904640077560863
-5.6585855399609395 -18.397807364638826 19.18425668654337
-6.73175630111704 -18.17359858116829 17.511523910869293
-2.382213908603356 -16.641032527435943 19.991267875812515
-3.997208181529248 -17.812419222117367 20.131434597754254
3.6170685118299035 -22.797387265328602 14.578190905539284
-1.7592615563340823 -24.691743087750382 11.513058798074608
-6.84523071613093 -22.783848172075885 15.031779945926065
1.8538540688964396 -19.718716064611186 19.991267875812508
-4.61220245445514 -19.71034844480415 20.271601319695986
-21.987863177034228 12.822303740439397 -2.525707539762577
-21.37286890410833 11.848155061379185 -0.8908325000871916
-19.757874631182435 11.198926078551878 0.09420314712237964
-17.759753278877806 11.122600196915991 0.05314926476233141
-16.136800926608547 13.549456678083269 -4.293435733495358
-17.751795199534442 14.198685660910574 -5.27847138070493
-19.74991655183907 14.275011542546462 -5.237417498344883
-21.367950540588964 13.749280430427326 -4.185955274106613
-21.874388762020327 12.978487873700558 2.706800266122996
-21.32952553442653 11.907812091781505 1.10780763536196
-15.953195466262542 13.802167914203274 4.172939742826636
-17.52484636950664 14.511053927432897 5.186544231066217
-19.522967721811266 14.587379809068786 5.227598113426265
-21.18434508024296 14.00199166654733 4.2804202022153826
-18.628484057481803 17.832200836035113 -5.986369730392385
-18.703533466333273 15.83454836412813 -5.9251146268093855
-13.327203398169283 17.728904186549897 -2.859982519344708
-14.278941664968116 19.364766889767452 -3.506625765449163
-15.89393593789401 20.01399587259476 -4.491661412658734
-17.555313296325703 19.4286077300733 -5.438839323869618
-18.374747551803697 18.181439175013956 5.713873416366032
-18.449796960655167 16.183786703106975 5.775128519949032
-13.213728983155383 17.885088319811057 2.3725252865408653
-14.13867957430391 19.557821095485135 2.9611095754236803
-15.710330477548007 20.266707108714762 3.9747140636632614
-17.328364466297902 19.740975996595623 5.026176287901531
-15.74875548371044 22.10817544736058 -1.3190488458053122
-15.203892256116642 21.03749966544153 -2.918041476566348
-15.090417841102742 21.193683798702693 2.3144663293192256
-15.705412114028638 22.167832477762904 0.6795912896438399
-22.799339353168854 14.651220649374634 3.2953845550058114
-22.93960144383306 14.458166443656953 -3.172350785867032
-19.55343464863033 19.50493361170919 -5.39778544150957
-19.326485818602528 19.81730187823151 5.067230170261578
-17.320406386954534 22.817061460590207 -0.3054443575657319
21.215763246889917 2.9660877951362377 -3.168443645478229
20.075802773971095 3.0402230054661477 -1.5267999293290664
18.69926472489642 2.0496030078808056 -0.4666985097310591
17.61193984760495 0.37261097152247347 -0.3930620974486315
18.837066503266932 -2.534907642575036 -4.571794925862256
20.213604552341607 -1.5442876449896936 -5.631896345460264
21.300929429633076 0.13270439136863965 -5.7055327577426915
21.683719988829306 1.8555145074739787 -4.764577556027252
21.32923766190381 3.122271928397404 2.0640641604073444
20.11914614365289 3.0998800358684697 0.47184020612008526
19.02067196361292 -2.282196406455025 3.8945805504597386
20.44055338236939 -1.23191937846736 4.833119266310883
21.52787825966086 0.4450726578909725 4.759482854028455
21.867325449175294 2.108225743593989 3.7017979202947435
23.77949097322777 -2.6927652997976135 -6.2934014964199045
22.101442713037464 -1.604583904664288 -6.28949154015814
21.002968532997496 -6.986660346987783 -2.866751195818488
22.89080669369335 -7.046956606662378 -3.5243463905163654
24.267344742768024 -6.056336609077036 -4.584447810114373
24.606791932282462 -4.393183523374019 -5.6421327438480855
24.033227478905857 -2.343526960818759 5.406841650338511
22.35517921871555 -1.2553455656854333 5.410751606600274
21.116442948011386 -6.830476213726616 2.365756610067085
23.031068784357544 -6.85390240094469 2.943388950356477
24.45095020311401 -5.8036253729570255 3.8819276662076208
24.833740762310246 -4.080815256851686 4.822882867923061
25.131701658945826 3.038549481504737 1.9841013059988577
23.24386349824997 3.098845741179331 2.6416965006967357
23.103601407585774 2.9057915354616437 -3.8260388401761074
25.018227243931932 2.88236534824357 -3.2484064998867153
26.22831876218285 2.904757240772504 -1.6561825455994568
26.271662131864648 2.964414271174827 0.3424575898496953
24.80543253003951 -7.070382793880451 -2.946714050226974
24.9189069450534 -6.9141986606192845 2.285793755658599
25.694116809573927 -2.7161914870156867 -5.715769156130514
26.69627550412224 1.7941839531102453 -3.2523164561484785
25.92106563960171 -2.403823220493353 4.749246455640633
26.80974991913613 1.950368086371412 1.9801913497370944
-0.1266767994518967 4.279709801137676 25.217550156329693
1.4449741037922021 3.6901378487126952 24.130205523177075
1.9898373313859987 2.7387761275982885 22.457472747502997
1.299793649608632 1.7890124796645566 20.83827889551901
-3.931355964371785 1.7957820262909259 21.06507341571239
-4.476219191965581 2.747143747405335 22.73780619138647
-3.7861755101882153 3.6969073953390654 24.35700004337046
-2.124798151756524 4.282295537860524 25.30417795458134
4.109391178047893 1.202026263962423 25.217550156329693
3.063008092542096 2.5145673441277503 24.130205523177075
2.9227460018779 -3.1840145434746345 21.06507341571239
3.9959167630339985 -3.4082233269451723 22.73780619138647
4.6859604448113625 -2.4584596790114412 24.35700004337046
4.7293038144931625 -0.6975010319050383 25.304177954581345
-6.352908049912941 1.2155653572151617 25.671139196716464
-5.40116978311411 2.525520700657643 24.497166765312194
-5.541431873778306 -3.1730611869447416 21.432034657847513
-6.466382464926836 -3.394684233692433 23.19139523177324
-7.0112456925206335 -2.443322512578025 24.864128007447313
-6.967902322838835 -0.6823638654716219 25.8113059186582
3.1192279050866376 -5.666344245140705 25.671139196716464
4.070966171885468 -4.3563889016982245 24.497166765312194
-1.3053638962785175 -6.250744724119995 21.432034657847513
-1.2303144874270464 -7.198910298873047 23.19139523177324
-0.15714372627094786 -7.423119082343588 24.864128007447313
1.5042336321607435 -6.837730939822128 25.8113059186582
-5.3449499705695676 -5.655390888610814 26.038100438851583
-6.391333056075366 -4.342849808445486 24.950755805698964
-2.155265078575575 -7.42053334562074 24.950755805698964
-3.726915981819674 -6.830961393195759 26.038100438851583
4.184440586899363 0.25386068920937 26.97691073025542
-1.0516273906004254 4.058086754389985 26.97691073025542
-6.277858641061471 0.2673997824621088 27.43049977064219
2.1942773139381093 -5.887967291888398 27.43049977064219
-4.27177920941347 -5.879599672081351 27.71083321452566
-0.8075232895352594 19.70421334279526 -16.28952674447433
0.8074709833906348 19.054984359967953 -15.304491097264755
1.4224652563165285 18.080835680907747 -13.669616057589366
0.8025526198712603 17.15385899091982 -12.009368323245333
-4.4285969941091565 17.35368274326388 -11.901887863856595
-5.043591267035051 18.32783142232409 -13.536762903531981
-4.423678630589781 19.254808112312016 -15.19701063787602
-2.805644641839886 19.78053922443115 -16.248472862114284
3.5420191029784247 21.2367793965276 -13.809782779531103
2.4688483418223264 19.640372502489413 -14.35731318605387
2.6091104324865215 19.833426708207107 -7.889577845181029
3.6554935179923183 21.39296352978877 -8.577274973645533
4.275406154437587 22.319940219776697 -10.237522707989568
4.232062784755793 22.260283189374373 -12.236162843438716
-6.920280124982408 21.63642690121572 -13.59482186075363
-5.995329533833879 19.963694125541643 -14.18340614963644
-5.855067443169686 20.156748331259337 -7.715670808763601
-6.806805709968514 21.792611034476895 -8.362314054868058
-7.421799982894409 22.766759713537102 -9.997189094543446
-7.465143352576205 22.707102683134778 -11.995829229992598
2.8055923356952635 25.063348777369832 -8.049945788345724
3.73054292684379 23.390616001695754 -8.638530077228534
-1.5055250506560007 21.68931438499168 -5.235926843820375
-1.4304756418045284 23.68696685689866 -5.297181947403376
-0.38409255629873096 25.246503678480327 -5.98487907586788
1.2339414324511642 25.77223479059946 -7.036341300106146
-5.658585539960943 25.386670400422062 -7.876038751928295
-6.731756301117042 23.790263506383877 -8.42356915845106
-2.382213908603358 25.322829560116215 -5.943825193507835
-3.9972081815292517 25.972058542943522 -6.928860840717411
3.6170685118298964 23.234431868434584 -13.871037883114106
-1.759261556334089 21.340076046012815 -16.936169990578787
-6.845230716130937 23.634079373122706 -13.656076964336632
1.8538540688964333 26.699211480587387 -8.69658903445018
-4.612202454455147 26.94620722200373 -8.563735880392798
18.9893589179553 -16.949390791091435 -2.5257075397625828
17.8728447871174 -16.66552497721857 -0.8908325000871969
16.75633065627951 -15.330196939107442 0.09420314712237551
16.06628697450214 -13.45345660118578 0.053149264762328174
17.872844787117412 -11.159997295333877 -4.293435733495362
18.989358917955308 -12.495325333445008 -5.278471380704935
19.679402599732672 -14.372065671366668 -5.237417498344888
19.67940259973267 -16.07336728807075 -4.185955274106618
19.10283333296919 -16.793206657830265 2.70680026612299
17.916188156799198 -16.605867946816247 1.1078076353619544
18.0564502474634 -10.907286059213861 4.172939742826633
19.216307747983087 -12.182957066922668 5.186544231066213
19.906351429760452 -14.059697404844329 5.22759811342626
19.863008060078652 -15.820656051950733 4.280420202215377
22.715948958199725 -12.20628804612646 -5.986369730392391
20.839260100252364 -12.894972838133127 -5.92511462680939
20.979522190916565 -7.196390950530742 -2.8599825193447117
22.829423373213626 -7.596038455218863 -3.5066257654491673
23.945937504051518 -8.931366493329993 -4.49166141265874
23.90259413436972 -10.692325140436397 -5.438839323869622
22.969685463877806 -11.857049707147597 5.713873416366026
21.092996605930445 -12.545734499154266 5.7751285199490265
21.092996605930455 -7.040206817269574 2.3725252865408617
22.969685463877816 -7.402984249501171 2.9611095754236763
24.129542964397505 -8.678655257209977 3.9747140636632547
24.1295429643975 -10.379956873914058 5.026176287901525
25.892757407330976 -8.146154598464477 -1.3190488458053184
24.706112231160983 -7.958815887450462 -2.918041476566353
24.819586646174873 -7.8026317541892904 2.3144663293192203
25.93610077701277 -8.086497568062153 0.6795912896438338
20.979522190916548 -17.15598409006186 3.295384555005804
20.839260100252357 -17.349038295779554 -3.1723507858670392
24.592637816147086 -12.569065478358056 -5.397785441509576
24.819586646174862 -12.256697211835718 5.067230170261571
27.052614907850664 -9.421825606173286 -0.3054443575657391
-25.56745656978171 2.160200482999537 -4.472396707617728
-24.53637306418185 2.276447287480395 -2.7626150008118913
-23.19165170463185 1.3386113757677114 -1.6171071362068272
-22.046930345081858 -0.2950858097345139 -1.4734181837013585
-22.894143940581813 -3.2428014684166064 -5.717191196500131
-24.23886530013181 -2.3049655567039227 -6.862699061105196
-25.383586659681804 -0.6712683712016969 -7.006388013610664
-25.89106336753169 1.0342732905532621 -6.093373757967318
-26.01467016528167 2.30550898860061 0.7425139630648201
-24.707193457431785 2.331950197765549 -0.7706963729056675
-23.617750738331797 -3.007687367499616 2.720711516958744
-25.13329249113173 -2.014348545501776 3.5671222802599036
-26.278013850681724 -0.3806513599995509 3.4234333277544353
-26.614670165281673 1.2693873914702536 2.3445289554915574
-27.709097356281585 -3.5899223287635738 -7.745032062532724
-26.07801385068172 -2.4375539271523583 -7.637265348153624
-24.988571131581732 -7.777191492417523 -4.145857458289212
-26.827719682131644 -7.90977986286596 -4.920423745337642
-28.172441041681637 -6.971943951153277 -6.065931609942705
-28.509097356281586 -5.3219051996834725 -7.144835982205583
-28.70909735628159 -3.265002632530665 3.9158626937024748
-27.078013850681725 -2.11263423091945 4.023629408081576
-25.435784727081693 -7.631882986816451 1.0690532123933365
-27.380506086631687 -7.730168672234125 1.525560340215009
-28.89604783943162 -6.736829850236286 2.3719711035161692
-29.403524547281506 -5.031288188481327 3.284985359159516
-29.79854007538158 2.0746349327345 0.42445480383806444
-27.95939152483167 2.2072233031829365 1.1990210908864931
-27.406605120331623 2.0276121125511013 -5.246962994666157
-29.35132647988162 1.929326427133427 -4.790455866844485
-30.658803187731507 1.9028852179684872 -3.277245530873997
-30.829623580981444 1.9583881282536426 -1.285326902967773
-28.77244104168164 -8.008065548283634 -4.463916617515968
-29.2196546371816 -7.862757042682561 0.7509940531665804
-29.653818715831584 -3.6882080141812477 -7.288524934711052
-30.982409985481485 0.7769580255222128 -4.898222581223585
-30.548245906831504 -3.397591002979101 3.141296406654046
-31.429623580981445 0.9222665311232854 0.31668808945896343
-0.1266767994518896 20.64131814236227 15.105520090839107
1.444974103792208 19.932432129132643 14.091915602599531
1.9898373313860032 18.861756347213586 12.492922971838498
1.2997936496086346 17.838252554366814 10.919303035746113
-3.9313559643717815 18.038076306710877 11.026783495134852
-4.476219191965576 19.108752088629934 12.625776125895886
-3.786175510188209 20.132255881476706 14.199396061988272
-2.124798151756517 20.71764402399816 15.146573973199155
4.1093911780479 22.017700062833438 12.352756249896757
3.063008092542103 20.458163241251775 13.040453378361264
2.9227460018779032 20.265109035534085 6.5727180374884195
3.9959167630340033 21.86151592957227 7.120248444011184
4.6859604448113705 22.88501972241904 8.69386838010357
4.729303814493168 22.944676752821366 10.692508515552722
-6.352908049912933 22.417347567521567 12.567717168674239
-5.401169783114103 20.78148486430401 13.2143604147787
-5.541431873778302 20.58843065858632 6.7466250739058555
-6.46638246492683 22.261163434260396 7.335209362788666
-7.0112456925206255 23.331839216179453 8.9342019935497
-6.967902322838826 23.391496246581774 10.932842128998852
3.119227905086647 25.49503110469681 6.412350094323726
4.070966171885476 23.859168401479252 7.0589933404281835
-1.3053638962785128 21.964812579057487 3.9938612329635035
-1.23031448742704 23.96246505096447 3.9326061293805026
-0.15714372627093987 25.558871945002657 4.480136535903267
1.5042336321607523 26.144260087524113 5.42731444711415
-5.34494997056956 25.818352727749044 6.58625713074116
-6.391333056075358 24.258815906167378 7.273954259205665
-2.155265078575567 25.63519782663855 4.521190418263314
-3.7269159818196647 26.344083839868176 5.534794906502891
4.184440586899373 24.015352534740423 12.291501146313754
-1.0516273906004165 22.314050918036347 15.694104379721919
-6.277858641061461 24.41500003942855 12.506462065091236
2.1942773139381204 27.167763880370885 7.000934383206536
-4.2717792094134595 27.414759621787233 7.133787537263926
18.989358917955308 5.320936497140712 -16.289526744474323
17.872844787117412 6.656264535251841 -15.304491097264751
16.756330656279516 6.940130349124701 -13.669616057589366
16.06628697450215 6.064106846104013 -12.009368323245331
17.872844787117412 1.150736853367146 -11.901887863856594
18.989358917955308 0.8668710394942849 -13.53676290353198
19.679402599732672 1.742894542514973 -15.197010637876016
19.679402599732676 3.4441961592190538 -16.24847286211428
19.1028333329692 9.931186088048308 -13.809782779531101
17.91618815679921 8.417223182358244 -14.357313186053865
18.056450247463406 8.610277388075932 -7.889577845181027
19.216307747983098 10.087370221309474 -8.57727497364553
19.906351429760463 10.963393724330162 -10.237522707989564
19.863008060078666 10.903736693927838 -12.236162843438716
22.715948958199725 0.10444610257457221 -13.594821860753626
20.839260100252368 0.46722353480616796 -14.183406149636436
20.979522190916565 0.6602777405238562 -7.715670808763596
22.829423373213622 0.2606302358357393 -8.362314054868055
23.945937504051514 -0.02323557803712184 -9.99718909454344
23.902594134369718 -0.08289260843944302 -11.995829229992594
22.969685463877816 10.41327758108455 -8.049945788345719
21.092996605930455 10.776055013316146 -8.63853007722853
21.09299660593046 5.27052733143145 -5.23592684382037
22.969685463877816 5.959212123438121 -5.297181947403371
24.12954296439751 7.436304956671664 -5.984879075867875
24.12954296439751 9.137606573375745 -7.036341300106142
25.892757407330972 2.4632779335324737 -7.876038751928288
24.70611223116098 0.9493150278424105 -8.423569158451055
24.819586646174873 5.559564618750005 -5.9438251935078315
25.93610077701277 4.224236580638877 -6.928860840717404
20.97952219091656 10.61987088005498 -13.871037883114102
20.839260100252364 4.921288992452595 -16.936169990578783
24.592637816147086 0.7931308945812434 -13.656076964336627
24.819586646174873 10.013630076396431 -8.696589034450176
27.052614907850664 3.940370766766015 -8.563735880392791
-22.615846839481996 -17.654840512498552 -3.667149166353466
-21.615846839482 -17.329920816265645 -1.9658475496493861
-20.615846839482 -15.95353889579447 -0.9143853254111193
-19.997812850732103 -14.051425863204164 -0.9143853254111203
-21.615846839481993 -11.824393134380953 -5.3684507830575505
-22.615846839481993 -13.200775054852127 -6.4199130072958175
-23.23388082823189 -15.102888087442434 -6.419913007295816
-23.23388082823189 -16.804189704146516 -5.368450783057547
-23.06306043498196 -17.509532006897476 1.547761504329082
-21.786667232731936 -17.27441790598049 0.02607107825683741
-22.33945363723198 -11.589279033463958 3.069451930401323
-23.510274030481916 -12.910158043649973 4.009908334069281
-24.128308019231813 -14.812271076240282 4.009908334069282
-23.957487625981877 -16.56907560322952 3.0694519304013257
-26.29912841248174 -13.055466549251056 -7.360369410963779
-24.404701221481826 -13.671003256686106 -7.180758220331942
-24.95748762598187 -7.985864384169573 -4.1373773681874555
-26.7463420079817 -8.456092586003553 -4.89822258122358
-27.7463420079817 -9.832474506474728 -5.949684805461848
-27.575521614731763 -11.589279033463963 -6.890141209129801
-27.29912841248175 -12.73054685301814 4.30052534527142
-25.404701221481837 -13.34608356045319 4.480136535903258
-25.40470122148183 -7.840555878568497 1.0775333024950928
-27.299128412481746 -8.276481395371713 1.54776150432907
-28.469948805731686 -9.597360405557732 2.488217907997026
-28.469948805731686 -11.298662022261812 3.539680132235296
-29.91716240123164 -9.127132203723754 -2.9063039533173587
-28.640769198981616 -8.89201810280677 -4.427994379389602
-29.08798279448158 -8.74670959720569 0.7869162912929459
-30.087982794481576 -9.071629293438598 -0.9143853254111344
-24.957487625981877 -17.94545752370069 2.017989706163059
-24.40470122148183 -18.125068714332535 -4.427994379389592
-28.193555603481656 -13.49139206605427 -6.890141209129802
-29.087982794481583 -13.20077505485212 3.539680132235296
-31.087982794481576 -10.448011213909774 -1.9658475496494017
9.955251328866606 -23.6485575152804 -4.472396707617714
9.747186283916557 -22.632016590308837 -2.7626150008118757
8.439709576066669 -21.642917813361876 -1.6171071362068121
6.532232868216782 -21.059063299002315 -1.4734181837013445
3.990592081716909 -22.7757055428143 -5.717191196500121
5.298068789566796 -23.76480431976126 -6.862699061105184
7.205545497416683 -24.348658834120823 -7.0063880136106516
8.984430935616667 -24.3042565058927 -6.093373757967304
10.231644531116622 -24.02898012179847 0.7425139630648359
9.852759092916642 -22.77732509590991 -0.7706963729056517
4.437805677216864 -23.39124225024936 2.7207115169587563
5.850855194066835 -24.52564953279739 3.567122280259916
7.758331901916722 -25.109504047156953 3.4234333277544495
9.431644531116621 -24.919793213327754 2.3445289554915725
5.148362958116877 -27.462264609422444 -7.745032062532715
5.740297913166831 -25.554910592921587 -7.637265348153613
0.3253444974670563 -26.168827747261037 -4.145857458289205
0.7675736210670898 -27.958934020421363 -4.920423745337635
2.0750503289169777 -28.948032797368324 -6.065931609942699
3.748362958116877 -28.758321963539128 -7.144835982205575
5.766396946866768 -28.31291541777449 3.915862693702487
6.3583319019167215 -26.405561401273637 4.023629408081589
0.6017376997170754 -26.5492503537791 1.0690532123933447
1.109214407566962 -28.429162222255346 1.5255603402150169
2.522263924416933 -29.563569504803382 2.371971103516178
4.301149362616915 -29.519167176575255 3.284985359159527
11.181350362566544 -27.69899826343504 0.4244548038380793
10.739121238966511 -25.908891990274714 1.1990210908865089
10.39748045246664 -25.43866378844073 -5.246962994666143
10.904957160316526 -27.318575656916977 -4.7904558668444714
11.283842598516504 -28.570230682805537 -3.2772455308739827
11.38941540751659 -28.71553918840661 -1.2853269029677588
1.2750503289169774 -29.83884588889761 -4.463916617515962
1.5514435311669965 -30.219268495415676 0.7509940531665877
5.655839665966765 -29.34217647789869 -7.2885249347110435
10.313022205266568 -29.22592967341783 -4.898222581223573
6.208626070466801 -30.103021690934817 3.1412964066540576
10.58941540751659 -29.606352279935898 0.316688089458977
19.67020540803867 6.25804129670773 15.1055200908391
18.510347907518977 7.533712304416532 14.09191560259952
17.323702731348984 7.721051015430546 12.492922971838487
16.563528004239522 6.748500409551012 10.919303035746104
18.37008581685479 1.8351304168141462 11.026783495134847
19.556730993024782 1.6477917058001337 12.62577612589588
20.316905720134244 2.6203423116796682 14.199396061988267
20.360249089816037 4.381300958786072 15.146573973199148
19.67020540803866 10.712106754354156 12.352756249896748
18.510347907518973 9.235013921120611 13.040453378361253
18.37008581685478 9.041959715402918 6.57271803748841
19.556730993024768 10.555922621092982 7.120248444011175
20.31690572013423 11.528473226972519 8.69386838010356
20.360249089816026 11.588130257374843 10.692508515552712
23.2833210332692 0.8853667688804245 12.567717168674235
21.433419850972143 1.2850142735685406 13.214360414778694
21.29315776030795 1.091960067850846 6.74662507390585
23.169846618255306 0.729182635619253 7.335209362788663
24.3564917944253 0.5418439246052396 8.934201993549697
24.399835164107095 0.6015009550075643 10.93284212899885
23.283321033269186 10.844959908411543 6.412350094323716
21.43341985097213 11.244607413099658 7.058993340428172
21.293157760307942 5.546025525497272 3.993861232963498
23.1698466182553 6.234710317503945 3.9326061293804955
24.35649179442529 7.748673223194011 4.480136535903261
24.39983516410708 9.509631870300414 5.427314447114143
26.206392976722356 2.8949602608594702 6.586257130741156
25.046535476202664 1.4178674276259278 7.273954259205661
25.046535476202656 5.8719328852723525 4.521190418263308
26.206392976722352 4.596261877563549 5.534794906502888
21.54689426598602 11.400791546360832 12.291501146313745
21.54689426598603 5.895263864476137 15.694104379721914
25.160009891216557 1.5740515608870984 12.506462065091233
25.160009891216543 10.482182476179949 7.000934383206529
27.393038152892345 4.4089231665495365 7.133787537263922
-22.615846839481982 4.61548677573359 -17.430968371065216
-21.615846839481982 5.991868696204763 -16.379506146826948
-20.615846839481982 6.316788392437667 -14.678204530122866
-19.99781285073209 5.466137584085627 -12.976902913418789
-21.615846839481982 0.4863410143200664 -12.976902913418789
-22.615846839481982 0.16142131808716087 -14.67820453012287
-23.233880828231875 1.0120721264392016 -16.379506146826948
-23.233880828231875 2.713373743143282 -17.430968371065216
-23.06306043498194 9.214860738981088 -14.968821541325013
-21.78666723273192 7.748673223193997 -15.439049743158991
-22.339453637231962 7.928284413825828 -8.99306565760634
-23.5102740304819 9.360169244582156 -9.753910870642464
-24.128308019231792 10.2108200529342 -11.455212487346545
-23.957487625981855 10.155317142649043 -13.447131115252766
-26.299128412481732 -0.744732400550034 -14.968821541325015
-24.404701221481815 -0.30880688374681675 -15.439049743158993
-24.95748762598186 -0.12919569311498513 -8.993065657606344
-26.746342007981692 -0.5994238949489636 -9.753910870642466
-27.746342007981692 -0.9243435911818683 -11.455212487346547
-27.575521614731755 -0.9798465014670237 -13.447131115252771
-27.299128412481732 9.539780435213991 -9.46329385944032
-25.404701221481815 9.975705952017208 -9.9335220612743
-25.40470122148182 4.470178270132513 -6.530918827866139
-27.299128412481732 5.085714977567563 -6.710530018497976
-28.46994880573167 6.517599808323892 -7.471375231534097
-28.46994880573167 8.218901425027973 -8.522837455772367
-29.91716240123163 1.4823003282731775 -9.463293859440324
-28.64076919898161 0.01611281248608787 -9.933522061274301
-29.087982794481565 4.615486775733585 -7.471375231534098
-30.087982794481565 3.2391048552624113 -8.522837455772365
-24.957487625981855 9.83039744641614 -15.148432731956849
-24.40470122148181 4.145258573899611 -18.19181358410134
-28.19355560348165 -0.12919569311498247 -15.14843273195685
-29.08798279448156 9.069552233380016 -10.224139072476447
-31.087982794481565 2.9141851590295063 -10.224139072476447
-9.80207009798253 -26.964594259563867 -3.667149166353467
-9.802070097982533 -25.9131320353256 -1.9658475496493863
-8.802070097982533 -24.536750114854424 -0.9143853254111184
-7.184036109232636 -23.361179610269478 -0.9143853254111185
-4.566002120482742 -24.211830418621513 -5.368450783057547
-5.566002120482741 -25.58821233909269 -6.419913007295815
-7.184036109232636 -26.763782843677635 -6.419913007295816
-8.802070097982531 -27.28951395579677 -5.368450783057548
-9.52567689573251 -27.34501686608193 1.5477615043290827
-9.696497288982446 -26.05844054092667 0.026071078256837632
-4.118788524982782 -24.82736712605657 3.0694519304013284
-5.013215715982696 -26.349057552128816 4.0099083340692845
-6.631249704732591 -27.524628056713762 4.009908334069285
-8.354856502482571 -27.905050663231826 3.0694519304013284
-4.2896089182327195 -29.046318482786003 -7.360369410963775
-5.460429311482656 -27.43482246139784 -7.1807582203319384
0.11727945251700866 -26.203749046527737 -4.137377368187448
0.22285226151709292 -28.050359168832887 -4.898222581223573
-0.7771477384829075 -29.426741089304063 -5.949684805461841
-2.5007545362328862 -29.807163695822126 -6.890141209129797
-3.671574929482821 -29.89696929113805 4.300525345271426
-4.8423953227327585 -28.285473269749886 4.480136535903262
0.3936726547670295 -26.5841716530458 1.077533302495102
0.5644930480169679 -28.52058737066687 1.5477615043290796
-0.329934142982947 -30.042277796739118 2.4882179079970363
-1.947968131732842 -30.568008908858253 3.539680132235304
0.5644930480169679 -31.273351211609217 -2.90630395331735
0.3936726547670295 -29.986774886453958 -4.427994379389594
0.6700658570170521 -30.36719749297202 0.786916291292955
0.670065857017053 -31.41865971721029 -0.9143853254111255
-9.249283693482486 -31.128042706008152 1.2571444931269362
-9.354856502482573 -29.281432583702998 2.0179897061630605
-9.696497288982444 -28.811204381869018 -4.427994379389591
-9.525676895732508 -30.74762009949009 -3.957766177555614
-9.354856502482573 -32.034196424645344 -2.4360757514833686
-9.249283693482484 -32.17950493024642 -0.44415712357714454
-4.118788524982781 -30.982734200407073 -6.890141209129799
-8.354856502482571 -32.35911612087825 -4.137377368187448
-3.5660021204827363 -31.7435794134432 3.5396801322353033
-8.07846330023255 -32.739538727396315 1.077533302495101
-0.3299341429829461 -32.795041637681464 -1.9658475496493935
9.955251328866591 6.575723210564298 -23.1520294817081
9.747186283916545 7.6503875377763 -21.478170013028635
8.439709576066658 8.23262249904026 -20.081206481539002
6.532232868216773 8.100034128591828 -19.494731475224167
3.9905920817168954 5.071993903555242 -22.92801596284814
5.298068789566782 4.489758942291282 -24.324979494337768
7.205545497416667 4.622347312739714 -24.911454500652606
8.98443093561665 5.419114763902202 -24.463427462932692
10.231644531116615 11.410211274728791 -21.16011085380189
9.852759092916633 9.496997660081453 -20.717324799992515
4.437805677216863 12.894359909579071 -19.70502392007183
5.850855194066832 14.158735070620265 -20.34114223852534
7.758331901916719 14.291323441068698 -20.927617244840178
9.431644531116618 13.241480769926032 -21.24043542015638
5.14836295811686 5.354130824655618 -28.026679829049833
5.740297913166815 4.597525656670377 -26.27249579401587
0.3253444974670465 7.994887906167996 -25.260194914095184
0.7675736210670792 8.102654620547092 -27.207711213773283
2.075050328916964 7.520419659283131 -28.604674745262916
3.748362958116862 6.470576988140466 -28.91749292057912
5.766396946866767 16.164374772538785 -23.57261437140343
6.358331901916719 15.407769604553547 -21.818430336369463
0.6017376997170718 12.829375970332487 -23.26827628618897
1.1092144075669577 14.078410504265769 -24.745564384033095
2.522263924416929 15.34278566530696 -25.381682702486604
4.301149362616913 16.13955311646945 -24.93365566476669
11.181350362566535 12.767012523041167 -24.584915251324112
10.7391212389665 12.659245808662073 -22.637398951646013
10.397480452466624 6.6834899249433946 -25.099545781386205
10.90495716031651 7.932524458876675 -26.57683387923033
11.283842598516495 9.845738073524013 -27.0196199330397
11.38941540751658 11.692348195829165 -26.25877472000358
1.275050328916966 9.351689154480374 -28.68499931161741
1.5514435311669903 14.186177218644865 -26.693080683711194
5.655839665966748 6.603165358588899 -29.503967926893957
10.313022205266552 8.689129626861916 -28.33101791426429
6.2086260704667975 16.27214148691788 -25.520130671081528
10.589415407516581 13.52361769102641 -26.339099286358074
-25.299128412481764 5.487337809340017 13.858495653030074
-24.128308019231824 6.808216819526035 12.918039249362115
-22.851914816981804 7.043330920443023 11.396348823289873
-21.957487625981884 6.102874516775066 9.87465839721763
-23.57552161473178 1.123077947009504 9.87465839721763
-24.851914816981804 0.8879638460925161 11.396348823289873
-25.74634200798172 1.8284202497604736 12.918039249362117
-25.917162401231657 3.58522477674971 13.858495653030074
-25.299128412481757 9.941403266986445 11.105731812087726
-24.128308019231824 8.509518436230115 11.866577025123851
-23.575521614731773 8.329907245598278 5.420592939571197
-24.851914816981797 9.796094761385369 5.8908211414051745
-25.746342007981713 10.736551165053328 7.412511567477418
-25.917162401231653 10.792054075338482 9.404430195383643
-28.53519638998155 -0.018189872544677854 11.105731812087726
-26.74634200798172 0.45203832928930066 11.866577025123851
-26.19355560348167 0.2724271386574646 5.4205929395712005
-28.087982794481587 -0.16349837814575263 5.8908211414051745
-29.36437599673161 -0.39861247906274055 7.41251156747742
-29.53519638998155 -0.34310956877758514 9.404430195383645
-28.53519638998154 9.941403266986441 4.950364737737212
-26.74634200798171 10.41163146882042 5.711209950773338
-26.193555603481666 4.72649259630389 2.66782909862885
-28.087982794481583 5.342029303738941 2.488217907997014
-29.364375996731603 6.808216819526032 2.9584461098309873
-29.53519638998154 8.565021346515268 3.8989025134989452
-31.153230378731436 1.883923160045628 4.950364737737216
-29.982409985481503 0.4520383292892989 5.711209950773339
-29.982409985481496 4.906103786935725 2.95844610983099
-31.153230378731436 3.585224776749708 3.898902513498947
-27.193555603481673 10.556939974421493 10.926120621455887
-27.19355560348168 5.051412292536801 14.32872385486405
-30.429623580981467 0.5973468348903737 10.92612062145589
-30.429623580981456 9.505477750183225 5.42059293957119
-32.429623580981456 3.350110675832718 5.42059293957119
11.378269789516407 -20.08268465720798 -17.430968371065212
12.378269789516409 -18.706302736736806 -16.379506146826945
12.378269789516409 -17.654840512498538 -14.678204530122864
11.378269789516409 -17.329920816265634 -12.976902913418783
7.142201812016618 -20.40760435344089 -12.976902913418781
7.142201812016619 -21.459066577679156 -14.678204530122862
8.14220181201662 -21.783986273912063 -16.37950614682694
9.760235800766512 -21.258255161792928 -17.43096837106521
15.89073096926622 -19.08672534325487 -14.968821541325013
14.10187658726639 -18.325880130218742 -15.439049743158987
14.443517373766266 -18.796108332052725 -8.993065657606337
16.167124171516242 -19.46714794977293 -9.753910870642462
17.167124171516242 -19.792067646005837 -11.455212487346543
17.06155136251616 -19.646759140404765 -13.447131115252768
7.418595014266641 -25.242092417605377 -14.968821541325006
7.247774621016703 -23.30567669998431 -15.439049743158982
7.58941540751658 -23.77590490181829 -8.993065657606333
7.6949882165166645 -25.622515024123445 -9.753910870642457
7.6949882165166645 -26.67397724836171 -11.455212487346538
7.5894154075165785 -26.528668742760637 -13.44713111525276
17.50876495801612 -23.015059688782163 -9.46329385944032
17.337944564766183 -21.078643971161092 -9.9335220612743
12.101876587266394 -22.77994558786518 -6.530918827866132
13.272696980516333 -24.39144160925334 -6.710530018497969
14.99630377826631 -25.062481226973546 -7.471375231534093
16.614337767016206 -24.53675011485441 -8.522837455772365
10.654662991766434 -27.994856258547728 -9.463293859440315
8.865808609766603 -27.234011045511604 -9.933522061274294
13.378269789516413 -26.238051731558492 -7.471375231534093
12.378269789516416 -27.614433652029664 -8.522837455772361
17.06155136251616 -20.69822136464303 -15.148432731956849
11.483842598516492 -21.929294779513132 -18.191813584101336
8.58941540751658 -26.85358843899354 -15.148432731956843
17.614337767016202 -24.861669811087314 -10.224139072476444
12.378269789516413 -28.665895876267932 -10.22413907247644
-9.802070097982535 8.77893522217785 -25.757865263953764
-9.802070097982536 9.83039744641612 -24.056563647249686
-8.802070097982533 10.155317142649029 -22.355262030545607
-7.184036109232638 9.629586030529897 -21.30379980630734
-4.566002120482747 6.026171381235503 -24.056563647249682
-5.566002120482748 5.701251685002595 -25.75786526395376
-7.184036109232643 6.2269827971217255 -26.80932748819203
-8.802070097982538 7.402553301706672 -26.80932748819203
-9.525676895732513 13.613423286342341 -23.765946636047552
-9.69649728898245 11.677007568721274 -23.29571843421357
-4.118788524982785 13.848537387259334 -20.833571604473374
-5.0132157159827 15.37022781333158 -21.774028008141332
-6.631249704732595 15.895958925450712 -22.8254902323796
-8.354856502482574 15.224919307730506 -23.58633544541572
-4.289608918232729 6.4065939877535545 -29.27147431793223
-5.460429311482665 5.846560190603663 -27.749783891859984
0.11727945251700067 8.018090009141725 -25.28763706211979
0.22285226151708404 8.163398514742793 -27.27955569002601
-0.7771477384829168 7.838478818509882 -28.980857306730094
-2.5007545362328965 7.1674392007896754 -29.741702519766214
-3.6715749294828273 17.216837935636722 -24.817408860285827
-4.842395322732764 16.656804138486834 -23.29571843421358
0.3936726547670242 12.852578073306216 -23.295718434213576
0.5644930480169617 14.13915439846147 -24.817408860285823
-0.32993414298295587 15.660844824533712 -25.757865263953782
-1.9479681317328499 16.83641532911866 -25.757865263953782
0.5644930480169572 11.386390557519114 -29.271474317932242
0.3936726547670206 9.449974839898045 -28.801246116098262
0.6700658570170432 14.284462904062538 -26.809327488192046
0.6700658570170424 13.233000679824267 -28.510629104896125
-9.249283693482495 15.045308117098664 -27.279555690026022
-9.354856502482576 14.899999611497595 -25.2876370621198
-9.696497288982455 8.924243727778917 -27.749783891859988
-9.52567689573252 10.21082005293417 -29.27147431793224
-9.35485650248258 12.14723577055524 -29.741702519766218
-9.249283693482495 13.993845892860392 -28.9808573067301
-4.118788524982792 7.693170312908808 -30.79316474400448
-8.35485650248258 10.77085385008406 -30.793164744004486
-3.5660021204827457 17.36214644123779 -26.80932748819205
-8.078463300232556 15.605341914248555 -28.80124611609827
-0.32993414298295853 12.908080983591358 -30.211930721600204
10.940203248920085 7.931393225859297 22.265861498128615
10.658442864743638 8.904624620537092 20.5414973433393
9.290933610299998 9.404231870029568 19.17025300505908
7.360017540856608 9.23938198605645 18.675897213630137
4.973387973531014 6.424696400561542 22.390456706783148
6.340897227974653 5.925089151069063 23.761701045063372
8.271813297418042 6.089939035042181 24.256056836492316
10.028591872757161 6.856278999844639 23.684696971279482
11.12380870926608 12.63816991962574 19.97917173890308
10.728573910075738 10.702453340100018 19.66805957704146
5.270467848890907 14.040421068531497 18.690514954629922
6.7081081486666445 15.338642538601949 19.188321526612306
8.639024218110036 15.503492422575066 19.68267731804125
10.325671748117054 14.472003667814597 19.984755219126257
6.35054957461489 7.008798748635919 27.40829072520911
6.86692615158747 6.148196395124854 25.678343090196623
1.4088200904026404 9.486164123556337 24.70079846778508
1.934849014015457 9.709271367612129 26.617440512918336
3.3023582684590957 9.209664118119651 27.988684851198556
4.989005798466114 8.178175363359182 28.290762752283563
6.761103864988681 17.533471390809396 22.295096980128193
7.277480441961259 16.67286903729833 20.565149345115703
1.5924255507486365 14.19294081732278 22.41410870855955
2.1617978440432513 15.527167316019161 23.790936527062946
3.599438143818989 16.82538878608961 24.28874309904533
5.356216719158109 17.591728750892067 23.717383233832496
12.219209926173512 14.195503662377913 23.272641602539732
11.693181002560696 13.972396418322122 21.35599955740648
11.466232172532902 8.154500469915087 24.182503543261866
12.035604465827515 9.48872696861147 25.559331361765263
12.430839265017859 11.42444354813719 25.870443523626882
12.500970310349956 13.222272267700118 24.997005757329045
2.504221307310072 11.043497866308508 27.994268331421733
2.687826767656068 15.750274560074953 25.707578572196198
6.919921867909505 8.3430252473323 28.785118543712507
11.519227888854935 10.349329322122534 27.289278996777753
7.2871327886014985 17.756578634865186 24.21173902526144
11.702833349200931 15.056106015888977 25.00258923755222
13.036629003016548 -22.365220296316345 13.8584956530301
13.931056194016465 -20.8435298702441 12.918039249362142
13.760235800766528 -19.556953545088845 11.396348823289895
12.589415407516594 -18.99691974793895 9.874658397217651
8.353347430016802 -22.074603285114208 9.874658397217653
8.524167823266739 -23.361179610269463 11.396348823289898
9.694988216516675 -23.92121340741936 12.918039249362144
11.418595014266653 -23.54079080090129 13.8584956530301
17.27269698051634 -20.988838375845173 11.105731812087754
15.549090182766362 -20.317798758124965 11.866577025123876
15.20744939626649 -19.847570556290993 5.420592939571224
16.996303778266324 -20.608415769327117 5.890821141405202
18.167124171516257 -21.16844956647701 7.412511567477448
18.272696980516344 -21.31375807207808 9.404430195383673
8.800561025516762 -27.144205450195685 11.105731812087758
8.694988216516673 -25.29759532789053 11.866577025123878
8.353347430016806 -24.827367126056558 5.420592939571227
8.524167823266744 -26.763782843677628 5.8908211414052065
8.69498821651668 -28.050359168832884 7.412511567477454
8.800561025516764 -28.195667674433952 9.404430195383677
18.272696980516347 -24.06652191302043 4.950364737737249
18.16712417151626 -22.219911790715276 5.7112099507733705
12.589415407516597 -23.450985205585386 2.6678290986288795
13.760235800766536 -25.062481226973546 2.488217907997046
15.549090182766367 -25.82332644000967 2.9584461098310246
17.272696980516347 -25.442903833491606 3.8989025134989834
11.41859501426666 -29.046318482785995 4.950364737737251
9.69498821651668 -28.375278865065788 5.711209950773375
13.931056194016472 -26.998896944594616 2.9584461098310273
13.036629003016557 -28.52058737066686 3.8989025134989843
18.44351737376628 -22.600334397233336 10.926120621455919
13.207449396266487 -24.301636013937415 14.32872385486408
9.9713814187667 -28.755701471583848 10.926120621455924
18.44351737376628 -26.002937630641497 5.420592939571229
13.207449396266492 -29.80716369582212 5.420592939571231
-15.826992457482131 -20.082684657207974 -17.43096837106522
-16.826992457482135 -18.706302736736802 -16.379506146826955
-16.826992457482138 -17.654840512498538 -14.67820453012287
-15.826992457482142 -17.329920816265634 -12.97690291341879
-11.590924479982347 -20.40760435344088 -12.976902913418787
-11.590924479982347 -21.459066577679145 -14.67820453012287
-12.590924479982341 -21.783986273912053 -16.379506146826948
-14.208958468732236 -21.258255161792917 -17.43096837106522
-20.339453637231948 -19.08672534325487 -14.968821541325022
-18.550599255232115 -18.325880130218746 -15.439049743158996
-18.892240041732 -18.796108332052732 -8.993065657606346
-20.615846839481975 -19.46714794977294 -9.753910870642475
-21.615846839481975 -19.792067646005844 -11.455212487346556
-21.510274030481888 -19.646759140404768 -13.44713111525278
-11.867317682232361 -25.242092417605367 -14.968821541325019
-11.696497288982425 -23.305676699984296 -15.439049743158993
-12.038138075482308 -23.775904901818286 -8.993065657606342
-12.14371088448239 -25.622515024123437 -9.753910870642468
-12.143710884482386 -26.6739772483617 -11.45521248734655
-12.038138075482298 -26.528668742760626 -13.447131115252775
-21.957487625981848 -23.01505968878217 -9.463293859440334
-21.78666723273191 -21.078643971161103 -9.933522061274314
-16.55059925523212 -22.779945587865182 -6.530918827866145
-17.72141964848206 -24.391441609253345 -6.710530018497985
-19.44502644623204 -25.06248122697355 -7.471375231534109
-21.06306043498193 -24.536750114854417 -8.52283745577238
-15.103385659732156 -27.994856258547728 -9.46329385944033
-13.314531277732325 -27.2340110455116 -9.933522061274308
-17.82699245748214 -26.238051731558496 -7.471375231534109
-16.826992457482138 -27.614433652029668 -8.522837455772377
-21.51027403048188 -20.698221364643032 -15.148432731956863
-15.932565266482213 -21.929294779513125 -18.191813584101347
-13.038138075482298 -26.85358843899353 -15.14843273195686
-22.063060434981924 -24.861669811087324 -10.224139072476461
-16.826992457482135 -28.665895876267932 -10.224139072476458
11.378269789516395 -6.609482463698427 -25.75786526395377
12.378269789516398 -6.284562767465519 -24.056563647249696
12.378269789516404 -5.233100543227253 -22.355262030545614
11.378269789516404 -3.8567186227560764 -21.303799806307346
7.1422018120166095 -2.4803367022849008 -24.056563647249686
7.142201812016608 -3.531798926523169 -25.757865263953764
8.142201812016605 -4.908180846994344 -26.809327488192036
9.760235800766498 -6.083751351579291 -26.809327488192036
15.89073096926621 -4.852677936709193 -23.765946636047556
14.101876587266382 -5.613523149745314 -23.295718434213573
14.443517373766262 0.3622327339733602 -20.833571604473374
16.16712417151624 -0.018189872544702612 -21.774028008141332
17.167124171516235 -1.394571793015878 -22.8254902323796
17.06155136251615 -3.2411819153210306 -23.586335445415724
7.418595014266622 -2.099914095766841 -29.27147431793224
7.2477746210166885 -3.386490420922098 -27.74978389185999
7.5894154075165705 2.589265462796578 -25.287637062119792
7.69498821651665 2.734573968397649 -27.279555690026015
7.694988216516647 1.683111744159381 -28.980857306730094
7.589415407516561 -0.1634983781457715 -29.741702519766218
17.50876495801611 1.828420249760447 -24.817408860285827
17.337944564766172 0.5418439246051916 -23.29571843421358
12.101876587266386 4.34606998978581 -23.295718434213576
13.272696980516319 4.906103786935704 -24.817408860285823
14.996303778266297 4.525681180417641 -25.757865263953782
16.614337767016192 3.3501106758326937 -25.757865263953782
10.654662991766417 4.055452978583665 -29.271474317932245
8.865808609766585 3.2946077655475436 -28.801246116098262
13.378269789516398 5.051412292536776 -26.809327488192046
12.378269789516397 4.72649259630387 -28.510629104896125
17.167124171516225 -4.147335633958226 -27.279555690026026
17.061551362516145 -4.2926441395592985 -25.287637062119803
11.483842598516476 -6.464173958097353 -27.749783891859998
12.65466299176641 -5.90414016094746 -29.271474317932245
14.443517373766241 -5.143294947911338 -29.741702519766225
16.167124171516225 -4.472255330191134 -28.980857306730105
8.589415407516556 -1.5398802986169469 -30.793164744004486
12.825483385016346 -4.617563835792204 -30.79316474400449
17.61433776701619 1.9737287553615186 -26.80932748819205
17.33794456476616 -2.860759308802972 -28.801246116098273
12.378269789516395 3.675030372065601 -30.211930721600204
-8.688539209639067 10.311579004780006 25.589031431996382
-8.763588618490541 11.259744579533061 23.82967085807066
-7.838638027342012 11.481367626280752 22.070310284144934
-6.266987124097913 10.891795673855775 20.982965650992313
-3.52752064099075 7.455518514352445 23.829670858070653
-4.452471232139278 7.23389546760475 25.58903143199638
-6.024122135383376 7.823467420029729 26.676376065149
-7.642156124133272 8.999037924614676 26.676376065149004
-8.504933749293077 15.018355698546449 23.30234167277085
-8.69345757315844 13.057573299095987 22.95623309177282
-3.2304407656308616 15.071243182322403 20.129729105917427
-4.085260311447291 16.647448855137636 21.015651913545312
-5.656911214691389 17.237020807562615 22.102996546697934
-7.345076248773383 16.614762592584636 22.976434312995778
-3.0260007830787474 8.14580137953979 28.995752086927535
-4.260907692449912 7.497560060254655 27.562298872776882
1.2021091150776684 9.511229943481073 24.735794886921493
1.3936726547670357 9.774894536130978 26.709062327701997
0.4687220636185079 9.553271489383281 28.468422901627722
-1.2194429704634855 8.931013274405304 29.341860667925566
-2.615446492704964 18.670474021713268 23.882558341846618
-3.850353402076129 18.022232702428134 22.449105127695965
1.3857145754236617 14.218006637247516 22.449105127695958
1.6206214847948255 15.592790484538012 23.88255834184661
0.7658019389783961 17.16899615735324 24.7684811494745
-0.8522320497714997 18.344566661938188 24.7684811494745
1.8171033880035656 13.110460782871934 28.48862412285068
1.6285795641381986 11.149678383421472 28.14251554185265
1.812185024484192 15.856455077187915 25.855825782627115
1.8872344333356645 14.90828950243486 27.61518635655284
-8.078463300232546 16.656804138486848 26.70906232770201
-8.270026839921911 16.393139545836945 24.735794886921504
-8.496975669949702 10.575243597429909 27.56229887277689
-8.262068760578536 11.950027444720405 28.995752086927542
-8.07354493671317 13.910809844170867 29.341860667925573
-8.003413891381074 15.708638563733793 28.468422901627733
-2.791093873707584 9.520585226830285 30.429205301078184
-7.027161851207374 12.598268764005539 30.42920530107819
-2.423882953015598 18.93413861436317 25.85582578262712
-6.843556390861381 17.305045457771982 28.14251554185266
0.9622838421871363 14.686666455687167 29.374546930478566
-17.48535167098229 -22.365220296316387 13.858495653030076
-18.379778861982203 -20.84352987024414 12.918039249362119
-18.208958468732266 -19.55695354508888 11.396348823289873
-17.038138075482326 -18.996919747938986 9.874658397217633
-12.802070097982536 -22.07460328511424 9.874658397217633
-12.972890491232477 -23.3611796102695 11.396348823289877
-14.143710884482415 -23.921213407419394 12.918039249362119
-15.867317682232393 -23.540790800901334 13.858495653030076
-21.721419648482076 -20.988838375845212 11.105731812087727
-19.997812850732096 -20.317798758125008 11.866577025123853
-19.656172064232223 -19.84757055629102 5.420592939571202
-21.445026446232053 -20.608415769327145 5.890821141405176
-22.61584683948199 -21.16844956647704 7.412511567477423
-22.721419648482076 -21.313758072078116 9.404430195383645
-13.2492836934825 -27.144205450195717 11.105731812087727
-13.143710884482413 -25.297595327890566 11.866577025123853
-12.802070097982536 -24.827367126056583 5.420592939571202
-12.972890491232475 -26.763782843677653 5.89082114140518
-13.14371088448241 -28.05035916883291 7.412511567477422
-13.249283693482496 -28.195667674433984 9.404430195383647
-22.721419648482073 -24.06652191302046 4.950364737737217
-22.61584683948199 -22.219911790715308 5.711209950773341
-17.038138075482326 -23.450985205585408 2.6678290986288546
-18.208958468732263 -25.06248122697357 2.488217907997017
-19.997812850732092 -25.82332644000969 2.9584461098309918
-21.721419648482073 -25.44290383349163 3.898902513498949
-15.867317682232388 -29.04631848278602 4.950364737737217
-14.14371088448241 -28.375278865065813 5.711209950773342
-18.3797788619822 -26.998896944594637 2.9584461098309927
-17.485351670982283 -28.520587370666885 3.898902513498949
-22.892240041732013 -22.60033439723337 10.92612062145589
-17.656172064232226 -24.301636013937458 14.328723854864052
-14.420104086732437 -28.75570147158388 10.92612062145589
-22.89224004173201 -26.002937630641526 5.420592939571192
-17.656172064232223 -29.80716369582214 5.4205929395711925
13.036629003016559 22.39744592128851 -13.806353496516449
13.931056194016474 20.875755495216264 -12.865897092848492
13.760235800766534 18.939339777595197 -12.39566889101451
12.589415407516595 17.327843756207038 -12.575280081646344
8.353347430016807 18.704225676678213 -15.328043922588693
8.524167823266747 20.64064139429928 -15.798272124422674
9.694988216516684 22.252137415687443 -15.61866093379084
11.418595014266664 22.923177033407647 -14.857815720754717
17.272696980516347 19.319762384113254 -13.806353496516447
15.549090182766367 19.700184990631318 -12.865897092848488
15.207449396266487 13.724429106912645 -15.328043922588687
16.996303778266316 14.485274319948765 -15.798272124422667
18.167124171516257 16.096770341336928 -15.618660933790833
18.272696980516344 17.94338046364208 -14.857815720754711
8.80056102551677 22.072526225055608 -19.311881178401144
8.694988216516684 21.927217719454536 -17.319962550494918
8.353347430016804 15.951461835735863 -19.782109380235116
8.524167823266744 17.238038160891115 -21.303799806307364
8.69498821651668 19.174453878512185 -21.774028008141343
8.80056102551677 21.021064000817336 -21.013182795105223
18.272696980516344 15.190616622699727 -19.311881178401137
18.167124171516257 15.045308117098656 -17.31996255049491
12.58941540751659 12.873778298560605 -19.782109380235113
13.760235800766528 13.433812095710495 -21.30379980630736
15.549090182766362 14.194657308746617 -21.77402800814134
17.27269698051634 14.865696926466821 -21.013182795105216
11.418595014266659 17.417649351522947 -23.765946636047566
9.69498821651668 17.79807195804101 -22.82549023237961
13.931056194016469 14.720388420865753 -22.825490232379607
13.036629003016552 16.242078846937996 -23.765946636047566
18.443517373766284 19.87979618126315 -15.328043922588693
13.207449396266497 23.684022246443767 -15.328043922588696
9.97138141876671 22.6325600222055 -20.83357160447339
18.44351737376628 16.477192947854984 -20.833571604473384
13.207449396266492 18.178494564559067 -24.236174837881546
-15.826992457482183 -6.6094824636983915 -25.757865263953747
-16.826992457482177 -6.284562767465486 -24.056563647249664
-16.826992457482177 -5.233100543227222 -22.355262030545582
-15.826992457482175 -3.856718622756048 -21.303799806307318
-11.590924479982391 -2.4803367022848697 -24.05656364724967
-11.590924479982395 -3.531798926523136 -25.757865263953754
-12.590924479982395 -4.908180846994309 -26.809327488192018
-14.20895846873229 -6.083751351579258 -26.809327488192014
-20.33945363723199 -4.852677936709162 -23.76594663604751
-18.550599255232157 -5.6135231497452835 -23.295718434213537
-18.892240041732027 0.36223273397338707 -20.83357160447333
-20.61584683948201 -0.018189872544674635 -21.774028008141286
-21.61584683948201 -1.3945717930158485 -22.825490232379547
-21.510274030481927 -3.241181915321 -23.586335445415674
-11.867317682232423 -2.0999140957668048 -29.27147431793222
-11.696497288982481 -3.3864904209220628 -27.749783891859977
-12.038138075482355 2.5892654627966087 -25.28763706211977
-12.143710884482442 2.7345739683976817 -27.279555690025994
-12.143710884482445 1.6831117441594161 -28.980857306730076
-12.038138075482362 -0.16349837814573476 -29.7417025197662
-21.95748762598189 1.828420249760478 -24.81740886028577
-21.78666723273195 0.5418439246052213 -23.295718434213526
-16.55059925523216 4.346069989785839 -23.295718434213533
-17.7214196484821 4.906103786935736 -24.817408860285777
-19.44502644623208 4.525681180417672 -25.75786526395373
-21.063060434981978 3.3501106758327244 -25.75786526395373
-15.103385659732215 4.0554529785837 -29.27147431793221
-13.314531277732382 3.294607765547578 -28.801246116098234
-17.826992457482188 5.051412292536808 -26.809327488192
-16.82699245748219 4.726492596303904 -28.510629104896083
-21.615846839482018 -4.147335633958191 -27.279555690025976
-21.51027403048193 -4.292644139559266 -25.287637062119753
-15.932565266482271 -6.464173958097318 -27.74978389185997
-17.10338565973221 -5.9041401609474224 -29.271474317932213
-18.892240041732045 -5.143294947911301 -29.741702519766186
-20.615846839482018 -4.472255330191096 -28.98085730673006
-13.038138075482363 -1.5398802986169091 -30.793164744004464
-17.27420605298215 -4.617563835792165 -30.793164744004457
-22.063060434981978 1.9737287553615515 -26.809327488191993
-21.786667232731958 -2.8607593088029346 -28.80124611609822
-16.826992457482195 3.675030372065637 -30.211930721600165
12.491800677859862 -5.076838681096266 25.58903143199637
13.416751269008392 -4.855215634348573 23.82967085807065
13.341701860156922 -3.90705005959552 22.070310284144924
12.295318774651127 -2.5945089794301914 20.982965650992305
8.180683291508606 -1.0509895691679545 23.82967085807065
8.255732700360076 -1.9991551439210085 25.589031431996375
9.30211578586587 -3.311696224086337 26.676376065148993
10.920149774615764 -4.487266728671285 26.676376065148993
16.911474115705648 -3.4477455245050828 23.302341672770837
15.104916303090386 -4.232957419370596 22.956233091772805
15.331865133118182 1.5849385290364355 20.12972910591742
17.09507957605165 1.259031169261359 21.0156519135453
18.14146266155744 -0.053509910903969504 22.102996546697923
18.07133161622534 -1.8513386304668948 22.976434312995764
8.682203149420607 -0.3607067039806082 28.99575208692753
8.447296240049443 -1.7354905512711043 27.56229887277688
8.674245070077239 4.082405397135927 24.735794886921493
8.865808609766605 4.346069989785832 26.709062327701997
8.940858018618075 3.397904415032778 28.468422901627722
8.870726973285972 1.6000756954698532 29.341860667925562
18.564893394793977 3.2820563358369874 23.882558341846604
18.329986485422815 1.9072724885464922 22.44910512769595
13.093918507923025 5.711498553727111 22.449105127695955
14.328825417294189 6.359739873012245 23.882558341846607
16.092039860227654 6.033832513237169 24.76848114947449
17.710073848977544 4.85826200865222 24.76848114947449
11.90727333175303 5.7795232039364794 28.488624122850677
10.100715519137768 4.994311309070966 28.142515541852646
14.520388956983554 6.62340446566215 25.85582578262711
13.595438365835024 6.401781418914457 27.615186356552837
18.33794456476618 -2.5358396125700433 26.709062327701993
18.146381025076813 -2.799504205219949 24.735794886921486
12.68336421754923 -4.81317408844636 27.562298872776875
13.918271126920391 -4.1649327691612275 28.995752086927528
15.724828939535653 -3.3797208742957134 29.34186066792556
17.41299397361765 -2.7574626593177367 28.46842290162772
9.917110058791769 0.28753461530452473 30.42920530107818
14.153178036291557 -2.790148921870733 30.42920530107818
18.756456934483342 3.545720928486892 25.85582578262711
18.572851474137344 -1.16105576527955 28.142515541852642
13.670487774686498 5.453615844161403 29.374546930478562
-17.485351670982322 22.39744592128851 -13.806353496516397
-18.37977886198223 20.875755495216264 -12.865897092848439
-18.208958468732295 18.939339777595194 -12.39566889101446
-17.03813807548235 17.327843756207038 -12.575280081646296
-12.802070097982565 18.70422567667822 -15.328043922588648
-12.972890491232508 20.640641394299287 -15.798272124422628
-14.143710884482449 22.252137415687447 -15.618660933790792
-15.867317682232427 22.92317703340765 -14.857815720754665
-21.721419648482104 19.31976238411325 -13.80635349651639
-19.997812850732124 19.700184990631318 -12.865897092848435
-19.656172064232244 13.724429106912645 -15.328043922588641
-21.445026446232077 14.485274319948761 -15.798272124422613
-22.615846839482018 16.096770341336924 -15.61866093379078
-22.721419648482104 17.943380463642075 -14.857815720754656
-13.249283693482536 22.072526225055615 -19.311881178401094
-13.143710884482449 21.927217719454543 -17.31996255049487
-12.802070097982565 15.951461835735874 -19.782109380235077
-12.972890491232508 17.23803816089113 -21.30379980630732
-13.143710884482449 19.174453878512196 -21.774028008141297
-13.249283693482536 21.021064000817347 -21.013182795105177
-22.721419648482104 15.190616622699729 -19.311881178401084
-22.615846839482018 15.04530811709866 -17.31996255049486
-17.03813807548235 12.87377829856061 -19.78210938023507
-18.20895846873229 13.433812095710504 -21.303799806307314
-19.997812850732128 14.194657308746624 -21.77402800814129
-21.721419648482104 14.865696926466825 -21.013182795105166
-15.867317682232425 17.417649351522957 -23.76594663604752
-14.143710884482449 17.79807195804102 -22.825490232379565
-18.37977886198223 14.720388420865762 -22.825490232379558
-17.485351670982322 16.242078846938007 -23.765946636047516
-22.892240041732045 19.879796181263146 -15.328043922588634
-17.656172064232262 23.684022246443767 -15.328043922588641
-14.420104086732476 22.63256002220551 -20.83357160447334
-22.892240041732045 16.477192947854984 -20.83357160447333
-17.656172064232262 18.178494564559074 -24.236174837881496
13.593433439935836 23.16382148150238 11.868892876643143
14.44825298575227 21.587615808687147 10.98297006901526
14.259729161886902 19.626833409236685 10.636861488017232
13.09987166136721 18.030426515198496 10.962768847792308
8.985236178224689 19.573945925460734 13.809474054870655
9.173760002090056 21.534728324911196 14.155582635868683
10.333617502609744 23.131135218949385 13.829675276093607
12.021782536691738 23.75339343392736 12.956237509795764
17.829501417435626 20.086137944327128 11.868892876643145
16.066286974502162 20.4120453041022 10.98297006901526
15.839338144474375 14.594149355695173 13.809474054870655
17.645895957089635 15.37936125056069 14.155582635868683
18.805753457609324 16.97576814459888 13.829675276093607
18.875884502941425 18.7735968641618 12.956237509795764
9.600230451150583 23.1731767648516 17.562303290799836
9.408666911461216 22.909512172201694 15.589035850019332
9.181718081433429 17.091616223794666 18.41553983587473
9.416624990804593 18.46640007108516 19.848993050025378
9.605148814669958 20.427182470535627 20.195101631023405
9.675279860002055 22.22501119009855 19.321663864725565
19.072366406150167 16.291267162495732 17.56230329079984
18.880802866460797 16.027602569845826 15.589035850019334
13.41778605893322 14.013932686619412 18.41553983587473
14.652692968304383 14.662174005904548 19.848993050025378
16.459250780919643 15.447385900770065 20.19510163102341
18.147415815001636 16.06964411574804 19.321663864725565
12.41474634310922 18.788734030595222 22.16836907180391
10.651531900175755 19.1146413903703 21.282446264176027
14.887599877675544 16.036957853195048 21.282446264176027
14.032780331859115 17.61316352601028 22.16836907180391
19.299315236177954 22.109163110902763 14.735799304944443
19.064408326806788 20.734379263612265 13.302346090793792
13.828340349306998 24.53860532879288 13.30234609079379
15.06324725867816 25.186846648078017 14.735799304944443
16.826461701611624 24.86093928830294 15.621722112572325
18.44449569036152 23.685368783717994 15.621722112572325
10.835137360521747 23.821418084136738 18.99575650495049
15.254810798367528 25.450511240727923 16.709066745724947
19.30727331552133 17.66605100978623 18.99575650495049
19.49087877586732 22.37282770355267 16.709066745724947
14.221304155724482 19.57394592546074 22.51447765280194
-1.3951817272328295 -17.094806715348653 -25.75786526395375
-0.777147738482932 -17.945457523700693 -24.05656364724967
0.22285226151706894 -17.620537827467786 -22.355262030545596
1.2228522615170716 -16.24415590699661 -21.303799806307328
1.2228522615170703 -11.790090449350183 -24.05656364724968
0.22285226151706805 -12.115010145583092 -25.757865263953757
-0.7771477384829337 -13.491392066054264 -26.80932748819202
-1.3951817272328304 -15.393505098644573 -26.809327488192018
1.6700658570170233 -20.84352987024411 -23.76594663604753
0.39367265476700375 -19.37734235445702 -23.295718434213548
6.182527036766839 -17.855651928384777 -20.833571604473356
6.353347430016774 -19.61245645537401 -21.77402800814131
5.353347430016772 -20.988838375845184 -22.825490232379575
3.5644930480169394 -21.45906657767916 -23.586335445415695
1.6700658570170206 -11.935398954951257 -29.271474317932228
0.3936726547670011 -12.170513055868248 -27.74978389185998
6.182527036766837 -10.648822629796001 -25.287637062119785
6.353347430016771 -10.704325540081157 -27.279555690026008
5.353347430016769 -11.029245236314063 -28.980857306730087
3.564493048016936 -11.499473438148042 -29.74170251976621
8.524167823266705 -20.31779875812498 -24.817408860285802
7.247774621016687 -20.552912859041967 -23.29571843421356
9.24777462101669 -14.39754578469146 -23.295718434213562
10.142201812016603 -15.338002188359416 -24.81740886028581
10.313022205266538 -17.094806715348657 -25.757865263953764
9.694988216516643 -18.99691974793896 -25.757865263953764
2.73531344126687 -21.839489184197227 -27.279555690025997
2.564493048016937 -21.783986273912067 -25.287637062119778
-1.2243613339828947 -17.150309625633806 -27.749783891859977
-0.3299341429829816 -18.090766029301765 -29.271474317932224
0.946459059267037 -19.55695354508886 -29.7417025197662
2.1172794525169745 -20.988838375845184 -28.98085730673008
8.524167823266703 -13.110969459536207 -29.271474317932235
7.247774621016684 -11.644781943749113 -28.801246116098255
10.313022205266538 -15.393505098644575 -26.809327488192032
9.694988216516641 -14.542854290292535 -28.51062910489611
2.7353134412668676 -14.632659885608453 -31.73362114767243
2.5644930480169337 -12.875855358619216 -30.793164744004475
0.9464590592670361 -17.855651928384777 -30.79316474400447
2.1172794525169727 -16.534772918198758 -31.733621147672427
8.69498821651664 -20.373301668410132 -26.80932748819203
4.011706643516889 -21.604375083280235 -28.801246116098245
8.694988216516638 -14.867773986525442 -30.21193072160019
4.011706643516888 -16.098847401395542 -32.203849349506406
-14.68790701752753 -5.041665858272901 26.767397416654475
-15.761077778683628 -4.817457074802364 25.094664640980398
-15.8361271875351 -3.8692915000493135 23.335304067054672
-14.884388920736274 -2.5593361566068324 22.161331635650402
-10.53484652822259 -1.0267701028744844 24.641075600593627
-10.459797119371117 -1.9749356776275366 26.400436174519353
-11.411535386169945 -3.284891021070017 27.574408605923622
-13.02652965909584 -4.456277715751441 27.714575327865358
-19.28467861438557 -3.4009046650988246 24.871612234126697
-17.51688829016327 -4.190742066431699 24.37053913662321
-17.97257921045903 1.6280372751030028 21.57363073989526
-19.653340313087202 1.3065867087206164 22.6088658094638
-20.605078579886033 -0.0033686347218645496 23.782838240868067
-20.464262341332283 -1.8014703377739543 24.647130467166992
-10.58559382935821 -0.33577255763412817 29.83110016401315
-10.4791808635676 -1.7109981014884634 28.382849155298775
-10.934871783863358 4.107781240046238 25.58594075857083
-10.95425552805984 4.371718816185312 27.56835373935025
-10.879206119208366 3.42355324143226 29.327714313275976
-10.738389880654616 1.625451538380171 30.1920065395749
-20.864287596973053 3.33308100514677 25.591995625144193
-20.75787463118244 1.9578554612924353 24.14374461642982
-15.5316433807214 5.748542433220315 23.69015557604305
-16.63617769881664 6.399811185792134 25.22503438300907
-18.31693880144481 6.0783606194097475 26.26026945257761
-19.931933074370704 4.906973924728323 26.40043617451935
-13.826580170377378 5.812824970090006 29.60430564381976
-12.058789846155076 5.022987568757131 29.10323254631627
-16.65556144301312 6.663748761931206 27.207447363788496
-15.58239068185702 6.439539978460671 28.880180139462574
-20.40859667667729 -2.4856983363879324 28.388904021872143
-20.38921293248081 -2.7496359125270056 26.40649104109272
-14.70729076172401 -4.777728282133827 28.749810397433897
-15.811825079819249 -4.126459529562008 30.284689204399918
-17.57961540404155 -3.3366221282291333 30.785762301903407
-19.335425915521192 -2.709907119858468 30.06163679754622
-11.690128147453446 0.3154961949376893 31.36597897097917
-15.91823804560986 -2.7512339857076746 31.73294021311429
-20.88367134116953 3.597018581285843 27.57440860592362
-20.515009642467902 -1.1104727925335984 29.837155030586512
-15.507341273005549 5.491374403707619 30.6395407133883
26.704507710765668 -9.70836622612805 -13.806353496516437
25.533687317515735 -11.029245236314068 -12.86589709284848
23.63926012651582 -11.465170753117286 -12.3956688910145
21.744832935515905 -10.849634045682237 -12.57528008164633
21.7448329355159 -6.395568588035807 -15.328043922588677
23.63926012651581 -5.959643071232589 -15.798272124422656
25.533687317515728 -6.575179778667638 -15.618660933790824
26.704507710765668 -8.007064609423967 -14.857815720754704
25.08647372201578 -14.68816279589361 -13.806353496516437
24.915653328765842 -12.931358268904376 -12.86589709284848
19.12679894676601 -14.453048694976621 -15.328043922588677
20.40319214901603 -15.919236210763712 -15.798272124422658
22.297619340015945 -16.53477291819876 -15.618660933790826
24.086473722015775 -16.064544716364782 -14.857815720754704
25.086473722015764 -5.780031880600752 -19.311881178401126
24.91565332876583 -5.724528970315598 -17.319962550494903
19.126798946765998 -7.246219396387844 -19.7821093802351
20.403192149016018 -7.011105295470854 -21.303799806307346
22.29761934001593 -6.575179778667636 -21.774028008141325
24.086473722015764 -6.104951576833656 -21.013182795105205
21.46843973326588 -16.91519552471682 -19.31188117840113
21.29761934001594 -16.85969261443167 -17.319962550494903
17.508764958016105 -12.226015966153406 -19.782109380235102
18.40319214901602 -13.166472369821362 -21.303799806307346
19.67958535126604 -14.63265988560845 -21.77402800814133
20.85040574451598 -16.06454471636478 -21.01318279510521
21.468439733265868 -9.708366226128042 -23.765946636047552
21.29761934001593 -7.951561699138809 -22.825490232379593
19.67958535126604 -12.931358268904372 -22.825490232379593
20.850405744515975 -11.610479258718351 -23.765946636047552
25.98090091301569 -15.628619199561566 -15.328043922588684
27.980900913015688 -9.473252125211058 -15.328043922588684
25.98090091301568 -6.720488284268708 -20.833571604473377
22.744832935515895 -16.68008142379983 -20.833571604473377
22.744832935515888 -11.174553741915133 -24.236174837881535
-16.8998772097373 23.203282384643735 13.190918868677073
-17.83223173233965 21.629389465062182 12.38247831930192
-17.679435681043245 19.668165369047884 12.02157194374017
-16.499851954096535 18.068731041723012 12.246053710699877
-12.150309561582855 19.601297095455358 14.725797675643104
-12.303105612879262 21.562521191469656 15.086704051204855
-13.482689339825972 23.161955518794528 14.86222228424515
-15.238499851305614 23.788670527165195 14.13809677988796
-21.127987107893716 20.136552203998374 13.557880110812196
-19.447226005265545 20.45800277038076 12.522645041243656
-18.99153508496979 14.639223428846057 15.31955343797161
-20.759325409192094 15.429060830178933 15.820626535475096
-21.9389091361388 17.0284951575038 15.596144768515389
-22.07972537469255 18.82659686055589 14.731852542216464
-12.428902322866357 23.201684311463065 18.517368040698653
-12.409518578669875 22.93774673532399 16.534955059919227
-11.95382765837412 17.11896739378929 19.331863456647177
-12.06024062416473 18.494192937643625 20.780114465361553
-12.21303667546114 20.455417033657923 21.141020840923304
-12.353852914014887 22.253518736710014 20.27672861462438
-21.883243471483812 16.344267158889824 19.33791832322054
-21.86385972728733 16.08032958275075 17.355505342441116
-16.181937556530535 14.052237213143925 19.6988246987823
-17.286471874625775 14.703505965715745 21.23370350574832
-19.054262198848075 15.493343367048622 21.734776603251806
-20.810072710327717 16.12005837541929 21.01065109889462
-14.845536044888142 18.82401112383306 23.35022834189611
-13.16477494225997 19.145461690215445 22.31499327232757
-17.392884840416386 16.078731509570083 22.681954514462692
-16.460530317814037 17.652624429151636 23.490395063837845
-22.33893439177957 22.163046500424528 16.54100992649259
-22.232521425988956 20.787820956570194 15.092758917778216
-17.006290175527916 24.57850792849807 14.639169877391446
-18.110824493623152 25.22977668106989 16.174048684357466
-19.791585596251323 24.908326114687505 17.209283753926005
-21.406579869177218 23.73693942000608 17.34945047586774
-13.533436640961595 23.852953064034885 20.05224684766467
-18.130208237819637 25.493714257208964 18.156461665136888
-21.989656437274427 17.71949270274416 20.78616933193491
-22.35831813597605 22.4269840765636 18.523422907272007
-16.613326369110446 19.613848525165935 23.851301439399595
-0.25609628727817224 -15.52699010992316 26.767397416654468
0.28876694031562167 -16.478351831037568 25.09466464098039
1.2137175314641482 -16.256728784289873 23.33530406705466
2.1654557982629785 -14.946773440847394 22.161331635650395
2.2789302132768805 -10.336523849939804 24.64107560059362
1.353979622128354 -10.558146896687497 26.400436174519346
0.4022413553295232 -11.868102240129975 27.574408605923615
-0.21275291759637405 -13.766031462816759 27.71457532786535
2.724840879863444 -19.391756598633773 24.871612234126687
1.4273836198358918 -17.954561271143437 24.3705391366232
7.102187868039842 -16.589847387255162 21.573630739895247
7.315853956411585 -18.28767987410872 22.608865809463786
6.364115689612755 -19.5976352175512 23.782838240868056
4.610504737166588 -20.019355000132116 24.64713046716698
2.951789709891248 -10.171257416818591 29.831100164013144
1.6109890801818976 -10.495020736434654 28.38284915529877
7.2857933283858465 -9.13030685254638 25.58594075857082
7.542802786439391 -9.067180692293539 27.568353739350243
6.6178521952908635 -9.28880373904123 29.32771431327597
4.864241242844696 -9.710523521622145 30.192006539574894
9.617367852275553 -18.813138002738693 25.59199562514418
8.276567222566204 -19.136901322354756 24.143744616429807
10.266730495527463 -12.99507334125699 23.69015557604304
11.227443761682082 -13.844294789503028 25.22503438300906
11.441109850053824 -15.542127276356588 26.2602694525776
10.82611557712793 -17.440056499043372 26.400436174519335
3.942563604071606 -20.177851886626968 28.388904021872133
3.685554146018061 -20.240978046879807 26.406491041092707
0.0009131707753713414 -15.463863949670317 28.74981039743389
0.9616264369299898 -16.313085397916353 30.28468920439991
2.2590836969575405 -17.750280725406693 30.785762301903397
3.397700376477812 -19.22649016551256 30.061636797546207
9.800973312621558 -11.353597468029912 29.60430564381975
8.503516052594009 -9.916402140539573 29.103232546316264
11.484453219735625 -13.781168629250187 27.207447363788486
10.93958999214183 -12.829806908135778 28.880180139462563
4.12616906441761 -12.718311351918185 32.4012140405477
3.9125029760458654 -11.020478865064625 31.365978970979164
2.3024270666393396 -15.989322078300292 31.732940213114283
3.5111747914917135 -14.616240574604968 32.54138076248944
9.874377310329098 -18.750011842485847 27.574408605923605
5.283364233780956 -19.8540885670109 29.837155030586505
10.014639400993303 -13.051429954883472 30.63954071338829
5.423626324445162 -14.155506679408523 32.902287138051186
-31.153230378731422 -9.708366226128058 -13.80635349651643
-29.982409985481485 -11.029245236314077 -12.865897092848472
-28.087982794481572 -11.46517075311729 -12.395668891014488
-26.193555603481656 -10.849634045682238 -12.575280081646323
-26.193555603481656 -6.39556858803581 -15.32804392258867
-28.08798279448157 -5.9596430712325965 -15.798272124422649
-29.982409985481485 -6.575179778667648 -15.618660933790819
-31.153230378731422 -8.007064609423978 -14.857815720754697
-29.535196389981525 -14.68816279589362 -13.806353496516428
-29.36437599673159 -12.931358268904384 -12.86589709284847
-23.575521614731752 -14.453048694976625 -15.328043922588666
-24.851914816981772 -15.919236210763714 -15.798272124422645
-26.74634200798169 -16.53477291819877 -15.618660933790814
-28.53519638998152 -16.06454471636479 -14.857815720754694
-29.535196389981525 -5.780031880600762 -19.311881178401126
-29.36437599673159 -5.724528970315608 -17.3199625504949
-23.575521614731755 -7.246219396387849 -19.782109380235095
-24.851914816981772 -7.011105295470859 -21.303799806307342
-26.74634200798169 -6.5751797786676445 -21.774028008141322
-28.53519638998152 -6.104951576833668 -21.0131827951052
-25.917162401231618 -16.91519552471683 -19.311881178401116
-25.746342007981685 -16.859692614431673 -17.319962550494893
-21.957487625981855 -12.226015966153408 -19.78210938023509
-22.85191481698177 -13.166472369821365 -21.30379980630734
-24.12830801923179 -14.632659885608458 -21.77402800814132
-25.299128412481725 -16.06454471636479 -21.013182795105198
-25.91716240123162 -9.708366226128053 -23.76594663604755
-25.746342007981685 -7.951561699138819 -22.82549023237959
-24.12830801923179 -12.931358268904377 -22.825490232379586
-25.299128412481725 -11.61047925871836 -23.765946636047545
-30.42962358098144 -15.628619199561577 -15.328043922588673
-32.42962358098144 -9.473252125211069 -15.328043922588677
-30.429623580981435 -6.72048828426872 -20.83357160447337
-27.193555603481638 -16.68008142379984 -20.833571604473363
-27.193555603481638 -11.174553741915144 -24.236174837881528
27.289982172010685 -8.902529762772842 13.190918868677052
26.08123444715831 -10.275611266468164 12.3824783193019
24.16878291420486 -10.73634516166461 12.021571943740152
22.283119056901718 -10.108746760166268 12.24605371069986
22.396593471915622 -5.498497169258675 14.725797675643088
24.30904500486907 -5.03776327406223 15.086704051204837
26.194708862172213 -5.665361675560574 14.86222228424513
27.333325541692485 -7.141571115666439 14.13809677988794
25.67990626260416 -13.871372976008509 13.557880110812173
25.466240174232414 -12.173540489154949 12.522645041243637
19.791435926028466 -13.538254373043223 15.319553437971592
21.08889318605602 -14.975449700533563 15.820626535475078
22.974557043359162 -15.603048102031906 15.59614476851537
24.72816799580533 -15.18132831945099 14.731852542216442
25.906855092631968 -4.650873794193323 18.51736804069863
25.649845634578423 -4.713999954446167 16.53495505991921
19.975041386374475 -6.078713838334442 19.331863456647163
21.315842016083828 -5.754950518718379 20.780114465361535
23.228293549037275 -5.294216623521933 21.141020840923286
24.98190450148344 -4.872496840941018 20.27672861462436
22.306615910264185 -15.761544988526754 19.33791832322052
22.049606452210636 -15.824671148779599 17.3555053424411
18.36496547696795 -11.04755705157011 19.698824698782282
19.325678743122566 -11.896778499816145 21.233703505748302
20.623136003150123 -13.333973827306483 21.734776603251788
21.76175268267039 -14.810183267412349 21.0106510988946
22.490221370610193 -8.302004453817975 23.35022834189609
22.276555282238448 -6.604171966964415 22.314993272327555
20.666479372831922 -11.573015180200082 22.681954514462674
21.875227097684295 -10.19993367650476 23.490395063837827
27.98142015846813 -14.39683110463848 16.541009926492563
26.640619528758776 -14.720594424254543 15.092758917778191
28.630782801720038 -8.578766443156777 14.639169877391424
29.591496067874655 -9.427987891402813 16.174048684357444
29.805162156246404 -11.125820378256373 17.20928375392598
29.190167883320505 -13.023749600943157 17.349450475867716
26.867568358786585 -5.50009524243936 20.05224684766465
29.848505525928203 -9.364861731149972 18.156461665136867
23.647416539973534 -15.437781668910693 20.78616933193489
28.238429616521675 -14.333704944385637 18.523422907271986
23.787678630637743 -9.739199781308313 23.851301439399577
-0.2560962872781989 30.885369156107675 -1.9170181078237085
0.2887669403155986 29.814693374188625 -3.5160107385847432
1.2137175314641278 28.141960598514547 -4.104595027467556
2.16545579826296 26.506097895296993 -3.4579517813630978
2.2789302132768516 26.66228202855816 1.7745560245224752
1.3539796221283211 28.335014804232234 2.363140313405287
0.40224135532949123 29.97087750744979 1.7164970673008306
-0.21275291759640425 30.94502618651 0.08162202762544335
2.724840879863423 30.91810345774412 -6.221591249965539
1.4273836198358723 29.827196764815753 -5.16021137182299
7.102187868039825 26.715247241203915 -5.190389626522938
7.315853956411567 28.40048340750512 -6.246005970878373
6.3641156896127375 30.036346110722675 -6.892649216982829
4.610504737166568 30.997991399155755 -6.883323623419969
2.951789709891208 31.23047172426645 4.243424361805608
1.6109890801818603 30.079908000935763 3.3061641044990058
7.285793328385814 26.967958477323922 3.2759858497990564
7.542802786439353 28.712851674027455 4.219009640892774
6.617852195290824 30.38558444970153 4.807593929775586
4.864241242844654 31.347229738134608 4.816919523338446
9.617367852275532 31.30366784792152 -5.3818937981433885
8.276567222566184 30.153104124590833 -6.319154055449991
10.266730495527437 27.000692778960367 -1.0285872923427744
11.227443761682052 28.75331349604608 -1.101735376914393
11.441109850053795 30.438549662347285 -2.157351721269828
10.826115577127903 31.412698341407495 -3.7922267609452147
3.942563604071579 34.41561737153336 -5.35171554344344
3.685554146018039 32.67072417482983 -6.294739334537158
0.000913170775339367 32.63026235281121 -0.9739943167299911
0.9616264369299561 34.38288306989692 -1.04714240130161
2.259083696957506 35.473789762825284 -2.108522279444159
3.3977003764777813 35.486293153452415 -3.7527229126824055
9.800973312621519 31.55637908404153 3.084481678178606
8.503516052593968 30.465472391113163 4.145861556321155
11.484453219735592 30.49820669274961 -0.15871158582067602
10.939589992141794 31.568882474668662 1.4402810449403587
4.126169064417567 34.66832860765337 3.1146599328785545
3.9125029760458236 32.98309244135216 4.170276277233989
2.3024270666393014 35.533446793227604 -0.10988214399500718
3.511174791491675 35.64247728671358 1.4797848932031683
9.87437731032907 33.04856104462505 -4.438870007049671
5.283364233780926 35.56618109486405 -4.414455286136837
10.014639400993264 33.24161525034273 2.0288653338231715
5.423626324445119 35.759235300581736 2.053280054736006
0.39367265476700286 -32.62853290682599 -13.806353496516419
-1.2243613339828914 -31.92319060407502 -12.86589709284846
-2.22436133398289 -30.2561916724017 -12.395668891014482
-2.2243613339828885 -28.26427304449548 -12.575280081646316
2.0117066435169013 -26.887891124024307 -15.328043922588666
3.0117066435168995 -28.554890055697626 -15.798272124422644
3.0117066435168978 -30.54680868360385 -15.61866093379081
2.0117066435168978 -32.102801794706856 -14.857815720754687
-4.842395322732786 -32.62853290682599 -13.806353496516417
-3.2243613339828907 -31.92319060407502 -12.865897092848458
-6.460429311482677 -26.887891124024303 -15.328043922588664
-7.460429311482678 -28.55489005569762 -15.798272124422642
-7.460429311482681 -30.546808683603842 -15.618660933790807
-6.46042931148268 -32.10280179470685 -14.857815720754687
3.6297406322667927 -29.875769065883645 -19.311881178401116
3.6297406322667927 -29.69615787525181 -17.31996255049489
0.3936726547670064 -24.660858395201092 -19.78210938023509
1.0117066435169009 -25.802126214755276 -21.303799806307335
2.0117066435168978 -27.469125146428595 -21.77402800814132
3.0117066435168987 -29.025118257531602 -21.013182795105195
-8.078463300232574 -29.875769065883638 -19.31188117840111
-8.078463300232574 -29.696157875251803 -17.319962550494886
-4.8423953227327825 -24.66085839520109 -19.78210938023509
-5.460429311482678 -25.802126214755273 -21.303799806307335
-6.46042931148268 -27.469125146428592 -21.774028008141315
-7.460429311482678 -29.025118257531595 -21.01318279510519
-1.2243613339828907 -27.648736337060427 -23.76594663604754
0.3936726547670051 -26.94339403430946 -22.825490232379583
-4.842395322732784 -26.943394034309456 -22.82549023237958
-3.2243613339828903 -27.648736337060424 -23.765946636047538
-5.460429311482683 -33.76980072638017 -15.328043922588662
1.0117066435168969 -33.769800726380176 -15.328043922588666
3.0117066435168978 -31.01703688543783 -20.83357160447336
-7.46042931148268 -31.017036885437822 -20.833571604473356
-2.2243613339828916 -29.315735268733743 -24.23617483788152
-30.51340876432576 -8.827727323733406 15.696963099933935
-29.38271526171173 -10.203836260715411 14.787096957743408
-27.50987137394177 -10.669468645868383 14.262080525677277
-25.610239810521506 -10.046768734326568 14.322452236132602
-25.496765395507612 -5.436519143418975 16.80219620107583
-27.369609283277576 -4.970886758266001 17.32721263314196
-29.26924084669784 -5.593586669807817 17.26684092268663
-30.470065394643964 -7.066768676627002 16.644141011144818
-28.89045641205649 -13.800754346872594 15.923757620127317
-28.762802625266463 -12.103363556582872 14.873724755995053
-22.87077332741434 -13.483045893829892 17.169157443210946
-24.123704578739034 -14.91694080454438 17.780801673528725
-26.023336142159298 -15.539640716086195 17.720429963073396
-27.844073326550692 -15.11329542703792 17.011102253279937
-28.663507582028704 -4.580255165057409 20.88324555001377
-28.579197164920473 -4.643823021874089 18.88603477467062
-22.687167867068354 -6.023505359121109 21.181467461886513
-23.89675574871125 -5.6964416227291945 22.740289603415178
-25.76959963648121 -5.2308092375762225 23.26530603548131
-27.590336820872608 -4.804463948527945 22.555978325687846
-25.03447579811143 -15.700281642740055 21.390373514090623
-24.9501653810032 -15.763849499556734 19.393162738747474
-21.06421551479908 -10.996532382260298 21.408261982079896
-21.890676317063246 -11.843441077272653 23.02062304729865
-23.14360756838794 -13.27733598798714 23.632267277616425
-24.344432116334065 -14.750517994806325 23.009567366074613
-24.85087033776544 -8.240741108031271 25.40268353276619
-24.723216550975415 -6.54335031774155 24.352650668633927
-23.100264198706142 -11.516377340880737 24.57944518882731
-24.230957701320172 -10.14026840389873 25.489311331017838
-30.926505095963552 -14.320599305493033 19.09494082687473
-29.716917214320652 -14.647663041884947 17.536118685346064
-31.722996645968657 -8.50066358734149 17.255785241462597
-32.54945744823282 -9.347572282353845 18.868146306681346
-32.67711123502285 -11.044963072643567 19.91817917081361
-32.05719859857758 -12.944490368511026 20.004806969065257
-29.48996838429287 -5.427163860069761 22.495606615232518
-32.633767865341056 -9.284004425537164 20.86535708202449
-26.244063679754326 -15.373217906348142 22.949195655619285
-31.010815513071783 -14.257031448676354 21.09215160221788
-26.103801589090132 -9.674636018745758 26.01432776308397
27.289982172010674 15.779648854673692 -2.0635064333007125
26.0812344471583 15.670618361187717 -3.6531734704988863
24.168782914204858 15.553860347319558 -4.226668632031722
22.28311905690171 15.473972405907922 -3.564936258577289
22.39659347191561 15.630156539169091 1.6675715473082837
24.309045004869056 15.74691455303725 2.241066708841119
26.194708862172202 15.826802494448884 1.5793343353866862
27.333325541692474 15.839305885076014 -0.06486629785156106
25.67990626260415 18.33000320654913 -6.343664854529709
25.466240174232407 16.644767040247924 -5.288048510174273
19.791435926028452 19.75671656385976 -5.257870255474321
21.088893186056 20.847623256788125 -6.319250133616872
22.974557043359145 20.927511198199763 -6.980982507071305
24.728167995805315 19.965865909766684 -6.990308100634165
25.906855092631947 18.642371473071467 4.121350757241436
25.649845634578405 16.897478276367938 3.178326966147721
19.97504138637445 20.009427799979772 3.2085052208476723
21.3158420160838 21.159991523310463 4.145765478154273
23.228293549037247 21.27674953717862 4.719260639687109
24.981904501483413 20.315104248745545 4.709935046124248
22.306615910264153 24.345137170577367 -5.449374427094777
22.049606452210615 22.60024397387384 -6.392398218188494
18.36496547696792 22.559782151855213 -1.0716532003813244
19.325678743122538 24.312402868940925 -1.1448012849529454
20.623136003150087 25.403309561869293 -2.206181163095496
21.76175268267036 25.41581295249642 -3.850381796333744
22.490221370610154 24.59784840669738 3.0170010492272157
22.276555282238412 22.91261224039618 4.072617393582652
20.666479372831883 25.462966592271616 -0.20754102764634474
21.875227097684256 25.57199708575759 1.382126009551829
27.98142015846811 21.233187646965533 -5.479552681794728
26.640619528758762 20.08262392363484 -6.41681293910133
28.630782801720024 16.93021257800438 -1.126246175994112
29.591496067874637 18.682833295090095 -1.1993942605657333
29.805162156246382 20.368069461391297 -2.2550106049211687
29.190167883320484 21.342218140451507 -3.889885644596556
28.16502561881411 21.485898883085543 2.9868227945272636
26.86756835878656 20.39499219015718 4.048202672669815
29.84850552592818 20.42772649179362 -0.25637046947201747
29.30364229833438 21.498402273712674 1.3426221612890168
23.647416539973502 25.495700893908058 -4.512114169788176
28.23842961652165 22.978080843669062 -4.536528890701012
23.787678630637703 25.688755099625748 1.955621171084665
28.37869170718585 23.171135049386752 1.9312064501718287
0.3936726547670206 2.243145541309291 -35.35823602222122
-1.224361333982875 2.7688766534284275 -34.306773797982956
-2.2243613339828747 2.4439569571955237 -32.60547218127887
-2.224361333982875 1.3924947329572586 -30.90417056457479
2.0117066435169146 -1.6851888042179957 -30.904170564574788
3.0117066435169146 -1.3602691079850924 -32.60547218127887
3.0117066435169146 -0.30880688374682697 -34.30677379798295
2.0117066435169146 1.067575036724346 -35.35823602222122
-4.84239532273277 2.243145541309292 -35.35823602222122
-3.2243613339828743 2.7688766534284266 -34.30677379798295
-6.460429311482665 -1.6851888042179959 -30.904170564574788
-7.460429311482665 -1.3602691079850926 -32.60547218127887
-7.460429311482665 -0.30880688374682785 -34.30677379798295
-6.460429311482665 1.067575036724345 -35.35823602222122
3.6297406322668087 -3.9122215330412162 -35.35823602222121
3.6297406322668087 -2.2109199163371343 -34.30677379798295
0.39367265476701885 -6.664985373983557 -30.90417056457478
1.011706643516915 -7.515636182335601 -32.605472181278856
2.0117066435169138 -7.190716486102696 -34.30677379798294
3.0117066435169138 -5.8143345656315235 -35.358236022221206
-8.07846330023256 -3.9122215330412162 -35.35823602222121
-8.07846330023256 -2.2109199163371347 -34.30677379798295
-4.842395322732771 -6.6649853739835585 -30.90417056457478
-5.460429311482665 -7.515636182335601 -32.605472181278856
-6.460429311482665 -7.190716486102697 -34.30677379798294
-7.460429311482665 -5.814334565631524 -35.358236022221206
-1.2243613339828758 -8.89201810280678 -35.358236022221206
0.39367265476701885 -8.366286990687643 -34.30677379798294
-4.84239532273277 -8.366286990687643 -34.30677379798294
-3.224361333982875 -8.892018102806777 -35.358236022221206
-5.460429311482665 1.3924947329572488 -37.0595376389253
1.011706643516916 1.3924947329572497 -37.0595376389253
3.011706643516913 -4.762872341393258 -37.05953763892529
-7.460429311482664 -4.762872341393258 -37.05953763892529
-2.2243613339828756 -8.567098406573873 -37.059537638925285
1.0334942691727305 -31.74789400443136 15.696963099933916
-0.6246666102130765 -31.097781628476383 14.78709695774339
-1.6462499134430355 -29.460489565152823 14.262080525677263
-1.641045541022693 -27.461407733139833 14.322452236132591
2.7084968514909913 -25.928841679407483 16.802196201075812
3.730080154720952 -27.566133742731044 17.327212633141936
3.724875782300608 -29.565215574744034 17.26684092268661
2.6948716276044222 -31.162505861909896 16.644141011144796
-4.1976553448076865 -31.741124457805 15.923757620127306
-2.6227879625177035 -31.09519589175354 14.873724755995042
-5.755681024165215 -25.91788832287761 17.169157443210942
-6.732219073239882 -27.552594649478326 17.78080167352872
-6.737423445660227 -29.551676481491317 17.720429963073396
-5.769306248051786 -31.15155250538002 17.01110225327993
4.501429440219683 -28.6759923503403 20.883245550013747
4.414919464077974 -28.6154519268103 18.8860347746706
1.2820264024304633 -23.43814435793437 21.1814674618865
1.9668657117874875 -24.487462542013628 22.74028960341516
2.9884490150174448 -26.124754605337184 23.26530603548129
3.9565662126258867 -27.724630629225892 22.555978325687825
-7.195776697112313 -28.66085518390691 21.39037351409062
-7.282286673254022 -28.60031476037691 19.393162738747474
-3.9491232115499546 -23.43137481130801 21.408261982079893
-4.499190811564093 -24.479094922206592 23.020623047298642
-5.47572886063876 -26.11380124880731 23.632267277616425
-6.505733015334947 -27.711091535973175 23.009567366074606
-0.15806927051663577 -26.18111121896367 25.402683532766176
1.416798111773347 -25.535182652912212 24.352650668633913
-3.8143515022070695 -25.528413106285853 24.579445188827307
-2.1561906228212626 -26.17852548224083 25.489311331017824
-4.062883635464802 -33.83816275278284 19.09494082687472
-4.747722944821826 -32.78884456870358 17.536118685346057
1.7183335785297547 -32.79721218851061 17.255785241462576
1.1682659785156155 -33.8449322994092 18.86814630668133
-0.4066014037743675 -34.49086086546066 19.91817917081359
-2.4047227560789945 -34.48827512873782 20.004806969065243
3.951361840205544 -29.723712461238883 22.495606615232496
1.254775954657323 -33.9054727229392 20.865357082024474
-6.510937387755289 -29.710173367986165 22.94919565561928
-3.9763736593230936 -33.89870317631284 21.092151602217868
-1.1346073195913031 -27.815817545564386 26.014327763083955
-30.513408764325757 17.987670289243265 -0.875864046728426
-29.38271526171173 17.789275897005215 -2.5135978066158273
-27.50987137394177 17.52792405758899 -3.1648665591876495
-25.610239810521506 17.303442290629288 -2.5809077767722015
-25.4967653955076 17.459626423890448 2.651600029113372
-27.369609283277562 17.72097826330667 3.3028687816851945
-29.269240846697826 17.945460030266375 2.7189099992697465
-30.470065394643957 18.047327319645586 1.1227760887207265
-28.890456412056494 20.414526770410546 -5.222449044986115
-28.762802625266467 18.716252586993146 -4.173845540959863
-22.870773327414344 21.386362696237075 -4.381322233057973
-24.123704578739044 22.574691225641228 -5.390301214830186
-26.023336142159305 22.799172992600933 -5.974259997245631
-27.8440733265507 21.974063591992213 -5.910146173450617
-28.66350758202869 20.72689503693287 5.242566566785032
-28.57919716492046 18.968963823113146 4.292529935362134
-22.68716786706834 21.639073932357075 4.085053243264023
-23.896755748711236 22.88705949216355 5.074714396940962
-25.769599636481196 23.148411331579776 5.725983149512785
-27.59033682087259 22.323301930971056 5.7900969733078
-25.034475798111437 26.15351110045884 -4.476692959299968
-24.950165381003206 24.395579886639123 -5.426729590722867
-21.06421551479908 24.065930413524356 -0.2615317549936682
-21.890676317063246 25.886819074522247 -0.2979601308863487
-23.143607568387942 27.0751476039264 -1.3069391126585619
-24.34443211633407 27.17701489330561 -2.9030730232075825
-24.850870337765432 26.40622233657884 3.9896825170220267
-24.723216550975405 24.707948153161443 5.038286021048282
-23.100264198706142 27.134804634328724 0.6917010227905902
-24.23095770132017 27.333199026566774 2.3294347826779918
-30.926505095963556 23.483400991214914 -4.269216267201857
-29.71691721432066 22.235415431408434 -5.258877420878797
-31.72299664596865 19.235655849049742 0.11379710694851304
-32.549457448232815 21.056544510047633 0.07736873105583263
-32.67711123502285 22.754818693465033 -0.9712347729704215
-32.057198598577585 23.681795383452965 -2.6314825073144568
-30.74289963561755 23.736112227334914 4.197159209120138
-29.489968384292855 22.547783697930758 5.206138190892352
-32.63376786534105 22.81447572386735 1.027405362478731
-31.943724183563678 23.83797951671412 2.6010252985711175
-26.244063679754333 27.401496660265316 -3.4870318056230296
-31.010815513071787 25.24133220503463 -3.319179635778959
-26.103801589090125 27.594550865982995 2.980703535249814
-30.870553422407582 25.43438641075231 3.148555705093884
1.9219058450873756 4.346578074730206 35.11132398022898
0.2591690844127347 4.8107810997771745 34.101461605329085
-0.8131615199528386 4.386306867398741 32.46746995878137
-0.8854921243184117 3.2352901070149445 30.83347831223366
3.350575853181378 0.157606569839692 30.83347831223366
4.422906457546952 0.5820808022181256 32.46746995878137
4.495237061912526 1.7330975626019207 34.101461605329085
3.53993983383727 3.1710075701452602 35.111323980228974
-3.309243768893041 4.353347621356576 35.33811850042236
-1.738952267891892 4.813366836500021 34.18808940358073
-5.113602022474828 0.1685599263695845 31.20043955436878
-6.039392770413883 0.5956198954708647 32.92105899916814
-5.967062166048309 1.7466366558546589 34.55505064571585
-4.924238041818937 3.1819609266751536 35.4782852223641
5.1628921861065376 -1.8020194529939306 35.33811850042236
5.115149698357793 -0.16642973326554078 34.18808940358073
1.7404999437748547 -4.811236643395977 31.200439554368774
2.4327431845856964 -5.559747178879643 32.92105899916814
3.50507378895127 -5.135272946501209 34.55505064571585
4.547897913180643 -3.699948675680715 35.47828522236409
-6.534313951225459 -1.7868822865605145 35.84524646449921
-6.582056438974203 -0.15129256683212433 34.69521736765759
-3.4906496702055616 -4.804467096769607 31.42723407456216
-4.033313338765884 -5.551379559072596 33.20139244305161
-4.9591040867049365 -5.124319589971317 34.92201188785097
-5.914401314780191 -3.6864095824279763 35.93187426275086
0.31978801502422627 -6.7666788563260765 35.84524646449921
1.8900795160253738 -6.306659641182631 34.695217367657584
-3.3410700979550425 -6.299890094556262 34.92201188785097
-1.6783333372804012 -6.7640931196032295 35.93187426275086
-3.851907437453363 3.6064351590535875 37.11227686891181
2.614149085898217 3.5980675392465393 36.831943425028335
4.6202285175462166 -2.5489319152969196 37.112276868911806
-5.8420707104146175 -2.535392822044181 37.56586590929858
-0.6060027329148279 -6.339618887224796 37.56586590929857
1.0334942691727065 28.23788043997653 -21.376284348195
-0.6246666102130987 27.133332329101282 -21.201710670808005
-1.6462499134430535 25.9315240860171 -19.97206661604391
-1.6410455410227067 25.091505611622345 -18.157034418758357
2.7084968514909766 26.624071665354684 -15.677290453815132
3.730080154720934 27.825879908438864 -16.90693450857923
3.724875782300586 28.66589838283362 -18.72196670586478
2.694871627604398 28.823268582497985 -20.429106436984114
-4.1976553448077105 28.437704192320588 -21.26880388880626
-2.6227879625177253 27.209658210737167 -21.160656788447962
-5.755681024165229 26.947393288406918 -15.503383417397703
-6.732219073239899 28.225527413126986 -16.691973589801755
-6.737423445660248 29.065545887521743 -18.50700578708731
-5.76930624805181 29.146590205550215 -20.255199400566685
4.501429440219658 31.50283629978527 -16.30931595891981
4.414919464077952 29.689402175680392 -17.148346769772395
1.2820264024304495 29.427137253350143 -11.491073398722138
1.966865711787468 31.29065952059167 -11.732485659915305
2.988449015017423 32.49246776367585 -12.9621297146794
3.9565662126258623 32.57351208170432 -14.710323328158777
-7.195776697112337 31.949655793545674 -16.06898234547369
-7.282286673254044 30.136221669440797 -16.908013156326273
-3.9491232115499675 29.626961005694202 -11.3835929393334
-4.499190811564111 31.53765526200801 -11.599632505857919
-5.475728860638783 32.815789386728085 -12.78822267826197
-6.505733015334971 32.97315958639245 -14.495362409381302
-0.15806927051665998 34.4293997584889 -12.056672326798122
1.4167981117733248 33.20135377690548 -11.948525226439823
-3.8143515022070917 33.40117752924954 -11.841044767051088
-2.156190622821287 34.50572564012479 -12.01561844443808
-4.062883635464835 32.21192071587593 -21.726255716523948
-4.747722944821854 30.348398448634395 -21.48484345533078
1.718333578529725 30.101402707218053 -21.617696609388165
1.1682659785155818 32.01209696353186 -21.833736175912684
-0.40660140377440346 33.24014294511528 -21.941883276270985
-2.40472275607903 33.31646882675117 -21.90082939391094
3.9513618402055153 33.413530556099076 -16.52535552544433
1.2547759546572883 33.82553108763674 -20.9947053650601
-6.510937387755318 33.8131780607872 -16.310394606666854
-3.9763736593231287 34.0253548399808 -20.887224905671363
-1.134607319591332 35.70753388320897 -13.245262499202173
26.53645290603965 -23.461480431100178 -0.8758640467284443
25.998365118768163 -22.447434246296766 -2.513597806615844
25.17106415971348 -20.74701602272036 -3.164866559187663
24.370550876309096 -19.009727726687434 -2.580907776772212
24.484025291322986 -18.853543593426263 2.6516000291133612
25.31132625037767 -20.55396181700267 3.3028687816851803
26.111839533782057 -22.2912501130356 2.71890999926973
26.579796275721442 -23.401823400697857 1.1227760887207083
28.343010718654917 -21.168021125248277 -5.222449044986134
26.688408800545535 -21.571410743276083 -4.173845540959879
27.407097234776153 -15.142648484743143 -4.3813222330579835
28.92444187560821 -15.967043205298864 -5.390301214830199
29.72495515901259 -17.704331501331794 -5.974259997245649
29.50286821917461 -19.69092829201474 -5.910146173450635
28.5699595486827 -20.855652858725943 5.242566566785014
26.872014260891522 -21.31869950715607 4.292529935362118
27.590702695122143 -14.889937248623133 4.085053243264013
29.151390705635993 -15.654674938776527 5.074714396940949
29.978691664690682 -17.355093162352937 5.725983149512768
29.756604724852696 -19.341689953035882 5.790096973307781
32.60954562297377 -15.727321947211607 -4.476692959299986
30.91160033518259 -16.19036859564173 -5.426729590722883
29.39726050773741 -12.59647794277123 -0.26153175499367887
31.384418967311795 -12.819803333114095 -0.29796013088636214
32.901763608143845 -13.644198053669816 -1.306939112658578
33.369720350083234 -14.754771341332074 -2.9030730232076007
32.793151083319756 -15.474610711091596 3.989682517022008
31.138549165210375 -15.878000329119395 5.038286021048266
32.945106977825645 -13.58454102326749 0.6917010227905735
33.483194765097124 -14.598587208070906 2.329434782677973
31.890857188743148 -22.15608420574454 -4.269216267201881
30.330169178229298 -21.391346515591145 -5.258877420878817
28.0971409165535 -24.226218121253577 0.11379710694849193
30.08429937612788 -24.449543511596445 0.07736873105580871
31.738901294237262 -24.046153893568643 -0.971234772970447
32.42894497601463 -23.170130390547957 -2.6314825073144816
32.07446264908914 -21.90337296962453 4.197159209120114
30.55711800825708 -21.07897824906881 5.2061381908923305
31.78224466391906 -23.986496863166323 1.0274053624787052
32.542419391028524 -23.01394625728679 2.601025298571092
34.17023363348762 -16.492059637365003 -3.4870318056230505
33.588802476534326 -21.69303755731442 -3.319179635778985
34.310495724151814 -16.299005431647313 2.980703535249793
33.72906456719852 -21.49998335159673 3.148555705093859
1.9219058450873927 29.460674071002817 19.589959057804847
0.2591690844127499 28.349827799851393 19.553530681912164
-0.8131615199528245 27.07817188897144 18.44312610732458
-0.8854921243183993 26.131435674324393 16.682882140271182
3.350575853181392 27.507817594795558 13.930118299328827
4.422906457546967 28.77947350567551 15.040522873916414
4.49523706191254 29.72620972032256 16.800766840969814
3.5399398338372863 29.98640518312195 18.538496833566576
-3.3092437688930247 29.660497823346883 19.697439517193587
-1.738952267891877 28.426153681487285 19.59458456427221
-5.113602022474817 27.831139217847795 14.104025335746265
-6.039392770413867 29.17912101036364 15.255483792693896
-5.967062166048294 30.125857225010687 17.015727759747296
-4.924238041818919 30.309726806174186 18.712403869984012
5.162892186106555 32.413261664289216 14.191911835308883
5.115149698357808 30.65318641031049 15.140519106625776
1.7404999437748692 30.058171946671 9.649959878099832
2.4327431845857115 31.931884851305973 9.74995611080919
3.5050737889512864 33.20354076218592 10.860360685396778
4.547897913180661 33.38741034334942 12.557036795633493
-6.534313951225441 32.860081158049624 14.432245448755014
-6.582056438974188 31.100005904070898 15.380852720071907
-3.490649670205548 30.257995699015062 9.757440337488571
-4.033313338765868 32.178880592722315 9.88280926486658
-4.9591040867049205 33.52686238523816 11.034267721814214
-5.914401314780173 33.78705784803755 12.771997714410976
0.31978801502424314 35.08711388687283 9.97817999110858
1.8900795160253927 33.852769745013234 9.875325038187203
-3.341070097955025 34.05259349735729 9.982805497575946
-1.6783333372803835 35.16343976850872 10.019233873468625
-3.1596641966425025 33.45509562168911 19.92280467728096
-3.851907437453345 31.58138271705414 19.8228084445716
2.614149085898234 31.33438697563779 19.68995529051421
2.071485417337914 33.25527186934505 19.81532421789222
0.501193916336766 34.489616011204646 19.918179170813595
-1.4969274359678608 34.565941892840534 19.95923305317364
4.620228517546236 34.33414655799647 14.317280762686893
2.119227905086661 35.01534712332378 18.866716946575327
-5.842070710414598 34.733794062684595 14.532241681464376
-3.1119217088937554 35.21517087566784 18.974197405964066
-0.6060027329148087 36.43509567938867 11.12963844805621
26.53645290603966 9.708896400331053 -21.376284348194993
25.998365118768177 7.790567553560288 -21.201710670807998
25.171064159713485 6.447604924992202 -19.972066616043904
24.370550876309096 6.192974593118905 -18.157034418758354
24.484025291322993 10.8032241840265 -15.677290453815127
25.311326250377682 12.146186812594586 -16.906934508579223
26.11183953378207 12.400817144467883 -18.721966705864777
26.57979627572146 11.469855047437457 -20.429106436984107
28.343010718654924 4.795526407594187 -21.268803888806254
26.68840880054554 5.913827215638628 -21.16065678844795
27.40709723477615 2.853224536474422 -15.503383417397695
28.924441875608203 2.3194468271208484 -16.691973589801744
29.72495515901259 2.574077158994146 -18.507005787087298
29.502868219174612 3.5198553998853805 -20.255199400566678
28.569959548682714 14.016025589409374 -16.309315958919804
26.872014260891536 13.373367750347414 -17.14834676977239
27.590702695122143 10.31276507118321 -11.491073398722133
29.151390705635997 11.539946008936038 -11.732485659915296
29.978691664690686 12.882908637504125 -12.962129714679394
29.756604724852707 13.82868687839536 -14.710323328158772
32.60954562297376 3.0293962870420907 -16.068982345473678
30.911600335182587 2.3867384479801297 -16.908013156326266
29.397260507737403 5.399395078446341 -11.383592939333393
31.384418967311785 5.466686699305621 -11.59963250585791
32.901763608143845 4.932908989952048 -12.788222678261963
33.36972035008323 4.001946892921622 -14.495362409381293
32.793151083319756 10.488936821750876 -12.056672326798115
31.138549165210378 11.60723762979532 -11.948525226439816
32.94510697782564 6.693867637058451 -11.841044767051079
33.483194765097124 8.61219648382922 -12.015618444438068
31.89085718874316 6.089998966206296 -21.726255716523937
30.330169178229305 4.862818028453466 -21.484843455330772
28.097140916553514 10.936077338083884 -21.617696609388155
30.084299376127895 11.003368958943163 -21.833736175912676
31.738901294237277 9.885068150898721 -21.941883276270975
32.42894497601464 8.008327812977061 -21.90082939391093
32.07446264908915 13.549539500915081 -17.713945697848374
30.557118008257095 14.083317210268657 -16.525355525444322
31.782244663919073 11.646026798005124 -20.994705365060092
32.54241939102854 12.618577403884657 -19.421085428967704
34.17023363348762 4.2565772247949205 -16.310394606666847
33.58880247653433 6.732656805268256 -20.887224905671353
34.310495724151814 9.955159112397304 -13.245262499202168
33.729064567198535 12.431238692870641 -17.822092798206672
-29.993555603481667 -24.45642554849993 -2.4857190636220365
-29.393555603481666 -23.420303951369572 -4.087734056048774
-28.593555603481665 -21.688321080449672 -4.6879301363759165
-27.899128412481748 -19.922035524499012 -4.057052801832957
-28.346342007981708 -19.776727018897933 1.1578578688495922
-29.14634200798171 -21.508709889817833 1.7580539491767344
-29.840769198981622 -23.274995445768493 1.1271766146337754
-30.1643759967316 -24.400922638214773 -0.4938004357158121
-31.611589592231557 -22.22939281967672 -6.939784521268466
-30.011589592231555 -22.569653143017533 -5.7890356727528545
-30.964375996731597 -16.173312369603558 -6.048971429739188
-32.382409985481495 -17.054644432171415 -7.150076966116126
-33.07683717648141 -18.820929988122074 -7.780954300659084
-32.78240998548149 -20.79750798892039 -7.700629734304591
-32.50601678323148 -21.938775808474563 3.4900368200966314
-30.73519638998154 -22.334539042100538 2.648867040706019
-31.68798279448158 -15.938198268686556 2.388931283719687
-33.276837176481415 -16.76402742096926 3.2797443752489723
-34.07683717648141 -18.496010291889156 3.879940455576115
-33.7824099854815 -20.472588292687472 3.960265021930608
-36.124050771981366 -16.958979238709013 -6.469556319434497
-34.35323037873143 -17.354742472334987 -7.31072609882511
-33.30601678323148 -13.711165539863346 -2.065134173926744
-35.276837176481415 -14.011263580026917 -2.225783306635727
-36.694871165231305 -14.89259564259478 -3.3268888430126657
-37.01847796298129 -16.018522835041054 -4.947865893362254
-35.17126436748133 -23.35532001212299 -6.209620562448165
-33.5824099854815 -22.52949085984029 -7.10043365397745
-31.582409985481497 -25.28225470078263 -1.5949059720927514
-33.553230378731435 -25.582352740946202 -1.755555104801734
-35.153230378731436 -25.242092417605388 -2.9063039533173463
-35.77126436748133 -24.39144160925335 -4.607605570021427
-36.84765756973135 -16.72386513779201 1.968346394024377
-35.24765756973135 -17.06412546113283 3.1190952425399896
-36.865691558481245 -14.837092732309621 -1.3349702151064418
-37.46569155848125 -15.873214329439975 0.26704477732029597
-35.89487116523131 -23.120205911205993 2.22828215101071
-34.47683717648142 -22.238873848638136 3.3293876873876487
-35.324050771981376 -25.186589507320228 -0.9143853254111222
-36.21847796298129 -24.24613310365227 0.6073051006611223
-37.712905153981204 -17.784808390991717 -5.578743227905212
-36.94208476073126 -22.95955677849702 -5.368450783057551
-38.265691558481244 -17.605197200359875 0.8672408576474382
-37.49487116523131 -22.77994558786518 1.0775333024950982
27.424864481954337 10.931690031357348 19.58995905780484
26.882200813394018 9.007063024310405 19.553530681912157
26.00415255320371 7.594252727946545 18.443126107324574
25.1261042930134 7.232904655820953 16.682882140271172
25.126104293013398 11.686970113467378 13.930118299328822
26.004152553203706 13.099780409831238 15.040522873916407
26.882200813394014 13.46112848195683 16.800766840969807
27.424864481954337 12.632991648061427 18.538496833566573
29.231422294569605 6.018320038620484 19.697439517193583
27.572244495171386 7.1303226863887454 19.594584564272203
28.049176236466565 3.736970465915306 14.10402533574626
29.617268178434237 3.2730404243575055 15.25548379269389
30.495316438624545 3.6343884964830995 17.015727759747293
30.3479364254075 4.682992000509355 18.71240386998401
29.231422294569597 14.926450953913335 14.191911835308881
27.57224449517138 14.337151984977517 15.14051910662577
28.049176236466558 10.943799764504078 9.649959878099827
29.61726817843423 12.181171339650358 9.749956110809189
30.495316438624535 13.593981636014217 10.860360685396776
30.34793642540749 14.642585140040474 12.557036795633495
33.271008368860656 3.9398216515460547 14.432245448755014
31.61183056946244 3.3505226826102383 15.380852720071905
29.85573404908182 6.030429771767212 9.757440337488568
31.850296440110025 6.107912030019943 9.88280926486658
33.4183883820777 5.643981988462144 11.034267721814214
33.961052050638024 4.81584515456674 12.771997714410977
33.27100836886065 11.146650950134825 9.97817999110858
31.61183056946243 12.25865359790309 9.875325038187201
33.4183883820777 7.345283605166223 9.982805497575946
33.96105205063802 9.269910612213167 10.019233873468625
32.79407662756548 7.3331738720194934 19.92280467728096
31.22598468559781 6.095802296873214 19.822808444571596
28.99295642392201 12.169061606503629 19.689955290514206
30.987518814950214 12.246543864756362 19.81532421789222
32.64669661434843 11.134541216988097 19.918179170813595
33.3367402961258 9.257800879066439 19.95923305317364
32.794076627565474 14.540003170608266 15.468739219634525
31.225984685597798 15.003933212166064 14.317280762686892
32.64669661434843 12.835842833692176 18.866716946575327
33.3367402961258 13.711866336712863 17.20646921223129
34.83910031082833 5.177193226692333 14.532241681464377
34.453254426963696 7.92247284095531 18.97419740596407
34.83910031082833 10.682720908577027 11.129638448056212
34.45325442696369 13.428000522840003 15.571594172555905
-29.993555603481646 8.713951282931287 -22.98613936508859
-29.393555603481644 6.817697848487465 -22.775846920240934
-28.593555603481647 5.506299867262874 -21.495130193232157
-27.89912841248173 5.280666795307312 -19.633179443819095
-28.346342007981693 9.880040758554811 -17.171032614078896
-29.146342007981694 11.191438739779404 -18.451749341087673
-29.840769198981608 11.417071811734964 -20.313700090500735
-30.164375996731586 10.470755809920522 -22.04568296142063
-31.611589592231535 3.7341547131657253 -22.986139365088587
-30.01158959223154 4.915584815897157 -22.775846920240934
-30.964375996731587 1.8225606516139976 -17.171032614078896
-32.38240998548148 1.2318456002482794 -18.45174934108767
-33.07683717648139 1.457478672203841 -20.31370009050073
-32.78240998548147 2.413275702979706 -22.04568296142063
-32.506016783231466 12.932902639660725 -18.06184570560819
-30.735196389981525 12.357528215402919 -18.79200966442849
-31.68798279448157 9.264504051119758 -13.18719535826645
-33.2768371764814 10.430593526743278 -13.52745568160727
-34.076837176481405 11.74199150796787 -14.808172408616045
-33.782409985481486 12.697788538743735 -16.540155279535945
-36.12405077198135 1.7977389955446545 -18.06184570560818
-34.35323037873141 1.2223645712868505 -18.792009664428484
-33.30601678323146 4.2847074813541965 -13.187195358266449
-35.2768371764814 4.27522645239277 -13.527455681607268
-36.69487116523129 3.684511401027054 -14.808172408616041
-37.01847796298127 2.7381953992126116 -16.540155279535938
-35.17126436748131 4.8907631598278165 -23.666660011770222
-33.582409985481476 3.724673684204298 -23.326399688429404
-31.582409985481476 9.880040758554806 -23.326399688429404
-33.55323037873141 9.870559729593378 -23.666660011770226
-35.153230378731415 8.689129626861947 -23.87695245661788
-35.77126436748131 6.787016594271639 -23.87695245661788
-36.84765756973134 9.23968239505042 -14.078008449795743
-35.24765756973134 10.42111249778185 -13.867716004948088
-36.86569155848123 5.441315928016288 -13.867716004948086
-37.46569155848123 7.337569362460111 -14.078008449795739
-35.894871165231294 12.33270655933358 -19.68282275595778
-34.476837176481396 12.923421610699297 -18.402106028949007
-35.32405077198135 10.445934153851182 -22.936496052949924
-36.21847796298127 11.386390557519139 -21.414805626877676
-37.71290515398118 2.9638284711681733 -18.402106028949003
-36.94208476073124 5.466137584085621 -22.93649605294992
-38.26569155848123 8.648967343684703 -15.358725176804514
-37.49487116523129 11.15127645660215 -19.893115200805433
-33.494871165231324 9.851597671670532 17.842332908842508
-32.87683717648143 7.949484639080224 17.84233290884251
-31.876837176481427 6.57310271860905 16.790870684604247
-30.876837176481427 6.248183022376143 15.089569067900166
-30.876837176481423 10.702248480022568 12.336805226957816
-31.876837176481423 12.078630400493745 13.388267451196082
-32.87683717648143 12.40355009672665 15.089569067900161
-33.494871165231324 11.552899288374611 16.79087068460424
-35.11290515398122 4.87180110190497 17.842332908842508
-33.49487116523133 6.047371606489918 17.84233290884251
-33.49487116523132 2.644768373081754 12.336805226957818
-35.11290515398122 2.11903726096262 13.388267451196084
-36.11290515398122 2.443956957195528 15.089569067900163
-36.11290515398122 3.495419181433796 16.790870684604243
-35.11290515398122 13.779932017197824 12.33680522695781
-33.494871165231324 13.25420090507869 13.38826745119608
-33.49487116523131 9.851597671670527 7.882739769311388
-35.11290515398121 11.027168176255474 7.882739769311384
-36.11290515398121 12.403550096726649 8.93420199354965
-36.11290515398121 13.455012320964919 10.63550361025373
-38.73093914273111 2.644768373081754 12.33680522695781
-37.11290515398122 2.119037260962621 13.38826745119608
-35.1129051539812 4.871801101904966 7.882739769311388
-37.11290515398121 4.871801101904967 7.882739769311386
-38.7309391427311 4.346069989785834 8.934201993549651
-39.348973131481 3.4954191814337934 10.63550361025373
-38.7309391427311 9.851597671670529 7.882739769311382
-37.11290515398121 11.027168176255476 7.8827397693113825
-38.7309391427311 6.047371606489913 7.882739769311383
-39.348973131480996 7.949484639080221 7.88273976931138
-38.73093914273112 6.047371606489918 17.842332908842504
-37.112905153981224 4.871801101904971 17.842332908842508
-35.112905153981224 11.02716817625548 17.842332908842508
-37.112905153981224 11.02716817625548 17.842332908842504
-38.73093914273112 9.851597671670532 17.8423329088425
-39.34897313148101 7.949484639080225 17.8423329088425
-38.73093914273111 13.254200905078692 13.388267451196073
-37.11290515398122 13.779932017197826 12.336805226957807
-38.73093914273112 11.552899288374613 16.790870684604233
-39.34897313148101 12.403550096726653 15.089569067900154
-40.348973131481 3.8203388776667015 12.336805226957809
-40.34897313148101 6.573102718609052 16.790870684604233
-40.348973131481 9.325866559551395 8.934201993549646
-40.348973131481 12.078630400493745 13.388267451196072
17.55597855351606 -25.832807468971076 -22.98613936508859
15.567124171516229 -25.848148096078987 -22.77584692024093
14.072696980516316 -25.49254714563026 -21.495130193232157
13.643517373766255 -24.90183209426455 -19.633179443819092
18.15597855351607 -23.90587278031144 -17.171032614078896
19.650405744515982 -24.261473730760166 -18.451749341087673
20.079585351266044 -24.85218878212588 -20.313700090500735
19.27958535126604 -25.452384862453016 -22.04568296142064
13.31991057601627 -28.91049100614633 -22.986139365088583
13.949090182766334 -27.023718600663933 -22.77584692024093
11.301876587266385 -28.885669350077002 -17.17103261407889
11.178269789516403 -30.416840805110674 -18.451749341087666
11.607449396266462 -31.007555856476387 -20.313700090500728
12.425483385016355 -30.432181432218577 -22.045682961420628
22.3448329355159 -26.918572378240114 -18.061845705608192
21.250405744515984 -25.412222579275777 -18.792009664428495
18.603192149016035 -27.274173328688846 -13.187195358266452
20.203192149016033 -28.424922177204454 -13.527455681607272
21.697619340015947 -28.78052312765318 -14.808172408616048
22.515653328765836 -28.205148703395373 -16.54015527953595
12.87269698051632 -33.80048198059598 -18.06184570560818
11.778269789516402 -32.294132181631646 -18.792009664428484
14.367124171516242 -30.351856865864097 -13.187195358266447
14.967124171516241 -32.22914824238507 -13.527455681607266
14.843517373766263 -33.76031969741874 -14.808172408616043
14.043517373766258 -34.36051577774588 -16.54015527953594
15.519910576016269 -31.938531231182914 -23.666660011770226
13.919910576016267 -30.787782382667302 -23.326399688429404
19.155978553516057 -26.983556317486688 -23.32639968842941
19.75597855351606 -28.860847694007663 -23.66666001177023
19.126798946765994 -30.74762009949006 -23.876952456617886
17.508764958016098 -31.923190604075003 -23.876952456617882
20.174012542265967 -32.18898595920783 -14.078008449795746
20.803192149016034 -30.302213553725426 -13.867716004948093
16.56712417151624 -33.37989709090068 -13.867716004948086
18.55597855351607 -33.364556463792766 -14.078008449795744
22.82122613776592 -30.327035209794758 -19.682822755957787
22.944832935515898 -28.795863754761086 -18.402106028949014
20.850405744515975 -30.367197492971997 -22.93649605294993
22.021226137765915 -30.927231290121895 -21.414805626877687
14.472696980516318 -34.951230829111594 -18.402106028949003
16.614337767016185 -33.44488103014725 -22.936496052949927
20.050405744515984 -33.7201574142415 -15.358725176804521
22.192046531015855 -32.213807615277155 -19.893115200805443
19.719910576016293 -28.811204381868983 17.842332908842558
17.719910576016293 -28.811204381868986 17.842332908842558
16.1018765872664 -28.285473269749854 16.79087068460429
15.483842598516505 -27.434822461397815 15.089569067900207
19.719910576016296 -26.058440540926643 12.336805226957859
21.33794456476619 -26.584171653045775 13.388267451196128
21.955978553516086 -27.434822461397815 15.089569067900209
21.33794456476619 -28.28547326974985 16.79087068460429
15.483842598516505 -31.88888791904424 17.842332908842558
16.1018765872664 -29.986774886453933 17.842332908842558
12.865808609766617 -31.038237110692208 12.336805226957866
12.865808609766614 -32.73953872739629 13.388267451196134
13.483842598516508 -33.59018953574832 15.089569067900214
14.483842598516507 -33.26526983951541 16.790870684604293
23.95597855351609 -29.136124078101897 12.336805226957866
22.95597855351609 -27.75974215763072 13.388267451196132
19.719910576016304 -28.811204381868997 7.882739769311438
21.3379445647662 -29.986774886453944 7.88273976931144
22.955978553516093 -30.512505998573072 8.934201993549708
23.95597855351609 -30.187586302340165 10.635503610253789
14.483842598516512 -36.01803368045777 12.336805226957871
13.48384259851651 -34.641651759986594 13.388267451196135
15.483842598516514 -31.888887919044254 7.88273976931144
16.10187658726641 -33.79100095163456 7.882739769311443
16.10187658726641 -35.49230256833864 8.934201993549712
15.483842598516514 -36.34295337669068 10.635503610253792
17.719910576016296 -34.96657145621949 17.842332908842565
16.1018765872664 -33.791000951634544 17.84233290884256
21.33794456476619 -29.98677488645393 17.84233290884256
21.955978553516086 -31.888887919044237 17.842332908842565
21.337944564766193 -33.791000951634544 17.842332908842565
19.719910576016296 -34.96657145621949 17.842332908842565
21.3379445647662 -33.79100095163456 7.882739769311445
21.955978553516097 -31.88888791904425 7.882739769311443
17.719910576016304 -34.966571456219505 7.882739769311445
19.719910576016304 -34.966571456219505 7.882739769311444
24.574012542265987 -32.73953872739628 13.388267451196137
24.574012542265987 -31.0382371106922 12.33680522695787
22.95597855351609 -33.26526983951541 16.790870684604297
23.95597855351609 -33.59018953574832 15.089569067900218
16.101876587266407 -37.193604185042716 12.336805226957873
18.7199105760163 -36.342953376690666 16.7908706846043
21.3379445647662 -35.49230256833864 8.934201993549713
23.95597855351609 -34.64165175998659 13.38826745119614
-22.00470122148177 -25.832807468971083 -22.98613936508861
-20.01584683948194 -25.848148096078987 -22.77584692024095
-18.52141964848203 -25.49254714563026 -21.49513019323217
-18.092240041731973 -24.90183209426455 -19.63317944381911
-22.60470122148179 -23.90587278031145 -17.171032614078914
-24.099128412481704 -24.261473730760176 -18.451749341087694
-24.52830801923176 -24.85218878212589 -20.31370009050076
-23.728308019231754 -25.452384862453027 -22.045682961420656
-17.768633243981974 -28.910491006146326 -22.986139365088604
-18.397812850732045 -27.023718600663933 -22.775846920240948
-15.750599255232096 -28.885669350077 -17.171032614078904
-15.62699245748211 -30.416840805110667 -18.451749341087684
-16.056172064232168 -31.00755585647638 -20.313700090500745
-16.87420605298206 -30.432181432218574 -22.04568296142065
-26.793555603481614 -26.91857237824013 -18.061845705608217
-25.6991284124817 -25.412222579275788 -18.792009664428516
-23.051914816981753 -27.274173328688857 -13.187195358266472
-24.65191481698175 -28.42492217720447 -13.527455681607297
-26.146342007981662 -28.780523127653193 -14.808172408616073
-26.964375996731555 -28.205148703395388 -16.540155279535973
-17.32141964848202 -33.80048198059598 -18.061845705608203
-16.226992457482105 -32.29413218163164 -18.7920096644285
-18.815846839481956 -30.351856865864104 -13.187195358266466
-19.415846839481954 -32.22914824238507 -13.52745568160729
-19.29224004173197 -33.760319697418744 -14.808172408616066
-18.49224004173196 -34.36051577774588 -16.540155279535963
-19.96863324398197 -31.93853123118291 -23.666660011770247
-18.36863324398197 -30.7877823826673 -23.326399688429426
-23.60470122148177 -26.983556317486695 -23.326399688429433
-24.204701221481763 -28.860847694007667 -23.666660011770254
-23.5755216147317 -30.747620099490064 -23.87695245661791
-21.9574876259818 -31.923190604075007 -23.876952456617907
-24.622735210231678 -32.18898595920784 -14.078008449795773
-25.251914816981746 -30.30221355372544 -13.867716004948116
-21.01584683948195 -33.379897090900684 -13.867716004948111
-23.00470122148178 -33.36455646379278 -14.078008449795771
-27.269948805731623 -30.32703520979477 -19.682822755957815
-27.39355560348161 -28.7958637547611 -18.40210602894904
-25.29912841248168 -30.367197492972007 -22.936496052949956
-26.46994880573162 -30.927231290121906 -21.414805626877715
-20.41584683948193 -35.30683177956032 -19.682822755957808
-18.92141964848202 -34.951230829111594 -18.402106028949028
-21.063060434981885 -33.44488103014725 -22.936496052949952
-21.233880828231822 -34.73145735530251 -21.41480562687771
-24.499128412481692 -33.720157414241505 -15.358725176804548
-26.64076919898156 -32.21380761527716 -19.893115200805468
-22.404701221481762 -35.29149115245241 -19.893115200805465
-24.168633243982036 -28.811204381869047 17.842332908842515
-22.168633243982036 -28.811204381869047 17.842332908842515
-20.55059925523214 -28.28547326974991 16.79087068460425
-19.932565266482243 -27.434822461397868 15.089569067900168
-24.168633243982036 -26.058440540926693 12.336805226957821
-25.78666723273193 -26.58417165304583 13.388267451196088
-26.404701221481826 -27.43482246139787 15.089569067900166
-25.78666723273193 -28.285473269749914 16.790870684604247
-19.932565266482246 -31.888887919044297 17.84233290884251
-20.55059925523214 -29.98677488645399 17.842332908842515
-17.31453127773235 -31.03823711069225 12.336805226957821
-17.314531277732346 -32.73953872739633 13.388267451196084
-17.932565266482243 -33.59018953574837 15.089569067900165
-18.932565266482243 -33.26526983951547 16.790870684604243
-28.404701221481826 -29.13612407810195 12.336805226957816
-27.404701221481826 -27.759742157630775 13.388267451196086
-24.168633243982033 -28.811204381869036 7.882739769311392
-25.78666723273193 -29.986774886453986 7.8827397693113905
-27.404701221481822 -30.512505998573122 8.934201993549657
-28.404701221481822 -30.187586302340215 10.635503610253735
-18.932565266482243 -36.01803368045781 12.336805226957814
-17.932565266482243 -34.64165175998664 13.388267451196082
-19.93256526648224 -31.88888791904429 7.882739769311391
-20.550599255232136 -33.791000951634594 7.88273976931139
-20.550599255232136 -35.49230256833868 8.934201993549655
-19.93256526648224 -36.342953376690716 10.635503610253734
-22.168633243982033 -34.966571456219555 17.842332908842508
-20.55059925523214 -33.79100095163461 17.842332908842508
-25.78666723273193 -29.986774886453993 17.84233290884251
-26.404701221481826 -31.8888879190443 17.842332908842508
-25.78666723273193 -33.79100095163461 17.842332908842508
-24.168633243982033 -34.966571456219555 17.842332908842508
-25.786667232731926 -33.7910009516346 7.882739769311387
-26.404701221481822 -31.888887919044294 7.88273976931139
-22.16863324398203 -34.96657145621954 7.882739769311388
-24.16863324398203 -34.96657145621955 7.882739769311385
-29.02273521023172 -32.73953872739634 13.38826745119608
-29.02273521023172 -31.03823711069226 12.336805226957814
-27.404701221481826 -33.265269839515476 16.79087068460424
-28.404701221481822 -33.59018953574838 15.08956906790016
-22.168633243982033 -37.7193352971619 13.388267451196079
-20.550599255232136 -37.19360418504276 12.33680522695781
-23.168633243982033 -36.34295337669073 16.79087068460424
-23.168633243982033 -37.394415600928994 15.089569067900158
-25.786667232731926 -35.49230256833868 8.934201993549653
-28.404701221481822 -34.641651759986644 13.388267451196079
-24.168633243982033 -37.7193352971619 13.388267451196077
19.71991057601631 28.84343000684115 -17.790190752328893
17.71991057601631 28.84343000684115 -17.790190752328897
16.101876587266418 27.667859502256206 -17.790190752328897
15.483842598516517 25.7657464696659 -17.790190752328897
19.719910576016304 22.688062932490638 -17.790190752328893
21.337944564766204 23.863633437075585 -17.79019075232889
21.955978553516097 25.765746469665892 -17.790190752328893
21.337944564766207 27.6678595022562 -17.790190752328893
15.483842598516528 30.21981192731233 -20.542954593271244
16.10187658726642 29.369161118960285 -18.841652976567165
12.865808609766628 24.915095661313863 -22.244256209975326
12.86580860976663 26.616397278017942 -23.295718434213594
13.483842598516526 28.51851031060825 -23.295718434213594
14.483842598516528 29.89489223107942 -22.244256209975326
23.9559785535161 24.06444485296181 -20.54295459327124
22.955978553516097 24.389364549194717 -18.841652976567158
19.719910576016307 19.935299091548295 -22.24425620997532
21.337944564766204 20.461030203667423 -23.295718434213587
22.955978553516097 21.636600708252367 -23.295718434213587
23.9559785535161 23.01298262872354 -22.24425620997532
14.483842598516528 27.142128390137074 -26.69832166762175
13.483842598516528 27.46704808636998 -24.997020050917673
15.48384259851652 21.31168101201947 -24.99702005091767
16.101876587266418 22.16233182037151 -26.69832166762175
16.10187658726642 23.863633437075592 -27.749783891860016
15.483842598516528 25.7657464696659 -27.74978389186002
17.71991057601632 31.596193847783496 -23.29571843421359
16.101876587266425 31.070462735664364 -22.244256209975322
21.33794456476621 29.369161118960278 -18.84165297656716
21.955978553516108 30.21981192731232 -20.54295459327124
21.337944564766218 31.07046273566436 -22.24425620997532
19.71991057601632 31.596193847783496 -23.29571843421359
21.337944564766207 22.162331820371506 -26.698321667621748
21.955978553516097 21.311681012019463 -24.997020050917666
17.71991057601631 22.688062932490645 -27.749783891860016
19.719910576016314 22.68806293249064 -27.749783891860012
24.574012542266 26.61639727801793 -23.295718434213587
24.574012542265997 24.915095661313853 -22.24425620997532
22.955978553516108 29.89489223107941 -22.24425620997532
23.955978553516108 28.518510310608235 -23.295718434213587
16.101876587266425 27.667859502256206 -27.74978389186002
18.71991057601632 31.271274151550593 -24.99702005091767
21.33794456476621 23.863633437075585 -27.749783891860016
23.955978553516108 27.46704808636997 -24.997020050917666
-24.168633243982086 28.84343000684115 -17.790190752328837
-22.168633243982086 28.843430006841153 -17.79019075232884
-20.55059925523219 27.66785950225621 -17.790190752328847
-19.93256526648229 25.765746469665906 -17.79019075232884
-24.168633243982075 22.688062932490645 -17.790190752328837
-25.786667232731972 23.86363343707559 -17.790190752328837
-26.404701221481872 25.765746469665892 -17.790190752328837
-25.78666723273198 27.6678595022562 -17.790190752328837
-19.9325652664823 30.219811927312332 -20.54295459327119
-20.550599255232193 29.369161118960292 -18.84165297656711
-17.314531277732396 24.91509566131387 -22.244256209975276
-17.3145312777324 26.61639727801795 -23.29571843421354
-17.9325652664823 28.518510310608256 -23.29571843421354
-18.9325652664823 29.894892231079425 -22.244256209975273
-28.40470122148187 24.06444485296181 -20.54295459327118
-27.40470122148187 24.389364549194717 -18.8416529765671
-24.16863324398207 19.935299091548295 -22.244256209975266
-25.78666723273197 20.461030203667427 -23.29571843421353
-27.40470122148187 21.63660070825237 -23.295718434213526
-28.40470122148187 23.01298262872354 -22.24425620997526
-18.9325652664823 27.14212839013708 -26.6983216676217
-17.9325652664823 27.46704808636999 -24.99702005091762
-19.93256526648229 21.311681012019477 -24.997020050917616
-20.550599255232186 22.162331820371516 -26.6983216676217
-20.550599255232193 23.863633437075595 -27.749783891859963
-19.9325652664823 25.765746469665903 -27.749783891859963
-22.168633243982097 31.5961938477835 -23.295718434213537
-20.5505992552322 31.07046273566437 -22.24425620997527
-25.786667232731983 29.36916111896028 -18.841652976567104
-26.40470122148188 30.219811927312318 -20.542954593271183
-25.78666723273199 31.07046273566436 -22.244256209975266
-24.168633243982097 31.596193847783496 -23.295718434213533
-25.78666723273198 22.162331820371506 -26.69832166762169
-26.40470122148187 21.311681012019466 -24.99702005091761
-22.168633243982086 22.68806293249065 -27.749783891859963
-24.168633243982086 22.688062932490645 -27.74978389185996
-29.022735210231772 26.616397278017928 -23.295718434213526
-29.02273521023177 24.91509566131385 -22.24425620997526
-27.404701221481883 29.89489223107941 -22.244256209975262
-28.40470122148188 28.518510310608235 -23.295718434213526
-22.168633243982097 28.843430006841153 -27.749783891859963
-20.5505992552322 27.66785950225621 -27.749783891859963
-23.168633243982097 31.271274151550593 -24.997020050917612
-23.168633243982097 30.219811927312325 -26.698321667621695
-25.786667232731983 23.863633437075585 -27.74978389185996
-28.40470122148188 27.467048086369967 -24.997020050917605
-24.168633243982097 28.84343000684115 -27.74978389185996
34.90025046351523 -14.072626088458556 -17.790190752328893
34.28221647476533 -12.170513055868248 -17.790190752328893
32.664182486015434 -10.994942551283302 -17.79019075232889
30.664182486015434 -10.994942551283303 -17.790190752328886
29.04614849726554 -15.974739121048865 -17.79019075232889
30.664182486015438 -17.15030962563381 -17.79019075232889
32.664182486015434 -17.15030962563381 -17.790190752328893
34.282216474765335 -15.974739121048863 -17.790190752328897
34.90025046351522 -9.618560630812123 -20.54295459327124
34.28221647476533 -10.469211439164166 -18.84165297656716
29.04614849726553 -8.767909822460087 -22.244256209975312
30.664182486015424 -8.24217871034095 -23.29571843421358
32.66418248601542 -8.24217871034095 -23.295718434213583
34.28221647476532 -8.767909822460084 -22.24425620997532
31.664182486015434 -19.57815377034325 -20.542954593271244
31.664182486015438 -18.52669154610498 -18.84165297656716
26.42811450851564 -16.825389929400902 -22.244256209975312
27.42811450851564 -18.201771849872074 -23.295718434213583
29.046148497265538 -19.37734235445702 -23.295718434213587
30.664182486015434 -19.903073466576153 -22.244256209975322
31.66418248601542 -9.618560630812121 -26.69832166762174
31.664182486015424 -8.567098406573855 -24.997020050917662
26.428114508515637 -12.371324471754473 -24.997020050917655
27.428114508515634 -12.696244167987379 -26.698321667621737
29.046148497265527 -12.170513055868243 -27.74978389186001
30.66418248601542 -10.994942551283295 -27.74978389186001
36.90025046351521 -11.319862247516202 -23.29571843421359
35.90025046351521 -9.94348032704503 -22.244256209975322
35.90025046351523 -15.449008008929727 -18.841652976567165
36.90025046351522 -15.773927705162631 -20.542954593271247
37.518284452265114 -14.92327689681059 -22.244256209975326
37.518284452265114 -13.22197528010651 -23.29571843421359
29.04614849726553 -17.67604073775294 -26.698321667621745
28.42811450851564 -18.526691546104978 -24.997020050917666
28.428114508515634 -14.07262608845855 -27.74978389186001
29.046148497265527 -15.974739121048858 -27.749783891860012
34.28221647476533 -19.377342354457017 -23.295718434213594
32.664182486015434 -19.903073466576153 -22.244256209975326
36.90025046351522 -16.8253899294009 -22.244256209975326
35.90025046351522 -18.20177184987207 -23.295718434213594
34.28221647476531 -12.170513055868238 -27.749783891860016
32.66418248601542 -10.994942551283295 -27.749783891860012
36.90025046351521 -12.371324471754468 -24.99702005091767
35.90025046351521 -12.696244167987372 -26.69832166762175
30.664182486015424 -17.150309625633803 -27.749783891860016
34.90025046351522 -18.526691546104978 -24.997020050917673
34.90025046351521 -14.072626088458547 -27.74978389186002
-39.348973131480975 -14.072626088458577 -17.79019075232889
-38.73093914273108 -12.17051305586827 -17.79019075232889
-37.11290515398119 -10.994942551283321 -17.79019075232889
-35.11290515398119 -10.99494255128332 -17.790190752328886
-33.49487116523129 -15.974739121048879 -17.790190752328883
-35.11290515398118 -17.150309625633824 -17.790190752328886
-37.11290515398118 -17.150309625633827 -17.79019075232889
-38.730939142731074 -15.974739121048882 -17.79019075232889
-39.348973131480975 -9.618560630812148 -20.542954593271237
-38.73093914273108 -10.469211439164189 -18.841652976567158
-33.49487116523129 -8.767909822460103 -22.244256209975312
-35.11290515398118 -8.24217871034097 -23.29571843421358
-37.11290515398118 -8.242178710340973 -23.295718434213583
-38.730939142731074 -8.767909822460105 -22.24425620997532
-36.112905153981174 -19.578153770343267 -20.542954593271233
-36.11290515398118 -18.526691546105 -18.841652976567154
-30.876837176481388 -16.825389929400917 -22.24425620997531
-31.876837176481384 -18.201771849872088 -23.295718434213576
-33.494871165231274 -19.377342354457035 -23.29571843421358
-35.112905153981174 -19.903073466576174 -22.244256209975315
-36.112905153981174 -9.618560630812144 -26.698321667621745
-36.112905153981174 -8.567098406573876 -24.997020050917662
-30.876837176481388 -12.371324471754487 -24.997020050917655
-31.87683717648138 -12.696244167987395 -26.698321667621737
-33.494871165231274 -12.17051305586826 -27.749783891860005
-35.112905153981174 -10.994942551283316 -27.74978389186001
-41.34897313148097 -11.319862247516228 -23.29571843421359
-40.34897313148097 -9.943480327045055 -22.244256209975322
-40.348973131480975 -15.44900800892975 -18.84165297656716
-41.34897313148097 -15.773927705162658 -20.54295459327124
-41.96700712023086 -14.923276896810616 -22.244256209975322
-41.96700712023086 -13.221975280106538 -23.29571843421359
-33.494871165231274 -17.676040737752956 -26.69832166762174
-32.87683717648138 -18.526691546104995 -24.99702005091766
-32.87683717648138 -14.072626088458568 -27.749783891860005
-33.494871165231274 -15.974739121048877 -27.749783891860005
-38.73093914273107 -19.377342354457042 -23.295718434213587
-37.112905153981174 -19.903073466576174 -22.244256209975315
-41.34897313148096 -16.825389929400924 -22.244256209975322
-40.34897313148096 -18.201771849872095 -23.295718434213587
-38.73093914273107 -12.170513055868266 -27.749783891860012
-37.11290515398117 -10.99494255128332 -27.749783891860012
-41.34897313148096 -12.371324471754495 -24.99702005091767
-40.34897313148096 -12.6962441679874 -26.698321667621748
-35.11290515398117 -17.150309625633824 -27.74978389186001
-39.34897313148096 -18.526691546105 -24.997020050917666
-39.34897313148096 -14.072626088458573 -27.749783891860016
-1.2243613339828918 -41.771777923035835 -17.790190752328865
0.39367265476700286 -40.59620741845089 -17.79019075232887
1.0117066435168964 -38.69409438586057 -17.790190752328865
0.3936726547669993 -36.79198135327027 -17.79019075232887
-4.842395322732789 -36.79198135327027 -17.79019075232887
-5.460429311482683 -38.69409438586058 -17.79019075232887
-4.842395322732786 -40.59620741845089 -17.79019075232887
-3.224361333982891 -41.771777923035835 -17.79019075232886
3.0117066435168973 -40.39539600256466 -20.54295459327121
2.0117066435168973 -40.07047630633175 -18.841652976567133
2.0117066435168955 -34.564948624447055 -22.244256209975298
3.0117066435168955 -35.94133054491823 -23.295718434213562
3.629740632266792 -37.84344357750854 -23.295718434213562
3.6297406322667913 -39.54474519421262 -22.244256209975294
-7.460429311482681 -40.39539600256467 -20.54295459327121
-6.460429311482681 -40.070476306331756 -18.841652976567133
-6.460429311482683 -34.56494862444706 -22.244256209975298
-7.460429311482683 -35.94133054491824 -23.295718434213565
-8.078463300232576 -37.843443577508545 -23.295718434213562
-8.078463300232574 -39.544745194212624 -22.244256209975294
2.011706643516898 -37.317712465389405 -26.698321667621723
3.0117066435168973 -36.9927927691565 -24.99702005091764
-2.2243613339828934 -33.18856670397589 -24.997020050917644
-2.2243613339828916 -34.24002892821416 -26.698321667621727
-1.2243613339828916 -35.616410848685334 -27.74978389185999
0.39367265476700286 -36.79198135327027 -27.74978389185999
2.0117066435169 -42.8232401472741 -23.29571843421356
3.011706643516898 -41.446858226802924 -22.24425620997529
-2.2243613339828903 -43.14815984350701 -18.841652976567133
-2.2243613339828894 -44.199622067745274 -20.54295459327121
-1.2243613339828894 -44.524541763978185 -22.24425620997529
0.39367265476700464 -43.998810651859046 -23.29571843421356
-6.460429311482679 -37.31771246538941 -26.698321667621723
-7.460429311482681 -36.99279276915651 -24.997020050917644
-3.2243613339828907 -35.616410848685334 -27.74978389185999
-4.842395322732784 -36.79198135327028 -27.74978389185999
-6.460429311482679 -42.823240147274106 -23.29571843421356
-7.460429311482679 -41.44685822680293 -22.244256209975294
-3.2243613339828885 -44.524541763978185 -22.24425620997529
-4.842395322732783 -43.99881065185905 -23.29571843421356
0.3936726547670055 -40.59620741845089 -27.749783891859988
1.0117066435168987 -38.69409438586058 -27.74978389185999
1.0117066435169009 -43.14815984350701 -24.997020050917637
0.3936726547670064 -42.297509035154974 -26.69832166762172
-4.8423953227327825 -40.596207418450895 -27.749783891859988
-5.460429311482679 -38.69409438586059 -27.74978389185999
-5.460429311482677 -43.14815984350701 -24.99702005091764
-4.8423953227327825 -42.297509035154974 -26.69832166762172
-1.224361333982888 -41.77177792303584 -27.749783891859988
-3.2243613339828876 -41.77177792303584 -27.749783891859988
-1.2243613339828676 2.768876653428415 -45.317829161752336
0.39367265476702684 2.243145541309283 -44.266366937514064
1.0117066435169186 1.3924947329572452 -42.565065320809985
0.39367265476702196 0.5418439246052049 -40.86376370410591
-4.842395322732768 0.5418439246052049 -40.863763704105914
-5.460429311482661 1.3924947329572452 -42.56506532080999
-4.842395322732763 2.243145541309283 -44.26636693751407
-3.224361333982867 2.768876653428417 -45.317829161752336
3.0117066435169235 -0.3088068837468372 -45.31782916175233
2.011706643516921 1.067575036724338 -44.266366937514064
2.0117066435169173 -4.437952645160356 -40.8637637041059
3.011706643516919 -4.762872341393264 -42.56506532080998
3.629740632266814 -3.912221533041225 -44.26636693751406
3.6297406322668175 -2.2109199163371462 -45.31782916175233
-7.460429311482657 -0.30880688374683896 -45.31782916175234
-6.460429311482659 1.0675750367243362 -44.26636693751408
-6.460429311482663 -4.437952645160357 -40.863763704105914
-7.460429311482661 -4.762872341393264 -42.56506532080999
-8.078463300232555 -3.912221533041226 -44.26636693751408
-8.078463300232553 -2.2109199163371462 -45.31782916175234
2.0117066435169217 -7.1907164861027075 -45.31782916175233
3.011706643516919 -5.814334565631533 -44.26636693751406
-2.224361333982874 -7.51563618233561 -40.86376370410591
-2.224361333982871 -8.56709840657388 -42.565065320809985
-1.2243613339828694 -8.892018102806787 -44.266366937514064
0.3936726547670273 -8.366286990687655 -45.31782916175233
-6.460429311482657 -7.190716486102708 -45.31782916175234
-7.46042931148266 -5.814334565631533 -44.26636693751407
-3.2243613339828694 -8.892018102806787 -44.26636693751407
-4.842395322732763 -8.366286990687655 -45.317829161752336
2.011706643516927 -1.6851888042180136 -48.720432395160486
3.0117066435169235 -1.3602691079851073 -47.01913077845641
-2.224361333982865 2.4439569571955078 -47.019130778456415
-2.2243613339828627 1.3924947329572408 -48.72043239516049
-1.2243613339828618 0.016112812486064776 -49.771894619398765
0.3936726547670335 -1.1594576920988817 -49.77189461939876
-6.4604293114826525 -1.6851888042180152 -48.7204323951605
-7.460429311482655 -1.360269107985107 -47.01913077845642
-3.2243613339828614 0.016112812486064776 -49.771894619398765
-4.842395322732757 -1.1594576920988822 -49.771894619398765
0.39367265476703217 -6.664985373983576 -48.720432395160486
1.011706643516924 -7.515636182335616 -47.01913077845641
1.0117066435169275 -3.0615707246891892 -49.77189461939876
0.39367265476703395 -4.9636837572794965 -49.77189461939876
-4.842395322732758 -6.664985373983576 -48.72043239516049
-5.460429311482656 -7.515636182335616 -47.019130778456415
-5.460429311482652 -3.0615707246891892 -49.771894619398765
-4.842395322732757 -4.9636837572794965 -49.771894619398765
-1.2243613339828623 -6.139254261864444 -49.77189461939876
-3.224361333982862 -6.139254261864444 -49.771894619398765
0.7361008257079149 5.467221325794681 45.08258006238099
2.307751728952013 4.877649373369701 43.995235429228366
2.852614956545807 3.9262876522552936 42.32250265355429
2.162571274768439 2.9765240043215635 40.7033088015703
-3.068578339211978 2.9832935509479337 40.93010332176369
-3.613441566805773 3.934655272062342 42.602836097437766
-2.923397885028405 4.884418919996072 44.22202994942175
-1.2620205265967122 5.4698070625175275 45.16920786063264
4.972168803207706 2.389537788619429 45.082580062380984
3.925785717701907 3.7020788687847554 43.995235429228366
3.7855236270377066 -1.9965030188176272 40.93010332176368
4.858694388193808 -2.2207118022881653 42.60283609743775
5.548738069971174 -1.2709481543544356 44.222029949421746
5.592081439652973 0.4900104927519672 45.16920786063263
-5.490130424753129 2.4030768818721686 45.53616910276776
-4.5383921579543 3.713032225314649 44.36219667136349
-4.678654248618501 -1.9855496622877338 41.29706456389881
-5.603604839767028 -2.207172709035426 43.05642513782453
-6.148468067360823 -1.2558109879210186 44.72915791349861
-6.105124697679024 0.505147659185384 45.6763358247095
3.9820055302464503 -4.4788327204837 45.536169102767744
4.933743797045279 -3.1688773770412193 44.36219667136348
-0.4425862711187108 -5.063233199462987 41.2970645638988
-0.36753686226723803 -6.011398774216041 43.056425137824526
0.7056338988888623 -6.23560755768658 44.729157913498604
2.3670112573205557 -5.6502194151651235 45.67633582470948
-4.482172345409757 -4.4678793639538075 45.90313034490288
-5.528555430915556 -3.1553382837884802 44.81578571175026
-1.2924874534157649 -6.233021820963734 44.81578571175025
-2.864138356659862 -5.643449868538753 45.90313034490287
4.122267620910651 1.2197491671186826 48.601301210232435
5.047218212059177 1.4413722138663747 46.84194063630671
-0.18884976544061144 5.245598279046991 46.84194063630672
-0.1138003565891389 4.297432704293937 48.60130121023244
0.9325827289166584 2.984891624128609 49.68864584338506
2.5506167176665535 1.8093211195436623 49.68864584338506
-4.341910254745557 1.2307025236485754 48.96826245236756
-5.415081015901657 1.4549113071191142 47.295529676693484
-1.0655386233879685 2.9874773608514547 49.77527364163671
-2.6805328963138644 1.8160906661700325 49.91544036357845
2.512191711504128 -3.7490940461169857 48.968262452367554
3.057054939097924 -4.700455767231393 47.29552967669348
3.170529354111822 -0.09020617632379896 49.7752736416367
2.5555350811859263 -1.9881353990105826 49.91544036357844
-2.718957902476289 -3.742324499490616 49.19505697256094
-3.409001584253658 -4.692088147424346 47.575863120576955
-3.295527169239759 -0.08183855651675187 50.05560708552018
-2.6756145327944907 -1.9813658523842126 50.14223488377183
0.9405408082600308 -3.1595220936920057 50.05560708552017
-1.057580544044596 -3.1569363569691595 50.14223488377183
3 0 1 2
3 3 1 2
3 3 1 0
3 3 2 0
3 4 5 6
3 7 5 6
3 7 5 4
3 7 6 4
3 8 9 10
3 11 9 10
3 11 9 8
3 11 10 8
3 12 13 14
3 15 13 14
3 15 13 12
3 15 14 12
3 16 17 18
3 19 17 18
3 19 17 16
3 19 18 16
3 20 21 22
3 23 21 22
3 23 21 20
3 23 22 20
3 24 25 26
3 27 25 26
3 27 25 24
3 27 26 24
3 28 29 30
3 31 29 30
3 31 29 28
3 31 30 28
3 32 33 34
3 35 33 34
3 35 33 32
3 35 34 32
3 36 37 38
3 39 37 38
3 39 37 36
3 39 38 36
3 40 41 42
3 43 41 42
3 43 41 40
3 43 42 40
3 44 45 46
3 47 45 46
3 47 45 44
3 47 46 44
3 48 49 50
3 51 49 50
3 51 49 48
3 51 50 48
3 52 53 54
3 55 53 54
3 55 53 52
3 55 54 52
3 56 57 58
3 59 57 58
3 59 57 56
3 59 58 56
3 60 61 62
3 63 61 62
3 63 61 60
3 63 62 60
3 64 65 66
3 67 65 66
3 67 65 64
3 67 66 64
3 68 69 70
3 71 69 70
3 71 69 68
3 71 70 68
3 72 73 74
3 75 73 74
3 75 73 72
3 75 74 72
3 76 77 78
3 79 77 78
3 79 77 76
3 79 78 76
3 80 81 82
3 83 81 82
3 83 81 80
3 83 82 80
3 84 85 86
3 87 85 86
3 87 85 84
3 87 86 84
3 88 89 90
3 91 89 90
3 91 89 88
3 91 90 88
3 92 93 94
3 95 93 94
3 95 93 92
3 95 94 92
3 96 97 98
3 99 97 98
3 99 97 96
3 99 98 96
3 100 101 102
3 103 101 102
3 103 101 100
3 103 102 100
3 104 105 106
3 107 105 106
3 107 105 104
3 107 106 104
3 108 109 110
3 111 109 110
3 111 109 108
3 111 110 108
3 112 113 114
3 115 113 114
3 115 113 112
3 115 114 112
3 116 117 118
3 119 117 118
3 119 117 116
3 119 118 116
3 120 121 122
3 123 121 122
3 123 121 120
3 123 122 120
3 124 125 126
3 127 125 126
3 127 125 124
3 127 126 124
3 128 129 130
3 131 129 130
3 131 129 128
3 131 130 128
3 132 133 134
3 135 133 134
3 135 133 132
3 135 134 132
3 136 137 138
3 139 137 138
3 139 137 136
3 139 138 136
3 140 141 142
3 143 141 142
3 143 141 140
3 143 142 140
3 144 145 146
3 147 145 146
3 147 145 144
3 147 146 144
3 148 149 150
3 151 149 150
3 151 149 148
3 151 150 148
3 152 153 154
3 155 153 154
3 155 153 152
3 155 154 152
3 156 157 158
3 159 157 158
3 159 157 156
3 159 158 156
3 160 161 162
3 163 161 162
3 163 161 160
3 163 162 160
3 164 165 166
3 167 165 166
3 167 165 164
3 167 166 164
3 168 169 170
3 171 169 170
3 171 169 168
3 171 170 168
3 172 173 174
3 175 173 174
3 175 173 172
3 175 174 172
3 176 177 178
3 179 177 178
3 179 177 176
3 179 178 176
3 180 181 182
3 183 181 182
3 183 181 180
3 183 182 180
3 184 185 186
3 187 185 186
3 187 185 184
3 187 186 184
3 188 189 190
3 191 189 190
3 191 189 188
3 191 190 188
3 192 193 194
3 195 193 194
3 195 193 192
3 195 194 192
3 196 197 198
3 199 197 198
3 199 197 196
3 199 198 196
3 200 201 202
3 203 201 202
3 203 201 200
3 203 202 200
3 204 205 206
3 207 205 206
3 207 205 204
3 207 206 204
3 208 209 210
3 211 209 210
3 211 209 208
3 211 210 208
3 212 213 214
3 215 213 214
3 215 213 212
3 215 214 212
3 216 217 218
3 219 217 218
3 219 217 216
3 219 218 216
3 220 221 222
3 223 221 222
3 223 221 220
3 223 222 220
3 224 225 226
3 227 225 226
3 227 225 224
3 227 226 224
3 228 229 230
3 231 229 230
3 231 229 228
3 231 230 228
3 232 233 234
3 235 233 234
3 235 233 232
3 235 234 232
3 236 237 238
3 239 237 238
3 239 237 236
3 239 238 236
3 240 241 242
3 243 241 242
3 243 241 240
3 243 242 240
3 244 245 246
3 247 245 246
3 247 245 244
3 247 246 244
3 248 249 250
3 251 249 250
3 251 249 248
3 251 250 248
3 252 253 254
3 255 253 254
3 255 253 252
3 255 254 252
3 256 257 258
3 259 257 258
3 259 257 256
3 259 258 256
3 260 261 262
3 263 261 262
3 263 261 260
3 263 262 260
3 264 265 266
3 267 265 266
3 267 265 264
3 267 266 264
3 268 269 270
3 271 269 270
3 271 269 268
3 271 270 268
3 272 273 274
3 275 273 274
3 275 273 272
3 275 274 272
3 276 277 278
3 279 277 278
3 279 277 276
3 279 278 276
3 280 281 282
3 283 281 282
3 283 281 280
3 283 282 280
3 284 285 286
3 287 285 286
3 287 285 284
3 287 286 284
3 288 289 290
3 291 289 290
3 291 289 288
3 291 290 288
3 292 293 294
3 295 293 294
3 295 293 292
3 295 294 292
3 296 297 298
3 299 297 298
3 299 297 296
3 299 298 296
3 300 301 302
3 303 301 302
3 303 301 300
3 303 302 300
3 304 305 306
3 307 305 306
3 307 305 304
3 307 306 304
3 308 309 310
3 311 309 310
3 311 309 308
3 311 310 308
3 312 313 314
3 315 313 314
3 315 313 312
3 315 314 312
3 316 317 318
3 319 317 318
3 319 317 316
3 319 318 316
3 320 321 322
3 323 321 322
3 323 321 320
3 323 322 320
3 324 325 326
3 327 325 326
3 327 325 324
3 327 326 324
3 328 329 330
3 331 329 330
3 331 329 328
3 331 330 328
3 332 333 334
3 335 333 334
3 335 333 332
3 335 334 332
3 336 337 338
3 339 337 338
3 339 337 336
3 339 338 336
3 340 341 342
3 343 341 342
3 343 341 340
3 343 342 340
3 344 345 346
3 347 345 346
3 347 345 344
3 347 346 344
3 348 349 350
3 351 349 350
3 351 349 348
3 351 350 348
3 352 353 354
3 355 353 354
3 355 353 352
3 355 354 352
3 356 357 358
3 359 357 358
3 359 357 356
3 359 358 356
3 360 361 362
3 363 361 362
3 363 361 360
3 363 362 360
3 364 365 366
3 367 365 366
3 367 365 364
3 367 366 364
3 368 369 370
3 371 369 370
3 371 369 368
3 371 370 368
3 372 373 374
3 375 373 374
3 375 373 372
3 375 374 372
3 376 377 378
3 379 377 378
3 379 377 376
3 379 378 376
3 380 381 382
3 383 381 382
3 383 381 380
3 383 382 380
3 384 385 386
3 387 385 386
3 387 385 384
3 387 386 384
3 388 389 390
3 391 389 390
3 391 389 388
3 391 390 388
3 392 393 394
3 395 393 394
3 395 393 392
3 395 394 392
3 396 397 398
3 399 397 398
3 399 397 396
3 399 398 396
3 400 401 402
3 403 401 402
3 403 401 400
3 403 402 400
3 404 405 406
3 407 405 406
3 407 405 404
3 407 406 404
3 408 409 410
3 411 409 410
3 411 409 408
3 411 410 408
3 412 413 414
3 415 413 414
3 415 413 412
3 415 414 412
3 416 417 418
3 419 417 418
3 419 417 416
3 419 418 416
3 420 421 422
3 423 421 422
3 423 421 420
3 423 422 420
3 424 425 426
3 427 425 426
3 427 425 424
3 427 426 424
3 428 429 430
3 431 429 430
3 431 429 428
3 431 430 428
3 432 433 434
3 435 433 434
3 435 433 432
3 435 434 432
3 436 437 438
3 439 437 438
3 439 437 436
3 439 438 436
3 440 441 442
3 443 441 442
3 443 441 440
3 443 442 440
3 444 445 446
3 447 445 446
3 447 445 444
3 447 446 444
3 448 449 450
3 451 449 450
3 451 449 448
3 451 450 448
3 452 453 454
3 455 453 454
3 455 453 452
3 455 454 452
3 456 457 458
3 459 457 458
3 459 457 456
3 459 458 456
3 460 461 462
3 463 461 462
3 463 461 460
3 463 462 460
3 464 465 466
3 467 465 466
3 467 465 464
3 467 466 464
3 468 469 470
3 471 469 470
3 471 469 468
3 471 470 468
3 472 473 474
3 475 473 474
3 475 473 472
3 475 474 472
3 476 477 478
3 479 477 478
3 479 477 476
3 479 478 476
3 480 481 482
3 483 481 482
3 483 481 480
3 483 482 480
3 484 485 486
3 487 485 486
3 487 485 484
3 487 486 484
3 488 489 490
3 491 489 490
3 491 489 488
3 491 490 488
3 492 493 494
3 495 493 494
3 495 493 492
3 495 494 492
3 496 497 498
3 499 497 498
3 499 497 496
3 499 498 496
3 500 501 502
3 503 501 502
3 503 501 500
3 503 502 500
3 504 505 506
3 507 505 506
3 507 505 504
3 507 506 504
3 508 509 510
3 511 509 510
3 511 509 508
3 511 510 508
3 512 513 514
3 515 513 514
3 515 513 512
3 515 514 512
3 516 517 518
3 519 517 518
3 519 517 516
3 519 518 516
3 520 521 522
3 523 521 522
3 523 521 520
3 523 522 520
3 524 525 526
3 527 525 526
3 527 525 524
3 527 526 524
3 528 529 530
3 531 529 530
3 531 529 528
3 531 530 528
3 532 533 534
3 535 533 534
3 535 533 532
3 535 534 532
3 536 537 538
3 539 537 538
3 539 537 536
3 539 538 536
3 540 541 542
3 543 541 542
3 543 541 540
3 543 542 540
3 544 545 546
3 547 545 546
3 547 545 544
3 547 546 544
3 548 549 550
3 551 549 550
3 551 549 548
3 551 550 548
3 552 553 554
3 555 553 554
3 555 553 552
3 555 554 552
3 556 557 558
3 559 557 558
3 559 557 556
3 559 558 556
3 560 561 562
3 563 561 562
3 563 561 560
3 563 562 560
3 564 565 566
3 567 565 566
3 567 565 564
3 567 566 564
3 568 569 570
3 571 569 570
3 571 569 568
3 571 570 568
3 572 573 574
3 575 573 574
3 575 573 572
3 575 574 572
3 576 577 578
3 579 577 578
3 579 577 576
3 579 578 576
3 580 581 582
3 583 581 582
3 583 581 580
3 583 582 580
3 584 585 586
3 587 585 586
3 587 585 584
3 587 586 584
3 588 589 590
3 591 589 590
3 591 589 588
3 591 590 588
3 592 593 594
3 595 593 594
3 595 593 592
3 595 594 592
3 596 597 598
3 599 597 598
3 599 597 596
3 599 598 596
3 600 601 602
3 603 601 602
3 603 601 600
3 603 602 600
3 604 605 606
3 607 605 606
3 607 605 604
3 607 606 604
3 608 609 610
3 611 609 610
3 611 609 608
3 611 610 608
3 612 613 614
3 615 613 614
3 615 613 612
3 615 614 612
3 616 617 618
3 619 617 618
3 619 617 616
3 619 618 616
3 620 621 622
3 623 621 622
3 623 621 620
3 623 622 620
3 624 625 626
3 627 625 626
3 627 625 624
3 627 626 624
3 628 629 630
3 631 629 630
3 631 629 628
3 631 630 628
3 632 633 634
3 635 633 634
3 635 633 632
3 635 634 632
3 636 637 638
3 639 637 638
3 639 637 636
3 639 638 636
3 640 641 642
3 643 641 642
3 643 641 640
3 643 642 640
3 644 645 646
3 647 645 646
3 647 645 644
3 647 646 644
3 648 649 650
3 651 649 650
3 651 649 648
3 651 650 648
3 652 653 654
3 655 653 654
3 655 653 652
3 655 654 652
3 656 657 658
3 659 657 658
3 659 657 656
3 659 658 656
3 660 661 662
3 663 661 662
3 663 661 660
3 663 662 660
3 664 665 666
3 667 665 666
3 667 665 664
3 667 666 664
3 668 669 670
3 671 669 670
3 671 669 668
3 671 670 668
3 672 673 674
3 675 673 674
3 675 673 672
3 675 674 672
3 676 677 678
3 679 677 678
3 679 677 676
3 679 678 676
3 680 681 682
3 683 681 682
3 683 681 680
3 683 682 680
3 684 685 686
3 687 685 686
3 687 685 684
3 687 686 684
3 688 689 690
3 691 689 690
3 691 689 688
3 691 690 688
3 692 693 694
3 695 693 694
3 695 693 692
3 695 694 692
3 696 697 698
3 699 697 698
3 699 697 696
3 699 698 696
3 700 701 702
3 703 701 702
3 703 701 700
3 703 702 700
3 704 705 706
3 707 705 706
3 707 705 704
3 707 706 704
3 708 709 710
3 711 709 710
3 711 709 708
3 711 710 708
3 712 713 714
3 715 713 714
3 715 713 712
3 715 714 712
3 716 717 718
3 719 717 718
3 719 717 716
3 719 718 716
3 720 721 722
3 723 721 722
3 723 721 720
3 723 722 720
3 724 725 726
3 727 725 726
3 727 725 724
3 727 726 724
3 728 729 730
3 731 729 730
3 731 729 728
3 731 730 728
3 732 733 734
3 735 733 734
3 735 733 732
3 735 734 732
3 736 737 738
3 739 737 738
3 739 737 736
3 739 738 736
3 740 741 742
3 743 741 742
3 743 741 740
3 743 742 740
3 744 745 746
3 747 745 746
3 747 745 744
3 747 746 744
3 748 749 750
3 751 749 750
3 751 749 748
3 751 750 748
3 752 753 754
3 755 753 754
3 755 753 752
3 755 754 752
3 756 757 758
3 759 757 758
3 759 757 756
3 759 758 756
3 760 761 762
3 763 761 762
3 763 761 760
3 763 762 760
3 764 765 766
3 767 765 766
3 767 765 764
3 767 766 764
3 768 769 770
3 771 769 770
3 771 769 768
3 771 770 768
3 772 773 774
3 775 773 774
3 775 773 772
3 775 774 772
3 776 777 778
3 779 777 778
3 779 777 776
3 779 778 776
3 780 781 782
3 783 781 782
3 783 781 780
3 783 782 780
3 784 785 786
3 787 785 786
3 787 785 784
3 787 786 784
3 788 789 790
3 791 789 790
3 791 789 788
3 791 790 788
3 792 793 794
3 795 793 794
3 795 793 792
3 795 794 792
3 796 797 798
3 799 797 798
3 799 797 796
3 799 798 796
3 800 801 802
3 803 801 802
3 803 801 800
3 803 802 800
3 804 805 806
3 807 805 806
3 807 805 804
3 807 806 804
3 808 809 810
3 811 809 810
3 811 809 808
3 811 810 808
3 812 813 814
3 815 813 814
3 815 813 812
3 815 814 812
3 816 817 818
3 819 817 818
3 819 817 816
3 819 818 816
3 820 821 822
3 823 821 822
3 823 821 820
3 823 822 820
3 824 825 826
3 827 825 826
3 827 825 824
3 827 826 824
3 828 829 830
3 831 829 830
3 831 829 828
3 831 830 828
3 832 833 834
3 835 833 834
3 835 833 832
3 835 834 832
3 836 837 838
3 839 837 838
3 839 837 836
3 839 838 836
3 840 841 842
3 843 841 842
3 843 841 840
3 843 842 840
3 844 845 846
3 847 845 846
3 847 845 844
3 847 846 844
3 848 849 850
3 851 849 850
3 851 849 848
3 851 850 848
3 852 853 854
3 855 853 854
3 855 853 852
3 855 854 852
3 856 857 858
3 859 857 858
3 859 857 856
3 859 858 856
3 860 861 862
3 863 861 862
3 863 861 860
3 863 862 860
3 864 865 866
3 867 865 866
3 867 865 864
3 867 866 864
3 868 869 870
3 871 869 870
3 871 869 868
3 871 870 868
3 872 873 874
3 875 873 874
3 875 873 872
3 875 874 872
3 876 877 878
3 879 877 878
3 879 877 876
3 879 878 876
3 880 881 882
3 883 881 882
3 883 881 880
3 883 882 880
3 884 885 886
3 887 885 886
3 887 885 884
3 887 886 884
3 888 889 890
3 891 889 890
3 891 889 888
3 891 890 888
3 892 893 894
3 895 893 894
3 895 893 892
3 895 894 892
3 896 897 898
3 899 897 898
3 899 897 896
3 899 898 896
3 900 901 902
3 903 901 902
3 903 901 900
3 903 902 900
3 904 905 906
3 907 905 906
3 907 905 904
3 907 906 904
3 908 909 910
3 911 909 910
3 911 909 908
3 911 910 908
3 912 913 914
3 915 913 914
3 915 913 912
3 915 914 912
3 916 917 918
3 919 917 918
3 919 917 916
3 919 918 916
3 920 921 922
3 923 921 922
3 923 921 920
3 923 922 920
3 924 925 926
3 927 925 926
3 927 925 924
3 927 926 924
3 928 929 930
3 931 929 930
3 931 929 928
3 931 930 928
3 932 933 934
3 935 933 934
3 935 933 932
3 935 934 932
3 936 937 938
3 939 937 938
3 939 937 936
3 939 938 936
3 940 941 942
3 943 941 942
3 943 941 940
3 943 942 940
3 944 945 946
3 947 945 946
3 947 945 944
3 947 946 944
3 948 949 950
3 951 949 950
3 951 949 948
3 951 950 948
3 952 953 954
3 955 953 954
3 955 953 952
3 955 954 952
3 956 957 958
3 959 957 958
3 959 957 956
3 959 958 956
3 960 961 962
3 963 961 962
3 963 961 960
3 963 962 960
3 964 965 966
3 967 965 966
3 967 965 964
3 967 966 964
3 968 969 970
3 971 969 970
3 971 969 968
3 971 970 968
3 972 973 974
3 975 973 974
3 975 973 972
3 975 974 972
3 976 977 978
3 979 977 978
3 979 977 976
3 979 978 976
3 980 981 982
3 983 981 982
3 983 981 980
3 983 982 980
3 984 985 986
3 987 985 986
3 987 985 984
3 987 986 984
3 988 989 990
3 991 989 990
3 991 989 988
3 991 990 988
3 992 993 994
3 995 993 994
3 995 993 992
3 995 994 992
3 996 997 998
3 999 997 998
3 999 997 996
3 999 998 996
3 1000 1001 1002
3 1003 1001 1002
3 1003 1001 1000
3 1003 1002 1000
3 1004 1005 1006
3 1007 1005 1006
3 1007 1005 1004
3 1007 1006 1004
3 1008 1009 1010
3 1011 1009 1010
3 1011 1009 1008
3 1011 1010 1008
3 1012 1013 1014
3 1015 1013 1014
3 1015 1013 1012
3 1015 1014 1012
3 1016 1017 1018
3 1019 1017 1018
3 1019 1017 1016
3 1019 1018 1016
3 1020 1021 1022
3 1023 1021 1022
3 1023 1021 1020
3 1023 1022 1020
3 1024 1025 1026
3 1027 1025 1026
3 1027 1025 1024
3 1027 1026 1024
3 1028 1029 1030
3 1031 1029 1030
3 1031 1029 1028
3 1031 1030 1028
3 1032 1033 1034
3 1035 1033 1034
3 1035 1033 1032
3 1035 1034 1032
3 1036 1037 1038
3 1039 1037 1038
3 1039 1037 1036
3 1039 1038 1036
3 1040 1041 1042
3 1043 1041 1042
3 1043 1041 1040
3 1043 1042 1040
3 1044 1045 1046
3 1047 1045 1046
3 1047 1045 1044
3 1047 1046 1044
3 1048 1049 1050
3 1051 1049 1050
3 1051 1049 1048
3 1051 1050 1048
3 1052 1053 1054
3 1055 1053 1054
3 1055 1053 1052
3 1055 1054 1052
3 1056 1057 1058
3 1059 1057 1058
3 1059 1057 1056
3 1059 1058 1056
3 1060 1061 1062
3 1063 1061 1062
3 1063 1061 1060
3 1063 1062 1060
3 1064 1065 1066
3 1067 1065 1066
3 1067 1065 1064
3 1067 1066 1064
3 1068 1069 1070
3 1071 1069 1070
3 1071 1069 1068
3 1071 1070 1068
3 1072 1073 1074
3 1075 1073 1074
3 1075 1073 1072
3 1075 1074 1072
3 1076 1077 1078
3 1079 1077 1078
3 1079 1077 1076
3 1079 1078 1076
3 1080 1081 1082
3 1083 1081 1082
3 1083 1081 1080
3 1083 1082 1080
3 1084 1085 1086
3 1087 1085 1086
3 1087 1085 1084
3 1087 1086 1084
3 1088 1089 1090
3 1091 1089 1090
3 1091 1089 1088
3 1091 1090 1088
3 1092 1093 1094
3 1095 1093 1094
3 1095 1093 1092
3 1095 1094 1092
3 1096 1097 1098
3 1099 1097 1098
3 1099 1097 1096
3 1099 1098 1096
3 1100 1101 1102
3 1103 1101 1102
3 1103 1101 1100
3 1103 1102 1100
3 1104 1105 1106
3 1107 1105 1106
3 1107 1105 1104
3 1107 1106 1104
3 1108 1109 1110
3 1111 1109 1110
3 1111 1109 1108
3 1111 1110 1108
3 1112 1113 1114
3 1115 1113 1114
3 1115 1113 1112
3 1115 1114 1112
3 1116 1117 1118
3 1119 1117 1118
3 1119 1117 1116
3 1119 1118 1116
3 1120 1121 1122
3 1123 1121 1122
3 1123 1121 1120
3 1123 1122 1120
3 1124 1125 1126
3 1127 1125 1126
3 1127 1125 1124
3 1127 1126 1124
3 1128 1129 1130
3 1131 1129 1130
3 1131 1129 1128
3 1131 1130 1128
3 1132 1133 1134
3 1135 1133 1134
3 1135 1133 1132
3 1135 1134 1132
3 1136 1137 1138
3 1139 1137 1138
3 1139 1137 1136
3 1139 1138 1136
3 1140 1141 1142
3 1143 1141 1142
3 1143 1141 1140
3 1143 1142 1140
3 1144 1145 1146
3 1147 1145 1146
3 1147 1145 1144
3 1147 1146 1144
3 1148 1149 1150
3 1151 1149 1150
3 1151 1149 1148
3 1151 1150 1148
3 1152 1153 1154
3 1155 1153 1154
3 1155 1153 1152
3 1155 1154 1152
3 1156 1157 1158
3 1159 1157 1158
3 1159 1157 1156
3 1159 1158 1156
3 1160 1161 1162
3 1163 1161 1162
3 1163 1161 1160
3 1163 1162 1160
3 1164 1165 1166
3 1167 1165 1166
3 1167 1165 1164
3 1167 1166 1164
3 1168 1169 1170
3 1171 1169 1170
3 1171 1169 1168
3 1171 1170 1168
3 1172 1173 1174
3 1175 1173 1174
3 1175 1173 1172
3 1175 1174 1172
3 1176 1177 1178
3 1179 1177 1178
3 1179 1177 1176
3 1179 1178 1176
3 1180 1181 1182
3 1183 1181 1182
3 1183 1181 1180
3 1183 1182 1180
3 1184 1185 1186
3 1187 1185 1186
3 1187 1185 1184
3 1187 1186 1184
3 1188 1189 1190
3 1191 1189 1190
3 1191 1189 1188
3 1191 1190 1188
3 1192 1193 1194
3 1195 1193 1194
3 1195 1193 1192
3 1195 1194 1192
3 1196 1197 1198
3 1199 1197 1198
3 1199 1197 1196
3 1199 1198 1196
3 1200 1201 1202
3 1203 1201 1202
3 1203 1201 1200
3 1203 1202 1200
3 1204 1205 1206
3 1207 1205 1206
3 1207 1205 1204
3 1207 1206 1204
3 1208 1209 1210
3 1211 1209 1210
3 1211 1209 1208
3 1211 1210 1208
3 1212 1213 1214
3 1215 1213 1214
3 1215 1213 1212
3 1215 1214 1212
3 1216 1217 1218
3 1219 1217 1218
3 1219 1217 1216
3 1219 1218 1216
3 1220 1221 1222
3 1223 1221 1222
3 1223 1221 1220
3 1223 1222 1220
3 1224 1225 1226
3 1227 1225 1226
3 1227 1225 1224
3 1227 1226 1224
3 1228 1229 1230
3 1231 1229 1230
3 1231 1229 1228
3 1231 1230 1228
3 1232 1233 1234
3 1235 1233 1234
3 1235 1233 1232
3 1235 1234 1232
3 1236 1237 1238
3 1239 1237 1238
3 1239 1237 1236
3 1239 1238 1236
3 1240 1241 1242
3 1243 1241 1242
3 1243 1241 1240
3 1243 1242 1240
3 1244 1245 1246
3 1247 1245 1246
3 1247 1245 1244
3 1247 1246 1244
3 1248 1249 1250
3 1251 1249 1250
3 1251 1249 1248
3 1251 1250 1248
3 1252 1253 1254
3 1255 1253 1254
3 1255 1253 1252
3 1255 1254 1252
3 1256 1257 1258
3 1259 1257 1258
3 1259 1257 1256
3 1259 1258 1256
3 1260 1261 1262
3 1263 1261 1262
3 1263 1261 1260
3 1263 1262 1260
3 1264 1265 1266
3 1267 1265 1266
3 1267 1265 1264
3 1267 1266 1264
3 1268 1269 1270
3 1271 1269 1270
3 1271 1269 1268
3 1271 1270 1268
3 1272 1273 1274
3 1275 1273 1274
3 1275 1273 1272
3 1275 1274 1272
3 1276 1277 1278
3 1279 1277 1278
3 1279 1277 1276
3 1279 1278 1276
3 1280 1281 1282
3 1283 1281 1282
3 1283 1281 1280
3 1283 1282 1280
3 1284 1285 1286
3 1287 1285 1286
3 1287 1285 1284
3 1287 1286 1284
3 1288 1289 1290
3 1291 1289 1290
3 1291 1289 1288
3 1291 1290 1288
3 1292 1293 1294
3 1295 1293 1294
3 1295 1293 1292
3 1295 1294 1292
3 1296 1297 1298
3 1299 1297 1298
3 1299 1297 1296
3 1299 1298 1296
3 1300 1301 1302
3 1303 1301 1302
3 1303 1301 1300
3 1303 1302 1300
3 1304 1305 1306
3 1307 1305 1306
3 1307 1305 1304
3 1307 1306 1304
3 1308 1309 1310
3 1311 1309 1310
3 1311 1309 1308
3 1311 1310 1308
3 1312 1313 1314
3 1315 1313 1314
3 1315 1313 1312
3 1315 1314 1312
3 1316 1317 1318
3 1319 1317 1318
3 1319 1317 1316
3 1319 1318 1316
3 1320 1321 1322
3 1323 1321 1322
3 1323 1321 1320
3 1323 1322 1320
3 1324 1325 1326
3 1327 1325 1326
3 1327 1325 1324
3 1327 1326 1324
3 1328 1329 1330
3 1331 1329 1330
3 1331 1329 1328
3 1331 1330 1328
3 1332 1333 1334
3 1335 1333 1334
3 1335 1333 1332
3 1335 1334 1332
3 1336 1337 1338
3 1339 1337 1338
3 1339 1337 1336
3 1339 1338 1336
3 1340 1341 1342
3 1343 1341 1342
3 1343 1341 1340
3 1343 1342 1340
3 1344 1345 1346
3 1347 1345 1346
3 1347 1345 1344
3 1347 1346 1344
3 1348 1349 1350
3 1351 1349 1350
3 1351 1349 1348
3 1351 1350 1348
3 1352 1353 1354
3 1355 1353 1354
3 1355 1353 1352
3 1355 1354 1352
3 1356 1357 1358
3 1359 1357 1358
3 1359 1357 1356
3 1359 1358 1356
3 1360 1361 1362
3 1363 1361 1362
3 1363 1361 1360
3 1363 1362 1360
3 1364 1365 1366
3 1367 1365 1366
3 1367 1365 1364
3 1367 1366 1364
3 1368 1369 1370
3 1371 1369 1370
3 1371 1369 1368
3 1371 1370 1368
3 1372 1373 1374
3 1375 1373 1374
3 1375 1373 1372
3 1375 1374 1372
3 1376 1377 1378
3 1379 1377 1378
3 1379 1377 1376
3 1379 1378 1376
3 1380 1381 1382
3 1383 1381 1382
3 1383 1381 1380
3 1383 1382 1380
3 1384 1385 1386
3 1387 1385 1386
3 1387 1385 1384
3 1387 1386 1384
3 1388 1389 1390
3 1391 1389 1390
3 1391 1389 1388
3 1391 1390 1388
3 1392 1393 1394
3 1395 1393 1394
3 1395 1393 1392
3 1395 1394 1392
3 1396 1397 1398
3 1399 1397 1398
3 1399 1397 1396
3 1399 1398 1396
3 1400 1401 1402
3 1403 1401 1402
3 1403 1401 1400
3 1403 1402 1400
3 1404 1405 1406
3 1407 1405 1406
3 1407 1405 1404
3 1407 1406 1404
3 1408 1409 1410
3 1411 1409 1410
3 1411 1409 1408
3 1411 1410 1408
3 1412 1413 1414
3 1415 1413 1414
3 1415 1413 1412
3 1415 1414 1412
3 1416 1417 1418
3 1419 1417 1418
3 1419 1417 1416
3 1419 1418 1416
3 1420 1421 1422
3 1423 1421 1422
3 1423 1421 1420
3 1423 1422 1420
3 1424 1425 1426
3 1427 1425 1426
3 1427 1425 1424
3 1427 1426 1424
3 1428 1429 1430
3 1431 1429 1430
3 1431 1429 1428
3 1431 1430 1428
3 1432 1433 1434
3 1435 1433 1434
3 1435 1433 1432
3 1435 1434 1432
3 1436 1437 1438
3 1439 1437 1438
3 1439 1437 1436
3 1439 1438 1436
3 1440 1441 1442
3 1443 1441 1442
3 1443 1441 1440
3 1443 1442 1440
3 1444 1445 1446
3 1447 1445 1446
3 1447 1445 1444
3 1447 1446 1444
3 1448 1449 1450
3 1451 1449 1450
3 1451 1449 1448
3 1451 1450 1448
3 1452 1453 1454
3 1455 1453 1454
3 1455 1453 1452
3 1455 1454 1452
3 1456 1457 1458
3 1459 1457 1458
3 1459 1457 1456
3 1459 1458 1456
3 1460 1461 1462
3 1463 1461 1462
3 1463 1461 1460
3 1463 1462 1460
3 1464 1465 1466
3 1467 1465 1466
3 1467 1465 1464
3 1467 1466 1464
3 1468 1469 1470
3 1471 1469 1470
3 1471 1469 1468
3 1471 1470 1468
3 1472 1473 1474
3 1475 1473 1474
3 1475 1473 1472
3 1475 1474 1472
3 1476 1477 1478
3 1479 1477 1478
3 1479 1477 1476
3 1479 1478 1476
3 1480 1481 1482
3 1483 1481 1482
3 1483 1481 1480
3 1483 1482 1480
3 1484 1485 1486
3 1487 1485 1486
3 1487 1485 1484
3 1487 1486 1484
3 1488 1489 1490
3 1491 1489 1490
3 1491 1489 1488
3 1491 1490 1488
3 1492 1493 1494
3 1495 1493 1494
3 1495 1493 1492
3 1495 1494 1492
3 1496 1497 1498
3 1499 1497 1498
3 1499 1497 1496
3 1499 1498 1496
3 1500 1501 1502
3 1503 1501 1502
3 1503 1501 1500
3 1503 1502 1500
3 1504 1505 1506
3 1507 1505 1506
3 1507 1505 1504
3 1507 1506 1504
3 1508 1509 1510
3 1511 1509 1510
3 1511 1509 1508
3 1511 1510 1508
3 1512 1513 1514
3 1515 1513 1514
3 1515 1513 1512
3 1515 1514 1512
3 1516 1517 1518
3 1519 1517 1518
3 1519 1517 1516
3 1519 1518 1516
3 1520 1521 1522
3 1523 1521 1522
3 1523 1521 1520
3 1523 1522 1520
3 1524 1525 1526
3 1527 1525 1526
3 1527 1525 1524
3 1527 1526 1524
3 1528 1529 1530
3 1531 1529 1530
3 1531 1529 1528
3 1531 1530 1528
3 1532 1533 1534
3 1535 1533 1534
3 1535 1533 1532
3 1535 1534 1532
3 1536 1537 1538
3 1539 1537 1538
3 1539 1537 1536
3 1539 1538 1536
3 1540 1541 1542
3 1543 1541 1542
3 1543 1541 1540
3 1543 1542 1540
3 1544 1545 1546
3 1547 1545 1546
3 1547 1545 1544
3 1547 1546 1544
3 1548 1549 1550
3 1551 1549 1550
3 1551 1549 1548
3 1551 1550 1548
3 1552 1553 1554
3 1555 1553 1554
3 1555 1553 1552
3 1555 1554 1552
3 1556 1557 1558
3 1559 1557 1558
3 1559 1557 1556
3 1559 1558 1556
3 1560 1561 1562
3 1563 1561 1562
3 1563 1561 1560
3 1563 1562 1560
3 1564 1565 1566
3 1567 1565 1566
3 1567 1565 1564
3 1567 1566 1564
3 1568 1569 1570
3 1571 1569 1570
3 1571 1569 1568
3 1571 1570 1568
3 1572 1573 1574
3 1575 1573 1574
3 1575 1573 1572
3 1575 1574 1572
3 1576 1577 1578
3 1579 1577 1578
3 1579 1577 1576
3 1579 1578 1576
3 1580 1581 1582
3 1583 1581 1582
3 1583 1581 1580
3 1583 1582 1580
3 1584 1585 1586
3 1587 1585 1586
3 1587 1585 1584
3 1587 1586 1584
3 1588 1589 1590
3 1591 1589 1590
3 1591 1589 1588
3 1591 1590 1588
3 1592 1593 1594
3 1595 1593 1594
3 1595 1593 1592
3 1595 1594 1592
3 1596 1597 1598
3 1599 1597 1598
3 1599 1597 1596
3 1599 1598 1596
3 1600 1601 1602
3 1603 1601 1602
3 1603 1601 1600
3 1603 1602 1600
3 1604 1605 1606
3 1607 1605 1606
3 1607 1605 1604
3 1607 1606 1604
3 1608 1609 1610
3 1611 1609 1610
3 1611 1609 1608
3 1611 1610 1608
3 1612 1613 1614
3 1615 1613 1614
3 1615 1613 1612
3 1615 1614 1612
3 1616 1617 1618
3 1619 1617 1618
3 1619 1617 1616
3 1619 1618 1616
3 1620 1621 1622
3 1623 1621 1622
3 1623 1621 1620
3 1623 1622 1620
3 1624 1625 1626
3 1627 1625 1626
3 1627 1625 1624
3 1627 1626 1624
3 1628 1629 1630
3 1631 1629 1630
3 1631 1629 1628
3 1631 1630 1628
3 1632 1633 1634
3 1635 1633 1634
3 1635 1633 1632
3 1635 1634 1632
3 1636 1637 1638
3 1639 1637 1638
3 1639 1637 1636
3 1639 1638 1636
3 1640 1641 1642
3 1643 1641 1642
3 1643 1641 1640
3 1643 1642 1640
3 1644 1645 1646
3 1647 1645 1646
3 1647 1645 1644
3 1647 1646 1644
3 1648 1649 1650
3 1651 1649 1650
3 1651 1649 1648
3 1651 1650 1648
3 1652 1653 1654
3 1655 1653 1654
3 1655 1653 1652
3 1655 1654 1652
3 1656 1657 1658
3 1659 1657 1658
3 1659 1657 1656
3 1659 1658 1656
3 1660 1661 1662
3 1663 1661 1662
3 1663 1661 1660
3 1663 1662 1660
3 1664 1665 1666
3 1667 1665 1666
3 1667 1665 1664
3 1667 1666 1664
3 1668 1669 1670
3 1671 1669 1670
3 1671 1669 1668
3 1671 1670 1668
3 1672 1673 1674
3 1675 1673 1674
3 1675 1673 1672
3 1675 1674 1672
3 1676 1677 1678
3 1679 1677 1678
3 1679 1677 1676
3 1679 1678 1676
3 1680 1681 1682
3 1683 1681 1682
3 1683 1681 1680
3 1683 1682 1680
3 1684 1685 1686
3 1687 1685 1686
3 1687 1685 1684
3 1687 1686 1684
3 1688 1689 1690
3 1691 1689 1690
3 1691 1689 1688
3 1691 1690 1688
3 1692 1693 1694
3 1695 1693 1694
3 1695 1693 1692
3 1695 1694 1692
3 1696 1697 1698
3 1699 1697 1698
3 1699 1697 1696
3 1699 1698 1696
3 1700 1701 1702
3 1703 1701 1702
3 1703 1701 1700
3 1703 1702 1700
3 1704 1705 1706
3 1707 1705 1706
3 1707 1705 1704
3 1707 1706 1704
3 1708 1709 1710
3 1711 1709 1710
3 1711 1709 1708
3 1711 1710 1708
3 1712 1713 1714
3 1715 1713 1714
3 1715 1713 1712
3 1715 1714 1712
3 1716 1717 1718
3 1719 1717 1718
3 1719 1717 1716
3 1719 1718 1716
3 1720 1721 1722
3 1723 1721 1722
3 1723 1721 1720
3 1723 1722 1720
3 1724 1725 1726
3 1727 1725 1726
3 1727 1725 1724
3 1727 1726 1724
3 1728 1729 1730
3 1731 1729 1730
3 1731 1729 1728
3 1731 1730 1728
3 1732 1733 1734
3 1735 1733 1734
3 1735 1733 1732
3 1735 1734 1732
3 1736 1737 1738
3 1739 1737 1738
3 1739 1737 1736
3 1739 1738 1736
3 1740 1741 1742
3 1743 1741 1742
3 1743 1741 1740
3 1743 1742 1740
3 1744 1745 1746
3 1747 1745 1746
3 1747 1745 1744
3 1747 1746 1744
3 1748 1749 1750
3 1751 1749 1750
3 1751 1749 1748
3 1751 1750 1748
3 1752 1753 1754
3 1755 1753 1754
3 1755 1753 1752
3 1755 1754 1752
3 1756 1757 1758
3 1759 1757 1758
3 1759 1757 1756
3 1759 1758 1756
3 1760 1761 1762
3 1763 1761 1762
3 1763 1761 1760
3 1763 1762 1760
3 1764 1765 1766
3 1767 1765 1766
3 1767 1765 1764
3 1767 1766 1764
3 1768 1769 1770
3 1771 1769 1770
3 1771 1769 1768
3 1771 1770 1768
3 1772 1773 1774
3 1775 1773 1774
3 1775 1773 1772
3 1775 1774 1772
3 1776 1777 1778
3 1779 1777 1778
3 1779 1777 1776
3 1779 1778 1776
3 1780 1781 1782
3 1783 1781 1782
3 1783 1781 1780
3 1783 1782 1780
3 1784 1785 1786
3 1787 1785 1786
3 1787 1785 1784
3 1787 1786 1784
3 1788 1789 1790
3 1791 1789 1790
3 1791 1789 1788
3 1791 1790 1788
3 1792 1793 1794
3 1795 1793 1794
3 1795 1793 1792
3 1795 1794 1792
3 1796 1797 1798
3 1799 1797 1798
3 1799 1797 1796
3 1799 1798 1796
3 1800 1801 1802
3 1803 1801 1802
3 1803 1801 1800
3 1803 1802 1800
3 1804 1805 1806
3 1807 1805 1806
3 1807 1805 1804
3 1807 1806 1804
3 1808 1809 1810
3 1811 1809 1810
3 1811 1809 1808
3 1811 1810 1808
3 1812 1813 1814
3 1815 1813 1814
3 1815 1813 1812
3 1815 1814 1812
3 1816 1817 1818
3 1819 1817 1818
3 1819 1817 1816
3 1819 1818 1816
3 1820 1821 1822
3 1823 1821 1822
3 1823 1821 1820
3 1823 1822 1820
3 1824 1825 1826
3 1827 1825 1826
3 1827 1825 1824
3 1827 1826 1824
3 1828 1829 1830
3 1831 1829 1830
3 1831 1829 1828
3 1831 1830 1828
3 1832 1833 1834
3 1835 1833 1834
3 1835 1833 1832
3 1835 1834 1832
3 1836 1837 1838
3 1839 1837 1838
3 1839 1837 1836
3 1839 1838 1836
3 1840 1841 1842
3 1843 1841 1842
3 1843 1841 1840
3 1843 1842 1840
3 1844 1845 1846
3 1847 1845 1846
3 1847 1845 1844
3 1847 1846 1844
3 1848 1849 1850
3 1851 1849 1850
3 1851 1849 1848
3 1851 1850 1848
3 1852 1853 1854
3 1855 1853 1854
3 1855 1853 1852
3 1855 1854 1852
3 1856 1857 1858
3 1859 1857 1858
3 1859 1857 1856
3 1859 1858 1856
3 1860 1861 1862
3 1863 1861 1862
3 1863 1861 1860
3 1863 1862 1860
3 1864 1865 1866
3 1867 1865 1866
3 1867 1865 1864
3 1867 1866 1864
3 1868 1869 1870
3 1871 1869 1870
3 1871 1869 1868
3 1871 1870 1868
3 1872 1873 1874
3 1875 1873 1874
3 1875 1873 1872
3 1875 1874 1872
3 1876 1877 1878
3 1879 1877 1878
3 1879 1877 1876
3 1879 1878 1876
3 1880 1881 1882
3 1883 1881 1882
3 1883 1881 1880
3 1883 1882 1880
3 1884 1885 1886
3 1887 1885 1886
3 1887 1885 1884
3 1887 1886 1884
3 1888 1889 1890
3 1891 1889 1890
3 1891 1889 1888
3 1891 1890 1888
3 1892 1893 1894
3 1895 1893 1894
3 1895 1893 1892
3 1895 1894 1892
3 1896 1897 1898
3 1899 1897 1898
3 1899 1897 1896
3 1899 1898 1896
3 1900 1901 1902
3 1903 1901 1902
3 1903 1901 1900
3 1903 1902 1900
3 1904 1905 1906
3 1907 1905 1906
3 1907 1905 1904
3 1907 1906 1904
3 1908 1909 1910
3 1911 1909 1910
3 1911 1909 1908
3 1911 1910 1908
3 1912 1913 1914
3 1915 1913 1914
3 1915 1913 1912
3 1915 1914 1912
3 1916 1917 1918
3 1919 1917 1918
3 1919 1917 1916
3 1919 1918 1916
3 1920 1921 1922
3 1923 1921 1922
3 1923 1921 1920
3 1923 1922 1920
3 1924 1925 1926
3 1927 1925 1926
3 1927 1925 1924
3 1927 1926 1924
3 1928 1929 1930
3 1931 1929 1930
3 1931 1929 1928
3 1931 1930 1928
3 1932 1933 1934
3 1935 1933 1934
3 1935 1933 1932
3 1935 1934 1932
3 1936 1937 1938
3 1939 1937 1938
3 1939 1937 1936
3 1939 1938 1936
3 1940 1941 1942
3 1943 1941 1942
3 1943 1941 1940
3 1943 1942 1940
3 1944 1945 1946
3 1947 1945 1946
3 1947 1945 1944
3 1947 1946 1944
3 1948 1949 1950
3 1951 1949 1950
3 1951 1949 1948
3 1951 1950 1948
3 1952 1953 1954
3 1955 1953 1954
3 1955 1953 1952
3 1955 1954 1952
3 1956 1957 1958
3 1959 1957 1958
3 1959 1957 1956
3 1959 1958 1956
3 1960 1961 1962
3 1963 1961 1962
3 1963 1961 1960
3 1963 1962 1960
3 1964 1965 1966
3 1967 1965 1966
3 1967 1965 1964
3 1967 1966 1964
3 1968 1969 1970
3 1971 1969 1970
3 1971 1969 1968
3 1971 1970 1968
3 1972 1973 1974
3 1975 1973 1974
3 1975 1973 1972
3 1975 1974 1972
3 1976 1977 1978
3 1979 1977 1978
3 1979 1977 1976
3 1979 1978 1976
3 1980 1981 1982
3 1983 1981 1982
3 1983 1981 1980
3 1983 1982 1980
3 1984 1985 1986
3 1987 1985 1986
3 1987 1985 1984
3 1987 1986 1984
3 1988 1989 1990
3 1991 1989 1990
3 1991 1989 1988
3 1991 1990 1988
3 1992 1993 1994
3 1995 1993 1994
3 1995 1993 1992
3 1995 1994 1992
3 1996 1997 1998
3 1999 1997 1998
3 1999 1997 1996
3 1999 1998 1996
3 2000 2001 2002
3 2003 2001 2002
3 2003 2001 2000
3 2003 2002 2000
3 2004 2005 2006
3 2007 2005 2006
3 2007 2005 2004
3 2007 2006 2004
3 2008 2009 2010
3 2011 2009 2010
3 2011 2009 2008
3 2011 2010 2008
3 2012 2013 2014
3 2015 2013 2014
3 2015 2013 2012
3 2015 2014 2012
3 2016 2017 2018
3 2019 2017 2018
3 2019 2017 2016
3 2019 2018 2016
3 2020 2021 2022
3 2023 2021 2022
3 2023 2021 2020
3 2023 2022 2020
3 2024 2025 2026
3 2027 2025 2026
3 2027 2025 2024
3 2027 2026 2024
3 2028 2029 2030
3 2031 2029 2030
3 2031 2029 2028
3 2031 2030 2028
3 2032 2033 2034
3 2035 2033 2034
3 2035 2033 2032
3 2035 2034 2032
3 2036 2037 2038
3 2039 2037 2038
3 2039 2037 2036
3 2039 2038 2036
3 2040 2041 2042
3 2043 2041 2042
3 2043 2041 2040
3 2043 2042 2040
3 2044 2045 2046
3 2047 2045 2046
3 2047 2045 2044
3 2047 2046 2044
3 2048 2049 2050
3 2051 2049 2050
3 2051 2049 2048
3 2051 2050 2048
3 2052 2053 2054
3 2055 2053 2054
3 2055 2053 2052
3 2055 2054 2052
3 2056 2057 2058
3 2059 2057 2058
3 2059 2057 2056
3 2059 2058 2056
3 2060 2061 2062
3 2063 2061 2062
3 2063 2061 2060
3 2063 2062 2060
3 2064 2065 2066
3 2067 2065 2066
3 2067 2065 2064
3 2067 2066 2064
3 2068 2069 2070
3 2071 2069 2070
3 2071 2069 2068
3 2071 2070 2068
3 2072 2073 2074
3 2075 2073 2074
3 2075 2073 2072
3 2075 2074 2072
3 2076 2077 2078
3 2079 2077 2078
3 2079 2077 2076
3 2079 2078 2076
3 2080 2081 2082
3 2083 2081 2082
3 2083 2081 2080
3 2083 2082 2080
3 2084 2085 2086
3 2087 2085 2086
3 2087 2085 2084
3 2087 2086 2084
3 2088 2089 2090
3 2091 2089 2090
3 2091 2089 2088
3 2091 2090 2088
3 2092 2093 2094
3 2095 2093 2094
3 2095 2093 2092
3 2095 2094 2092
3 2096 2097 2098
3 2099 2097 2098
3 2099 2097 2096
3 2099 2098 2096
3 2100 2101 2102
3 2103 2101 2102
3 2103 2101 2100
3 2103 2102 2100
3 2104 2105 2106
3 2107 2105 2106
3 2107 2105 2104
3 2107 2106 2104
3 2108 2109 2110
3 2111 2109 2110
3 2111 2109 2108
3 2111 2110 2108
3 2112 2113 2114
3 2115 2113 2114
3 2115 2113 2112
3 2115 2114 2112
3 2116 2117 2118
3 2119 2117 2118
3 2119 2117 2116
3 2119 2118 2116
3 2120 2121 2122
3 2123 2121 2122
3 2123 2121 2120
3 2123 2122 2120
3 2124 2125 2126
3 2127 2125 2126
3 2127 2125 2124
3 2127 2126 2124
3 2128 2129 2130
3 2131 2129 2130
3 2131 2129 2128
3 2131 2130 2128
3 2132 2133 2134
3 2135 2133 2134
3 2135 2133 2132
3 2135 2134 2132
3 2136 2137 2138
3 2139 2137 2138
3 2139 2137 2136
3 2139 2138 2136
3 2140 2141 2142
3 2143 2141 2142
3 2143 2141 2140
3 2143 2142 2140
3 2144 2145 2146
3 2147 2145 2146
3 2147 2145 2144
3 2147 2146 2144
3 2148 2149 2150
3 2151 2149 2150
3 2151 2149 2148
3 2151 2150 2148
3 2152 2153 2154
3 2155 2153 2154
3 2155 2153 2152
3 2155 2154 2152
3 2156 2157 2158
3 2159 2157 2158
3 2159 2157 2156
3 2159 2158 2156
3 2160 2161 2162
3 2163 2161 2162
3 2163 2161 2160
3 2163 2162 2160
3 2164 2165 2166
3 2167 2165 2166
3 2167 2165 2164
3 2167 2166 2164
3 2168 2169 2170
3 2171 2169 2170
3 2171 2169 2168
3 2171 2170 2168
3 2172 2173 2174
3 2175 2173 2174
3 2175 2173 2172
3 2175 2174 2172
3 2176 2177 2178
3 2179 2177 2178
3 2179 2177 2176
3 2179 2178 2176
3 2180 2181 2182
3 2183 2181 2182
3 2183 2181 2180
3 2183 2182 2180
3 2184 2185 2186
3 2187 2185 2186
3 2187 2185 2184
3 2187 2186 2184
3 2188 2189 2190
3 2191 2189 2190
3 2191 2189 2188
3 2191 2190 2188
3 2192 2193 2194
3 2195 2193 2194
3 2195 2193 2192
3 2195 2194 2192
3 2196 2197 2198
3 2199 2197 2198
3 2199 2197 2196
3 2199 2198 2196
3 2200 2201 2202
3 2203 2201 2202
3 2203 2201 2200
3 2203 2202 2200
3 2204 2205 2206
3 2207 2205 2206
3 2207 2205 2204
3 2207 2206 2204
3 2208 2209 2210
3 2211 2209 2210
3 2211 2209 2208
3 2211 2210 2208
3 2212 2213 2214
3 2215 2213 2214
3 2215 2213 2212
3 2215 2214 2212
3 2216 2217 2218
3 2219 2217 2218
3 2219 2217 2216
3 2219 2218 2216
3 2220 2221 2222
3 2223 2221 2222
3 2223 2221 2220
3 2223 2222 2220
3 2224 2225 2226
3 2227 2225 2226
3 2227 2225 2224
3 2227 2226 2224
3 2228 2229 2230
3 2231 2229 2230
3 2231 2229 2228
3 2231 2230 2228
3 2232 2233 2234
3 2235 2233 2234
3 2235 2233 2232
3 2235 2234 2232
3 2236 2237 2238
3 2239 2237 2238
3 2239 2237 2236
3 2239 2238 2236
3 2240 2241 2242
3 2243 2241 2242
3 2243 2241 2240
3 2243 2242 2240
3 2244 2245 2246
3 2247 2245 2246
3 2247 2245 2244
3 2247 2246 2244
3 2248 2249 2250
3 2251 2249 2250
3 2251 2249 2248
3 2251 2250 2248
3 2252 2253 2254
3 2255 2253 2254
3 2255 2253 2252
3 2255 2254 2252
3 2256 2257 2258
3 2259 2257 2258
3 2259 2257 2256
3 2259 2258 2256
3 2260 2261 2262
3 2263 2261 2262
3 2263 2261 2260
3 2263 2262 2260
3 2264 2265 2266
3 2267 2265 2266
3 2267 2265 2264
3 2267 2266 2264
3 2268 2269 2270
3 2271 2269 2270
3 2271 2269 2268
3 2271 2270 2268
3 2272 2273 2274
3 2275 2273 2274
3 2275 2273 2272
3 2275 2274 2272
3 2276 2277 2278
3 2279 2277 2278
3 2279 2277 2276
3 2279 2278 2276
3 2280 2281 2282
3 2283 2281 2282
3 2283 2281 2280
3 2283 2282 2280
3 2284 2285 2286
3 2287 2285 2286
3 2287 2285 2284
3 2287 2286 2284
3 2288 2289 2290
3 2291 2289 2290
3 2291 2289 2288
3 2291 2290 2288
3 2292 2293 2294
3 2295 2293 2294
3 2295 2293 2292
3 2295 2294 2292
3 2296 2297 2298
3 2299 2297 2298
3 2299 2297 2296
3 2299 2298 2296
3 2300 2301 2302
3 2303 2301 2302
3 2303 2301 2300
3 2303 2302 2300
3 2304 2305 2306
3 2307 2305 2306
3 2307 2305 2304
3 2307 2306 2304
3 2308 2309 2310
3 2311 2309 2310
3 2311 2309 2308
3 2311 2310 2308
3 2312 2313 2314
3 2315 2313 2314
3 2315 2313 2312
3 2315 2314 2312
3 2316 2317 2318
3 2319 2317 2318
3 2319 2317 2316
3 2319 2318 2316
3 2320 2321 2322
3 2323 2321 2322
3 2323 2321 2320
3 2323 2322 2320
3 2324 2325 2326
3 2327 2325 2326
3 2327 2325 2324
3 2327 2326 2324
3 2328 2329 2330
3 2331 2329 2330
3 2331 2329 2328
3 2331 2330 2328
3 2332 2333 2334
3 2335 2333 2334
3 2335 2333 2332
3 2335 2334 2332
3 2336 2337 2338
3 2339 2337 2338
3 2339 2337 2336
3 2339 2338 2336
3 2340 2341 2342
3 2343 2341 2342
3 2343 2341 2340
3 2343 2342 2340
3 2344 2345 2346
3 2347 2345 2346
3 2347 2345 2344
3 2347 2346 2344
3 2348 2349 2350
3 2351 2349 2350
3 2351 2349 2348
3 2351 2350 2348
3 2352 2353 2354
3 2355 2353 2354
3 2355 2353 2352
3 2355 2354 2352
3 2356 2357 2358
3 2359 2357 2358
3 2359 2357 2356
3 2359 2358 2356
3 2360 2361 2362
3 2363 2361 2362
3 2363 2361 2360
3 2363 2362 2360
3 2364 2365 2366
3 2367 2365 2366
3 2367 2365 2364
3 2367 2366 2364
3 2368 2369 2370
3 2371 2369 2370
3 2371 2369 2368
3 2371 2370 2368
3 2372 2373 2374
3 2375 2373 2374
3 2375 2373 2372
3 2375 2374 2372
3 2376 2377 2378
3 2379 2377 2378
3 2379 2377 2376
3 2379 2378 2376
3 2380 2381 2382
3 2383 2381 2382
3 2383 2381 2380
3 2383 2382 2380
3 2384 2385 2386
3 2387 2385 2386
3 2387 2385 2384
3 2387 2386 2384
3 2388 2389 2390
3 2391 2389 2390
3 2391 2389 2388
3 2391 2390 2388
3 2392 2393 2394
3 2395 2393 2394
3 2395 2393 2392
3 2395 2394 2392
3 2396 2397 2398
3 2399 2397 2398
3 2399 2397 2396
3 2399 2398 2396
10 21 10 9 2 1 5 6 13 14 22
10 33 18 17 0 1 5 4 25 26 34
10 45 16 17 0 2 9 8 37 38 46
10 61 24 25 4 6 13 12 53 54 62
10 81 36 37 8 10 21 20 69 70 82
10 105 52 53 12 14 22 20 69 68 106
10 109 44 45 16 18 33 32 93 94 110
10 133 60 61 24 26 34 32 93 92 134
10 165 80 81 36 38 46 44 109 108 166
10 201 104 105 52 54 62 60 133 132 202
10 201 104 106 68 70 82 80 165 164 200
10 202 132 134 92 94 110 108 166 164 200
3 0 1 2
3 4 5 6
3 8 9 10
3 12 13 14
3 16 17 18
3 20 21 22
3 24 25 26
3 32 33 34
3 36 37 38
3 44 45 46
3 52 53 54
3 60 61 62
3 68 69 70
3 80 81 82
3 92 93 94
3 104 105 106
3 108 109 110
3 132 133 134
3 164 165 166
3 200 201 202
10 2400 2401 2402 2 1 2403 2404 2405 2406 2407
10 49 30 29 3 1 2403 2408 41 42 50
10 65 28 29 3 2 2402 2409 57 58 66
10 85 40 41 2408 2404 2405 2410 73 74 86
10 113 56 57 2409 2401 2400 2411 97 98 114
10 137 72 73 2410 2406 2407 2411 97 96 138
10 141 64 65 28 30 49 48 121 122 142
10 169 84 85 40 42 50 48 121 120 170
10 205 112 113 56 58 66 64 141 140 206
10 241 136 137 72 74 86 84 169 168 242
10 241 136 138 96 98 114 112 205 204 240
10 242 168 170 120 122 142 140 206 204 240
3 3 1 2
3 2408 2403 2404
3 2409 2402 2401
3 2410 2405 2406
3 28 29 30
3 2411 2400 2407
3 40 41 42
3 48 49 50
3 56 57 58
3 64 65 66
3 72 73 74
3 84 85 86
3 96 97 98
3 112 113 114
3 120 121 122
3 136 137 138
3 140 141 142
3 168 169 170
3 204 205 206
3 240 241 242
10 2412 2413 2414 0 1 2415 2416 2417 2418 2419
10 2420 2421 2422 3 1 2415 2423 2424 2425 2426
10 89 2427 2422 3 0 2414 2428 77 78 90
10 117 2429 2424 2423 2416 2417 2430 101 102 118
10 145 76 77 2428 2413 2412 2431 125 126 146
10 173 100 101 2430 2418 2419 2431 125 124 174
10 177 88 89 2427 2421 2420 2432 153 154 178
10 209 116 117 2429 2425 2426 2432 153 152 210
10 245 144 145 76 78 90 88 177 176 246
10 285 172 173 100 102 118 116 209 208 286
10 285 172 174 124 126 146 144 245 244 284
10 286 208 210 152 154 178 176 246 244 284
3 3 1 0
3 2423 2415 2416
3 2428 2414 2413
3 2430 2417 2418
3 2427 2422 2421
3 2431 2412 2419
3 2429 2424 2425
3 2432 2420 2426
3 76 77 78
3 88 89 90
3 100 101 102
3 116 117 118
3 124 125 126
3 144 145 146
3 152 153 154
3 172 173 174
3 176 177 178
3 208 209 210
3 244 245 246
3 284 285 286
10 2433 2434 2435 0 2 2436 2437 2438 2439 2440
10 2441 2442 2443 3 2 2436 2444 2445 2446 2447
10 2448 2449 2443 3 0 2435 2450 2451 2452 2453
10 149 2454 2445 2444 2437 2438 2455 129 130 150
10 181 2456 2451 2450 2434 2433 2457 157 158 182
10 213 128 129 2455 2439 2440 2457 157 156 214
10 217 2458 2448 2449 2442 2441 2459 189 190 218
10 249 148 149 2454 2446 2447 2459 189 188 250
10 289 180 181 2456 2452 2453 2458 217 216 290
10 333 212 213 128 130 150 148 249 248 334
10 333 212 214 156 158 182 180 289 288 332
10 334 248 250 188 190 218 216 290 288 332
3 3 2 0
3 2444 2436 2437
3 2450 2435 2434
3 2455 2438 2439
3 2449 2443 2442
3 2457 2433 2440
3 2454 2445 2446
3 2459 2441 2447
3 2456 2451 2452
3 2458 2448 2453
3 128 129 130
3 148 149 150
3 156 157 158
3 180 181 182
3 188 189 190
3 212 213 214
3 216 217 218
3 248 249 250
3 288 289 290
3 332 333 334
10 61 24 25 4 6 13 12 53 54 62
10 2460 2461 2462 2463 6 13 2464 2465 2466 2467
10 2468 2469 2462 2463 4 25 2470 2471 2472 2473
10 185 2474 2465 2464 12 53 2475 161 162 186
10 221 2476 2471 2470 24 61 2477 193 194 222
10 253 160 161 2475 54 62 2477 193 192 254
10 257 2478 2468 2469 2461 2460 2479 229 230 258
10 293 184 185 2474 2466 2467 2479 229 228 294
10 337 220 221 2476 2472 2473 2478 257 256 338
10 385 252 253 160 162 186 184 293 292 386
10 385 252 254 192 194 222 220 337 336 384
10 386 292 294 228 230 258 256 338 336 384
3 2463 6 4
3 2464 13 12
3 2470 25 24
3 2475 53 54
3 2469 2462 2461
3 2477 61 62
3 2474 2465 2466
3 2479 2460 2467
3 2476 2471 2472
3 2478 2468 2473
3 160 161 162
3 184 185 186
3 192 193 194
3 220 221 222
3 228 229 230
3 252 253 254
3 256 257 258
3 292 293 294
3 336 337 338
3 384 385 386
10 81 36 37 8 10 21 20 69 70 82
10 2480 2481 2482 2483 10 21 2484 2485 2486 2487
10 2488 2489 2482 2483 8 37 2490 2491 2492 2493
10 225 2494 2485 2484 20 69 2495 197 198 226
10 261 2496 2491 2490 36 81 2497 233 234 262
10 297 196 197 2495 70 82 2497 233 232 298
10 301 2498 2488 2489 2481 2480 2499 269 270 302
10 341 224 225 2494 2486 2487 2499 269 268 342
10 389 260 261 2496 2492 2493 2498 301 300 390
10 441 296 297 196 198 226 224 341 340 442
10 441 296 298 232 234 262 260 389 388 440
10 442 340 342 268 270 302 300 390 388 440
3 2483 10 8
3 2484 21 20
3 2490 37 36
3 2495 69 70
3 2489 2482 2481
3 2497 81 82
3 2494 2485 2486
3 2499 2480 2487
3 2496 2491 2492
3 2498 2488 2493
3 196 197 198
3 224 225 226
3 232 233 234
3 260 261 262
3 268 269 270
3 296 297 298
3 300 301 302
3 340 341 342
3 388 389 390
3 440 441 442
10 105 52 53 12 14 22 20 69 68 106
10 2500 2501 2502 2503 14 22 2504 2505 2506 2507
10 2508 2509 2502 2503 12 53 2510 2511 2512 2513
10 2514 2515 2505 2504 20 69 2516 2517 2518 2519
10 305 2520 2511 2510 52 105 2521 273 274 306
10 345 2522 2517 2516 68 106 2521 273 272 346
10 353 2523 2508 2509 2501 2500 2524 317 318 354
10 393 2525 2514 2515 2506 2507 2524 317 316 394
10 445 304 305 2520 2512 2513 2523 353 352 446
10 501 344 345 2522 2518 2519 2525 393 392 502
10 501 344 346 272 274 306 304 445 444 500
10 502 392 394 316 318 354 352 446 444 500
3 2503 14 12
3 2504 22 20
3 2510 53 52
3 2516 69 68
3 2509 2502 2501
3 2521 105 106
3 2515 2505 2506
3 2524 2500 2507
3 2520 2511 2512
3 2523 2508 2513
3 2522 2517 2518
3 2525 2514 2519
3 272 273 274
3 304 305 306
3 316 317 318
3 344 345 346
3 352 353 354
3 392 393 394
3 444 445 446
3 500 501 502
10 109 44 45 16 18 33 32 93 94 110
10 2526 2527 2528 2529 18 33 2530 2531 2532 2533
10 2534 2535 2528 2529 16 45 2536 2537 2538 2539
10 265 2540 2531 2530 32 93 2541 237 238 266
10 309 2542 2537 2536 44 109 2543 277 278 310
10 349 236 237 2541 94 110 2543 277 276 350
10 357 2544 2534 2535 2527 2526 2545 321 322 358
10 397 264 265 2540 2532 2533 2545 321 320 398
10 449 308 309 2542 2538 2539 2544 357 356 450
10 505 348 349 236 238 266 264 397 396 506
10 505 348 350 276 278 310 308 449 448 504
10 506 396 398 320 322 358 356 450 448 504
3 2529 18 16
3 2530 33 32
3 2536 45 44
3 2541 93 94
3 2535 2528 2527
3 2543 109 110
3 2540 2531 2532
3 2545 2526 2533
3 2542 2537 2538
3 2544 2534 2539
3 236 237 238
3 264 265 266
3 276 277 278
3 308 309 310
3 320 321 322
3 348 349 350
3 356 357 358
3 396 397 398
3 448 449 450
3 504 505 506
10 133 60 61 24 26 34 32 93 92 134
10 2546 2547 2548 2549 26 34 2550 2551 2552 2553
10 2554 2555 2548 2549 24 61 2556 2557 2558 2559
10 2560 2561 2551 2550 32 93 2562 2563 2564 2565
10 361 2566 2557 2556 60 133 2567 325 326 362
10 401 2568 2563 2562 92 134 2567 325 324 402
10 409 2569 2554 2555 2547 2546 2570 369 370 410
10 453 2571 2560 2561 2552 2553 2570 369 368 454
10 509 360 361 2566 2558 2559 2569 409 408 510
10 565 400 401 2568 2564 2565 2571 453 452 566
10 565 400 402 324 326 362 360 509 508 564
10 566 452 454 368 370 410 408 510 508 564
3 2549 26 24
3 2550 34 32
3 2556 61 60
3 2562 93 92
3 2555 2548 2547
3 2567 133 134
3 2561 2551 2552
3 2570 2546 2553
3 2566 2557 2558
3 2569 2554 2559
3 2568 2563 2564
3 2571 2560 2565
3 324 325 326
3 360 361 362
3 368 369 370
3 400 401 402
3 408 409 410
3 452 453 454
3 508 509 510
3 564 565 566
10 141 64 65 28 30 49 48 121 122 142
10 2572 2573 2574 2575 30 49 2576 2577 2578 2579
10 2580 2581 2574 2575 28 65 2582 2583 2584 2585
10 313 2586 2577 2576 48 121 2587 281 282 314
10 365 2588 2583 2582 64 141 2589 329 330 366
10 405 280 281 2587 122 142 2589 329 328 406
10 413 2590 2580 2581 2573 2572 2591 373 374 414
10 457 312 313 2586 2578 2579 2591 373 372 458
10 513 364 365 2588 2584 2585 2590 413 412 514
10 569 404 405 280 282 314 312 457 456 570
10 569 404 406 328 330 366 364 513 512 568
10 570 456 458 372 374 414 412 514 512 568
3 2575 30 28
3 2576 49 48
3 2582 65 64
3 2587 121 122
3 2581 2574 2573
3 2589 141 142
3 2586 2577 2578
3 2591 2572 2579
3 2588 2583 2584
3 2590 2580 2585
3 280 281 282
3 312 313 314
3 328 329 330
3 364 365 366
3 372 373 374
3 404 405 406
3 412 413 414
3 456 457 458
3 512 513 514
3 568 569 570
10 165 80 81 36 38 46 44 109 108 166
10 2592 2593 2594 2595 38 46 2596 2597 2598 2599
10 2600 2601 2594 2595 36 81 2602 2603 2604 2605
10 2606 2607 2597 2596 44 109 2608 2609 2610 2611
10 417 2612 2603 2602 80 165 2613 377 378 418
10 461 2614 2609 2608 108 166 2613 377 376 462
10 469 2615 2600 2601 2593 2592 2616 425 426 470
10 517 2617 2606 2607 2598 2599 2616 425 424 518
10 573 416 417 2612 2604 2605 2615 469 468 574
10 633 460 461 2614 2610 2611 2617 517 516 634
10 633 460 462 376 378 418 416 573 572 632
10 634 516 518 424 426 470 468 574 572 632
3 2595 38 36
3 2596 46 44
3 2602 81 80
3 2608 109 108
3 2601 2594 2593
3 2613 165 166
3 2607 2597 2598
3 2616 2592 2599
3 2612 2603 2604
3 2615 2600 2605
3 2614 2609 2610
3 2617 2606 2611
3 376 377 378
3 416 417 418
3 424 425 426
3 460 461 462
3 468 469 470
3 516 517 518
3 572 573 574
3 632 633 634
10 169 84 85 40 42 50 48 121 120 170
10 2618 2619 2620 2621 42 50 2622 2623 2624 2625
10 2626 2627 2620 2621 40 85 2628 2629 2630 2631
10 2632 2633 2623 2622 48 121 2634 2635 2636 2637
10 421 2638 2629 2628 84 169 2639 381 382 422
10 465 2640 2635 2634 120 170 2639 381 380 466
10 473 2641 2626 2627 2619 2618 2642 429 430 474
10 521 2643 2632 2633 2624 2625 2642 429 428 522
10 577 420 421 2638 2630 2631 2641 473 472 578
10 637 464 465 2640 2636 2637 2643 521 520 638
10 637 464 466 380 382 422 420 577 576 636
10 638 520 522 428 430 474 472 578 576 636
3 2621 42 40
3 2622 50 48
3 2628 85 84
3 2634 121 120
3 2627 2620 2619
3 2639 169 170
3 2633 2623 2624
3 2642 2618 2625
3 2638 2629 2630
3 2641 2626 2631
3 2640 2635 2636
3 2643 2632 2637
3 380 381 382
3 420 421 422
3 428 429 430
3 464 465 466
3 472 473 474
3 520 521 522
3 576 577 578
3 636 637 638
10 201 104 105 52 54 62 60 133 132 202
10 2644 2645 2646 2647 54 62 2648 2649 2650 2651
10 2652 2653 2646 2647 52 105 2654 2655 2656 2657
10 2658 2659 2649 2648 60 133 2660 2661 2662 2663
10 477 2664 2655 2654 104 201 2665 433 434 478
10 525 2666 2661 2660 132 202 2665 433 432 526
10 533 2667 2652 2653 2645 2644 2668 485 486 534
10 581 2669 2658 2659 2650 2651 2668 485 484 582
10 641 476 477 2664 2656 2657 2667 533 532 642
10 701 524 525 2666 2662 2663 2669 581 580 702
10 701 524 526 432 434 478 476 641 640 700
10 702 580 582 484 486 534 532 642 640 700
3 2647 54 52
3 2648 62 60
3 2654 105 104
3 2660 133 132
3 2653 2646 2645
3 2665 201 202
3 2659 2649 2650
3 2668 2644 2651
3 2664 2655 2656
3 2667 2652 2657
3 2666 2661 2662
3 2669 2658 2663
3 432 433 434
3 476 477 478
3 484 485 486
3 524 525 526
3 532 533 534
3 580 581 582
3 640 641 642
3 700 701 702
10 205 112 113 56 58 66 64 141 140 206
10 2670 2671 2672 2673 58 66 2674 2675 2676 2677
10 2678 2679 2672 2673 56 113 2680 2681 2682 2683
10 2684 2685 2675 2674 64 141 2686 2687 2688 2689
10 481 2690 2681 2680 112 205 2691 437 438 482
10 529 2692 2687 2686 140 206 2691 437 436 530
10 537 2693 2678 2679 2671 2670 2694 489 490 538
10 585 2695 2684 2685 2676 2677 2694 489 488 586
10 645 480 481 2690 2682 2683 2693 537 536 646
10 705 528 529 2692 2688 2689 2695 585 584 706
10 705 528 530 436 438 482 480 645 644 704
10 706 584 586 488 490 538 536 646 644 704
3 2673 58 56
3 2674 66 64
3 2680 113 112
3 2686 141 140
3 2679 2672 2671
3 2691 205 206
3 2685 2675 2676
3 2694 2670 2677
3 2690 2681 2682
3 2693 2678 2683
3 2692 2687 2688
3 2695 2684 2689
3 436 437 438
3 480 481 482
3 488 489 490
3 528 529 530
3 536 537 538
3 584 585 586
3 644 645 646
3 704 705 706
10 201 104 106 68 70 82 80 165 164 200
10 2696 2697 2698 2699 70 82 2700 2701 2702 2703
10 2704 2705 2698 2699 68 106 2706 2707 2708 2709
10 2710 2711 2701 2700 80 165 2712 2713 2714 2715
10 2716 2717 2707 2706 104 201 2718 2719 2720 2721
10 589 2722 2713 2712 164 200 2718 2719 2723 590
10 601 2724 2704 2705 2697 2696 2725 549 550 602
10 649 2726 2710 2711 2702 2703 2725 549 548 650
10 709 2727 2716 2717 2708 2709 2724 601 600 710
10 773 588 589 2722 2714 2715 2726 649 648 774
10 773 588 590 2723 2720 2721 2727 709 708 772
10 774 648 650 548 550 602 600 710 708 772
3 2699 70 68
3 2700 82 80
3 2706 106 104
3 2712 165 164
3 2705 2698 2697
3 2718 201 200
3 2711 2701 2702
3 2725 2696 2703
3 2717 2707 2708
3 2724 2704 2709
3 2722 2713 2714
3 2726 2710 2715
3 2723 2719 2720
3 2727 2716 2721
3 548 549 550
3 588 589 590
3 600 601 602
3 648 649 650
3 708 709 710
3 772 773 774
10 241 136 137 72 74 86 84 169 168 242
10 2728 2729 2730 2731 74 86 2732 2733 2734 2735
10 2736 2737 2730 2731 72 137 2738 2739 2740 2741
10 2742 2743 2733 2732 84 169 2744 2745 2746 2747
10 541 2748 2739 2738 136 241 2749 493 494 542
10 593 2750 2745 2744 168 242 2749 493 492 594
10 605 2751 2736 2737 2729 2728 2752 553 554 606
10 653 2753 2742 2743 2734 2735 2752 553 552 654
10 713 540 541 2748 2740 2741 2751 605 604 714
10 777 592 593 2750 2746 2747 2753 653 652 778
10 777 592 594 492 494 542 540 713 712 776
10 778 652 654 552 554 606 604 714 712 776
3 2731 74 72
3 2732 86 84
3 2738 137 136
3 2744 169 168
3 2737 2730 2729
3 2749 241 242
3 2743 2733 2734
3 2752 2728 2735
3 2748 2739 2740
3 2751 2736 2741
3 2750 2745 2746
3 2753 2742 2747
3 492 493 494
3 540 541 542
3 552 553 554
3 592 593 594
3 604 605 606
3 652 653 654
3 712 713 714
3 776 777 778
10 245 144 145 76 78 90 88 177 176 246
10 2754 2755 2756 2757 78 90 2758 2759 2760 2761
10 2762 2763 2756 2757 76 145 2764 2765 2766 2767
10 2768 2769 2759 2758 88 177 2770 2771 2772 2773
10 545 2774 2765 2764 144 245 2775 497 498 546
10 597 2776 2771 2770 176 246 2775 497 496 598
10 609 2777 2762 2763 2755 2754 2778 557 558 610
10 657 2779 2768 2769 2760 2761 2778 557 556 658
10 717 544 545 2774 2766 2767 2777 609 608 718
10 781 596 597 2776 2772 2773 2779 657 656 782
10 781 596 598 496 498 546 544 717 716 780
10 782 656 658 556 558 610 608 718 716 780
3 2757 78 76
3 2758 90 88
3 2764 145 144
3 2770 177 176
3 2763 2756 2755
3 2775 245 246
3 2769 2759 2760
3 2778 2754 2761
3 2774 2765 2766
3 2777 2762 2767
3 2776 2771 2772
3 2779 2768 2773
3 496 497 498
3 544 545 546
3 556 557 558
3 596 597 598
3 608 609 610
3 656 657 658
3 716 717 718
3 780 781 782
10 202 132 134 92 94 110 108 166 164 200
10 2780 2781 2782 2783 94 110 2784 2785 2786 2787
10 2788 2789 2782 2783 92 134 2790 2791 2792 2793
10 2794 2795 2785 2784 108 166 2796 2797 2798 2799
10 2800 2801 2791 2790 132 202 2802 2803 2804 2805
10 2806 2807 2797 2796 164 200 2802 2803 2808 2809
10 669 2810 2788 2789 2781 2780 2811 617 618 670
10 721 2812 2794 2795 2786 2787 2811 617 616 722
10 785 2813 2800 2801 2792 2793 2810 669 668 786
10 849 2814 2806 2807 2798 2799 2812 721 720 850
10 849 2814 2809 2808 2804 2805 2813 785 784 848
10 850 720 722 616 618 670 668 786 784 848
3 2783 94 92
3 2784 110 108
3 2790 134 132
3 2796 166 164
3 2789 2782 2781
3 2802 202 200
3 2795 2785 2786
3 2811 2780 2787
3 2801 2791 2792
3 2810 2788 2793
3 2807 2797 2798
3 2812 2794 2799
3 2808 2803 2804
3 2813 2800 2805
3 616 617 618
3 2814 2806 2809
3 668 669 670
3 720 721 722
3 784 785 786
3 848 849 850
10 241 136 138 96 98 114 112 205 204 240
10 2815 2816 2817 2818 98 114 2819 2820 2821 2822
10 2823 2824 2817 2818 96 138 2825 2826 2827 2828
10 2829 2830 2820 2819 112 205 2831 2832 2833 2834
10 2835 2836 2826 2825 136 241 2837 2838 2839 2840
10 661 2841 2832 2831 204 240 2837 2838 2842 662
10 673 2843 2823 2824 2816 2815 2844 621 622 674
10 725 2845 2829 2830 2821 2822 2844 621 620 726
10 789 2846 2835 2836 2827 2828 2843 673 672 790
10 853 660 661 2841 2833 2834 2845 725 724 854
10 853 660 662 2842 2839 2840 2846 789 788 852
10 854 724 726 620 622 674 672 790 788 852
3 2818 98 96
3 2819 114 112
3 2825 138 136
3 2831 205 204
3 2824 2817 2816
3 2837 241 240
3 2830 2820 2821
3 2844 2815 2822
3 2836 2826 2827
3 2843 2823 2828
3 2841 2832 2833
3 2845 2829 2834
3 2842 2838 2839
3 2846 2835 2840
3 620 621 622
3 660 661 662
3 672 673 674
3 724 725 726
3 788 789 790
3 852 853 854
10 285 172 173 100 102 118 116 209 208 286
10 2847 2848 2849 2850 102 118 2851 2852 2853 2854
10 2855 2856 2849 2850 100 173 2857 2858 2859 2860
10 2861 2862 2852 2851 116 209 2863 2864 2865 2866
10 613 2867 2858 2857 172 285 2868 561 562 614
10 665 2869 2864 2863 208 286 2868 561 560 666
10 677 2870 2855 2856 2848 2847 2871 625 626 678
10 729 2872 2861 2862 2853 2854 2871 625 624 730
10 793 612 613 2867 2859 2860 2870 677 676 794
10 857 664 665 2869 2865 2866 2872 729 728 858
10 857 664 666 560 562 614 612 793 792 856
10 858 728 730 624 626 678 676 794 792 856
3 2850 102 100
3 2851 118 116
3 2857 173 172
3 2863 209 208
3 2856 2849 2848
3 2868 285 286
3 2862 2852 2853
3 2871 2847 2854
3 2867 2858 2859
3 2870 2855 2860
3 2869 2864 2865
3 2872 2861 2866
3 560 561 562
3 612 613 614
3 624 625 626
3 664 665 666
3 676 677 678
3 728 729 730
3 792 793 794
3 856 857 858
10 242 168 170 120 122 142 140 206 204 240
10 2873 2874 2875 2876 122 142 2877 2878 2879 2880
10 2881 2882 2875 2876 120 170 2883 2884 2885 2886
10 2887 2888 2878 2877 140 206 2889 2890 2891 2892
10 2893 2894 2884 2883 168 242 2895 2896 2897 2898
10 2899 2900 2890 2889 204 240 2895 2896 2901 2902
10 741 2903 2881 2882 2874 2873 2904 685 686 742
10 797 2905 2887 2888 2879 2880 2904 685 684 798
10 861 2906 2893 2894 2885 2886 2903 741 740 862
10 925 2907 2899 2900 2891 2892 2905 797 796 926
10 925 2907 2902 2901 2897 2898 2906 861 860 924
10 926 796 798 684 686 742 740 862 860 924
3 2876 122 120
3 2877 142 140
3 2883 170 168
3 2889 206 204
3 2882 2875 2874
3 2895 242 240
3 2888 2878 2879
3 2904 2873 2880
3 2894 2884 2885
3 2903 2881 2886
3 2900 2890 2891
3 2905 2887 2892
3 2901 2896 2897
3 2906 2893 2898
3 684 685 686
3 2907 2899 2902
3 740 741 742
3 796 797 798
3 860 861 862
3 924 925 926
10 285 172 174 124 126 146 144 245 244 284
10 2908 2909 2910 2911 126 146 2912 2913 2914 2915
10 2916 2917 2910 2911 124 174 2918 2919 2920 2921
10 2922 2923 2913 2912 144 245 2924 2925 2926 2927
10 2928 2929 2919 2918 172 285 2930 2931 2932 2933
10 733 2934 2925 2924 244 284 2930 2931 2935 734
10 745 2936 2916 2917 2909 2908 2937 689 690 746
10 801 2938 2922 2923 2914 2915 2937 689 688 802
10 865 2939 2928 2929 2920 2921 2936 745 744 866
10 929 732 733 2934 2926 2927 2938 801 800 930
10 929 732 734 2935 2932 2933 2939 865 864 928
10 930 800 802 688 690 746 744 866 864 928
3 2911 126 124
3 2912 146 144
3 2918 174 172
3 2924 245 244
3 2917 2910 2909
3 2930 285 284
3 2923 2913 2914
3 2937 2908 2915
3 2929 2919 2920
3 2936 2916 2921
3 2934 2925 2926
3 2938 2922 2927
3 2935 2931 2932
3 2939 2928 2933
3 688 689 690
3 732 733 734
3 744 745 746
3 800 801 802
3 864 865 866
3 928 929 930
10 333 212 213 128 130 150 148 249 248 334
10 2940 2941 2942 2943 130 150 2944 2945 2946 2947
10 2948 2949 2942 2943 128 213 2950 2951 2952 2953
10 2954 2955 2945 2944 148 249 2956 2957 2958 2959
10 681 2960 2951 2950 212 333 2961 629 630 682
10 737 2962 2957 2956 248 334 2961 629 628 738
10 749 2963 2948 2949 2941 2940 2964 693 694 750
10 805 2965 2954 2955 2946 2947 2964 693 692 806
10 869 680 681 2960 2952 2953 2963 749 748 870
10 933 736 737 2962 2958 2959 2965 805 804 934
10 933 736 738 628 630 682 680 869 868 932
10 934 804 806 692 694 750 748 870 868 932
3 2943 130 128
3 2944 150 148
3 2950 213 212
3 2956 249 248
3 2949 2942 2941
3 2961 333 334
3 2955 2945 2946
3 2964 2940 2947
3 2960 2951 2952
3 2963 2948 2953
3 2962 2957 2958
3 2965 2954 2959
3 628 629 630
3 680 681 682
3 692 693 694
3 736 737 738
3 748 749 750
3 804 805 806
3 868 869 870
3 932 933 934
10 286 208 210 152 154 178 176 246 244 284
10 2966 2967 2968 2969 154 178 2970 2971 2972 2973
10 2974 2975 2968 2969 152 210 2976 2977 2978 2979
10 2980 2981 2971 2970 176 246 2982 2983 2984 2985
10 2986 2987 2977 2976 208 286 2988 2989 2990 2991
10 2992 2993 2983 2982 244 284 2988 2989 2994 2995
10 817 2996 2974 2975 2967 2966 2997 757 758 818
10 873 2998 2980 2981 2972 2973 2997 757 756 874
10 937 2999 2986 2987 2978 2979 2996 817 816 938
10 1001 3000 2992 2993 2984 2985 2998 873 872 1002
10 1001 3000 2995 2994 2990 2991 2999 937 936 1000
10 1002 872 874 756 758 818 816 938 936 1000
3 2969 154 152
3 2970 178 176
3 2976 210 208
3 2982 246 244
3 2975 2968 2967
3 2988 286 284
3 2981 2971 2972
3 2997 2966 2973
3 2987 2977 2978
3 2996 2974 2979
3 2993 2983 2984
3 2998 2980 2985
3 2994 2989 2990
3 2999 2986 2991
3 756 757 758
3 3000 2992 2995
3 816 817 818
3 872 873 874
3 936 937 938
3 1000 1001 1002
10 333 212 214 156 158 182 180 289 288 332
10 3001 3002 3003 3004 158 182 3005 3006 3007 3008
10 3009 3010 3003 3004 156 214 3011 3012 3013 3014
10 3015 3016 3006 3005 180 289 3017 3018 3019 3020
10 3021 3022 3012 3011 212 333 3023 3024 3025 3026
10 809 3027 3018 3017 288 332 3023 3024 3028 810
10 821 3029 3009 3010 3002 3001 3030 761 762 822
10 877 3031 3015 3016 3007 3008 3030 761 760 878
10 941 3032 3021 3022 3013 3014 3029 821 820 942
10 1005 808 809 3027 3019 3020 3031 877 876 1006
10 1005 808 810 3028 3025 3026 3032 941 940 1004
10 1006 876 878 760 762 822 820 942 940 1004
3 3004 158 156
3 3005 182 180
3 3011 214 212
3 3017 289 288
3 3010 3003 3002
3 3023 333 332
3 3016 3006 3007
3 3030 3001 3008
3 3022 3012 3013
3 3029 3009 3014
3 3027 3018 3019
3 3031 3015 3020
3 3028 3024 3025
3 3032 3021 3026
3 760 761 762
3 808 809 810
3 820 821 822
3 876 877 878
3 940 941 942
3 1004 1005 1006
10 385 252 253 160 162 186 184 293 292 386
10 3033 3034 3035 3036 162 186 3037 3038 3039 3040
10 3041 3042 3035 3036 160 253 3043 3044 3045 3046
10 3047 3048 3038 3037 184 293 3049 3050 3051 3052
10 753 3053 3044 3043 252 385 3054 697 698 754
10 813 3055 3050 3049 292 386 3054 697 696 814
10 825 3056 3041 3042 3034 3033 3057 765 766 826
10 881 3058 3047 3048 3039 3040 3057 765 764 882
10 945 752 753 3053 3045 3046 3056 825 824 946
10 1009 812 813 3055 3051 3052 3058 881 880 1010
10 1009 812 814 696 698 754 752 945 944 1008
10 1010 880 882 764 766 826 824 946 944 1008
3 3036 162 160
3 3037 186 184
3 3043 253 252
3 3049 293 292
3 3042 3035 3034
3 3054 385 386
3 3048 3038 3039
3 3057 3033 3040
3 3053 3044 3045
3 3056 3041 3046
3 3055 3050 3051
3 3058 3047 3052
3 696 697 698
3 752 753 754
3 764 765 766
3 812 813 814
3 824 825 826
3 880 881 882
3 944 945 946
3 1008 1009 1010
10 334 248 250 188 190 218 216 290 288 332
10 3059 3060 3061 3062 190 218 3063 3064 3065 3066
10 3067 3068 3061 3062 188 250 3069 3070 3071 3072
10 3073 3074 3064 3063 216 290 3075 3076 3077 3078
10 3079 3080 3070 3069 248 334 3081 3082 3083 3084
10 3085 3086 3076 3075 288 332 3081 3082 3087 3088
10 893 3089 3067 3068 3060 3059 3090 833 834 894
10 949 3091 3073 3074 3065 3066 3090 833 832 950
10 1013 3092 3079 3080 3071 3072 3089 893 892 1014
10 1081 3093 3085 3086 3077 3078 3091 949 948 1082
10 1081 3093 3088 3087 3083 3084 3092 1013 1012 1080
10 1082 948 950 832 834 894 892 1014 1012 1080
3 3062 190 188
3 3063 218 216
3 3069 250 248
3 3075 290 288
3 3068 3061 3060
3 3081 334 332
3 3074 3064 3065
3 3090 3059 3066
3 3080 3070 3071
3 3089 3067 3072
3 3086 3076 3077
3 3091 3073 3078
3 3087 3082 3083
3 3092 3079 3084
3 832 833 834
3 3093 3085 3088
3 892 893 894
3 948 949 950
3 1012 1013 1014
3 1080 1081 1082
10 385 252 254 192 194 222 220 337 336 384
10 3094 3095 3096 3097 194 222 3098 3099 3100 3101
10 3102 3103 3096 3097 192 254 3104 3105 3106 3107
10 3108 3109 3099 3098 220 337 3110 3111 3112 3113
10 3114 3115 3105 3104 252 385 3116 3117 3118 3119
10 885 3120 3111 3110 336 384 3116 3117 3121 886
10 897 3122 3102 3103 3095 3094 3123 837 838 898
10 953 3124 3108 3109 3100 3101 3123 837 836 954
10 1017 3125 3114 3115 3106 3107 3122 897 896 1018
10 1085 884 885 3120 3112 3113 3124 953 952 1086
10 1085 884 886 3121 3118 3119 3125 1017 1016 1084
10 1086 952 954 836 838 898 896 1018 1016 1084
3 3097 194 192
3 3098 222 220
3 3104 254 252
3 3110 337 336
3 3103 3096 3095
3 3116 385 384
3 3109 3099 3100
3 3123 3094 3101
3 3115 3105 3106
3 3122 3102 3107
3 3120 3111 3112
3 3124 3108 3113
3 3121 3117 3118
3 3125 3114 3119
3 836 837 838
3 884 885 886
3 896 897 898
3 952 953 954
3 1016 1017 1018
3 1084 1085 1086
10 441 296 297 196 198 226 224 341 340 442
10 3126 3127 3128 3129 198 226 3130 3131 3132 3133
10 3134 3135 3128 3129 196 297 3136 3137 3138 3139
10 3140 3141 3131 3130 224 341 3142 3143 3144 3145
10 829 3146 3137 3136 296 441 3147 769 770 830
10 889 3148 3143 3142 340 442 3147 769 768 890
10 901 3149 3134 3135 3127 3126 3150 841 842 902
10 957 3151 3140 3141 3132 3133 3150 841 840 958
10 1021 828 829 3146 3138 3139 3149 901 900 1022
10 1089 888 889 3148 3144 3145 3151 957 956 1090
10 1089 888 890 768 770 830 828 1021 1020 1088
10 1090 956 958 840 842 902 900 1022 1020 1088
3 3129 198 196
3 3130 226 224
3 3136 297 296
3 3142 341 340
3 3135 3128 3127
3 3147 441 442
3 3141 3131 3132
3 3150 3126 3133
3 3146 3137 3138
3 3149 3134 3139
3 3148 3143 3144
3 3151 3140 3145
3 768 769 770
3 828 829 830
3 840 841 842
3 888 889 890
3 900 901 902
3 956 957 958
3 1020 1021 1022
3 1088 1089 1090
10 386 292 294 228 230 258 256 338 336 384
10 3152 3153 3154 3155 230 258 3156 3157 3158 3159
10 3160 3161 3154 3155 228 294 3162 3163 3164 3165
10 3166 3167 3157 3156 256 338 3168 3169 3170 3171
10 3172 3173 3163 3162 292 386 3174 3175 3176 3177
10 3178 3179 3169 3168 336 384 3174 3175 3180 3181
10 969 3182 3160 3161 3153 3152 3183 909 910 970
10 1025 3184 3166 3167 3158 3159 3183 909 908 1026
10 1093 3185 3172 3173 3164 3165 3182 969 968 1094
10 1161 3186 3178 3179 3170 3171 3184 1025 1024 1162
10 1161 3186 3181 3180 3176 3177 3185 1093 1092 1160
10 1162 1024 1026 908 910 970 968 1094 1092 1160
3 3155 230 228
3 3156 258 256
3 3162 294 292
3 3168 338 336
3 3161 3154 3153
3 3174 386 384
3 3167 3157 3158
3 3183 3152 3159
3 3173 3163 3164
3 3182 3160 3165
3 3179 3169 3170
3 3184 3166 3171
3 3180 3175 3176
3 3185 3172 3177
3 908 909 910
3 3186 3178 3181
3 968 969 970
3 1024 1025 1026
3 1092 1093 1094
3 1160 1161 1162
10 441 296 298 232 234 262 260 389 388 440
10 3187 3188 3189 3190 234 262 3191 3192 3193 3194
10 3195 3196 3189 3190 232 298 3197 3198 3199 3200
10 3201 3202 3192 3191 260 389 3203 3204 3205 3206
10 3207 3208 3198 3197 296 441 3209 3210 3211 3212
10 961 3213 3204 3203 388 440 3209 3210 3214 962
10 973 3215 3195 3196 3188 3187 3216 913 914 974
10 1029 3217 3201 3202 3193 3194 3216 913 912 1030
10 1097 3218 3207 3208 3199 3200 3215 973 972 1098
10 1165 960 961 3213 3205 3206 3217 1029 1028 1166
10 1165 960 962 3214 3211 3212 3218 1097 1096 1164
10 1166 1028 1030 912 914 974 972 1098 1096 1164
3 3190 234 232
3 3191 262 260
3 3197 298 296
3 3203 389 388
3 3196 3189 3188
3 3209 441 440
3 3202 3192 3193
3 3216 3187 3194
3 3208 3198 3199
3 3215 3195 3200
3 3213 3204 3205
3 3217 3201 3206
3 3214 3210 3211
3 3218 3207 3212
3 912 913 914
3 960 961 962
3 972 973 974
3 1028 1029 1030
3 1096 1097 1098
3 1164 1165 1166
10 505 348 349 236 238 266 264 397 396 506
10 3219 3220 3221 3222 238 266 3223 3224 3225 3226
10 3227 3228 3221 3222 236 349 3229 3230 3231 3232
10 3233 3234 3224 3223 264 397 3235 3236 3237 3238
10 905 3239 3230 3229 348 505 3240 845 846 906
10 965 3241 3236 3235 396 506 3240 845 844 966
10 977 3242 3227 3228 3220 3219 3243 917 918 978
10 1033 3244 3233 3234 3225 3226 3243 917 916 1034
10 1101 904 905 3239 3231 3232 3242 977 976 1102
10 1169 964 965 3241 3237 3238 3244 1033 1032 1170
10 1169 964 966 844 846 906 904 1101 1100 1168
10 1170 1032 1034 916 918 978 976 1102 1100 1168
3 3222 238 236
3 3223 266 264
3 3229 349 348
3 3235 397 396
3 3228 3221 3220
3 3240 505 506
3 3234 3224 3225
3 3243 3219 3226
3 3239 3230 3231
3 3242 3227 3232
3 3241 3236 3237
3 3244 3233 3238
3 844 845 846
3 904 905 906
3 916 917 918
3 964 965 966
3 976 977 978
3 1032 1033 1034
3 1100 1101 1102
3 1168 1169 1170
10 442 340 342 268 270 302 300 390 388 440
10 3245 3246 3247 3248 270 302 3249 3250 3251 3252
10 3253 3254 3247 3248 268 342 3255 3256 3257 3258
10 3259 3260 3250 3249 300 390 3261 3262 3263 3264
10 3265 3266 3256 3255 340 442 3267 3268 3269 3270
10 3271 3272 3262 3261 388 440 3267 3268 3273 3274
10 1049 3275 3253 3254 3246 3245 3276 985 986 1050
10 1105 3277 3259 3260 3251 3252 3276 985 984 1106
10 1173 3278 3265 3266 3257 3258 3275 1049 1048 1174
10 1241 3279 3271 3272 3263 3264 3277 1105 1104 1242
10 1241 3279 3274 3273 3269 3270 3278 1173 1172 1240
10 1242 1104 1106 984 986 1050 1048 1174 1172 1240
3 3248 270 268
3 3249 302 300
3 3255 342 340
3 3261 390 388
3 3254 3247 3246
3 3267 442 440
3 3260 3250 3251
3 3276 3245 3252
3 3266 3256 3257
3 3275 3253 3258
3 3272 3262 3263
3 3277 3259 3264
3 3273 3268 3269
3 3278 3265 3270
3 984 985 986
3 3279 3271 3274
3 1048 1049 1050
3 1104 1105 1106
3 1172 1173 1174
3 1240 1241 1242
10 501 344 346 272 274 306 304 445 444 500
10 3280 3281 3282 3283 274 306 3284 3285 3286 3287
10 3288 3289 3282 3283 272 346 3290 3291 3292 3293
10 3294 3295 3285 3284 304 445 3296 3297 3298 3299
10 3300 3301 3291 3290 344 501 3302 3303 3304 3305
10 1037 3306 3297 3296 444 500 3302 3303 3307 1038
10 1053 3308 3288 3289 3281 3280 3309 989 990 1054
10 1109 3310 3294 3295 3286 3287 3309 989 988 1110
10 1177 3311 3300 3301 3292 3293 3308 1053 1052 1178
10 1245 1036 1037 3306 3298 3299 3310 1109 1108 1246
10 1245 1036 1038 3307 3304 3305 3311 1177 1176 1244
10 1246 1108 1110 988 990 1054 1052 1178 1176 1244
3 3283 274 272
3 3284 306 304
3 3290 346 344
3 3296 445 444
3 3289 3282 3281
3 3302 501 500
3 3295 3285 3286
3 3309 3280 3287
3 3301 3291 3292
3 3308 3288 3293
3 3306 3297 3298
3 3310 3294 3299
3 3307 3303 3304
3 3311 3300 3305
3 988 989 990
3 1036 1037 1038
3 1052 1053 1054
3 1108 1109 1110
3 1176 1177 1178
3 1244 1245 1246
10 505 348 350 276 278 310 308 449 448 504
10 3312 3313 3314 3315 278 310 3316 3317 3318 3319
10 3320 3321 3314 3315 276 350 3322 3323 3324 3325
10 3326 3327 3317 3316 308 449 3328 3329 3330 3331
10 3332 3333 3323 3322 348 505 3334 3335 3336 3337
10 1041 3338 3329 3328 448 504 3334 3335 3339 1042
10 1057 3340 3320 3321 3313 3312 3341 993 994 1058
10 1113 3342 3326 3327 3318 3319 3341 993 992 1114
10 1181 3343 3332 3333 3324 3325 3340 1057 1056 1182
10 1249 1040 1041 3338 3330 3331 3342 1113 1112 1250
10 1249 1040 1042 3339 3336 3337 3343 1181 1180 1248
10 1250 1112 1114 992 994 1058 1056 1182 1180 1248
3 3315 278 276
3 3316 310 308
3 3322 350 348
3 3328 449 448
3 3321 3314 3313
3 3334 505 504
3 3327 3317 3318
3 3341 3312 3319
3 3333 3323 3324
3 3340 3320 3325
3 3338 3329 3330
3 3342 3326 3331
3 3339 3335 3336
3 3343 3332 3337
3 992 993 994
3 1040 1041 1042
3 1056 1057 1058
3 1112 1113 1114
3 1180 1181 1182
3 1248 1249 1250
10 569 404 405 280 282 314 312 457 456 570
10 3344 3345 3346 3347 282 314 3348 3349 3350 3351
10 3352 3353 3346 3347 280 405 3354 3355 3356 3357
10 3358 3359 3349 3348 312 457 3360 3361 3362 3363
10 981 3364 3355 3354 404 569 3365 921 922 982
10 1045 3366 3361 3360 456 570 3365 921 920 1046
10 1061 3367 3352 3353 3345 3344 3368 997 998 1062
10 1117 3369 3358 3359 3350 3351 3368 997 996 1118
10 1185 980 981 3364 3356 3357 3367 1061 1060 1186
10 1253 1044 1045 3366 3362 3363 3369 1117 1116 1254
10 1253 1044 1046 920 922 982 980 1185 1184 1252
10 1254 1116 1118 996 998 1062 1060 1186 1184 1252
3 3347 282 280
3 3348 314 312
3 3354 405 404
3 3360 457 456
3 3353 3346 3345
3 3365 569 570
3 3359 3349 3350
3 3368 3344 3351
3 3364 3355 3356
3 3367 3352 3357
3 3366 3361 3362
3 3369 3358 3363
3 920 921 922
3 980 981 982
3 996 997 998
3 1044 1045 1046
3 1060 1061 1062
3 1116 1117 1118
3 1184 1185 1186
3 1252 1253 1254
10 502 392 394 316 318 354 352 446 444 500
10 3370 3371 3372 3373 318 354 3374 3375 3376 3377
10 3378 3379 3372 3373 316 394 3380 3381 3382 3383
10 3384 3385 3375 3374 352 446 3386 3387 3388 3389
10 3390 3391 3381 3380 392 502 3392 3393 3394 3395
10 3396 3397 3387 3386 444 500 3392 3393 3398 3399
10 1129 3400 3378 3379 3371 3370 3401 1065 1066 1130
10 1189 3402 3384 3385 3376 3377 3401 1065 1064 1190
10 1257 3403 3390 3391 3382 3383 3400 1129 1128 1258
10 1321 3404 3396 3397 3388 3389 3402 1189 1188 1322
10 1321 3404 3399 3398 3394 3395 3403 1257 1256 1320
10 1322 1188 1190 1064 1066 1130 1128 1258 1256 1320
3 3373 318 316
3 3374 354 352
3 3380 394 392
3 3386 446 444
3 3379 3372 3371
3 3392 502 500
3 3385 3375 3376
3 3401 3370 3377
3 3391 3381 3382
3 3400 3378 3383
3 3397 3387 3388
3 3402 3384 3389
3 3398 3393 3394
3 3403 3390 3395
3 1064 1065 1066
3 3404 3396 3399
3 1128 1129 1130
3 1188 1189 1190
3 1256 1257 1258
3 1320 1321 1322
10 506 396 398 320 322 358 356 450 448 504
10 3405 3406 3407 3408 322 358 3409 3410 3411 3412
10 3413 3414 3407 3408 320 398 3415 3416 3417 3418
10 3419 3420 3410 3409 356 450 3421 3422 3423 3424
10 3425 3426 3416 3415 396 506 3427 3428 3429 3430
10 3431 3432 3422 3421 448 504 3427 3428 3433 3434
10 1133 3435 3413 3414 3406 3405 3436 1069 1070 1134
10 1193 3437 3419 3420 3411 3412 3436 1069 1068 1194
10 1261 3438 3425 3426 3417 3418 3435 1133 1132 1262
10 1325 3439 3431 3432 3423 3424 3437 1193 1192 1326
10 1325 3439 3434 3433 3429 3430 3438 1261 1260 1324
10 1326 1192 1194 1068 1070 1134 1132 1262 1260 1324
3 3408 322 320
3 3409 358 356
3 3415 398 396
3 3421 450 448
3 3414 3407 3406
3 3427 506 504
3 3420 3410 3411
3 3436 3405 3412
3 3426 3416 3417
3 3435 3413 3418
3 3432 3422 3423
3 3437 3419 3424
3 3433 3428 3429
3 3438 3425 3430
3 1068 1069 1070
3 3439 3431 3434
3 1132 1133 1134
3 1192 1193 1194
3 1260 1261 1262
3 1324 1325 1326
10 565 400 402 324 326 362 360 509 508 564
10 3440 3441 3442 3443 326 362 3444 3445 3446 3447
10 3448 3449 3442 3443 324 402 3450 3451 3452 3453
10 3454 3455 3445 3444 360 509 3456 3457 3458 3459
10 3460 3461 3451 3450 400 565 3462 3463 3464 3465
10 1121 3466 3457 3456 508 564 3462 3463 3467 1122
10 1137 3468 3448 3449 3441 3440 3469 1073 1074 1138
10 1197 3470 3454 3455 3446 3447 3469 1073 1072 1198
10 1265 3471 3460 3461 3452 3453 3468 1137 1136 1266
10 1329 1120 1121 3466 3458 3459 3470 1197 1196 1330
10 1329 1120 1122 3467 3464 3465 3471 1265 1264 1328
10 1330 1196 1198 1072 1074 1138 1136 1266 1264 1328
3 3443 326 324
3 3444 362 360
3 3450 402 400
3 3456 509 508
3 3449 3442 3441
3 3462 565 564
3 3455 3445 3446
3 3469 3440 3447
3 3461 3451 3452
3 3468 3448 3453
3 3466 3457 3458
3 3470 3454 3459
3 3467 3463 3464
3 3471 3460 3465
3 1072 1073 1074
3 1120 1121 1122
3 1136 1137 1138
3 1196 1197 1198
3 1264 1265 1266
3 1328 1329 1330
10 569 404 406 328 330 366 364 513 512 568
10 3472 3473 3474 3475 330 366 3476 3477 3478 3479
10 3480 3481 3474 3475 328 406 3482 3483 3484 3485
10 3486 3487 3477 3476 364 513 3488 3489 3490 3491
10 3492 3493 3483 3482 404 569 3494 3495 3496 3497
10 1125 3498 3489 3488 512 568 3494 3495 3499 1126
10 1141 3500 3480 3481 3473 3472 3501 1077 1078 1142
10 1201 3502 3486 3487 3478 3479 3501 1077 1076 1202
10 1269 3503 3492 3493 3484 3485 3500 1141 1140 1270
10 1333 1124 1125 3498 3490 3491 3502 1201 1200 1334
10 1333 1124 1126 3499 3496 3497 3503 1269 1268 1332
10 1334 1200 1202 1076 1078 1142 1140 1270 1268 1332
3 3475 330 328
3 3476 366 364
3 3482 406 404
3 3488 513 512
3 3481 3474 3473
3 3494 569 568
3 3487 3477 3478
3 3501 3472 3479
3 3493 3483 3484
3 3500 3480 3485
3 3498 3489 3490
3 3502 3486 3491
3 3499 3495 3496
3 3503 3492 3497
3 1076 1077 1078
3 1124 1125 1126
3 1140 1141 1142
3 1200 1201 1202
3 1268 1269 1270
3 1332 1333 1334
10 566 452 454 368 370 410 408 510 508 564
10 3504 3505 3506 3507 370 410 3508 3509 3510 3511
10 3512 3513 3506 3507 368 454 3514 3515 3516 3517
10 3518 3519 3509 3508 408 510 3520 3521 3522 3523
10 3524 3525 3515 3514 452 566 3526 3527 3528 3529
10 3530 3531 3521 3520 508 564 3526 3527 3532 3533
10 1213 3534 3512 3513 3505 3504 3535 1145 1146 1214
10 1273 3536 3518 3519 3510 3511 3535 1145 1144 1274
10 1337 3537 3524 3525 3516 3517 3534 1213 1212 1338
10 1401 3538 3530 3531 3522 3523 3536 1273 1272 1402
10 1401 3538 3533 3532 3528 3529 3537 1337 1336 1400
10 1402 1272 1274 1144 1146 1214 1212 1338 1336 1400
3 3507 370 368
3 3508 410 408
3 3514 454 452
3 3520 510 508
3 3513 3506 3505
3 3526 566 564
3 3519 3509 3510
3 3535 3504 3511
3 3525 3515 3516
3 3534 3512 3517
3 3531 3521 3522
3 3536 3518 3523
3 3532 3527 3528
3 3537 3524 3529
3 1144 1145 1146
3 3538 3530 3533
3 1212 1213 1214
3 1272 1273 1274
3 1336 1337 1338
3 1400 1401 1402
10 570 456 458 372 374 414 412 514 512 568
10 3539 3540 3541 3542 374 414 3543 3544 3545 3546
10 3547 3548 3541 3542 372 458 3549 3550 3551 3552
10 3553 3554 3544 3543 412 514 3555 3556 3557 3558
10 3559 3560 3550 3549 456 570 3561 3562 3563 3564
10 3565 3566 3556 3555 512 568 3561 3562 3567 3568
10 1217 3569 3547 3548 3540 3539 3570 1149 1150 1218
10 1277 3571 3553 3554 3545 3546 3570 1149 1148 1278
10 1341 3572 3559 3560 3551 3552 3569 1217 1216 1342
10 1405 3573 3565 3566 3557 3558 3571 1277 1276 1406
10 1405 3573 3568 3567 3563 3564 3572 1341 1340 1404
10 1406 1276 1278 1148 1150 1218 1216 1342 1340 1404
3 3542 374 372
3 3543 414 412
3 3549 458 456
3 3555 514 512
3 3548 3541 3540
3 3561 570 568
3 3554 3544 3545
3 3570 3539 3546
3 3560 3550 3551
3 3569 3547 3552
3 3566 3556 3557
3 3571 3553 3558
3 3567 3562 3563
3 3572 3559 3564
3 1148 1149 1150
3 3573 3565 3568
3 1216 1217 1218
3 1276 1277 1278
3 1340 1341 1342
3 1404 1405 1406
10 633 460 462 376 378 418 416 573 572 632
10 3574 3575 3576 3577 378 418 3578 3579 3580 3581
10 3582 3583 3576 3577 376 462 3584 3585 3586 3587
10 3588 3589 3579 3578 416 573 3590 3591 3592 3593
10 3594 3595 3585 3584 460 633 3596 3597 3598 3599
10 1205 3600 3591 3590 572 632 3596 3597 3601 1206
10 1221 3602 3582 3583 3575 3574 3603 1153 1154 1222
10 1281 3604 3588 3589 3580 3581 3603 1153 1152 1282
10 1345 3605 3594 3595 3586 3587 3602 1221 1220 1346
10 1409 1204 1205 3600 3592 3593 3604 1281 1280 1410
10 1409 1204 1206 3601 3598 3599 3605 1345 1344 1408
10 1410 1280 1282 1152 1154 1222 1220 1346 1344 1408
3 3577 378 376
3 3578 418 416
3 3584 462 460
3 3590 573 572
3 3583 3576 3575
3 3596 633 632
3 3589 3579 3580
3 3603 3574 3581
3 3595 3585 3586
3 3602 3582 3587
3 3600 3591 3592
3 3604 3588 3593
3 3601 3597 3598
3 3605 3594 3599
3 1152 1153 1154
3 1204 1205 1206
3 1220 1221 1222
3 1280 1281 1282
3 1344 1345 1346
3 1408 1409 1410
10 637 464 466 380 382 422 420 577 576 636
10 3606 3607 3608 3609 382 422 3610 3611 3612 3613
10 3614 3615 3608 3609 380 466 3616 3617 3618 3619
10 3620 3621 3611 3610 420 577 3622 3623 3624 3625
10 3626 3627 3617 3616 464 637 3628 3629 3630 3631
10 1209 3632 3623 3622 576 636 3628 3629 3633 1210
10 1225 3634 3614 3615 3607 3606 3635 1157 1158 1226
10 1285 3636 3620 3621 3612 3613 3635 1157 1156 1286
10 1349 3637 3626 3627 3618 3619 3634 1225 1224 1350
10 1413 1208 1209 3632 3624 3625 3636 1285 1284 1414
10 1413 1208 1210 3633 3630 3631 3637 1349 1348 1412
10 1414 1284 1286 1156 1158 1226 1224 1350 1348 1412
3 3609 382 380
3 3610 422 420
3 3616 466 464
3 3622 577 576
3 3615 3608 3607
3 3628 637 636
3 3621 3611 3612
3 3635 3606 3613
3 3627 3617 3618
3 3634 3614 3619
3 3632 3623 3624
3 3636 3620 3625
3 3633 3629 3630
3 3637 3626 3631
3 1156 1157 1158
3 1208 1209 1210
3 1224 1225 1226
3 1284 1285 1286
3 1348 1349 1350
3 1412 1413 1414
10 634 516 518 424 426 470 468 574 572 632
10 3638 3639 3640 3641 426 470 3642 3643 3644 3645
10 3646 3647 3640 3641 424 518 3648 3649 3650 3651
10 3652 3653 3643 3642 468 574 3654 3655 3656 3657
10 3658 3659 3649 3648 516 634 3660 3661 3662 3663
10 3664 3665 3655 3654 572 632 3660 3661 3666 3667
10 1297 3668 3646 3647 3639 3638 3669 1229 1230 1298
10 1353 3670 3652 3653 3644 3645 3669 1229 1228 1354
10 1417 3671 3658 3659 3650 3651 3668 1297 1296 1418
10 1477 3672 3664 3665 3656 3657 3670 1353 1352 1478
10 1477 3672 3667 3666 3662 3663 3671 1417 1416 1476
10 1478 1352 1354 1228 1230 1298 1296 1418 1416 1476
3 3641 426 424
3 3642 470 468
3 3648 518 516
3 3654 574 572
3 3647 3640 3639
3 3660 634 632
3 3653 3643 3644
3 3669 3638 3645
3 3659 3649 3650
3 3668 3646 3651
3 3665 3655 3656
3 3670 3652 3657
3 3666 3661 3662
3 3671 3658 3663
3 1228 1229 1230
3 3672 3664 3667
3 1296 1297 1298
3 1352 1353 1354
3 1416 1417 1418
3 1476 1477 1478
10 638 520 522 428 430 474 472 578 576 636
10 3673 3674 3675 3676 430 474 3677 3678 3679 3680
10 3681 3682 3675 3676 428 522 3683 3684 3685 3686
10 3687 3688 3678 3677 472 578 3689 3690 3691 3692
10 3693 3694 3684 3683 520 638 3695 3696 3697 3698
10 3699 3700 3690 3689 576 636 3695 3696 3701 3702
10 1301 3703 3681 3682 3674 3673 3704 1233 1234 1302
10 1357 3705 3687 3688 3679 3680 3704 1233 1232 1358
10 1421 3706 3693 3694 3685 3686 3703 1301 1300 1422
10 1481 3707 3699 3700 3691 3692 3705 1357 1356 1482
10 1481 3707 3702 3701 3697 3698 3706 1421 1420 1480
10 1482 1356 1358 1232 1234 1302 1300 1422 1420 1480
3 3676 430 428
3 3677 474 472
3 3683 522 520
3 3689 578 576
3 3682 3675 3674
3 3695 638 636
3 3688 3678 3679
3 3704 3673 3680
3 3694 3684 3685
3 3703 3681 3686
3 3700 3690 3691
3 3705 3687 3692
3 3701 3696 3697
3 3706 3693 3698
3 1232 1233 1234
3 3707 3699 3702
3 1300 1301 1302
3 1356 1357 1358
3 1420 1421 1422
3 1480 1481 1482
10 701 524 526 432 434 478 476 641 640 700
10 3708 3709 3710 3711 434 478 3712 3713 3714 3715
10 3716 3717 3710 3711 432 526 3718 3719 3720 3721
10 3722 3723 3713 3712 476 641 3724 3725 3726 3727
10 3728 3729 3719 3718 524 701 3730 3731 3732 3733
10 3734 3735 3716 3717 3709 3708 3736 3737 3738 3739
10 1289 3740 3725 3724 640 700 3730 3731 3741 1290
10 1361 3742 3722 3723 3714 3715 3736 3737 3743 1362
10 1425 3744 3728 3729 3720 3721 3735 3734 3745 1426
10 1485 1288 1289 3740 3726 3727 3742 1361 1360 1486
10 1485 1288 1290 3741 3732 3733 3744 1425 1424 1484
10 1486 1360 1362 3743 3738 3739 3745 1426 1424 1484
3 3711 434 432
3 3712 478 476
3 3718 526 524
3 3724 641 640
3 3717 3710 3709
3 3730 701 700
3 3723 3713 3714
3 3736 3708 3715
3 3729 3719 3720
3 3735 3716 3721
3 3740 3725 3726
3 3742 3722 3727
3 3741 3731 3732
3 3744 3728 3733
3 3743 3737 3738
3 1288 1289 1290
3 3745 3734 3739
3 1360 1361 1362
3 1424 1425 1426
3 1484 1485 1486
10 705 528 530 436 438 482 480 645 644 704
10 3746 3747 3748 3749 438 482 3750 3751 3752 3753
10 3754 3755 3748 3749 436 530 3756 3757 3758 3759
10 3760 3761 3751 3750 480 645 3762 3763 3764 3765
10 3766 3767 3757 3756 528 705 3768 3769 3770 3771
10 1293 3772 3763 3762 644 704 3768 3769 3773 1294
10 1305 3774 3754 3755 3747 3746 3775 1237 1238 1306
10 1365 3776 3760 3761 3752 3753 3775 1237 1236 1366
10 1429 3777 3766 3767 3758 3759 3774 1305 1304 1430
10 1489 1292 1293 3772 3764 3765 3776 1365 1364 1490
10 1489 1292 1294 3773 3770 3771 3777 1429 1428 1488
10 1490 1364 1366 1236 1238 1306 1304 1430 1428 1488
3 3749 438 436
3 3750 482 480
3 3756 530 528
3 3762 645 644
3 3755 3748 3747
3 3768 705 704
3 3761 3751 3752
3 3775 3746 3753
3 3767 3757 3758
3 3774 3754 3759
3 3772 3763 3764
3 3776 3760 3765
3 3773 3769 3770
3 3777 3766 3771
3 1236 1237 1238
3 1292 1293 1294
3 1304 1305 1306
3 1364 1365 1366
3 1428 1429 1430
3 1488 1489 1490
10 702 580 582 484 486 534 532 642 640 700
10 3778 3779 3780 3781 486 534 3782 3783 3784 3785
10 3786 3787 3780 3781 484 582 3788 3789 3790 3791
10 3792 3793 3783 3782 532 642 3794 3795 3796 3797
10 3798 3799 3789 3788 580 702 3800 3801 3802 3803
10 3804 3805 3795 3794 640 700 3800 3801 3806 3807
10 1377 3808 3786 3787 3779 3778 3809 1309 1310 1378
10 1433 3810 3792 3793 3784 3785 3809 1309 1308 1434
10 1493 3811 3798 3799 3790 3791 3808 1377 1376 1494
10 1553 3812 3804 3805 3796 3797 3810 1433 1432 1554
10 1553 3812 3807 3806 3802 3803 3811 1493 1492 1552
10 1554 1432 1434 1308 1310 1378 1376 1494 1492 1552
3 3781 486 484
3 3782 534 532
3 3788 582 580
3 3794 642 640
3 3787 3780 3779
3 3800 702 700
3 3793 3783 3784
3 3809 3778 3785
3 3799 3789 3790
3 3808 3786 3791
3 3805 3795 3796
3 3810 3792 3797
3 3806 3801 3802
3 3811 3798 3803
3 1308 1309 1310
3 3812 3804 3807
3 1376 1377 1378
3 1432 1433 1434
3 1492 1493 1494
3 1552 1553 1554
10 706 584 586 488 490 538 536 646 644 704
10 3813 3814 3815 3816 490 538 3817 3818 3819 3820
10 3821 3822 3815 3816 488 586 3823 3824 3825 3826
10 3827 3828 3818 3817 536 646 3829 3830 3831 3832
10 3833 3834 3824 3823 584 706 3835 3836 3837 3838
10 3839 3840 3830 3829 644 704 3835 3836 3841 3842
10 1381 3843 3821 3822 3814 3813 3844 1313 1314 1382
10 1437 3845 3827 3828 3819 3820 3844 1313 1312 1438
10 1497 3846 3833 3834 3825 3826 3843 1381 1380 1498
10 1557 3847 3839 3840 3831 3832 3845 1437 1436 1558
10 1557 3847 3842 3841 3837 3838 3846 1497 1496 1556
10 1558 1436 1438 1312 1314 1382 1380 1498 1496 1556
3 3816 490 488
3 3817 538 536
3 3823 586 584
3 3829 646 644
3 3822 3815 3814
3 3835 706 704
3 3828 3818 3819
3 3844 3813 3820
3 3834 3824 3825
3 3843 3821 3826
3 3840 3830 3831
3 3845 3827 3832
3 3841 3836 3837
3 3846 3833 3838
3 1312 1313 1314
3 3847 3839 3842
3 1380 1381 1382
3 1436 1437 1438
3 1496 1497 1498
3 1556 1557 1558
10 777 592 594 492 494 542 540 713 712 776
10 3848 3849 3850 3851 494 542 3852 3853 3854 3855
10 3856 3857 3850 3851 492 594 3858 3859 3860 3861
10 3862 3863 3853 3852 540 713 3864 3865 3866 3867
10 3868 3869 3859 3858 592 777 3870 3871 3872 3873
10 3874 3875 3856 3857 3849 3848 3876 3877 3878 3879
10 1369 3880 3865 3864 712 776 3870 3871 3881 1370
10 1441 3882 3862 3863 3854 3855 3876 3877 3883 1442
10 1501 3884 3868 3869 3860 3861 3875 3874 3885 1502
10 1561 1368 1369 3880 3866 3867 3882 1441 1440 1562
10 1561 1368 1370 3881 3872 3873 3884 1501 1500 1560
10 1562 1440 1442 3883 3878 3879 3885 1502 1500 1560
3 3851 494 492
3 3852 542 540
3 3858 594 592
3 3864 713 712
3 3857 3850 3849
3 3870 777 776
3 3863 3853 3854
3 3876 3848 3855
3 3869 3859 3860
3 3875 3856 3861
3 3880 3865 3866
3 3882 3862 3867
3 3881 3871 3872
3 3884 3868 3873
3 3883 3877 3878
3 1368 1369 1370
3 3885 3874 3879
3 1440 1441 1442
3 1500 1501 1502
3 1560 1561 1562
10 781 596 598 496 498 546 544 717 716 780
10 3886 3887 3888 3889 498 546 3890 3891 3892 3893
10 3894 3895 3888 3889 496 598 3896 3897 3898 3899
10 3900 3901 3891 3890 544 717 3902 3903 3904 3905
10 3906 3907 3897 3896 596 781 3908 3909 3910 3911
10 1373 3912 3903 3902 716 780 3908 3909 3913 1374
10 1385 3914 3894 3895 3887 3886 3915 1317 1318 1386
10 1445 3916 3900 3901 3892 3893 3915 1317 1316 1446
10 1505 3917 3906 3907 3898 3899 3914 1385 1384 1506
10 1565 1372 1373 3912 3904 3905 3916 1445 1444 1566
10 1565 1372 1374 3913 3910 3911 3917 1505 1504 1564
10 1566 1444 1446 1316 1318 1386 1384 1506 1504 1564
3 3889 498 496
3 3890 546 544
3 3896 598 596
3 3902 717 716
3 3895 3888 3887
3 3908 781 780
3 3901 3891 3892
3 3915 3886 3893
3 3907 3897 3898
3 3914 3894 3899
3 3912 3903 3904
3 3916 3900 3905
3 3913 3909 3910
3 3917 3906 3911
3 1316 1317 1318
3 1372 1373 1374
3 1384 1385 1386
3 1444 1445 1446
3 1504 1505 1506
3 1564 1565 1566
10 774 648 650 548 550 602 600 710 708 772
10 3918 3919 3920 3921 550 602 3922 3923 3924 3925
10 3926 3927 3920 3921 548 650 3928 3929 3930 3931
10 3932 3933 3923 3922 600 710 3934 3935 3936 3937
10 3938 3939 3929 3928 648 774 3940 3941 3942 3943
10 3944 3945 3935 3934 708 772 3940 3941 3946 3947
10 1453 3948 3926 3927 3919 3918 3949 1389 1390 1454
10 1509 3950 3932 3933 3924 3925 3949 1389 1388 1510
10 1569 3951 3938 3939 3930 3931 3948 1453 1452 1570
10 1629 3952 3944 3945 3936 3937 3950 1509 1508 1630
10 1629 3952 3947 3946 3942 3943 3951 1569 1568 1628
10 1630 1508 1510 1388 1390 1454 1452 1570 1568 1628
3 3921 550 548
3 3922 602 600
3 3928 650 648
3 3934 710 708
3 3927 3920 3919
3 3940 774 772
3 3933 3923 3924
3 3949 3918 3925
3 3939 3929 3930
3 3948 3926 3931
3 3945 3935 3936
3 3950 3932 3937
3 3946 3941 3942
3 3951 3938 3943
3 1388 1389 1390
3 3952 3944 3947
3 1452 1453 1454
3 1508 1509 1510
3 1568 1569 1570
3 1628 1629 1630
10 778 652 654 552 554 606 604 714 712 776
10 3953 3954 3955 3956 554 606 3957 3958 3959 3960
10 3961 3962 3955 3956 552 654 3963 3964 3965 3966
10 3967 3968 3958 3957 604 714 3969 3970 3971 3972
10 3973 3974 3964 3963 652 778 3975 3976 3977 3978
10 3979 3980 3970 3969 712 776 3975 3976 3981 3982
10 1457 3983 3961 3962 3954 3953 3984 1393 1394 1458
10 1513 3985 3967 3968 3959 3960 3984 1393 1392 1514
10 1573 3986 3973 3974 3965 3966 3983 1457 1456 1574
10 1633 3987 3979 3980 3971 3972 3985 1513 1512 1634
10 1633 3987 3982 3981 3977 3978 3986 1573 1572 1632
10 1634 1512 1514 1392 1394 1458 1456 1574 1572 1632
3 3956 554 552
3 3957 606 604
3 3963 654 652
3 3969 714 712
3 3962 3955 3954
3 3975 778 776
3 3968 3958 3959
3 3984 3953 3960
3 3974 3964 3965
3 3983 3961 3966
3 3980 3970 3971
3 3985 3967 3972
3 3981 3976 3977
3 3986 3973 3978
3 1392 1393 1394
3 3987 3979 3982
3 1456 1457 1458
3 1512 1513 1514
3 1572 1573 1574
3 1632 1633 1634
10 782 656 658 556 558 610 608 718 716 780
10 3988 3989 3990 3991 558 610 3992 3993 3994 3995
10 3996 3997 3990 3991 556 658 3998 3999 4000 4001
10 4002 4003 3993 3992 608 718 4004 4005 4006 4007
10 4008 4009 3999 3998 656 782 4010 4011 4012 4013
10 4014 4015 4005 4004 716 780 4010 4011 4016 4017
10 1461 4018 3996 3997 3989 3988 4019 1397 1398 1462
10 1517 4020 4002 4003 3994 3995 4019 1397 1396 1518
10 1577 4021 4008 4009 4000 4001 4018 1461 1460 1578
10 1637 4022 4014 4015 4006 4007 4020 1517 1516 1638
10 1637 4022 4017 4016 4012 4013 4021 1577 1576 1636
10 1638 1516 1518 1396 1398 1462 1460 1578 1576 1636
3 3991 558 556
3 3992 610 608
3 3998 658 656
3 4004 718 716
3 3997 3990 3989
3 4010 782 780
3 4003 3993 3994
3 4019 3988 3995
3 4009 3999 4000
3 4018 3996 4001
3 4015 4005 4006
3 4020 4002 4007
3 4016 4011 4012
3 4021 4008 4013
3 1396 1397 1398
3 4022 4014 4017
3 1460 1461 1462
3 1516 1517 1518
3 1576 1577 1578
3 1636 1637 1638
10 857 664 666 560 562 614 612 793 792 856
10 4023 4024 4025 4026 562 614 4027 4028 4029 4030
10 4031 4032 4025 4026 560 666 4033 4034 4035 4036
10 4037 4038 4028 4027 612 793 4039 4040 4041 4042
10 4043 4044 4034 4033 664 857 4045 4046 4047 4048
10 4049 4050 4031 4032 4024 4023 4051 4052 4053 4054
10 1449 4055 4040 4039 792 856 4045 4046 4056 1450
10 1521 4057 4037 4038 4029 4030 4051 4052 4058 1522
10 1581 4059 4043 4044 4035 4036 4050 4049 4060 1582
10 1641 1448 1449 4055 4041 4042 4057 1521 1520 1642
10 1641 1448 1450 4056 4047 4048 4059 1581 1580 1640
10 1642 1520 1522 4058 4053 4054 4060 1582 1580 1640
3 4026 562 560
3 4027 614 612
3 4033 666 664
3 4039 793 792
3 4032 4025 4024
3 4045 857 856
3 4038 4028 4029
3 4051 4023 4030
3 4044 4034 4035
3 4050 4031 4036
3 4055 4040 4041
3 4057 4037 4042
3 4056 4046 4047
3 4059 4043 4048
3 4058 4052 4053
3 1448 1449 1450
3 4060 4049 4054
3 1520 1521 1522
3 1580 1581 1582
3 1640 1641 1642
10 850 720 722 616 618 670 668 786 784 848
10 4061 4062 4063 4064 618 670 4065 4066 4067 4068
10 4069 4070 4063 4064 616 722 4071 4072 4073 4074
10 4075 4076 4066 4065 668 786 4077 4078 4079 4080
10 4081 4082 4072 4071 720 850 4083 4084 4085 4086
10 4087 4088 4078 4077 784 848 4083 4084 4089 4090
10 1529 4091 4069 4070 4062 4061 4092 1465 1466 1530
10 1585 4093 4075 4076 4067 4068 4092 1465 1464 1586
10 1645 4094 4081 4082 4073 4074 4091 1529 1528 1646
10 1701 4095 4087 4088 4079 4080 4093 1585 1584 1702
10 1701 4095 4090 4089 4085 4086 4094 1645 1644 1700
10 1702 1584 1586 1464 1466 1530 1528 1646 1644 1700
3 4064 618 616
3 4065 670 668
3 4071 722 720
3 4077 786 784
3 4070 4063 4062
3 4083 850 848
3 4076 4066 4067
3 4092 4061 4068
3 4082 4072 4073
3 4091 4069 4074
3 4088 4078 4079
3 4093 4075 4080
3 4089 4084 4085
3 4094 4081 4086
3 1464 1465 1466
3 4095 4087 4090
3 1528 1529 1530
3 1584 1585 1586
3 1644 1645 1646
3 1700 1701 1702
10 854 724 726 620 622 674 672 790 788 852
10 4096 4097 4098 4099 622 674 4100 4101 4102 4103
10 4104 4105 4098 4099 620 726 4106 4107 4108 4109
10 4110 4111 4101 4100 672 790 4112 4113 4114 4115
10 4116 4117 4107 4106 724 854 4118 4119 4120 4121
10 4122 4123 4113 4112 788 852 4118 4119 4124 4125
10 1533 4126 4104 4105 4097 4096 4127 1469 1470 1534
10 1589 4128 4110 4111 4102 4103 4127 1469 1468 1590
10 1649 4129 4116 4117 4108 4109 4126 1533 1532 1650
10 1705 4130 4122 4123 4114 4115 4128 1589 1588 1706
10 1705 4130 4125 4124 4120 4121 4129 1649 1648 1704
10 1706 1588 1590 1468 1470 1534 1532 1650 1648 1704
3 4099 622 620
3 4100 674 672
3 4106 726 724
3 4112 790 788
3 4105 4098 4097
3 4118 854 852
3 4111 4101 4102
3 4127 4096 4103
3 4117 4107 4108
3 4126 4104 4109
3 4123 4113 4114
3 4128 4110 4115
3 4124 4119 4120
3 4129 4116 4121
3 1468 1469 1470
3 4130 4122 4125
3 1532 1533 1534
3 1588 1589 1590
3 1648 1649 1650
3 1704 1705 1706
10 858 728 730 624 626 678 676 794 792 856
10 4131 4132 4133 4134 626 678 4135 4136 4137 4138
10 4139 4140 4133 4134 624 730 4141 4142 4143 4144
10 4145 4146 4136 4135 676 794 4147 4148 4149 4150
10 4151 4152 4142 4141 728 858 4153 4154 4155 4156
10 4157 4158 4148 4147 792 856 4153 4154 4159 4160
10 1537 4161 4139 4140 4132 4131 4162 1473 1474 1538
10 1593 4163 4145 4146 4137 4138 4162 1473 1472 1594
10 1653 4164 4151 4152 4143 4144 4161 1537 1536 1654
10 1709 4165 4157 4158 4149 4150 4163 1593 1592 1710
10 1709 4165 4160 4159 4155 4156 4164 1653 1652 1708
10 1710 1592 1594 1472 1474 1538 1536 1654 1652 1708
3 4134 626 624
3 4135 678 676
3 4141 730 728
3 4147 794 792
3 4140 4133 4132
3 4153 858 856
3 4146 4136 4137
3 4162 4131 4138
3 4152 4142 4143
3 4161 4139 4144
3 4158 4148 4149
3 4163 4145 4150
3 4159 4154 4155
3 4164 4151 4156
3 1472 1473 1474
3 4165 4157 4160
3 1536 1537 1538
3 1592 1593 1594
3 1652 1653 1654
3 1708 1709 1710
10 933 736 738 628 630 682 680 869 868 932
10 4166 4167 4168 4169 630 682 4170 4171 4172 4173
10 4174 4175 4168 4169 628 738 4176 4177 4178 4179
10 4180 4181 4171 4170 680 869 4182 4183 4184 4185
10 4186 4187 4177 4176 736 933 4188 4189 4190 4191
10 4192 4193 4174 4175 4167 4166 4194 4195 4196 4197
10 1525 4198 4183 4182 868 932 4188 4189 4199 1526
10 1597 4200 4180 4181 4172 4173 4194 4195 4201 1598
10 1657 4202 4186 4187 4178 4179 4193 4192 4203 1658
10 1713 1524 1525 4198 4184 4185 4200 1597 1596 1714
10 1713 1524 1526 4199 4190 4191 4202 1657 1656 1712
10 1714 1596 1598 4201 4196 4197 4203 1658 1656 1712
3 4169 630 628
3 4170 682 680
3 4176 738 736
3 4182 869 868
3 4175 4168 4167
3 4188 933 932
3 4181 4171 4172
3 4194 4166 4173
3 4187 4177 4178
3 4193 4174 4179
3 4198 4183 4184
3 4200 4180 4185
3 4199 4189 4190
3 4202 4186 4191
3 4201 4195 4196
3 1524 1525 1526
3 4203 4192 4197
3 1596 1597 1598
3 1656 1657 1658
3 1712 1713 1714
10 926 796 798 684 686 742 740 862 860 924
10 4204 4205 4206 4207 686 742 4208 4209 4210 4211
10 4212 4213 4206 4207 684 798 4214 4215 4216 4217
10 4218 4219 4209 4208 740 862 4220 4221 4222 4223
10 4224 4225 4215 4214 796 926 4226 4227 4228 4229
10 4230 4231 4221 4220 860 924 4226 4227 4232 4233
10 1605 4234 4212 4213 4205 4204 4235 1541 1542 1606
10 1661 4236 4218 4219 4210 4211 4235 1541 1540 1662
10 1717 4237 4224 4225 4216 4217 4234 1605 1604 1718
10 1769 4238 4230 4231 4222 4223 4236 1661 1660 1770
10 1769 4238 4233 4232 4228 4229 4237 1717 1716 1768
10 1770 1660 1662 1540 1542 1606 1604 1718 1716 1768
3 4207 686 684
3 4208 742 740
3 4214 798 796
3 4220 862 860
3 4213 4206 4205
3 4226 926 924
3 4219 4209 4210
3 4235 4204 4211
3 4225 4215 4216
3 4234 4212 4217
3 4231 4221 4222
3 4236 4218 4223
3 4232 4227 4228
3 4237 4224 4229
3 1540 1541 1542
3 4238 4230 4233
3 1604 1605 1606
3 1660 1661 1662
3 1716 1717 1718
3 1768 1769 1770
10 930 800 802 688 690 746 744 866 864 928
10 4239 4240 4241 4242 690 746 4243 4244 4245 4246
10 4247 4248 4241 4242 688 802 4249 4250 4251 4252
10 4253 4254 4244 4243 744 866 4255 4256 4257 4258
10 4259 4260 4250 4249 800 930 4261 4262 4263 4264
10 4265 4266 4256 4255 864 928 4261 4262 4267 4268
10 1609 4269 4247 4248 4240 4239 4270 1545 1546 1610
10 1665 4271 4253 4254 4245 4246 4270 1545 1544 1666
10 1721 4272 4259 4260 4251 4252 4269 1609 1608 1722
10 1773 4273 4265 4266 4257 4258 4271 1665 1664 1774
10 1773 4273 4268 4267 4263 4264 4272 1721 1720 1772
10 1774 1664 1666 1544 1546 1610 1608 1722 1720 1772
3 4242 690 688
3 4243 746 744
3 4249 802 800
3 4255 866 864
3 4248 4241 4240
3 4261 930 928
3 4254 4244 4245
3 4270 4239 4246
3 4260 4250 4251
3 4269 4247 4252
3 4266 4256 4257
3 4271 4253 4258
3 4267 4262 4263
3 4272 4259 4264
3 1544 1545 1546
3 4273 4265 4268
3 1608 1609 1610
3 1664 1665 1666
3 1720 1721 1722
3 1772 1773 1774
10 934 804 806 692 694 750 748 870 868 932
10 4274 4275 4276 4277 694 750 4278 4279 4280 4281
10 4282 4283 4276 4277 692 806 4284 4285 4286 4287
10 4288 4289 4279 4278 748 870 4290 4291 4292 4293
10 4294 4295 4285 4284 804 934 4296 4297 4298 4299
10 4300 4301 4291 4290 868 932 4296 4297 4302 4303
10 1613 4304 4282 4283 4275 4274 4305 1549 1550 1614
10 1669 4306 4288 4289 4280 4281 4305 1549 1548 1670
10 1725 4307 4294 4295 4286 4287 4304 1613 1612 1726
10 1777 4308 4300 4301 4292 4293 4306 1669 1668 1778
10 1777 4308 4303 4302 4298 4299 4307 1725 1724 1776
10 1778 1668 1670 1548 1550 1614 1612 1726 1724 1776
3 4277 694 692
3 4278 750 748
3 4284 806 804
3 4290 870 868
3 4283 4276 4275
3 4296 934 932
3 4289 4279 4280
3 4305 4274 4281
3 4295 4285 4286
3 4304 4282 4287
3 4301 4291 4292
3 4306 4288 4293
3 4302 4297 4298
3 4307 4294 4299
3 1548 1549 1550
3 4308 4300 4303
3 1612 1613 1614
3 1668 1669 1670
3 1724 1725 1726
3 1776 1777 1778
10 1009 812 814 696 698 754 752 945 944 1008
10 4309 4310 4311 4312 698 754 4313 4314 4315 4316
10 4317 4318 4311 4312 696 814 4319 4320 4321 4322
10 4323 4324 4314 4313 752 945 4325 4326 4327 4328
10 4329 4330 4320 4319 812 1009 4331 4332 4333 4334
10 4335 4336 4317 4318 4310 4309 4337 4338 4339 4340
10 1601 4341 4326 4325 944 1008 4331 4332 4342 1602
10 1673 4343 4323 4324 4315 4316 4337 4338 4344 1674
10 1729 4345 4329 4330 4321 4322 4336 4335 4346 1730
10 1781 1600 1601 4341 4327 4328 4343 1673 1672 1782
10 1781 1600 1602 4342 4333 4334 4345 1729 1728 1780
10 1782 1672 1674 4344 4339 4340 4346 1730 1728 1780
3 4312 698 696
3 4313 754 752
3 4319 814 812
3 4325 945 944
3 4318 4311 4310
3 4331 1009 1008
3 4324 4314 4315
3 4337 4309 4316
3 4330 4320 4321
3 4336 4317 4322
3 4341 4326 4327
3 4343 4323 4328
3 4342 4332 4333
3 4345 4329 4334
3 4344 4338 4339
3 1600 1601 1602
3 4346 4335 4340
3 1672 1673 1674
3 1728 1729 1730
3 1780 1781 1782
10 1002 872 874 756 758 818 816 938 936 1000
10 4347 4348 4349 4350 758 818 4351 4352 4353 4354
10 4355 4356 4349 4350 756 874 4357 4358 4359 4360
10 4361 4362 4352 4351 816 938 4363 4364 4365 4366
10 4367 4368 4358 4357 872 1002 4369 4370 4371 4372
10 4373 4374 4364 4363 936 1000 4369 4370 4375 4376
10 1681 4377 4355 4356 4348 4347 4378 1617 1618 1682
10 1733 4379 4361 4362 4353 4354 4378 1617 1616 1734
10 1785 4380 4367 4368 4359 4360 4377 1681 1680 1786
10 1837 4381 4373 4374 4365 4366 4379 1733 1732 1838
10 1837 4381 4376 4375 4371 4372 4380 1785 1784 1836
10 1838 1732 1734 1616 1618 1682 1680 1786 1784 1836
3 4350 758 756
3 4351 818 816
3 4357 874 872
3 4363 938 936
3 4356 4349 4348
3 4369 1002 1000
3 4362 4352 4353
3 4378 4347 4354
3 4368 4358 4359
3 4377 4355 4360
3 4374 4364 4365
3 4379 4361 4366
3 4375 4370 4371
3 4380 4367 4372
3 1616 1617 1618
3 4381 4373 4376
3 1680 1681 1682
3 1732 1733 1734
3 1784 1785 1786
3 1836 1837 1838
10 1006 876 878 760 762 822 820 942 940 1004
10 4382 4383 4384 4385 762 822 4386 4387 4388 4389
10 4390 4391 4384 4385 760 878 4392 4393 4394 4395
10 4396 4397 4387 4386 820 942 4398 4399 4400 4401
10 4402 4403 4393 4392 876 1006 4404 4405 4406 4407
10 4408 4409 4399 4398 940 1004 4404 4405 4410 4411
10 1685 4412 4390 4391 4383 4382 4413 1621 1622 1686
10 1737 4414 4396 4397 4388 4389 4413 1621 1620 1738
10 1789 4415 4402 4403 4394 4395 4412 1685 1684 1790
10 1841 4416 4408 4409 4400 4401 4414 1737 1736 1842
10 1841 4416 4411 4410 4406 4407 4415 1789 1788 1840
10 1842 1736 1738 1620 1622 1686 1684 1790 1788 1840
3 4385 762 760
3 4386 822 820
3 4392 878 876
3 4398 942 940
3 4391 4384 4383
3 4404 1006 1004
3 4397 4387 4388
3 4413 4382 4389
3 4403 4393 4394
3 4412 4390 4395
3 4409 4399 4400
3 4414 4396 4401
3 4410 4405 4406
3 4415 4402 4407
3 1620 1621 1622
3 4416 4408 4411
3 1684 1685 1686
3 1736 1737 1738
3 1788 1789 1790
3 1840 1841 1842
10 1010 880 882 764 766 826 824 946 944 1008
10 4417 4418 4419 4420 766 826 4421 4422 4423 4424
10 4425 4426 4419 4420 764 882 4427 4428 4429 4430
10 4431 4432 4422 4421 824 946 4433 4434 4435 4436
10 4437 4438 4428 4427 880 1010 4439 4440 4441 4442
10 4443 4444 4434 4433 944 1008 4439 4440 4445 4446
10 1689 4447 4425 4426 4418 4417 4448 1625 1626 1690
10 1741 4449 4431 4432 4423 4424 4448 1625 1624 1742
10 1793 4450 4437 4438 4429 4430 4447 1689 1688 1794
10 1845 4451 4443 4444 4435 4436 4449 1741 1740 1846
10 1845 4451 4446 4445 4441 4442 4450 1793 1792 1844
10 1846 1740 1742 1624 1626 1690 1688 1794 1792 1844
3 4420 766 764
3 4421 826 824
3 4427 882 880
3 4433 946 944
3 4426 4419 4418
3 4439 1010 1008
3 4432 4422 4423
3 4448 4417 4424
3 4438 4428 4429
3 4447 4425 4430
3 4444 4434 4435
3 4449 4431 4436
3 4445 4440 4441
3 4450 4437 4442
3 1624 1625 1626
3 4451 4443 4446
3 1688 1689 1690
3 1740 1741 1742
3 1792 1793 1794
3 1844 1845 1846
10 1089 888 890 768 770 830 828 1021 1020 1088
10 4452 4453 4454 4455 770 830 4456 4457 4458 4459
10 4460 4461 4454 4455 768 890 4462 4463 4464 4465
10 4466 4467 4457 4456 828 1021 4468 4469 4470 4471
10 4472 4473 4463 4462 888 1089 4474 4475 4476 4477
10 4478 4479 4460 4461 4453 4452 4480 4481 4482 4483
10 1677 4484 4469 4468 1020 1088 4474 4475 4485 1678
10 1745 4486 4466 4467 4458 4459 4480 4481 4487 1746
10 1797 4488 4472 4473 4464 4465 4479 4478 4489 1798
10 1849 1676 1677 4484 4470 4471 4486 1745 1744 1850
10 1849 1676 1678 4485 4476 4477 4488 1797 1796 1848
10 1850 1744 1746 4487 4482 4483 4489 1798 1796 1848
3 4455 770 768
3 4456 830 828
3 4462 890 888
3 4468 1021 1020
3 4461 4454 4453
3 4474 1089 1088
3 4467 4457 4458
3 4480 4452 4459
3 4473 4463 4464
3 4479 4460 4465
3 4484 4469 4470
3 4486 4466 4471
3 4485 4475 4476
3 4488 4472 4477
3 4487 4481 4482
3 1676 1677 1678
3 4489 4478 4483
3 1744 1745 1746
3 1796 1797 1798
3 1848 1849 1850
10 1082 948 950 832 834 894 892 1014 1012 1080
10 4490 4491 4492 4493 834 894 4494 4495 4496 4497
10 4498 4499 4492 4493 832 950 4500 4501 4502 4503
10 4504 4505 4495 4494 892 1014 4506 4507 4508 4509
10 4510 4511 4501 4500 948 1082 4512 4513 4514 4515
10 4516 4517 4507 4506 1012 1080 4512 4513 4518 4519
10 1753 4520 4498 4499 4491 4490 4521 1693 1694 1754
10 1801 4522 4504 4505 4496 4497 4521 1693 1692 1802
10 1853 4523 4510 4511 4502 4503 4520 1753 1752 1854
10 1901 4524 4516 4517 4508 4509 4522 1801 1800 1902
10 1901 4524 4519 4518 4514 4515 4523 1853 1852 1900
10 1902 1800 1802 1692 1694 1754 1752 1854 1852 1900
3 4493 834 832
3 4494 894 892
3 4500 950 948
3 4506 1014 1012
3 4499 4492 4491
3 4512 1082 1080
3 4505 4495 4496
3 4521 4490 4497
3 4511 4501 4502
3 4520 4498 4503
3 4517 4507 4508
3 4522 4504 4509
3 4518 4513 4514
3 4523 4510 4515
3 1692 1693 1694
3 4524 4516 4519
3 1752 1753 1754
3 1800 1801 1802
3 1852 1853 1854
3 1900 1901 1902
10 1086 952 954 836 838 898 896 1018 1016 1084
10 4525 4526 4527 4528 838 898 4529 4530 4531 4532
10 4533 4534 4527 4528 836 954 4535 4536 4537 4538
10 4539 4540 4530 4529 896 1018 4541 4542 4543 4544
10 4545 4546 4536 4535 952 1086 4547 4548 4549 4550
10 4551 4552 4542 4541 1016 1084 4547 4548 4553 4554
10 1757 4555 4533 4534 4526 4525 4556 1697 1698 1758
10 1805 4557 4539 4540 4531 4532 4556 1697 1696 1806
10 1857 4558 4545 4546 4537 4538 4555 1757 1756 1858
10 1905 4559 4551 4552 4543 4544 4557 1805 1804 1906
10 1905 4559 4554 4553 4549 4550 4558 1857 1856 1904
10 1906 1804 1806 1696 1698 1758 1756 1858 1856 1904
3 4528 838 836
3 4529 898 896
3 4535 954 952
3 4541 1018 1016
3 4534 4527 4526
3 4547 1086 1084
3 4540 4530 4531
3 4556 4525 4532
3 4546 4536 4537
3 4555 4533 4538
3 4552 4542 4543
3 4557 4539 4544
3 4553 4548 4549
3 4558 4545 4550
3 1696 1697 1698
3 4559 4551 4554
3 1756 1757 1758
3 1804 1805 1806
3 1856 1857 1858
3 1904 1905 1906
10 1090 956 958 840 842 902 900 1022 1020 1088
10 4560 4561 4562 4563 842 902 4564 4565 4566 4567
10 4568 4569 4562 4563 840 958 4570 4571 4572 4573
10 4574 4575 4565 4564 900 1022 4576 4577 4578 4579
10 4580 4581 4571 4570 956 1090 4582 4583 4584 4585
10 4586 4587 4577 4576 1020 1088 4582 4583 4588 4589
10 4590 4591 4568 4569 4561 4560 4592 4593 4594 4595
10 1809 4596 4574 4575 4566 4567 4592 4593 4597 1810
10 1861 4598 4580 4581 4572 4573 4591 4590 4599 1862
10 1909 4600 4586 4587 4578 4579 4596 1809 1808 1910
10 1909 4600 4589 4588 4584 4585 4598 1861 1860 1908
10 1910 1808 1810 4597 4594 4595 4599 1862 1860 1908
3 4563 842 840
3 4564 902 900
3 4570 958 956
3 4576 1022 1020
3 4569 4562 4561
3 4582 1090 1088
3 4575 4565 4566
3 4592 4560 4567
3 4581 4571 4572
3 4591 4568 4573
3 4587 4577 4578
3 4596 4574 4579
3 4588 4583 4584
3 4598 4580 4585
3 4597 4593 4594
3 4600 4586 4589
3 4599 4590 4595
3 1808 1809 1810
3 1860 1861 1862
3 1908 1909 1910
10 1169 964 966 844 846 906 904 1101 1100 1168
10 4601 4602 4603 4604 846 906 4605 4606 4607 4608
10 4609 4610 4603 4604 844 966 4611 4612 4613 4614
10 4615 4616 4606 4605 904 1101 4617 4618 4619 4620
10 4621 4622 4612 4611 964 1169 4623 4624 4625 4626
10 4627 4628 4609 4610 4602 4601 4629 4630 4631 4632
10 1749 4633 4618 4617 1100 1168 4623 4624 4634 1750
10 1813 4635 4615 4616 4607 4608 4629 4630 4636 1814
10 1865 4637 4621 4622 4613 4614 4628 4627 4638 1866
10 1913 1748 1749 4633 4619 4620 4635 1813 1812 1914
10 1913 1748 1750 4634 4625 4626 4637 1865 1864 1912
10 1914 1812 1814 4636 4631 4632 4638 1866 1864 1912
3 4604 846 844
3 4605 906 904
3 4611 966 964
3 4617 1101 1100
3 4610 4603 4602
3 4623 1169 1168
3 4616 4606 4607
3 4629 4601 4608
3 4622 4612 4613
3 4628 4609 4614
3 4633 4618 4619
3 4635 4615 4620
3 4634 4624 4625
3 4637 4621 4626
3 4636 4630 4631
3 1748 1749 1750
3 4638 4627 4632
3 1812 1813 1814
3 1864 1865 1866
3 1912 1913 1914
10 1162 1024 1026 908 910 970 968 1094 1092 1160
10 4639 4640 4641 4642 910 970 4643 4644 4645 4646
10 4647 4648 4641 4642 908 1026 4649 4650 4651 4652
10 4653 4654 4644 4643 968 1094 4655 4656 4657 4658
10 4659 4660 4650 4649 1024 1162 4661 4662 4663 4664
10 4665 4666 4656 4655 1092 1160 4661 4662 4667 4668
10 1821 4669 4647 4648 4640 4639 4670 1761 1762 1822
10 1869 4671 4653 4654 4645 4646 4670 1761 1760 1870
10 1917 4672 4659 4660 4651 4652 4669 1821 1820 1918
10 1961 4673 4665 4666 4657 4658 4671 1869 1868 1962
10 1961 4673 4668 4667 4663 4664 4672 1917 1916 1960
10 1962 1868 1870 1760 1762 1822 1820 1918 1916 1960
3 4642 910 908
3 4643 970 968
3 4649 1026 1024
3 4655 1094 1092
3 4648 4641 4640
3 4661 1162 1160
3 4654 4644 4645
3 4670 4639 4646
3 4660 4650 4651
3 4669 4647 4652
3 4666 4656 4657
3 4671 4653 4658
3 4667 4662 4663
3 4672 4659 4664
3 1760 1761 1762
3 4673 4665 4668
3 1820 1821 1822
3 1868 1869 1870
3 1916 1917 1918
3 1960 1961 1962
10 1166 1028 1030 912 914 974 972 1098 1096 1164
10 4674 4675 4676 4677 914 974 4678 4679 4680 4681
10 4682 4683 4676 4677 912 1030 4684 4685 4686 4687
10 4688 4689 4679 4678 972 1098 4690 4691 4692 4693
10 4694 4695 4685 4684 1028 1166 4696 4697 4698 4699
10 4700 4701 4691 4690 1096 1164 4696 4697 4702 4703
10 1825 4704 4682 4683 4675 4674 4705 1765 1766 1826
10 1873 4706 4688 4689 4680 4681 4705 1765 1764 1874
10 1921 4707 4694 4695 4686 4687 4704 1825 1824 1922
10 1965 4708 4700 4701 4692 4693 4706 1873 1872 1966
10 1965 4708 4703 4702 4698 4699 4707 1921 1920 1964
10 1966 1872 1874 1764 1766 1826 1824 1922 1920 1964
3 4677 914 912
3 4678 974 972
3 4684 1030 1028
3 4690 1098 1096
3 4683 4676 4675
3 4696 1166 1164
3 4689 4679 4680
3 4705 4674 4681
3 4695 4685 4686
3 4704 4682 4687
3 4701 4691 4692
3 4706 4688 4693
3 4702 4697 4698
3 4707 4694 4699
3 1764 1765 1766
3 4708 4700 4703
3 1824 1825 1826
3 1872 1873 1874
3 1920 1921 1922
3 1964 1965 1966
10 1170 1032 1034 916 918 978 976 1102 1100 1168
10 4709 4710 4711 4712 918 978 4713 4714 4715 4716
10 4717 4718 4711 4712 916 1034 4719 4720 4721 4722
10 4723 4724 4714 4713 976 1102 4725 4726 4727 4728
10 4729 4730 4720 4719 1032 1170 4731 4732 4733 4734
10 4735 4736 4726 4725 1100 1168 4731 4732 4737 4738
10 4739 4740 4717 4718 4710 4709 4741 4742 4743 4744
10 1877 4745 4723 4724 4715 4716 4741 4742 4746 1878
10 1925 4747 4729 4730 4721 4722 4740 4739 4748 1926
10 1969 4749 4735 4736 4727 4728 4745 1877 1876 1970
10 1969 4749 4738 4737 4733 4734 4747 1925 1924 1968
10 1970 1876 1878 4746 4743 4744 4748 1926 1924 1968
3 4712 918 916
3 4713 978 976
3 4719 1034 1032
3 4725 1102 1100
3 4718 4711 4710
3 4731 1170 1168
3 4724 4714 4715
3 4741 4709 4716
3 4730 4720 4721
3 4740 4717 4722
3 4736 4726 4727
3 4745 4723 4728
3 4737 4732 4733
3 4747 4729 4734
3 4746 4742 4743
3 4749 4735 4738
3 4748 4739 4744
3 1876 1877 1878
3 1924 1925 1926
3 1968 1969 1970
10 1253 1044 1046 920 922 982 980 1185 1184 1252
10 4750 4751 4752 4753 922 982 4754 4755 4756 4757
10 4758 4759 4752 4753 920 1046 4760 4761 4762 4763
10 4764 4765 4755 4754 980 1185 4766 4767 4768 4769
10 4770 4771 4761 4760 1044 1253 4772 4773 4774 4775
10 4776 4777 4758 4759 4751 4750 4778 4779 4780 4781
10 1817 4782 4767 4766 1184 1252 4772 4773 4783 1818
10 1881 4784 4764 4765 4756 4757 4778 4779 4785 1882
10 1929 4786 4770 4771 4762 4763 4777 4776 4787 1930
10 1973 1816 1817 4782 4768 4769 4784 1881 1880 1974
10 1973 1816 1818 4783 4774 4775 4786 1929 1928 1972
10 1974 1880 1882 4785 4780 4781 4787 1930 1928 1972
3 4753 922 920
3 4754 982 980
3 4760 1046 1044
3 4766 1185 1184
3 4759 4752 4751
3 4772 1253 1252
3 4765 4755 4756
3 4778 4750 4757
3 4771 4761 4762
3 4777 4758 4763
3 4782 4767 4768
3 4784 4764 4769
3 4783 4773 4774
3 4786 4770 4775
3 4785 4779 4780
3 1816 1817 1818
3 4787 4776 4781
3 1880 1881 1882
3 1928 1929 1930
3 1972 1973 1974
10 1242 1104 1106 984 986 1050 1048 1174 1172 1240
10 4788 4789 4790 4791 986 1050 4792 4793 4794 4795
10 4796 4797 4790 4791 984 1106 4798 4799 4800 4801
10 4802 4803 4793 4792 1048 1174 4804 4805 4806 4807
10 4808 4809 4799 4798 1104 1242 4810 4811 4812 4813
10 4814 4815 4805 4804 1172 1240 4810 4811 4816 4817
10 1885 4818 4796 4797 4789 4788 4819 1829 1830 1886
10 1933 4820 4802 4803 4794 4795 4819 1829 1828 1934
10 1977 4821 4808 4809 4800 4801 4818 1885 1884 1978
10 2017 4822 4814 4815 4806 4807 4820 1933 1932 2018
10 2017 4822 4817 4816 4812 4813 4821 1977 1976 2016
10 2018 1932 1934 1828 1830 1886 1884 1978 1976 2016
3 4791 986 984
3 4792 1050 1048
3 4798 1106 1104
3 4804 1174 1172
3 4797 4790 4789
3 4810 1242 1240
3 4803 4793 4794
3 4819 4788 4795
3 4809 4799 4800
3 4818 4796 4801
3 4815 4805 4806
3 4820 4802 4807
3 4816 4811 4812
3 4821 4808 4813
3 1828 1829 1830
3 4822 4814 4817
3 1884 1885 1886
3 1932 1933 1934
3 1976 1977 1978
3 2016 2017 2018
10 1246 1108 1110 988 990 1054 1052 1178 1176 1244
10 4823 4824 4825 4826 990 1054 4827 4828 4829 4830
10 4831 4832 4825 4826 988 1110 4833 4834 4835 4836
10 4837 4838 4828 4827 1052 1178 4839 4840 4841 4842
10 4843 4844 4834 4833 1108 1246 4845 4846 4847 4848
10 4849 4850 4840 4839 1176 1244 4845 4846 4851 4852
10 1889 4853 4831 4832 4824 4823 4854 1833 1834 1890
10 1937 4855 4837 4838 4829 4830 4854 1833 1832 1938
10 1981 4856 4843 4844 4835 4836 4853 1889 1888 1982
10 2021 4857 4849 4850 4841 4842 4855 1937 1936 2022
10 2021 4857 4852 4851 4847 4848 4856 1981 1980 2020
10 2022 1936 1938 1832 1834 1890 1888 1982 1980 2020
3 4826 990 988
3 4827 1054 1052
3 4833 1110 1108
3 4839 1178 1176
3 4832 4825 4824
3 4845 1246 1244
3 4838 4828 4829
3 4854 4823 4830
3 4844 4834 4835
3 4853 4831 4836
3 4850 4840 4841
3 4855 4837 4842
3 4851 4846 4847
3 4856 4843 4848
3 1832 1833 1834
3 4857 4849 4852
3 1888 1889 1890
3 1936 1937 1938
3 1980 1981 1982
3 2020 2021 2022
10 1250 1112 1114 992 994 1058 1056 1182 1180 1248
10 4858 4859 4860 4861 994 1058 4862 4863 4864 4865
10 4866 4867 4860 4861 992 1114 4868 4869 4870 4871
10 4872 4873 4863 4862 1056 1182 4874 4875 4876 4877
10 4878 4879 4869 4868 1112 1250 4880 4881 4882 4883
10 4884 4885 4875 4874 1180 1248 4880 4881 4886 4887
10 4888 4889 4866 4867 4859 4858 4890 4891 4892 4893
10 1941 4894 4872 4873 4864 4865 4890 4891 4895 1942
10 1985 4896 4878 4879 4870 4871 4889 4888 4897 1986
10 2025 4898 4884 4885 4876 4877 4894 1941 1940 2026
10 2025 4898 4887 4886 4882 4883 4896 1985 1984 2024
10 2026 1940 1942 4895 4892 4893 4897 1986 1984 2024
3 4861 994 992
3 4862 1058 1056
3 4868 1114 1112
3 4874 1182 1180
3 4867 4860 4859
3 4880 1250 1248
3 4873 4863 4864
3 4890 4858 4865
3 4879 4869 4870
3 4889 4866 4871
3 4885 4875 4876
3 4894 4872 4877
3 4886 4881 4882
3 4896 4878 4883
3 4895 4891 4892
3 4898 4884 4887
3 4897 4888 4893
3 1940 1941 1942
3 1984 1985 1986
3 2024 2025 2026
10 1254 1116 1118 996 998 1062 1060 1186 1184 1252
10 4899 4900 4901 4902 998 1062 4903 4904 4905 4906
10 4907 4908 4901 4902 996 1118 4909 4910 4911 4912
10 4913 4914 4904 4903 1060 1186 4915 4916 4917 4918
10 4919 4920 4910 4909 1116 1254 4921 4922 4923 4924
10 4925 4926 4916 4915 1184 1252 4921 4922 4927 4928
10 4929 4930 4907 4908 4900 4899 4931 4932 4933 4934
10 1945 4935 4913 4914 4905 4906 4931 4932 4936 1946
10 1989 4937 4919 4920 4911 4912 4930 4929 4938 1990
10 2029 4939 4925 4926 4917 4918 4935 1945 1944 2030
10 2029 4939 4928 4927 4923 4924 4937 1989 1988 2028
10 2030 1944 1946 4936 4933 4934 4938 1990 1988 2028
3 4902 998 996
3 4903 1062 1060
3 4909 1118 1116
3 4915 1186 1184
3 4908 4901 4900
3 4921 1254 1252
3 4914 4904 4905
3 4931 4899 4906
3 4920 4910 4911
3 4930 4907 4912
3 4926 4916 4917
3 4935 4913 4918
3 4927 4922 4923
3 4937 4919 4924
3 4936 4932 4933
3 4939 4925 4928
3 4938 4929 4934
3 1944 1945 1946
3 1988 1989 1990
3 2028 2029 2030
10 1322 1188 1190 1064 1066 1130 1128 1258 1256 1320
10 4940 4941 4942 4943 1066 1130 4944 4945 4946 4947
10 4948 4949 4942 4943 1064 1190 4950 4951 4952 4953
10 4954 4955 4945 4944 1128 1258 4956 4957 4958 4959
10 4960 4961 4951 4950 1188 1322 4962 4963 4964 4965
10 4966 4967 4957 4956 1256 1320 4962 4963 4968 4969
10 1949 4970 4948 4949 4941 4940 4971 1893 1894 1950
10 1993 4972 4954 4955 4946 4947 4971 1893 1892 1994
10 2033 4973 4960 4961 4952 4953 4970 1949 1948 2034
10 2069 4974 4966 4967 4958 4959 4972 1993 1992 2070
10 2069 4974 4969 4968 4964 4965 4973 2033 2032 2068
10 2070 1992 1994 1892 1894 1950 1948 2034 2032 2068
3 4943 1066 1064
3 4944 1130 1128
3 4950 1190 1188
3 4956 1258 1256
3 4949 4942 4941
3 4962 1322 1320
3 4955 4945 4946
3 4971 4940 4947
3 4961 4951 4952
3 4970 4948 4953
3 4967 4957 4958
3 4972 4954 4959
3 4968 4963 4964
3 4973 4960 4965
3 1892 1893 1894
3 4974 4966 4969
3 1948 1949 1950
3 1992 1993 1994
3 2032 2033 2034
3 2068 2069 2070
10 1326 1192 1194 1068 1070 1134 1132 1262 1260 1324
10 4975 4976 4977 4978 1070 1134 4979 4980 4981 4982
10 4983 4984 4977 4978 1068 1194 4985 4986 4987 4988
10 4989 4990 4980 4979 1132 1262 4991 4992 4993 4994
10 4995 4996 4986 4985 1192 1326 4997 4998 4999 5000
10 5001 5002 4992 4991 1260 1324 4997 4998 5003 5004
10 1953 5005 4983 4984 4976 4975 5006 1897 1898 1954
10 1997 5007 4989 4990 4981 4982 5006 1897 1896 1998
10 2037 5008 4995 4996 4987 4988 5005 1953 1952 2038
10 2073 5009 5001 5002 4993 4994 5007 1997 1996 2074
10 2073 5009 5004 5003 4999 5000 5008 2037 2036 2072
10 2074 1996 1998 1896 1898 1954 1952 2038 2036 2072
3 4978 1070 1068
3 4979 1134 1132
3 4985 1194 1192
3 4991 1262 1260
3 4984 4977 4976
3 4997 1326 1324
3 4990 4980 4981
3 5006 4975 4982
3 4996 4986 4987
3 5005 4983 4988
3 5002 4992 4993
3 5007 4989 4994
3 5003 4998 4999
3 5008 4995 5000
3 1896 1897 1898
3 5009 5001 5004
3 1952 1953 1954
3 1996 1997 1998
3 2036 2037 2038
3 2072 2073 2074
10 1330 1196 1198 1072 1074 1138 1136 1266 1264 1328
10 5010 5011 5012 5013 1074 1138 5014 5015 5016 5017
10 5018 5019 5012 5013 1072 1198 5020 5021 5022 5023
10 5024 5025 5015 5014 1136 1266 5026 5027 5028 5029
10 5030 5031 5021 5020 1196 1330 5032 5033 5034 5035
10 5036 5037 5027 5026 1264 1328 5032 5033 5038 5039
10 5040 5041 5018 5019 5011 5010 5042 5043 5044 5045
10 2001 5046 5024 5025 5016 5017 5042 5043 5047 2002
10 2041 5048 5030 5031 5022 5023 5041 5040 5049 2042
10 2077 5050 5036 5037 5028 5029 5046 2001 2000 2078
10 2077 5050 5039 5038 5034 5035 5048 2041 2040 2076
10 2078 2000 2002 5047 5044 5045 5049 2042 2040 2076
3 5013 1074 1072
3 5014 1138 1136
3 5020 1198 1196
3 5026 1266 1264
3 5019 5012 5011
3 5032 1330 1328
3 5025 5015 5016
3 5042 5010 5017
3 5031 5021 5022
3 5041 5018 5023
3 5037 5027 5028
3 5046 5024 5029
3 5038 5033 5034
3 5048 5030 5035
3 5047 5043 5044
3 5050 5036 5039
3 5049 5040 5045
3 2000 2001 2002
3 2040 2041 2042
3 2076 2077 2078
10 1334 1200 1202 1076 1078 1142 1140 1270 1268 1332
10 5051 5052 5053 5054 1078 1142 5055 5056 5057 5058
10 5059 5060 5053 5054 1076 1202 5061 5062 5063 5064
10 5065 5066 5056 5055 1140 1270 5067 5068 5069 5070
10 5071 5072 5062 5061 1200 1334 5073 5074 5075 5076
10 5077 5078 5068 5067 1268 1332 5073 5074 5079 5080
10 5081 5082 5059 5060 5052 5051 5083 5084 5085 5086
10 2005 5087 5065 5066 5057 5058 5083 5084 5088 2006
10 2045 5089 5071 5072 5063 5064 5082 5081 5090 2046
10 2081 5091 5077 5078 5069 5070 5087 2005 2004 2082
10 2081 5091 5080 5079 5075 5076 5089 2045 2044 2080
10 2082 2004 2006 5088 5085 5086 5090 2046 2044 2080
3 5054 1078 1076
3 5055 1142 1140
3 5061 1202 1200
3 5067 1270 1268
3 5060 5053 5052
3 5073 1334 1332
3 5066 5056 5057
3 5083 5051 5058
3 5072 5062 5063
3 5082 5059 5064
3 5078 5068 5069
3 5087 5065 5070
3 5079 5074 5075
3 5089 5071 5076
3 5088 5084 5085
3 5091 5077 5080
3 5090 5081 5086
3 2004 2005 2006
3 2044 2045 2046
3 2080 2081 2082
10 1402 1272 1274 1144 1146 1214 1212 1338 1336 1400
10 5092 5093 5094 5095 1146 1214 5096 5097 5098 5099
10 5100 5101 5094 5095 1144 1274 5102 5103 5104 5105
10 5106 5107 5097 5096 1212 1338 5108 5109 5110 5111
10 5112 5113 5103 5102 1272 1402 5114 5115 5116 5117
10 5118 5119 5109 5108 1336 1400 5114 5115 5120 5121
10 2009 5122 5100 5101 5093 5092 5123 1957 1958 2010
10 2049 5124 5106 5107 5098 5099 5123 1957 1956 2050
10 2085 5125 5112 5113 5104 5105 5122 2009 2008 2086
10 2117 5126 5118 5119 5110 5111 5124 2049 2048 2118
10 2117 5126 5121 5120 5116 5117 5125 2085 2084 2116
10 2118 2048 2050 1956 1958 2010 2008 2086 2084 2116
3 5095 1146 1144
3 5096 1214 1212
3 5102 1274 1272
3 5108 1338 1336
3 5101 5094 5093
3 5114 1402 1400
3 5107 5097 5098
3 5123 5092 5099
3 5113 5103 5104
3 5122 5100 5105
3 5119 5109 5110
3 5124 5106 5111
3 5120 5115 5116
3 5125 5112 5117
3 1956 1957 1958
3 5126 5118 5121
3 2008 2009 2010
3 2048 2049 2050
3 2084 2085 2086
3 2116 2117 2118
10 1406 1276 1278 1148 1150 1218 1216 1342 1340 1404
10 5127 5128 5129 5130 1150 1218 5131 5132 5133 5134
10 5135 5136 5129 5130 1148 1278 5137 5138 5139 5140
10 5141 5142 5132 5131 1216 1342 5143 5144 5145 5146
10 5147 5148 5138 5137 1276 1406 5149 5150 5151 5152
10 5153 5154 5144 5143 1340 1404 5149 5150 5155 5156
10 5157 5158 5135 5136 5128 5127 5159 5160 5161 5162
10 2053 5163 5141 5142 5133 5134 5159 5160 5164 2054
10 2089 5165 5147 5148 5139 5140 5158 5157 5166 2090
10 2121 5167 5153 5154 5145 5146 5163 2053 2052 2122
10 2121 5167 5156 5155 5151 5152 5165 2089 2088 2120
10 2122 2052 2054 5164 5161 5162 5166 2090 2088 2120
3 5130 1150 1148
3 5131 1218 1216
3 5137 1278 1276
3 5143 1342 1340
3 5136 5129 5128
3 5149 1406 1404
3 5142 5132 5133
3 5159 5127 5134
3 5148 5138 5139
3 5158 5135 5140
3 5154 5144 5145
3 5163 5141 5146
3 5155 5150 5151
3 5165 5147 5152
3 5164 5160 5161
3 5167 5153 5156
3 5166 5157 5162
3 2052 2053 2054
3 2088 2089 2090
3 2120 2121 2122
10 1410 1280 1282 1152 1154 1222 1220 1346 1344 1408
10 5168 5169 5170 5171 1154 1222 5172 5173 5174 5175
10 5176 5177 5170 5171 1152 1282 5178 5179 5180 5181
10 5182 5183 5173 5172 1220 1346 5184 5185 5186 5187
10 5188 5189 5179 5178 1280 1410 5190 5191 5192 5193
10 5194 5195 5176 5177 5169 5168 5196 5197 5198 5199
10 5200 5201 5185 5184 1344 1408 5190 5191 5202 5203
10 5204 5205 5182 5183 5174 5175 5196 5197 5206 5207
10 2093 5208 5188 5189 5180 5181 5195 5194 5209 2094
10 2125 5210 5200 5201 5186 5187 5205 5204 5211 2126
10 2125 5210 5203 5202 5192 5193 5208 2093 2092 2124
10 2126 5211 5207 5206 5198 5199 5209 2094 2092 2124
3 5171 1154 1152
3 5172 1222 1220
3 5178 1282 1280
3 5184 1346 1344
3 5177 5170 5169
3 5190 1410 1408
3 5183 5173 5174
3 5196 5168 5175
3 5189 5179 5180
3 5195 5176 5181
3 5201 5185 5186
3 5205 5182 5187
3 5202 5191 5192
3 5208 5188 5193
3 5206 5197 5198
3 5210 5200 5203
3 5209 5194 5199
3 5211 5204 5207
3 2092 2093 2094
3 2124 2125 2126
10 1414 1284 1286 1156 1158 1226 1224 1350 1348 1412
10 5212 5213 5214 5215 1158 1226 5216 5217 5218 5219
10 5220 5221 5214 5215 1156 1286 5222 5223 5224 5225
10 5226 5227 5217 5216 1224 1350 5228 5229 5230 5231
10 5232 5233 5223 5222 1284 1414 5234 5235 5236 5237
10 5238 5239 5229 5228 1348 1412 5234 5235 5240 5241
10 5242 5243 5220 5221 5213 5212 5244 5245 5246 5247
10 2057 5248 5226 5227 5218 5219 5244 5245 5249 2058
10 2097 5250 5232 5233 5224 5225 5243 5242 5251 2098
10 2129 5252 5238 5239 5230 5231 5248 2057 2056 2130
10 2129 5252 5241 5240 5236 5237 5250 2097 2096 2128
10 2130 2056 2058 5249 5246 5247 5251 2098 2096 2128
3 5215 1158 1156
3 5216 1226 1224
3 5222 1286 1284
3 5228 1350 1348
3 5221 5214 5213
3 5234 1414 1412
3 5227 5217 5218
3 5244 5212 5219
3 5233 5223 5224
3 5243 5220 5225
3 5239 5229 5230
3 5248 5226 5231
3 5240 5235 5236
3 5250 5232 5237
3 5249 5245 5246
3 5252 5238 5241
3 5251 5242 5247
3 2056 2057 2058
3 2096 2097 2098
3 2128 2129 2130
10 1478 1352 1354 1228 1230 1298 1296 1418 1416 1476
10 5253 5254 5255 5256 1230 1298 5257 5258 5259 5260
10 5261 5262 5255 5256 1228 1354 5263 5264 5265 5266
10 5267 5268 5258 5257 1296 1418 5269 5270 5271 5272
10 5273 5274 5264 5263 1352 1478 5275 5276 5277 5278
10 5279 5280 5270 5269 1416 1476 5275 5276 5281 5282
10 2061 5283 5261 5262 5254 5253 5284 2013 2014 2062
10 2101 5285 5267 5268 5259 5260 5284 2013 2012 2102
10 2133 5286 5273 5274 5265 5266 5283 2061 2060 2134
10 2161 5287 5279 5280 5271 5272 5285 2101 2100 2162
10 2161 5287 5282 5281 5277 5278 5286 2133 2132 2160
10 2162 2100 2102 2012 2014 2062 2060 2134 2132 2160
3 5256 1230 1228
3 5257 1298 1296
3 5263 1354 1352
3 5269 1418 1416
3 5262 5255 5254
3 5275 1478 1476
3 5268 5258 5259
3 5284 5253 5260
3 5274 5264 5265
3 5283 5261 5266
3 5280 5270 5271
3 5285 5267 5272
3 5281 5276 5277
3 5286 5273 5278
3 2012 2013 2014
3 5287 5279 5282
3 2060 2061 2062
3 2100 2101 2102
3 2132 2133 2134
3 2160 2161 2162
10 1482 1356 1358 1232 1234 1302 1300 1422 1420 1480
10 5288 5289 5290 5291 1234 1302 5292 5293 5294 5295
10 5296 5297 5290 5291 1232 1358 5298 5299 5300 5301
10 5302 5303 5293 5292 1300 1422 5304 5305 5306 5307
10 5308 5309 5299 5298 1356 1482 5310 5311 5312 5313
10 5314 5315 5305 5304 1420 1480 5310 5311 5316 5317
10 5318 5319 5296 5297 5289 5288 5320 5321 5322 5323
10 2105 5324 5302 5303 5294 5295 5320 5321 5325 2106
10 2137 5326 5308 5309 5300 5301 5319 5318 5327 2138
10 2165 5328 5314 5315 5306 5307 5324 2105 2104 2166
10 2165 5328 5317 5316 5312 5313 5326 2137 2136 2164
10 2166 2104 2106 5325 5322 5323 5327 2138 2136 2164
3 5291 1234 1232
3 5292 1302 1300
3 5298 1358 1356
3 5304 1422 1420
3 5297 5290 5289
3 5310 1482 1480
3 5303 5293 5294
3 5320 5288 5295
3 5309 5299 5300
3 5319 5296 5301
3 5315 5305 5306
3 5324 5302 5307
3 5316 5311 5312
3 5326 5308 5313
3 5325 5321 5322
3 5328 5314 5317
3 5327 5318 5323
3 2104 2105 2106
3 2136 2137 2138
3 2164 2165 2166
10 1490 1364 1366 1236 1238 1306 1304 1430 1428 1488
10 5329 5330 5331 5332 1238 1306 5333 5334 5335 5336
10 5337 5338 5331 5332 1236 1366 5339 5340 5341 5342
10 5343 5344 5334 5333 1304 1430 5345 5346 5347 5348
10 5349 5350 5340 5339 1364 1490 5351 5352 5353 5354
10 5355 5356 5337 5338 5330 5329 5357 5358 5359 5360
10 5361 5362 5346 5345 1428 1488 5351 5352 5363 5364
10 5365 5366 5343 5344 5335 5336 5357 5358 5367 5368
10 2141 5369 5349 5350 5341 5342 5356 5355 5370 2142
10 2169 5371 5361 5362 5347 5348 5366 5365 5372 2170
10 2169 5371 5364 5363 5353 5354 5369 2141 2140 2168
10 2170 5372 5368 5367 5359 5360 5370 2142 2140 2168
3 5332 1238 1236
3 5333 1306 1304
3 5339 1366 1364
3 5345 1430 1428
3 5338 5331 5330
3 5351 1490 1488
3 5344 5334 5335
3 5357 5329 5336
3 5350 5340 5341
3 5356 5337 5342
3 5362 5346 5347
3 5366 5343 5348
3 5363 5352 5353
3 5369 5349 5354
3 5367 5358 5359
3 5371 5361 5364
3 5370 5355 5360
3 5372 5365 5368
3 2140 2141 2142
3 2168 2169 2170
10 1554 1432 1434 1308 1310 1378 1376 1494 1492 1552
10 5373 5374 5375 5376 1310 1378 5377 5378 5379 5380
10 5381 5382 5375 5376 1308 1434 5383 5384 5385 5386
10 5387 5388 5378 5377 1376 1494 5389 5390 5391 5392
10 5393 5394 5384 5383 1432 1554 5395 5396 5397 5398
10 5399 5400 5390 5389 1492 1552 5395 5396 5401 5402
10 2109 5403 5381 5382 5374 5373 5404 2065 2066 2110
10 2145 5405 5387 5388 5379 5380 5404 2065 2064 2146
10 2173 5406 5393 5394 5385 5386 5403 2109 2108 2174
10 2201 5407 5399 5400 5391 5392 5405 2145 2144 2202
10 2201 5407 5402 5401 5397 5398 5406 2173 2172 2200
10 2202 2144 2146 2064 2066 2110 2108 2174 2172 2200
3 5376 1310 1308
3 5377 1378 1376
3 5383 1434 1432
3 5389 1494 1492
3 5382 5375 5374
3 5395 1554 1552
3 5388 5378 5379
3 5404 5373 5380
3 5394 5384 5385
3 5403 5381 5386
3 5400 5390 5391
3 5405 5387 5392
3 5401 5396 5397
3 5406 5393 5398
3 2064 2065 2066
3 5407 5399 5402
3 2108 2109 2110
3 2144 2145 2146
3 2172 2173 2174
3 2200 2201 2202
10 1558 1436 1438 1312 1314 1382 1380 1498 1496 1556
10 5408 5409 5410 5411 1314 1382 5412 5413 5414 5415
10 5416 5417 5410 5411 1312 1438 5418 5419 5420 5421
10 5422 5423 5413 5412 1380 1498 5424 5425 5426 5427
10 5428 5429 5419 5418 1436 1558 5430 5431 5432 5433
10 5434 5435 5425 5424 1496 1556 5430 5431 5436 5437
10 5438 5439 5416 5417 5409 5408 5440 5441 5442 5443
10 2149 5444 5422 5423 5414 5415 5440 5441 5445 2150
10 2177 5446 5428 5429 5420 5421 5439 5438 5447 2178
10 2205 5448 5434 5435 5426 5427 5444 2149 2148 2206
10 2205 5448 5437 5436 5432 5433 5446 2177 2176 2204
10 2206 2148 2150 5445 5442 5443 5447 2178 2176 2204
3 5411 1314 1312
3 5412 1382 1380
3 5418 1438 1436
3 5424 1498 1496
3 5417 5410 5409
3 5430 1558 1556
3 5423 5413 5414
3 5440 5408 5415
3 5429 5419 5420
3 5439 5416 5421
3 5435 5425 5426
3 5444 5422 5427
3 5436 5431 5432
3 5446 5428 5433
3 5445 5441 5442
3 5448 5434 5437
3 5447 5438 5443
3 2148 2149 2150
3 2176 2177 2178
3 2204 2205 2206
10 1566 1444 1446 1316 1318 1386 1384 1506 1504 1564
10 5449 5450 5451 5452 1318 1386 5453 5454 5455 5456
10 5457 5458 5451 5452 1316 1446 5459 5460 5461 5462
10 5463 5464 5454 5453 1384 1506 5465 5466 5467 5468
10 5469 5470 5460 5459 1444 1566 5471 5472 5473 5474
10 5475 5476 5457 5458 5450 5449 5477 5478 5479 5480
10 5481 5482 5466 5465 1504 1564 5471 5472 5483 5484
10 5485 5486 5463 5464 5455 5456 5477 5478 5487 5488
10 2181 5489 5469 5470 5461 5462 5476 5475 5490 2182
10 2209 5491 5481 5482 5467 5468 5486 5485 5492 2210
10 2209 5491 5484 5483 5473 5474 5489 2181 2180 2208
10 2210 5492 5488 5487 5479 5480 5490 2182 2180 2208
3 5452 1318 1316
3 5453 1386 1384
3 5459 1446 1444
3 5465 1506 1504
3 5458 5451 5450
3 5471 1566 1564
3 5464 5454 5455
3 5477 5449 5456
3 5470 5460 5461
3 5476 5457 5462
3 5482 5466 5467
3 5486 5463 5468
3 5483 5472 5473
3 5489 5469 5474
3 5487 5478 5479
3 5491 5481 5484
3 5490 5475 5480
3 5492 5485 5488
3 2180 2181 2182
3 2208 2209 2210
10 1630 1508 1510 1388 1390 1454 1452 1570 1568 1628
10 5493 5494 5495 5496 1390 1454 5497 5498 5499 5500
10 5501 5502 5495 5496 1388 1510 5503 5504 5505 5506
10 5507 5508 5498 5497 1452 1570 5509 5510 5511 5512
10 5513 5514 5504 5503 1508 1630 5515 5516 5517 5518
10 5519 5520 5510 5509 1568 1628 5515 5516 5521 5522
10 2153 5523 5501 5502 5494 5493 5524 2113 2114 2154
10 2185 5525 5507 5508 5499 5500 5524 2113 2112 2186
10 2213 5526 5513 5514 5505 5506 5523 2153 2152 2214
10 2237 5527 5519 5520 5511 5512 5525 2185 2184 2238
10 2237 5527 5522 5521 5517 5518 5526 2213 2212 2236
10 2238 2184 2186 2112 2114 2154 2152 2214 2212 2236
3 5496 1390 1388
3 5497 1454 1452
3 5503 1510 1508
3 5509 1570 1568
3 5502 5495 5494
3 5515 1630 1628
3 5508 5498 5499
3 5524 5493 5500
3 5514 5504 5505
3 5523 5501 5506
3 5520 5510 5511
3 5525 5507 5512
3 5521 5516 5517
3 5526 5513 5518
3 2112 2113 2114
3 5527 5519 5522
3 2152 2153 2154
3 2184 2185 2186
3 2212 2213 2214
3 2236 2237 2238
10 1634 1512 1514 1392 1394 1458 1456 1574 1572 1632
10 5528 5529 5530 5531 1394 1458 5532 5533 5534 5535
10 5536 5537 5530 5531 1392 1514 5538 5539 5540 5541
10 5542 5543 5533 5532 1456 1574 5544 5545 5546 5547
10 5548 5549 5539 5538 1512 1634 5550 5551 5552 5553
10 5554 5555 5545 5544 1572 1632 5550 5551 5556 5557
10 5558 5559 5536 5537 5529 5528 5560 5561 5562 5563
10 2189 5564 5542 5543 5534 5535 5560 5561 5565 2190
10 2217 5566 5548 5549 5540 5541 5559 5558 5567 2218
10 2241 5568 5554 5555 5546 5547 5564 2189 2188 2242
10 2241 5568 5557 5556 5552 5553 5566 2217 2216 2240
10 2242 2188 2190 5565 5562 5563 5567 2218 2216 2240
3 5531 1394 1392
3 5532 1458 1456
3 5538 1514 1512
3 5544 1574 1572
3 5537 5530 5529
3 5550 1634 1632
3 5543 5533 5534
3 5560 5528 5535
3 5549 5539 5540
3 5559 5536 5541
3 5555 5545 5546
3 5564 5542 5547
3 5556 5551 5552
3 5566 5548 5553
3 5565 5561 5562
3 5568 5554 5557
3 5567 5558 5563
3 2188 2189 2190
3 2216 2217 2218
3 2240 2241 2242
10 1638 1516 1518 1396 1398 1462 1460 1578 1576 1636
10 5569 5570 5571 5572 1398 1462 5573 5574 5575 5576
10 5577 5578 5571 5572 1396 1518 5579 5580 5581 5582
10 5583 5584 5574 5573 1460 1578 5585 5586 5587 5588
10 5589 5590 5580 5579 1516 1638 5591 5592 5593 5594
10 5595 5596 5586 5585 1576 1636 5591 5592 5597 5598
10 5599 5600 5577 5578 5570 5569 5601 5602 5603 5604
10 5605 5606 5583 5584 5575 5576 5601 5602 5607 5608
10 2221 5609 5589 5590 5581 5582 5600 5599 5610 2222
10 2245 5611 5595 5596 5587 5588 5606 5605 5612 2246
10 2245 5611 5598 5597 5593 5594 5609 2221 2220 2244
10 2246 5612 5608 5607 5603 5604 5610 2222 2220 2244
3 5572 1398 1396
3 5573 1462 1460
3 5579 1518 1516
3 5585 1578 1576
3 5578 5571 5570
3 5591 1638 1636
3 5584 5574 5575
3 5601 5569 5576
3 5590 5580 5581
3 5600 5577 5582
3 5596 5586 5587
3 5606 5583 5588
3 5597 5592 5593
3 5609 5589 5594
3 5607 5602 5603
3 5611 5595 5598
3 5610 5599 5604
3 5612 5605 5608
3 2220 2221 2222
3 2244 2245 2246
10 1702 1584 1586 1464 1466 1530 1528 1646 1644 1700
10 5613 5614 5615 5616 1466 1530 5617 5618 5619 5620
10 5621 5622 5615 5616 1464 1586 5623 5624 5625 5626
10 5627 5628 5618 5617 1528 1646 5629 5630 5631 5632
10 5633 5634 5624 5623 1584 1702 5635 5636 5637 5638
10 5639 5640 5630 5629 1644 1700 5635 5636 5641 5642
10 2193 5643 5621 5622 5614 5613 5644 2157 2158 2194
10 2225 5645 5627 5628 5619 5620 5644 2157 2156 2226
10 2249 5646 5633 5634 5625 5626 5643 2193 2192 2250
10 2269 5647 5639 5640 5631 5632 5645 2225 2224 2270
10 2269 5647 5642 5641 5637 5638 5646 2249 2248 2268
10 2270 2224 2226 2156 2158 2194 2192 2250 2248 2268
3 5616 1466 1464
3 5617 1530 1528
3 5623 1586 1584
3 5629 1646 1644
3 5622 5615 5614
3 5635 1702 1700
3 5628 5618 5619
3 5644 5613 5620
3 5634 5624 5625
3 5643 5621 5626
3 5640 5630 5631
3 5645 5627 5632
3 5641 5636 5637
3 5646 5633 5638
3 2156 2157 2158
3 5647 5639 5642
3 2192 2193 2194
3 2224 2225 2226
3 2248 2249 2250
3 2268 2269 2270
10 1706 1588 1590 1468 1470 1534 1532 1650 1648 1704
10 5648 5649 5650 5651 1470 1534 5652 5653 5654 5655
10 5656 5657 5650 5651 1468 1590 5658 5659 5660 5661
10 5662 5663 5653 5652 1532 1650 5664 5665 5666 5667
10 5668 5669 5659 5658 1588 1706 5670 5671 5672 5673
10 5674 5675 5665 5664 1648 1704 5670 5671 5676 5677
10 5678 5679 5656 5657 5649 5648 5680 5681 5682 5683
10 2229 5684 5662 5663 5654 5655 5680 5681 5685 2230
10 2253 5686 5668 5669 5660 5661 5679 5678 5687 2254
10 2273 5688 5674 5675 5666 5667 5684 2229 2228 2274
10 2273 5688 5677 5676 5672 5673 5686 2253 2252 2272
10 2274 2228 2230 5685 5682 5683 5687 2254 2252 2272
3 5651 1470 1468
3 5652 1534 1532
3 5658 1590 1588
3 5664 1650 1648
3 5657 5650 5649
3 5670 1706 1704
3 5663 5653 5654
3 5680 5648 5655
3 5669 5659 5660
3 5679 5656 5661
3 5675 5665 5666
3 5684 5662 5667
3 5676 5671 5672
3 5686 5668 5673
3 5685 5681 5682
3 5688 5674 5677
3 5687 5678 5683
3 2228 2229 2230
3 2252 2253 2254
3 2272 2273 2274
10 1710 1592 1594 1472 1474 1538 1536 1654 1652 1708
10 5689 5690 5691 5692 1474 1538 5693 5694 5695 5696
10 5697 5698 5691 5692 1472 1594 5699 5700 5701 5702
10 5703 5704 5694 5693 1536 1654 5705 5706 5707 5708
10 5709 5710 5700 5699 1592 1710 5711 5712 5713 5714
10 5715 5716 5706 5705 1652 1708 5711 5712 5717 5718
10 5719 5720 5697 5698 5690 5689 5721 5722 5723 5724
10 5725 5726 5703 5704 5695 5696 5721 5722 5727 5728
10 2257 5729 5709 5710 5701 5702 5720 5719 5730 2258
10 2277 5731 5715 5716 5707 5708 5726 5725 5732 2278
10 2277 5731 5718 5717 5713 5714 5729 2257 2256 2276
10 2278 5732 5728 5727 5723 5724 5730 2258 2256 2276
3 5692 1474 1472
3 5693 1538 1536
3 5699 1594 1592
3 5705 1654 1652
3 5698 5691 5690
3 5711 1710 1708
3 5704 5694 5695
3 5721 5689 5696
3 5710 5700 5701
3 5720 5697 5702
3 5716 5706 5707
3 5726 5703 5708
3 5717 5712 5713
3 5729 5709 5714
3 5727 5722 5723
3 5731 5715 5718
3 5730 5719 5724
3 5732 5725 5728
3 2256 2257 2258
3 2276 2277 2278
10 1770 1660 1662 1540 1542 1606 1604 1718 1716 1768
10 5733 5734 5735 5736 1542 1606 5737 5738 5739 5740
10 5741 5742 5735 5736 1540 1662 5743 5744 5745 5746
10 5747 5748 5738 5737 1604 1718 5749 5750 5751 5752
10 5753 5754 5744 5743 1660 1770 5755 5756 5757 5758
10 5759 5760 5750 5749 1716 1768 5755 5756 5761 5762
10 2233 5763 5741 5742 5734 5733 5764 2197 2198 2234
10 2261 5765 5747 5748 5739 5740 5764 2197 2196 2262
10 2281 5766 5753 5754 5745 5746 5763 2233 2232 2282
10 2297 5767 5759 5760 5751 5752 5765 2261 2260 2298
10 2297 5767 5762 5761 5757 5758 5766 2281 2280 2296
10 2298 2260 2262 2196 2198 2234 2232 2282 2280 2296
3 5736 1542 1540
3 5737 1606 1604
3 5743 1662 1660
3 5749 1718 1716
3 5742 5735 5734
3 5755 1770 1768
3 5748 5738 5739
3 5764 5733 5740
3 5754 5744 5745
3 5763 5741 5746
3 5760 5750 5751
3 5765 5747 5752
3 5761 5756 5757
3 5766 5753 5758
3 2196 2197 2198
3 5767 5759 5762
3 2232 2233 2234
3 2260 2261 2262
3 2280 2281 2282
3 2296 2297 2298
10 1774 1664 1666 1544 1546 1610 1608 1722 1720 1772
10 5768 5769 5770 5771 1546 1610 5772 5773 5774 5775
10 5776 5777 5770 5771 1544 1666 5778 5779 5780 5781
10 5782 5783 5773 5772 1608 1722 5784 5785 5786 5787
10 5788 5789 5779 5778 1664 1774 5790 5791 5792 5793
10 5794 5795 5785 5784 1720 1772 5790 5791 5796 5797
10 5798 5799 5776 5777 5769 5768 5800 5801 5802 5803
10 2265 5804 5782 5783 5774 5775 5800 5801 5805 2266
10 2285 5806 5788 5789 5780 5781 5799 5798 5807 2286
10 2301 5808 5794 5795 5786 5787 5804 2265 2264 2302
10 2301 5808 5797 5796 5792 5793 5806 2285 2284 2300
10 2302 2264 2266 5805 5802 5803 5807 2286 2284 2300
3 5771 1546 1544
3 5772 1610 1608
3 5778 1666 1664
3 5784 1722 1720
3 5777 5770 5769
3 5790 1774 1772
3 5783 5773 5774
3 5800 5768 5775
3 5789 5779 5780
3 5799 5776 5781
3 5795 5785 5786
3 5804 5782 5787
3 5796 5791 5792
3 5806 5788 5793
3 5805 5801 5802
3 5808 5794 5797
3 5807 5798 5803
3 2264 2265 2266
3 2284 2285 2286
3 2300 2301 2302
10 1778 1668 1670 1548 1550 1614 1612 1726 1724 1776
10 5809 5810 5811 5812 1550 1614 5813 5814 5815 5816
10 5817 5818 5811 5812 1548 1670 5819 5820 5821 5822
10 5823 5824 5814 5813 1612 1726 5825 5826 5827 5828
10 5829 5830 5820 5819 1668 1778 5831 5832 5833 5834
10 5835 5836 5826 5825 1724 1776 5831 5832 5837 5838
10 5839 5840 5817 5818 5810 5809 5841 5842 5843 5844
10 5845 5846 5823 5824 5815 5816 5841 5842 5847 5848
10 2289 5849 5829 5830 5821 5822 5840 5839 5850 2290
10 2305 5851 5835 5836 5827 5828 5846 5845 5852 2306
10 2305 5851 5838 5837 5833 5834 5849 2289 2288 2304
10 2306 5852 5848 5847 5843 5844 5850 2290 2288 2304
3 5812 1550 1548
3 5813 1614 1612
3 5819 1670 1668
3 5825 1726 1724
3 5818 5811 5810
3 5831 1778 1776
3 5824 5814 5815
3 5841 5809 5816
3 5830 5820 5821
3 5840 5817 5822
3 5836 5826 5827
3 5846 5823 5828
3 5837 5832 5833
3 5849 5829 5834
3 5847 5842 5843
3 5851 5835 5838
3 5850 5839 5844
3 5852 5845 5848
3 2288 2289 2290
3 2304 2305 2306
10 1838 1732 1734 1616 1618 1682 1680 1786 1784 1836
10 5853 5854 5855 5856 1618 1682 5857 5858 5859 5860
10 5861 5862 5855 5856 1616 1734 5863 5864 5865 5866
10 5867 5868 5858 5857 1680 1786 5869 5870 5871 5872
10 5873 5874 5864 5863 1732 1838 5875 5876 5877 5878
10 5879 5880 5870 5869 1784 1836 5875 5876 5881 5882
10 5883 5884 5861 5862 5854 5853 5885 5886 5887 5888
10 2293 5889 5867 5868 5859 5860 5885 5886 5890 2294
10 2309 5891 5873 5874 5865 5866 5884 5883 5892 2310
10 2321 5893 5879 5880 5871 5872 5889 2293 2292 2322
10 2321 5893 5882 5881 5877 5878 5891 2309 2308 2320
10 2322 2292 2294 5890 5887 5888 5892 2310 2308 2320
3 5856 1618 1616
3 5857 1682 1680
3 5863 1734 1732
3 5869 1786 1784
3 5862 5855 5854
3 5875 1838 1836
3 5868 5858 5859
3 5885 5853 5860
3 5874 5864 5865
3 5884 5861 5866
3 5880 5870 5871
3 5889 5867 5872
3 5881 5876 5877
3 5891 5873 5878
3 5890 5886 5887
3 5893 5879 5882
3 5892 5883 5888
3 2292 2293 2294
3 2308 2309 2310
3 2320 2321 2322
10 1842 1736 1738 1620 1622 1686 1684 1790 1788 1840
10 5894 5895 5896 5897 1622 1686 5898 5899 5900 5901
10 5902 5903 5896 5897 1620 1738 5904 5905 5906 5907
10 5908 5909 5899 5898 1684 1790 5910 5911 5912 5913
10 5914 5915 5905 5904 1736 1842 5916 5917 5918 5919
10 5920 5921 5911 5910 1788 1840 5916 5917 5922 5923
10 5924 5925 5902 5903 5895 5894 5926 5927 5928 5929
10 5930 5931 5908 5909 5900 5901 5926 5927 5932 5933
10 2313 5934 5914 5915 5906 5907 5925 5924 5935 2314
10 2325 5936 5920 5921 5912 5913 5931 5930 5937 2326
10 2325 5936 5923 5922 5918 5919 5934 2313 2312 2324
10 2326 5937 5933 5932 5928 5929 5935 2314 2312 2324
3 5897 1622 1620
3 5898 1686 1684
3 5904 1738 1736
3 5910 1790 1788
3 5903 5896 5895
3 5916 1842 1840
3 5909 5899 5900
3 5926 5894 5901
3 5915 5905 5906
3 5925 5902 5907
3 5921 5911 5912
3 5931 5908 5913
3 5922 5917 5918
3 5934 5914 5919
3 5932 5927 5928
3 5936 5920 5923
3 5935 5924 5929
3 5937 5930 5933
3 2312 2313 2314
3 2324 2325 2326
10 1846 1740 1742 1624 1626 1690 1688 1794 1792 1844
10 5938 5939 5940 5941 1626 1690 5942 5943 5944 5945
10 5946 5947 5940 5941 1624 1742 5948 5949 5950 5951
10 5952 5953 5943 5942 1688 1794 5954 5955 5956 5957
10 5958 5959 5949 5948 1740 1846 5960 5961 5962 5963
10 5964 5965 5946 5947 5939 5938 5966 5967 5968 5969
10 5970 5971 5955 5954 1792 1844 5960 5961 5972 5973
10 5974 5975 5952 5953 5944 5945 5966 5967 5976 5977
10 2317 5978 5958 5959 5950 5951 5965 5964 5979 2318
10 2329 5980 5970 5971 5956 5957 5975 5974 5981 2330
10 2329 5980 5973 5972 5962 5963 5978 2317 2316 2328
10 2330 5981 5977 5976 5968 5969 5979 2318 2316 2328
3 5941 1626 1624
3 5942 1690 1688
3 5948 1742 1740
3 5954 1794 1792
3 5947 5940 5939
3 5960 1846 1844
3 5953 5943 5944
3 5966 5938 5945
3 5959 5949 5950
3 5965 5946 5951
3 5971 5955 5956
3 5975 5952 5957
3 5972 5961 5962
3 5978 5958 5963
3 5976 5967 5968
3 5980 5970 5973
3 5979 5964 5969
3 5981 5974 5977
3 2316 2317 2318
3 2328 2329 2330
10 1902 1800 1802 1692 1694 1754 1752 1854 1852 1900
10 5982 5983 5984 5985 1694 1754 5986 5987 5988 5989
10 5990 5991 5984 5985 1692 1802 5992 5993 5994 5995
10 5996 5997 5987 5986 1752 1854 5998 5999 6000 6001
10 6002 6003 5993 5992 1800 1902 6004 6005 6006 6007
10 6008 6009 5999 5998 1852 1900 6004 6005 6010 6011
10 6012 6013 5990 5991 5983 5982 6014 6015 6016 6017
10 6018 6019 5996 5997 5988 5989 6014 6015 6020 6021
10 2333 6022 6002 6003 5994 5995 6013 6012 6023 2334
10 2341 6024 6008 6009 6000 6001 6019 6018 6025 2342
10 2341 6024 6011 6010 6006 6007 6022 2333 2332 2340
10 2342 6025 6021 6020 6016 6017 6023 2334 2332 2340
3 5985 1694 1692
3 5986 1754 1752
3 5992 1802 1800
3 5998 1854 1852
3 5991 5984 5983
3 6004 1902 1900
3 5997 5987 5988
3 6014 5982 5989
3 6003 5993 5994
3 6013 5990 5995
3 6009 5999 6000
3 6019 5996 6001
3 6010 6005 6006
3 6022 6002 6007
3 6020 6015 6016
3 6024 6008 6011
3 6023 6012 6017
3 6025 6018 6021
3 2332 2333 2334
3 2340 2341 2342
10 1906 1804 1806 1696 1698 1758 1756 1858 1856 1904
10 6026 6027 6028 6029 1698 1758 6030 6031 6032 6033
10 6034 6035 6028 6029 1696 1806 6036 6037 6038 6039
10 6040 6041 6031 6030 1756 1858 6042 6043 6044 6045
10 6046 6047 6037 6036 1804 1906 6048 6049 6050 6051
10 6052 6053 6034 6035 6027 6026 6054 6055 6056 6057
10 6058 6059 6043 6042 1856 1904 6048 6049 6060 6061
10 6062 6063 6040 6041 6032 6033 6054 6055 6064 6065
10 2337 6066 6046 6047 6038 6039 6053 6052 6067 2338
10 2345 6068 6058 6059 6044 6045 6063 6062 6069 2346
10 2345 6068 6061 6060 6050 6051 6066 2337 2336 2344
10 2346 6069 6065 6064 6056 6057 6067 2338 2336 2344
3 6029 1698 1696
3 6030 1758 1756
3 6036 1806 1804
3 6042 1858 1856
3 6035 6028 6027
3 6048 1906 1904
3 6041 6031 6032
3 6054 6026 6033
3 6047 6037 6038
3 6053 6034 6039
3 6059 6043 6044
3 6063 6040 6045
3 6060 6049 6050
3 6066 6046 6051
3 6064 6055 6056
3 6068 6058 6061
3 6067 6052 6057
3 6069 6062 6065
3 2336 2337 2338
3 2344 2345 2346
10 1962 1868 1870 1760 1762 1822 1820 1918 1916 1960
10 6070 6071 6072 6073 1762 1822 6074 6075 6076 6077
10 6078 6079 6072 6073 1760 1870 6080 6081 6082 6083
10 6084 6085 6075 6074 1820 1918 6086 6087 6088 6089
10 6090 6091 6081 6080 1868 1962 6092 6093 6094 6095
10 6096 6097 6087 6086 1916 1960 6092 6093 6098 6099
10 6100 6101 6078 6079 6071 6070 6102 6103 6104 6105
10 6106 6107 6084 6085 6076 6077 6102 6103 6108 6109
10 2349 6110 6090 6091 6082 6083 6101 6100 6111 2350
10 2357 6112 6096 6097 6088 6089 6107 6106 6113 2358
10 2357 6112 6099 6098 6094 6095 6110 2349 2348 2356
10 2358 6113 6109 6108 6104 6105 6111 2350 2348 2356
3 6073 1762 1760
3 6074 1822 1820
3 6080 1870 1868
3 6086 1918 1916
3 6079 6072 6071
3 6092 1962 1960
3 6085 6075 6076
3 6102 6070 6077
3 6091 6081 6082
3 6101 6078 6083
3 6097 6087 6088
3 6107 6084 6089
3 6098 6093 6094
3 6110 6090 6095
3 6108 6103 6104
3 6112 6096 6099
3 6111 6100 6105
3 6113 6106 6109
3 2348 2349 2350
3 2356 2357 2358
10 1966 1872 1874 1764 1766 1826 1824 1922 1920 1964
10 6114 6115 6116 6117 1766 1826 6118 6119 6120 6121
10 6122 6123 6116 6117 1764 1874 6124 6125 6126 6127
10 6128 6129 6119 6118 1824 1922 6130 6131 6132 6133
10 6134 6135 6125 6124 1872 1966 6136 6137 6138 6139
10 6140 6141 6122 6123 6115 6114 6142 6143 6144 6145
10 6146 6147 6131 6130 1920 1964 6136 6137 6148 6149
10 6150 6151 6128 6129 6120 6121 6142 6143 6152 6153
10 2353 6154 6134 6135 6126 6127 6141 6140 6155 2354
10 2361 6156 6146 6147 6132 6133 6151 6150 6157 2362
10 2361 6156 6149 6148 6138 6139 6154 2353 2352 2360
10 2362 6157 6153 6152 6144 6145 6155 2354 2352 2360
3 6117 1766 1764
3 6118 1826 1824
3 6124 1874 1872
3 6130 1922 1920
3 6123 6116 6115
3 6136 1966 1964
3 6129 6119 6120
3 6142 6114 6121
3 6135 6125 6126
3 6141 6122 6127
3 6147 6131 6132
3 6151 6128 6133
3 6148 6137 6138
3 6154 6134 6139
3 6152 6143 6144
3 6156 6146 6149
3 6155 6140 6145
3 6157 6150 6153
3 2352 2353 2354
3 2360 2361 2362
10 2018 1932 1934 1828 1830 1886 1884 1978 1976 2016
10 6158 6159 6160 6161 1830 1886 6162 6163 6164 6165
10 6166 6167 6160 6161 1828 1934 6168 6169 6170 6171
10 6172 6173 6163 6162 1884 1978 6174 6175 6176 6177
10 6178 6179 6169 6168 1932 2018 6180 6181 6182 6183
10 6184 6185 6166 6167 6159 6158 6186 6187 6188 6189
10 6190 6191 6175 6174 1976 2016 6180 6181 6192 6193
10 6194 6195 6172 6173 6164 6165 6186 6187 6196 6197
10 2365 6198 6178 6179 6170 6171 6185 6184 6199 2366
10 2369 6200 6190 6191 6176 6177 6195 6194 6201 2370
10 2369 6200 6193 6192 6182 6183 6198 2365 2364 2368
10 2370 6201 6197 6196 6188 6189 6199 2366 2364 2368
3 6161 1830 1828
3 6162 1886 1884
3 6168 1934 1932
3 6174 1978 1976
3 6167 6160 6159
3 6180 2018 2016
3 6173 6163 6164
3 6186 6158 6165
3 6179 6169 6170
3 6185 6166 6171
3 6191 6175 6176
3 6195 6172 6177
3 6192 6181 6182
3 6198 6178 6183
3 6196 6187 6188
3 6200 6190 6193
3 6199 6184 6189
3 6201 6194 6197
3 2364 2365 2366
3 2368 2369 2370
10 2022 1936 1938 1832 1834 1890 1888 1982 1980 2020
10 6202 6203 6204 6205 1834 1890 6206 6207 6208 6209
10 6210 6211 6204 6205 1832 1938 6212 6213 6214 6215
10 6216 6217 6207 6206 1888 1982 6218 6219 6220 6221
10 6222 6223 6213 6212 1936 2022 6224 6225 6226 6227
10 6228 6229 6210 6211 6203 6202 6230 6231 6232 6233
10 6234 6235 6219 6218 1980 2020 6224 6225 6236 6237
10 6238 6239 6216 6217 6208 6209 6230 6231 6240 6241
10 6242 6243 6222 6223 6214 6215 6229 6228 6244 6245
10 2373 6246 6234 6235 6220 6221 6239 6238 6247 2374
10 2373 6246 6237 6236 6226 6227 6243 6242 6248 2372
10 2374 6247 6241 6240 6232 6233 6244 6245 6248 2372
3 6205 1834 1832
3 6206 1890 1888
3 6212 1938 1936
3 6218 1982 1980
3 6211 6204 6203
3 6224 2022 2020
3 6217 6207 6208
3 6230 6202 6209
3 6223 6213 6214
3 6229 6210 6215
3 6235 6219 6220
3 6239 6216 6221
3 6236 6225 6226
3 6243 6222 6227
3 6240 6231 6232
3 6246 6234 6237
3 6244 6228 6233
3 6247 6238 6241
3 6248 6242 6245
3 2372 2373 2374
10 2070 1992 1994 1892 1894 1950 1948 2034 2032 2068
10 6249 6250 6251 6252 1894 1950 6253 6254 6255 6256
10 6257 6258 6251 6252 1892 1994 6259 6260 6261 6262
10 6263 6264 6254 6253 1948 2034 6265 6266 6267 6268
10 6269 6270 6260 6259 1992 2070 6271 6272 6273 6274
10 6275 6276 6257 6258 6250 6249 6277 6278 6279 6280
10 6281 6282 6266 6265 2032 2068 6271 6272 6283 6284
10 6285 6286 6263 6264 6255 6256 6277 6278 6287 6288
10 6289 6290 6269 6270 6261 6262 6276 6275 6291 6292
10 2381 6293 6281 6282 6267 6268 6286 6285 6294 2382
10 2381 6293 6284 6283 6273 6274 6290 6289 6295 2380
10 2382 6294 6288 6287 6279 6280 6291 6292 6295 2380
3 6252 1894 1892
3 6253 1950 1948
3 6259 1994 1992
3 6265 2034 2032
3 6258 6251 6250
3 6271 2070 2068
3 6264 6254 6255
3 6277 6249 6256
3 6270 6260 6261
3 6276 6257 6262
3 6282 6266 6267
3 6286 6263 6268
3 6283 6272 6273
3 6290 6269 6274
3 6287 6278 6279
3 6293 6281 6284
3 6291 6275 6280
3 6294 6285 6288
3 6295 6289 6292
3 2380 2381 2382
10 2074 1996 1998 1896 1898 1954 1952 2038 2036 2072
10 6296 6297 6298 6299 1898 1954 6300 6301 6302 6303
10 6304 6305 6298 6299 1896 1998 6306 6307 6308 6309
10 6310 6311 6301 6300 1952 2038 6312 6313 6314 6315
10 6316 6317 6307 6306 1996 2074 6318 6319 6320 6321
10 6322 6323 6304 6305 6297 6296 6324 6325 6326 6327
10 6328 6329 6313 6312 2036 2072 6318 6319 6330 6331
10 6332 6333 6310 6311 6302 6303 6324 6325 6334 6335
10 2377 6336 6316 6317 6308 6309 6323 6322 6337 2378
10 2385 6338 6328 6329 6314 6315 6333 6332 6339 2386
10 2385 6338 6331 6330 6320 6321 6336 2377 2376 2384
10 2386 6339 6335 6334 6326 6327 6337 2378 2376 2384
3 6299 1898 1896
3 6300 1954 1952
3 6306 1998 1996
3 6312 2038 2036
3 6305 6298 6297
3 6318 2074 2072
3 6311 6301 6302
3 6324 6296 6303
3 6317 6307 6308
3 6323 6304 6309
3 6329 6313 6314
3 6333 6310 6315
3 6330 6319 6320
3 6336 6316 6321
3 6334 6325 6326
3 6338 6328 6331
3 6337 6322 6327
3 6339 6332 6335
3 2376 2377 2378
3 2384 2385 2386
10 2118 2048 2050 1956 1958 2010 2008 2086 2084 2116
10 6340 6341 6342 6343 1958 2010 6344 6345 6346 6347
10 6348 6349 6342 6343 1956 2050 6350 6351 6352 6353
10 6354 6355 6345 6344 2008 2086 6356 6357 6358 6359
10 6360 6361 6351 6350 2048 2118 6362 6363 6364 6365
10 6366 6367 6348 6349 6341 6340 6368 6369 6370 6371
10 6372 6373 6357 6356 2084 2116 6362 6363 6374 6375
10 6376 6377 6354 6355 6346 6347 6368 6369 6378 6379
10 6380 6381 6360 6361 6352 6353 6367 6366 6382 6383
10 2389 6384 6372 6373 6358 6359 6377 6376 6385 2390
10 2389 6384 6375 6374 6364 6365 6381 6380 6386 2388
10 2390 6385 6379 6378 6370 6371 6382 6383 6386 2388
3 6343 1958 1956
3 6344 2010 2008
3 6350 2050 2048
3 6356 2086 2084
3 6349 6342 6341
3 6362 2118 2116
3 6355 6345 6346
3 6368 6340 6347
3 6361 6351 6352
3 6367 6348 6353
3 6373 6357 6358
3 6377 6354 6359
3 6374 6363 6364
3 6381 6360 6365
3 6378 6369 6370
3 6384 6372 6375
3 6382 6366 6371
3 6385 6376 6379
3 6386 6380 6383
3 2388 2389 2390
10 2162 2100 2102 2012 2014 2062 2060 2134 2132 2160
10 6387 6388 6389 6390 2014 2062 6391 6392 6393 6394
10 6395 6396 6389 6390 2012 2102 6397 6398 6399 6400
10 6401 6402 6392 6391 2060 2134 6403 6404 6405 6406
10 6407 6408 6398 6397 2100 2162 6409 6410 6411 6412
10 6413 6414 6395 6396 6388 6387 6415 6416 6417 6418
10 6419 6420 6404 6403 2132 2160 6409 6410 6421 6422
10 6423 6424 6401 6402 6393 6394 6415 6416 6425 6426
10 6427 6428 6407 6408 6399 6400 6414 6413 6429 6430
10 2393 6431 6419 6420 6405 6406 6424 6423 6432 2394
10 2393 6431 6422 6421 6411 6412 6428 6427 6433 2392
10 2394 6432 6426 6425 6417 6418 6429 6430 6433 2392
3 6390 2014 2012
3 6391 2062 2060
3 6397 2102 2100
3 6403 2134 2132
3 6396 6389 6388
3 6409 2162 2160
3 6402 6392 6393
3 6415 6387 6394
3 6408 6398 6399
3 6414 6395 6400
3 6420 6404 6405
3 6424 6401 6406
3 6421 6410 6411
3 6428 6407 6412
3 6425 6416 6417
3 6431 6419 6422
3 6429 6413 6418
3 6432 6423 6426
3 6433 6427 6430
3 2392 2393 2394
10 2202 2144 2146 2064 2066 2110 2108 2174 2172 2200
10 6434 6435 6436 6437 2066 2110 6438 6439 6440 6441
10 6442 6443 6436 6437 2064 2146 6444 6445 6446 6447
10 6448 6449 6439 6438 2108 2174 6450 6451 6452 6453
10 6454 6455 6445 6444 2144 2202 6456 6457 6458 6459
10 6460 6461 6442 6443 6435 6434 6462 6463 6464 6465
10 6466 6467 6451 6450 2172 2200 6456 6457 6468 6469
10 6470 6471 6448 6449 6440 6441 6462 6463 6472 6473
10 6474 6475 6454 6455 6446 6447 6461 6460 6476 6477
10 2397 6478 6466 6467 6452 6453 6471 6470 6479 2398
10 2397 6478 6469 6468 6458 6459 6475 6474 6480 2396
10 2398 6479 6473 6472 6464 6465 6476 6477 6480 2396
3 6437 2066 2064
3 6438 2110 2108
3 6444 2146 2144
3 6450 2174 2172
3 6443 6436 6435
3 6456 2202 2200
3 6449 6439 6440
3 6462 6434 6441
3 6455 6445 6446
3 6461 6442 6447
3 6467 6451 6452
3 6471 6448 6453
3 6468 6457 6458
3 6475 6454 6459
3 6472 6463 6464
3 6478 6466 6469
3 6476 6460 6465
3 6479 6470 6473
3 6480 6474 6477
3 2396 2397 2398
10 2238 2184 2186 2112 2114 2154 2152 2214 2212 2236
10 6481 6482 6483 6484 2114 2154 6485 6486 6487 6488
10 6489 6490 6483 6484 2112 2186 6491 6492 6493 6494
10 6495 6496 6486 6485 2152 2214 6497 6498 6499 6500
10 6501 6502 6492 6491 2184 2238 6503 6504 6505 6506
10 6507 6508 6489 6490 6482 6481 6509 6510 6511 6512
10 6513 6514 6498 6497 2212 2236 6503 6504 6515 6516
10 6517 6518 6495 6496 6487 6488 6509 6510 6519 6520
10 6521 6522 6501 6502 6493 6494 6508 6507 6523 6524
10 6525 6526 6513 6514 6499 6500 6518 6517 6527 6528
10 6525 6526 6516 6515 6505 6506 6522 6521 6529 6530
10 6528 6527 6520 6519 6511 6512 6523 6524 6529 6530
3 6484 2114 2112
3 6485 2154 2152
3 6491 2186 2184
3 6497 2214 2212
3 6490 6483 6482
3 6503 2238 2236
3 6496 6486 6487
3 6509 6481 6488
3 6502 6492 6493
3 6508 6489 6494
3 6514 6498 6499
3 6518 6495 6500
3 6515 6504 6505
3 6522 6501 6506
3 6519 6510 6511
3 6526 6513 6516
3 6523 6507 6512
3 6527 6517 6520
3 6529 6521 6524
3 6530 6525 6528
10 2270 2224 2226 2156 2158 2194 2192 2250 2248 2268
10 6531 6532 6533 6534 2158 2194 6535 6536 6537 6538
10 6539 6540 6533 6534 2156 2226 6541 6542 6543 6544
10 6545 6546 6536 6535 2192 2250 6547 6548 6549 6550
10 6551 6552 6542 6541 2224 2270 6553 6554 6555 6556
10 6557 6558 6548 6547 2248 2268 6553 6554 6559 6560
10 6561 6562 6539 6540 6532 6531 6563 6564 6565 6566
10 6567 6568 6545 6546 6537 6538 6563 6564 6569 6570
10 6571 6572 6551 6552 6543 6544 6562 6561 6573 6574
10 6575 6576 6557 6558 6549 6550 6568 6567 6577 6578
10 6575 6576 6560 6559 6555 6556 6572 6571 6579 6580
10 6578 6577 6570 6569 6565 6566 6573 6574 6579 6580
3 6534 2158 2156
3 6535 2194 2192
3 6541 2226 2224
3 6547 2250 2248
3 6540 6533 6532
3 6553 2270 2268
3 6546 6536 6537
3 6563 6531 6538
3 6552 6542 6543
3 6562 6539 6544
3 6558 6548 6549
3 6568 6545 6550
3 6559 6554 6555
3 6572 6551 6556
3 6569 6564 6565
3 6576 6557 6560
3 6573 6561 6566
3 6577 6567 6570
3 6579 6571 6574
3 6580 6575 6578
10 2298 2260 2262 2196 2198 2234 2232 2282 2280 2296
10 6581 6582 6583 6584 2198 2234 6585 6586 6587 6588
10 6589 6590 6583 6584 2196 2262 6591 6592 6593 6594
10 6595 6596 6586 6585 2232 2282 6597 6598 6599 6600
10 6601 6602 6592 6591 2260 2298 6603 6604 6605 6606
10 6607 6608 6598 6597 2280 2296 6603 6604 6609 6610
10 6611 6612 6589 6590 6582 6581 6613 6614 6615 6616
10 6617 6618 6595 6596 6587 6588 6613 6614 6619 6620
10 6621 6622 6601 6602 6593 6594 6612 6611 6623 6624
10 6625 6626 6607 6608 6599 6600 6618 6617 6627 6628
10 6625 6626 6610 6609 6605 6606 6622 6621 6629 6630
10 6628 6627 6620 6619 6615 6616 6623 6624 6629 6630
3 6584 2198 2196
3 6585 2234 2232
3 6591 2262 2260
3 6597 2282 2280
3 6590 6583 6582
3 6603 2298 2296
3 6596 6586 6587
3 6613 6581 6588
3 6602 6592 6593
3 6612 6589 6594
3 6608 6598 6599
3 6618 6595 6600
3 6609 6604 6605
3 6622 6601 6606
3 6619 6614 6615
3 6626 6607 6610
3 6623 6611 6616
3 6627 6617 6620
3 6629 6621 6624
3 6630 6625 6628
# cell 1: 0 1 2 3
# cell 2: 4 5 6 7
# cell 3: 8 9 10 11
# cell 4: 12 13 14 15
# cell 5: 16 17 18 19
# cell 6: 20 21 22 23
# cell 7: 24 25 26 27
# cell 8: 28 29 30 31
# cell 9: 32 33 34 35
# cell 10: 36 37 38 39
# cell 11: 40 41 42 43
# cell 12: 44 45 46 47
# cell 13: 48 49 50 51
# cell 14: 52 53 54 55
# cell 15: 56 57 58 59
# cell 16: 60 61 62 63
# cell 17: 64 65 66 67
# cell 18: 68 69 70 71
# cell 19: 72 73 74 75
# cell 20: 76 77 78 79
# cell 21: 80 81 82 83
# cell 22: 84 85 86 87
# cell 23: 88 89 90 91
# cell 24: 92 93 94 95
# cell 25: 96 97 98 99
# cell 26: 100 101 102 103
# cell 27: 104 105 106 107
# cell 28: 108 109 110 111
# cell 29: 112 113 114 115
# cell 30: 116 117 118 119
# cell 31: 120 121 122 123
# cell 32: 124 125 126 127
# cell 33: 128 129 130 131
# cell 34: 132 133 134 135
# cell 35: 136 137 138 139
# cell 36: 140 141 142 143
# cell 37: 144 145 146 147
# cell 38: 148 149 150 151
# cell 39: 152 153 154 155
# cell 40: 156 157 158 159
# cell 41: 160 161 162 163
# cell 42: 164 165 166 167
# cell 43: 168 169 170 171
# cell 44: 172 173 174 175
# cell 45: 176 177 178 179
# cell 46: 180 181 182 183
# cell 47: 184 185 186 187
# cell 48: 188 189 190 191
# cell 49: 192 193 194 195
# cell 50: 196 197 198 199
# cell 51: 200 201 202 203
# cell 52: 204 205 206 207
# cell 53: 208 209 210 211
# cell 54: 212 213 214 215
# cell 55: 216 217 218 219
# cell 56: 220 221 222 223
# cell 57: 224 225 226 227
# cell 58: 228 229 230 231
# cell 59: 232 233 234 235
# cell 60: 236 237 238 239
# cell 61: 240 241 242 243
# cell 62: 244 245 246 247
# cell 63: 248 249 250 251
# cell 64: 252 253 254 255
# cell 65: 256 257 258 259
# cell 66: 260 261 262 263
# cell 67: 264 265 266 267
# cell 68: 268 269 270 271
# cell 69: 272 273 274 275
# cell 70: 276 277 278 279
# cell 71: 280 281 282 283
# cell 72: 284 285 286 287
# cell 73: 288 289 290 291
# cell 74: 292 293 294 295
# cell 75: 296 297 298 299
# cell 76: 300 301 302 303
# cell 77: 304 305 306 307
# cell 78: 308 309 310 311
# cell 79: 312 313 314 315
# cell 80: 316 317 318 319
# cell 81: 320 321 322 323
# cell 82: 324 325 326 327
# cell 83: 328 329 330 331
# cell 84: 332 333 334 335
# cell 85: 336 337 338 339
# cell 86: 340 341 342 343
# cell 87: 344 345 346 347
# cell 88: 348 349 350 351
# cell 89: 352 353 354 355
# cell 90: 356 357 358 359
# cell 91: 360 361 362 363
# cell 92: 364 365 366 367
# cell 93: 368 369 370 371
# cell 94: 372 373 374 375
# cell 95: 376 377 378 379
# cell 96: 380 381 382 383
# cell 97: 384 385 386 387
# cell 98: 388 389 390 391
# cell 99: 392 393 394 395
# cell 100: 396 397 398 399
# cell 101: 400 401 402 403
# cell 102: 404 405 406 407
# cell 103: 408 409 410 411
# cell 104: 412 413 414 415
# cell 105: 416 417 418 419
# cell 106: 420 421 422 423
# cell 107: 424 425 426 427
# cell 108: 428 429 430 431
# cell 109: 432 433 434 435
# cell 110: 436 437 438 439
# cell 111: 440 441 442 443
# cell 112: 444 445 446 447
# cell 113: 448 449 450 451
# cell 114: 452 453 454 455
# cell 115: 456 457 458 459
# cell 116: 460 461 462 463
# cell 117: 464 465 466 467
# cell 118: 468 469 470 471
# cell 119: 472 473 474 475
# cell 120: 476 477 478 479
# cell 121: 480 481 482 483
# cell 122: 484 485 486 487
# cell 123: 488 489 490 491
# cell 124: 492 493 494 495
# cell 125: 496 497 498 499
# cell 126: 500 501 502 503
# cell 127: 504 505 506 507
# cell 128: 508 509 510 511
# cell 129: 512 513 514 515
# cell 130: 516 517 518 519
# cell 131: 520 521 522 523
# cell 132: 524 525 526 527
# cell 133: 528 529 530 531
# cell 134: 532 533 534 535
# cell 135: 536 537 538 539
# cell 136: 540 541 542 543
# cell 137: 544 545 546 547
# cell 138: 548 549 550 551
# cell 139: 552 553 554 555
# cell 140: 556 557 558 559
# cell 141: 560 561 562 563
# cell 142: 564 565 566 567
# cell 143: 568 569 570 571
# cell 144: 572 573 574 575
# cell 145: 576 577 578 579
# cell 146: 580 581 582 583
# cell 147: 584 585 586 587
# cell 148: 588 589 590 591
# cell 149: 592 593 594 595
# cell 150: 596 597 598 599
# cell 151: 600 601 602 603
# cell 152: 604 605 606 607
# cell 153: 608 609 610 611
# cell 154: 612 613 614 615
# cell 155: 616 617 618 619
# cell 156: 620 621 622 623
# cell 157: 624 625 626 627
# cell 158: 628 629 630 631
# cell 159: 632 633 634 635
# cell 160: 636 637 638 639
# cell 161: 640 641 642 643
# cell 162: 644 645 646 647
# cell 163: 648 649 650 651
# cell 164: 652 653 654 655
# cell 165: 656 657 658 659
# cell 166: 660 661 662 663
# cell 167: 664 665 666 667
# cell 168: 668 669 670 671
# cell 169: 672 673 674 675
# cell 170: 676 677 678 679
# cell 171: 680 681 682 683
# cell 172: 684 685 686 687
# cell 173: 688 689 690 691
# cell 174: 692 693 694 695
# cell 175: 696 697 698 699
# cell 176: 700 701 702 703
# cell 177: 704 705 706 707
# cell 178: 708 709 710 711
# cell 179: 712 713 714 715
# cell 180: 716 717 718 719
# cell 181: 720 721 722 723
# cell 182: 724 725 726 727
# cell 183: 728 729 730 731
# cell 184: 732 733 734 735
# cell 185: 736 737 738 739
# cell 186: 740 741 742 743
# cell 187: 744 745 746 747
# cell 188: 748 749 750 751
# cell 189: 752 753 754 755
# cell 190: 756 757 758 759
# cell 191: 760 761 762 763
# cell 192: 764 765 766 767
# cell 193: 768 769 770 771
# cell 194: 772 773 774 775
# cell 195: 776 777 778 779
# cell 196: 780 781 782 783
# cell 197: 784 785 786 787
# cell 198: 788 789 790 791
# cell 199: 792 793 794 795
# cell 200: 796 797 798 799
# cell 201: 800 801 802 803
# cell 202: 804 805 806 807
# cell 203: 808 809 810 811
# cell 204: 812 813 814 815
# cell 205: 816 817 818 819
# cell 206: 820 821 822 823
# cell 207: 824 825 826 827
# cell 208: 828 829 830 831
# cell 209: 832 833 834 835
# cell 210: 836 837 838 839
# cell 211: 840 841 842 843
# cell 212: 844 845 846 847
# cell 213: 848 849 850 851
# cell 214: 852 853 854 855
# cell 215: 856 857 858 859
# cell 216: 860 861 862 863
# cell 217: 864 865 866 867
# cell 218: 868 869 870 871
# cell 219: 872 873 874 875
# cell 220: 876 877 878 879
# cell 221: 880 881 882 883
# cell 222: 884 885 886 887
# cell 223: 888 889 890 891
# cell 224: 892 893 894 895
# cell 225: 896 897 898 899
# cell 226: 900 901 902 903
# cell 227: 904 905 906 907
# cell 228: 908 909 910 911
# cell 229: 912 913 914 915
# cell 230: 916 917 918 919
# cell 231: 920 921 922 923
# cell 232: 924 925 926 927
# cell 233: 928 929 930 931
# cell 234: 932 933 934 935
# cell 235: 936 937 938 939
# cell 236: 940 941 942 943
# cell 237: 944 945 946 947
# cell 238: 948 949 950 951
# cell 239: 952 953 954 955
# cell 240: 956 957 958 959
# cell 241: 960 961 962 963
# cell 242: 964 965 966 967
# cell 243: 968 969 970 971
# cell 244: 972 973 974 975
# cell 245: 976 977 978 979
# cell 246: 980 981 982 983
# cell 247: 984 985 986 987
# cell 248: 988 989 990 991
# cell 249: 992 993 994 995
# cell 250: 996 997 998 999
# cell 251: 1000 1001 1002 1003
# cell 252: 1004 1005 1006 1007
# cell 253: 1008 1009 1010 1011
# cell 254: 1012 1013 1014 1015
# cell 255: 1016 1017 1018 1019
# cell 256: 1020 1021 1022 1023
# cell 257: 1024 1025 1026 1027
# cell 258: 1028 1029 1030 1031
# cell 259: 1032 1033 1034 1035
# cell 260: 1036 1037 1038 1039
# cell 261: 1040 1041 1042 1043
# cell 262: 1044 1045 1046 1047
# cell 263: 1048 1049 1050 1051
# cell 264: 1052 1053 1054 1055
# cell 265: 1056 1057 1058 1059
# cell 266: 1060 1061 1062 1063
# cell 267: 1064 1065 1066 1067
# cell 268: 1068 1069 1070 1071
# cell 269: 1072 1073 1074 1075
# cell 270: 1076 1077 1078 1079
# cell 271: 1080 1081 1082 1083
# cell 272: 1084 1085 1086 1087
# cell 273: 1088 1089 1090 1091
# cell 274: 1092 1093 1094 1095
# cell 275: 1096 1097 1098 1099
# cell 276: 1100 1101 1102 1103
# cell 277: 1104 1105 1106 1107
# cell 278: 1108 1109 1110 1111
# cell 279: 1112 1113 1114 1115
# cell 280: 1116 1117 1118 1119
# cell 281: 1120 1121 1122 1123
# cell 282: 1124 1125 1126 1127
# cell 283: 1128 1129 1130 1131
# cell 284: 1132 1133 1134 1135
# cell 285: 1136 1137 1138 1139
# cell 286: 1140 1141 1142 1143
# cell 287: 1144 1145 1146 1147
# cell 288: 1148 1149 1150 1151
# cell 289: 1152 1153 1154 1155
# cell 290: 1156 1157 1158 1159
# cell 291: 1160 1161 1162 1163
# cell 292: 1164 1165 1166 1167
# cell 293: 1168 1169 1170 1171
# cell 294: 1172 1173 1174 1175
# cell 295: 1176 1177 1178 1179
# cell 296: 1180 1181 1182 1183
# cell 297: 1184 1185 1186 1187
# cell 298: 1188 1189 1190 1191
# cell 299: 1192 1193 1194 1195
# cell 300: 1196 1197 1198 1199
# cell 301: 1200 1201 1202 1203
# cell 302: 1204 1205 1206 1207
# cell 303: 1208 1209 1210 1211
# cell 304: 1212 1213 1214 1215
# cell 305: 1216 1217 1218 1219
# cell 306: 1220 1221 1222 1223
# cell 307: 1224 1225 1226 1227
# cell 308: 1228 1229 1230 1231
# cell 309: 1232 1233 1234 1235
# cell 310: 1236 1237 1238 1239
# cell 311: 1240 1241 1242 1243
# cell 312: 1244 1245 1246 1247
# cell 313: 1248 1249 1250 1251
# cell 314: 1252 1253 1254 1255
# cell 315: 1256 1257 1258 1259
# cell 316: 1260 1261 1262 1263
# cell 317: 1264 1265 1266 1267
# cell 318: 1268 1269 1270 1271
# cell 319: 1272 1273 1274 1275
# cell 320: 1276 1277 1278 1279
# cell 321: 1280 1281 1282 1283
# cell 322: 1284 1285 1286 1287
# cell 323: 1288 1289 1290 1291
# cell 324: 1292 1293 1294 1295
# cell 325: 1296 1297 1298 1299
# cell 326: 1300 1301 1302 1303
# cell 327: 1304 1305 1306 1307
# cell 328: 1308 1309 1310 1311
# cell 329: 1312 1313 1314 1315
# cell 330: 1316 1317 1318 1319
# cell 331: 1320 1321 1322 1323
# cell 332: 1324 1325 1326 1327
# cell 333: 1328 1329 1330 1331
# cell 334: 1332 1333 1334 1335
# cell 335: 1336 1337 1338 1339
# cell 336: 1340 1341 1342 1343
# cell 337: 1344 1345 1346 1347
# cell 338: 1348 1349 1350 1351
# cell 339: 1352 1353 1354 1355
# cell 340: 1356 1357 1358 1359
# cell 341: 1360 1361 1362 1363
# cell 342: 1364 1365 1366 1367
# cell 343: 1368 1369 1370 1371
# cell 344: 1372 1373 1374 1375
# cell 345: 1376 1377 1378 1379
# cell 346: 1380 1381 1382 1383
# cell 347: 1384 1385 1386 1387
# cell 348: 1388 1389 1390 1391
# cell 349: 1392 1393 1394 1395
# cell 350: 1396 1397 1398 1399
# cell 351: 1400 1401 1402 1403
# cell 352: 1404 1405 1406 1407
# cell 353: 1408 1409 1410 1411
# cell 354: 1412 1413 1414 1415
# cell 355: 1416 1417 1418 1419
# cell 356: 1420 1421 1422 1423
# cell 357: 1424 1425 1426 1427
# cell 358: 1428 1429 1430 1431
# cell 359: 1432 1433 1434 1435
# cell 360: 1436 1437 1438 1439
# cell 361: 1440 1441 1442 1443
# cell 362: 1444 1445 1446 1447
# cell 363: 1448 1449 1450 1451
# cell 364: 1452 1453 1454 1455
# cell 365: 1456 1457 1458 1459
# cell 366: 1460 1461 1462 1463
# cell 367: 1464 1465 1466 1467
# cell 368: 1468 1469 1470 1471
# cell 369: 1472 1473 1474 1475
# cell 370: 1476 1477 1478 1479
# cell 371: 1480 1481 1482 1483
# cell 372: 1484 1485 1486 1487
# cell 373: 1488 1489 1490 1491
# cell 374: 1492 1493 1494 1495
# cell 375: 1496 1497 1498 1499
# cell 376: 1500 1501 1502 1503
# cell 377: 1504 1505 1506 1507
# cell 378: 1508 1509 1510 1511
# cell 379: 1512 1513 1514 1515
# cell 380: 1516 1517 1518 1519
# cell 381: 1520 1521 1522 1523
# cell 382: 1524 1525 1526 1527
# cell 383: 1528 1529 1530 1531
# cell 384: 1532 1533 1534 1535
# cell 385: 1536 1537 1538 1539
# cell 386: 1540 1541 1542 1543
# cell 387: 1544 1545 1546 1547
# cell 388: 1548 1549 1550 1551
# cell 389: 1552 1553 1554 1555
# cell 390: 1556 1557 1558 1559
# cell 391: 1560 1561 1562 1563
# cell 392: 1564 1565 1566 1567
# cell 393: 1568 1569 1570 1571
# cell 394: 1572 1573 1574 1575
# cell 395: 1576 1577 1578 1579
# cell 396: 1580 1581 1582 1583
# cell 397: 1584 1585 1586 1587
# cell 398: 1588 1589 1590 1591
# cell 399: 1592 1593 1594 1595
# cell 400: 1596 1597 1598 1599
# cell 401: 1600 1601 1602 1603
# cell 402: 1604 1605 1606 1607
# cell 403: 1608 1609 1610 1611
# cell 404: 1612 1613 1614 1615
# cell 405: 1616 1617 1618 1619
# cell 406: 1620 1621 1622 1623
# cell 407: 1624 1625 1626 1627
# cell 408: 1628 1629 1630 1631
# cell 409: 1632 1633 1634 1635
# cell 410: 1636 1637 1638 1639
# cell 411: 1640 1641 1642 1643
# cell 412: 1644 1645 1646 1647
# cell 413: 1648 1649 1650 1651
# cell 414: 1652 1653 1654 1655
# cell 415: 1656 1657 1658 1659
# cell 416: 1660 1661 1662 1663
# cell 417: 1664 1665 1666 1667
# cell 418: 1668 1669 1670 1671
# cell 419: 1672 1673 1674 1675
# cell 420: 1676 1677 1678 1679
# cell 421: 1680 1681 1682 1683
# cell 422: 1684 1685 1686 1687
# cell 423: 1688 1689 1690 1691
# cell 424: 1692 1693 1694 1695
# cell 425: 1696 1697 1698 1699
# cell 426: 1700 1701 1702 1703
# cell 427: 1704 1705 1706 1707
# cell 428: 1708 1709 1710 1711
# cell 429: 1712 1713 1714 1715
# cell 430: 1716 1717 1718 1719
# cell 431: 1720 1721 1722 1723
# cell 432: 1724 1725 1726 1727
# cell 433: 1728 1729 1730 1731
# cell 434: 1732 1733 1734 1735
# cell 435: 1736 1737 1738 1739
# cell 436: 1740 1741 1742 1743
# cell 437: 1744 1745 1746 1747
# cell 438: 1748 1749 1750 1751
# cell 439: 1752 1753 1754 1755
# cell 440: 1756 1757 1758 1759
# cell 441: 1760 1761 1762 1763
# cell 442: 1764 1765 1766 1767
# cell 443: 1768 1769 1770 1771
# cell 444: 1772 1773 1774 1775
# cell 445: 1776 1777 1778 1779
# cell 446: 1780 1781 1782 1783
# cell 447: 1784 1785 1786 1787
# cell 448: 1788 1789 1790 1791
# cell 449: 1792 1793 1794 1795
# cell 450: 1796 1797 1798 1799
# cell 451: 1800 1801 1802 1803
# cell 452: 1804 1805 1806 1807
# cell 453: 1808 1809 1810 1811
# cell 454: 1812 1813 1814 1815
# cell 455: 1816 1817 1818 1819
# cell 456: 1820 1821 1822 1823
# cell 457: 1824 1825 1826 1827
# cell 458: 1828 1829 1830 1831
# cell 459: 1832 1833 1834 1835
# cell 460: 1836 1837 1838 1839
# cell 461: 1840 1841 1842 1843
# cell 462: 1844 1845 1846 1847
# cell 463: 1848 1849 1850 1851
# cell 464: 1852 1853 1854 1855
# cell 465: 1856 1857 1858 1859
# cell 466: 1860 1861 1862 1863
# cell 467: 1864 1865 1866 1867
# cell 468: 1868 1869 1870 1871
# cell 469: 1872 1873 1874 1875
# cell 470: 1876 1877 1878 1879
# cell 471: 1880 1881 1882 1883
# cell 472: 1884 1885 1886 1887
# cell 473: 1888 1889 1890 1891
# cell 474: 1892 1893 1894 1895
# cell 475: 1896 1897 1898 1899
# cell 476: 1900 1901 1902 1903
# cell 477: 1904 1905 1906 1907
# cell 478: 1908 1909 1910 1911
# cell 479: 1912 1913 1914 1915
# cell 480: 1916 1917 1918 1919
# cell 481: 1920 1921 1922 1923
# cell 482: 1924 1925 1926 1927
# cell 483: 1928 1929 1930 1931
# cell 484: 1932 1933 1934 1935
# cell 485: 1936 1937 1938 1939
# cell 486: 1940 1941 1942 1943
# cell 487: 1944 1945 1946 1947
# cell 488: 1948 1949 1950 1951
# cell 489: 1952 1953 1954 1955
# cell 490: 1956 1957 1958 1959
# cell 491: 1960 1961 1962 1963
# cell 492: 1964 1965 1966 1967
# cell 493: 1968 1969 1970 1971
# cell 494: 1972 1973 1974 1975
# cell 495: 1976 1977 1978 1979
# cell 496: 1980 1981 1982 1983
# cell 497: 1984 1985 1986 1987
# cell 498: 1988 1989 1990 1991
# cell 499: 1992 1993 1994 1995
# cell 500: 1996 1997 1998 1999
# cell 501: 2000 2001 2002 2003
# cell 502: 2004 2005 2006 2007
# cell 503: 2008 2009 2010 2011
# cell 504: 2012 2013 2014 2015
# cell 505: 2016 2017 2018 2019
# cell 506: 2020 2021 2022 2023
# cell 507: 2024 2025 2026 2027
# cell 508: 2028 2029 2030 2031
# cell 509: 2032 2033 2034 2035
# cell 510: 2036 2037 2038 2039
# cell 511: 2040 2041 2042 2043
# cell 512: 2044 2045 2046 2047
# cell 513: 2048 2049 2050 2051
# cell 514: 2052 2053 2054 2055
# cell 515: 2056 2057 2058 2059
# cell 516: 2060 2061 2062 2063
# cell 517: 2064 2065 2066 2067
# cell 518: 2068 2069 2070 2071
# cell 519: 2072 2073 2074 2075
# cell 520: 2076 2077 2078 2079
# cell 521: 2080 2081 2082 2083
# cell 522: 2084 2085 2086 2087
# cell 523: 2088 2089 2090 2091
# cell 524: 2092 2093 2094 2095
# cell 525: 2096 2097 2098 2099
# cell 526: 2100 2101 2102 2103
# cell 527: 2104 2105 2106 2107
# cell 528: 2108 2109 2110 2111
# cell 529: 2112 2113 2114 2115
# cell 530: 2116 2117 2118 2119
# cell 531: 2120 2121 2122 2123
# cell 532: 2124 2125 2126 2127
# cell 533: 2128 2129 2130 2131
# cell 534: 2132 2133 2134 2135
# cell 535: 2136 2137 2138 2139
# cell 536: 2140 2141 2142 2143
# cell 537: 2144 2145 2146 2147
# cell 538: 2148 2149 2150 2151
# cell 539: 2152 2153 2154 2155
# cell 540: 2156 2157 2158 2159
# cell 541: 2160 2161 2162 2163
# cell 542: 2164 2165 2166 2167
# cell 543: 2168 2169 2170 2171
# cell 544: 2172 2173 2174 2175
# cell 545: 2176 2177 2178 2179
# cell 546: 2180 2181 2182 2183
# cell 547: 2184 2185 2186 2187
# cell 548: 2188 2189 2190 2191
# cell 549: 2192 2193 2194 2195
# cell 550: 2196 2197 2198 2199
# cell 551: 2200 2201 2202 2203
# cell 552: 2204 2205 2206 2207
# cell 553: 2208 2209 2210 2211
# cell 554: 2212 2213 2214 2215
# cell 555: 2216 2217 2218 2219
# cell 556: 2220 2221 2222 2223
# cell 557: 2224 2225 2226 2227
# cell 558: 2228 2229 2230 2231
# cell 559: 2232 2233 2234 2235
# cell 560: 2236 2237 2238 2239
# cell 561: 2240 2241 2242 2243
# cell 562: 2244 2245 2246 2247
# cell 563: 2248 2249 2250 2251
# cell 564: 2252 2253 2254 2255
# cell 565: 2256 2257 2258 2259
# cell 566: 2260 2261 2262 2263
# cell 567: 2264 2265 2266 2267
# cell 568: 2268 2269 2270 2271
# cell 569: 2272 2273 2274 2275
# cell 570: 2276 2277 2278 2279
# cell 571: 2280 2281 2282 2283
# cell 572: 2284 2285 2286 2287
# cell 573: 2288 2289 2290 2291
# cell 574: 2292 2293 2294 2295
# cell 575: 2296 2297 2298 2299
# cell 576: 2300 2301 2302 2303
# cell 577: 2304 2305 2306 2307
# cell 578: 2308 2309 2310 2311
# cell 579: 2312 2313 2314 2315
# cell 580: 2316 2317 2318 2319
# cell 581: 2320 2321 2322 2323
# cell 582: 2324 2325 2326 2327
# cell 583: 2328 2329 2330 2331
# cell 584: 2332 2333 2334 2335
# cell 585: 2336 2337 2338 2339
# cell 586: 2340 2341 2342 2343
# cell 587: 2344 2345 2346 2347
# cell 588: 2348 2349 2350 2351
# cell 589: 2352 2353 2354 2355
# cell 590: 2356 2357 2358 2359
# cell 591: 2360 2361 2362 2363
# cell 592: 2364 2365 2366 2367
# cell 593: 2368 2369 2370 2371
# cell 594: 2372 2373 2374 2375
# cell 595: 2376 2377 2378 2379
# cell 596: 2380 2381 2382 2383
# cell 597: 2384 2385 2386 2387
# cell 598: 2388 2389 2390 2391
# cell 599: 2392 2393 2394 2395
# cell 600: 2396 2397 2398 2399
# cell 601: 2400 2401 2402 2403 2404 2405 2406 2407 2408 2409 2410 2411 2412 2413 2414 2415 2416 2417 2418 2419 2420 2421 2422 2423 2424 2425 2426 2427 2428 2429 2430 2431
# cell 602: 2432 2433 2434 2435 2436 2437 2438 2439 2440 2441 2442 2443 2444 2445 2446 2447 2448 2449 2450 2451 2452 2453 2454 2455 2456 2457 2458 2459 2460 2461 2462 2463
# cell 603: 2464 2465 2466 2467 2468 2469 2470 2471 2472 2473 2474 2475 2476 2477 2478 2479 2480 2481 2482 2483 2484 2485 2486 2487 2488 2489 2490 2491 2492 2493 2494 2495
# cell 604: 2496 2497 2498 2499 2500 2501 2502 2503 2504 2505 2506 2507 2508 2509 2510 2511 2512 2513 2514 2515 2516 2517 2518 2519 2520 2521 2522 2523 2524 2525 2526 2527
# cell 605: 2528 2529 2530 2531 2532 2533 2534 2535 2536 2537 2538 2539 2540 2541 2542 2543 2544 2545 2546 2547 2548 2549 2550 2551 2552 2553 2554 2555 2556 2557 2558 2559
# cell 606: 2560 2561 2562 2563 2564 2565 2566 2567 2568 2569 2570 2571 2572 2573 2574 2575 2576 2577 2578 2579 2580 2581 2582 2583 2584 2585 2586 2587 2588 2589 2590 2591
# cell 607: 2592 2593 2594 2595 2596 2597 2598 2599 2600 2601 2602 2603 2604 2605 2606 2607 2608 2609 2610 2611 2612 2613 2614 2615 2616 2617 2618 2619 2620 2621 2622 2623
# cell 608: 2624 2625 2626 2627 2628 2629 2630 2631 2632 2633 2634 2635 2636 2637 2638 2639 2640 2641 2642 2643 2644 2645 2646 2647 2648 2649 2650 2651 2652 2653 2654 2655
# cell 609: 2656 2657 2658 2659 2660 2661 2662 2663 2664 2665 2666 2667 2668 2669 2670 2671 2672 2673 2674 2675 2676 2677 2678 2679 2680 2681 2682 2683 2684 2685 2686 2687
# cell 610: 2688 2689 2690 2691 2692 2693 2694 2695 2696 2697 2698 2699 2700 2701 2702 2703 2704 2705 2706 2707 2708 2709 2710 2711 2712 2713 2714 2715 2716 2717 2718 2719
# cell 611: 2720 2721 2722 2723 2724 2725 2726 2727 2728 2729 2730 2731 2732 2733 2734 2735 2736 2737 2738 2739 2740 2741 2742 2743 2744 2745 2746 2747 2748 2749 2750 2751
# cell 612: 2752 2753 2754 2755 2756 2757 2758 2759 2760 2761 2762 2763 2764 2765 2766 2767 2768 2769 2770 2771 2772 2773 2774 2775 2776 2777 2778 2779 2780 2781 2782 2783
# cell 613: 2784 2785 2786 2787 2788 2789 2790 2791 2792 2793 2794 2795 2796 2797 2798 2799 2800 2801 2802 2803 2804 2805 2806 2807 2808 2809 2810 2811 2812 2813 2814 2815
# cell 614: 2816 2817 2818 2819 2820 2821 2822 2823 2824 2825 2826 2827 2828 2829 2830 2831 2832 2833 2834 2835 2836 2837 2838 2839 2840 2841 2842 2843 2844 2845 2846 2847
# cell 615: 2848 2849 2850 2851 2852 2853 2854 2855 2856 2857 2858 2859 2860 2861 2862 2863 2864 2865 2866 2867 2868 2869 2870 2871 2872 2873 2874 2875 2876 2877 2878 2879
# cell 616: 2880 2881 2882 2883 2884 2885 2886 2887 2888 2889 2890 2891 2892 2893 2894 2895 2896 2897 2898 2899 2900 2901 2902 2903 2904 2905 2906 2907 2908 2909 2910 2911
# cell 617: 2912 2913 2914 2915 2916 2917 2918 2919 2920 2921 2922 2923 2924 2925 2926 2927 2928 2929 2930 2931 2932 2933 2934 2935 2936 2937 2938 2939 2940 2941 2942 2943
# cell 618: 2944 2945 2946 2947 2948 2949 2950 2951 2952 2953 2954 2955 2956 2957 2958 2959 2960 2961 2962 2963 2964 2965 2966 2967 2968 2969 2970 2971 2972 2973 2974 2975
# cell 619: 2976 2977 2978 2979 2980 2981 2982 2983 2984 2985 2986 2987 2988 2989 2990 2991 2992 2993 2994 2995 2996 2997 2998 2999 3000 3001 3002 3003 3004 3005 3006 3007
# cell 620: 3008 3009 3010 3011 3012 3013 3014 3015 3016 3017 3018 3019 3020 3021 3022 3023 3024 3025 3026 3027 3028 3029 3030 3031 3032 3033 3034 3035 3036 3037 3038 3039
# cell 621: 3040 3041 3042 3043 3044 3045 3046 3047 3048 3049 3050 3051 3052 3053 3054 3055 3056 3057 3058 3059 3060 3061 3062 3063 3064 3065 3066 3067 3068 3069 3070 3071
# cell 622: 3072 3073 3074 3075 3076 3077 3078 3079 3080 3081 3082 3083 3084 3085 3086 3087 3088 3089 3090 3091 3092 3093 3094 3095 3096 3097 3098 3099 3100 3101 3102 3103
# cell 623: 3104 3105 3106 3107 3108 3109 3110 3111 3112 3113 3114 3115 3116 3117 3118 3119 3120 3121 3122 3123 3124 3125 3126 3127 3128 3129 3130 3131 3132 3133 3134 3135
# cell 624: 3136 3137 3138 3139 3140 3141 3142 3143 3144 3145 3146 3147 3148 3149 3150 3151 3152 3153 3154 3155 3156 3157 3158 3159 3160 3161 3162 3163 3164 3165 3166 3167
# cell 625: 3168 3169 3170 3171 3172 3173 3174 3175 3176 3177 3178 3179 3180 3181 3182 3183 3184 3185 3186 3187 3188 3189 3190 3191 3192 3193 3194 3195 3196 3197 3198 3199
# cell 626: 3200 3201 3202 3203 3204 3205 3206 3207 3208 3209 3210 3211 3212 3213 3214 3215 3216 3217 3218 3219 3220 3221 3222 3223 3224 3225 3226 3227 3228 3229 3230 3231
# cell 627: 3232 3233 3234 3235 3236 3237 3238 3239 3240 3241 3242 3243 3244 3245 3246 3247 3248 3249 3250 3251 3252 3253 3254 3255 3256 3257 3258 3259 3260 3261 3262 3263
# cell 628: 3264 3265 3266 3267 3268 3269 3270 3271 3272 3273 3274 3275 3276 3277 3278 3279 3280 3281 3282 3283 3284 3285 3286 3287 3288 3289 3290 3291 3292 3293 3294 3295
# cell 629: 3296 3297 3298 3299 3300 3301 3302 3303 3304 3305 3306 3307 3308 3309 3310 3311 3312 3313 3314 3315 3316 3317 3318 3319 3320 3321 3322 3323 3324 3325 3326 3327
# cell 630: 3328 3329 3330 3331 3332 3333 3334 3335 3336 3337 3338 3339 3340 3341 3342 3343 3344 3345 3346 3347 3348 3349 3350 3351 3352 3353 3354 3355 3356 3357 3358 3359
# cell 631: 3360 3361 3362 3363 3364 3365 3366 3367 3368 3369 3370 3371 3372 3373 3374 3375 3376 3377 3378 3379 3380 3381 3382 3383 3384 3385 3386 3387 3388 3389 3390 3391
# cell 632: 3392 3393 3394 3395 3396 3397 3398 3399 3400 3401 3402 3403 3404 3405 3406 3407 3408 3409 3410 3411 3412 3413 3414 3415 3416 3417 3418 3419 3420 3421 3422 3423
# cell 633: 3424 3425 3426 3427 3428 3429 3430 3431 3432 3433 3434 3435 3436 3437 3438 3439 3440 3441 3442 3443 3444 3445 3446 3447 3448 3449 3450 3451 3452 3453 3454 3455
# cell 634: 3456 3457 3458 3459 3460 3461 3462 3463 3464 3465 3466 3467 3468 3469 3470 3471 3472 3473 3474 3475 3476 3477 3478 3479 3480 3481 3482 3483 3484 3485 3486 3487
# cell 635: 3488 3489 3490 3491 3492 3493 3494 3495 3496 3497 3498 3499 3500 3501 3502 3503 3504 3505 3506 3507 3508 3509 3510 3511 3512 3513 3514 3515 3516 3517 3518 3519
# cell 636: 3520 3521 3522 3523 3524 3525 3526 3527 3528 3529 3530 3531 3532 3533 3534 3535 3536 3537 3538 3539 3540 3541 3542 3543 3544 3545 3546 3547 3548 3549 3550 3551
# cell 637: 3552 3553 3554 3555 3556 3557 3558 3559 3560 3561 3562 3563 3564 3565 3566 3567 3568 3569 3570 3571 3572 3573 3574 3575 3576 3577 3578 3579 3580 3581 3582 3583
# cell 638: 3584 3585 3586 3587 3588 3589 3590 3591 3592 3593 3594 3595 3596 3597 3598 3599 3600 3601 3602 3603 3604 3605 3606 3607 3608 3609 3610 3611 3612 3613 3614 3615
# cell 639: 3616 3617 3618 3619 3620 3621 3622 3623 3624 3625 3626 3627 3628 3629 3630 3631 3632 3633 3634 3635 3636 3637 3638 3639 3640 3641 3642 3643 3644 3645 3646 3647
# cell 640: 3648 3649 3650 3651 3652 3653 3654 3655 3656 3657 3658 3659 3660 3661 3662 3663 3664 3665 3666 3667 3668 3669 3670 3671 3672 3673 3674 3675 3676 3677 3678 3679
# cell 641: 3680 3681 3682 3683 3684 3685 3686 3687 3688 3689 3690 3691 3692 3693 3694 3695 3696 3697 3698 3699 3700 3701 3702 3703 3704 3705 3706 3707 3708 3709 3710 3711
# cell 642: 3712 3713 3714 3715 3716 3717 3718 3719 3720 3721 3722 3723 3724 3725 3726 3727 3728 3729 3730 3731 3732 3733 3734 3735 3736 3737 3738 3739 3740 3741 3742 3743
# cell 643: 3744 3745 3746 3747 3748 3749 3750 3751 3752 3753 3754 3755 3756 3757 3758 3759 3760 3761 3762 3763 3764 3765 3766 3767 3768 3769 3770 3771 3772 3773 3774 3775
# cell 644: 3776 3777 3778 3779 3780 3781 3782 3783 3784 3785 3786 3787 3788 3789 3790 3791 3792 3793 3794 3795 3796 3797 3798 3799 3800 3801 3802 3803 3804 3805 3806 3807
# cell 645: 3808 3809 3810 3811 3812 3813 3814 3815 3816 3817 3818 3819 3820 3821 3822 3823 3824 3825 3826 3827 3828 3829 3830 3831 3832 3833 3834 3835 3836 3837 3838 3839
# cell 646: 3840 3841 3842 3843 3844 3845 3846 3847 3848 3849 3850 3851 3852 3853 3854 3855 3856 3857 3858 3859 3860 3861 3862 3863 3864 3865 3866 3867 3868 3869 3870 3871
# cell 647: 3872 3873 3874 3875 3876 3877 3878 3879 3880 3881 3882 3883 3884 3885 3886 3887 3888 3889 3890 3891 3892 3893 3894 3895 3896 3897 3898 3899 3900 3901 3902 3903
# cell 648: 3904 3905 3906 3907 3908 3909 3910 3911 3912 3913 3914 3915 3916 3917 3918 3919 3920 3921 3922 3923 3924 3925 3926 3927 3928 3929 3930 3931 3932 3933 3934 3935
# cell 649: 3936 3937 3938 3939 3940 3941 3942 3943 3944 3945 3946 3947 3948 3949 3950 3951 3952 3953 3954 3955 3956 3957 3958 3959 3960 3961 3962 3963 3964 3965 3966 3967
# cell 650: 3968 3969 3970 3971 3972 3973 3974 3975 3976 3977 3978 3979 3980 3981 3982 3983 3984 3985 3986 3987 3988 3989 3990 3991 3992 3993 3994 3995 3996 3997 3998 3999
# cell 651: 4000 4001 4002 4003 4004 4005 4006 4007 4008 4009 4010 4011 4012 4013 4014 4015 4016 4017 4018 4019 4020 4021 4022 4023 4024 4025 4026 4027 4028 4029 4030 4031
# cell 652: 4032 4033 4034 4035 4036 4037 4038 4039 4040 4041 4042 4043 4044 4045 4046 4047 4048 4049 4050 4051 4052 4053 4054 4055 4056 4057 4058 4059 4060 4061 4062 4063
# cell 653: 4064 4065 4066 4067 4068 4069 4070 4071 4072 4073 4074 4075 4076 4077 4078 4079 4080 4081 4082 4083 4084 4085 4086 4087 4088 4089 4090 4091 4092 4093 4094 4095
# cell 654: 4096 4097 4098 4099 4100 4101 4102 4103 4104 4105 4106 4107 4108 4109 4110 4111 4112 4113 4114 4115 4116 4117 4118 4119 4120 4121 4122 4123 4124 4125 4126 4127
# cell 655: 4128 4129 4130 4131 4132 4133 4134 4135 4136 4137 4138 4139 4140 4141 4142 4143 4144 4145 4146 4147 4148 4149 4150 4151 4152 4153 4154 4155 4156 4157 4158 4159
# cell 656: 4160 4161 4162 4163 4164 4165 4166 4167 4168 4169 4170 4171 4172 4173 4174 4175 4176 4177 4178 4179 4180 4181 4182 4183 4184 4185 4186 4187 4188 4189 4190 4191
# cell 657: 4192 4193 4194 4195 4196 4197 4198 4199 4200 4201 4202 4203 4204 4205 4206 4207 4208 4209 4210 4211 4212 4213 4214 4215 4216 4217 4218 4219 4220 4221 4222 4223
# cell 658: 4224 4225 4226 4227 4228 4229 4230 4231 4232 4233 4234 4235 4236 4237 4238 4239 4240 4241 4242 4243 4244 4245 4246 4247 4248 4249 4250 4251 4252 4253 4254 4255
# cell 659: 4256 4257 4258 4259 4260 4261 4262 4263 4264 4265 4266 4267 4268 4269 4270 4271 4272 4273 4274 4275 4276 4277 4278 4279 4280 4281 4282 4283 4284 4285 4286 4287
# cell 660: 4288 4289 4290 4291 4292 4293 4294 4295 4296 4297 4298 4299 4300 4301 4302 4303 4304 4305 4306 4307 4308 4309 4310 4311 4312 4313 4314 4315 4316 4317 4318 4319
# cell 661: 4320 4321 4322 4323 4324 4325 4326 4327 4328 4329 4330 4331 4332 4333 4334 4335 4336 4337 4338 4339 4340 4341 4342 4343 4344 4345 4346 4347 4348 4349 4350 4351
# cell 662: 4352 4353 4354 4355 4356 4357 4358 4359 4360 4361 4362 4363 4364 4365 4366 4367 4368 4369 4370 4371 4372 4373 4374 4375 4376 4377 4378 4379 4380 4381 4382 4383
# cell 663: 4384 4385 4386 4387 4388 4389 4390 4391 4392 4393 4394 4395 4396 4397 4398 4399 4400 4401 4402 4403 4404 4405 4406 4407 4408 4409 4410 4411 4412 4413 4414 4415
# cell 664: 4416 4417 4418 4419 4420 4421 4422 4423 4424 4425 4426 4427 4428 4429 4430 4431 4432 4433 4434 4435 4436 4437 4438 4439 4440 4441 4442 4443 4444 4445 4446 4447
# cell 665: 4448 4449 4450 4451 4452 4453 4454 4455 4456 4457 4458 4459 4460 4461 4462 4463 4464 4465 4466 4467 4468 4469 4470 4471 4472 4473 4474 4475 4476 4477 4478 4479
# cell 666: 4480 4481 4482 4483 4484 4485 4486 4487 4488 4489 4490 4491 4492 4493 4494 4495 4496 4497 4498 4499 4500 4501 4502 4503 4504 4505 4506 4507 4508 4509 4510 4511
# cell 667: 4512 4513 4514 4515 4516 4517 4518 4519 4520 4521 4522 4523 4524 4525 4526 4527 4528 4529 4530 4531 4532 4533 4534 4535 4536 4537 4538 4539 4540 4541 4542 4543
# cell 668: 4544 4545 4546 4547 4548 4549 4550 4551 4552 4553 4554 4555 4556 4557 4558 4559 4560 4561 4562 4563 4564 4565 4566 4567 4568 4569 4570 4571 4572 4573 4574 4575
# cell 669: 4576 4577 4578 4579 4580 4581 4582 4583 4584 4585 4586 4587 4588 4589 4590 4591 4592 4593 4594 4595 4596 4597 4598 4599 4600 4601 4602 4603 4604 4605 4606 4607
# cell 670: 4608 4609 4610 4611 4612 4613 4614 4615 4616 4617 4618 4619 4620 4621 4622 4623 4624 4625 4626 4627 4628 4629 4630 4631 4632 4633 4634 4635 4636 4637 4638 4639
# cell 671: 4640 4641 4642 4643 4644 4645 4646 4647 4648 4649 4650 4651 4652 4653 4654 4655 4656 4657 4658 4659 4660 4661 4662 4663 4664 4665 4666 4667 4668 4669 4670 4671
# cell 672: 4672 4673 4674 4675 4676 4677 4678 4679 4680 4681 4682 4683 4684 4685 4686 4687 4688 4689 4690 4691 4692 4693 4694 4695 4696 4697 4698 4699 4700 4701 4702 4703
# cell 673: 4704 4705 4706 4707 4708 4709 4710 4711 4712 4713 4714 4715 4716 4717 4718 4719 4720 4721 4722 4723 4724 4725 4726 4727 4728 4729 4730 4731 4732 4733 4734 4735
# cell 674: 4736 4737 4738 4739 4740 4741 4742 4743 4744 4745 4746 4747 4748 4749 4750 4751 4752 4753 4754 4755 4756 4757 4758 4759 4760 4761 4762 4763 4764 4765 4766 4767
# cell 675: 4768 4769 4770 4771 4772 4773 4774 4775 4776 4777 4778 4779 4780 4781 4782 4783 4784 4785 4786 4787 4788 4789 4790 4791 4792 4793 4794 4795 4796 4797 4798 4799
# cell 676: 4800 4801 4802 4803 4804 4805 4806 4807 4808 4809 4810 4811 4812 4813 4814 4815 4816 4817 4818 4819 4820 4821 4822 4823 4824 4825 4826 4827 4828 4829 4830 4831
# cell 677: 4832 4833 4834 4835 4836 4837 4838 4839 4840 4841 4842 4843 4844 4845 4846 4847 4848 4849 4850 4851 4852 4853 4854 4855 4856 4857 4858 4859 4860 4861 4862 4863
# cell 678: 4864 4865 4866 4867 4868 4869 4870 4871 4872 4873 4874 4875 4876 4877 4878 4879 4880 4881 4882 4883 4884 4885 4886 4887 4888 4889 4890 4891 4892 4893 4894 4895
# cell 679: 4896 4897 4898 4899 4900 4901 4902 4903 4904 4905 4906 4907 4908 4909 4910 4911 4912 4913 4914 4915 4916 4917 4918 4919 4920 4921 4922 4923 4924 4925 4926 4927
# cell 680: 4928 4929 4930 4931 4932 4933 4934 4935 4936 4937 4938 4939 4940 4941 4942 4943 4944 4945 4946 4947 4948 4949 4950 4951 4952 4953 4954 4955 4956 4957 4958 4959
# cell 681: 4960 4961 4962 4963 4964 4965 4966 4967 4968 4969 4970 4971 4972 4973 4974 4975 4976 4977 4978 4979 4980 4981 4982 4983 4984 4985 4986 4987 4988 4989 4990 4991
# cell 682: 4992 4993 4994 4995 4996 4997 4998 4999 5000 5001 5002 5003 5004 5005 5006 5007 5008 5009 5010 5011 5012 5013 5014 5015 5016 5017 5018 5019 5020 5021 5022 5023
# cell 683: 5024 5025 5026 5027 5028 5029 5030 5031 5032 5033 5034 5035 5036 5037 5038 5039 5040 5041 5042 5043 5044 5045 5046 5047 5048 5049 5050 5051 5052 5053 5054 5055
# cell 684: 5056 5057 5058 5059 5060 5061 5062 5063 5064 5065 5066 5067 5068 5069 5070 5071 5072 5073 5074 5075 5076 5077 5078 5079 5080 5081 5082 5083 5084 5085 5086 5087
# cell 685: 5088 5089 5090 5091 5092 5093 5094 5095 5096 5097 5098 5099 5100 5101 5102 5103 5104 5105 5106 5107 5108 5109 5110 5111 5112 5113 5114 5115 5116 5117 5118 5119
# cell 686: 5120 5121 5122 5123 5124 5125 5126 5127 5128 5129 5130 5131 5132 5133 5134 5135 5136 5137 5138 5139 5140 5141 5142 5143 5144 5145 5146 5147 5148 5149 5150 5151
# cell 687: 5152 5153 5154 5155 5156 5157 5158 5159 5160 5161 5162 5163 5164 5165 5166 5167 5168 5169 5170 5171 5172 5173 5174 5175 5176 5177 5178 5179 5180 5181 5182 5183
# cell 688: 5184 5185 5186 5187 5188 5189 5190 5191 5192 5193 5194 5195 5196 5197 5198 5199 5200 5201 5202 5203 5204 5205 5206 5207 5208 5209 5210 5211 5212 5213 5214 5215
# cell 689: 5216 5217 5218 5219 5220 5221 5222 5223 5224 5225 5226 5227 5228 5229 5230 5231 5232 5233 5234 5235 5236 5237 5238 5239 5240 5241 5242 5243 5244 5245 5246 5247
# cell 690: 5248 5249 5250 5251 5252 5253 5254 5255 5256 5257 5258 5259 5260 5261 5262 5263 5264 5265 5266 5267 5268 5269 5270 5271 5272 5273 5274 5275 5276 5277 5278 5279
# cell 691: 5280 5281 5282 5283 5284 5285 5286 5287 5288 5289 5290 5291 5292 5293 5294 5295 5296 5297 5298 5299 5300 5301 5302 5303 5304 5305 5306 5307 5308 5309 5310 5311
# cell 692: 5312 5313 5314 5315 5316 5317 5318 5319 5320 5321 5322 5323 5324 5325 5326 5327 5328 5329 5330 5331 5332 5333 5334 5335 5336 5337 5338 5339 5340 5341 5342 5343
# cell 693: 5344 5345 5346 5347 5348 5349 5350 5351 5352 5353 5354 5355 5356 5357 5358 5359 5360 5361 5362 5363 5364 5365 5366 5367 5368 5369 5370 5371 5372 5373 5374 5375
# cell 694: 5376 5377 5378 5379 5380 5381 5382 5383 5384 5385 5386 5387 5388 5389 5390 5391 5392 5393 5394 5395 5396 5397 5398 5399 5400 5401 5402 5403 5404 5405 5406 5407
# cell 695: 5408 5409 5410 5411 5412 5413 5414 5415 5416 5417 5418 5419 5420 5421 5422 5423 5424 5425 5426 5427 5428 5429 5430 5431 5432 5433 5434 5435 5436 5437 5438 5439
# cell 696: 5440 5441 5442 5443 5444 5445 5446 5447 5448 5449 5450 5451 5452 5453 5454 5455 5456 5457 5458 5459 5460 5461 5462 5463 5464 5465 5466 5467 5468 5469 5470 5471
# cell 697: 5472 5473 5474 5475 5476 5477 5478 5479 5480 5481 5482 5483 5484 5485 5486 5487 5488 5489 5490 5491 5492 5493 5494 5495 5496 5497 5498 5499 5500 5501 5502 5503
# cell 698: 5504 5505 5506 5507 5508 5509 5510 5511 5512 5513 5514 5515 5516 5517 5518 5519 5520 5521 5522 5523 5524 5525 5526 5527 5528 5529 5530 5531 5532 5533 5534 5535
# cell 699: 5536 5537 5538 5539 5540 5541 5542 5543 5544 5545 5546 5547 5548 5549 5550 5551 5552 5553 5554 5555 5556 5557 5558 5559 5560 5561 5562 5563 5564 5565 5566 5567
# cell 700: 5568 5569 5570 5571 5572 5573 5574 5575 5576 5577 5578 5579 5580 5581 5582 5583 5584 5585 5586 5587 5588 5589 5590 5591 5592 5593 5594 5595 5596 5597 5598 5599
# cell 701: 5600 5601 5602 5603 5604 5605 5606 5607 5608 5609 5610 5611 5612 5613 5614 5615 5616 5617 5618 5619 5620 5621 5622 5623 5624 5625 5626 5627 5628 5629 5630 5631
# cell 702: 5632 5633 5634 5635 5636 5637 5638 5639 5640 5641 5642 5643 5644 5645 5646 5647 5648 5649 5650 5651 5652 5653 5654 5655 5656 5657 5658 5659 5660 5661 5662 5663
# cell 703: 5664 5665 5666 5667 5668 5669 5670 5671 5672 5673 5674 5675 5676 5677 5678 5679 5680 5681 5682 5683 5684 5685 5686 5687 5688 5689 5690 5691 5692 5693 5694 5695
# cell 704: 5696 5697 5698 5699 5700 5701 5702 5703 5704 5705 5706 5707 5708 5709 5710 5711 5712 5713 5714 5715 5716 5717 5718 5719 5720 5721 5722 5723 5724 5725 5726 5727
# cell 705: 5728 5729 5730 5731 5732 5733 5734 5735 5736 5737 5738 5739 5740 5741 5742 5743 5744 5745 5746 5747 5748 5749 5750 5751 5752 5753 5754 5755 5756 5757 5758 5759
# cell 706: 5760 5761 5762 5763 5764 5765 5766 5767 5768 5769 5770 5771 5772 5773 5774 5775 5776 5777 5778 5779 5780 5781 5782 5783 5784 5785 5786 5787 5788 5789 5790 5791
# cell 707: 5792 5793 5794 5795 5796 5797 5798 5799 5800 5801 5802 5803 5804 5805 5806 5807 5808 5809 5810 5811 5812 5813 5814 5815 5816 5817 5818 5819 5820 5821 5822 5823
# cell 708: 5824 5825 5826 5827 5828 5829 5830 5831 5832 5833 5834 5835 5836 5837 5838 5839 5840 5841 5842 5843 5844 5845 5846 5847 5848 5849 5850 5851 5852 5853 5854 5855
# cell 709: 5856 5857 5858 5859 5860 5861 5862 5863 5864 5865 5866 5867 5868 5869 5870 5871 5872 5873 5874 5875 5876 5877 5878 5879 5880 5881 5882 5883 5884 5885 5886 5887
# cell 710: 5888 5889 5890 5891 5892 5893 5894 5895 5896 5897 5898 5899 5900 5901 5902 5903 5904 5905 5906 5907 5908 5909 5910 5911 5912 5913 5914 5915 5916 5917 5918 5919
# cell 711: 5920 5921 5922 5923 5924 5925 5926 5927 5928 5929 5930 5931 5932 5933 5934 5935 5936 5937 5938 5939 5940 5941 5942 5943 5944 5945 5946 5947 5948 5949 5950 5951
# cell 712: 5952 5953 5954 5955 5956 5957 5958 5959 5960 5961 5962 5963 5964 5965 5966 5967 5968 5969 5970 5971 5972 5973 5974 5975 5976 5977 5978 5979 5980 5981 5982 5983
# cell 713: 5984 5985 5986 5987 5988 5989 5990 5991 5992 5993 5994 5995 5996 5997 5998 5999 6000 6001 6002 6003 6004 6005 6006 6007 6008 6009 6010 6011 6012 6013 6014 6015
# cell 714: 6016 6017 6018 6019 6020 6021 6022 6023 6024 6025 6026 6027 6028 6029 6030 6031 6032 6033 6034 6035 6036 6037 6038 6039 6040 6041 6042 6043 6044 6045 6046 6047
# cell 715: 6048 6049 6050 6051 6052 6053 6054 6055 6056 6057 6058 6059 6060 6061 6062 6063 6064 6065 6066 6067 6068 6069 6070 6071 6072 6073 6074 6075 6076 6077 6078 6079
# cell 716: 6080 6081 6082 6083 6084 6085 6086 6087 6088 6089 6090 6091 6092 6093 6094 6095 6096 6097 6098 6099 6100 6101 6102 6103 6104 6105 6106 6107 6108 6109 6110 6111
# cell 717: 6112 6113 6114 6115 6116 6117 6118 6119 6120 6121 6122 6123 6124 6125 6126 6127 6128 6129 6130 6131 6132 6133 6134 6135 6136 6137 6138 6139 6140 6141 6142 6143
# cell 718: 6144 6145 6146 6147 6148 6149 6150 6151 6152 6153 6154 6155 6156 6157 6158 6159 6160 6161 6162 6163 6164 6165 6166 6167 6168 6169 6170 6171 6172 6173 6174 6175
# cell 719: 6176 6177 6178 6179 6180 6181 6182 6183 6184 6185 6186 6187 6188 6189 6190 6191 6192 6193 6194 6195 6196 6197 6198 6199 6200 6201 6202 6203 6204 6205 6206 6207
# cell 720: 6208 6209 6210 6211 6212 6213 6214 6215 6216 6217 6218 6219 6220 6221 6222 6223 6224 6225 6226 6227 6228 6229 6230 6231 6232 6233 6234 6235 6236 6237 6238 6239